Env_ID,Waypoint,Angle_X,Pos_X,Pos_Y,Pos_Z,Error_mm,Manipulability_Index
0,waypoint_01,-30.0,0.2632395638957761,-0.8322438621242686,1.0638120569246137,4950.083255767822,0.0
1,waypoint_01,-30.0,0.2632395638957761,-0.8322438621242686,1.0638120569246137,3273.4155654907227,0.0
2,waypoint_01,-30.0,0.2632395638957761,-0.8322438621242686,1.0638120569246137,2983.8995933532715,0.0
3,waypoint_01,-30.0,0.2632395638957761,-0.8322438621242686,1.0638120569246137,1171.8099117279053,0.0
4,waypoint_01,-30.0,0.2632395638957761,-0.8322438621242686,1.0638120569246137,1309.6846342086792,0.0
5,waypoint_01,-30.0,0.2632395638957761,-0.8322438621242686,1.0638120569246137,2285.066604614258,0.0
6,waypoint_01,-30.0,0.2632395638957761,-0.8322438621242686,1.0638120569246137,1931.3068389892578,0.0
7,waypoint_01,-30.0,0.2632395638957761,-0.8322438621242686,1.0638120569246137,1629.7975778579712,0.0
8,waypoint_01,-30.0,0.2632395638957761,-0.8322438621242686,1.0638120569246137,504.9022436141968,0.0
9,waypoint_01,-30.0,0.2632395638957761,-0.8322438621242686,1.0638120569246137,449.0690529346466,0.0
10,waypoint_01,-30.0,0.2632395638957761,-0.8322438621242686,1.0638120569246137,614.2798662185669,0.0
11,waypoint_01,-30.0,0.2632395638957761,-0.8322438621242686,1.0638120569246137,390.63864946365356,0.0
12,waypoint_01,-30.0,0.2632395638957761,-0.8322438621242686,1.0638120569246137,359.8895072937012,0.0
13,waypoint_01,-30.0,0.2632395638957761,-0.8322438621242686,1.0638120569246137,407.6323211193085,0.0
14,waypoint_01,-30.0,0.2632395638957761,-0.8322438621242686,1.0638120569246137,496.40917778015137,0.0
0,waypoint_01,-15.0,0.2632395638957761,-0.8322438621242686,1.0638120569246137,4780.3778648376465,0.0
1,waypoint_01,-15.0,0.2632395638957761,-0.8322438621242686,1.0638120569246137,3275.322437286377,0.0
2,waypoint_01,-15.0,0.2632395638957761,-0.8322438621242686,1.0638120569246137,2964.738607406616,0.0
3,waypoint_01,-15.0,0.2632395638957761,-0.8322438621242686,1.0638120569246137,1285.282850265503,0.0
4,waypoint_01,-15.0,0.2632395638957761,-0.8322438621242686,1.0638120569246137,1305.2958250045776,0.0
5,waypoint_01,-15.0,0.2632395638957761,-0.8322438621242686,1.0638120569246137,2257.406234741211,0.0
6,waypoint_01,-15.0,0.2632395638957761,-0.8322438621242686,1.0638120569246137,1941.1330223083496,0.0
7,waypoint_01,-15.0,0.2632395638957761,-0.8322438621242686,1.0638120569246137,1660.286784172058,0.0
8,waypoint_01,-15.0,0.2632395638957761,-0.8322438621242686,1.0638120569246137,511.823832988739,0.0
9,waypoint_01,-15.0,0.2632395638957761,-0.8322438621242686,1.0638120569246137,479.44140434265137,0.0
10,waypoint_01,-15.0,0.2632395638957761,-0.8322438621242686,1.0638120569246137,370.8652853965759,0.0
11,waypoint_01,-15.0,0.2632395638957761,-0.8322438621242686,1.0638120569246137,377.4226903915405,0.0
12,waypoint_01,-15.0,0.2632395638957761,-0.8322438621242686,1.0638120569246137,359.4474494457245,0.0
13,waypoint_01,-15.0,0.2632395638957761,-0.8322438621242686,1.0638120569246137,403.1514823436737,0.0
14,waypoint_01,-15.0,0.2632395638957761,-0.8322438621242686,1.0638120569246137,716.388463973999,0.0
0,waypoint_01,0.0,0.2632395638957761,-0.8322438621242686,1.0638120569246137,4689.362049102783,0.0
1,waypoint_01,0.0,0.2632395638957761,-0.8322438621242686,1.0638120569246137,3277.653455734253,0.0
2,waypoint_01,0.0,0.2632395638957761,-0.8322438621242686,1.0638120569246137,3169.837236404419,0.0
3,waypoint_01,0.0,0.2632395638957761,-0.8322438621242686,1.0638120569246137,1381.3759088516235,0.0
4,waypoint_01,0.0,0.2632395638957761,-0.8322438621242686,1.0638120569246137,1307.5679540634155,0.0
5,waypoint_01,0.0,0.2632395638957761,-0.8322438621242686,1.0638120569246137,2197.0813274383545,0.0
6,waypoint_01,0.0,0.2632395638957761,-0.8322438621242686,1.0638120569246137,1964.596152305603,0.0
7,waypoint_01,0.0,0.2632395638957761,-0.8322438621242686,1.0638120569246137,1590.4316902160645,0.0
8,waypoint_01,0.0,0.2632395638957761,-0.8322438621242686,1.0638120569246137,513.8112902641296,0.0
9,waypoint_01,0.0,0.2632395638957761,-0.8322438621242686,1.0638120569246137,544.3021655082703,0.0
10,waypoint_01,0.0,0.2632395638957761,-0.8322438621242686,1.0638120569246137,275.86957812309265,0.0
11,waypoint_01,0.0,0.2632395638957761,-0.8322438621242686,1.0638120569246137,490.6117022037506,0.0
12,waypoint_01,0.0,0.2632395638957761,-0.8322438621242686,1.0638120569246137,939.8530125617981,0.0
13,waypoint_01,0.0,0.2632395638957761,-0.8322438621242686,1.0638120569246137,955.6141495704651,0.0
14,waypoint_01,0.0,0.2632395638957761,-0.8322438621242686,1.0638120569246137,934.1621398925781,0.0
0,waypoint_01,15.0,0.2632395638957761,-0.8322438621242686,1.0638120569246137,4464.295864105225,0.0
1,waypoint_01,15.0,0.2632395638957761,-0.8322438621242686,1.0638120569246137,3279.7327041625977,0.0
2,waypoint_01,15.0,0.2632395638957761,-0.8322438621242686,1.0638120569246137,3152.34375,0.0
3,waypoint_01,15.0,0.2632395638957761,-0.8322438621242686,1.0638120569246137,1356.3673496246338,0.0
4,waypoint_01,15.0,0.2632395638957761,-0.8322438621242686,1.0638120569246137,1346.7614650726318,0.0
5,waypoint_01,15.0,0.2632395638957761,-0.8322438621242686,1.0638120569246137,1711.8861675262451,0.0
6,waypoint_01,15.0,0.2632395638957761,-0.8322438621242686,1.0638120569246137,1850.188970565796,0.0
7,waypoint_01,15.0,0.2632395638957761,-0.8322438621242686,1.0638120569246137,1491.086483001709,0.0
8,waypoint_01,15.0,0.2632395638957761,-0.8322438621242686,1.0638120569246137,530.7005643844604,0.0
9,waypoint_01,15.0,0.2632395638957761,-0.8322438621242686,1.0638120569246137,554.3580651283264,0.0
10,waypoint_01,15.0,0.2632395638957761,-0.8322438621242686,1.0638120569246137,531.7694544792175,0.0
11,waypoint_01,15.0,0.2632395638957761,-0.8322438621242686,1.0638120569246137,457.5020968914032,0.0
12,waypoint_01,15.0,0.2632395638957761,-0.8322438621242686,1.0638120569246137,887.7099752426147,0.0
13,waypoint_01,15.0,0.2632395638957761,-0.8322438621242686,1.0638120569246137,805.5920004844666,0.0
14,waypoint_01,15.0,0.2632395638957761,-0.8322438621242686,1.0638120569246137,934.161365032196,0.0
0,waypoint_01,30.0,0.2632395638957761,-0.8322438621242686,1.0638120569246137,4430.424690246582,0.0
1,waypoint_01,30.0,0.2632395638957761,-0.8322438621242686,1.0638120569246137,3281.214714050293,0.0
2,waypoint_01,30.0,0.2632395638957761,-0.8322438621242686,1.0638120569246137,3120.786428451538,0.0
3,waypoint_01,30.0,0.2632395638957761,-0.8322438621242686,1.0638120569246137,1333.1375122070312,0.0
4,waypoint_01,30.0,0.2632395638957761,-0.8322438621242686,1.0638120569246137,1346.6395139694214,0.0
5,waypoint_01,30.0,0.2632395638957761,-0.8322438621242686,1.0638120569246137,1796.9114780426025,0.0
6,waypoint_01,30.0,0.2632395638957761,-0.8322438621242686,1.0638120569246137,1790.122389793396,0.0
7,waypoint_01,30.0,0.2632395638957761,-0.8322438621242686,1.0638120569246137,1403.5396575927734,0.0
8,waypoint_01,30.0,0.2632395638957761,-0.8322438621242686,1.0638120569246137,539.7430062294006,0.0
9,waypoint_01,30.0,0.2632395638957761,-0.8322438621242686,1.0638120569246137,580.4005265235901,0.0
10,waypoint_01,30.0,0.2632395638957761,-0.8322438621242686,1.0638120569246137,552.032470703125,0.0
11,waypoint_01,30.0,0.2632395638957761,-0.8322438621242686,1.0638120569246137,524.3877172470093,0.0
12,waypoint_01,30.0,0.2632395638957761,-0.8322438621242686,1.0638120569246137,722.2797274589539,0.0
13,waypoint_01,30.0,0.2632395638957761,-0.8322438621242686,1.0638120569246137,818.7204599380493,0.0
14,waypoint_01,30.0,0.2632395638957761,-0.8322438621242686,1.0638120569246137,710.8551859855652,0.0
0,waypoint_02,30.0,0.28323956389577565,-0.8322438621242686,1.0638120569246137,4369.440078735352,0.0
1,waypoint_02,30.0,0.28323956389577565,-0.8322438621242686,1.0638120569246137,3283.275842666626,0.0
2,waypoint_02,30.0,0.28323956389577565,-0.8322438621242686,1.0638120569246137,3141.4835453033447,0.0
3,waypoint_02,30.0,0.28323956389577565,-0.8322438621242686,1.0638120569246137,1321.4906454086304,0.0
4,waypoint_02,30.0,0.28323956389577565,-0.8322438621242686,1.0638120569246137,1327.2902965545654,0.0
5,waypoint_02,30.0,0.28323956389577565,-0.8322438621242686,1.0638120569246137,1788.626790046692,0.0
6,waypoint_02,30.0,0.28323956389577565,-0.8322438621242686,1.0638120569246137,1802.5726079940796,0.0
7,waypoint_02,30.0,0.28323956389577565,-0.8322438621242686,1.0638120569246137,1482.569932937622,0.0
8,waypoint_02,30.0,0.28323956389577565,-0.8322438621242686,1.0638120569246137,495.88799476623535,0.0
9,waypoint_02,30.0,0.28323956389577565,-0.8322438621242686,1.0638120569246137,597.3057150840759,0.0
10,waypoint_02,30.0,0.28323956389577565,-0.8322438621242686,1.0638120569246137,550.800621509552,0.0
11,waypoint_02,30.0,0.28323956389577565,-0.8322438621242686,1.0638120569246137,536.5322828292847,0.0
12,waypoint_02,30.0,0.28323956389577565,-0.8322438621242686,1.0638120569246137,734.3105673789978,0.0
13,waypoint_02,30.0,0.28323956389577565,-0.8322438621242686,1.0638120569246137,830.7291865348816,0.0
14,waypoint_02,30.0,0.28323956389577565,-0.8322438621242686,1.0638120569246137,725.3771424293518,0.0
0,waypoint_02,15.0,0.28323956389577565,-0.8322438621242686,1.0638120569246137,4280.808925628662,0.0
1,waypoint_02,15.0,0.28323956389577565,-0.8322438621242686,1.0638120569246137,3282.130718231201,0.0
2,waypoint_02,15.0,0.28323956389577565,-0.8322438621242686,1.0638120569246137,3147.045612335205,0.0
3,waypoint_02,15.0,0.28323956389577565,-0.8322438621242686,1.0638120569246137,1323.6339092254639,0.0
4,waypoint_02,15.0,0.28323956389577565,-0.8322438621242686,1.0638120569246137,1327.460527420044,0.0
5,waypoint_02,15.0,0.28323956389577565,-0.8322438621242686,1.0638120569246137,1703.4001350402832,0.0
6,waypoint_02,15.0,0.28323956389577565,-0.8322438621242686,1.0638120569246137,1819.7479248046875,0.0
7,waypoint_02,15.0,0.28323956389577565,-0.8322438621242686,1.0638120569246137,1413.2333993911743,0.0
8,waypoint_02,15.0,0.28323956389577565,-0.8322438621242686,1.0638120569246137,499.7173845767975,0.0
9,waypoint_02,15.0,0.28323956389577565,-0.8322438621242686,1.0638120569246137,601.9675135612488,0.0
10,waypoint_02,15.0,0.28323956389577565,-0.8322438621242686,1.0638120569246137,548.4290719032288,0.0
11,waypoint_02,15.0,0.28323956389577565,-0.8322438621242686,1.0638120569246137,490.5470013618469,0.0
12,waypoint_02,15.0,0.28323956389577565,-0.8322438621242686,1.0638120569246137,761.4628076553345,0.0
13,waypoint_02,15.0,0.28323956389577565,-0.8322438621242686,1.0638120569246137,827.1769285202026,0.0
14,waypoint_02,15.0,0.28323956389577565,-0.8322438621242686,1.0638120569246137,711.0742926597595,0.0
0,waypoint_02,0.0,0.28323956389577565,-0.8322438621242686,1.0638120569246137,4231.168746948242,0.0
1,waypoint_02,0.0,0.28323956389577565,-0.8322438621242686,1.0638120569246137,3279.989719390869,0.0
2,waypoint_02,0.0,0.28323956389577565,-0.8322438621242686,1.0638120569246137,3088.786840438843,0.0
3,waypoint_02,0.0,0.28323956389577565,-0.8322438621242686,1.0638120569246137,1312.6050233840942,0.0
4,waypoint_02,0.0,0.28323956389577565,-0.8322438621242686,1.0638120569246137,1289.2392873764038,0.0
5,waypoint_02,0.0,0.28323956389577565,-0.8322438621242686,1.0638120569246137,1699.3725299835205,0.0
6,waypoint_02,0.0,0.28323956389577565,-0.8322438621242686,1.0638120569246137,1820.7037448883057,0.0
7,waypoint_02,0.0,0.28323956389577565,-0.8322438621242686,1.0638120569246137,1617.1154975891113,0.0
8,waypoint_02,0.0,0.28323956389577565,-0.8322438621242686,1.0638120569246137,484.94797945022583,0.0
9,waypoint_02,0.0,0.28323956389577565,-0.8322438621242686,1.0638120569246137,556.5736293792725,0.0
10,waypoint_02,0.0,0.28323956389577565,-0.8322438621242686,1.0638120569246137,534.6740484237671,0.0
11,waypoint_02,0.0,0.28323956389577565,-0.8322438621242686,1.0638120569246137,492.1343922615051,0.0
12,waypoint_02,0.0,0.28323956389577565,-0.8322438621242686,1.0638120569246137,786.8727445602417,0.0
13,waypoint_02,0.0,0.28323956389577565,-0.8322438621242686,1.0638120569246137,835.6842994689941,0.0
14,waypoint_02,0.0,0.28323956389577565,-0.8322438621242686,1.0638120569246137,885.6522440910339,0.0
0,waypoint_02,-15.0,0.28323956389577565,-0.8322438621242686,1.0638120569246137,4245.873928070068,0.0
1,waypoint_02,-15.0,0.28323956389577565,-0.8322438621242686,1.0638120569246137,3277.6401042938232,0.0
2,waypoint_02,-15.0,0.28323956389577565,-0.8322438621242686,1.0638120569246137,2953.6938667297363,0.0
3,waypoint_02,-15.0,0.28323956389577565,-0.8322438621242686,1.0638120569246137,1311.474084854126,0.0
4,waypoint_02,-15.0,0.28323956389577565,-0.8322438621242686,1.0638120569246137,1290.8706665039062,0.0
5,waypoint_02,-15.0,0.28323956389577565,-0.8322438621242686,1.0638120569246137,2256.0224533081055,0.0
6,waypoint_02,-15.0,0.28323956389577565,-0.8322438621242686,1.0638120569246137,1937.6779794692993,0.0
7,waypoint_02,-15.0,0.28323956389577565,-0.8322438621242686,1.0638120569246137,1669.8766946792603,0.0
8,waypoint_02,-15.0,0.28323956389577565,-0.8322438621242686,1.0638120569246137,477.21388936042786,0.0
9,waypoint_02,-15.0,0.28323956389577565,-0.8322438621242686,1.0638120569246137,546.6817617416382,0.0
10,waypoint_02,-15.0,0.28323956389577565,-0.8322438621242686,1.0638120569246137,525.0737071037292,0.0
11,waypoint_02,-15.0,0.28323956389577565,-0.8322438621242686,1.0638120569246137,456.066370010376,0.0
12,waypoint_02,-15.0,0.28323956389577565,-0.8322438621242686,1.0638120569246137,819.165289402008,0.0
13,waypoint_02,-15.0,0.28323956389577565,-0.8322438621242686,1.0638120569246137,848.1447696685791,0.0
14,waypoint_02,-15.0,0.28323956389577565,-0.8322438621242686,1.0638120569246137,885.8324289321899,0.0
0,waypoint_02,-30.0,0.28323956389577565,-0.8322438621242686,1.0638120569246137,4245.129108428955,0.0
1,waypoint_02,-30.0,0.28323956389577565,-0.8322438621242686,1.0638120569246137,3276.089668273926,0.0
2,waypoint_02,-30.0,0.28323956389577565,-0.8322438621242686,1.0638120569246137,2951.751708984375,0.0
3,waypoint_02,-30.0,0.28323956389577565,-0.8322438621242686,1.0638120569246137,1166.5884256362915,0.0
4,waypoint_02,-30.0,0.28323956389577565,-0.8322438621242686,1.0638120569246137,1322.8074312210083,0.0
5,waypoint_02,-30.0,0.28323956389577565,-0.8322438621242686,1.0638120569246137,2289.782762527466,0.0
6,waypoint_02,-30.0,0.28323956389577565,-0.8322438621242686,1.0638120569246137,2205.4266929626465,0.0
7,waypoint_02,-30.0,0.28323956389577565,-0.8322438621242686,1.0638120569246137,1359.6363067626953,0.0
8,waypoint_02,-30.0,0.28323956389577565,-0.8322438621242686,1.0638120569246137,476.0132133960724,0.0
9,waypoint_02,-30.0,0.28323956389577565,-0.8322438621242686,1.0638120569246137,554.4496774673462,0.0
10,waypoint_02,-30.0,0.28323956389577565,-0.8322438621242686,1.0638120569246137,506.37590885162354,0.0
11,waypoint_02,-30.0,0.28323956389577565,-0.8322438621242686,1.0638120569246137,466.7716920375824,0.0
12,waypoint_02,-30.0,0.28323956389577565,-0.8322438621242686,1.0638120569246137,854.6376824378967,0.0
13,waypoint_02,-30.0,0.28323956389577565,-0.8322438621242686,1.0638120569246137,859.7713112831116,0.0
14,waypoint_02,-30.0,0.28323956389577565,-0.8322438621242686,1.0638120569246137,978.5562753677368,0.0
0,waypoint_03,-30.0,0.30323956389577544,-0.8322438621242686,1.0638120569246137,4269.81782913208,0.0
1,waypoint_03,-30.0,0.30323956389577544,-0.8322438621242686,1.0638120569246137,3277.7626514434814,0.0
2,waypoint_03,-30.0,0.30323956389577544,-0.8322438621242686,1.0638120569246137,2980.3853034973145,0.0
3,waypoint_03,-30.0,0.30323956389577544,-0.8322438621242686,1.0638120569246137,1148.2744216918945,0.0
4,waypoint_03,-30.0,0.30323956389577544,-0.8322438621242686,1.0638120569246137,1296.1695194244385,0.0
5,waypoint_03,-30.0,0.30323956389577544,-0.8322438621242686,1.0638120569246137,2285.64453125,0.0
6,waypoint_03,-30.0,0.30323956389577544,-0.8322438621242686,1.0638120569246137,2061.436891555786,0.0
7,waypoint_03,-30.0,0.30323956389577544,-0.8322438621242686,1.0638120569246137,1537.3706817626953,0.0
8,waypoint_03,-30.0,0.30323956389577544,-0.8322438621242686,1.0638120569246137,483.94903540611267,0.0
9,waypoint_03,-30.0,0.30323956389577544,-0.8322438621242686,1.0638120569246137,554.0081858634949,0.0
10,waypoint_03,-30.0,0.30323956389577544,-0.8322438621242686,1.0638120569246137,522.2020745277405,0.0
11,waypoint_03,-30.0,0.30323956389577544,-0.8322438621242686,1.0638120569246137,473.32024574279785,0.0
12,waypoint_03,-30.0,0.30323956389577544,-0.8322438621242686,1.0638120569246137,866.5035367012024,0.0
13,waypoint_03,-30.0,0.30323956389577544,-0.8322438621242686,1.0638120569246137,872.4645972251892,0.0
14,waypoint_03,-30.0,0.30323956389577544,-0.8322438621242686,1.0638120569246137,995.9402680397034,0.0
0,waypoint_03,-15.0,0.30323956389577544,-0.8322438621242686,1.0638120569246137,4238.978385925293,0.0
1,waypoint_03,-15.0,0.30323956389577544,-0.8322438621242686,1.0638120569246137,3279.0465354919434,0.0
2,waypoint_03,-15.0,0.30323956389577544,-0.8322438621242686,1.0638120569246137,3037.7116203308105,0.0
3,waypoint_03,-15.0,0.30323956389577544,-0.8322438621242686,1.0638120569246137,1274.4486331939697,0.0
4,waypoint_03,-15.0,0.30323956389577544,-0.8322438621242686,1.0638120569246137,1265.3236389160156,0.0
5,waypoint_03,-15.0,0.30323956389577544,-0.8322438621242686,1.0638120569246137,2251.537322998047,0.0
6,waypoint_03,-15.0,0.30323956389577544,-0.8322438621242686,1.0638120569246137,2225.423812866211,0.0
7,waypoint_03,-15.0,0.30323956389577544,-0.8322438621242686,1.0638120569246137,2082.031011581421,0.0
8,waypoint_03,-15.0,0.30323956389577544,-0.8322438621242686,1.0638120569246137,492.4609661102295,0.0
9,waypoint_03,-15.0,0.30323956389577544,-0.8322438621242686,1.0638120569246137,554.1589856147766,0.0
10,waypoint_03,-15.0,0.30323956389577544,-0.8322438621242686,1.0638120569246137,522.030234336853,0.0
11,waypoint_03,-15.0,0.30323956389577544,-0.8322438621242686,1.0638120569246137,453.4364342689514,0.0
12,waypoint_03,-15.0,0.30323956389577544,-0.8322438621242686,1.0638120569246137,831.2837481498718,0.0
13,waypoint_03,-15.0,0.30323956389577544,-0.8322438621242686,1.0638120569246137,860.9421253204346,0.0
14,waypoint_03,-15.0,0.30323956389577544,-0.8322438621242686,1.0638120569246137,897.0649242401123,0.0
0,waypoint_03,0.0,0.30323956389577544,-0.8322438621242686,1.0638120569246137,4213.769435882568,0.0
1,waypoint_03,0.0,0.30323956389577544,-0.8322438621242686,1.0638120569246137,3281.3048362731934,0.0
2,waypoint_03,0.0,0.30323956389577544,-0.8322438621242686,1.0638120569246137,3054.7614097595215,0.0
3,waypoint_03,0.0,0.30323956389577544,-0.8322438621242686,1.0638120569246137,1333.813190460205,0.0
4,waypoint_03,0.0,0.30323956389577544,-0.8322438621242686,1.0638120569246137,1282.94837474823,0.0
5,waypoint_03,0.0,0.30323956389577544,-0.8322438621242686,1.0638120569246137,1754.072666168213,0.0
6,waypoint_03,0.0,0.30323956389577544,-0.8322438621242686,1.0638120569246137,2325.5932331085205,0.0
7,waypoint_03,0.0,0.30323956389577544,-0.8322438621242686,1.0638120569246137,1588.5385274887085,0.0
8,waypoint_03,0.0,0.30323956389577544,-0.8322438621242686,1.0638120569246137,491.82599782943726,0.0
9,waypoint_03,0.0,0.30323956389577544,-0.8322438621242686,1.0638120569246137,506.6028833389282,0.0
10,waypoint_03,0.0,0.30323956389577544,-0.8322438621242686,1.0638120569246137,536.2217426300049,0.0
11,waypoint_03,0.0,0.30323956389577544,-0.8322438621242686,1.0638120569246137,494.9738085269928,0.0
12,waypoint_03,0.0,0.30323956389577544,-0.8322438621242686,1.0638120569246137,797.9003190994263,0.0
13,waypoint_03,0.0,0.30323956389577544,-0.8322438621242686,1.0638120569246137,850.947916507721,0.0
14,waypoint_03,0.0,0.30323956389577544,-0.8322438621242686,1.0638120569246137,838.5283946990967,0.0
0,waypoint_03,15.0,0.30323956389577544,-0.8322438621242686,1.0638120569246137,4304.605960845947,0.0
1,waypoint_03,15.0,0.30323956389577544,-0.8322438621242686,1.0638120569246137,3283.942937850952,0.0
2,waypoint_03,15.0,0.30323956389577544,-0.8322438621242686,1.0638120569246137,3130.601644515991,0.0
3,waypoint_03,15.0,0.30323956389577544,-0.8322438621242686,1.0638120569246137,1319.617509841919,0.0
4,waypoint_03,15.0,0.30323956389577544,-0.8322438621242686,1.0638120569246137,1304.7415018081665,0.0
5,waypoint_03,15.0,0.30323956389577544,-0.8322438621242686,1.0638120569246137,1689.5428895950317,0.0
6,waypoint_03,15.0,0.30323956389577544,-0.8322438621242686,1.0638120569246137,2436.1298084259033,0.0
7,waypoint_03,15.0,0.30323956389577544,-0.8322438621242686,1.0638120569246137,1610.197901725769,0.0
8,waypoint_03,15.0,0.30323956389577544,-0.8322438621242686,1.0638120569246137,482.93060064315796,0.0
9,waypoint_03,15.0,0.30323956389577544,-0.8322438621242686,1.0638120569246137,539.379358291626,0.0
10,waypoint_03,15.0,0.30323956389577544,-0.8322438621242686,1.0638120569246137,525.9609222412109,0.0
11,waypoint_03,15.0,0.30323956389577544,-0.8322438621242686,1.0638120569246137,503.02088260650635,0.0
12,waypoint_03,15.0,0.30323956389577544,-0.8322438621242686,1.0638120569246137,773.1329798698425,0.0
13,waypoint_03,15.0,0.30323956389577544,-0.8322438621242686,1.0638120569246137,847.8549718856812,0.0
14,waypoint_03,15.0,0.30323956389577544,-0.8322438621242686,1.0638120569246137,719.8959589004517,0.0
0,waypoint_03,30.0,0.30323956389577544,-0.8322438621242686,1.0638120569246137,4319.746017456055,0.0
1,waypoint_03,30.0,0.30323956389577544,-0.8322438621242686,1.0638120569246137,3286.296844482422,0.0
2,waypoint_03,30.0,0.30323956389577544,-0.8322438621242686,1.0638120569246137,3082.930564880371,0.0
3,waypoint_03,30.0,0.30323956389577544,-0.8322438621242686,1.0638120569246137,1335.407018661499,0.0
4,waypoint_03,30.0,0.30323956389577544,-0.8322438621242686,1.0638120569246137,1304.850459098816,0.0
5,waypoint_03,30.0,0.30323956389577544,-0.8322438621242686,1.0638120569246137,1766.026258468628,0.0
6,waypoint_03,30.0,0.30323956389577544,-0.8322438621242686,1.0638120569246137,2470.824718475342,0.0
7,waypoint_03,30.0,0.30323956389577544,-0.8322438621242686,1.0638120569246137,1350.3597974777222,0.0
8,waypoint_03,30.0,0.30323956389577544,-0.8322438621242686,1.0638120569246137,479.10064458847046,0.0
9,waypoint_03,30.0,0.30323956389577544,-0.8322438621242686,1.0638120569246137,560.4217648506165,0.0
10,waypoint_03,30.0,0.30323956389577544,-0.8322438621242686,1.0638120569246137,576.0224461555481,0.0
11,waypoint_03,30.0,0.30323956389577544,-0.8322438621242686,1.0638120569246137,532.8028798103333,0.0
12,waypoint_03,30.0,0.30323956389577544,-0.8322438621242686,1.0638120569246137,750.7530450820923,0.0
13,waypoint_03,30.0,0.30323956389577544,-0.8322438621242686,1.0638120569246137,918.4138178825378,0.0
14,waypoint_03,30.0,0.30323956389577544,-0.8322438621242686,1.0638120569246137,636.187493801117,0.0
0,waypoint_04,30.0,0.32323956389577596,-0.8322438621242686,1.0638120569246137,4356.391906738281,0.0
1,waypoint_04,30.0,0.32323956389577596,-0.8322438621242686,1.0638120569246137,3287.767171859741,0.0
2,waypoint_04,30.0,0.32323956389577596,-0.8322438621242686,1.0638120569246137,3087.541341781616,0.0
3,waypoint_04,30.0,0.32323956389577596,-0.8322438621242686,1.0638120569246137,1289.2884016036987,0.0
4,waypoint_04,30.0,0.32323956389577596,-0.8322438621242686,1.0638120569246137,1285.6242656707764,0.0
5,waypoint_04,30.0,0.32323956389577596,-0.8322438621242686,1.0638120569246137,1758.0604553222656,0.0
6,waypoint_04,30.0,0.32323956389577596,-0.8322438621242686,1.0638120569246137,2662.86039352417,0.0
7,waypoint_04,30.0,0.32323956389577596,-0.8322438621242686,1.0638120569246137,1415.1890277862549,0.0
8,waypoint_04,30.0,0.32323956389577596,-0.8322438621242686,1.0638120569246137,469.85599398612976,0.0
9,waypoint_04,30.0,0.32323956389577596,-0.8322438621242686,1.0638120569246137,499.227374792099,0.0
10,waypoint_04,30.0,0.32323956389577596,-0.8322438621242686,1.0638120569246137,575.2062797546387,0.0
11,waypoint_04,30.0,0.32323956389577596,-0.8322438621242686,1.0638120569246137,551.3644814491272,0.0
12,waypoint_04,30.0,0.32323956389577596,-0.8322438621242686,1.0638120569246137,767.9380178451538,0.0
13,waypoint_04,30.0,0.32323956389577596,-0.8322438621242686,1.0638120569246137,764.7078037261963,0.0
14,waypoint_04,30.0,0.32323956389577596,-0.8322438621242686,1.0638120569246137,728.1413674354553,0.0
0,waypoint_04,15.0,0.32323956389577596,-0.8322438621242686,1.0638120569246137,4253.438472747803,0.0
1,waypoint_04,15.0,0.32323956389577596,-0.8322438621242686,1.0638120569246137,3285.1977348327637,0.0
2,waypoint_04,15.0,0.32323956389577596,-0.8322438621242686,1.0638120569246137,3083.322286605835,0.0
3,waypoint_04,15.0,0.32323956389577596,-0.8322438621242686,1.0638120569246137,1260.938286781311,0.0
4,waypoint_04,15.0,0.32323956389577596,-0.8322438621242686,1.0638120569246137,1285.9715223312378,0.0
5,waypoint_04,15.0,0.32323956389577596,-0.8322438621242686,1.0638120569246137,1681.5693378448486,0.0
6,waypoint_04,15.0,0.32323956389577596,-0.8322438621242686,1.0638120569246137,2506.763458251953,0.0
7,waypoint_04,15.0,0.32323956389577596,-0.8322438621242686,1.0638120569246137,1493.7386512756348,0.0
8,waypoint_04,15.0,0.32323956389577596,-0.8322438621242686,1.0638120569246137,489.8138642311096,0.0
9,waypoint_04,15.0,0.32323956389577596,-0.8322438621242686,1.0638120569246137,502.6807188987732,0.0
10,waypoint_04,15.0,0.32323956389577596,-0.8322438621242686,1.0638120569246137,580.1807045936584,0.0
11,waypoint_04,15.0,0.32323956389577596,-0.8322438621242686,1.0638120569246137,520.4188227653503,0.0
12,waypoint_04,15.0,0.32323956389577596,-0.8322438621242686,1.0638120569246137,792.0523285865784,0.0
13,waypoint_04,15.0,0.32323956389577596,-0.8322438621242686,1.0638120569246137,873.7841844558716,0.0
14,waypoint_04,15.0,0.32323956389577596,-0.8322438621242686,1.0638120569246137,773.2775807380676,0.0
0,waypoint_04,0.0,0.32323956389577596,-0.8322438621242686,1.0638120569246137,4285.168647766113,0.0
1,waypoint_04,0.0,0.32323956389577596,-0.8322438621242686,1.0638120569246137,3282.1788787841797,0.0
2,waypoint_04,0.0,0.32323956389577596,-0.8322438621242686,1.0638120569246137,3145.920991897583,0.0
3,waypoint_04,0.0,0.32323956389577596,-0.8322438621242686,1.0638120569246137,1325.2665996551514,0.0
4,waypoint_04,0.0,0.32323956389577596,-0.8322438621242686,1.0638120569246137,1246.4439868927002,0.0
5,waypoint_04,0.0,0.32323956389577596,-0.8322438621242686,1.0638120569246137,1798.9299297332764,0.0
6,waypoint_04,0.0,0.32323956389577596,-0.8322438621242686,1.0638120569246137,2463.7744426727295,0.0
7,waypoint_04,0.0,0.32323956389577596,-0.8322438621242686,1.0638120569246137,1520.9887027740479,0.0
8,waypoint_04,0.0,0.32323956389577596,-0.8322438621242686,1.0638120569246137,456.7268192768097,0.0
9,waypoint_04,0.0,0.32323956389577596,-0.8322438621242686,1.0638120569246137,489.8308515548706,0.0
10,waypoint_04,0.0,0.32323956389577596,-0.8322438621242686,1.0638120569246137,545.5162525177002,0.0
11,waypoint_04,0.0,0.32323956389577596,-0.8322438621242686,1.0638120569246137,519.0613269805908,0.0
12,waypoint_04,0.0,0.32323956389577596,-0.8322438621242686,1.0638120569246137,812.7703070640564,0.0
13,waypoint_04,0.0,0.32323956389577596,-0.8322438621242686,1.0638120569246137,879.9442052841187,0.0
14,waypoint_04,0.0,0.32323956389577596,-0.8322438621242686,1.0638120569246137,746.7228174209595,0.0
0,waypoint_04,-15.0,0.32323956389577596,-0.8322438621242686,1.0638120569246137,4231.639385223389,0.0
1,waypoint_04,-15.0,0.32323956389577596,-0.8322438621242686,1.0638120569246137,3279.735565185547,0.0
2,waypoint_04,-15.0,0.32323956389577596,-0.8322438621242686,1.0638120569246137,2957.9596519470215,0.0
3,waypoint_04,-15.0,0.32323956389577596,-0.8322438621242686,1.0638120569246137,1240.4587268829346,0.0
4,waypoint_04,-15.0,0.32323956389577596,-0.8322438621242686,1.0638120569246137,1241.5335178375244,0.0
5,waypoint_04,-15.0,0.32323956389577596,-0.8322438621242686,1.0638120569246137,2246.6986179351807,0.0
6,waypoint_04,-15.0,0.32323956389577596,-0.8322438621242686,1.0638120569246137,2626.6300678253174,0.0
7,waypoint_04,-15.0,0.32323956389577596,-0.8322438621242686,1.0638120569246137,1355.5574417114258,0.0
8,waypoint_04,-15.0,0.32323956389577596,-0.8322438621242686,1.0638120569246137,434.4582259654999,0.0
9,waypoint_04,-15.0,0.32323956389577596,-0.8322438621242686,1.0638120569246137,482.59225487709045,0.0
10,waypoint_04,-15.0,0.32323956389577596,-0.8322438621242686,1.0638120569246137,533.9540839195251,0.0
11,waypoint_04,-15.0,0.32323956389577596,-0.8322438621242686,1.0638120569246137,490.9042418003082,0.0
12,waypoint_04,-15.0,0.32323956389577596,-0.8322438621242686,1.0638120569246137,844.6646332740784,0.0
13,waypoint_04,-15.0,0.32323956389577596,-0.8322438621242686,1.0638120569246137,888.9757990837097,0.0
14,waypoint_04,-15.0,0.32323956389577596,-0.8322438621242686,1.0638120569246137,897.6759910583496,0.0
0,waypoint_04,-30.0,0.32323956389577596,-0.8322438621242686,1.0638120569246137,4231.264114379883,0.0
1,waypoint_04,-30.0,0.32323956389577596,-0.8322438621242686,1.0638120569246137,3278.700590133667,0.0
2,waypoint_04,-30.0,0.32323956389577596,-0.8322438621242686,1.0638120569246137,2968.980550765991,0.0
3,waypoint_04,-30.0,0.32323956389577596,-0.8322438621242686,1.0638120569246137,1125.4198551177979,0.0
4,waypoint_04,-30.0,0.32323956389577596,-0.8322438621242686,1.0638120569246137,1256.1148405075073,0.0
5,waypoint_04,-30.0,0.32323956389577596,-0.8322438621242686,1.0638120569246137,2281.3541889190674,0.0
6,waypoint_04,-30.0,0.32323956389577596,-0.8322438621242686,1.0638120569246137,2599.876880645752,0.0
7,waypoint_04,-30.0,0.32323956389577596,-0.8322438621242686,1.0638120569246137,1628.1423568725586,0.0
8,waypoint_04,-30.0,0.32323956389577596,-0.8322438621242686,1.0638120569246137,396.7278003692627,0.0
9,waypoint_04,-30.0,0.32323956389577596,-0.8322438621242686,1.0638120569246137,484.3977391719818,0.0
10,waypoint_04,-30.0,0.32323956389577596,-0.8322438621242686,1.0638120569246137,546.2364554405212,0.0
11,waypoint_04,-30.0,0.32323956389577596,-0.8322438621242686,1.0638120569246137,494.9197471141815,0.0
12,waypoint_04,-30.0,0.32323956389577596,-0.8322438621242686,1.0638120569246137,875.5685687065125,0.0
13,waypoint_04,-30.0,0.32323956389577596,-0.8322438621242686,1.0638120569246137,897.5164294242859,0.0
14,waypoint_04,-30.0,0.32323956389577596,-0.8322438621242686,1.0638120569246137,978.1719446182251,0.0
0,waypoint_05,-30.0,0.34323956389577553,-0.8322438621242686,1.0638120569246137,4301.702976226807,0.0
1,waypoint_05,-30.0,0.34323956389577553,-0.8322438621242686,1.0638120569246137,3280.2722454071045,0.0
2,waypoint_05,-30.0,0.34323956389577553,-0.8322438621242686,1.0638120569246137,2958.512544631958,0.0
3,waypoint_05,-30.0,0.34323956389577553,-0.8322438621242686,1.0638120569246137,1103.3750772476196,0.0
4,waypoint_05,-30.0,0.34323956389577553,-0.8322438621242686,1.0638120569246137,1232.3102951049805,0.0
5,waypoint_05,-30.0,0.34323956389577553,-0.8322438621242686,1.0638120569246137,2277.445077896118,0.0
6,waypoint_05,-30.0,0.34323956389577553,-0.8322438621242686,1.0638120569246137,2572.406053543091,0.0
7,waypoint_05,-30.0,0.34323956389577553,-0.8322438621242686,1.0638120569246137,1543.420910835266,0.0
8,waypoint_05,-30.0,0.34323956389577553,-0.8322438621242686,1.0638120569246137,336.76424622535706,0.0
9,waypoint_05,-30.0,0.34323956389577553,-0.8322438621242686,1.0638120569246137,491.04151129722595,0.0
10,waypoint_05,-30.0,0.34323956389577553,-0.8322438621242686,1.0638120569246137,542.6492094993591,0.0
11,waypoint_05,-30.0,0.34323956389577553,-0.8322438621242686,1.0638120569246137,509.324848651886,0.0
12,waypoint_05,-30.0,0.34323956389577553,-0.8322438621242686,1.0638120569246137,891.8917775154114,0.0
13,waypoint_05,-30.0,0.34323956389577553,-0.8322438621242686,1.0638120569246137,910.775899887085,0.0
14,waypoint_05,-30.0,0.34323956389577553,-0.8322438621242686,1.0638120569246137,931.0094118118286,0.0
0,waypoint_05,-15.0,0.34323956389577553,-0.8322438621242686,1.0638120569246137,4312.3908042907715,0.0
1,waypoint_05,-15.0,0.34323956389577553,-0.8322438621242686,1.0638120569246137,3280.8144092559814,0.0
2,waypoint_05,-15.0,0.34323956389577553,-0.8322438621242686,1.0638120569246137,2950.2406120300293,0.0
3,waypoint_05,-15.0,0.34323956389577553,-0.8322438621242686,1.0638120569246137,1224.7308492660522,0.0
4,waypoint_05,-15.0,0.34323956389577553,-0.8322438621242686,1.0638120569246137,1232.8205108642578,0.0
5,waypoint_05,-15.0,0.34323956389577553,-0.8322438621242686,1.0638120569246137,2246.0227012634277,0.0
6,waypoint_05,-15.0,0.34323956389577553,-0.8322438621242686,1.0638120569246137,2513.3907794952393,0.0
7,waypoint_05,-15.0,0.34323956389577553,-0.8322438621242686,1.0638120569246137,1633.543848991394,0.0
8,waypoint_05,-15.0,0.34323956389577553,-0.8322438621242686,1.0638120569246137,334.37806367874146,0.0
9,waypoint_05,-15.0,0.34323956389577553,-0.8322438621242686,1.0638120569246137,495.9087669849396,0.0
10,waypoint_05,-15.0,0.34323956389577553,-0.8322438621242686,1.0638120569246137,542.0853495597839,0.0
11,waypoint_05,-15.0,0.34323956389577553,-0.8322438621242686,1.0638120569246137,500.5266070365906,0.0
12,waypoint_05,-15.0,0.34323956389577553,-0.8322438621242686,1.0638120569246137,857.6980829238892,0.0
13,waypoint_05,-15.0,0.34323956389577553,-0.8322438621242686,1.0638120569246137,902.5551080703735,0.0
14,waypoint_05,-15.0,0.34323956389577553,-0.8322438621242686,1.0638120569246137,917.7391529083252,0.0
0,waypoint_05,0.0,0.34323956389577553,-0.8322438621242686,1.0638120569246137,4257.930755615234,0.0
1,waypoint_05,0.0,0.34323956389577553,-0.8322438621242686,1.0638120569246137,3282.853364944458,0.0
2,waypoint_05,0.0,0.34323956389577553,-0.8322438621242686,1.0638120569246137,3045.3779697418213,0.0
3,waypoint_05,0.0,0.34323956389577553,-0.8322438621242686,1.0638120569246137,1243.550181388855,0.0
4,waypoint_05,0.0,0.34323956389577553,-0.8322438621242686,1.0638120569246137,1238.6285066604614,0.0
5,waypoint_05,0.0,0.34323956389577553,-0.8322438621242686,1.0638120569246137,1682.5567483901978,0.0
6,waypoint_05,0.0,0.34323956389577553,-0.8322438621242686,1.0638120569246137,2564.1191005706787,0.0
7,waypoint_05,0.0,0.34323956389577553,-0.8322438621242686,1.0638120569246137,1532.1550369262695,0.0
8,waypoint_05,0.0,0.34323956389577553,-0.8322438621242686,1.0638120569246137,474.02217984199524,0.0
9,waypoint_05,0.0,0.34323956389577553,-0.8322438621242686,1.0638120569246137,495.81992626190186,0.0
10,waypoint_05,0.0,0.34323956389577553,-0.8322438621242686,1.0638120569246137,538.1704568862915,0.0
11,waypoint_05,0.0,0.34323956389577553,-0.8322438621242686,1.0638120569246137,527.6389718055725,0.0
12,waypoint_05,0.0,0.34323956389577553,-0.8322438621242686,1.0638120569246137,826.6028761863708,0.0
13,waypoint_05,0.0,0.34323956389577553,-0.8322438621242686,1.0638120569246137,897.1650004386902,0.0
14,waypoint_05,0.0,0.34323956389577553,-0.8322438621242686,1.0638120569246137,894.8120474815369,0.0
0,waypoint_05,15.0,0.34323956389577553,-0.8322438621242686,1.0638120569246137,4336.947917938232,0.0
1,waypoint_05,15.0,0.34323956389577553,-0.8322438621242686,1.0638120569246137,3285.6273651123047,0.0
2,waypoint_05,15.0,0.34323956389577553,-0.8322438621242686,1.0638120569246137,3107.048749923706,0.0
3,waypoint_05,15.0,0.34323956389577553,-0.8322438621242686,1.0638120569246137,1268.3601379394531,0.0
4,waypoint_05,15.0,0.34323956389577553,-0.8322438621242686,1.0638120569246137,1264.8236751556396,0.0
5,waypoint_05,15.0,0.34323956389577553,-0.8322438621242686,1.0638120569246137,1670.7367897033691,0.0
6,waypoint_05,15.0,0.34323956389577553,-0.8322438621242686,1.0638120569246137,2437.852621078491,0.0
7,waypoint_05,15.0,0.34323956389577553,-0.8322438621242686,1.0638120569246137,1239.724040031433,0.0
8,waypoint_05,15.0,0.34323956389577553,-0.8322438621242686,1.0638120569246137,473.88458251953125,0.0
9,waypoint_05,15.0,0.34323956389577553,-0.8322438621242686,1.0638120569246137,484.7479462623596,0.0
10,waypoint_05,15.0,0.34323956389577553,-0.8322438621242686,1.0638120569246137,564.6405220031738,0.0
11,waypoint_05,15.0,0.34323956389577553,-0.8322438621242686,1.0638120569246137,512.7100348472595,0.0
12,waypoint_05,15.0,0.34323956389577553,-0.8322438621242686,1.0638120569246137,804.7235012054443,0.0
13,waypoint_05,15.0,0.34323956389577553,-0.8322438621242686,1.0638120569246137,887.0554566383362,0.0
14,waypoint_05,15.0,0.34323956389577553,-0.8322438621242686,1.0638120569246137,789.6444797515869,0.0
0,waypoint_05,30.0,0.34323956389577553,-0.8322438621242686,1.0638120569246137,4363.292694091797,0.0
1,waypoint_05,30.0,0.34323956389577553,-0.8322438621242686,1.0638120569246137,3288.3522510528564,0.0
2,waypoint_05,30.0,0.34323956389577553,-0.8322438621242686,1.0638120569246137,3090.4674530029297,0.0
3,waypoint_05,30.0,0.34323956389577553,-0.8322438621242686,1.0638120569246137,1272.9673385620117,0.0
4,waypoint_05,30.0,0.34323956389577553,-0.8322438621242686,1.0638120569246137,1264.6057605743408,0.0
5,waypoint_05,30.0,0.34323956389577553,-0.8322438621242686,1.0638120569246137,1741.7590618133545,0.0
6,waypoint_05,30.0,0.34323956389577553,-0.8322438621242686,1.0638120569246137,2575.955867767334,0.0
7,waypoint_05,30.0,0.34323956389577553,-0.8322438621242686,1.0638120569246137,1353.7039756774902,0.0
8,waypoint_05,30.0,0.34323956389577553,-0.8322438621242686,1.0638120569246137,472.3307192325592,0.0
9,waypoint_05,30.0,0.34323956389577553,-0.8322438621242686,1.0638120569246137,480.6745648384094,0.0
10,waypoint_05,30.0,0.34323956389577553,-0.8322438621242686,1.0638120569246137,605.7229042053223,0.0
11,waypoint_05,30.0,0.34323956389577553,-0.8322438621242686,1.0638120569246137,549.1819977760315,0.0
12,waypoint_05,30.0,0.34323956389577553,-0.8322438621242686,1.0638120569246137,790.2730703353882,0.0
13,waypoint_05,30.0,0.34323956389577553,-0.8322438621242686,1.0638120569246137,924.0140914916992,0.0
14,waypoint_05,30.0,0.34323956389577553,-0.8322438621242686,1.0638120569246137,789.6695137023926,0.0
0,waypoint_06,30.0,0.36323956389577516,-0.8322438621242686,1.0638120569246137,4368.537425994873,0.0
1,waypoint_06,30.0,0.36323956389577516,-0.8322438621242686,1.0638120569246137,3289.8170948028564,0.0
2,waypoint_06,30.0,0.36323956389577516,-0.8322438621242686,1.0638120569246137,3046.2136268615723,0.0
3,waypoint_06,30.0,0.36323956389577516,-0.8322438621242686,1.0638120569246137,1252.4060010910034,0.0
4,waypoint_06,30.0,0.36323956389577516,-0.8322438621242686,1.0638120569246137,1245.391607284546,0.0
5,waypoint_06,30.0,0.36323956389577516,-0.8322438621242686,1.0638120569246137,1734.1195344924927,0.0
6,waypoint_06,30.0,0.36323956389577516,-0.8322438621242686,1.0638120569246137,2573.6730098724365,0.0
7,waypoint_06,30.0,0.36323956389577516,-0.8322438621242686,1.0638120569246137,1351.728916168213,0.0
8,waypoint_06,30.0,0.36323956389577516,-0.8322438621242686,1.0638120569246137,497.88758158683777,0.0
9,waypoint_06,30.0,0.36323956389577516,-0.8322438621242686,1.0638120569246137,471.58029675483704,0.0
10,waypoint_06,30.0,0.36323956389577516,-0.8322438621242686,1.0638120569246137,573.910653591156,0.0
11,waypoint_06,30.0,0.36323956389577516,-0.8322438621242686,1.0638120569246137,561.9433522224426,0.0
12,waypoint_06,30.0,0.36323956389577516,-0.8322438621242686,1.0638120569246137,808.704137802124,0.0
13,waypoint_06,30.0,0.36323956389577516,-0.8322438621242686,1.0638120569246137,844.6976542472839,0.0
14,waypoint_06,30.0,0.36323956389577516,-0.8322438621242686,1.0638120569246137,803.9455413818359,0.0
0,waypoint_06,15.0,0.36323956389577516,-0.8322438621242686,1.0638120569246137,4347.828388214111,0.0
1,waypoint_06,15.0,0.36323956389577516,-0.8322438621242686,1.0638120569246137,3286.7467403411865,0.0
2,waypoint_06,15.0,0.36323956389577516,-0.8322438621242686,1.0638120569246137,3087.4345302581787,0.0
3,waypoint_06,15.0,0.36323956389577516,-0.8322438621242686,1.0638120569246137,1253.0338764190674,0.0
4,waypoint_06,15.0,0.36323956389577516,-0.8322438621242686,1.0638120569246137,1245.6121444702148,0.0
5,waypoint_06,15.0,0.36323956389577516,-0.8322438621242686,1.0638120569246137,1663.2131338119507,0.0
6,waypoint_06,15.0,0.36323956389577516,-0.8322438621242686,1.0638120569246137,2266.9339179992676,0.0
7,waypoint_06,15.0,0.36323956389577516,-0.8322438621242686,1.0638120569246137,1420.8965301513672,0.0
8,waypoint_06,15.0,0.36323956389577516,-0.8322438621242686,1.0638120569246137,518.4673070907593,0.0
9,waypoint_06,15.0,0.36323956389577516,-0.8322438621242686,1.0638120569246137,484.024316072464,0.0
10,waypoint_06,15.0,0.36323956389577516,-0.8322438621242686,1.0638120569246137,593.6320424079895,0.0
11,waypoint_06,15.0,0.36323956389577516,-0.8322438621242686,1.0638120569246137,556.49733543396,0.0
12,waypoint_06,15.0,0.36323956389577516,-0.8322438621242686,1.0638120569246137,829.2016386985779,0.0
13,waypoint_06,15.0,0.36323956389577516,-0.8322438621242686,1.0638120569246137,887.911856174469,0.0
14,waypoint_06,15.0,0.36323956389577516,-0.8322438621242686,1.0638120569246137,803.620457649231,0.0
0,waypoint_06,0.0,0.36323956389577516,-0.8322438621242686,1.0638120569246137,4289.964199066162,0.0
1,waypoint_06,0.0,0.36323956389577516,-0.8322438621242686,1.0638120569246137,3283.6313247680664,0.0
2,waypoint_06,0.0,0.36323956389577516,-0.8322438621242686,1.0638120569246137,3106.4577102661133,0.0
3,waypoint_06,0.0,0.36323956389577516,-0.8322438621242686,1.0638120569246137,1241.7986392974854,0.0
4,waypoint_06,0.0,0.36323956389577516,-0.8322438621242686,1.0638120569246137,1205.531120300293,0.0
5,waypoint_06,0.0,0.36323956389577516,-0.8322438621242686,1.0638120569246137,2084.205150604248,0.0
6,waypoint_06,0.0,0.36323956389577516,-0.8322438621242686,1.0638120569246137,2565.4032230377197,0.0
7,waypoint_06,0.0,0.36323956389577516,-0.8322438621242686,1.0638120569246137,1493.8067197799683,0.0
8,waypoint_06,0.0,0.36323956389577516,-0.8322438621242686,1.0638120569246137,478.6215126514435,0.0
9,waypoint_06,0.0,0.36323956389577516,-0.8322438621242686,1.0638120569246137,458.29880237579346,0.0
10,waypoint_06,0.0,0.36323956389577516,-0.8322438621242686,1.0638120569246137,565.9010410308838,0.0
11,waypoint_06,0.0,0.36323956389577516,-0.8322438621242686,1.0638120569246137,539.2077565193176,0.0
12,waypoint_06,0.0,0.36323956389577516,-0.8322438621242686,1.0638120569246137,850.650429725647,0.0
13,waypoint_06,0.0,0.36323956389577516,-0.8322438621242686,1.0638120569246137,959.7451686859131,0.0
14,waypoint_06,0.0,0.36323956389577516,-0.8322438621242686,1.0638120569246137,803.3930063247681,0.0
0,waypoint_06,-15.0,0.36323956389577516,-0.8322438621242686,1.0638120569246137,4274.747848510742,0.0
1,waypoint_06,-15.0,0.36323956389577516,-0.8322438621242686,1.0638120569246137,3281.5303802490234,0.0
2,waypoint_06,-15.0,0.36323956389577516,-0.8322438621242686,1.0638120569246137,2865.6439781188965,0.0
3,waypoint_06,-15.0,0.36323956389577516,-0.8322438621242686,1.0638120569246137,1206.00163936615,0.0
4,waypoint_06,-15.0,0.36323956389577516,-0.8322438621242686,1.0638120569246137,1207.019567489624,0.0
5,waypoint_06,-15.0,0.36323956389577516,-0.8322438621242686,1.0638120569246137,2241.6751384735107,0.0
6,waypoint_06,-15.0,0.36323956389577516,-0.8322438621242686,1.0638120569246137,2543.463945388794,0.0
7,waypoint_06,-15.0,0.36323956389577516,-0.8322438621242686,1.0638120569246137,1603.1668186187744,0.0
8,waypoint_06,-15.0,0.36323956389577516,-0.8322438621242686,1.0638120569246137,457.24499225616455,0.0
9,waypoint_06,-15.0,0.36323956389577516,-0.8322438621242686,1.0638120569246137,440.4497444629669,0.0
10,waypoint_06,-15.0,0.36323956389577516,-0.8322438621242686,1.0638120569246137,550.1109957695007,0.0
11,waypoint_06,-15.0,0.36323956389577516,-0.8322438621242686,1.0638120569246137,528.251588344574,0.0
12,waypoint_06,-15.0,0.36323956389577516,-0.8322438621242686,1.0638120569246137,876.068115234375,0.0
13,waypoint_06,-15.0,0.36323956389577516,-0.8322438621242686,1.0638120569246137,388.4412944316864,0.0
14,waypoint_06,-15.0,0.36323956389577516,-0.8322438621242686,1.0638120569246137,803.3895492553711,0.0
0,waypoint_06,-30.0,0.36323956389577516,-0.8322438621242686,1.0638120569246137,4294.7235107421875,0.0
1,waypoint_06,-30.0,0.36323956389577516,-0.8322438621242686,1.0638120569246137,3281.207323074341,0.0
2,waypoint_06,-30.0,0.36323956389577516,-0.8322438621242686,1.0638120569246137,2866.767644882202,0.0
3,waypoint_06,-30.0,0.36323956389577516,-0.8322438621242686,1.0638120569246137,1109.325885772705,0.0
4,waypoint_06,-30.0,0.36323956389577516,-0.8322438621242686,1.0638120569246137,1166.3521528244019,0.0
5,waypoint_06,-30.0,0.36323956389577516,-0.8322438621242686,1.0638120569246137,2273.3490467071533,0.0
6,waypoint_06,-30.0,0.36323956389577516,-0.8322438621242686,1.0638120569246137,2565.803050994873,0.0
7,waypoint_06,-30.0,0.36323956389577516,-0.8322438621242686,1.0638120569246137,1330.9650421142578,0.0
8,waypoint_06,-30.0,0.36323956389577516,-0.8322438621242686,1.0638120569246137,421.3632047176361,0.0
9,waypoint_06,-30.0,0.36323956389577516,-0.8322438621242686,1.0638120569246137,408.286452293396,0.0
10,waypoint_06,-30.0,0.36323956389577516,-0.8322438621242686,1.0638120569246137,551.572859287262,0.0
11,waypoint_06,-30.0,0.36323956389577516,-0.8322438621242686,1.0638120569246137,536.1099243164062,0.0
12,waypoint_06,-30.0,0.36323956389577516,-0.8322438621242686,1.0638120569246137,904.8976302146912,0.0
13,waypoint_06,-30.0,0.36323956389577516,-0.8322438621242686,1.0638120569246137,395.0837254524231,0.0
14,waypoint_06,-30.0,0.36323956389577516,-0.8322438621242686,1.0638120569246137,803.3757209777832,0.0
0,waypoint_07,-30.0,0.38323956389577535,-0.8322438621242686,1.0638120569246137,4344.19059753418,0.0
1,waypoint_07,-30.0,0.38323956389577535,-0.8322438621242686,1.0638120569246137,3282.9833030700684,0.0
2,waypoint_07,-30.0,0.38323956389577535,-0.8322438621242686,1.0638120569246137,2856.24623298645,0.0
3,waypoint_07,-30.0,0.38323956389577535,-0.8322438621242686,1.0638120569246137,1091.4745330810547,0.0
4,waypoint_07,-30.0,0.38323956389577535,-0.8322438621242686,1.0638120569246137,1145.005702972412,0.0
5,waypoint_07,-30.0,0.38323956389577535,-0.8322438621242686,1.0638120569246137,2269.8097229003906,0.0
6,waypoint_07,-30.0,0.38323956389577535,-0.8322438621242686,1.0638120569246137,2571.6586112976074,0.0
7,waypoint_07,-30.0,0.38323956389577535,-0.8322438621242686,1.0638120569246137,1432.3716163635254,0.0
8,waypoint_07,-30.0,0.38323956389577535,-0.8322438621242686,1.0638120569246137,432.1202039718628,0.0
9,waypoint_07,-30.0,0.38323956389577535,-0.8322438621242686,1.0638120569246137,418.40383410453796,0.0
10,waypoint_07,-30.0,0.38323956389577535,-0.8322438621242686,1.0638120569246137,562.6166462898254,0.0
11,waypoint_07,-30.0,0.38323956389577535,-0.8322438621242686,1.0638120569246137,551.3477325439453,0.0
12,waypoint_07,-30.0,0.38323956389577535,-0.8322438621242686,1.0638120569246137,917.5273180007935,0.0
13,waypoint_07,-30.0,0.38323956389577535,-0.8322438621242686,1.0638120569246137,391.0635709762573,0.0
14,waypoint_07,-30.0,0.38323956389577535,-0.8322438621242686,1.0638120569246137,817.7297115325928,0.0
0,waypoint_07,-15.0,0.38323956389577535,-0.8322438621242686,1.0638120569246137,4292.079448699951,0.0
1,waypoint_07,-15.0,0.38323956389577535,-0.8322438621242686,1.0638120569246137,3282.9368114471436,0.0
2,waypoint_07,-15.0,0.38323956389577535,-0.8322438621242686,1.0638120569246137,2844.479560852051,0.0
3,waypoint_07,-15.0,0.38323956389577535,-0.8322438621242686,1.0638120569246137,1206.312894821167,0.0
4,waypoint_07,-15.0,0.38323956389577535,-0.8322438621242686,1.0638120569246137,1143.0983543395996,0.0
5,waypoint_07,-15.0,0.38323956389577535,-0.8322438621242686,1.0638120569246137,2239.0542030334473,0.0
6,waypoint_07,-15.0,0.38323956389577535,-0.8322438621242686,1.0638120569246137,2508.291244506836,0.0
7,waypoint_07,-15.0,0.38323956389577535,-0.8322438621242686,1.0638120569246137,1496.728777885437,0.0
8,waypoint_07,-15.0,0.38323956389577535,-0.8322438621242686,1.0638120569246137,445.27000188827515,0.0
9,waypoint_07,-15.0,0.38323956389577535,-0.8322438621242686,1.0638120569246137,437.7181828022003,0.0
10,waypoint_07,-15.0,0.38323956389577535,-0.8322438621242686,1.0638120569246137,557.1635365486145,0.0
11,waypoint_07,-15.0,0.38323956389577535,-0.8322438621242686,1.0638120569246137,531.9935083389282,0.0
12,waypoint_07,-15.0,0.38323956389577535,-0.8322438621242686,1.0638120569246137,889.7336721420288,0.0
13,waypoint_07,-15.0,0.38323956389577535,-0.8322438621242686,1.0638120569246137,387.2651159763336,0.0
14,waypoint_07,-15.0,0.38323956389577535,-0.8322438621242686,1.0638120569246137,817.7429437637329,0.0
0,waypoint_07,0.0,0.38323956389577535,-0.8322438621242686,1.0638120569246137,4348.852157592773,0.0
1,waypoint_07,0.0,0.38323956389577535,-0.8322438621242686,1.0638120569246137,3284.8360538482666,0.0
2,waypoint_07,0.0,0.38323956389577535,-0.8322438621242686,1.0638120569246137,2983.217477798462,0.0
3,waypoint_07,0.0,0.38323956389577535,-0.8322438621242686,1.0638120569246137,1220.030665397644,0.0
4,waypoint_07,0.0,0.38323956389577535,-0.8322438621242686,1.0638120569246137,1165.7049655914307,0.0
5,waypoint_07,0.0,0.38323956389577535,-0.8322438621242686,1.0638120569246137,2173.204183578491,0.0
6,waypoint_07,0.0,0.38323956389577535,-0.8322438621242686,1.0638120569246137,2574.997663497925,0.0
7,waypoint_07,0.0,0.38323956389577535,-0.8322438621242686,1.0638120569246137,1506.204605102539,0.0
8,waypoint_07,0.0,0.38323956389577535,-0.8322438621242686,1.0638120569246137,485.1473867893219,0.0
9,waypoint_07,0.0,0.38323956389577535,-0.8322438621242686,1.0638120569246137,468.29885244369507,0.0
10,waypoint_07,0.0,0.38323956389577535,-0.8322438621242686,1.0638120569246137,494.5916533470154,0.0
11,waypoint_07,0.0,0.38323956389577535,-0.8322438621242686,1.0638120569246137,556.6856861114502,0.0
12,waypoint_07,0.0,0.38323956389577535,-0.8322438621242686,1.0638120569246137,865.254282951355,0.0
13,waypoint_07,0.0,0.38323956389577535,-0.8322438621242686,1.0638120569246137,269.79896426200867,0.0
14,waypoint_07,0.0,0.38323956389577535,-0.8322438621242686,1.0638120569246137,817.7453875541687,0.0
0,waypoint_07,15.0,0.38323956389577535,-0.8322438621242686,1.0638120569246137,4338.201522827148,0.0
1,waypoint_07,15.0,0.38323956389577535,-0.8322438621242686,1.0638120569246137,3287.6803874969482,0.0
2,waypoint_07,15.0,0.38323956389577535,-0.8322438621242686,1.0638120569246137,3017.3754692077637,0.0
3,waypoint_07,15.0,0.38323956389577535,-0.8322438621242686,1.0638120569246137,1247.4430799484253,0.0
4,waypoint_07,15.0,0.38323956389577535,-0.8322438621242686,1.0638120569246137,1161.6897583007812,0.0
5,waypoint_07,15.0,0.38323956389577535,-0.8322438621242686,1.0638120569246137,1655.9351682662964,0.0
6,waypoint_07,15.0,0.38323956389577535,-0.8322438621242686,1.0638120569246137,2404.0091037750244,0.0
7,waypoint_07,15.0,0.38323956389577535,-0.8322438621242686,1.0638120569246137,1333.0453634262085,0.0
8,waypoint_07,15.0,0.38323956389577535,-0.8322438621242686,1.0638120569246137,494.6892261505127,0.0
9,waypoint_07,15.0,0.38323956389577535,-0.8322438621242686,1.0638120569246137,473.430335521698,0.0
10,waypoint_07,15.0,0.38323956389577535,-0.8322438621242686,1.0638120569246137,511.90048456192017,0.0
11,waypoint_07,15.0,0.38323956389577535,-0.8322438621242686,1.0638120569246137,534.3255400657654,0.0
12,waypoint_07,15.0,0.38323956389577535,-0.8322438621242686,1.0638120569246137,843.0679440498352,0.0
13,waypoint_07,15.0,0.38323956389577535,-0.8322438621242686,1.0638120569246137,521.6282606124878,0.0
14,waypoint_07,15.0,0.38323956389577535,-0.8322438621242686,1.0638120569246137,817.804753780365,0.0
0,waypoint_07,30.0,0.38323956389577535,-0.8322438621242686,1.0638120569246137,4337.79764175415,0.0
1,waypoint_07,30.0,0.38323956389577535,-0.8322438621242686,1.0638120569246137,3290.645122528076,0.0
2,waypoint_07,30.0,0.38323956389577535,-0.8322438621242686,1.0638120569246137,3042.4985885620117,0.0
3,waypoint_07,30.0,0.38323956389577535,-0.8322438621242686,1.0638120569246137,1253.240704536438,0.0
4,waypoint_07,30.0,0.38323956389577535,-0.8322438621242686,1.0638120569246137,1164.1472578048706,0.0
5,waypoint_07,30.0,0.38323956389577535,-0.8322438621242686,1.0638120569246137,1726.3121604919434,0.0
6,waypoint_07,30.0,0.38323956389577535,-0.8322438621242686,1.0638120569246137,2557.926893234253,0.0
7,waypoint_07,30.0,0.38323956389577535,-0.8322438621242686,1.0638120569246137,1286.4245176315308,0.0
8,waypoint_07,30.0,0.38323956389577535,-0.8322438621242686,1.0638120569246137,481.49147629737854,0.0
9,waypoint_07,30.0,0.38323956389577535,-0.8322438621242686,1.0638120569246137,453.6839723587036,0.0
10,waypoint_07,30.0,0.38323956389577535,-0.8322438621242686,1.0638120569246137,509.6864104270935,0.0
11,waypoint_07,30.0,0.38323956389577535,-0.8322438621242686,1.0638120569246137,594.1942930221558,0.0
12,waypoint_07,30.0,0.38323956389577535,-0.8322438621242686,1.0638120569246137,835.8286619186401,0.0
13,waypoint_07,30.0,0.38323956389577535,-0.8322438621242686,1.0638120569246137,579.0501236915588,0.0
14,waypoint_07,30.0,0.38323956389577535,-0.8322438621242686,1.0638120569246137,818.4663653373718,0.0
0,waypoint_08,30.0,0.40323956389577514,-0.8322438621242686,1.0638120569246137,4336.009979248047,0.0
1,waypoint_08,30.0,0.40323956389577514,-0.8322438621242686,1.0638120569246137,3292.2275066375732,0.0
2,waypoint_08,30.0,0.40323956389577514,-0.8322438621242686,1.0638120569246137,3012.174606323242,0.0
3,waypoint_08,30.0,0.40323956389577514,-0.8322438621242686,1.0638120569246137,1208.4695100784302,0.0
4,waypoint_08,30.0,0.40323956389577514,-0.8322438621242686,1.0638120569246137,1143.2143449783325,0.0
5,waypoint_08,30.0,0.40323956389577514,-0.8322438621242686,1.0638120569246137,1718.9913988113403,0.0
6,waypoint_08,30.0,0.40323956389577514,-0.8322438621242686,1.0638120569246137,2431.0240745544434,0.0
7,waypoint_08,30.0,0.40323956389577514,-0.8322438621242686,1.0638120569246137,1368.5188293457031,0.0
8,waypoint_08,30.0,0.40323956389577514,-0.8322438621242686,1.0638120569246137,498.7167716026306,0.0
9,waypoint_08,30.0,0.40323956389577514,-0.8322438621242686,1.0638120569246137,469.9719250202179,0.0
10,waypoint_08,30.0,0.40323956389577514,-0.8322438621242686,1.0638120569246137,486.2428903579712,0.0
11,waypoint_08,30.0,0.40323956389577514,-0.8322438621242686,1.0638120569246137,590.7236933708191,0.0
12,waypoint_08,30.0,0.40323956389577514,-0.8322438621242686,1.0638120569246137,849.8284220695496,0.0
13,waypoint_08,30.0,0.40323956389577514,-0.8322438621242686,1.0638120569246137,579.992413520813,0.0
14,waypoint_08,30.0,0.40323956389577514,-0.8322438621242686,1.0638120569246137,833.2288861274719,0.0
0,waypoint_08,15.0,0.40323956389577514,-0.8322438621242686,1.0638120569246137,4366.879463195801,0.0
1,waypoint_08,15.0,0.40323956389577514,-0.8322438621242686,1.0638120569246137,3289.1197204589844,0.0
2,waypoint_08,15.0,0.40323956389577514,-0.8322438621242686,1.0638120569246137,3054.0201663970947,0.0
3,waypoint_08,15.0,0.40323956389577514,-0.8322438621242686,1.0638120569246137,1225.0274419784546,0.0
4,waypoint_08,15.0,0.40323956389577514,-0.8322438621242686,1.0638120569246137,1137.1631622314453,0.0
5,waypoint_08,15.0,0.40323956389577514,-0.8322438621242686,1.0638120569246137,1648.8549709320068,0.0
6,waypoint_08,15.0,0.40323956389577514,-0.8322438621242686,1.0638120569246137,2594.613790512085,0.0
7,waypoint_08,15.0,0.40323956389577514,-0.8322438621242686,1.0638120569246137,1299.3906736373901,0.0
8,waypoint_08,15.0,0.40323956389577514,-0.8322438621242686,1.0638120569246137,511.19768619537354,0.0
9,waypoint_08,15.0,0.40323956389577514,-0.8322438621242686,1.0638120569246137,489.19734358787537,0.0
10,waypoint_08,15.0,0.40323956389577514,-0.8322438621242686,1.0638120569246137,490.7691776752472,0.0
11,waypoint_08,15.0,0.40323956389577514,-0.8322438621242686,1.0638120569246137,588.5546207427979,0.0
12,waypoint_08,15.0,0.40323956389577514,-0.8322438621242686,1.0638120569246137,868.2501316070557,0.0
13,waypoint_08,15.0,0.40323956389577514,-0.8322438621242686,1.0638120569246137,535.9182953834534,0.0
14,waypoint_08,15.0,0.40323956389577514,-0.8322438621242686,1.0638120569246137,833.0099582672119,0.0
0,waypoint_08,0.0,0.40323956389577514,-0.8322438621242686,1.0638120569246137,4314.397811889648,0.0
1,waypoint_08,0.0,0.40323956389577514,-0.8322438621242686,1.0638120569246137,3286.184549331665,0.0
2,waypoint_08,0.0,0.40323956389577514,-0.8322438621242686,1.0638120569246137,3011.0979080200195,0.0
3,waypoint_08,0.0,0.40323956389577514,-0.8322438621242686,1.0638120569246137,1194.24569606781,0.0
4,waypoint_08,0.0,0.40323956389577514,-0.8322438621242686,1.0638120569246137,1150.3961086273193,0.0
5,waypoint_08,0.0,0.40323956389577514,-0.8322438621242686,1.0638120569246137,2043.6644554138184,0.0
6,waypoint_08,0.0,0.40323956389577514,-0.8322438621242686,1.0638120569246137,2406.571626663208,0.0
7,waypoint_08,0.0,0.40323956389577514,-0.8322438621242686,1.0638120569246137,1475.7492542266846,0.0
8,waypoint_08,0.0,0.40323956389577514,-0.8322438621242686,1.0638120569246137,511.85429096221924,0.0
9,waypoint_08,0.0,0.40323956389577514,-0.8322438621242686,1.0638120569246137,482.0999503135681,0.0
10,waypoint_08,0.0,0.40323956389577514,-0.8322438621242686,1.0638120569246137,478.61000895500183,0.0
11,waypoint_08,0.0,0.40323956389577514,-0.8322438621242686,1.0638120569246137,551.5518188476562,0.0
12,waypoint_08,0.0,0.40323956389577514,-0.8322438621242686,1.0638120569246137,887.579083442688,0.0
13,waypoint_08,0.0,0.40323956389577514,-0.8322438621242686,1.0638120569246137,534.7256660461426,0.0
14,waypoint_08,0.0,0.40323956389577514,-0.8322438621242686,1.0638120569246137,832.9685926437378,0.0
0,waypoint_08,-15.0,0.40323956389577514,-0.8322438621242686,1.0638120569246137,4366.14465713501,0.0
1,waypoint_08,-15.0,0.40323956389577514,-0.8322438621242686,1.0638120569246137,3284.2841148376465,0.0
2,waypoint_08,-15.0,0.40323956389577514,-0.8322438621242686,1.0638120569246137,2949.962377548218,0.0
3,waypoint_08,-15.0,0.40323956389577514,-0.8322438621242686,1.0638120569246137,1188.3972883224487,0.0
4,waypoint_08,-15.0,0.40323956389577514,-0.8322438621242686,1.0638120569246137,1155.2040576934814,0.0
5,waypoint_08,-15.0,0.40323956389577514,-0.8322438621242686,1.0638120569246137,2235.16845703125,0.0
6,waypoint_08,-15.0,0.40323956389577514,-0.8322438621242686,1.0638120569246137,2526.7348289489746,0.0
7,waypoint_08,-15.0,0.40323956389577514,-0.8322438621242686,1.0638120569246137,1577.193260192871,0.0
8,waypoint_08,-15.0,0.40323956389577514,-0.8322438621242686,1.0638120569246137,510.6979012489319,0.0
9,waypoint_08,-15.0,0.40323956389577514,-0.8322438621242686,1.0638120569246137,462.39253878593445,0.0
10,waypoint_08,-15.0,0.40323956389577514,-0.8322438621242686,1.0638120569246137,467.43619441986084,0.0
11,waypoint_08,-15.0,0.40323956389577514,-0.8322438621242686,1.0638120569246137,548.4291911125183,0.0
12,waypoint_08,-15.0,0.40323956389577514,-0.8322438621242686,1.0638120569246137,907.9766869544983,0.0
13,waypoint_08,-15.0,0.40323956389577514,-0.8322438621242686,1.0638120569246137,513.8673782348633,0.0
14,waypoint_08,-15.0,0.40323956389577514,-0.8322438621242686,1.0638120569246137,832.963228225708,0.0
0,waypoint_08,-30.0,0.40323956389577514,-0.8322438621242686,1.0638120569246137,4340.793609619141,0.0
1,waypoint_08,-30.0,0.40323956389577514,-0.8322438621242686,1.0638120569246137,3284.285068511963,0.0
2,waypoint_08,-30.0,0.40323956389577514,-0.8322438621242686,1.0638120569246137,2899.322032928467,0.0
3,waypoint_08,-30.0,0.40323956389577514,-0.8322438621242686,1.0638120569246137,1084.6726894378662,0.0
4,waypoint_08,-30.0,0.40323956389577514,-0.8322438621242686,1.0638120569246137,1166.5087938308716,0.0
5,waypoint_08,-30.0,0.40323956389577514,-0.8322438621242686,1.0638120569246137,2267.293930053711,0.0
6,waypoint_08,-30.0,0.40323956389577514,-0.8322438621242686,1.0638120569246137,2563.537836074829,0.0
7,waypoint_08,-30.0,0.40323956389577514,-0.8322438621242686,1.0638120569246137,1617.7291870117188,0.0
8,waypoint_08,-30.0,0.40323956389577514,-0.8322438621242686,1.0638120569246137,508.30018520355225,0.0
9,waypoint_08,-30.0,0.40323956389577514,-0.8322438621242686,1.0638120569246137,428.50178480148315,0.0
10,waypoint_08,-30.0,0.40323956389577514,-0.8322438621242686,1.0638120569246137,467.922568321228,0.0
11,waypoint_08,-30.0,0.40323956389577514,-0.8322438621242686,1.0638120569246137,542.5220727920532,0.0
12,waypoint_08,-30.0,0.40323956389577514,-0.8322438621242686,1.0638120569246137,934.7707629203796,0.0
13,waypoint_08,-30.0,0.40323956389577514,-0.8322438621242686,1.0638120569246137,530.2581787109375,0.0
14,waypoint_08,-30.0,0.40323956389577514,-0.8322438621242686,1.0638120569246137,832.9554796218872,0.0
0,waypoint_09,-30.0,0.4232395638957754,-0.8322438621242686,1.0638120569246137,4369.042873382568,0.0
1,waypoint_09,-30.0,0.4232395638957754,-0.8322438621242686,1.0638120569246137,3286.116600036621,0.0
2,waypoint_09,-30.0,0.4232395638957754,-0.8322438621242686,1.0638120569246137,2891.46089553833,0.0
3,waypoint_09,-30.0,0.4232395638957754,-0.8322438621242686,1.0638120569246137,1056.3349723815918,0.0
4,waypoint_09,-30.0,0.4232395638957754,-0.8322438621242686,1.0638120569246137,1186.0077381134033,0.0
5,waypoint_09,-30.0,0.4232395638957754,-0.8322438621242686,1.0638120569246137,2263.9899253845215,0.0
6,waypoint_09,-30.0,0.4232395638957754,-0.8322438621242686,1.0638120569246137,2531.393527984619,0.0
7,waypoint_09,-30.0,0.4232395638957754,-0.8322438621242686,1.0638120569246137,1530.2573442459106,0.0
8,waypoint_09,-30.0,0.4232395638957754,-0.8322438621242686,1.0638120569246137,525.0126123428345,0.0
9,waypoint_09,-30.0,0.4232395638957754,-0.8322438621242686,1.0638120569246137,438.91313672065735,0.0
10,waypoint_09,-30.0,0.4232395638957754,-0.8322438621242686,1.0638120569246137,475.62554478645325,0.0
11,waypoint_09,-30.0,0.4232395638957754,-0.8322438621242686,1.0638120569246137,547.3101735115051,0.0
12,waypoint_09,-30.0,0.4232395638957754,-0.8322438621242686,1.0638120569246137,948.4925866127014,0.0
13,waypoint_09,-30.0,0.4232395638957754,-0.8322438621242686,1.0638120569246137,541.6935682296753,0.0
14,waypoint_09,-30.0,0.4232395638957754,-0.8322438621242686,1.0638120569246137,847.7448225021362,0.0
0,waypoint_09,-15.0,0.4232395638957754,-0.8322438621242686,1.0638120569246137,4332.168102264404,0.0
1,waypoint_09,-15.0,0.4232395638957754,-0.8322438621242686,1.0638120569246137,3285.745620727539,0.0
2,waypoint_09,-15.0,0.4232395638957754,-0.8322438621242686,1.0638120569246137,2878.3228397369385,0.0
3,waypoint_09,-15.0,0.4232395638957754,-0.8322438621242686,1.0638120569246137,1211.480736732483,0.0
4,waypoint_09,-15.0,0.4232395638957754,-0.8322438621242686,1.0638120569246137,1162.882924079895,0.0
5,waypoint_09,-15.0,0.4232395638957754,-0.8322438621242686,1.0638120569246137,2231.5514087677,0.0
6,waypoint_09,-15.0,0.4232395638957754,-0.8322438621242686,1.0638120569246137,2492.917537689209,0.0
7,waypoint_09,-15.0,0.4232395638957754,-0.8322438621242686,1.0638120569246137,1371.9035387039185,0.0
8,waypoint_09,-15.0,0.4232395638957754,-0.8322438621242686,1.0638120569246137,525.2217650413513,0.0
9,waypoint_09,-15.0,0.4232395638957754,-0.8322438621242686,1.0638120569246137,455.2669823169708,0.0
10,waypoint_09,-15.0,0.4232395638957754,-0.8322438621242686,1.0638120569246137,481.18287324905396,0.0
11,waypoint_09,-15.0,0.4232395638957754,-0.8322438621242686,1.0638120569246137,543.2896018028259,0.0
12,waypoint_09,-15.0,0.4232395638957754,-0.8322438621242686,1.0638120569246137,922.3212003707886,0.0
13,waypoint_09,-15.0,0.4232395638957754,-0.8322438621242686,1.0638120569246137,531.0913324356079,0.0
14,waypoint_09,-15.0,0.4232395638957754,-0.8322438621242686,1.0638120569246137,847.7522134780884,0.0
0,waypoint_09,0.0,0.4232395638957754,-0.8322438621242686,1.0638120569246137,4371.121883392334,0.0
1,waypoint_09,0.0,0.4232395638957754,-0.8322438621242686,1.0638120569246137,3287.287712097168,0.0
2,waypoint_09,0.0,0.4232395638957754,-0.8322438621242686,1.0638120569246137,3058.175563812256,0.0
3,waypoint_09,0.0,0.4232395638957754,-0.8322438621242686,1.0638120569246137,1180.7197332382202,0.0
4,waypoint_09,0.0,0.4232395638957754,-0.8322438621242686,1.0638120569246137,1160.1320505142212,0.0
5,waypoint_09,0.0,0.4232395638957754,-0.8322438621242686,1.0638120569246137,2165.0514602661133,0.0
6,waypoint_09,0.0,0.4232395638957754,-0.8322438621242686,1.0638120569246137,2516.74222946167,0.0
7,waypoint_09,0.0,0.4232395638957754,-0.8322438621242686,1.0638120569246137,1468.045711517334,0.0
8,waypoint_09,0.0,0.4232395638957754,-0.8322438621242686,1.0638120569246137,526.2076258659363,0.0
9,waypoint_09,0.0,0.4232395638957754,-0.8322438621242686,1.0638120569246137,487.04835772514343,0.0
10,waypoint_09,0.0,0.4232395638957754,-0.8322438621242686,1.0638120569246137,484.75512862205505,0.0
11,waypoint_09,0.0,0.4232395638957754,-0.8322438621242686,1.0638120569246137,525.2856016159058,0.0
12,waypoint_09,0.0,0.4232395638957754,-0.8322438621242686,1.0638120569246137,901.7785787582397,0.0
13,waypoint_09,0.0,0.4232395638957754,-0.8322438621242686,1.0638120569246137,546.2252497673035,0.0
14,waypoint_09,0.0,0.4232395638957754,-0.8322438621242686,1.0638120569246137,847.7541208267212,0.0
0,waypoint_09,15.0,0.4232395638957754,-0.8322438621242686,1.0638120569246137,4350.614547729492,0.0
1,waypoint_09,15.0,0.4232395638957754,-0.8322438621242686,1.0638120569246137,3290.022611618042,0.0
2,waypoint_09,15.0,0.4232395638957754,-0.8322438621242686,1.0638120569246137,3043.0469512939453,0.0
3,waypoint_09,15.0,0.4232395638957754,-0.8322438621242686,1.0638120569246137,1198.583722114563,0.0
4,waypoint_09,15.0,0.4232395638957754,-0.8322438621242686,1.0638120569246137,1161.232829093933,0.0
5,waypoint_09,15.0,0.4232395638957754,-0.8322438621242686,1.0638120569246137,1641.9199705123901,0.0
6,waypoint_09,15.0,0.4232395638957754,-0.8322438621242686,1.0638120569246137,2512.3515129089355,0.0
7,waypoint_09,15.0,0.4232395638957754,-0.8322438621242686,1.0638120569246137,1388.3874416351318,0.0
8,waypoint_09,15.0,0.4232395638957754,-0.8322438621242686,1.0638120569246137,527.3593664169312,0.0
9,waypoint_09,15.0,0.4232395638957754,-0.8322438621242686,1.0638120569246137,498.21051955223083,0.0
10,waypoint_09,15.0,0.4232395638957754,-0.8322438621242686,1.0638120569246137,476.6699969768524,0.0
11,waypoint_09,15.0,0.4232395638957754,-0.8322438621242686,1.0638120569246137,572.8932023048401,0.0
12,waypoint_09,15.0,0.4232395638957754,-0.8322438621242686,1.0638120569246137,882.8008770942688,0.0
13,waypoint_09,15.0,0.4232395638957754,-0.8322438621242686,1.0638120569246137,525.9851217269897,0.0
14,waypoint_09,15.0,0.4232395638957754,-0.8322438621242686,1.0638120569246137,847.7702140808105,0.0
0,waypoint_09,30.0,0.4232395638957754,-0.8322438621242686,1.0638120569246137,4439.164161682129,0.0
1,waypoint_09,30.0,0.4232395638957754,-0.8322438621242686,1.0638120569246137,3293.065309524536,0.0
2,waypoint_09,30.0,0.4232395638957754,-0.8322438621242686,1.0638120569246137,3043.177366256714,0.0
3,waypoint_09,30.0,0.4232395638957754,-0.8322438621242686,1.0638120569246137,1229.8316955566406,0.0
4,waypoint_09,30.0,0.4232395638957754,-0.8322438621242686,1.0638120569246137,1162.1147394180298,0.0
5,waypoint_09,30.0,0.4232395638957754,-0.8322438621242686,1.0638120569246137,1711.8006944656372,0.0
6,waypoint_09,30.0,0.4232395638957754,-0.8322438621242686,1.0638120569246137,2628.868818283081,0.0
7,waypoint_09,30.0,0.4232395638957754,-0.8322438621242686,1.0638120569246137,1424.3416786193848,0.0
8,waypoint_09,30.0,0.4232395638957754,-0.8322438621242686,1.0638120569246137,515.5532956123352,0.0
9,waypoint_09,30.0,0.4232395638957754,-0.8322438621242686,1.0638120569246137,486.97757720947266,0.0
10,waypoint_09,30.0,0.4232395638957754,-0.8322438621242686,1.0638120569246137,474.3201732635498,0.0
11,waypoint_09,30.0,0.4232395638957754,-0.8322438621242686,1.0638120569246137,594.5063829421997,0.0
12,waypoint_09,30.0,0.4232395638957754,-0.8322438621242686,1.0638120569246137,872.924268245697,0.0
13,waypoint_09,30.0,0.4232395638957754,-0.8322438621242686,1.0638120569246137,586.8421792984009,0.0
14,waypoint_09,30.0,0.4232395638957754,-0.8322438621242686,1.0638120569246137,848.2227921485901,0.0
0,waypoint_10,30.0,0.4432395638957752,-0.8322438621242686,1.0638120569246137,4452.955722808838,0.0
1,waypoint_10,30.0,0.4432395638957752,-0.8322438621242686,1.0638120569246137,3294.7750091552734,0.0
2,waypoint_10,30.0,0.4432395638957752,-0.8322438621242686,1.0638120569246137,3037.058115005493,0.0
3,waypoint_10,30.0,0.4432395638957752,-0.8322438621242686,1.0638120569246137,1212.968111038208,0.0
4,waypoint_10,30.0,0.4432395638957752,-0.8322438621242686,1.0638120569246137,1142.9628133773804,0.0
5,waypoint_10,30.0,0.4432395638957752,-0.8322438621242686,1.0638120569246137,1704.8038244247437,0.0
6,waypoint_10,30.0,0.4432395638957752,-0.8322438621242686,1.0638120569246137,2562.8838539123535,0.0
7,waypoint_10,30.0,0.4432395638957752,-0.8322438621242686,1.0638120569246137,1371.321201324463,0.0
8,waypoint_10,30.0,0.4432395638957752,-0.8322438621242686,1.0638120569246137,533.5521697998047,0.0
9,waypoint_10,30.0,0.4432395638957752,-0.8322438621242686,1.0638120569246137,504.05997037887573,0.0
10,waypoint_10,30.0,0.4432395638957752,-0.8322438621242686,1.0638120569246137,465.2356207370758,0.0
11,waypoint_10,30.0,0.4432395638957752,-0.8322438621242686,1.0638120569246137,557.4504733085632,0.0
12,waypoint_10,30.0,0.4432395638957752,-0.8322438621242686,1.0638120569246137,887.2034549713135,0.0
13,waypoint_10,30.0,0.4432395638957752,-0.8322438621242686,1.0638120569246137,597.6396799087524,0.0
14,waypoint_10,30.0,0.4432395638957752,-0.8322438621242686,1.0638120569246137,863.201379776001,0.0
0,waypoint_10,15.0,0.4432395638957752,-0.8322438621242686,1.0638120569246137,4394.601345062256,0.0
1,waypoint_10,15.0,0.4432395638957752,-0.8322438621242686,1.0638120569246137,3291.635036468506,0.0
2,waypoint_10,15.0,0.4432395638957752,-0.8322438621242686,1.0638120569246137,3013.261079788208,0.0
3,waypoint_10,15.0,0.4432395638957752,-0.8322438621242686,1.0638120569246137,1199.8237371444702,0.0
4,waypoint_10,15.0,0.4432395638957752,-0.8322438621242686,1.0638120569246137,1141.9070959091187,0.0
5,waypoint_10,15.0,0.4432395638957752,-0.8322438621242686,1.0638120569246137,1635.1789236068726,0.0
6,waypoint_10,15.0,0.4432395638957752,-0.8322438621242686,1.0638120569246137,2467.6876068115234,0.0
7,waypoint_10,15.0,0.4432395638957752,-0.8322438621242686,1.0638120569246137,1151.3639688491821,0.0
8,waypoint_10,15.0,0.4432395638957752,-0.8322438621242686,1.0638120569246137,545.0637340545654,0.0
9,waypoint_10,15.0,0.4432395638957752,-0.8322438621242686,1.0638120569246137,514.884889125824,0.0
10,waypoint_10,15.0,0.4432395638957752,-0.8322438621242686,1.0638120569246137,474.619597196579,0.0
11,waypoint_10,15.0,0.4432395638957752,-0.8322438621242686,1.0638120569246137,533.7637662887573,0.0
12,waypoint_10,15.0,0.4432395638957752,-0.8322438621242686,1.0638120569246137,903.8254618644714,0.0
13,waypoint_10,15.0,0.4432395638957752,-0.8322438621242686,1.0638120569246137,567.1809911727905,0.0
14,waypoint_10,15.0,0.4432395638957752,-0.8322438621242686,1.0638120569246137,863.0166053771973,0.0
0,waypoint_10,0.0,0.4432395638957752,-0.8322438621242686,1.0638120569246137,4359.986782073975,0.0
1,waypoint_10,0.0,0.4432395638957752,-0.8322438621242686,1.0638120569246137,3288.891553878784,0.0
2,waypoint_10,0.0,0.4432395638957752,-0.8322438621242686,1.0638120569246137,3066.293954849243,0.0
3,waypoint_10,0.0,0.4432395638957752,-0.8322438621242686,1.0638120569246137,1210.1380825042725,0.0
4,waypoint_10,0.0,0.4432395638957752,-0.8322438621242686,1.0638120569246137,1141.6263580322266,0.0
5,waypoint_10,0.0,0.4432395638957752,-0.8322438621242686,1.0638120569246137,1644.1811323165894,0.0
6,waypoint_10,0.0,0.4432395638957752,-0.8322438621242686,1.0638120569246137,2508.857011795044,0.0
7,waypoint_10,0.0,0.4432395638957752,-0.8322438621242686,1.0638120569246137,1412.0843410491943,0.0
8,waypoint_10,0.0,0.4432395638957752,-0.8322438621242686,1.0638120569246137,545.9288954734802,0.0
9,waypoint_10,0.0,0.4432395638957752,-0.8322438621242686,1.0638120569246137,516.1991119384766,0.0
10,waypoint_10,0.0,0.4432395638957752,-0.8322438621242686,1.0638120569246137,473.624050617218,0.0
11,waypoint_10,0.0,0.4432395638957752,-0.8322438621242686,1.0638120569246137,517.0374512672424,0.0
12,waypoint_10,0.0,0.4432395638957752,-0.8322438621242686,1.0638120569246137,921.0870862007141,0.0
13,waypoint_10,0.0,0.4432395638957752,-0.8322438621242686,1.0638120569246137,556.2416911125183,0.0
14,waypoint_10,0.0,0.4432395638957752,-0.8322438621242686,1.0638120569246137,862.9908561706543,0.0
0,waypoint_10,-15.0,0.4432395638957752,-0.8322438621242686,1.0638120569246137,4408.755779266357,0.0
1,waypoint_10,-15.0,0.4432395638957752,-0.8322438621242686,1.0638120569246137,3287.2159481048584,0.0
2,waypoint_10,-15.0,0.4432395638957752,-0.8322438621242686,1.0638120569246137,3026.1545181274414,0.0
3,waypoint_10,-15.0,0.4432395638957752,-0.8322438621242686,1.0638120569246137,1132.991075515747,0.0
4,waypoint_10,-15.0,0.4432395638957752,-0.8322438621242686,1.0638120569246137,1144.9458599090576,0.0
5,waypoint_10,-15.0,0.4432395638957752,-0.8322438621242686,1.0638120569246137,2228.9795875549316,0.0
6,waypoint_10,-15.0,0.4432395638957752,-0.8322438621242686,1.0638120569246137,2546.4890003204346,0.0
7,waypoint_10,-15.0,0.4432395638957752,-0.8322438621242686,1.0638120569246137,1548.225998878479,0.0
8,waypoint_10,-15.0,0.4432395638957752,-0.8322438621242686,1.0638120569246137,544.9268221855164,0.0
9,waypoint_10,-15.0,0.4432395638957752,-0.8322438621242686,1.0638120569246137,515.3337121009827,0.0
10,waypoint_10,-15.0,0.4432395638957752,-0.8322438621242686,1.0638120569246137,454.2091190814972,0.0
11,waypoint_10,-15.0,0.4432395638957752,-0.8322438621242686,1.0638120569246137,515.7210230827332,0.0
12,waypoint_10,-15.0,0.4432395638957752,-0.8322438621242686,1.0638120569246137,939.2732381820679,0.0
13,waypoint_10,-15.0,0.4432395638957752,-0.8322438621242686,1.0638120569246137,549.0842461585999,0.0
14,waypoint_10,-15.0,0.4432395638957752,-0.8322438621242686,1.0638120569246137,862.9906177520752,0.0
0,waypoint_10,-30.0,0.4432395638957752,-0.8322438621242686,1.0638120569246137,4344.10285949707,0.0
1,waypoint_10,-30.0,0.4432395638957752,-0.8322438621242686,1.0638120569246137,3287.672281265259,0.0
2,waypoint_10,-30.0,0.4432395638957752,-0.8322438621242686,1.0638120569246137,2880.387306213379,0.0
3,waypoint_10,-30.0,0.4432395638957752,-0.8322438621242686,1.0638120569246137,1042.4737930297852,0.0
4,waypoint_10,-30.0,0.4432395638957752,-0.8322438621242686,1.0638120569246137,1168.1227684020996,0.0
5,waypoint_10,-30.0,0.4432395638957752,-0.8322438621242686,1.0638120569246137,2260.03098487854,0.0
6,waypoint_10,-30.0,0.4432395638957752,-0.8322438621242686,1.0638120569246137,2500.5805492401123,0.0
7,waypoint_10,-30.0,0.4432395638957752,-0.8322438621242686,1.0638120569246137,1597.3522663116455,0.0
8,waypoint_10,-30.0,0.4432395638957752,-0.8322438621242686,1.0638120569246137,541.1471128463745,0.0
9,waypoint_10,-30.0,0.4432395638957752,-0.8322438621242686,1.0638120569246137,511.3144516944885,0.0
10,waypoint_10,-30.0,0.4432395638957752,-0.8322438621242686,1.0638120569246137,421.6625988483429,0.0
11,waypoint_10,-30.0,0.4432395638957752,-0.8322438621242686,1.0638120569246137,511.7455720901489,0.0
12,waypoint_10,-30.0,0.4432395638957752,-0.8322438621242686,1.0638120569246137,963.0274772644043,0.0
13,waypoint_10,-30.0,0.4432395638957752,-0.8322438621242686,1.0638120569246137,557.8991174697876,0.0
14,waypoint_10,-30.0,0.4432395638957752,-0.8322438621242686,1.0638120569246137,862.9817962646484,0.0
0,waypoint_11,-30.0,0.2632395638957761,-0.8068737827527108,1.0638120569246137,4200.678825378418,0.0
1,waypoint_11,-30.0,0.2632395638957761,-0.8068737827527108,1.0638120569246137,3248.140573501587,0.0
2,waypoint_11,-30.0,0.2632395638957761,-0.8068737827527108,1.0638120569246137,2997.183322906494,0.0
3,waypoint_11,-30.0,0.2632395638957761,-0.8068737827527108,1.0638120569246137,1156.710147857666,0.0
4,waypoint_11,-30.0,0.2632395638957761,-0.8068737827527108,1.0638120569246137,1310.2244138717651,0.0
5,waypoint_11,-30.0,0.2632395638957761,-0.8068737827527108,1.0638120569246137,2264.723539352417,0.0
6,waypoint_11,-30.0,0.2632395638957761,-0.8068737827527108,1.0638120569246137,2655.2388668060303,0.0
7,waypoint_11,-30.0,0.2632395638957761,-0.8068737827527108,1.0638120569246137,1518.3842182159424,0.0
8,waypoint_11,-30.0,0.2632395638957761,-0.8068737827527108,1.0638120569246137,412.7439558506012,0.0
9,waypoint_11,-30.0,0.2632395638957761,-0.8068737827527108,1.0638120569246137,367.325097322464,0.0
10,waypoint_11,-30.0,0.2632395638957761,-0.8068737827527108,1.0638120569246137,285.1661145687103,0.0
11,waypoint_11,-30.0,0.2632395638957761,-0.8068737827527108,1.0638120569246137,424.31285977363586,0.0
12,waypoint_11,-30.0,0.2632395638957761,-0.8068737827527108,1.0638120569246137,830.8864235877991,0.0
13,waypoint_11,-30.0,0.2632395638957761,-0.8068737827527108,1.0638120569246137,442.0522153377533,0.0
14,waypoint_11,-30.0,0.2632395638957761,-0.8068737827527108,1.0638120569246137,718.2220220565796,0.0
0,waypoint_11,-15.0,0.2632395638957761,-0.8068737827527108,1.0638120569246137,4172.574996948242,0.0
1,waypoint_11,-15.0,0.2632395638957761,-0.8068737827527108,1.0638120569246137,3248.670816421509,0.0
2,waypoint_11,-15.0,0.2632395638957761,-0.8068737827527108,1.0638120569246137,2938.2588863372803,0.0
3,waypoint_11,-15.0,0.2632395638957761,-0.8068737827527108,1.0638120569246137,1330.5319547653198,0.0
4,waypoint_11,-15.0,0.2632395638957761,-0.8068737827527108,1.0638120569246137,1315.9666061401367,0.0
5,waypoint_11,-15.0,0.2632395638957761,-0.8068737827527108,1.0638120569246137,2234.76505279541,0.0
6,waypoint_11,-15.0,0.2632395638957761,-0.8068737827527108,1.0638120569246137,2670.0685024261475,0.0
7,waypoint_11,-15.0,0.2632395638957761,-0.8068737827527108,1.0638120569246137,1830.1348686218262,0.0
8,waypoint_11,-15.0,0.2632395638957761,-0.8068737827527108,1.0638120569246137,422.7716028690338,0.0
9,waypoint_11,-15.0,0.2632395638957761,-0.8068737827527108,1.0638120569246137,377.25475430488586,0.0
10,waypoint_11,-15.0,0.2632395638957761,-0.8068737827527108,1.0638120569246137,331.38641715049744,0.0
11,waypoint_11,-15.0,0.2632395638957761,-0.8068737827527108,1.0638120569246137,395.5819606781006,0.0
12,waypoint_11,-15.0,0.2632395638957761,-0.8068737827527108,1.0638120569246137,804.8878908157349,0.0
13,waypoint_11,-15.0,0.2632395638957761,-0.8068737827527108,1.0638120569246137,436.23432517051697,0.0
14,waypoint_11,-15.0,0.2632395638957761,-0.8068737827527108,1.0638120569246137,718.2348370552063,0.0
0,waypoint_11,0.0,0.2632395638957761,-0.8068737827527108,1.0638120569246137,4180.635929107666,0.0
1,waypoint_11,0.0,0.2632395638957761,-0.8068737827527108,1.0638120569246137,3251.063346862793,0.0
2,waypoint_11,0.0,0.2632395638957761,-0.8068737827527108,1.0638120569246137,3056.8246841430664,0.0
3,waypoint_11,0.0,0.2632395638957761,-0.8068737827527108,1.0638120569246137,1269.7972059249878,0.0
4,waypoint_11,0.0,0.2632395638957761,-0.8068737827527108,1.0638120569246137,1316.3042068481445,0.0
5,waypoint_11,0.0,0.2632395638957761,-0.8068737827527108,1.0638120569246137,2162.757158279419,0.0
6,waypoint_11,0.0,0.2632395638957761,-0.8068737827527108,1.0638120569246137,2481.6646575927734,0.0
7,waypoint_11,0.0,0.2632395638957761,-0.8068737827527108,1.0638120569246137,1580.7024240493774,0.0
8,waypoint_11,0.0,0.2632395638957761,-0.8068737827527108,1.0638120569246137,461.7711305618286,0.0
9,waypoint_11,0.0,0.2632395638957761,-0.8068737827527108,1.0638120569246137,456.85645937919617,0.0
10,waypoint_11,0.0,0.2632395638957761,-0.8068737827527108,1.0638120569246137,468.58781576156616,0.0
11,waypoint_11,0.0,0.2632395638957761,-0.8068737827527108,1.0638120569246137,460.6375992298126,0.0
12,waypoint_11,0.0,0.2632395638957761,-0.8068737827527108,1.0638120569246137,784.7734093666077,0.0
13,waypoint_11,0.0,0.2632395638957761,-0.8068737827527108,1.0638120569246137,409.7810089588165,0.0
14,waypoint_11,0.0,0.2632395638957761,-0.8068737827527108,1.0638120569246137,718.2593941688538,0.0
0,waypoint_11,15.0,0.2632395638957761,-0.8068737827527108,1.0638120569246137,4263.370037078857,0.0
1,waypoint_11,15.0,0.2632395638957761,-0.8068737827527108,1.0638120569246137,3254.488468170166,0.0
2,waypoint_11,15.0,0.2632395638957761,-0.8068737827527108,1.0638120569246137,3079.8909664154053,0.0
3,waypoint_11,15.0,0.2632395638957761,-0.8068737827527108,1.0638120569246137,1283.1870317459106,0.0
4,waypoint_11,15.0,0.2632395638957761,-0.8068737827527108,1.0638120569246137,1323.3246803283691,0.0
5,waypoint_11,15.0,0.2632395638957761,-0.8068737827527108,1.0638120569246137,1677.6039600372314,0.0
6,waypoint_11,15.0,0.2632395638957761,-0.8068737827527108,1.0638120569246137,2638.2832527160645,0.0
7,waypoint_11,15.0,0.2632395638957761,-0.8068737827527108,1.0638120569246137,1526.442527770996,0.0
8,waypoint_11,15.0,0.2632395638957761,-0.8068737827527108,1.0638120569246137,574.6743083000183,0.0
9,waypoint_11,15.0,0.2632395638957761,-0.8068737827527108,1.0638120569246137,536.0320210456848,0.0
10,waypoint_11,15.0,0.2632395638957761,-0.8068737827527108,1.0638120569246137,508.6607336997986,0.0
11,waypoint_11,15.0,0.2632395638957761,-0.8068737827527108,1.0638120569246137,447.96544313430786,0.0
12,waypoint_11,15.0,0.2632395638957761,-0.8068737827527108,1.0638120569246137,766.0556435585022,0.0
13,waypoint_11,15.0,0.2632395638957761,-0.8068737827527108,1.0638120569246137,423.18278551101685,0.0
14,waypoint_11,15.0,0.2632395638957761,-0.8068737827527108,1.0638120569246137,719.047486782074,0.0
0,waypoint_11,30.0,0.2632395638957761,-0.8068737827527108,1.0638120569246137,4274.9199867248535,0.0
1,waypoint_11,30.0,0.2632395638957761,-0.8068737827527108,1.0638120569246137,3258.019208908081,0.0
2,waypoint_11,30.0,0.2632395638957761,-0.8068737827527108,1.0638120569246137,3103.25026512146,0.0
3,waypoint_11,30.0,0.2632395638957761,-0.8068737827527108,1.0638120569246137,1303.8856983184814,0.0
4,waypoint_11,30.0,0.2632395638957761,-0.8068737827527108,1.0638120569246137,1315.821647644043,0.0
5,waypoint_11,30.0,0.2632395638957761,-0.8068737827527108,1.0638120569246137,1754.2837858200073,0.0
6,waypoint_11,30.0,0.2632395638957761,-0.8068737827527108,1.0638120569246137,2717.376708984375,0.0
7,waypoint_11,30.0,0.2632395638957761,-0.8068737827527108,1.0638120569246137,1358.7467670440674,0.0
8,waypoint_11,30.0,0.2632395638957761,-0.8068737827527108,1.0638120569246137,580.5160999298096,0.0
9,waypoint_11,30.0,0.2632395638957761,-0.8068737827527108,1.0638120569246137,578.8421630859375,0.0
10,waypoint_11,30.0,0.2632395638957761,-0.8068737827527108,1.0638120569246137,564.4099712371826,0.0
11,waypoint_11,30.0,0.2632395638957761,-0.8068737827527108,1.0638120569246137,530.6254029273987,0.0
12,waypoint_11,30.0,0.2632395638957761,-0.8068737827527108,1.0638120569246137,754.4069290161133,0.0
13,waypoint_11,30.0,0.2632395638957761,-0.8068737827527108,1.0638120569246137,535.5984568595886,0.0
14,waypoint_11,30.0,0.2632395638957761,-0.8068737827527108,1.0638120569246137,700.5661725997925,0.0
0,waypoint_12,30.0,0.28323956389577565,-0.8068737827527108,1.0638120569246137,4210.300445556641,0.0
1,waypoint_12,30.0,0.28323956389577565,-0.8068737827527108,1.0638120569246137,3258.82625579834,0.0
2,waypoint_12,30.0,0.28323956389577565,-0.8068737827527108,1.0638120569246137,3054.432153701782,0.0
3,waypoint_12,30.0,0.28323956389577565,-0.8068737827527108,1.0638120569246137,1316.0459995269775,0.0
4,waypoint_12,30.0,0.28323956389577565,-0.8068737827527108,1.0638120569246137,1297.6891994476318,0.0
5,waypoint_12,30.0,0.28323956389577565,-0.8068737827527108,1.0638120569246137,1745.9220886230469,0.0
6,waypoint_12,30.0,0.28323956389577565,-0.8068737827527108,1.0638120569246137,2767.378091812134,0.0
7,waypoint_12,30.0,0.28323956389577565,-0.8068737827527108,1.0638120569246137,1431.872010231018,0.0
8,waypoint_12,30.0,0.28323956389577565,-0.8068737827527108,1.0638120569246137,509.8921060562134,0.0
9,waypoint_12,30.0,0.28323956389577565,-0.8068737827527108,1.0638120569246137,603.0567288398743,0.0
10,waypoint_12,30.0,0.28323956389577565,-0.8068737827527108,1.0638120569246137,538.5016798973083,0.0
11,waypoint_12,30.0,0.28323956389577565,-0.8068737827527108,1.0638120569246137,542.5124764442444,0.0
12,waypoint_12,30.0,0.28323956389577565,-0.8068737827527108,1.0638120569246137,766.9796347618103,0.0
13,waypoint_12,30.0,0.28323956389577565,-0.8068737827527108,1.0638120569246137,517.6331400871277,0.0
14,waypoint_12,30.0,0.28323956389577565,-0.8068737827527108,1.0638120569246137,713.7609720230103,0.0
0,waypoint_12,15.0,0.28323956389577565,-0.8068737827527108,1.0638120569246137,4288.339138031006,0.0
1,waypoint_12,15.0,0.28323956389577565,-0.8068737827527108,1.0638120569246137,3255.2614212036133,0.0
2,waypoint_12,15.0,0.28323956389577565,-0.8068737827527108,1.0638120569246137,3056.492567062378,0.0
3,waypoint_12,15.0,0.28323956389577565,-0.8068737827527108,1.0638120569246137,1281.520128250122,0.0
4,waypoint_12,15.0,0.28323956389577565,-0.8068737827527108,1.0638120569246137,1301.1808395385742,0.0
5,waypoint_12,15.0,0.28323956389577565,-0.8068737827527108,1.0638120569246137,1669.3507432937622,0.0
6,waypoint_12,15.0,0.28323956389577565,-0.8068737827527108,1.0638120569246137,2660.82501411438,0.0
7,waypoint_12,15.0,0.28323956389577565,-0.8068737827527108,1.0638120569246137,1387.4906301498413,0.0
8,waypoint_12,15.0,0.28323956389577565,-0.8068737827527108,1.0638120569246137,508.8123679161072,0.0
9,waypoint_12,15.0,0.28323956389577565,-0.8068737827527108,1.0638120569246137,590.23118019104,0.0
10,waypoint_12,15.0,0.28323956389577565,-0.8068737827527108,1.0638120569246137,533.0585241317749,0.0
11,waypoint_12,15.0,0.28323956389577565,-0.8068737827527108,1.0638120569246137,475.80739855766296,0.0
12,waypoint_12,15.0,0.28323956389577565,-0.8068737827527108,1.0638120569246137,778.8946032524109,0.0
13,waypoint_12,15.0,0.28323956389577565,-0.8068737827527108,1.0638120569246137,449.14817810058594,0.0
14,waypoint_12,15.0,0.28323956389577565,-0.8068737827527108,1.0638120569246137,679.8455715179443,0.0
0,waypoint_12,0.0,0.28323956389577565,-0.8068737827527108,1.0638120569246137,4206.148147583008,0.0
1,waypoint_12,0.0,0.28323956389577565,-0.8068737827527108,1.0638120569246137,3251.8088817596436,0.0
2,waypoint_12,0.0,0.28323956389577565,-0.8068737827527108,1.0638120569246137,3153.0566215515137,0.0
3,waypoint_12,0.0,0.28323956389577565,-0.8068737827527108,1.0638120569246137,1341.5122032165527,0.0
4,waypoint_12,0.0,0.28323956389577565,-0.8068737827527108,1.0638120569246137,1299.491286277771,0.0
5,waypoint_12,0.0,0.28323956389577565,-0.8068737827527108,1.0638120569246137,1933.9091777801514,0.0
6,waypoint_12,0.0,0.28323956389577565,-0.8068737827527108,1.0638120569246137,2615.9210205078125,0.0
7,waypoint_12,0.0,0.28323956389577565,-0.8068737827527108,1.0638120569246137,1563.470959663391,0.0
8,waypoint_12,0.0,0.28323956389577565,-0.8068737827527108,1.0638120569246137,491.2753701210022,0.0
9,waypoint_12,0.0,0.28323956389577565,-0.8068737827527108,1.0638120569246137,549.731433391571,0.0
10,waypoint_12,0.0,0.28323956389577565,-0.8068737827527108,1.0638120569246137,524.5744585990906,0.0
11,waypoint_12,0.0,0.28323956389577565,-0.8068737827527108,1.0638120569246137,477.74532437324524,0.0
12,waypoint_12,0.0,0.28323956389577565,-0.8068737827527108,1.0638120569246137,797.4165678024292,0.0
13,waypoint_12,0.0,0.28323956389577565,-0.8068737827527108,1.0638120569246137,423.34961891174316,0.0
14,waypoint_12,0.0,0.28323956389577565,-0.8068737827527108,1.0638120569246137,827.5359869003296,0.0
0,waypoint_12,-15.0,0.28323956389577565,-0.8068737827527108,1.0638120569246137,4225.095748901367,0.0
1,waypoint_12,-15.0,0.28323956389577565,-0.8068737827527108,1.0638120569246137,3249.473810195923,0.0
2,waypoint_12,-15.0,0.28323956389577565,-0.8068737827527108,1.0638120569246137,3039.6811962127686,0.0
3,waypoint_12,-15.0,0.28323956389577565,-0.8068737827527108,1.0638120569246137,1269.0099477767944,0.0
4,waypoint_12,-15.0,0.28323956389577565,-0.8068737827527108,1.0638120569246137,1304.1462898254395,0.0
5,waypoint_12,-15.0,0.28323956389577565,-0.8068737827527108,1.0638120569246137,2225.9347438812256,0.0
6,waypoint_12,-15.0,0.28323956389577565,-0.8068737827527108,1.0638120569246137,2647.17698097229,0.0
7,waypoint_12,-15.0,0.28323956389577565,-0.8068737827527108,1.0638120569246137,1614.2539978027344,0.0
8,waypoint_12,-15.0,0.28323956389577565,-0.8068737827527108,1.0638120569246137,484.96901988983154,0.0
9,waypoint_12,-15.0,0.28323956389577565,-0.8068737827527108,1.0638120569246137,530.4669141769409,0.0
10,waypoint_12,-15.0,0.28323956389577565,-0.8068737827527108,1.0638120569246137,510.1030468940735,0.0
11,waypoint_12,-15.0,0.28323956389577565,-0.8068737827527108,1.0638120569246137,442.2246813774109,0.0
12,waypoint_12,-15.0,0.28323956389577565,-0.8068737827527108,1.0638120569246137,817.5325989723206,0.0
13,waypoint_12,-15.0,0.28323956389577565,-0.8068737827527108,1.0638120569246137,445.7745850086212,0.0
14,waypoint_12,-15.0,0.28323956389577565,-0.8068737827527108,1.0638120569246137,890.0615572929382,0.0
0,waypoint_12,-30.0,0.28323956389577565,-0.8068737827527108,1.0638120569246137,4186.071872711182,0.0
1,waypoint_12,-30.0,0.28323956389577565,-0.8068737827527108,1.0638120569246137,3249.0622997283936,0.0
2,waypoint_12,-30.0,0.28323956389577565,-0.8068737827527108,1.0638120569246137,2934.481382369995,0.0
3,waypoint_12,-30.0,0.28323956389577565,-0.8068737827527108,1.0638120569246137,1147.8922367095947,0.0
4,waypoint_12,-30.0,0.28323956389577565,-0.8068737827527108,1.0638120569246137,1300.2729415893555,0.0
5,waypoint_12,-30.0,0.28323956389577565,-0.8068737827527108,1.0638120569246137,2264.4550800323486,0.0
6,waypoint_12,-30.0,0.28323956389577565,-0.8068737827527108,1.0638120569246137,2617.386817932129,0.0
7,waypoint_12,-30.0,0.28323956389577565,-0.8068737827527108,1.0638120569246137,1814.9240016937256,0.0
8,waypoint_12,-30.0,0.28323956389577565,-0.8068737827527108,1.0638120569246137,487.7067506313324,0.0
9,waypoint_12,-30.0,0.28323956389577565,-0.8068737827527108,1.0638120569246137,542.3799157142639,0.0
10,waypoint_12,-30.0,0.28323956389577565,-0.8068737827527108,1.0638120569246137,502.7851462364197,0.0
11,waypoint_12,-30.0,0.28323956389577565,-0.8068737827527108,1.0638120569246137,445.0998902320862,0.0
12,waypoint_12,-30.0,0.28323956389577565,-0.8068737827527108,1.0638120569246137,843.1220650672913,0.0
13,waypoint_12,-30.0,0.28323956389577565,-0.8068737827527108,1.0638120569246137,407.08228945732117,0.0
14,waypoint_12,-30.0,0.28323956389577565,-0.8068737827527108,1.0638120569246137,959.9269032478333,0.0
0,waypoint_13,-30.0,0.30323956389577544,-0.8068737827527108,1.0638120569246137,4231.497764587402,0.0
1,waypoint_13,-30.0,0.30323956389577544,-0.8068737827527108,1.0638120569246137,3250.244379043579,0.0
2,waypoint_13,-30.0,0.30323956389577544,-0.8068737827527108,1.0638120569246137,2960.151195526123,0.0
3,waypoint_13,-30.0,0.30323956389577544,-0.8068737827527108,1.0638120569246137,1133.0662965774536,0.0
4,waypoint_13,-30.0,0.30323956389577544,-0.8068737827527108,1.0638120569246137,1278.6041498184204,0.0
5,waypoint_13,-30.0,0.30323956389577544,-0.8068737827527108,1.0638120569246137,2260.1025104522705,0.0
6,waypoint_13,-30.0,0.30323956389577544,-0.8068737827527108,1.0638120569246137,2635.8702182769775,0.0
7,waypoint_13,-30.0,0.30323956389577544,-0.8068737827527108,1.0638120569246137,1750.7222890853882,0.0
8,waypoint_13,-30.0,0.30323956389577544,-0.8068737827527108,1.0638120569246137,493.25594305992126,0.0
9,waypoint_13,-30.0,0.30323956389577544,-0.8068737827527108,1.0638120569246137,539.0036702156067,0.0
10,waypoint_13,-30.0,0.30323956389577544,-0.8068737827527108,1.0638120569246137,518.0345773696899,0.0
11,waypoint_13,-30.0,0.30323956389577544,-0.8068737827527108,1.0638120569246137,456.4707279205322,0.0
12,waypoint_13,-30.0,0.30323956389577544,-0.8068737827527108,1.0638120569246137,855.5781841278076,0.0
13,waypoint_13,-30.0,0.30323956389577544,-0.8068737827527108,1.0638120569246137,410.6825292110443,0.0
14,waypoint_13,-30.0,0.30323956389577544,-0.8068737827527108,1.0638120569246137,933.4867596626282,0.0
0,waypoint_13,-15.0,0.30323956389577544,-0.8068737827527108,1.0638120569246137,4244.885444641113,0.0
1,waypoint_13,-15.0,0.30323956389577544,-0.8068737827527108,1.0638120569246137,3250.399589538574,0.0
2,waypoint_13,-15.0,0.30323956389577544,-0.8068737827527108,1.0638120569246137,2965.5208587646484,0.0
3,waypoint_13,-15.0,0.30323956389577544,-0.8068737827527108,1.0638120569246137,1240.936517715454,0.0
4,waypoint_13,-15.0,0.30323956389577544,-0.8068737827527108,1.0638120569246137,1283.4960222244263,0.0
5,waypoint_13,-15.0,0.30323956389577544,-0.8068737827527108,1.0638120569246137,2225.959300994873,0.0
6,waypoint_13,-15.0,0.30323956389577544,-0.8068737827527108,1.0638120569246137,2597.649574279785,0.0
7,waypoint_13,-15.0,0.30323956389577544,-0.8068737827527108,1.0638120569246137,1371.4666366577148,0.0
8,waypoint_13,-15.0,0.30323956389577544,-0.8068737827527108,1.0638120569246137,496.52349948883057,0.0
9,waypoint_13,-15.0,0.30323956389577544,-0.8068737827527108,1.0638120569246137,539.6867990493774,0.0
10,waypoint_13,-15.0,0.30323956389577544,-0.8068737827527108,1.0638120569246137,499.2121756076813,0.0
11,waypoint_13,-15.0,0.30323956389577544,-0.8068737827527108,1.0638120569246137,423.3580529689789,0.0
12,waypoint_13,-15.0,0.30323956389577544,-0.8068737827527108,1.0638120569246137,830.4281234741211,0.0
13,waypoint_13,-15.0,0.30323956389577544,-0.8068737827527108,1.0638120569246137,417.6042973995209,0.0
14,waypoint_13,-15.0,0.30323956389577544,-0.8068737827527108,1.0638120569246137,870.7883954048157,0.0
0,waypoint_13,0.0,0.30323956389577544,-0.8068737827527108,1.0638120569246137,4279.828071594238,0.0
1,waypoint_13,0.0,0.30323956389577544,-0.8068737827527108,1.0638120569246137,3252.5856494903564,0.0
2,waypoint_13,0.0,0.30323956389577544,-0.8068737827527108,1.0638120569246137,3066.3697719573975,0.0
3,waypoint_13,0.0,0.30323956389577544,-0.8068737827527108,1.0638120569246137,1285.8185768127441,0.0
4,waypoint_13,0.0,0.30323956389577544,-0.8068737827527108,1.0638120569246137,1283.4703922271729,0.0
5,waypoint_13,0.0,0.30323956389577544,-0.8068737827527108,1.0638120569246137,2153.34153175354,0.0
6,waypoint_13,0.0,0.30323956389577544,-0.8068737827527108,1.0638120569246137,2511.061191558838,0.0
7,waypoint_13,0.0,0.30323956389577544,-0.8068737827527108,1.0638120569246137,1533.1881046295166,0.0
8,waypoint_13,0.0,0.30323956389577544,-0.8068737827527108,1.0638120569246137,489.98722434043884,0.0
9,waypoint_13,0.0,0.30323956389577544,-0.8068737827527108,1.0638120569246137,514.3262147903442,0.0
10,waypoint_13,0.0,0.30323956389577544,-0.8068737827527108,1.0638120569246137,528.5710096359253,0.0
11,waypoint_13,0.0,0.30323956389577544,-0.8068737827527108,1.0638120569246137,487.158328294754,0.0
12,waypoint_13,0.0,0.30323956389577544,-0.8068737827527108,1.0638120569246137,811.1453652381897,0.0
13,waypoint_13,0.0,0.30323956389577544,-0.8068737827527108,1.0638120569246137,440.5583143234253,0.0
14,waypoint_13,0.0,0.30323956389577544,-0.8068737827527108,1.0638120569246137,887.1177434921265,0.0
0,waypoint_13,15.0,0.30323956389577544,-0.8068737827527108,1.0638120569246137,4256.267070770264,0.0
1,waypoint_13,15.0,0.30323956389577544,-0.8068737827527108,1.0638120569246137,3255.9125423431396,0.0
2,waypoint_13,15.0,0.30323956389577544,-0.8068737827527108,1.0638120569246137,3069.0033435821533,0.0
3,waypoint_13,15.0,0.30323956389577544,-0.8068737827527108,1.0638120569246137,1359.413981437683,0.0
4,waypoint_13,15.0,0.30323956389577544,-0.8068737827527108,1.0638120569246137,1286.310315132141,0.0
5,waypoint_13,15.0,0.30323956389577544,-0.8068737827527108,1.0638120569246137,1661.259651184082,0.0
6,waypoint_13,15.0,0.30323956389577544,-0.8068737827527108,1.0638120569246137,2591.2044048309326,0.0
7,waypoint_13,15.0,0.30323956389577544,-0.8068737827527108,1.0638120569246137,1492.9702281951904,0.0
8,waypoint_13,15.0,0.30323956389577544,-0.8068737827527108,1.0638120569246137,483.77278447151184,0.0
9,waypoint_13,15.0,0.30323956389577544,-0.8068737827527108,1.0638120569246137,575.5554437637329,0.0
10,waypoint_13,15.0,0.30323956389577544,-0.8068737827527108,1.0638120569246137,524.5532393455505,0.0
11,waypoint_13,15.0,0.30323956389577544,-0.8068737827527108,1.0638120569246137,486.10633611679077,0.0
12,waypoint_13,15.0,0.30323956389577544,-0.8068737827527108,1.0638120569246137,793.0101156234741,0.0
13,waypoint_13,15.0,0.30323956389577544,-0.8068737827527108,1.0638120569246137,445.0031518936157,0.0
14,waypoint_13,15.0,0.30323956389577544,-0.8068737827527108,1.0638120569246137,716.492772102356,0.0
0,waypoint_13,30.0,0.30323956389577544,-0.8068737827527108,1.0638120569246137,4259.856700897217,0.0
1,waypoint_13,30.0,0.30323956389577544,-0.8068737827527108,1.0638120569246137,3259.4401836395264,0.0
2,waypoint_13,30.0,0.30323956389577544,-0.8068737827527108,1.0638120569246137,3111.556053161621,0.0
3,waypoint_13,30.0,0.30323956389577544,-0.8068737827527108,1.0638120569246137,1310.4625940322876,0.0
4,waypoint_13,30.0,0.30323956389577544,-0.8068737827527108,1.0638120569246137,1282.0532321929932,0.0
5,waypoint_13,30.0,0.30323956389577544,-0.8068737827527108,1.0638120569246137,1737.70272731781,0.0
6,waypoint_13,30.0,0.30323956389577544,-0.8068737827527108,1.0638120569246137,2425.4708290100098,0.0
7,waypoint_13,30.0,0.30323956389577544,-0.8068737827527108,1.0638120569246137,1269.0001726150513,0.0
8,waypoint_13,30.0,0.30323956389577544,-0.8068737827527108,1.0638120569246137,480.0858497619629,0.0
9,waypoint_13,30.0,0.30323956389577544,-0.8068737827527108,1.0638120569246137,591.6903614997864,0.0
10,waypoint_13,30.0,0.30323956389577544,-0.8068737827527108,1.0638120569246137,556.4960241317749,0.0
11,waypoint_13,30.0,0.30323956389577544,-0.8068737827527108,1.0638120569246137,539.2031073570251,0.0
12,waypoint_13,30.0,0.30323956389577544,-0.8068737827527108,1.0638120569246137,781.673789024353,0.0
13,waypoint_13,30.0,0.30323956389577544,-0.8068737827527108,1.0638120569246137,552.1680116653442,0.0
14,waypoint_13,30.0,0.30323956389577544,-0.8068737827527108,1.0638120569246137,721.5961217880249,0.0
0,waypoint_14,30.0,0.32323956389577596,-0.8068737827527108,1.0638120569246137,4280.960559844971,0.0
1,waypoint_14,30.0,0.32323956389577596,-0.8068737827527108,1.0638120569246137,3260.409116744995,0.0
2,waypoint_14,30.0,0.32323956389577596,-0.8068737827527108,1.0638120569246137,3014.6350860595703,0.0
3,waypoint_14,30.0,0.32323956389577596,-0.8068737827527108,1.0638120569246137,1263.1431818008423,0.0
4,waypoint_14,30.0,0.32323956389577596,-0.8068737827527108,1.0638120569246137,1261.9024515151978,0.0
5,waypoint_14,30.0,0.32323956389577596,-0.8068737827527108,1.0638120569246137,1729.6547889709473,0.0
6,waypoint_14,30.0,0.32323956389577596,-0.8068737827527108,1.0638120569246137,2672.868251800537,0.0
7,waypoint_14,30.0,0.32323956389577596,-0.8068737827527108,1.0638120569246137,1446.3039636611938,0.0
8,waypoint_14,30.0,0.32323956389577596,-0.8068737827527108,1.0638120569246137,464.4838571548462,0.0
9,waypoint_14,30.0,0.32323956389577596,-0.8068737827527108,1.0638120569246137,518.7862515449524,0.0
10,waypoint_14,30.0,0.32323956389577596,-0.8068737827527108,1.0638120569246137,577.7029395103455,0.0
11,waypoint_14,30.0,0.32323956389577596,-0.8068737827527108,1.0638120569246137,536.0782742500305,0.0
12,waypoint_14,30.0,0.32323956389577596,-0.8068737827527108,1.0638120569246137,794.8504090309143,0.0
13,waypoint_14,30.0,0.32323956389577596,-0.8068737827527108,1.0638120569246137,529.360294342041,0.0
14,waypoint_14,30.0,0.32323956389577596,-0.8068737827527108,1.0638120569246137,693.8040256500244,0.0
0,waypoint_14,15.0,0.32323956389577596,-0.8068737827527108,1.0638120569246137,4272.482395172119,0.0
1,waypoint_14,15.0,0.32323956389577596,-0.8068737827527108,1.0638120569246137,3256.8440437316895,0.0
2,waypoint_14,15.0,0.32323956389577596,-0.8068737827527108,1.0638120569246137,3088.0842208862305,0.0
3,waypoint_14,15.0,0.32323956389577596,-0.8068737827527108,1.0638120569246137,1264.6597623825073,0.0
4,waypoint_14,15.0,0.32323956389577596,-0.8068737827527108,1.0638120569246137,1256.8118572235107,0.0
5,waypoint_14,15.0,0.32323956389577596,-0.8068737827527108,1.0638120569246137,1653.3331871032715,0.0
6,waypoint_14,15.0,0.32323956389577596,-0.8068737827527108,1.0638120569246137,2608.194351196289,0.0
7,waypoint_14,15.0,0.32323956389577596,-0.8068737827527108,1.0638120569246137,1554.2539358139038,0.0
8,waypoint_14,15.0,0.32323956389577596,-0.8068737827527108,1.0638120569246137,468.11333298683167,0.0
9,waypoint_14,15.0,0.32323956389577596,-0.8068737827527108,1.0638120569246137,514.8181319236755,0.0
10,waypoint_14,15.0,0.32323956389577596,-0.8068737827527108,1.0638120569246137,568.4124231338501,0.0
11,waypoint_14,15.0,0.32323956389577596,-0.8068737827527108,1.0638120569246137,506.0228109359741,0.0
12,waypoint_14,15.0,0.32323956389577596,-0.8068737827527108,1.0638120569246137,806.3924312591553,0.0
13,waypoint_14,15.0,0.32323956389577596,-0.8068737827527108,1.0638120569246137,470.74681520462036,0.0
14,waypoint_14,15.0,0.32323956389577596,-0.8068737827527108,1.0638120569246137,660.9134078025818,0.0
0,waypoint_14,0.0,0.32323956389577596,-0.8068737827527108,1.0638120569246137,4297.05286026001,0.0
1,waypoint_14,0.0,0.32323956389577596,-0.8068737827527108,1.0638120569246137,3253.5245418548584,0.0
2,waypoint_14,0.0,0.32323956389577596,-0.8068737827527108,1.0638120569246137,3061.8834495544434,0.0
3,waypoint_14,0.0,0.32323956389577596,-0.8068737827527108,1.0638120569246137,1287.806510925293,0.0
4,waypoint_14,0.0,0.32323956389577596,-0.8068737827527108,1.0638120569246137,1265.9810781478882,0.0
5,waypoint_14,0.0,0.32323956389577596,-0.8068737827527108,1.0638120569246137,1723.345398902893,0.0
6,waypoint_14,0.0,0.32323956389577596,-0.8068737827527108,1.0638120569246137,2593.8849449157715,0.0
7,waypoint_14,0.0,0.32323956389577596,-0.8068737827527108,1.0638120569246137,1461.906909942627,0.0
8,waypoint_14,0.0,0.32323956389577596,-0.8068737827527108,1.0638120569246137,456.5291106700897,0.0
9,waypoint_14,0.0,0.32323956389577596,-0.8068737827527108,1.0638120569246137,496.45379185676575,0.0
10,waypoint_14,0.0,0.32323956389577596,-0.8068737827527108,1.0638120569246137,540.4072403907776,0.0
11,waypoint_14,0.0,0.32323956389577596,-0.8068737827527108,1.0638120569246137,503.4523010253906,0.0
12,waypoint_14,0.0,0.32323956389577596,-0.8068737827527108,1.0638120569246137,824.3658542633057,0.0
13,waypoint_14,0.0,0.32323956389577596,-0.8068737827527108,1.0638120569246137,456.44819736480713,0.0
14,waypoint_14,0.0,0.32323956389577596,-0.8068737827527108,1.0638120569246137,737.0409965515137,0.0
0,waypoint_14,-15.0,0.32323956389577596,-0.8068737827527108,1.0638120569246137,4263.06676864624,0.0
1,waypoint_14,-15.0,0.32323956389577596,-0.8068737827527108,1.0638120569246137,3251.448154449463,0.0
2,waypoint_14,-15.0,0.32323956389577596,-0.8068737827527108,1.0638120569246137,2932.403326034546,0.0
3,waypoint_14,-15.0,0.32323956389577596,-0.8068737827527108,1.0638120569246137,1242.3408031463623,0.0
4,waypoint_14,-15.0,0.32323956389577596,-0.8068737827527108,1.0638120569246137,1262.4574899673462,0.0
5,waypoint_14,-15.0,0.32323956389577596,-0.8068737827527108,1.0638120569246137,2221.5301990509033,0.0
6,waypoint_14,-15.0,0.32323956389577596,-0.8068737827527108,1.0638120569246137,2621.6001510620117,0.0
7,waypoint_14,-15.0,0.32323956389577596,-0.8068737827527108,1.0638120569246137,1639.761209487915,0.0
8,waypoint_14,-15.0,0.32323956389577596,-0.8068737827527108,1.0638120569246137,439.4865036010742,0.0
9,waypoint_14,-15.0,0.32323956389577596,-0.8068737827527108,1.0638120569246137,495.29626965522766,0.0
10,waypoint_14,-15.0,0.32323956389577596,-0.8068737827527108,1.0638120569246137,522.9410529136658,0.0
11,waypoint_14,-15.0,0.32323956389577596,-0.8068737827527108,1.0638120569246137,483.11859369277954,0.0
12,waypoint_14,-15.0,0.32323956389577596,-0.8068737827527108,1.0638120569246137,843.7381386756897,0.0
13,waypoint_14,-15.0,0.32323956389577596,-0.8068737827527108,1.0638120569246137,439.19387459754944,0.0
14,waypoint_14,-15.0,0.32323956389577596,-0.8068737827527108,1.0638120569246137,940.3104782104492,0.0
0,waypoint_14,-30.0,0.32323956389577596,-0.8068737827527108,1.0638120569246137,4250.85973739624,0.0
1,waypoint_14,-30.0,0.32323956389577596,-0.8068737827527108,1.0638120569246137,3251.437187194824,0.0
2,waypoint_14,-30.0,0.32323956389577596,-0.8068737827527108,1.0638120569246137,2942.6207542419434,0.0
3,waypoint_14,-30.0,0.32323956389577596,-0.8068737827527108,1.0638120569246137,1121.0094690322876,0.0
4,waypoint_14,-30.0,0.32323956389577596,-0.8068737827527108,1.0638120569246137,1274.1254568099976,0.0
5,waypoint_14,-30.0,0.32323956389577596,-0.8068737827527108,1.0638120569246137,2256.235122680664,0.0
6,waypoint_14,-30.0,0.32323956389577596,-0.8068737827527108,1.0638120569246137,2567.845582962036,0.0
7,waypoint_14,-30.0,0.32323956389577596,-0.8068737827527108,1.0638120569246137,1631.9228410720825,0.0
8,waypoint_14,-30.0,0.32323956389577596,-0.8068737827527108,1.0638120569246137,412.42122650146484,0.0
9,waypoint_14,-30.0,0.32323956389577596,-0.8068737827527108,1.0638120569246137,489.3574118614197,0.0
10,waypoint_14,-30.0,0.32323956389577596,-0.8068737827527108,1.0638120569246137,535.297691822052,0.0
11,waypoint_14,-30.0,0.32323956389577596,-0.8068737827527108,1.0638120569246137,512.8021836280823,0.0
12,waypoint_14,-30.0,0.32323956389577596,-0.8068737827527108,1.0638120569246137,868.5186505317688,0.0
13,waypoint_14,-30.0,0.32323956389577596,-0.8068737827527108,1.0638120569246137,426.6884922981262,0.0
14,waypoint_14,-30.0,0.32323956389577596,-0.8068737827527108,1.0638120569246137,966.7747616767883,0.0
0,waypoint_15,-30.0,0.34323956389577553,-0.8068737827527108,1.0638120569246137,4262.62092590332,0.0
1,waypoint_15,-30.0,0.34323956389577553,-0.8068737827527108,1.0638120569246137,3252.838134765625,0.0
2,waypoint_15,-30.0,0.34323956389577553,-0.8068737827527108,1.0638120569246137,2900.6190299987793,0.0
3,waypoint_15,-30.0,0.34323956389577553,-0.8068737827527108,1.0638120569246137,1101.7316579818726,0.0
4,waypoint_15,-30.0,0.34323956389577553,-0.8068737827527108,1.0638120569246137,1236.329436302185,0.0
5,waypoint_15,-30.0,0.34323956389577553,-0.8068737827527108,1.0638120569246137,2252.3066997528076,0.0
6,waypoint_15,-30.0,0.34323956389577553,-0.8068737827527108,1.0638120569246137,2603.5144329071045,0.0
7,waypoint_15,-30.0,0.34323956389577553,-0.8068737827527108,1.0638120569246137,1496.8444108963013,0.0
8,waypoint_15,-30.0,0.34323956389577553,-0.8068737827527108,1.0638120569246137,422.23548889160156,0.0
9,waypoint_15,-30.0,0.34323956389577553,-0.8068737827527108,1.0638120569246137,499.1547763347626,0.0
10,waypoint_15,-30.0,0.34323956389577553,-0.8068737827527108,1.0638120569246137,531.5877199172974,0.0
11,waypoint_15,-30.0,0.34323956389577553,-0.8068737827527108,1.0638120569246137,524.0421295166016,0.0
12,waypoint_15,-30.0,0.34323956389577553,-0.8068737827527108,1.0638120569246137,881.5348148345947,0.0
13,waypoint_15,-30.0,0.34323956389577553,-0.8068737827527108,1.0638120569246137,434.38267707824707,0.0
14,waypoint_15,-30.0,0.34323956389577553,-0.8068737827527108,1.0638120569246137,979.5055389404297,0.0
0,waypoint_15,-15.0,0.34323956389577553,-0.8068737827527108,1.0638120569246137,4300.748825073242,0.0
1,waypoint_15,-15.0,0.34323956389577553,-0.8068737827527108,1.0638120569246137,3252.7308464050293,0.0
2,waypoint_15,-15.0,0.34323956389577553,-0.8068737827527108,1.0638120569246137,2945.265293121338,0.0
3,waypoint_15,-15.0,0.34323956389577553,-0.8068737827527108,1.0638120569246137,1254.536509513855,0.0
4,waypoint_15,-15.0,0.34323956389577553,-0.8068737827527108,1.0638120569246137,1231.628656387329,0.0
5,waypoint_15,-15.0,0.34323956389577553,-0.8068737827527108,1.0638120569246137,2218.6617851257324,0.0
6,waypoint_15,-15.0,0.34323956389577553,-0.8068737827527108,1.0638120569246137,2485.9185218811035,0.0
7,waypoint_15,-15.0,0.34323956389577553,-0.8068737827527108,1.0638120569246137,1352.7289628982544,0.0
8,waypoint_15,-15.0,0.34323956389577553,-0.8068737827527108,1.0638120569246137,441.8712556362152,0.0
9,waypoint_15,-15.0,0.34323956389577553,-0.8068737827527108,1.0638120569246137,500.41407346725464,0.0
10,waypoint_15,-15.0,0.34323956389577553,-0.8068737827527108,1.0638120569246137,536.655843257904,0.0
11,waypoint_15,-15.0,0.34323956389577553,-0.8068737827527108,1.0638120569246137,497.35262989997864,0.0
12,waypoint_15,-15.0,0.34323956389577553,-0.8068737827527108,1.0638120569246137,857.0542931556702,0.0
13,waypoint_15,-15.0,0.34323956389577553,-0.8068737827527108,1.0638120569246137,441.9032335281372,0.0
14,waypoint_15,-15.0,0.34323956389577553,-0.8068737827527108,1.0638120569246137,897.6483941078186,0.0
0,waypoint_15,0.0,0.34323956389577553,-0.8068737827527108,1.0638120569246137,4258.10432434082,0.0
1,waypoint_15,0.0,0.34323956389577553,-0.8068737827527108,1.0638120569246137,3254.697799682617,0.0
2,waypoint_15,0.0,0.34323956389577553,-0.8068737827527108,1.0638120569246137,3095.2696800231934,0.0
3,waypoint_15,0.0,0.34323956389577553,-0.8068737827527108,1.0638120569246137,1238.6767864227295,0.0
4,waypoint_15,0.0,0.34323956389577553,-0.8068737827527108,1.0638120569246137,1223.7215042114258,0.0
5,waypoint_15,0.0,0.34323956389577553,-0.8068737827527108,1.0638120569246137,2145.224094390869,0.0
6,waypoint_15,0.0,0.34323956389577553,-0.8068737827527108,1.0638120569246137,2446.347951889038,0.0
7,waypoint_15,0.0,0.34323956389577553,-0.8068737827527108,1.0638120569246137,1464.282751083374,0.0
8,waypoint_15,0.0,0.34323956389577553,-0.8068737827527108,1.0638120569246137,462.8882110118866,0.0
9,waypoint_15,0.0,0.34323956389577553,-0.8068737827527108,1.0638120569246137,468.65934133529663,0.0
10,waypoint_15,0.0,0.34323956389577553,-0.8068737827527108,1.0638120569246137,565.592885017395,0.0
11,waypoint_15,0.0,0.34323956389577553,-0.8068737827527108,1.0638120569246137,513.9452815055847,0.0
12,waypoint_15,0.0,0.34323956389577553,-0.8068737827527108,1.0638120569246137,838.5267853736877,0.0
13,waypoint_15,0.0,0.34323956389577553,-0.8068737827527108,1.0638120569246137,472.650408744812,0.0
14,waypoint_15,0.0,0.34323956389577553,-0.8068737827527108,1.0638120569246137,912.5888347625732,0.0
0,waypoint_15,15.0,0.34323956389577553,-0.8068737827527108,1.0638120569246137,4335.690021514893,0.0
1,waypoint_15,15.0,0.34323956389577553,-0.8068737827527108,1.0638120569246137,3257.9243183135986,0.0
2,waypoint_15,15.0,0.34323956389577553,-0.8068737827527108,1.0638120569246137,3026.771306991577,0.0
3,waypoint_15,15.0,0.34323956389577553,-0.8068737827527108,1.0638120569246137,1265.1792764663696,0.0
4,waypoint_15,15.0,0.34323956389577553,-0.8068737827527108,1.0638120569246137,1222.4034070968628,0.0
5,waypoint_15,15.0,0.34323956389577553,-0.8068737827527108,1.0638120569246137,1645.5843448638916,0.0
6,waypoint_15,15.0,0.34323956389577553,-0.8068737827527108,1.0638120569246137,2625.48828125,0.0
7,waypoint_15,15.0,0.34323956389577553,-0.8068737827527108,1.0638120569246137,1458.9529037475586,0.0
8,waypoint_15,15.0,0.34323956389577553,-0.8068737827527108,1.0638120569246137,454.2998969554901,0.0
9,waypoint_15,15.0,0.34323956389577553,-0.8068737827527108,1.0638120569246137,486.84024810791016,0.0
10,waypoint_15,15.0,0.34323956389577553,-0.8068737827527108,1.0638120569246137,549.4058132171631,0.0
11,waypoint_15,15.0,0.34323956389577553,-0.8068737827527108,1.0638120569246137,498.1103241443634,0.0
12,waypoint_15,15.0,0.34323956389577553,-0.8068737827527108,1.0638120569246137,820.9649920463562,0.0
13,waypoint_15,15.0,0.34323956389577553,-0.8068737827527108,1.0638120569246137,466.13869071006775,0.0
14,waypoint_15,15.0,0.34323956389577553,-0.8068737827527108,1.0638120569246137,736.0727787017822,0.0
0,waypoint_15,30.0,0.34323956389577553,-0.8068737827527108,1.0638120569246137,4357.00798034668,0.0
1,waypoint_15,30.0,0.34323956389577553,-0.8068737827527108,1.0638120569246137,3261.443614959717,0.0
2,waypoint_15,30.0,0.34323956389577553,-0.8068737827527108,1.0638120569246137,3084.8376750946045,0.0
3,waypoint_15,30.0,0.34323956389577553,-0.8068737827527108,1.0638120569246137,1262.6205682754517,0.0
4,waypoint_15,30.0,0.34323956389577553,-0.8068737827527108,1.0638120569246137,1222.879409790039,0.0
5,waypoint_15,30.0,0.34323956389577553,-0.8068737827527108,1.0638120569246137,1721.7553853988647,0.0
6,waypoint_15,30.0,0.34323956389577553,-0.8068737827527108,1.0638120569246137,2600.5101203918457,0.0
7,waypoint_15,30.0,0.34323956389577553,-0.8068737827527108,1.0638120569246137,1434.9735975265503,0.0
8,waypoint_15,30.0,0.34323956389577553,-0.8068737827527108,1.0638120569246137,460.7156217098236,0.0
9,waypoint_15,30.0,0.34323956389577553,-0.8068737827527108,1.0638120569246137,483.4789037704468,0.0
10,waypoint_15,30.0,0.34323956389577553,-0.8068737827527108,1.0638120569246137,581.8514823913574,0.0
11,waypoint_15,30.0,0.34323956389577553,-0.8068737827527108,1.0638120569246137,541.3993000984192,0.0
12,waypoint_15,30.0,0.34323956389577553,-0.8068737827527108,1.0638120569246137,810.3127479553223,0.0
13,waypoint_15,30.0,0.34323956389577553,-0.8068737827527108,1.0638120569246137,532.3696136474609,0.0
14,waypoint_15,30.0,0.34323956389577553,-0.8068737827527108,1.0638120569246137,749.5328187942505,0.0
0,waypoint_16,30.0,0.36323956389577516,-0.8068737827527108,1.0638120569246137,4318.416118621826,0.0
1,waypoint_16,30.0,0.36323956389577516,-0.8068737827527108,1.0638120569246137,3262.606143951416,0.0
2,waypoint_16,30.0,0.36323956389577516,-0.8068737827527108,1.0638120569246137,3024.843215942383,0.0
3,waypoint_16,30.0,0.36323956389577516,-0.8068737827527108,1.0638120569246137,1225.3963947296143,0.0
4,waypoint_16,30.0,0.36323956389577516,-0.8068737827527108,1.0638120569246137,1203.5905122756958,0.0
5,waypoint_16,30.0,0.36323956389577516,-0.8068737827527108,1.0638120569246137,1714.0202522277832,0.0
6,waypoint_16,30.0,0.36323956389577516,-0.8068737827527108,1.0638120569246137,2589.2488956451416,0.0
7,waypoint_16,30.0,0.36323956389577516,-0.8068737827527108,1.0638120569246137,1438.968539237976,0.0
8,waypoint_16,30.0,0.36323956389577516,-0.8068737827527108,1.0638120569246137,471.6423451900482,0.0
9,waypoint_16,30.0,0.36323956389577516,-0.8068737827527108,1.0638120569246137,466.2819504737854,0.0
10,waypoint_16,30.0,0.36323956389577516,-0.8068737827527108,1.0638120569246137,606.7233085632324,0.0
11,waypoint_16,30.0,0.36323956389577516,-0.8068737827527108,1.0638120569246137,556.4894676208496,0.0
12,waypoint_16,30.0,0.36323956389577516,-0.8068737827527108,1.0638120569246137,823.9766955375671,0.0
13,waypoint_16,30.0,0.36323956389577516,-0.8068737827527108,1.0638120569246137,565.1352405548096,0.0
14,waypoint_16,30.0,0.36323956389577516,-0.8068737827527108,1.0638120569246137,804.413378238678,0.0
0,waypoint_16,15.0,0.36323956389577516,-0.8068737827527108,1.0638120569246137,4289.271354675293,0.0
1,waypoint_16,15.0,0.36323956389577516,-0.8068737827527108,1.0638120569246137,3259.127616882324,0.0
2,waypoint_16,15.0,0.36323956389577516,-0.8068737827527108,1.0638120569246137,2998.6844062805176,0.0
3,waypoint_16,15.0,0.36323956389577516,-0.8068737827527108,1.0638120569246137,1240.6914234161377,0.0
4,waypoint_16,15.0,0.36323956389577516,-0.8068737827527108,1.0638120569246137,1202.9999494552612,0.0
5,waypoint_16,15.0,0.36323956389577516,-0.8068737827527108,1.0638120569246137,1637.9897594451904,0.0
6,waypoint_16,15.0,0.36323956389577516,-0.8068737827527108,1.0638120569246137,2390.014410018921,0.0
7,waypoint_16,15.0,0.36323956389577516,-0.8068737827527108,1.0638120569246137,1439.0020370483398,0.0
8,waypoint_16,15.0,0.36323956389577516,-0.8068737827527108,1.0638120569246137,473.16235303878784,0.0
9,waypoint_16,15.0,0.36323956389577516,-0.8068737827527108,1.0638120569246137,470.17985582351685,0.0
10,waypoint_16,15.0,0.36323956389577516,-0.8068737827527108,1.0638120569246137,601.009726524353,0.0
11,waypoint_16,15.0,0.36323956389577516,-0.8068737827527108,1.0638120569246137,540.8881306648254,0.0
12,waypoint_16,15.0,0.36323956389577516,-0.8068737827527108,1.0638120569246137,834.770679473877,0.0
13,waypoint_16,15.0,0.36323956389577516,-0.8068737827527108,1.0638120569246137,493.2243824005127,0.0
14,waypoint_16,15.0,0.36323956389577516,-0.8068737827527108,1.0638120569246137,808.341383934021,0.0
0,waypoint_16,0.0,0.36323956389577516,-0.8068737827527108,1.0638120569246137,4302.867889404297,0.0
1,waypoint_16,0.0,0.36323956389577516,-0.8068737827527108,1.0638120569246137,3255.9804916381836,0.0
2,waypoint_16,0.0,0.36323956389577516,-0.8068737827527108,1.0638120569246137,3037.96124458313,0.0
3,waypoint_16,0.0,0.36323956389577516,-0.8068737827527108,1.0638120569246137,1220.0583219528198,0.0
4,waypoint_16,0.0,0.36323956389577516,-0.8068737827527108,1.0638120569246137,1204.681634902954,0.0
5,waypoint_16,0.0,0.36323956389577516,-0.8068737827527108,1.0638120569246137,1941.0767555236816,0.0
6,waypoint_16,0.0,0.36323956389577516,-0.8068737827527108,1.0638120569246137,2527.423143386841,0.0
7,waypoint_16,0.0,0.36323956389577516,-0.8068737827527108,1.0638120569246137,1524.2891311645508,0.0
8,waypoint_16,0.0,0.36323956389577516,-0.8068737827527108,1.0638120569246137,461.8457555770874,0.0
9,waypoint_16,0.0,0.36323956389577516,-0.8068737827527108,1.0638120569246137,458.3454430103302,0.0
10,waypoint_16,0.0,0.36323956389577516,-0.8068737827527108,1.0638120569246137,553.6104440689087,0.0
11,waypoint_16,0.0,0.36323956389577516,-0.8068737827527108,1.0638120569246137,528.0532836914062,0.0
12,waypoint_16,0.0,0.36323956389577516,-0.8068737827527108,1.0638120569246137,852.1161079406738,0.0
13,waypoint_16,0.0,0.36323956389577516,-0.8068737827527108,1.0638120569246137,489.17970061302185,0.0
14,waypoint_16,0.0,0.36323956389577516,-0.8068737827527108,1.0638120569246137,808.1278800964355,0.0
0,waypoint_16,-15.0,0.36323956389577516,-0.8068737827527108,1.0638120569246137,4306.149005889893,0.0
1,waypoint_16,-15.0,0.36323956389577516,-0.8068737827527108,1.0638120569246137,3254.1115283966064,0.0
2,waypoint_16,-15.0,0.36323956389577516,-0.8068737827527108,1.0638120569246137,2949.6710300445557,0.0
3,waypoint_16,-15.0,0.36323956389577516,-0.8068737827527108,1.0638120569246137,1226.5523672103882,0.0
4,waypoint_16,-15.0,0.36323956389577516,-0.8068737827527108,1.0638120569246137,1210.4039192199707,0.0
5,waypoint_16,-15.0,0.36323956389577516,-0.8068737827527108,1.0638120569246137,2215.1389122009277,0.0
6,waypoint_16,-15.0,0.36323956389577516,-0.8068737827527108,1.0638120569246137,2475.358724594116,0.0
7,waypoint_16,-15.0,0.36323956389577516,-0.8068737827527108,1.0638120569246137,1597.0512628555298,0.0
8,waypoint_16,-15.0,0.36323956389577516,-0.8068737827527108,1.0638120569246137,443.7136650085449,0.0
9,waypoint_16,-15.0,0.36323956389577516,-0.8068737827527108,1.0638120569246137,444.40844655036926,0.0
10,waypoint_16,-15.0,0.36323956389577516,-0.8068737827527108,1.0638120569246137,542.307436466217,0.0
11,waypoint_16,-15.0,0.36323956389577516,-0.8068737827527108,1.0638120569246137,511.88260316848755,0.0
12,waypoint_16,-15.0,0.36323956389577516,-0.8068737827527108,1.0638120569246137,870.8934187889099,0.0
13,waypoint_16,-15.0,0.36323956389577516,-0.8068737827527108,1.0638120569246137,465.7434821128845,0.0
14,waypoint_16,-15.0,0.36323956389577516,-0.8068737827527108,1.0638120569246137,807.999312877655,0.0
0,waypoint_16,-30.0,0.36323956389577516,-0.8068737827527108,1.0638120569246137,4263.072490692139,0.0
1,waypoint_16,-30.0,0.36323956389577516,-0.8068737827527108,1.0638120569246137,3254.3699741363525,0.0
2,waypoint_16,-30.0,0.36323956389577516,-0.8068737827527108,1.0638120569246137,2934.6671104431152,0.0
3,waypoint_16,-30.0,0.36323956389577516,-0.8068737827527108,1.0638120569246137,1087.8772735595703,0.0
4,waypoint_16,-30.0,0.36323956389577516,-0.8068737827527108,1.0638120569246137,1217.8977727890015,0.0
5,waypoint_16,-30.0,0.36323956389577516,-0.8068737827527108,1.0638120569246137,2248.499870300293,0.0
6,waypoint_16,-30.0,0.36323956389577516,-0.8068737827527108,1.0638120569246137,2575.6044387817383,0.0
7,waypoint_16,-30.0,0.36323956389577516,-0.8068737827527108,1.0638120569246137,1512.8661394119263,0.0
8,waypoint_16,-30.0,0.36323956389577516,-0.8068737827527108,1.0638120569246137,414.0809178352356,0.0
9,waypoint_16,-30.0,0.36323956389577516,-0.8068737827527108,1.0638120569246137,417.66878962516785,0.0
10,waypoint_16,-30.0,0.36323956389577516,-0.8068737827527108,1.0638120569246137,548.5574007034302,0.0
11,waypoint_16,-30.0,0.36323956389577516,-0.8068737827527108,1.0638120569246137,527.6637673377991,0.0
12,waypoint_16,-30.0,0.36323956389577516,-0.8068737827527108,1.0638120569246137,894.9130773544312,0.0
13,waypoint_16,-30.0,0.36323956389577516,-0.8068737827527108,1.0638120569246137,435.5904161930084,0.0
14,waypoint_16,-30.0,0.36323956389577516,-0.8068737827527108,1.0638120569246137,807.9853653907776,0.0
0,waypoint_17,-30.0,0.38323956389577535,-0.8068737827527108,1.0638120569246137,4337.9058837890625,0.0
1,waypoint_17,-30.0,0.38323956389577535,-0.8068737827527108,1.0638120569246137,3255.997657775879,0.0
2,waypoint_17,-30.0,0.38323956389577535,-0.8068737827527108,1.0638120569246137,2893.4993743896484,0.0
3,waypoint_17,-30.0,0.38323956389577535,-0.8068737827527108,1.0638120569246137,1067.3420429229736,0.0
4,waypoint_17,-30.0,0.38323956389577535,-0.8068737827527108,1.0638120569246137,1199.1084814071655,0.0
5,waypoint_17,-30.0,0.38323956389577535,-0.8068737827527108,1.0638120569246137,2244.9095249176025,0.0
6,waypoint_17,-30.0,0.38323956389577535,-0.8068737827527108,1.0638120569246137,2557.675361633301,0.0
7,waypoint_17,-30.0,0.38323956389577535,-0.8068737827527108,1.0638120569246137,1731.104016304016,0.0
8,waypoint_17,-30.0,0.38323956389577535,-0.8068737827527108,1.0638120569246137,424.82924461364746,0.0
9,waypoint_17,-30.0,0.38323956389577535,-0.8068737827527108,1.0638120569246137,427.2170066833496,0.0
10,waypoint_17,-30.0,0.38323956389577535,-0.8068737827527108,1.0638120569246137,547.2192168235779,0.0
11,waypoint_17,-30.0,0.38323956389577535,-0.8068737827527108,1.0638120569246137,542.4280762672424,0.0
12,waypoint_17,-30.0,0.38323956389577535,-0.8068737827527108,1.0638120569246137,908.4360003471375,0.0
13,waypoint_17,-30.0,0.38323956389577535,-0.8068737827527108,1.0638120569246137,442.672997713089,0.0
14,waypoint_17,-30.0,0.38323956389577535,-0.8068737827527108,1.0638120569246137,822.2924470901489,0.0
0,waypoint_17,-15.0,0.38323956389577535,-0.8068737827527108,1.0638120569246137,4283.045768737793,0.0
1,waypoint_17,-15.0,0.38323956389577535,-0.8068737827527108,1.0638120569246137,3255.600929260254,0.0
2,waypoint_17,-15.0,0.38323956389577535,-0.8068737827527108,1.0638120569246137,2902.029275894165,0.0
3,waypoint_17,-15.0,0.38323956389577535,-0.8068737827527108,1.0638120569246137,1230.4400205612183,0.0
4,waypoint_17,-15.0,0.38323956389577535,-0.8068737827527108,1.0638120569246137,1190.8810138702393,0.0
5,waypoint_17,-15.0,0.38323956389577535,-0.8068737827527108,1.0638120569246137,2211.665391921997,0.0
6,waypoint_17,-15.0,0.38323956389577535,-0.8068737827527108,1.0638120569246137,2567.843198776245,0.0
7,waypoint_17,-15.0,0.38323956389577535,-0.8068737827527108,1.0638120569246137,1734.4038486480713,0.0
8,waypoint_17,-15.0,0.38323956389577535,-0.8068737827527108,1.0638120569246137,437.6829266548157,0.0
9,waypoint_17,-15.0,0.38323956389577535,-0.8068737827527108,1.0638120569246137,443.2494342327118,0.0
10,waypoint_17,-15.0,0.38323956389577535,-0.8068737827527108,1.0638120569246137,543.0841445922852,0.0
11,waypoint_17,-15.0,0.38323956389577535,-0.8068737827527108,1.0638120569246137,520.8810567855835,0.0
12,waypoint_17,-15.0,0.38323956389577535,-0.8068737827527108,1.0638120569246137,884.7905397415161,0.0
13,waypoint_17,-15.0,0.38323956389577535,-0.8068737827527108,1.0638120569246137,457.96677470207214,0.0
14,waypoint_17,-15.0,0.38323956389577535,-0.8068737827527108,1.0638120569246137,822.3022222518921,0.0
0,waypoint_17,0.0,0.38323956389577535,-0.8068737827527108,1.0638120569246137,4333.759784698486,0.0
1,waypoint_17,0.0,0.38323956389577535,-0.8068737827527108,1.0638120569246137,3257.3399543762207,0.0
2,waypoint_17,0.0,0.38323956389577535,-0.8068737827527108,1.0638120569246137,3038.769483566284,0.0
3,waypoint_17,0.0,0.38323956389577535,-0.8068737827527108,1.0638120569246137,1210.618495941162,0.0
4,waypoint_17,0.0,0.38323956389577535,-0.8068737827527108,1.0638120569246137,1184.9699020385742,0.0
5,waypoint_17,0.0,0.38323956389577535,-0.8068737827527108,1.0638120569246137,2139.7247314453125,0.0
6,waypoint_17,0.0,0.38323956389577535,-0.8068737827527108,1.0638120569246137,2526.20792388916,0.0
7,waypoint_17,0.0,0.38323956389577535,-0.8068737827527108,1.0638120569246137,1734.2981100082397,0.0
8,waypoint_17,0.0,0.38323956389577535,-0.8068737827527108,1.0638120569246137,469.27401423454285,0.0
9,waypoint_17,0.0,0.38323956389577535,-0.8068737827527108,1.0638120569246137,464.7757112979889,0.0
10,waypoint_17,0.0,0.38323956389577535,-0.8068737827527108,1.0638120569246137,503.035306930542,0.0
11,waypoint_17,0.0,0.38323956389577535,-0.8068737827527108,1.0638120569246137,530.0582647323608,0.0
12,waypoint_17,0.0,0.38323956389577535,-0.8068737827527108,1.0638120569246137,866.7197227478027,0.0
13,waypoint_17,0.0,0.38323956389577535,-0.8068737827527108,1.0638120569246137,505.8683753013611,0.0
14,waypoint_17,0.0,0.38323956389577535,-0.8068737827527108,1.0638120569246137,822.3230838775635,0.0
0,waypoint_17,15.0,0.38323956389577535,-0.8068737827527108,1.0638120569246137,4358.4794998168945,0.0
1,waypoint_17,15.0,0.38323956389577535,-0.8068737827527108,1.0638120569246137,3260.4095935821533,0.0
2,waypoint_17,15.0,0.38323956389577535,-0.8068737827527108,1.0638120569246137,3065.059185028076,0.0
3,waypoint_17,15.0,0.38323956389577535,-0.8068737827527108,1.0638120569246137,1266.6637897491455,0.0
4,waypoint_17,15.0,0.38323956389577535,-0.8068737827527108,1.0638120569246137,1182.692527770996,0.0
5,waypoint_17,15.0,0.38323956389577535,-0.8068737827527108,1.0638120569246137,1630.5713653564453,0.0
6,waypoint_17,15.0,0.38323956389577535,-0.8068737827527108,1.0638120569246137,2473.06752204895,0.0
7,waypoint_17,15.0,0.38323956389577535,-0.8068737827527108,1.0638120569246137,1734.2958450317383,0.0
8,waypoint_17,15.0,0.38323956389577535,-0.8068737827527108,1.0638120569246137,487.64634132385254,0.0
9,waypoint_17,15.0,0.38323956389577535,-0.8068737827527108,1.0638120569246137,456.56678080558777,0.0
10,waypoint_17,15.0,0.38323956389577535,-0.8068737827527108,1.0638120569246137,537.3067259788513,0.0
11,waypoint_17,15.0,0.38323956389577535,-0.8068737827527108,1.0638120569246137,519.8405981063843,0.0
12,waypoint_17,15.0,0.38323956389577535,-0.8068737827527108,1.0638120569246137,849.6848344802856,0.0
13,waypoint_17,15.0,0.38323956389577535,-0.8068737827527108,1.0638120569246137,489.346981048584,0.0
14,waypoint_17,15.0,0.38323956389577535,-0.8068737827527108,1.0638120569246137,822.8912949562073,0.0
0,waypoint_17,30.0,0.38323956389577535,-0.8068737827527108,1.0638120569246137,4320.7573890686035,0.0
1,waypoint_17,30.0,0.38323956389577535,-0.8068737827527108,1.0638120569246137,3263.857364654541,0.0
2,waypoint_17,30.0,0.38323956389577535,-0.8068737827527108,1.0638120569246137,3044.703245162964,0.0
3,waypoint_17,30.0,0.38323956389577535,-0.8068737827527108,1.0638120569246137,1247.0455169677734,0.0
4,waypoint_17,30.0,0.38323956389577535,-0.8068737827527108,1.0638120569246137,1179.5659065246582,0.0
5,waypoint_17,30.0,0.38323956389577535,-0.8068737827527108,1.0638120569246137,1706.4623832702637,0.0
6,waypoint_17,30.0,0.38323956389577535,-0.8068737827527108,1.0638120569246137,2590.3587341308594,0.0
7,waypoint_17,30.0,0.38323956389577535,-0.8068737827527108,1.0638120569246137,1733.2100868225098,0.0
8,waypoint_17,30.0,0.38323956389577535,-0.8068737827527108,1.0638120569246137,475.5822718143463,0.0
9,waypoint_17,30.0,0.38323956389577535,-0.8068737827527108,1.0638120569246137,465.04396200180054,0.0
10,waypoint_17,30.0,0.38323956389577535,-0.8068737827527108,1.0638120569246137,564.6243095397949,0.0
11,waypoint_17,30.0,0.38323956389577535,-0.8068737827527108,1.0638120569246137,581.5178751945496,0.0
12,waypoint_17,30.0,0.38323956389577535,-0.8068737827527108,1.0638120569246137,840.0250673294067,0.0
13,waypoint_17,30.0,0.38323956389577535,-0.8068737827527108,1.0638120569246137,545.1076030731201,0.0
14,waypoint_17,30.0,0.38323956389577535,-0.8068737827527108,1.0638120569246137,921.0925102233887,0.0
0,waypoint_18,30.0,0.40323956389577514,-0.8068737827527108,1.0638120569246137,4339.362144470215,0.0
1,waypoint_18,30.0,0.40323956389577514,-0.8068737827527108,1.0638120569246137,3265.231132507324,0.0
2,waypoint_18,30.0,0.40323956389577514,-0.8068737827527108,1.0638120569246137,3046.7023849487305,0.0
3,waypoint_18,30.0,0.40323956389577514,-0.8068737827527108,1.0638120569246137,1209.4800472259521,0.0
4,waypoint_18,30.0,0.40323956389577514,-0.8068737827527108,1.0638120569246137,1160.3100299835205,0.0
5,waypoint_18,30.0,0.40323956389577514,-0.8068737827527108,1.0638120569246137,1699.0594863891602,0.0
6,waypoint_18,30.0,0.40323956389577514,-0.8068737827527108,1.0638120569246137,2374.638319015503,0.0
7,waypoint_18,30.0,0.40323956389577514,-0.8068737827527108,1.0638120569246137,1713.6611938476562,0.0
8,waypoint_18,30.0,0.40323956389577514,-0.8068737827527108,1.0638120569246137,492.95714497566223,0.0
9,waypoint_18,30.0,0.40323956389577514,-0.8068737827527108,1.0638120569246137,475.6573438644409,0.0
10,waypoint_18,30.0,0.40323956389577514,-0.8068737827527108,1.0638120569246137,492.57704615592957,0.0
11,waypoint_18,30.0,0.40323956389577514,-0.8068737827527108,1.0638120569246137,592.0290350914001,0.0
12,waypoint_18,30.0,0.40323956389577514,-0.8068737827527108,1.0638120569246137,854.118824005127,0.0
13,waypoint_18,30.0,0.40323956389577514,-0.8068737827527108,1.0638120569246137,546.7811822891235,0.0
14,waypoint_18,30.0,0.40323956389577514,-0.8068737827527108,1.0638120569246137,935.8460307121277,0.0
0,waypoint_18,15.0,0.40323956389577514,-0.8068737827527108,1.0638120569246137,4388.0767822265625,0.0
1,waypoint_18,15.0,0.40323956389577514,-0.8068737827527108,1.0638120569246137,3261.823892593384,0.0
2,waypoint_18,15.0,0.40323956389577514,-0.8068737827527108,1.0638120569246137,3032.297134399414,0.0
3,waypoint_18,15.0,0.40323956389577514,-0.8068737827527108,1.0638120569246137,1202.4165391921997,0.0
4,waypoint_18,15.0,0.40323956389577514,-0.8068737827527108,1.0638120569246137,1160.5037450790405,0.0
5,waypoint_18,15.0,0.40323956389577514,-0.8068737827527108,1.0638120569246137,1623.3370304107666,0.0
6,waypoint_18,15.0,0.40323956389577514,-0.8068737827527108,1.0638120569246137,2424.6833324432373,0.0
7,waypoint_18,15.0,0.40323956389577514,-0.8068737827527108,1.0638120569246137,1713.7761116027832,0.0
8,waypoint_18,15.0,0.40323956389577514,-0.8068737827527108,1.0638120569246137,504.6391487121582,0.0
9,waypoint_18,15.0,0.40323956389577514,-0.8068737827527108,1.0638120569246137,484.2945337295532,0.0
10,waypoint_18,15.0,0.40323956389577514,-0.8068737827527108,1.0638120569246137,495.0370192527771,0.0
11,waypoint_18,15.0,0.40323956389577514,-0.8068737827527108,1.0638120569246137,575.7511258125305,0.0
12,waypoint_18,15.0,0.40323956389577514,-0.8068737827527108,1.0638120569246137,864.166796207428,0.0
13,waypoint_18,15.0,0.40323956389577514,-0.8068737827527108,1.0638120569246137,518.2567834854126,0.0
14,waypoint_18,15.0,0.40323956389577514,-0.8068737827527108,1.0638120569246137,934.8381161689758,0.0
0,waypoint_18,0.0,0.40323956389577514,-0.8068737827527108,1.0638120569246137,4361.342430114746,0.0
1,waypoint_18,0.0,0.40323956389577514,-0.8068737827527108,1.0638120569246137,3258.8353157043457,0.0
2,waypoint_18,0.0,0.40323956389577514,-0.8068737827527108,1.0638120569246137,3003.120183944702,0.0
3,waypoint_18,0.0,0.40323956389577514,-0.8068737827527108,1.0638120569246137,1187.2001886367798,0.0
4,waypoint_18,0.0,0.40323956389577514,-0.8068737827527108,1.0638120569246137,1160.0099802017212,0.0
5,waypoint_18,0.0,0.40323956389577514,-0.8068737827527108,1.0638120569246137,1639.2327547073364,0.0
6,waypoint_18,0.0,0.40323956389577514,-0.8068737827527108,1.0638120569246137,2489.366054534912,0.0
7,waypoint_18,0.0,0.40323956389577514,-0.8068737827527108,1.0638120569246137,1714.1449451446533,0.0
8,waypoint_18,0.0,0.40323956389577514,-0.8068737827527108,1.0638120569246137,506.57564401626587,0.0
9,waypoint_18,0.0,0.40323956389577514,-0.8068737827527108,1.0638120569246137,462.9283547401428,0.0
10,waypoint_18,0.0,0.40323956389577514,-0.8068737827527108,1.0638120569246137,481.98336362838745,0.0
11,waypoint_18,0.0,0.40323956389577514,-0.8068737827527108,1.0638120569246137,545.1006293296814,0.0
12,waypoint_18,0.0,0.40323956389577514,-0.8068737827527108,1.0638120569246137,881.3043832778931,0.0
13,waypoint_18,0.0,0.40323956389577514,-0.8068737827527108,1.0638120569246137,517.5194144248962,0.0
14,waypoint_18,0.0,0.40323956389577514,-0.8068737827527108,1.0638120569246137,935.102641582489,0.0
0,waypoint_18,-15.0,0.40323956389577514,-0.8068737827527108,1.0638120569246137,4310.213565826416,0.0
1,waypoint_18,-15.0,0.40323956389577514,-0.8068737827527108,1.0638120569246137,3257.1911811828613,0.0
2,waypoint_18,-15.0,0.40323956389577514,-0.8068737827527108,1.0638120569246137,2885.7038021087646,0.0
3,waypoint_18,-15.0,0.40323956389577514,-0.8068737827527108,1.0638120569246137,1209.0063095092773,0.0
4,waypoint_18,-15.0,0.40323956389577514,-0.8068737827527108,1.0638120569246137,1173.5142469406128,0.0
5,waypoint_18,-15.0,0.40323956389577514,-0.8068737827527108,1.0638120569246137,2208.740472793579,0.0
6,waypoint_18,-15.0,0.40323956389577514,-0.8068737827527108,1.0638120569246137,2509.256362915039,0.0
7,waypoint_18,-15.0,0.40323956389577514,-0.8068737827527108,1.0638120569246137,1714.0135765075684,0.0
8,waypoint_18,-15.0,0.40323956389577514,-0.8068737827527108,1.0638120569246137,505.6418180465698,0.0
9,waypoint_18,-15.0,0.40323956389577514,-0.8068737827527108,1.0638120569246137,444.5262849330902,0.0
10,waypoint_18,-15.0,0.40323956389577514,-0.8068737827527108,1.0638120569246137,474.9069809913635,0.0
11,waypoint_18,-15.0,0.40323956389577514,-0.8068737827527108,1.0638120569246137,531.0016870498657,0.0
12,waypoint_18,-15.0,0.40323956389577514,-0.8068737827527108,1.0638120569246137,898.9720344543457,0.0
13,waypoint_18,-15.0,0.40323956389577514,-0.8068737827527108,1.0638120569246137,474.2859899997711,0.0
14,waypoint_18,-15.0,0.40323956389577514,-0.8068737827527108,1.0638120569246137,945.169985294342,0.0
0,waypoint_18,-30.0,0.40323956389577514,-0.8068737827527108,1.0638120569246137,4314.7406578063965,0.0
1,waypoint_18,-30.0,0.40323956389577514,-0.8068737827527108,1.0638120569246137,3257.713556289673,0.0
2,waypoint_18,-30.0,0.40323956389577514,-0.8068737827527108,1.0638120569246137,2904.013156890869,0.0
3,waypoint_18,-30.0,0.40323956389577514,-0.8068737827527108,1.0638120569246137,1053.2535314559937,0.0
4,waypoint_18,-30.0,0.40323956389577514,-0.8068737827527108,1.0638120569246137,1181.9541454315186,0.0
5,waypoint_18,-30.0,0.40323956389577514,-0.8068737827527108,1.0638120569246137,2241.682291030884,0.0
6,waypoint_18,-30.0,0.40323956389577514,-0.8068737827527108,1.0638120569246137,2551.356554031372,0.0
7,waypoint_18,-30.0,0.40323956389577514,-0.8068737827527108,1.0638120569246137,1398.7877368927002,0.0
8,waypoint_18,-30.0,0.40323956389577514,-0.8068737827527108,1.0638120569246137,503.6303997039795,0.0
9,waypoint_18,-30.0,0.40323956389577514,-0.8068737827527108,1.0638120569246137,417.09548234939575,0.0
10,waypoint_18,-30.0,0.40323956389577514,-0.8068737827527108,1.0638120569246137,476.6836166381836,0.0
11,waypoint_18,-30.0,0.40323956389577514,-0.8068737827527108,1.0638120569246137,531.9095849990845,0.0
12,waypoint_18,-30.0,0.40323956389577514,-0.8068737827527108,1.0638120569246137,922.3280549049377,0.0
13,waypoint_18,-30.0,0.40323956389577514,-0.8068737827527108,1.0638120569246137,461.1664414405823,0.0
14,waypoint_18,-30.0,0.40323956389577514,-0.8068737827527108,1.0638120569246137,950.7644176483154,0.0
0,waypoint_19,-30.0,0.4232395638957754,-0.8068737827527108,1.0638120569246137,4346.768856048584,0.0
1,waypoint_19,-30.0,0.4232395638957754,-0.8068737827527108,1.0638120569246137,3259.570598602295,0.0
2,waypoint_19,-30.0,0.4232395638957754,-0.8068737827527108,1.0638120569246137,2864.2001152038574,0.0
3,waypoint_19,-30.0,0.4232395638957754,-0.8068737827527108,1.0638120569246137,1053.7142753601074,0.0
4,waypoint_19,-30.0,0.4232395638957754,-0.8068737827527108,1.0638120569246137,1162.594199180603,0.0
5,waypoint_19,-30.0,0.4232395638957754,-0.8068737827527108,1.0638120569246137,2238.435745239258,0.0
6,waypoint_19,-30.0,0.4232395638957754,-0.8068737827527108,1.0638120569246137,2530.268430709839,0.0
7,waypoint_19,-30.0,0.4232395638957754,-0.8068737827527108,1.0638120569246137,1487.8886938095093,0.0
8,waypoint_19,-30.0,0.4232395638957754,-0.8068737827527108,1.0638120569246137,520.6144452095032,0.0
9,waypoint_19,-30.0,0.4232395638957754,-0.8068737827527108,1.0638120569246137,427.58211493492126,0.0
10,waypoint_19,-30.0,0.4232395638957754,-0.8068737827527108,1.0638120569246137,478.88925671577454,0.0
11,waypoint_19,-30.0,0.4232395638957754,-0.8068737827527108,1.0638120569246137,537.6745462417603,0.0
12,waypoint_19,-30.0,0.4232395638957754,-0.8068737827527108,1.0638120569246137,936.3138675689697,0.0
13,waypoint_19,-30.0,0.4232395638957754,-0.8068737827527108,1.0638120569246137,471.8172252178192,0.0
14,waypoint_19,-30.0,0.4232395638957754,-0.8068737827527108,1.0638120569246137,965.5866026878357,0.0
0,waypoint_19,-15.0,0.4232395638957754,-0.8068737827527108,1.0638120569246137,4329.354286193848,0.0
1,waypoint_19,-15.0,0.4232395638957754,-0.8068737827527108,1.0638120569246137,3258.8987350463867,0.0
2,waypoint_19,-15.0,0.4232395638957754,-0.8068737827527108,1.0638120569246137,2866.0943508148193,0.0
3,waypoint_19,-15.0,0.4232395638957754,-0.8068737827527108,1.0638120569246137,1178.8973808288574,0.0
4,waypoint_19,-15.0,0.4232395638957754,-0.8068737827527108,1.0638120569246137,1151.0961055755615,0.0
5,waypoint_19,-15.0,0.4232395638957754,-0.8068737827527108,1.0638120569246137,2206.0885429382324,0.0
6,waypoint_19,-15.0,0.4232395638957754,-0.8068737827527108,1.0638120569246137,2488.97647857666,0.0
7,waypoint_19,-15.0,0.4232395638957754,-0.8068737827527108,1.0638120569246137,1333.0018520355225,0.0
8,waypoint_19,-15.0,0.4232395638957754,-0.8068737827527108,1.0638120569246137,520.7886695861816,0.0
9,waypoint_19,-15.0,0.4232395638957754,-0.8068737827527108,1.0638120569246137,440.76937437057495,0.0
10,waypoint_19,-15.0,0.4232395638957754,-0.8068737827527108,1.0638120569246137,485.391229391098,0.0
11,waypoint_19,-15.0,0.4232395638957754,-0.8068737827527108,1.0638120569246137,525.4275798797607,0.0
12,waypoint_19,-15.0,0.4232395638957754,-0.8068737827527108,1.0638120569246137,913.530170917511,0.0
13,waypoint_19,-15.0,0.4232395638957754,-0.8068737827527108,1.0638120569246137,477.0846366882324,0.0
14,waypoint_19,-15.0,0.4232395638957754,-0.8068737827527108,1.0638120569246137,962.9485607147217,0.0
0,waypoint_19,0.0,0.4232395638957754,-0.8068737827527108,1.0638120569246137,4330.106735229492,0.0
1,waypoint_19,0.0,0.4232395638957754,-0.8068737827527108,1.0638120569246137,3260.4339122772217,0.0
2,waypoint_19,0.0,0.4232395638957754,-0.8068737827527108,1.0638120569246137,2994.5197105407715,0.0
3,waypoint_19,0.0,0.4232395638957754,-0.8068737827527108,1.0638120569246137,1240.7394647598267,0.0
4,waypoint_19,0.0,0.4232395638957754,-0.8068737827527108,1.0638120569246137,1153.099775314331,0.0
5,waypoint_19,0.0,0.4232395638957754,-0.8068737827527108,1.0638120569246137,2135.0061893463135,0.0
6,waypoint_19,0.0,0.4232395638957754,-0.8068737827527108,1.0638120569246137,2333.3163261413574,0.0
7,waypoint_19,0.0,0.4232395638957754,-0.8068737827527108,1.0638120569246137,1449.3075609207153,0.0
8,waypoint_19,0.0,0.4232395638957754,-0.8068737827527108,1.0638120569246137,521.7244625091553,0.0
9,waypoint_19,0.0,0.4232395638957754,-0.8068737827527108,1.0638120569246137,469.21056509017944,0.0
10,waypoint_19,0.0,0.4232395638957754,-0.8068737827527108,1.0638120569246137,483.75266790390015,0.0
11,waypoint_19,0.0,0.4232395638957754,-0.8068737827527108,1.0638120569246137,534.1128706932068,0.0
12,waypoint_19,0.0,0.4232395638957754,-0.8068737827527108,1.0638120569246137,896.0567116737366,0.0
13,waypoint_19,0.0,0.4232395638957754,-0.8068737827527108,1.0638120569246137,503.4016966819763,0.0
14,waypoint_19,0.0,0.4232395638957754,-0.8068737827527108,1.0638120569246137,957.8713774681091,0.0
0,waypoint_19,15.0,0.4232395638957754,-0.8068737827527108,1.0638120569246137,4375.732898712158,0.0
1,waypoint_19,15.0,0.4232395638957754,-0.8068737827527108,1.0638120569246137,3263.3543014526367,0.0
2,waypoint_19,15.0,0.4232395638957754,-0.8068737827527108,1.0638120569246137,3042.9673194885254,0.0
3,waypoint_19,15.0,0.4232395638957754,-0.8068737827527108,1.0638120569246137,1171.8276739120483,0.0
4,waypoint_19,15.0,0.4232395638957754,-0.8068737827527108,1.0638120569246137,1153.5536050796509,0.0
5,waypoint_19,15.0,0.4232395638957754,-0.8068737827527108,1.0638120569246137,1616.2538528442383,0.0
6,waypoint_19,15.0,0.4232395638957754,-0.8068737827527108,1.0638120569246137,2620.408296585083,0.0
7,waypoint_19,15.0,0.4232395638957754,-0.8068737827527108,1.0638120569246137,1316.7890310287476,0.0
8,waypoint_19,15.0,0.4232395638957754,-0.8068737827527108,1.0638120569246137,521.9526290893555,0.0
9,waypoint_19,15.0,0.4232395638957754,-0.8068737827527108,1.0638120569246137,486.4766597747803,0.0
10,waypoint_19,15.0,0.4232395638957754,-0.8068737827527108,1.0638120569246137,475.9148955345154,0.0
11,waypoint_19,15.0,0.4232395638957754,-0.8068737827527108,1.0638120569246137,558.0788254737854,0.0
12,waypoint_19,15.0,0.4232395638957754,-0.8068737827527108,1.0638120569246137,879.583477973938,0.0
13,waypoint_19,15.0,0.4232395638957754,-0.8068737827527108,1.0638120569246137,531.4340591430664,0.0
14,waypoint_19,15.0,0.4232395638957754,-0.8068737827527108,1.0638120569246137,973.376989364624,0.0
0,waypoint_19,30.0,0.4232395638957754,-0.8068737827527108,1.0638120569246137,4395.098686218262,0.0
1,waypoint_19,30.0,0.4232395638957754,-0.8068737827527108,1.0638120569246137,3266.7205333709717,0.0
2,waypoint_19,30.0,0.4232395638957754,-0.8068737827527108,1.0638120569246137,2995.948553085327,0.0
3,waypoint_19,30.0,0.4232395638957754,-0.8068737827527108,1.0638120569246137,1192.6476955413818,0.0
4,waypoint_19,30.0,0.4232395638957754,-0.8068737827527108,1.0638120569246137,1153.7739038467407,0.0
5,waypoint_19,30.0,0.4232395638957754,-0.8068737827527108,1.0638120569246137,1691.8203830718994,0.0
6,waypoint_19,30.0,0.4232395638957754,-0.8068737827527108,1.0638120569246137,2568.5365200042725,0.0
7,waypoint_19,30.0,0.4232395638957754,-0.8068737827527108,1.0638120569246137,1356.3812971115112,0.0
8,waypoint_19,30.0,0.4232395638957754,-0.8068737827527108,1.0638120569246137,511.34252548217773,0.0
9,waypoint_19,30.0,0.4232395638957754,-0.8068737827527108,1.0638120569246137,474.4470715522766,0.0
10,waypoint_19,30.0,0.4232395638957754,-0.8068737827527108,1.0638120569246137,471.63140773773193,0.0
11,waypoint_19,30.0,0.4232395638957754,-0.8068737827527108,1.0638120569246137,587.3919725418091,0.0
12,waypoint_19,30.0,0.4232395638957754,-0.8068737827527108,1.0638120569246137,870.2264428138733,0.0
13,waypoint_19,30.0,0.4232395638957754,-0.8068737827527108,1.0638120569246137,578.5179138183594,0.0
14,waypoint_19,30.0,0.4232395638957754,-0.8068737827527108,1.0638120569246137,944.4491267204285,0.0
0,waypoint_20,30.0,0.4432395638957752,-0.8068737827527108,1.0638120569246137,4432.31201171875,0.0
1,waypoint_20,30.0,0.4432395638957752,-0.8068737827527108,1.0638120569246137,3268.2971954345703,0.0
2,waypoint_20,30.0,0.4432395638957752,-0.8068737827527108,1.0638120569246137,2997.8692531585693,0.0
3,waypoint_20,30.0,0.4432395638957752,-0.8068737827527108,1.0638120569246137,1170.5389022827148,0.0
4,waypoint_20,30.0,0.4432395638957752,-0.8068737827527108,1.0638120569246137,1134.2819929122925,0.0
5,waypoint_20,30.0,0.4432395638957752,-0.8068737827527108,1.0638120569246137,1684.7498416900635,0.0
6,waypoint_20,30.0,0.4432395638957752,-0.8068737827527108,1.0638120569246137,2447.556972503662,0.0
7,waypoint_20,30.0,0.4432395638957752,-0.8068737827527108,1.0638120569246137,1352.4953126907349,0.0
8,waypoint_20,30.0,0.4432395638957752,-0.8068737827527108,1.0638120569246137,529.419481754303,0.0
9,waypoint_20,30.0,0.4432395638957752,-0.8068737827527108,1.0638120569246137,491.88944697380066,0.0
10,waypoint_20,30.0,0.4432395638957752,-0.8068737827527108,1.0638120569246137,460.0024223327637,0.0
11,waypoint_20,30.0,0.4432395638957752,-0.8068737827527108,1.0638120569246137,588.4057283401489,0.0
12,waypoint_20,30.0,0.4432395638957752,-0.8068737827527108,1.0638120569246137,884.7293853759766,0.0
13,waypoint_20,30.0,0.4432395638957752,-0.8068737827527108,1.0638120569246137,588.5605216026306,0.0
14,waypoint_20,30.0,0.4432395638957752,-0.8068737827527108,1.0638120569246137,950.2223134040833,0.0
0,waypoint_20,15.0,0.4432395638957752,-0.8068737827527108,1.0638120569246137,4368.921279907227,0.0
1,waypoint_20,15.0,0.4432395638957752,-0.8068737827527108,1.0638120569246137,3264.9717330932617,0.0
2,waypoint_20,15.0,0.4432395638957752,-0.8068737827527108,1.0638120569246137,2966.705322265625,0.0
3,waypoint_20,15.0,0.4432395638957752,-0.8068737827527108,1.0638120569246137,1207.3478698730469,0.0
4,waypoint_20,15.0,0.4432395638957752,-0.8068737827527108,1.0638120569246137,1134.0458393096924,0.0
5,waypoint_20,15.0,0.4432395638957752,-0.8068737827527108,1.0638120569246137,1609.3590259552002,0.0
6,waypoint_20,15.0,0.4432395638957752,-0.8068737827527108,1.0638120569246137,2434.4425201416016,0.0
7,waypoint_20,15.0,0.4432395638957752,-0.8068737827527108,1.0638120569246137,1324.686884880066,0.0
8,waypoint_20,15.0,0.4432395638957752,-0.8068737827527108,1.0638120569246137,539.9409532546997,0.0
9,waypoint_20,15.0,0.4432395638957752,-0.8068737827527108,1.0638120569246137,503.55005264282227,0.0
10,waypoint_20,15.0,0.4432395638957752,-0.8068737827527108,1.0638120569246137,462.34768629074097,0.0
11,waypoint_20,15.0,0.4432395638957752,-0.8068737827527108,1.0638120569246137,589.4697904586792,0.0
12,waypoint_20,15.0,0.4432395638957752,-0.8068737827527108,1.0638120569246137,894.4065570831299,0.0
13,waypoint_20,15.0,0.4432395638957752,-0.8068737827527108,1.0638120569246137,548.468291759491,0.0
14,waypoint_20,15.0,0.4432395638957752,-0.8068737827527108,1.0638120569246137,978.7393808364868,0.0
0,waypoint_20,0.0,0.4432395638957752,-0.8068737827527108,1.0638120569246137,4352.1928787231445,0.0
1,waypoint_20,0.0,0.4432395638957752,-0.8068737827527108,1.0638120569246137,3262.136459350586,0.0
2,waypoint_20,0.0,0.4432395638957752,-0.8068737827527108,1.0638120569246137,3043.9605712890625,0.0
3,waypoint_20,0.0,0.4432395638957752,-0.8068737827527108,1.0638120569246137,1214.7266864776611,0.0
4,waypoint_20,0.0,0.4432395638957752,-0.8068737827527108,1.0638120569246137,1133.5605382919312,0.0
5,waypoint_20,0.0,0.4432395638957752,-0.8068737827527108,1.0638120569246137,1946.3833570480347,0.0
6,waypoint_20,0.0,0.4432395638957752,-0.8068737827527108,1.0638120569246137,2339.212417602539,0.0
7,waypoint_20,0.0,0.4432395638957752,-0.8068737827527108,1.0638120569246137,1415.7880544662476,0.0
8,waypoint_20,0.0,0.4432395638957752,-0.8068737827527108,1.0638120569246137,539.965033531189,0.0
9,waypoint_20,0.0,0.4432395638957752,-0.8068737827527108,1.0638120569246137,471.6976284980774,0.0
10,waypoint_20,0.0,0.4432395638957752,-0.8068737827527108,1.0638120569246137,451.3508379459381,0.0
11,waypoint_20,0.0,0.4432395638957752,-0.8068737827527108,1.0638120569246137,570.6861019134521,0.0
12,waypoint_20,0.0,0.4432395638957752,-0.8068737827527108,1.0638120569246137,911.017894744873,0.0
13,waypoint_20,0.0,0.4432395638957752,-0.8068737827527108,1.0638120569246137,543.7607765197754,0.0
14,waypoint_20,0.0,0.4432395638957752,-0.8068737827527108,1.0638120569246137,870.1447248458862,0.0
0,waypoint_20,-15.0,0.4432395638957752,-0.8068737827527108,1.0638120569246137,4376.009941101074,0.0
1,waypoint_20,-15.0,0.4432395638957752,-0.8068737827527108,1.0638120569246137,3260.7243061065674,0.0
2,waypoint_20,-15.0,0.4432395638957752,-0.8068737827527108,1.0638120569246137,2934.159278869629,0.0
3,waypoint_20,-15.0,0.4432395638957752,-0.8068737827527108,1.0638120569246137,1111.598014831543,0.0
4,waypoint_20,-15.0,0.4432395638957752,-0.8068737827527108,1.0638120569246137,1127.4073123931885,0.0
5,waypoint_20,-15.0,0.4432395638957752,-0.8068737827527108,1.0638120569246137,2202.8932571411133,0.0
6,waypoint_20,-15.0,0.4432395638957752,-0.8068737827527108,1.0638120569246137,2489.3569946289062,0.0
7,waypoint_20,-15.0,0.4432395638957752,-0.8068737827527108,1.0638120569246137,1482.8507900238037,0.0
8,waypoint_20,-15.0,0.4432395638957752,-0.8068737827527108,1.0638120569246137,538.6769771575928,0.0
9,waypoint_20,-15.0,0.4432395638957752,-0.8068737827527108,1.0638120569246137,453.00862193107605,0.0
10,waypoint_20,-15.0,0.4432395638957752,-0.8068737827527108,1.0638120569246137,434.25020575523376,0.0
11,waypoint_20,-15.0,0.4432395638957752,-0.8068737827527108,1.0638120569246137,539.1726493835449,0.0
12,waypoint_20,-15.0,0.4432395638957752,-0.8068737827527108,1.0638120569246137,928.1302690505981,0.0
13,waypoint_20,-15.0,0.4432395638957752,-0.8068737827527108,1.0638120569246137,529.884934425354,0.0
14,waypoint_20,-15.0,0.4432395638957752,-0.8068737827527108,1.0638120569246137,361.5894615650177,0.0
0,waypoint_20,-30.0,0.4432395638957752,-0.8068737827527108,1.0638120569246137,4340.142250061035,0.0
1,waypoint_20,-30.0,0.4432395638957752,-0.8068737827527108,1.0638120569246137,3261.558771133423,0.0
2,waypoint_20,-30.0,0.4432395638957752,-0.8068737827527108,1.0638120569246137,2839.1737937927246,0.0
3,waypoint_20,-30.0,0.4432395638957752,-0.8068737827527108,1.0638120569246137,1036.8351936340332,0.0
4,waypoint_20,-30.0,0.4432395638957752,-0.8068737827527108,1.0638120569246137,1131.5175294876099,0.0
5,waypoint_20,-30.0,0.4432395638957752,-0.8068737827527108,1.0638120569246137,2235.386610031128,0.0
6,waypoint_20,-30.0,0.4432395638957752,-0.8068737827527108,1.0638120569246137,2473.684787750244,0.0
7,waypoint_20,-30.0,0.4432395638957752,-0.8068737827527108,1.0638120569246137,1515.5222415924072,0.0
8,waypoint_20,-30.0,0.4432395638957752,-0.8068737827527108,1.0638120569246137,537.276029586792,0.0
9,waypoint_20,-30.0,0.4432395638957752,-0.8068737827527108,1.0638120569246137,415.97411036491394,0.0
10,waypoint_20,-30.0,0.4432395638957752,-0.8068737827527108,1.0638120569246137,405.5946469306946,0.0
11,waypoint_20,-30.0,0.4432395638957752,-0.8068737827527108,1.0638120569246137,547.5148558616638,0.0
12,waypoint_20,-30.0,0.4432395638957752,-0.8068737827527108,1.0638120569246137,950.6290555000305,0.0
13,waypoint_20,-30.0,0.4432395638957752,-0.8068737827527108,1.0638120569246137,547.3547577857971,0.0
14,waypoint_20,-30.0,0.4432395638957752,-0.8068737827527108,1.0638120569246137,364.42309617996216,0.0
0,waypoint_21,-30.0,0.2632395638957761,-0.7819241070227957,1.0638120569246137,4184.042930603027,0.0
1,waypoint_21,-30.0,0.2632395638957761,-0.7819241070227957,1.0638120569246137,3222.975969314575,0.0
2,waypoint_21,-30.0,0.2632395638957761,-0.7819241070227957,1.0638120569246137,2950.8116245269775,0.0
3,waypoint_21,-30.0,0.2632395638957761,-0.7819241070227957,1.0638120569246137,1173.1863021850586,0.0
4,waypoint_21,-30.0,0.2632395638957761,-0.7819241070227957,1.0638120569246137,1299.12269115448,0.0
5,waypoint_21,-30.0,0.2632395638957761,-0.7819241070227957,1.0638120569246137,2244.8782920837402,0.0
6,waypoint_21,-30.0,0.2632395638957761,-0.7819241070227957,1.0638120569246137,2669.0030097961426,0.0
7,waypoint_21,-30.0,0.2632395638957761,-0.7819241070227957,1.0638120569246137,1609.5114946365356,0.0
8,waypoint_21,-30.0,0.2632395638957761,-0.7819241070227957,1.0638120569246137,397.4563181400299,0.0
9,waypoint_21,-30.0,0.2632395638957761,-0.7819241070227957,1.0638120569246137,304.90586161613464,0.0
10,waypoint_21,-30.0,0.2632395638957761,-0.7819241070227957,1.0638120569246137,290.1359498500824,0.0
11,waypoint_21,-30.0,0.2632395638957761,-0.7819241070227957,1.0638120569246137,373.3381927013397,0.0
12,waypoint_21,-30.0,0.2632395638957761,-0.7819241070227957,1.0638120569246137,816.9655799865723,0.0
13,waypoint_21,-30.0,0.2632395638957761,-0.7819241070227957,1.0638120569246137,429.7183156013489,0.0
14,waypoint_21,-30.0,0.2632395638957761,-0.7819241070227957,1.0638120569246137,406.1911106109619,0.0
0,waypoint_21,-15.0,0.2632395638957761,-0.7819241070227957,1.0638120569246137,4180.04846572876,0.0
1,waypoint_21,-15.0,0.2632395638957761,-0.7819241070227957,1.0638120569246137,3223.529100418091,0.0
2,waypoint_21,-15.0,0.2632395638957761,-0.7819241070227957,1.0638120569246137,3073.406219482422,0.0
3,waypoint_21,-15.0,0.2632395638957761,-0.7819241070227957,1.0638120569246137,1326.1183500289917,0.0
4,waypoint_21,-15.0,0.2632395638957761,-0.7819241070227957,1.0638120569246137,1301.0448217391968,0.0
5,waypoint_21,-15.0,0.2632395638957761,-0.7819241070227957,1.0638120569246137,2209.4388008117676,0.0
6,waypoint_21,-15.0,0.2632395638957761,-0.7819241070227957,1.0638120569246137,2521.524667739868,0.0
7,waypoint_21,-15.0,0.2632395638957761,-0.7819241070227957,1.0638120569246137,1809.2906475067139,0.0
8,waypoint_21,-15.0,0.2632395638957761,-0.7819241070227957,1.0638120569246137,406.4866602420807,0.0
9,waypoint_21,-15.0,0.2632395638957761,-0.7819241070227957,1.0638120569246137,313.66488337516785,0.0
10,waypoint_21,-15.0,0.2632395638957761,-0.7819241070227957,1.0638120569246137,296.64063453674316,0.0
11,waypoint_21,-15.0,0.2632395638957761,-0.7819241070227957,1.0638120569246137,401.16748213768005,0.0
12,waypoint_21,-15.0,0.2632395638957761,-0.7819241070227957,1.0638120569246137,792.1512722969055,0.0
13,waypoint_21,-15.0,0.2632395638957761,-0.7819241070227957,1.0638120569246137,462.1526300907135,0.0
14,waypoint_21,-15.0,0.2632395638957761,-0.7819241070227957,1.0638120569246137,435.35903096199036,0.0
0,waypoint_21,0.0,0.2632395638957761,-0.7819241070227957,1.0638120569246137,4175.724983215332,0.0
1,waypoint_21,0.0,0.2632395638957761,-0.7819241070227957,1.0638120569246137,3226.07421875,0.0
2,waypoint_21,0.0,0.2632395638957761,-0.7819241070227957,1.0638120569246137,3057.345390319824,0.0
3,waypoint_21,0.0,0.2632395638957761,-0.7819241070227957,1.0638120569246137,1302.8041124343872,0.0
4,waypoint_21,0.0,0.2632395638957761,-0.7819241070227957,1.0638120569246137,1301.0278940200806,0.0
5,waypoint_21,0.0,0.2632395638957761,-0.7819241070227957,1.0638120569246137,1835.2495431900024,0.0
6,waypoint_21,0.0,0.2632395638957761,-0.7819241070227957,1.0638120569246137,2542.0455932617188,0.0
7,waypoint_21,0.0,0.2632395638957761,-0.7819241070227957,1.0638120569246137,1345.6056118011475,0.0
8,waypoint_21,0.0,0.2632395638957761,-0.7819241070227957,1.0638120569246137,450.12226700782776,0.0
9,waypoint_21,0.0,0.2632395638957761,-0.7819241070227957,1.0638120569246137,486.74604296684265,0.0
10,waypoint_21,0.0,0.2632395638957761,-0.7819241070227957,1.0638120569246137,475.2093553543091,0.0
11,waypoint_21,0.0,0.2632395638957761,-0.7819241070227957,1.0638120569246137,441.32110476493835,0.0
12,waypoint_21,0.0,0.2632395638957761,-0.7819241070227957,1.0638120569246137,773.0831503868103,0.0
13,waypoint_21,0.0,0.2632395638957761,-0.7819241070227957,1.0638120569246137,384.7285509109497,0.0
14,waypoint_21,0.0,0.2632395638957761,-0.7819241070227957,1.0638120569246137,906.347393989563,0.0
0,waypoint_21,15.0,0.2632395638957761,-0.7819241070227957,1.0638120569246137,4235.962390899658,0.0
1,waypoint_21,15.0,0.2632395638957761,-0.7819241070227957,1.0638120569246137,3229.714870452881,0.0
2,waypoint_21,15.0,0.2632395638957761,-0.7819241070227957,1.0638120569246137,3082.86452293396,0.0
3,waypoint_21,15.0,0.2632395638957761,-0.7819241070227957,1.0638120569246137,1279.1311740875244,0.0
4,waypoint_21,15.0,0.2632395638957761,-0.7819241070227957,1.0638120569246137,1300.597906112671,0.0
5,waypoint_21,15.0,0.2632395638957761,-0.7819241070227957,1.0638120569246137,1654.307246208191,0.0
6,waypoint_21,15.0,0.2632395638957761,-0.7819241070227957,1.0638120569246137,2625.640630722046,0.0
7,waypoint_21,15.0,0.2632395638957761,-0.7819241070227957,1.0638120569246137,1562.5234842300415,0.0
8,waypoint_21,15.0,0.2632395638957761,-0.7819241070227957,1.0638120569246137,561.3483190536499,0.0
9,waypoint_21,15.0,0.2632395638957761,-0.7819241070227957,1.0638120569246137,523.4104990959167,0.0
10,waypoint_21,15.0,0.2632395638957761,-0.7819241070227957,1.0638120569246137,497.06512689590454,0.0
11,waypoint_21,15.0,0.2632395638957761,-0.7819241070227957,1.0638120569246137,435.8521103858948,0.0
12,waypoint_21,15.0,0.2632395638957761,-0.7819241070227957,1.0638120569246137,755.2469372749329,0.0
13,waypoint_21,15.0,0.2632395638957761,-0.7819241070227957,1.0638120569246137,404.7521650791168,0.0
14,waypoint_21,15.0,0.2632395638957761,-0.7819241070227957,1.0638120569246137,906.3456654548645,0.0
0,waypoint_21,30.0,0.2632395638957761,-0.7819241070227957,1.0638120569246137,4232.2797775268555,0.0
1,waypoint_21,30.0,0.2632395638957761,-0.7819241070227957,1.0638120569246137,3233.471632003784,0.0
2,waypoint_21,30.0,0.2632395638957761,-0.7819241070227957,1.0638120569246137,3131.0994625091553,0.0
3,waypoint_21,30.0,0.2632395638957761,-0.7819241070227957,1.0638120569246137,1291.930913925171,0.0
4,waypoint_21,30.0,0.2632395638957761,-0.7819241070227957,1.0638120569246137,1304.7122955322266,0.0
5,waypoint_21,30.0,0.2632395638957761,-0.7819241070227957,1.0638120569246137,1735.4744672775269,0.0
6,waypoint_21,30.0,0.2632395638957761,-0.7819241070227957,1.0638120569246137,2531.001329421997,0.0
7,waypoint_21,30.0,0.2632395638957761,-0.7819241070227957,1.0638120569246137,1288.9717817306519,0.0
8,waypoint_21,30.0,0.2632395638957761,-0.7819241070227957,1.0638120569246137,603.0255556106567,0.0
9,waypoint_21,30.0,0.2632395638957761,-0.7819241070227957,1.0638120569246137,569.8837041854858,0.0
10,waypoint_21,30.0,0.2632395638957761,-0.7819241070227957,1.0638120569246137,554.054856300354,0.0
11,waypoint_21,30.0,0.2632395638957761,-0.7819241070227957,1.0638120569246137,534.9119305610657,0.0
12,waypoint_21,30.0,0.2632395638957761,-0.7819241070227957,1.0638120569246137,740.3576374053955,0.0
13,waypoint_21,30.0,0.2632395638957761,-0.7819241070227957,1.0638120569246137,549.4934320449829,0.0
14,waypoint_21,30.0,0.2632395638957761,-0.7819241070227957,1.0638120569246137,682.8672289848328,0.0
0,waypoint_22,30.0,0.28323956389577565,-0.7819241070227957,1.0638120569246137,4227.053165435791,0.0
1,waypoint_22,30.0,0.28323956389577565,-0.7819241070227957,1.0638120569246137,3234.2259883880615,0.0
2,waypoint_22,30.0,0.28323956389577565,-0.7819241070227957,1.0638120569246137,3093.488931655884,0.0
3,waypoint_22,30.0,0.28323956389577565,-0.7819241070227957,1.0638120569246137,1269.420862197876,0.0
4,waypoint_22,30.0,0.28323956389577565,-0.7819241070227957,1.0638120569246137,1287.6434326171875,0.0
5,waypoint_22,30.0,0.28323956389577565,-0.7819241070227957,1.0638120569246137,1727.0290851593018,0.0
6,waypoint_22,30.0,0.28323956389577565,-0.7819241070227957,1.0638120569246137,2749.720573425293,0.0
7,waypoint_22,30.0,0.28323956389577565,-0.7819241070227957,1.0638120569246137,1311.2598657608032,0.0
8,waypoint_22,30.0,0.28323956389577565,-0.7819241070227957,1.0638120569246137,571.9693303108215,0.0
9,waypoint_22,30.0,0.28323956389577565,-0.7819241070227957,1.0638120569246137,600.4999876022339,0.0
10,waypoint_22,30.0,0.28323956389577565,-0.7819241070227957,1.0638120569246137,558.7195754051208,0.0
11,waypoint_22,30.0,0.28323956389577565,-0.7819241070227957,1.0638120569246137,515.1769518852234,0.0
12,waypoint_22,30.0,0.28323956389577565,-0.7819241070227957,1.0638120569246137,752.1528601646423,0.0
13,waypoint_22,30.0,0.28323956389577565,-0.7819241070227957,1.0638120569246137,512.7866268157959,0.0
14,waypoint_22,30.0,0.28323956389577565,-0.7819241070227957,1.0638120569246137,700.752317905426,0.0
0,waypoint_22,15.0,0.28323956389577565,-0.7819241070227957,1.0638120569246137,4280.348300933838,0.0
1,waypoint_22,15.0,0.28323956389577565,-0.7819241070227957,1.0638120569246137,3230.491876602173,0.0
2,waypoint_22,15.0,0.28323956389577565,-0.7819241070227957,1.0638120569246137,3124.3300437927246,0.0
3,waypoint_22,15.0,0.28323956389577565,-0.7819241070227957,1.0638120569246137,1339.3949270248413,0.0
4,waypoint_22,15.0,0.28323956389577565,-0.7819241070227957,1.0638120569246137,1283.02800655365,0.0
5,waypoint_22,15.0,0.28323956389577565,-0.7819241070227957,1.0638120569246137,1645.9048986434937,0.0
6,waypoint_22,15.0,0.28323956389577565,-0.7819241070227957,1.0638120569246137,2445.120334625244,0.0
7,waypoint_22,15.0,0.28323956389577565,-0.7819241070227957,1.0638120569246137,1465.10910987854,0.0
8,waypoint_22,15.0,0.28323956389577565,-0.7819241070227957,1.0638120569246137,591.1328792572021,0.0
9,waypoint_22,15.0,0.28323956389577565,-0.7819241070227957,1.0638120569246137,578.1594514846802,0.0
10,waypoint_22,15.0,0.28323956389577565,-0.7819241070227957,1.0638120569246137,516.898512840271,0.0
11,waypoint_22,15.0,0.28323956389577565,-0.7819241070227957,1.0638120569246137,463.06636929512024,0.0
12,waypoint_22,15.0,0.28323956389577565,-0.7819241070227957,1.0638120569246137,768.2464122772217,0.0
13,waypoint_22,15.0,0.28323956389577565,-0.7819241070227957,1.0638120569246137,431.4270317554474,0.0
14,waypoint_22,15.0,0.28323956389577565,-0.7819241070227957,1.0638120569246137,690.1829242706299,0.0
0,waypoint_22,0.0,0.28323956389577565,-0.7819241070227957,1.0638120569246137,4251.801490783691,0.0
1,waypoint_22,0.0,0.28323956389577565,-0.7819241070227957,1.0638120569246137,3226.914405822754,0.0
2,waypoint_22,0.0,0.28323956389577565,-0.7819241070227957,1.0638120569246137,3109.3554496765137,0.0
3,waypoint_22,0.0,0.28323956389577565,-0.7819241070227957,1.0638120569246137,1293.9634323120117,0.0
4,waypoint_22,0.0,0.28323956389577565,-0.7819241070227957,1.0638120569246137,1280.1181077957153,0.0
5,waypoint_22,0.0,0.28323956389577565,-0.7819241070227957,1.0638120569246137,1830.0367593765259,0.0
6,waypoint_22,0.0,0.28323956389577565,-0.7819241070227957,1.0638120569246137,2598.005533218384,0.0
7,waypoint_22,0.0,0.28323956389577565,-0.7819241070227957,1.0638120569246137,1494.844675064087,0.0
8,waypoint_22,0.0,0.28323956389577565,-0.7819241070227957,1.0638120569246137,558.0870509147644,0.0
9,waypoint_22,0.0,0.28323956389577565,-0.7819241070227957,1.0638120569246137,542.567253112793,0.0
10,waypoint_22,0.0,0.28323956389577565,-0.7819241070227957,1.0638120569246137,512.1844410896301,0.0
11,waypoint_22,0.0,0.28323956389577565,-0.7819241070227957,1.0638120569246137,459.74162220954895,0.0
12,waypoint_22,0.0,0.28323956389577565,-0.7819241070227957,1.0638120569246137,786.2234115600586,0.0
13,waypoint_22,0.0,0.28323956389577565,-0.7819241070227957,1.0638120569246137,415.6794250011444,0.0
14,waypoint_22,0.0,0.28323956389577565,-0.7819241070227957,1.0638120569246137,804.4496178627014,0.0
0,waypoint_22,-15.0,0.28323956389577565,-0.7819241070227957,1.0638120569246137,4184.352874755859,0.0
1,waypoint_22,-15.0,0.28323956389577565,-0.7819241070227957,1.0638120569246137,3224.46608543396,0.0
2,waypoint_22,-15.0,0.28323956389577565,-0.7819241070227957,1.0638120569246137,3037.4631881713867,0.0
3,waypoint_22,-15.0,0.28323956389577565,-0.7819241070227957,1.0638120569246137,1289.2876863479614,0.0
4,waypoint_22,-15.0,0.28323956389577565,-0.7819241070227957,1.0638120569246137,1282.4687957763672,0.0
5,waypoint_22,-15.0,0.28323956389577565,-0.7819241070227957,1.0638120569246137,2204.186201095581,0.0
6,waypoint_22,-15.0,0.28323956389577565,-0.7819241070227957,1.0638120569246137,2501.533031463623,0.0
7,waypoint_22,-15.0,0.28323956389577565,-0.7819241070227957,1.0638120569246137,1664.0596389770508,0.0
8,waypoint_22,-15.0,0.28323956389577565,-0.7819241070227957,1.0638120569246137,537.8396511077881,0.0
9,waypoint_22,-15.0,0.28323956389577565,-0.7819241070227957,1.0638120569246137,518.3609127998352,0.0
10,waypoint_22,-15.0,0.28323956389577565,-0.7819241070227957,1.0638120569246137,484.38382148742676,0.0
11,waypoint_22,-15.0,0.28323956389577565,-0.7819241070227957,1.0638120569246137,427.21542716026306,0.0
12,waypoint_22,-15.0,0.28323956389577565,-0.7819241070227957,1.0638120569246137,805.2554130554199,0.0
13,waypoint_22,-15.0,0.28323956389577565,-0.7819241070227957,1.0638120569246137,433.2694411277771,0.0
14,waypoint_22,-15.0,0.28323956389577565,-0.7819241070227957,1.0638120569246137,880.1377415657043,0.0
0,waypoint_22,-30.0,0.28323956389577565,-0.7819241070227957,1.0638120569246137,4196.226119995117,0.0
1,waypoint_22,-30.0,0.28323956389577565,-0.7819241070227957,1.0638120569246137,3224.0374088287354,0.0
2,waypoint_22,-30.0,0.28323956389577565,-0.7819241070227957,1.0638120569246137,2943.7427520751953,0.0
3,waypoint_22,-30.0,0.28323956389577565,-0.7819241070227957,1.0638120569246137,1126.8683671951294,0.0
4,waypoint_22,-30.0,0.28323956389577565,-0.7819241070227957,1.0638120569246137,1277.1745920181274,0.0
5,waypoint_22,-30.0,0.28323956389577565,-0.7819241070227957,1.0638120569246137,2240.5755519866943,0.0
6,waypoint_22,-30.0,0.28323956389577565,-0.7819241070227957,1.0638120569246137,2651.3543128967285,0.0
7,waypoint_22,-30.0,0.28323956389577565,-0.7819241070227957,1.0638120569246137,1540.0665998458862,0.0
8,waypoint_22,-30.0,0.28323956389577565,-0.7819241070227957,1.0638120569246137,541.3600206375122,0.0
9,waypoint_22,-30.0,0.28323956389577565,-0.7819241070227957,1.0638120569246137,518.2502269744873,0.0
10,waypoint_22,-30.0,0.28323956389577565,-0.7819241070227957,1.0638120569246137,523.6707329750061,0.0
11,waypoint_22,-30.0,0.28323956389577565,-0.7819241070227957,1.0638120569246137,416.40132665634155,0.0
12,waypoint_22,-30.0,0.28323956389577565,-0.7819241070227957,1.0638120569246137,829.4410109519958,0.0
13,waypoint_22,-30.0,0.28323956389577565,-0.7819241070227957,1.0638120569246137,394.20822262763977,0.0
14,waypoint_22,-30.0,0.28323956389577565,-0.7819241070227957,1.0638120569246137,927.5223612785339,0.0
0,waypoint_23,-30.0,0.30323956389577544,-0.7819241070227957,1.0638120569246137,4252.023220062256,0.0
1,waypoint_23,-30.0,0.30323956389577544,-0.7819241070227957,1.0638120569246137,3225.221872329712,0.0
2,waypoint_23,-30.0,0.30323956389577544,-0.7819241070227957,1.0638120569246137,2949.444532394409,0.0
3,waypoint_23,-30.0,0.30323956389577544,-0.7819241070227957,1.0638120569246137,1114.8364543914795,0.0
4,waypoint_23,-30.0,0.30323956389577544,-0.7819241070227957,1.0638120569246137,1254.6507120132446,0.0
5,waypoint_23,-30.0,0.30323956389577544,-0.7819241070227957,1.0638120569246137,2236.273765563965,0.0
6,waypoint_23,-30.0,0.30323956389577544,-0.7819241070227957,1.0638120569246137,2628.375291824341,0.0
7,waypoint_23,-30.0,0.30323956389577544,-0.7819241070227957,1.0638120569246137,1574.0432739257812,0.0
8,waypoint_23,-30.0,0.30323956389577544,-0.7819241070227957,1.0638120569246137,550.3187775611877,0.0
9,waypoint_23,-30.0,0.30323956389577544,-0.7819241070227957,1.0638120569246137,526.8713235855103,0.0
10,waypoint_23,-30.0,0.30323956389577544,-0.7819241070227957,1.0638120569246137,504.8944354057312,0.0
11,waypoint_23,-30.0,0.30323956389577544,-0.7819241070227957,1.0638120569246137,400.27597546577454,0.0
12,waypoint_23,-30.0,0.30323956389577544,-0.7819241070227957,1.0638120569246137,842.1552181243896,0.0
13,waypoint_23,-30.0,0.30323956389577544,-0.7819241070227957,1.0638120569246137,399.6480107307434,0.0
14,waypoint_23,-30.0,0.30323956389577544,-0.7819241070227957,1.0638120569246137,987.345814704895,0.0
0,waypoint_23,-15.0,0.30323956389577544,-0.7819241070227957,1.0638120569246137,4254.019260406494,0.0
1,waypoint_23,-15.0,0.30323956389577544,-0.7819241070227957,1.0638120569246137,3225.5139350891113,0.0
2,waypoint_23,-15.0,0.30323956389577544,-0.7819241070227957,1.0638120569246137,2923.757314682007,0.0
3,waypoint_23,-15.0,0.30323956389577544,-0.7819241070227957,1.0638120569246137,1273.9495038986206,0.0
4,waypoint_23,-15.0,0.30323956389577544,-0.7819241070227957,1.0638120569246137,1264.8669481277466,0.0
5,waypoint_23,-15.0,0.30323956389577544,-0.7819241070227957,1.0638120569246137,2201.322555541992,0.0
6,waypoint_23,-15.0,0.30323956389577544,-0.7819241070227957,1.0638120569246137,2489.9303913116455,0.0
7,waypoint_23,-15.0,0.30323956389577544,-0.7819241070227957,1.0638120569246137,1556.1038255691528,0.0
8,waypoint_23,-15.0,0.30323956389577544,-0.7819241070227957,1.0638120569246137,539.2207503318787,0.0
9,waypoint_23,-15.0,0.30323956389577544,-0.7819241070227957,1.0638120569246137,530.3273797035217,0.0
10,waypoint_23,-15.0,0.30323956389577544,-0.7819241070227957,1.0638120569246137,497.7079927921295,0.0
11,waypoint_23,-15.0,0.30323956389577544,-0.7819241070227957,1.0638120569246137,379.6360492706299,0.0
12,waypoint_23,-15.0,0.30323956389577544,-0.7819241070227957,1.0638120569246137,818.3072209358215,0.0
13,waypoint_23,-15.0,0.30323956389577544,-0.7819241070227957,1.0638120569246137,404.90081906318665,0.0
14,waypoint_23,-15.0,0.30323956389577544,-0.7819241070227957,1.0638120569246137,903.9819836616516,0.0
0,waypoint_23,0.0,0.30323956389577544,-0.7819241070227957,1.0638120569246137,4217.301368713379,0.0
1,waypoint_23,0.0,0.30323956389577544,-0.7819241070227957,1.0638120569246137,3227.8597354888916,0.0
2,waypoint_23,0.0,0.30323956389577544,-0.7819241070227957,1.0638120569246137,3078.4900188446045,0.0
3,waypoint_23,0.0,0.30323956389577544,-0.7819241070227957,1.0638120569246137,1260.9773874282837,0.0
4,waypoint_23,0.0,0.30323956389577544,-0.7819241070227957,1.0638120569246137,1265.2024030685425,0.0
5,waypoint_23,0.0,0.30323956389577544,-0.7819241070227957,1.0638120569246137,1780.2743911743164,0.0
6,waypoint_23,0.0,0.30323956389577544,-0.7819241070227957,1.0638120569246137,2504.4541358947754,0.0
7,waypoint_23,0.0,0.30323956389577544,-0.7819241070227957,1.0638120569246137,1579.9607038497925,0.0
8,waypoint_23,0.0,0.30323956389577544,-0.7819241070227957,1.0638120569246137,477.65472531318665,0.0
9,waypoint_23,0.0,0.30323956389577544,-0.7819241070227957,1.0638120569246137,537.2164249420166,0.0
10,waypoint_23,0.0,0.30323956389577544,-0.7819241070227957,1.0638120569246137,515.4469609260559,0.0
11,waypoint_23,0.0,0.30323956389577544,-0.7819241070227957,1.0638120569246137,476.94340348243713,0.0
12,waypoint_23,0.0,0.30323956389577544,-0.7819241070227957,1.0638120569246137,800.0920414924622,0.0
13,waypoint_23,0.0,0.30323956389577544,-0.7819241070227957,1.0638120569246137,417.9845154285431,0.0
14,waypoint_23,0.0,0.30323956389577544,-0.7819241070227957,1.0638120569246137,826.7830610275269,0.0
0,waypoint_23,15.0,0.30323956389577544,-0.7819241070227957,1.0638120569246137,4233.56819152832,0.0
1,waypoint_23,15.0,0.30323956389577544,-0.7819241070227957,1.0638120569246137,3231.372356414795,0.0
2,waypoint_23,15.0,0.30323956389577544,-0.7819241070227957,1.0638120569246137,3113.6724948883057,0.0
3,waypoint_23,15.0,0.30323956389577544,-0.7819241070227957,1.0638120569246137,1262.7843618392944,0.0
4,waypoint_23,15.0,0.30323956389577544,-0.7819241070227957,1.0638120569246137,1264.0397548675537,0.0
5,waypoint_23,15.0,0.30323956389577544,-0.7819241070227957,1.0638120569246137,1637.6569271087646,0.0
6,waypoint_23,15.0,0.30323956389577544,-0.7819241070227957,1.0638120569246137,2613.772392272949,0.0
7,waypoint_23,15.0,0.30323956389577544,-0.7819241070227957,1.0638120569246137,1607.3187589645386,0.0
8,waypoint_23,15.0,0.30323956389577544,-0.7819241070227957,1.0638120569246137,490.59468507766724,0.0
9,waypoint_23,15.0,0.30323956389577544,-0.7819241070227957,1.0638120569246137,562.2684359550476,0.0
10,waypoint_23,15.0,0.30323956389577544,-0.7819241070227957,1.0638120569246137,510.9747648239136,0.0
11,waypoint_23,15.0,0.30323956389577544,-0.7819241070227957,1.0638120569246137,461.9422256946564,0.0
12,waypoint_23,15.0,0.30323956389577544,-0.7819241070227957,1.0638120569246137,782.6608419418335,0.0
13,waypoint_23,15.0,0.30323956389577544,-0.7819241070227957,1.0638120569246137,428.7393093109131,0.0
14,waypoint_23,15.0,0.30323956389577544,-0.7819241070227957,1.0638120569246137,701.8856406211853,0.0
0,waypoint_23,30.0,0.30323956389577544,-0.7819241070227957,1.0638120569246137,4239.577293395996,0.0
1,waypoint_23,30.0,0.30323956389577544,-0.7819241070227957,1.0638120569246137,3235.0800037384033,0.0
2,waypoint_23,30.0,0.30323956389577544,-0.7819241070227957,1.0638120569246137,3060.961961746216,0.0
3,waypoint_23,30.0,0.30323956389577544,-0.7819241070227957,1.0638120569246137,1271.4735269546509,0.0
4,waypoint_23,30.0,0.30323956389577544,-0.7819241070227957,1.0638120569246137,1264.9203538894653,0.0
5,waypoint_23,30.0,0.30323956389577544,-0.7819241070227957,1.0638120569246137,1718.738317489624,0.0
6,waypoint_23,30.0,0.30323956389577544,-0.7819241070227957,1.0638120569246137,2555.9170246124268,0.0
7,waypoint_23,30.0,0.30323956389577544,-0.7819241070227957,1.0638120569246137,1274.8610973358154,0.0
8,waypoint_23,30.0,0.30323956389577544,-0.7819241070227957,1.0638120569246137,489.97700214385986,0.0
9,waypoint_23,30.0,0.30323956389577544,-0.7819241070227957,1.0638120569246137,610.3672385215759,0.0
10,waypoint_23,30.0,0.30323956389577544,-0.7819241070227957,1.0638120569246137,565.3767585754395,0.0
11,waypoint_23,30.0,0.30323956389577544,-0.7819241070227957,1.0638120569246137,547.9658842086792,0.0
12,waypoint_23,30.0,0.30323956389577544,-0.7819241070227957,1.0638120569246137,768.252968788147,0.0
13,waypoint_23,30.0,0.30323956389577544,-0.7819241070227957,1.0638120569246137,513.541042804718,0.0
14,waypoint_23,30.0,0.30323956389577544,-0.7819241070227957,1.0638120569246137,716.6113257408142,0.0
0,waypoint_24,30.0,0.32323956389577596,-0.7819241070227957,1.0638120569246137,4307.406902313232,0.0
1,waypoint_24,30.0,0.32323956389577596,-0.7819241070227957,1.0638120569246137,3236.0401153564453,0.0
2,waypoint_24,30.0,0.32323956389577596,-0.7819241070227957,1.0638120569246137,3083.9383602142334,0.0
3,waypoint_24,30.0,0.32323956389577596,-0.7819241070227957,1.0638120569246137,1306.800127029419,0.0
4,waypoint_24,30.0,0.32323956389577596,-0.7819241070227957,1.0638120569246137,1243.489384651184,0.0
5,waypoint_24,30.0,0.32323956389577596,-0.7819241070227957,1.0638120569246137,1710.5993032455444,0.0
6,waypoint_24,30.0,0.32323956389577596,-0.7819241070227957,1.0638120569246137,2469.637870788574,0.0
7,waypoint_24,30.0,0.32323956389577596,-0.7819241070227957,1.0638120569246137,1280.212163925171,0.0
8,waypoint_24,30.0,0.32323956389577596,-0.7819241070227957,1.0638120569246137,465.50020575523376,0.0
9,waypoint_24,30.0,0.32323956389577596,-0.7819241070227957,1.0638120569246137,584.8498344421387,0.0
10,waypoint_24,30.0,0.32323956389577596,-0.7819241070227957,1.0638120569246137,564.0957355499268,0.0
11,waypoint_24,30.0,0.32323956389577596,-0.7819241070227957,1.0638120569246137,527.4879932403564,0.0
12,waypoint_24,30.0,0.32323956389577596,-0.7819241070227957,1.0638120569246137,781.4387083053589,0.0
13,waypoint_24,30.0,0.32323956389577596,-0.7819241070227957,1.0638120569246137,528.1322598457336,0.0
14,waypoint_24,30.0,0.32323956389577596,-0.7819241070227957,1.0638120569246137,731.0276627540588,0.0
0,waypoint_24,15.0,0.32323956389577596,-0.7819241070227957,1.0638120569246137,4231.6131591796875,0.0
1,waypoint_24,15.0,0.32323956389577596,-0.7819241070227957,1.0638120569246137,3232.3598861694336,0.0
2,waypoint_24,15.0,0.32323956389577596,-0.7819241070227957,1.0638120569246137,3062.6487731933594,0.0
3,waypoint_24,15.0,0.32323956389577596,-0.7819241070227957,1.0638120569246137,1233.163595199585,0.0
4,waypoint_24,15.0,0.32323956389577596,-0.7819241070227957,1.0638120569246137,1242.6488399505615,0.0
5,waypoint_24,15.0,0.32323956389577596,-0.7819241070227957,1.0638120569246137,1629.5809745788574,0.0
6,waypoint_24,15.0,0.32323956389577596,-0.7819241070227957,1.0638120569246137,2572.913646697998,0.0
7,waypoint_24,15.0,0.32323956389577596,-0.7819241070227957,1.0638120569246137,1502.0850896835327,0.0
8,waypoint_24,15.0,0.32323956389577596,-0.7819241070227957,1.0638120569246137,469.08634901046753,0.0
9,waypoint_24,15.0,0.32323956389577596,-0.7819241070227957,1.0638120569246137,592.7850604057312,0.0
10,waypoint_24,15.0,0.32323956389577596,-0.7819241070227957,1.0638120569246137,554.3184876441956,0.0
11,waypoint_24,15.0,0.32323956389577596,-0.7819241070227957,1.0638120569246137,491.65698885917664,0.0
12,waypoint_24,15.0,0.32323956389577596,-0.7819241070227957,1.0638120569246137,796.2939739227295,0.0
13,waypoint_24,15.0,0.32323956389577596,-0.7819241070227957,1.0638120569246137,455.50253987312317,0.0
14,waypoint_24,15.0,0.32323956389577596,-0.7819241070227957,1.0638120569246137,732.963502407074,0.0
0,waypoint_24,0.0,0.32323956389577596,-0.7819241070227957,1.0638120569246137,4298.086643218994,0.0
1,waypoint_24,0.0,0.32323956389577596,-0.7819241070227957,1.0638120569246137,3228.9154529571533,0.0
2,waypoint_24,0.0,0.32323956389577596,-0.7819241070227957,1.0638120569246137,2970.1597690582275,0.0
3,waypoint_24,0.0,0.32323956389577596,-0.7819241070227957,1.0638120569246137,1249.151110649109,0.0
4,waypoint_24,0.0,0.32323956389577596,-0.7819241070227957,1.0638120569246137,1246.4872598648071,0.0
5,waypoint_24,0.0,0.32323956389577596,-0.7819241070227957,1.0638120569246137,1790.420651435852,0.0
6,waypoint_24,0.0,0.32323956389577596,-0.7819241070227957,1.0638120569246137,2655.029296875,0.0
7,waypoint_24,0.0,0.32323956389577596,-0.7819241070227957,1.0638120569246137,1506.8914890289307,0.0
8,waypoint_24,0.0,0.32323956389577596,-0.7819241070227957,1.0638120569246137,457.2795033454895,0.0
9,waypoint_24,0.0,0.32323956389577596,-0.7819241070227957,1.0638120569246137,565.9619569778442,0.0
10,waypoint_24,0.0,0.32323956389577596,-0.7819241070227957,1.0638120569246137,534.7545146942139,0.0
11,waypoint_24,0.0,0.32323956389577596,-0.7819241070227957,1.0638120569246137,489.1306459903717,0.0
12,waypoint_24,0.0,0.32323956389577596,-0.7819241070227957,1.0638120569246137,813.9315247535706,0.0
13,waypoint_24,0.0,0.32323956389577596,-0.7819241070227957,1.0638120569246137,431.54236674308777,0.0
14,waypoint_24,0.0,0.32323956389577596,-0.7819241070227957,1.0638120569246137,868.5494065284729,0.0
0,waypoint_24,-15.0,0.32323956389577596,-0.7819241070227957,1.0638120569246137,4274.571418762207,0.0
1,waypoint_24,-15.0,0.32323956389577596,-0.7819241070227957,1.0638120569246137,3226.670980453491,0.0
2,waypoint_24,-15.0,0.32323956389577596,-0.7819241070227957,1.0638120569246137,2880.6748390197754,0.0
3,waypoint_24,-15.0,0.32323956389577596,-0.7819241070227957,1.0638120569246137,1239.2187118530273,0.0
4,waypoint_24,-15.0,0.32323956389577596,-0.7819241070227957,1.0638120569246137,1248.990535736084,0.0
5,waypoint_24,-15.0,0.32323956389577596,-0.7819241070227957,1.0638120569246137,2195.3084468841553,0.0
6,waypoint_24,-15.0,0.32323956389577596,-0.7819241070227957,1.0638120569246137,2610.1717948913574,0.0
7,waypoint_24,-15.0,0.32323956389577596,-0.7819241070227957,1.0638120569246137,1256.7524909973145,0.0
8,waypoint_24,-15.0,0.32323956389577596,-0.7819241070227957,1.0638120569246137,448.21321964263916,0.0
9,waypoint_24,-15.0,0.32323956389577596,-0.7819241070227957,1.0638120569246137,547.9282140731812,0.0
10,waypoint_24,-15.0,0.32323956389577596,-0.7819241070227957,1.0638120569246137,513.0375027656555,0.0
11,waypoint_24,-15.0,0.32323956389577596,-0.7819241070227957,1.0638120569246137,441.55046343803406,0.0
12,waypoint_24,-15.0,0.32323956389577596,-0.7819241070227957,1.0638120569246137,831.8047523498535,0.0
13,waypoint_24,-15.0,0.32323956389577596,-0.7819241070227957,1.0638120569246137,426.53194069862366,0.0
14,waypoint_24,-15.0,0.32323956389577596,-0.7819241070227957,1.0638120569246137,886.3265514373779,0.0
0,waypoint_24,-30.0,0.32323956389577596,-0.7819241070227957,1.0638120569246137,4219.668388366699,0.0
1,waypoint_24,-30.0,0.32323956389577596,-0.7819241070227957,1.0638120569246137,3226.512908935547,0.0
2,waypoint_24,-30.0,0.32323956389577596,-0.7819241070227957,1.0638120569246137,2897.80592918396,0.0
3,waypoint_24,-30.0,0.32323956389577596,-0.7819241070227957,1.0638120569246137,1105.1710844039917,0.0
4,waypoint_24,-30.0,0.32323956389577596,-0.7819241070227957,1.0638120569246137,1241.3194179534912,0.0
5,waypoint_24,-30.0,0.32323956389577596,-0.7819241070227957,1.0638120569246137,2231.9037914276123,0.0
6,waypoint_24,-30.0,0.32323956389577596,-0.7819241070227957,1.0638120569246137,2609.4114780426025,0.0
7,waypoint_24,-30.0,0.32323956389577596,-0.7819241070227957,1.0638120569246137,1955.8651447296143,0.0
8,waypoint_24,-30.0,0.32323956389577596,-0.7819241070227957,1.0638120569246137,447.2746551036835,0.0
9,waypoint_24,-30.0,0.32323956389577596,-0.7819241070227957,1.0638120569246137,541.5724515914917,0.0
10,waypoint_24,-30.0,0.32323956389577596,-0.7819241070227957,1.0638120569246137,527.5441408157349,0.0
11,waypoint_24,-30.0,0.32323956389577596,-0.7819241070227957,1.0638120569246137,441.39713048934937,0.0
12,waypoint_24,-30.0,0.32323956389577596,-0.7819241070227957,1.0638120569246137,855.4271459579468,0.0
13,waypoint_24,-30.0,0.32323956389577596,-0.7819241070227957,1.0638120569246137,412.0323657989502,0.0
14,waypoint_24,-30.0,0.32323956389577596,-0.7819241070227957,1.0638120569246137,988.7157082557678,0.0
0,waypoint_25,-30.0,0.34323956389577553,-0.7819241070227957,1.0638120569246137,4237.550735473633,0.0
1,waypoint_25,-30.0,0.34323956389577553,-0.7819241070227957,1.0638120569246137,3227.916955947876,0.0
2,waypoint_25,-30.0,0.34323956389577553,-0.7819241070227957,1.0638120569246137,2906.7394733428955,0.0
3,waypoint_25,-30.0,0.34323956389577553,-0.7819241070227957,1.0638120569246137,1082.8074216842651,0.0
4,waypoint_25,-30.0,0.34323956389577553,-0.7819241070227957,1.0638120569246137,1219.7129726409912,0.0
5,waypoint_25,-30.0,0.34323956389577553,-0.7819241070227957,1.0638120569246137,2227.9441356658936,0.0
6,waypoint_25,-30.0,0.34323956389577553,-0.7819241070227957,1.0638120569246137,2585.7205390930176,0.0
7,waypoint_25,-30.0,0.34323956389577553,-0.7819241070227957,1.0638120569246137,1245.6464767456055,0.0
8,waypoint_25,-30.0,0.34323956389577553,-0.7819241070227957,1.0638120569246137,459.63361859321594,0.0
9,waypoint_25,-30.0,0.34323956389577553,-0.7819241070227957,1.0638120569246137,552.4570941925049,0.0
10,waypoint_25,-30.0,0.34323956389577553,-0.7819241070227957,1.0638120569246137,516.4938569068909,0.0
11,waypoint_25,-30.0,0.34323956389577553,-0.7819241070227957,1.0638120569246137,451.8432021141052,0.0
12,waypoint_25,-30.0,0.34323956389577553,-0.7819241070227957,1.0638120569246137,868.6566948890686,0.0
13,waypoint_25,-30.0,0.34323956389577553,-0.7819241070227957,1.0638120569246137,388.7668550014496,0.0
14,waypoint_25,-30.0,0.34323956389577553,-0.7819241070227957,1.0638120569246137,1010.1234912872314,0.0
0,waypoint_25,-15.0,0.34323956389577553,-0.7819241070227957,1.0638120569246137,4243.5736656188965,0.0
1,waypoint_25,-15.0,0.34323956389577553,-0.7819241070227957,1.0638120569246137,3227.940320968628,0.0
2,waypoint_25,-15.0,0.34323956389577553,-0.7819241070227957,1.0638120569246137,2876.1277198791504,0.0
3,waypoint_25,-15.0,0.34323956389577553,-0.7819241070227957,1.0638120569246137,1214.5015001296997,0.0
4,waypoint_25,-15.0,0.34323956389577553,-0.7819241070227957,1.0638120569246137,1235.0250482559204,0.0
5,waypoint_25,-15.0,0.34323956389577553,-0.7819241070227957,1.0638120569246137,2193.488121032715,0.0
6,waypoint_25,-15.0,0.34323956389577553,-0.7819241070227957,1.0638120569246137,2555.499315261841,0.0
7,waypoint_25,-15.0,0.34323956389577553,-0.7819241070227957,1.0638120569246137,1371.4274168014526,0.0
8,waypoint_25,-15.0,0.34323956389577553,-0.7819241070227957,1.0638120569246137,462.5362157821655,0.0
9,waypoint_25,-15.0,0.34323956389577553,-0.7819241070227957,1.0638120569246137,536.7967486381531,0.0
10,waypoint_25,-15.0,0.34323956389577553,-0.7819241070227957,1.0638120569246137,516.1566734313965,0.0
11,waypoint_25,-15.0,0.34323956389577553,-0.7819241070227957,1.0638120569246137,443.5838758945465,0.0
12,waypoint_25,-15.0,0.34323956389577553,-0.7819241070227957,1.0638120569246137,845.6684350967407,0.0
13,waypoint_25,-15.0,0.34323956389577553,-0.7819241070227957,1.0638120569246137,399.3333876132965,0.0
14,waypoint_25,-15.0,0.34323956389577553,-0.7819241070227957,1.0638120569246137,905.3241610527039,0.0
0,waypoint_25,0.0,0.34323956389577553,-0.7819241070227957,1.0638120569246137,4314.170360565186,0.0
1,waypoint_25,0.0,0.34323956389577553,-0.7819241070227957,1.0638120569246137,3230.078935623169,0.0
2,waypoint_25,0.0,0.34323956389577553,-0.7819241070227957,1.0638120569246137,3070.4667568206787,0.0
3,waypoint_25,0.0,0.34323956389577553,-0.7819241070227957,1.0638120569246137,1237.659215927124,0.0
4,waypoint_25,0.0,0.34323956389577553,-0.7819241070227957,1.0638120569246137,1229.8548221588135,0.0
5,waypoint_25,0.0,0.34323956389577553,-0.7819241070227957,1.0638120569246137,2118.115186691284,0.0
6,waypoint_25,0.0,0.34323956389577553,-0.7819241070227957,1.0638120569246137,2521.2767124176025,0.0
7,waypoint_25,0.0,0.34323956389577553,-0.7819241070227957,1.0638120569246137,1293.5832738876343,0.0
8,waypoint_25,0.0,0.34323956389577553,-0.7819241070227957,1.0638120569246137,460.6819152832031,0.0
9,waypoint_25,0.0,0.34323956389577553,-0.7819241070227957,1.0638120569246137,482.06984996795654,0.0
10,waypoint_25,0.0,0.34323956389577553,-0.7819241070227957,1.0638120569246137,557.3945641517639,0.0
11,waypoint_25,0.0,0.34323956389577553,-0.7819241070227957,1.0638120569246137,475.73965787887573,0.0
12,waypoint_25,0.0,0.34323956389577553,-0.7819241070227957,1.0638120569246137,828.0646204948425,0.0
13,waypoint_25,0.0,0.34323956389577553,-0.7819241070227957,1.0638120569246137,451.59226655960083,0.0
14,waypoint_25,0.0,0.34323956389577553,-0.7819241070227957,1.0638120569246137,883.8956952095032,0.0
0,waypoint_25,15.0,0.34323956389577553,-0.7819241070227957,1.0638120569246137,4285.201549530029,0.0
1,waypoint_25,15.0,0.34323956389577553,-0.7819241070227957,1.0638120569246137,3233.4530353546143,0.0
2,waypoint_25,15.0,0.34323956389577553,-0.7819241070227957,1.0638120569246137,3024.9202251434326,0.0
3,waypoint_25,15.0,0.34323956389577553,-0.7819241070227957,1.0638120569246137,1289.0198230743408,0.0
4,waypoint_25,15.0,0.34323956389577553,-0.7819241070227957,1.0638120569246137,1232.966661453247,0.0
5,waypoint_25,15.0,0.34323956389577553,-0.7819241070227957,1.0638120569246137,1621.6826438903809,0.0
6,waypoint_25,15.0,0.34323956389577553,-0.7819241070227957,1.0638120569246137,2642.131567001343,0.0
7,waypoint_25,15.0,0.34323956389577553,-0.7819241070227957,1.0638120569246137,1421.1037158966064,0.0
8,waypoint_25,15.0,0.34323956389577553,-0.7819241070227957,1.0638120569246137,454.41940426826477,0.0
9,waypoint_25,15.0,0.34323956389577553,-0.7819241070227957,1.0638120569246137,495.8094358444214,0.0
10,waypoint_25,15.0,0.34323956389577553,-0.7819241070227957,1.0638120569246137,535.7993245124817,0.0
11,waypoint_25,15.0,0.34323956389577553,-0.7819241070227957,1.0638120569246137,505.5404305458069,0.0
12,waypoint_25,15.0,0.34323956389577553,-0.7819241070227957,1.0638120569246137,811.3445043563843,0.0
13,waypoint_25,15.0,0.34323956389577553,-0.7819241070227957,1.0638120569246137,452.8103172779083,0.0
14,waypoint_25,15.0,0.34323956389577553,-0.7819241070227957,1.0638120569246137,653.3029079437256,0.0
0,waypoint_25,30.0,0.34323956389577553,-0.7819241070227957,1.0638120569246137,4276.274681091309,0.0
1,waypoint_25,30.0,0.34323956389577553,-0.7819241070227957,1.0638120569246137,3237.0996475219727,0.0
2,waypoint_25,30.0,0.34323956389577553,-0.7819241070227957,1.0638120569246137,3045.6902980804443,0.0
3,waypoint_25,30.0,0.34323956389577553,-0.7819241070227957,1.0638120569246137,1238.0683422088623,0.0
4,waypoint_25,30.0,0.34323956389577553,-0.7819241070227957,1.0638120569246137,1229.2922735214233,0.0
5,waypoint_25,30.0,0.34323956389577553,-0.7819241070227957,1.0638120569246137,1702.6227712631226,0.0
6,waypoint_25,30.0,0.34323956389577553,-0.7819241070227957,1.0638120569246137,2437.9825592041016,0.0
7,waypoint_25,30.0,0.34323956389577553,-0.7819241070227957,1.0638120569246137,1249.2032051086426,0.0
8,waypoint_25,30.0,0.34323956389577553,-0.7819241070227957,1.0638120569246137,452.01554894447327,0.0
9,waypoint_25,30.0,0.34323956389577553,-0.7819241070227957,1.0638120569246137,496.4735209941864,0.0
10,waypoint_25,30.0,0.34323956389577553,-0.7819241070227957,1.0638120569246137,572.4826455116272,0.0
11,waypoint_25,30.0,0.34323956389577553,-0.7819241070227957,1.0638120569246137,547.8732585906982,0.0
12,waypoint_25,30.0,0.34323956389577553,-0.7819241070227957,1.0638120569246137,798.815667629242,0.0
13,waypoint_25,30.0,0.34323956389577553,-0.7819241070227957,1.0638120569246137,504.16457653045654,0.0
14,waypoint_25,30.0,0.34323956389577553,-0.7819241070227957,1.0638120569246137,746.4205622673035,0.0
0,waypoint_26,30.0,0.36323956389577516,-0.7819241070227957,1.0638120569246137,4340.61861038208,0.0
1,waypoint_26,30.0,0.36323956389577516,-0.7819241070227957,1.0638120569246137,3238.267183303833,0.0
2,waypoint_26,30.0,0.36323956389577516,-0.7819241070227957,1.0638120569246137,3001.847982406616,0.0
3,waypoint_26,30.0,0.36323956389577516,-0.7819241070227957,1.0638120569246137,1237.683892250061,0.0
4,waypoint_26,30.0,0.36323956389577516,-0.7819241070227957,1.0638120569246137,1215.4829502105713,0.0
5,waypoint_26,30.0,0.36323956389577516,-0.7819241070227957,1.0638120569246137,1694.8176622390747,0.0
6,waypoint_26,30.0,0.36323956389577516,-0.7819241070227957,1.0638120569246137,2621.3901042938232,0.0
7,waypoint_26,30.0,0.36323956389577516,-0.7819241070227957,1.0638120569246137,1328.123688697815,0.0
8,waypoint_26,30.0,0.36323956389577516,-0.7819241070227957,1.0638120569246137,465.5652046203613,0.0
9,waypoint_26,30.0,0.36323956389577516,-0.7819241070227957,1.0638120569246137,468.9926207065582,0.0
10,waypoint_26,30.0,0.36323956389577516,-0.7819241070227957,1.0638120569246137,610.1031303405762,0.0
11,waypoint_26,30.0,0.36323956389577516,-0.7819241070227957,1.0638120569246137,541.3532853126526,0.0
12,waypoint_26,30.0,0.36323956389577516,-0.7819241070227957,1.0638120569246137,812.5506639480591,0.0
13,waypoint_26,30.0,0.36323956389577516,-0.7819241070227957,1.0638120569246137,514.0199661254883,0.0
14,waypoint_26,30.0,0.36323956389577516,-0.7819241070227957,1.0638120569246137,761.5626454353333,0.0
0,waypoint_26,15.0,0.36323956389577516,-0.7819241070227957,1.0638120569246137,4297.088146209717,0.0
1,waypoint_26,15.0,0.36323956389577516,-0.7819241070227957,1.0638120569246137,3234.6513271331787,0.0
2,waypoint_26,15.0,0.36323956389577516,-0.7819241070227957,1.0638120569246137,3023.904800415039,0.0
3,waypoint_26,15.0,0.36323956389577516,-0.7819241070227957,1.0638120569246137,1247.458815574646,0.0
4,waypoint_26,15.0,0.36323956389577516,-0.7819241070227957,1.0638120569246137,1214.9367332458496,0.0
5,waypoint_26,15.0,0.36323956389577516,-0.7819241070227957,1.0638120569246137,1613.9357089996338,0.0
6,waypoint_26,15.0,0.36323956389577516,-0.7819241070227957,1.0638120569246137,2526.9107818603516,0.0
7,waypoint_26,15.0,0.36323956389577516,-0.7819241070227957,1.0638120569246137,1388.830065727234,0.0
8,waypoint_26,15.0,0.36323956389577516,-0.7819241070227957,1.0638120569246137,463.47832679748535,0.0
9,waypoint_26,15.0,0.36323956389577516,-0.7819241070227957,1.0638120569246137,472.2931981086731,0.0
10,waypoint_26,15.0,0.36323956389577516,-0.7819241070227957,1.0638120569246137,589.4588828086853,0.0
11,waypoint_26,15.0,0.36323956389577516,-0.7819241070227957,1.0638120569246137,524.9041318893433,0.0
12,waypoint_26,15.0,0.36323956389577516,-0.7819241070227957,1.0638120569246137,825.4695534706116,0.0
13,waypoint_26,15.0,0.36323956389577516,-0.7819241070227957,1.0638120569246137,478.7423610687256,0.0
14,waypoint_26,15.0,0.36323956389577516,-0.7819241070227957,1.0638120569246137,734.8794937133789,0.0
0,waypoint_26,0.0,0.36323956389577516,-0.7819241070227957,1.0638120569246137,4327.683448791504,0.0
1,waypoint_26,0.0,0.36323956389577516,-0.7819241070227957,1.0638120569246137,3231.3520908355713,0.0
2,waypoint_26,0.0,0.36323956389577516,-0.7819241070227957,1.0638120569246137,3038.930654525757,0.0
3,waypoint_26,0.0,0.36323956389577516,-0.7819241070227957,1.0638120569246137,1211.9462490081787,0.0
4,waypoint_26,0.0,0.36323956389577516,-0.7819241070227957,1.0638120569246137,1211.2044095993042,0.0
5,waypoint_26,0.0,0.36323956389577516,-0.7819241070227957,1.0638120569246137,1774.5895385742188,0.0
6,waypoint_26,0.0,0.36323956389577516,-0.7819241070227957,1.0638120569246137,2614.176034927368,0.0
7,waypoint_26,0.0,0.36323956389577516,-0.7819241070227957,1.0638120569246137,1282.8731536865234,0.0
8,waypoint_26,0.0,0.36323956389577516,-0.7819241070227957,1.0638120569246137,441.4258301258087,0.0
9,waypoint_26,0.0,0.36323956389577516,-0.7819241070227957,1.0638120569246137,459.76516604423523,0.0
10,waypoint_26,0.0,0.36323956389577516,-0.7819241070227957,1.0638120569246137,548.3142137527466,0.0
11,waypoint_26,0.0,0.36323956389577516,-0.7819241070227957,1.0638120569246137,518.4553861618042,0.0
12,waypoint_26,0.0,0.36323956389577516,-0.7819241070227957,1.0638120569246137,842.3284888267517,0.0
13,waypoint_26,0.0,0.36323956389577516,-0.7819241070227957,1.0638120569246137,468.80802512168884,0.0
14,waypoint_26,0.0,0.36323956389577516,-0.7819241070227957,1.0638120569246137,937.0768666267395,0.0
0,waypoint_26,-15.0,0.36323956389577516,-0.7819241070227957,1.0638120569246137,4315.354824066162,0.0
1,waypoint_26,-15.0,0.36323956389577516,-0.7819241070227957,1.0638120569246137,3229.3190956115723,0.0
2,waypoint_26,-15.0,0.36323956389577516,-0.7819241070227957,1.0638120569246137,2810.1513385772705,0.0
3,waypoint_26,-15.0,0.36323956389577516,-0.7819241070227957,1.0638120569246137,1215.0968313217163,0.0
4,waypoint_26,-15.0,0.36323956389577516,-0.7819241070227957,1.0638120569246137,1211.3463878631592,0.0
5,waypoint_26,-15.0,0.36323956389577516,-0.7819241070227957,1.0638120569246137,2189.201593399048,0.0
6,waypoint_26,-15.0,0.36323956389577516,-0.7819241070227957,1.0638120569246137,2545.2380180358887,0.0
7,waypoint_26,-15.0,0.36323956389577516,-0.7819241070227957,1.0638120569246137,1428.6181926727295,0.0
8,waypoint_26,-15.0,0.36323956389577516,-0.7819241070227957,1.0638120569246137,424.9099791049957,0.0
9,waypoint_26,-15.0,0.36323956389577516,-0.7819241070227957,1.0638120569246137,449.3228793144226,0.0
10,waypoint_26,-15.0,0.36323956389577516,-0.7819241070227957,1.0638120569246137,530.7654142379761,0.0
11,waypoint_26,-15.0,0.36323956389577516,-0.7819241070227957,1.0638120569246137,501.60884857177734,0.0
12,waypoint_26,-15.0,0.36323956389577516,-0.7819241070227957,1.0638120569246137,859.5828413963318,0.0
13,waypoint_26,-15.0,0.36323956389577516,-0.7819241070227957,1.0638120569246137,435.26628613471985,0.0
14,waypoint_26,-15.0,0.36323956389577516,-0.7819241070227957,1.0638120569246137,875.720202922821,0.0
0,waypoint_26,-30.0,0.36323956389577516,-0.7819241070227957,1.0638120569246137,4283.620834350586,0.0
1,waypoint_26,-30.0,0.36323956389577516,-0.7819241070227957,1.0638120569246137,3229.4392585754395,0.0
2,waypoint_26,-30.0,0.36323956389577516,-0.7819241070227957,1.0638120569246137,2816.6661262512207,0.0
3,waypoint_26,-30.0,0.36323956389577516,-0.7819241070227957,1.0638120569246137,1073.7837553024292,0.0
4,waypoint_26,-30.0,0.36323956389577516,-0.7819241070227957,1.0638120569246137,1205.5975198745728,0.0
5,waypoint_26,-30.0,0.36323956389577516,-0.7819241070227957,1.0638120569246137,2224.1387367248535,0.0
6,waypoint_26,-30.0,0.36323956389577516,-0.7819241070227957,1.0638120569246137,2583.9366912841797,0.0
7,waypoint_26,-30.0,0.36323956389577516,-0.7819241070227957,1.0638120569246137,1243.4898614883423,0.0
8,waypoint_26,-30.0,0.36323956389577516,-0.7819241070227957,1.0638120569246137,398.8935351371765,0.0
9,waypoint_26,-30.0,0.36323956389577516,-0.7819241070227957,1.0638120569246137,451.2225091457367,0.0
10,waypoint_26,-30.0,0.36323956389577516,-0.7819241070227957,1.0638120569246137,524.6376395225525,0.0
11,waypoint_26,-30.0,0.36323956389577516,-0.7819241070227957,1.0638120569246137,528.3686518669128,0.0
12,waypoint_26,-30.0,0.36323956389577516,-0.7819241070227957,1.0638120569246137,882.2017908096313,0.0
13,waypoint_26,-30.0,0.36323956389577516,-0.7819241070227957,1.0638120569246137,423.9908754825592,0.0
14,waypoint_26,-30.0,0.36323956389577516,-0.7819241070227957,1.0638120569246137,970.8514213562012,0.0
0,waypoint_27,-30.0,0.38323956389577535,-0.7819241070227957,1.0638120569246137,4283.327102661133,0.0
1,waypoint_27,-30.0,0.38323956389577535,-0.7819241070227957,1.0638120569246137,3231.0705184936523,0.0
2,waypoint_27,-30.0,0.38323956389577535,-0.7819241070227957,1.0638120569246137,2806.0128688812256,0.0
3,waypoint_27,-30.0,0.38323956389577535,-0.7819241070227957,1.0638120569246137,1061.7684125900269,0.0
4,waypoint_27,-30.0,0.38323956389577535,-0.7819241070227957,1.0638120569246137,1195.226550102234,0.0
5,waypoint_27,-30.0,0.38323956389577535,-0.7819241070227957,1.0638120569246137,2220.5238342285156,0.0
6,waypoint_27,-30.0,0.38323956389577535,-0.7819241070227957,1.0638120569246137,2563.7786388397217,0.0
7,waypoint_27,-30.0,0.38323956389577535,-0.7819241070227957,1.0638120569246137,1276.9290208816528,0.0
8,waypoint_27,-30.0,0.38323956389577535,-0.7819241070227957,1.0638120569246137,409.8236858844757,0.0
9,waypoint_27,-30.0,0.38323956389577535,-0.7819241070227957,1.0638120569246137,466.63492918014526,0.0
10,waypoint_27,-30.0,0.38323956389577535,-0.7819241070227957,1.0638120569246137,533.0909490585327,0.0
11,waypoint_27,-30.0,0.38323956389577535,-0.7819241070227957,1.0638120569246137,543.3606505393982,0.0
12,waypoint_27,-30.0,0.38323956389577535,-0.7819241070227957,1.0638120569246137,895.9190845489502,0.0
13,waypoint_27,-30.0,0.38323956389577535,-0.7819241070227957,1.0638120569246137,392.52305030822754,0.0
14,waypoint_27,-30.0,0.38323956389577535,-0.7819241070227957,1.0638120569246137,988.273561000824,0.0
0,waypoint_27,-15.0,0.38323956389577535,-0.7819241070227957,1.0638120569246137,4335.456371307373,0.0
1,waypoint_27,-15.0,0.38323956389577535,-0.7819241070227957,1.0638120569246137,3230.81111907959,0.0
2,waypoint_27,-15.0,0.38323956389577535,-0.7819241070227957,1.0638120569246137,2795.916795730591,0.0
3,waypoint_27,-15.0,0.38323956389577535,-0.7819241070227957,1.0638120569246137,1181.9608211517334,0.0
4,waypoint_27,-15.0,0.38323956389577535,-0.7819241070227957,1.0638120569246137,1203.4636735916138,0.0
5,waypoint_27,-15.0,0.38323956389577535,-0.7819241070227957,1.0638120569246137,2187.7222061157227,0.0
6,waypoint_27,-15.0,0.38323956389577535,-0.7819241070227957,1.0638120569246137,2510.1213455200195,0.0
7,waypoint_27,-15.0,0.38323956389577535,-0.7819241070227957,1.0638120569246137,1363.4971380233765,0.0
8,waypoint_27,-15.0,0.38323956389577535,-0.7819241070227957,1.0638120569246137,421.20301723480225,0.0
9,waypoint_27,-15.0,0.38323956389577535,-0.7819241070227957,1.0638120569246137,467.12157130241394,0.0
10,waypoint_27,-15.0,0.38323956389577535,-0.7819241070227957,1.0638120569246137,540.4629707336426,0.0
11,waypoint_27,-15.0,0.38323956389577535,-0.7819241070227957,1.0638120569246137,500.3446936607361,0.0
12,waypoint_27,-15.0,0.38323956389577535,-0.7819241070227957,1.0638120569246137,873.7607598304749,0.0
13,waypoint_27,-15.0,0.38323956389577535,-0.7819241070227957,1.0638120569246137,407.3827564716339,0.0
14,waypoint_27,-15.0,0.38323956389577535,-0.7819241070227957,1.0638120569246137,855.9110164642334,0.0
0,waypoint_27,0.0,0.38323956389577535,-0.7819241070227957,1.0638120569246137,4300.422668457031,0.0
1,waypoint_27,0.0,0.38323956389577535,-0.7819241070227957,1.0638120569246137,3232.728958129883,0.0
2,waypoint_27,0.0,0.38323956389577535,-0.7819241070227957,1.0638120569246137,3047.492265701294,0.0
3,waypoint_27,0.0,0.38323956389577535,-0.7819241070227957,1.0638120569246137,1186.7212057113647,0.0
4,waypoint_27,0.0,0.38323956389577535,-0.7819241070227957,1.0638120569246137,1202.1856307983398,0.0
5,waypoint_27,0.0,0.38323956389577535,-0.7819241070227957,1.0638120569246137,2110.023260116577,0.0
6,waypoint_27,0.0,0.38323956389577535,-0.7819241070227957,1.0638120569246137,2469.0804481506348,0.0
7,waypoint_27,0.0,0.38323956389577535,-0.7819241070227957,1.0638120569246137,1261.3357305526733,0.0
8,waypoint_27,0.0,0.38323956389577535,-0.7819241070227957,1.0638120569246137,461.9371294975281,0.0
9,waypoint_27,0.0,0.38323956389577535,-0.7819241070227957,1.0638120569246137,461.9881808757782,0.0
10,waypoint_27,0.0,0.38323956389577535,-0.7819241070227957,1.0638120569246137,518.9418196678162,0.0
11,waypoint_27,0.0,0.38323956389577535,-0.7819241070227957,1.0638120569246137,524.1197347640991,0.0
12,waypoint_27,0.0,0.38323956389577535,-0.7819241070227957,1.0638120569246137,856.7890524864197,0.0
13,waypoint_27,0.0,0.38323956389577535,-0.7819241070227957,1.0638120569246137,485.6223165988922,0.0
14,waypoint_27,0.0,0.38323956389577535,-0.7819241070227957,1.0638120569246137,876.4730095863342,0.0
0,waypoint_27,15.0,0.38323956389577535,-0.7819241070227957,1.0638120569246137,4343.202114105225,0.0
1,waypoint_27,15.0,0.38323956389577535,-0.7819241070227957,1.0638120569246137,3235.9588146209717,0.0
2,waypoint_27,15.0,0.38323956389577535,-0.7819241070227957,1.0638120569246137,2989.5999431610107,0.0
3,waypoint_27,15.0,0.38323956389577535,-0.7819241070227957,1.0638120569246137,1232.560396194458,0.0
4,waypoint_27,15.0,0.38323956389577535,-0.7819241070227957,1.0638120569246137,1206.4580917358398,0.0
5,waypoint_27,15.0,0.38323956389577535,-0.7819241070227957,1.0638120569246137,1606.3816547393799,0.0
6,waypoint_27,15.0,0.38323956389577535,-0.7819241070227957,1.0638120569246137,2447.3586082458496,0.0
7,waypoint_27,15.0,0.38323956389577535,-0.7819241070227957,1.0638120569246137,1471.6453552246094,0.0
8,waypoint_27,15.0,0.38323956389577535,-0.7819241070227957,1.0638120569246137,477.1951735019684,0.0
9,waypoint_27,15.0,0.38323956389577535,-0.7819241070227957,1.0638120569246137,456.74410462379456,0.0
10,waypoint_27,15.0,0.38323956389577535,-0.7819241070227957,1.0638120569246137,575.7940411567688,0.0
11,waypoint_27,15.0,0.38323956389577535,-0.7819241070227957,1.0638120569246137,518.0908441543579,0.0
12,waypoint_27,15.0,0.38323956389577535,-0.7819241070227957,1.0638120569246137,840.6307101249695,0.0
13,waypoint_27,15.0,0.38323956389577535,-0.7819241070227957,1.0638120569246137,477.04607248306274,0.0
14,waypoint_27,15.0,0.38323956389577535,-0.7819241070227957,1.0638120569246137,704.6573758125305,0.0
0,waypoint_27,30.0,0.38323956389577535,-0.7819241070227957,1.0638120569246137,4386.130332946777,0.0
1,waypoint_27,30.0,0.38323956389577535,-0.7819241070227957,1.0638120569246137,3239.535331726074,0.0
2,waypoint_27,30.0,0.38323956389577535,-0.7819241070227957,1.0638120569246137,3049.8931407928467,0.0
3,waypoint_27,30.0,0.38323956389577535,-0.7819241070227957,1.0638120569246137,1234.0271472930908,0.0
4,waypoint_27,30.0,0.38323956389577535,-0.7819241070227957,1.0638120569246137,1207.1720361709595,0.0
5,waypoint_27,30.0,0.38323956389577535,-0.7819241070227957,1.0638120569246137,1687.1501207351685,0.0
6,waypoint_27,30.0,0.38323956389577535,-0.7819241070227957,1.0638120569246137,2575.4716396331787,0.0
7,waypoint_27,30.0,0.38323956389577535,-0.7819241070227957,1.0638120569246137,1349.9068021774292,0.0
8,waypoint_27,30.0,0.38323956389577535,-0.7819241070227957,1.0638120569246137,465.2649760246277,0.0
9,waypoint_27,30.0,0.38323956389577535,-0.7819241070227957,1.0638120569246137,453.03237438201904,0.0
10,waypoint_27,30.0,0.38323956389577535,-0.7819241070227957,1.0638120569246137,602.1636128425598,0.0
11,waypoint_27,30.0,0.38323956389577535,-0.7819241070227957,1.0638120569246137,557.0375919342041,0.0
12,waypoint_27,30.0,0.38323956389577535,-0.7819241070227957,1.0638120569246137,826.4884352684021,0.0
13,waypoint_27,30.0,0.38323956389577535,-0.7819241070227957,1.0638120569246137,516.1774754524231,0.0
14,waypoint_27,30.0,0.38323956389577535,-0.7819241070227957,1.0638120569246137,776.6465544700623,0.0
0,waypoint_28,30.0,0.40323956389577514,-0.7819241070227957,1.0638120569246137,4349.559307098389,0.0
1,waypoint_28,30.0,0.40323956389577514,-0.7819241070227957,1.0638120569246137,3240.9110069274902,0.0
2,waypoint_28,30.0,0.40323956389577514,-0.7819241070227957,1.0638120569246137,2993.739366531372,0.0
3,waypoint_28,30.0,0.40323956389577514,-0.7819241070227957,1.0638120569246137,1198.7062692642212,0.0
4,waypoint_28,30.0,0.40323956389577514,-0.7819241070227957,1.0638120569246137,1187.3356103897095,0.0
5,waypoint_28,30.0,0.40323956389577514,-0.7819241070227957,1.0638120569246137,1679.6611547470093,0.0
6,waypoint_28,30.0,0.40323956389577514,-0.7819241070227957,1.0638120569246137,2612.086057662964,0.0
7,waypoint_28,30.0,0.40323956389577514,-0.7819241070227957,1.0638120569246137,1307.9965114593506,0.0
8,waypoint_28,30.0,0.40323956389577514,-0.7819241070227957,1.0638120569246137,482.9469919204712,0.0
9,waypoint_28,30.0,0.40323956389577514,-0.7819241070227957,1.0638120569246137,466.67182445526123,0.0
10,waypoint_28,30.0,0.40323956389577514,-0.7819241070227957,1.0638120569246137,517.3200368881226,0.0
11,waypoint_28,30.0,0.40323956389577514,-0.7819241070227957,1.0638120569246137,560.5908036231995,0.0
12,waypoint_28,30.0,0.40323956389577514,-0.7819241070227957,1.0638120569246137,841.357409954071,0.0
13,waypoint_28,30.0,0.40323956389577514,-0.7819241070227957,1.0638120569246137,552.5131225585938,0.0
14,waypoint_28,30.0,0.40323956389577514,-0.7819241070227957,1.0638120569246137,794.4619655609131,0.0
0,waypoint_28,15.0,0.40323956389577514,-0.7819241070227957,1.0638120569246137,4320.6329345703125,0.0
1,waypoint_28,15.0,0.40323956389577514,-0.7819241070227957,1.0638120569246137,3237.3688220977783,0.0
2,waypoint_28,15.0,0.40323956389577514,-0.7819241070227957,1.0638120569246137,2965.416669845581,0.0
3,waypoint_28,15.0,0.40323956389577514,-0.7819241070227957,1.0638120569246137,1210.2314233779907,0.0
4,waypoint_28,15.0,0.40323956389577514,-0.7819241070227957,1.0638120569246137,1184.85426902771,0.0
5,waypoint_28,15.0,0.40323956389577514,-0.7819241070227957,1.0638120569246137,1598.9776849746704,0.0
6,waypoint_28,15.0,0.40323956389577514,-0.7819241070227957,1.0638120569246137,2482.2206497192383,0.0
7,waypoint_28,15.0,0.40323956389577514,-0.7819241070227957,1.0638120569246137,1424.1595268249512,0.0
8,waypoint_28,15.0,0.40323956389577514,-0.7819241070227957,1.0638120569246137,494.7405755519867,0.0
9,waypoint_28,15.0,0.40323956389577514,-0.7819241070227957,1.0638120569246137,461.28976345062256,0.0
10,waypoint_28,15.0,0.40323956389577514,-0.7819241070227957,1.0638120569246137,509.56374406814575,0.0
11,waypoint_28,15.0,0.40323956389577514,-0.7819241070227957,1.0638120569246137,562.8260374069214,0.0
12,waypoint_28,15.0,0.40323956389577514,-0.7819241070227957,1.0638120569246137,855.1420569419861,0.0
13,waypoint_28,15.0,0.40323956389577514,-0.7819241070227957,1.0638120569246137,504.49609756469727,0.0
14,waypoint_28,15.0,0.40323956389577514,-0.7819241070227957,1.0638120569246137,768.4721946716309,0.0
0,waypoint_28,0.0,0.40323956389577514,-0.7819241070227957,1.0638120569246137,4334.291458129883,0.0
1,waypoint_28,0.0,0.40323956389577514,-0.7819241070227957,1.0638120569246137,3234.213352203369,0.0
2,waypoint_28,0.0,0.40323956389577514,-0.7819241070227957,1.0638120569246137,3046.984910964966,0.0
3,waypoint_28,0.0,0.40323956389577514,-0.7819241070227957,1.0638120569246137,1168.6224937438965,0.0
4,waypoint_28,0.0,0.40323956389577514,-0.7819241070227957,1.0638120569246137,1186.1673593521118,0.0
5,waypoint_28,0.0,0.40323956389577514,-0.7819241070227957,1.0638120569246137,1883.877158164978,0.0
6,waypoint_28,0.0,0.40323956389577514,-0.7819241070227957,1.0638120569246137,2459.726572036743,0.0
7,waypoint_28,0.0,0.40323956389577514,-0.7819241070227957,1.0638120569246137,1475.1487970352173,0.0
8,waypoint_28,0.0,0.40323956389577514,-0.7819241070227957,1.0638120569246137,492.4319386482239,0.0
9,waypoint_28,0.0,0.40323956389577514,-0.7819241070227957,1.0638120569246137,439.57826495170593,0.0
10,waypoint_28,0.0,0.40323956389577514,-0.7819241070227957,1.0638120569246137,490.56288599967957,0.0
11,waypoint_28,0.0,0.40323956389577514,-0.7819241070227957,1.0638120569246137,538.9705300331116,0.0
12,waypoint_28,0.0,0.40323956389577514,-0.7819241070227957,1.0638120569246137,871.3282942771912,0.0
13,waypoint_28,0.0,0.40323956389577514,-0.7819241070227957,1.0638120569246137,503.18795442581177,0.0
14,waypoint_28,0.0,0.40323956389577514,-0.7819241070227957,1.0638120569246137,729.0143966674805,0.0
0,waypoint_28,-15.0,0.40323956389577514,-0.7819241070227957,1.0638120569246137,4302.628993988037,0.0
1,waypoint_28,-15.0,0.40323956389577514,-0.7819241070227957,1.0638120569246137,3232.409715652466,0.0
2,waypoint_28,-15.0,0.40323956389577514,-0.7819241070227957,1.0638120569246137,2946.444511413574,0.0
3,waypoint_28,-15.0,0.40323956389577514,-0.7819241070227957,1.0638120569246137,1174.1663217544556,0.0
4,waypoint_28,-15.0,0.40323956389577514,-0.7819241070227957,1.0638120569246137,1187.852382659912,0.0
5,waypoint_28,-15.0,0.40323956389577514,-0.7819241070227957,1.0638120569246137,2182.440996170044,0.0
6,waypoint_28,-15.0,0.40323956389577514,-0.7819241070227957,1.0638120569246137,2539.5658016204834,0.0
7,waypoint_28,-15.0,0.40323956389577514,-0.7819241070227957,1.0638120569246137,1547.8512048721313,0.0
8,waypoint_28,-15.0,0.40323956389577514,-0.7819241070227957,1.0638120569246137,491.22077226638794,0.0
9,waypoint_28,-15.0,0.40323956389577514,-0.7819241070227957,1.0638120569246137,423.30804467201233,0.0
10,waypoint_28,-15.0,0.40323956389577514,-0.7819241070227957,1.0638120569246137,487.9077672958374,0.0
11,waypoint_28,-15.0,0.40323956389577514,-0.7819241070227957,1.0638120569246137,517.5902843475342,0.0
12,waypoint_28,-15.0,0.40323956389577514,-0.7819241070227957,1.0638120569246137,888.1880640983582,0.0
13,waypoint_28,-15.0,0.40323956389577514,-0.7819241070227957,1.0638120569246137,461.73110604286194,0.0
14,waypoint_28,-15.0,0.40323956389577514,-0.7819241070227957,1.0638120569246137,931.414008140564,0.0
0,waypoint_28,-30.0,0.40323956389577514,-0.7819241070227957,1.0638120569246137,4336.97509765625,0.0
1,waypoint_28,-30.0,0.40323956389577514,-0.7819241070227957,1.0638120569246137,3232.8147888183594,0.0
2,waypoint_28,-30.0,0.40323956389577514,-0.7819241070227957,1.0638120569246137,2913.06471824646,0.0
3,waypoint_28,-30.0,0.40323956389577514,-0.7819241070227957,1.0638120569246137,1041.9706106185913,0.0
4,waypoint_28,-30.0,0.40323956389577514,-0.7819241070227957,1.0638120569246137,1180.0528764724731,0.0
5,waypoint_28,-30.0,0.40323956389577514,-0.7819241070227957,1.0638120569246137,2217.2160148620605,0.0
6,waypoint_28,-30.0,0.40323956389577514,-0.7819241070227957,1.0638120569246137,2522.798776626587,0.0
7,waypoint_28,-30.0,0.40323956389577514,-0.7819241070227957,1.0638120569246137,1556.3483238220215,0.0
8,waypoint_28,-30.0,0.40323956389577514,-0.7819241070227957,1.0638120569246137,489.39529061317444,0.0
9,waypoint_28,-30.0,0.40323956389577514,-0.7819241070227957,1.0638120569246137,397.83623814582825,0.0
10,waypoint_28,-30.0,0.40323956389577514,-0.7819241070227957,1.0638120569246137,480.3370237350464,0.0
11,waypoint_28,-30.0,0.40323956389577514,-0.7819241070227957,1.0638120569246137,518.0144309997559,0.0
12,waypoint_28,-30.0,0.40323956389577514,-0.7819241070227957,1.0638120569246137,909.9971055984497,0.0
13,waypoint_28,-30.0,0.40323956389577514,-0.7819241070227957,1.0638120569246137,439.18344378471375,0.0
14,waypoint_28,-30.0,0.40323956389577514,-0.7819241070227957,1.0638120569246137,1035.7892513275146,0.0
0,waypoint_29,-30.0,0.4232395638957754,-0.7819241070227957,1.0638120569246137,4313.763618469238,0.0
1,waypoint_29,-30.0,0.4232395638957754,-0.7819241070227957,1.0638120569246137,3234.6737384796143,0.0
2,waypoint_29,-30.0,0.4232395638957754,-0.7819241070227957,1.0638120569246137,2861.616849899292,0.0
3,waypoint_29,-30.0,0.4232395638957754,-0.7819241070227957,1.0638120569246137,1024.1340398788452,0.0
4,waypoint_29,-30.0,0.4232395638957754,-0.7819241070227957,1.0638120569246137,1159.9867343902588,0.0
5,waypoint_29,-30.0,0.4232395638957754,-0.7819241070227957,1.0638120569246137,2213.9525413513184,0.0
6,waypoint_29,-30.0,0.4232395638957754,-0.7819241070227957,1.0638120569246137,2518.8474655151367,0.0
7,waypoint_29,-30.0,0.4232395638957754,-0.7819241070227957,1.0638120569246137,1307.2553873062134,0.0
8,waypoint_29,-30.0,0.4232395638957754,-0.7819241070227957,1.0638120569246137,506.09534978866577,0.0
9,waypoint_29,-30.0,0.4232395638957754,-0.7819241070227957,1.0638120569246137,408.715158700943,0.0
10,waypoint_29,-30.0,0.4232395638957754,-0.7819241070227957,1.0638120569246137,489.5016849040985,0.0
11,waypoint_29,-30.0,0.4232395638957754,-0.7819241070227957,1.0638120569246137,521.9364166259766,0.0
12,waypoint_29,-30.0,0.4232395638957754,-0.7819241070227957,1.0638120569246137,924.273669719696,0.0
13,waypoint_29,-30.0,0.4232395638957754,-0.7819241070227957,1.0638120569246137,450.29202103614807,0.0
14,waypoint_29,-30.0,0.4232395638957754,-0.7819241070227957,1.0638120569246137,946.2246298789978,0.0
0,waypoint_29,-15.0,0.4232395638957754,-0.7819241070227957,1.0638120569246137,4333.655834197998,0.0
1,waypoint_29,-15.0,0.4232395638957754,-0.7819241070227957,1.0638120569246137,3234.124183654785,0.0
2,waypoint_29,-15.0,0.4232395638957754,-0.7819241070227957,1.0638120569246137,2783.6034297943115,0.0
3,waypoint_29,-15.0,0.4232395638957754,-0.7819241070227957,1.0638120569246137,1142.7630186080933,0.0
4,waypoint_29,-15.0,0.4232395638957754,-0.7819241070227957,1.0638120569246137,1163.11776638031,0.0
5,waypoint_29,-15.0,0.4232395638957754,-0.7819241070227957,1.0638120569246137,2180.1493167877197,0.0
6,waypoint_29,-15.0,0.4232395638957754,-0.7819241070227957,1.0638120569246137,2471.2958335876465,0.0
7,waypoint_29,-15.0,0.4232395638957754,-0.7819241070227957,1.0638120569246137,1393.027663230896,0.0
8,waypoint_29,-15.0,0.4232395638957754,-0.7819241070227957,1.0638120569246137,506.37513399124146,0.0
9,waypoint_29,-15.0,0.4232395638957754,-0.7819241070227957,1.0638120569246137,418.71377825737,0.0
10,waypoint_29,-15.0,0.4232395638957754,-0.7819241070227957,1.0638120569246137,489.8943305015564,0.0
11,waypoint_29,-15.0,0.4232395638957754,-0.7819241070227957,1.0638120569246137,498.9466965198517,0.0
12,waypoint_29,-15.0,0.4232395638957754,-0.7819241070227957,1.0638120569246137,902.9008150100708,0.0
13,waypoint_29,-15.0,0.4232395638957754,-0.7819241070227957,1.0638120569246137,465.44721722602844,0.0
14,waypoint_29,-15.0,0.4232395638957754,-0.7819241070227957,1.0638120569246137,968.5713648796082,0.0
0,waypoint_29,0.0,0.4232395638957754,-0.7819241070227957,1.0638120569246137,4327.665328979492,0.0
1,waypoint_29,0.0,0.4232395638957754,-0.7819241070227957,1.0638120569246137,3235.8129024505615,0.0
2,waypoint_29,0.0,0.4232395638957754,-0.7819241070227957,1.0638120569246137,2948.3914375305176,0.0
3,waypoint_29,0.0,0.4232395638957754,-0.7819241070227957,1.0638120569246137,1191.586971282959,0.0
4,waypoint_29,0.0,0.4232395638957754,-0.7819241070227957,1.0638120569246137,1167.8062677383423,0.0
5,waypoint_29,0.0,0.4232395638957754,-0.7819241070227957,1.0638120569246137,2102.551221847534,0.0
6,waypoint_29,0.0,0.4232395638957754,-0.7819241070227957,1.0638120569246137,2562.4661445617676,0.0
7,waypoint_29,0.0,0.4232395638957754,-0.7819241070227957,1.0638120569246137,1440.1062726974487,0.0
8,waypoint_29,0.0,0.4232395638957754,-0.7819241070227957,1.0638120569246137,507.66199827194214,0.0
9,waypoint_29,0.0,0.4232395638957754,-0.7819241070227957,1.0638120569246137,406.1075747013092,0.0
10,waypoint_29,0.0,0.4232395638957754,-0.7819241070227957,1.0638120569246137,463.27513456344604,0.0
11,waypoint_29,0.0,0.4232395638957754,-0.7819241070227957,1.0638120569246137,544.651985168457,0.0
12,waypoint_29,0.0,0.4232395638957754,-0.7819241070227957,1.0638120569246137,886.5809440612793,0.0
13,waypoint_29,0.0,0.4232395638957754,-0.7819241070227957,1.0638120569246137,512.1135115623474,0.0
14,waypoint_29,0.0,0.4232395638957754,-0.7819241070227957,1.0638120569246137,886.4095211029053,0.0
0,waypoint_29,15.0,0.4232395638957754,-0.7819241070227957,1.0638120569246137,4338.411808013916,0.0
1,waypoint_29,15.0,0.4232395638957754,-0.7819241070227957,1.0638120569246137,3238.8832569122314,0.0
2,waypoint_29,15.0,0.4232395638957754,-0.7819241070227957,1.0638120569246137,2963.8144969940186,0.0
3,waypoint_29,15.0,0.4232395638957754,-0.7819241070227957,1.0638120569246137,1191.9257640838623,0.0
4,waypoint_29,15.0,0.4232395638957754,-0.7819241070227957,1.0638120569246137,1167.3365831375122,0.0
5,waypoint_29,15.0,0.4232395638957754,-0.7819241070227957,1.0638120569246137,1591.769814491272,0.0
6,waypoint_29,15.0,0.4232395638957754,-0.7819241070227957,1.0638120569246137,2610.656976699829,0.0
7,waypoint_29,15.0,0.4232395638957754,-0.7819241070227957,1.0638120569246137,1453.899621963501,0.0
8,waypoint_29,15.0,0.4232395638957754,-0.7819241070227957,1.0638120569246137,505.88345527648926,0.0
9,waypoint_29,15.0,0.4232395638957754,-0.7819241070227957,1.0638120569246137,473.8045334815979,0.0
10,waypoint_29,15.0,0.4232395638957754,-0.7819241070227957,1.0638120569246137,479.70470786094666,0.0
11,waypoint_29,15.0,0.4232395638957754,-0.7819241070227957,1.0638120569246137,544.475793838501,0.0
12,waypoint_29,15.0,0.4232395638957754,-0.7819241070227957,1.0638120569246137,871.0134029388428,0.0
13,waypoint_29,15.0,0.4232395638957754,-0.7819241070227957,1.0638120569246137,507.15190172195435,0.0
14,waypoint_29,15.0,0.4232395638957754,-0.7819241070227957,1.0638120569246137,777.2989869117737,0.0
0,waypoint_29,30.0,0.4232395638957754,-0.7819241070227957,1.0638120569246137,4417.54674911499,0.0
1,waypoint_29,30.0,0.4232395638957754,-0.7819241070227957,1.0638120569246137,3242.3853874206543,0.0
2,waypoint_29,30.0,0.4232395638957754,-0.7819241070227957,1.0638120569246137,2953.7711143493652,0.0
3,waypoint_29,30.0,0.4232395638957754,-0.7819241070227957,1.0638120569246137,1168.789267539978,0.0
4,waypoint_29,30.0,0.4232395638957754,-0.7819241070227957,1.0638120569246137,1164.4394397735596,0.0
5,waypoint_29,30.0,0.4232395638957754,-0.7819241070227957,1.0638120569246137,1672.3436117172241,0.0
6,waypoint_29,30.0,0.4232395638957754,-0.7819241070227957,1.0638120569246137,2307.227611541748,0.0
7,waypoint_29,30.0,0.4232395638957754,-0.7819241070227957,1.0638120569246137,1336.5745544433594,0.0
8,waypoint_29,30.0,0.4232395638957754,-0.7819241070227957,1.0638120569246137,491.89406633377075,0.0
9,waypoint_29,30.0,0.4232395638957754,-0.7819241070227957,1.0638120569246137,460.6528580188751,0.0
10,waypoint_29,30.0,0.4232395638957754,-0.7819241070227957,1.0638120569246137,477.10222005844116,0.0
11,waypoint_29,30.0,0.4232395638957754,-0.7819241070227957,1.0638120569246137,599.9321937561035,0.0
12,waypoint_29,30.0,0.4232395638957754,-0.7819241070227957,1.0638120569246137,859.5911264419556,0.0
13,waypoint_29,30.0,0.4232395638957754,-0.7819241070227957,1.0638120569246137,567.4612522125244,0.0
14,waypoint_29,30.0,0.4232395638957754,-0.7819241070227957,1.0638120569246137,813.5248422622681,0.0
0,waypoint_30,30.0,0.4432395638957752,-0.7819241070227957,1.0638120569246137,4404.425621032715,0.0
1,waypoint_30,30.0,0.4432395638957752,-0.7819241070227957,1.0638120569246137,3243.9675331115723,0.0
2,waypoint_30,30.0,0.4432395638957752,-0.7819241070227957,1.0638120569246137,3024.796485900879,0.0
3,waypoint_30,30.0,0.4432395638957752,-0.7819241070227957,1.0638120569246137,1165.6057834625244,0.0
4,waypoint_30,30.0,0.4432395638957752,-0.7819241070227957,1.0638120569246137,1151.4451503753662,0.0
5,waypoint_30,30.0,0.4432395638957752,-0.7819241070227957,1.0638120569246137,1665.1808023452759,0.0
6,waypoint_30,30.0,0.4432395638957752,-0.7819241070227957,1.0638120569246137,2507.692575454712,0.0
7,waypoint_30,30.0,0.4432395638957752,-0.7819241070227957,1.0638120569246137,1296.8982458114624,0.0
8,waypoint_30,30.0,0.4432395638957752,-0.7819241070227957,1.0638120569246137,510.3551745414734,0.0
9,waypoint_30,30.0,0.4432395638957752,-0.7819241070227957,1.0638120569246137,478.3058762550354,0.0
10,waypoint_30,30.0,0.4432395638957752,-0.7819241070227957,1.0638120569246137,458.11834931373596,0.0
11,waypoint_30,30.0,0.4432395638957752,-0.7819241070227957,1.0638120569246137,614.5902872085571,0.0
12,waypoint_30,30.0,0.4432395638957752,-0.7819241070227957,1.0638120569246137,874.3754029273987,0.0
13,waypoint_30,30.0,0.4432395638957752,-0.7819241070227957,1.0638120569246137,548.296332359314,0.0
14,waypoint_30,30.0,0.4432395638957752,-0.7819241070227957,1.0638120569246137,776.2824296951294,0.0
0,waypoint_30,15.0,0.4432395638957752,-0.7819241070227957,1.0638120569246137,4424.736022949219,0.0
1,waypoint_30,15.0,0.4432395638957752,-0.7819241070227957,1.0638120569246137,3240.5059337615967,0.0
2,waypoint_30,15.0,0.4432395638957752,-0.7819241070227957,1.0638120569246137,3000.1425743103027,0.0
3,waypoint_30,15.0,0.4432395638957752,-0.7819241070227957,1.0638120569246137,1177.7195930480957,0.0
4,waypoint_30,15.0,0.4432395638957752,-0.7819241070227957,1.0638120569246137,1143.019437789917,0.0
5,waypoint_30,15.0,0.4432395638957752,-0.7819241070227957,1.0638120569246137,1584.7187042236328,0.0
6,waypoint_30,15.0,0.4432395638957752,-0.7819241070227957,1.0638120569246137,2358.2944869995117,0.0
7,waypoint_30,15.0,0.4432395638957752,-0.7819241070227957,1.0638120569246137,1317.5252676010132,0.0
8,waypoint_30,15.0,0.4432395638957752,-0.7819241070227957,1.0638120569246137,524.0017771720886,0.0
9,waypoint_30,15.0,0.4432395638957752,-0.7819241070227957,1.0638120569246137,491.35780334472656,0.0
10,waypoint_30,15.0,0.4432395638957752,-0.7819241070227957,1.0638120569246137,462.20651268959045,0.0
11,waypoint_30,15.0,0.4432395638957752,-0.7819241070227957,1.0638120569246137,598.4460711479187,0.0
12,waypoint_30,15.0,0.4432395638957752,-0.7819241070227957,1.0638120569246137,885.9909176826477,0.0
13,waypoint_30,15.0,0.4432395638957752,-0.7819241070227957,1.0638120569246137,534.0597629547119,0.0
14,waypoint_30,15.0,0.4432395638957752,-0.7819241070227957,1.0638120569246137,693.7617063522339,0.0
0,waypoint_30,0.0,0.4432395638957752,-0.7819241070227957,1.0638120569246137,4404.104232788086,0.0
1,waypoint_30,0.0,0.4432395638957752,-0.7819241070227957,1.0638120569246137,3237.5190258026123,0.0
2,waypoint_30,0.0,0.4432395638957752,-0.7819241070227957,1.0638120569246137,3004.0268898010254,0.0
3,waypoint_30,0.0,0.4432395638957752,-0.7819241070227957,1.0638120569246137,1218.464732170105,0.0
4,waypoint_30,0.0,0.4432395638957752,-0.7819241070227957,1.0638120569246137,1145.073413848877,0.0
5,waypoint_30,0.0,0.4432395638957752,-0.7819241070227957,1.0638120569246137,1672.3017692565918,0.0
6,waypoint_30,0.0,0.4432395638957752,-0.7819241070227957,1.0638120569246137,2436.831474304199,0.0
7,waypoint_30,0.0,0.4432395638957752,-0.7819241070227957,1.0638120569246137,1434.9863529205322,0.0
8,waypoint_30,0.0,0.4432395638957752,-0.7819241070227957,1.0638120569246137,525.0133872032166,0.0
9,waypoint_30,0.0,0.4432395638957752,-0.7819241070227957,1.0638120569246137,488.0431592464447,0.0
10,waypoint_30,0.0,0.4432395638957752,-0.7819241070227957,1.0638120569246137,450.05887746810913,0.0
11,waypoint_30,0.0,0.4432395638957752,-0.7819241070227957,1.0638120569246137,553.7918210029602,0.0
12,waypoint_30,0.0,0.4432395638957752,-0.7819241070227957,1.0638120569246137,901.7326831817627,0.0
13,waypoint_30,0.0,0.4432395638957752,-0.7819241070227957,1.0638120569246137,529.3774008750916,0.0
14,waypoint_30,0.0,0.4432395638957752,-0.7819241070227957,1.0638120569246137,856.005072593689,0.0
0,waypoint_30,-15.0,0.4432395638957752,-0.7819241070227957,1.0638120569246137,4355.831623077393,0.0
1,waypoint_30,-15.0,0.4432395638957752,-0.7819241070227957,1.0638120569246137,3235.948085784912,0.0
2,waypoint_30,-15.0,0.4432395638957752,-0.7819241070227957,1.0638120569246137,2870.1915740966797,0.0
3,waypoint_30,-15.0,0.4432395638957752,-0.7819241070227957,1.0638120569246137,1151.9426107406616,0.0
4,waypoint_30,-15.0,0.4432395638957752,-0.7819241070227957,1.0638120569246137,1149.237036705017,0.0
5,waypoint_30,-15.0,0.4432395638957752,-0.7819241070227957,1.0638120569246137,2170.9201335906982,0.0
6,waypoint_30,-15.0,0.4432395638957752,-0.7819241070227957,1.0638120569246137,2462.0792865753174,0.0
7,waypoint_30,-15.0,0.4432395638957752,-0.7819241070227957,1.0638120569246137,1527.2023677825928,0.0
8,waypoint_30,-15.0,0.4432395638957752,-0.7819241070227957,1.0638120569246137,524.4108438491821,0.0
9,waypoint_30,-15.0,0.4432395638957752,-0.7819241070227957,1.0638120569246137,487.7640902996063,0.0
10,waypoint_30,-15.0,0.4432395638957752,-0.7819241070227957,1.0638120569246137,439.07952308654785,0.0
11,waypoint_30,-15.0,0.4432395638957752,-0.7819241070227957,1.0638120569246137,538.3914709091187,0.0
12,waypoint_30,-15.0,0.4432395638957752,-0.7819241070227957,1.0638120569246137,917.7132248878479,0.0
13,waypoint_30,-15.0,0.4432395638957752,-0.7819241070227957,1.0638120569246137,503.2153129577637,0.0
14,waypoint_30,-15.0,0.4432395638957752,-0.7819241070227957,1.0638120569246137,1004.5789480209351,0.0
0,waypoint_30,-30.0,0.4432395638957752,-0.7819241070227957,1.0638120569246137,4336.549282073975,0.0
1,waypoint_30,-30.0,0.4432395638957752,-0.7819241070227957,1.0638120569246137,3236.645221710205,0.0
2,waypoint_30,-30.0,0.4432395638957752,-0.7819241070227957,1.0638120569246137,2826.298236846924,0.0
3,waypoint_30,-30.0,0.4432395638957752,-0.7819241070227957,1.0638120569246137,1013.1692886352539,0.0
4,waypoint_30,-30.0,0.4432395638957752,-0.7819241070227957,1.0638120569246137,1137.2337341308594,0.0
5,waypoint_30,-30.0,0.4432395638957752,-0.7819241070227957,1.0638120569246137,2210.827589035034,0.0
6,waypoint_30,-30.0,0.4432395638957752,-0.7819241070227957,1.0638120569246137,2479.348659515381,0.0
7,waypoint_30,-30.0,0.4432395638957752,-0.7819241070227957,1.0638120569246137,1456.8901062011719,0.0
8,waypoint_30,-30.0,0.4432395638957752,-0.7819241070227957,1.0638120569246137,523.0756998062134,0.0
9,waypoint_30,-30.0,0.4432395638957752,-0.7819241070227957,1.0638120569246137,486.50801181793213,0.0
10,waypoint_30,-30.0,0.4432395638957752,-0.7819241070227957,1.0638120569246137,436.9017779827118,0.0
11,waypoint_30,-30.0,0.4432395638957752,-0.7819241070227957,1.0638120569246137,533.6575508117676,0.0
12,waypoint_30,-30.0,0.4432395638957752,-0.7819241070227957,1.0638120569246137,938.5756254196167,0.0
13,waypoint_30,-30.0,0.4432395638957752,-0.7819241070227957,1.0638120569246137,519.5945501327515,0.0
14,waypoint_30,-30.0,0.4432395638957752,-0.7819241070227957,1.0638120569246137,985.018789768219,0.0
0,waypoint_31,-30.0,0.2632395638957761,-0.7565540276512385,1.0638120569246137,4188.451290130615,0.0
1,waypoint_31,-30.0,0.2632395638957761,-0.7565540276512385,1.0638120569246137,3197.6370811462402,0.0
2,waypoint_31,-30.0,0.2632395638957761,-0.7565540276512385,1.0638120569246137,2925.1530170440674,0.0
3,waypoint_31,-30.0,0.2632395638957761,-0.7565540276512385,1.0638120569246137,1127.2146701812744,0.0
4,waypoint_31,-30.0,0.2632395638957761,-0.7565540276512385,1.0638120569246137,1325.0871896743774,0.0
5,waypoint_31,-30.0,0.2632395638957761,-0.7565540276512385,1.0638120569246137,2221.5051651000977,0.0
6,waypoint_31,-30.0,0.2632395638957761,-0.7565540276512385,1.0638120569246137,2619.7562217712402,0.0
7,waypoint_31,-30.0,0.2632395638957761,-0.7565540276512385,1.0638120569246137,1792.2756671905518,0.0
8,waypoint_31,-30.0,0.2632395638957761,-0.7565540276512385,1.0638120569246137,383.74805450439453,0.0
9,waypoint_31,-30.0,0.2632395638957761,-0.7565540276512385,1.0638120569246137,346.16145491600037,0.0
10,waypoint_31,-30.0,0.2632395638957761,-0.7565540276512385,1.0638120569246137,349.58529472351074,0.0
11,waypoint_31,-30.0,0.2632395638957761,-0.7565540276512385,1.0638120569246137,351.58878564834595,0.0
12,waypoint_31,-30.0,0.2632395638957761,-0.7565540276512385,1.0638120569246137,802.8988242149353,0.0
13,waypoint_31,-30.0,0.2632395638957761,-0.7565540276512385,1.0638120569246137,395.05714178085327,0.0
14,waypoint_31,-30.0,0.2632395638957761,-0.7565540276512385,1.0638120569246137,960.1007103919983,0.0
0,waypoint_31,-15.0,0.2632395638957761,-0.7565540276512385,1.0638120569246137,4159.674167633057,0.0
1,waypoint_31,-15.0,0.2632395638957761,-0.7565540276512385,1.0638120569246137,3198.347330093384,0.0
2,waypoint_31,-15.0,0.2632395638957761,-0.7565540276512385,1.0638120569246137,2944.7805881500244,0.0
3,waypoint_31,-15.0,0.2632395638957761,-0.7565540276512385,1.0638120569246137,1233.5715293884277,0.0
4,waypoint_31,-15.0,0.2632395638957761,-0.7565540276512385,1.0638120569246137,1325.556993484497,0.0
5,waypoint_31,-15.0,0.2632395638957761,-0.7565540276512385,1.0638120569246137,2183.264970779419,0.0
6,waypoint_31,-15.0,0.2632395638957761,-0.7565540276512385,1.0638120569246137,2638.1466388702393,0.0
7,waypoint_31,-15.0,0.2632395638957761,-0.7565540276512385,1.0638120569246137,1793.8894033432007,0.0
8,waypoint_31,-15.0,0.2632395638957761,-0.7565540276512385,1.0638120569246137,390.8323049545288,0.0
9,waypoint_31,-15.0,0.2632395638957761,-0.7565540276512385,1.0638120569246137,365.63441157341003,0.0
10,waypoint_31,-15.0,0.2632395638957761,-0.7565540276512385,1.0638120569246137,357.981413602829,0.0
11,waypoint_31,-15.0,0.2632395638957761,-0.7565540276512385,1.0638120569246137,428.78448963165283,0.0
12,waypoint_31,-15.0,0.2632395638957761,-0.7565540276512385,1.0638120569246137,779.6557545661926,0.0
13,waypoint_31,-15.0,0.2632395638957761,-0.7565540276512385,1.0638120569246137,440.14808535575867,0.0
14,waypoint_31,-15.0,0.2632395638957761,-0.7565540276512385,1.0638120569246137,871.5233206748962,0.0
0,waypoint_31,0.0,0.2632395638957761,-0.7565540276512385,1.0638120569246137,4234.277248382568,0.0
1,waypoint_31,0.0,0.2632395638957761,-0.7565540276512385,1.0638120569246137,3201.068878173828,0.0
2,waypoint_31,0.0,0.2632395638957761,-0.7565540276512385,1.0638120569246137,3064.6376609802246,0.0
3,waypoint_31,0.0,0.2632395638957761,-0.7565540276512385,1.0638120569246137,1269.7292566299438,0.0
4,waypoint_31,0.0,0.2632395638957761,-0.7565540276512385,1.0638120569246137,1328.0079364776611,0.0
5,waypoint_31,0.0,0.2632395638957761,-0.7565540276512385,1.0638120569246137,1761.4778280258179,0.0
6,waypoint_31,0.0,0.2632395638957761,-0.7565540276512385,1.0638120569246137,2591.848134994507,0.0
7,waypoint_31,0.0,0.2632395638957761,-0.7565540276512385,1.0638120569246137,1739.9340867996216,0.0
8,waypoint_31,0.0,0.2632395638957761,-0.7565540276512385,1.0638120569246137,455.17778396606445,0.0
9,waypoint_31,0.0,0.2632395638957761,-0.7565540276512385,1.0638120569246137,475.67838430404663,0.0
10,waypoint_31,0.0,0.2632395638957761,-0.7565540276512385,1.0638120569246137,481.2054932117462,0.0
11,waypoint_31,0.0,0.2632395638957761,-0.7565540276512385,1.0638120569246137,422.9927659034729,0.0
12,waypoint_31,0.0,0.2632395638957761,-0.7565540276512385,1.0638120569246137,761.7725133895874,0.0
13,waypoint_31,0.0,0.2632395638957761,-0.7565540276512385,1.0638120569246137,358.91857743263245,0.0
14,waypoint_31,0.0,0.2632395638957761,-0.7565540276512385,1.0638120569246137,873.3646869659424,0.0
0,waypoint_31,15.0,0.2632395638957761,-0.7565540276512385,1.0638120569246137,4183.433055877686,0.0
1,waypoint_31,15.0,0.2632395638957761,-0.7565540276512385,1.0638120569246137,3204.8680782318115,0.0
2,waypoint_31,15.0,0.2632395638957761,-0.7565540276512385,1.0638120569246137,3117.137908935547,0.0
3,waypoint_31,15.0,0.2632395638957761,-0.7565540276512385,1.0638120569246137,1286.4010334014893,0.0
4,waypoint_31,15.0,0.2632395638957761,-0.7565540276512385,1.0638120569246137,1323.9613771438599,0.0
5,waypoint_31,15.0,0.2632395638957761,-0.7565540276512385,1.0638120569246137,1631.1932802200317,0.0
6,waypoint_31,15.0,0.2632395638957761,-0.7565540276512385,1.0638120569246137,2547.9896068573,0.0
7,waypoint_31,15.0,0.2632395638957761,-0.7565540276512385,1.0638120569246137,1650.359034538269,0.0
8,waypoint_31,15.0,0.2632395638957761,-0.7565540276512385,1.0638120569246137,548.9792823791504,0.0
9,waypoint_31,15.0,0.2632395638957761,-0.7565540276512385,1.0638120569246137,531.7150950431824,0.0
10,waypoint_31,15.0,0.2632395638957761,-0.7565540276512385,1.0638120569246137,482.03355073928833,0.0
11,waypoint_31,15.0,0.2632395638957761,-0.7565540276512385,1.0638120569246137,424.2073595523834,0.0
12,waypoint_31,15.0,0.2632395638957761,-0.7565540276512385,1.0638120569246137,744.8063492774963,0.0
13,waypoint_31,15.0,0.2632395638957761,-0.7565540276512385,1.0638120569246137,387.27888464927673,0.0
14,waypoint_31,15.0,0.2632395638957761,-0.7565540276512385,1.0638120569246137,823.2689499855042,0.0
0,waypoint_31,30.0,0.2632395638957761,-0.7565540276512385,1.0638120569246137,4196.053981781006,0.0
1,waypoint_31,30.0,0.2632395638957761,-0.7565540276512385,1.0638120569246137,3208.7597846984863,0.0
2,waypoint_31,30.0,0.2632395638957761,-0.7565540276512385,1.0638120569246137,3061.2332820892334,0.0
3,waypoint_31,30.0,0.2632395638957761,-0.7565540276512385,1.0638120569246137,1281.3260555267334,0.0
4,waypoint_31,30.0,0.2632395638957761,-0.7565540276512385,1.0638120569246137,1325.1466751098633,0.0
5,waypoint_31,30.0,0.2632395638957761,-0.7565540276512385,1.0638120569246137,1716.5541648864746,0.0
6,waypoint_31,30.0,0.2632395638957761,-0.7565540276512385,1.0638120569246137,2698.989152908325,0.0
7,waypoint_31,30.0,0.2632395638957761,-0.7565540276512385,1.0638120569246137,1586.9760513305664,0.0
8,waypoint_31,30.0,0.2632395638957761,-0.7565540276512385,1.0638120569246137,592.326283454895,0.0
9,waypoint_31,30.0,0.2632395638957761,-0.7565540276512385,1.0638120569246137,584.0227007865906,0.0
10,waypoint_31,30.0,0.2632395638957761,-0.7565540276512385,1.0638120569246137,518.2424187660217,0.0
11,waypoint_31,30.0,0.2632395638957761,-0.7565540276512385,1.0638120569246137,525.1124501228333,0.0
12,waypoint_31,30.0,0.2632395638957761,-0.7565540276512385,1.0638120569246137,730.9173345565796,0.0
13,waypoint_31,30.0,0.2632395638957761,-0.7565540276512385,1.0638120569246137,545.8254814147949,0.0
14,waypoint_31,30.0,0.2632395638957761,-0.7565540276512385,1.0638120569246137,661.3579392433167,0.0
0,waypoint_32,30.0,0.28323956389577565,-0.7565540276512385,1.0638120569246137,4201.525688171387,0.0
1,waypoint_32,30.0,0.28323956389577565,-0.7565540276512385,1.0638120569246137,3209.5062732696533,0.0
2,waypoint_32,30.0,0.28323956389577565,-0.7565540276512385,1.0638120569246137,3036.61847114563,0.0
3,waypoint_32,30.0,0.28323956389577565,-0.7565540276512385,1.0638120569246137,1270.025134086609,0.0
4,waypoint_32,30.0,0.28323956389577565,-0.7565540276512385,1.0638120569246137,1303.7160634994507,0.0
5,waypoint_32,30.0,0.28323956389577565,-0.7565540276512385,1.0638120569246137,1708.0039978027344,0.0
6,waypoint_32,30.0,0.28323956389577565,-0.7565540276512385,1.0638120569246137,2626.6088485717773,0.0
7,waypoint_32,30.0,0.28323956389577565,-0.7565540276512385,1.0638120569246137,1566.7645931243896,0.0
8,waypoint_32,30.0,0.28323956389577565,-0.7565540276512385,1.0638120569246137,614.7831678390503,0.0
9,waypoint_32,30.0,0.28323956389577565,-0.7565540276512385,1.0638120569246137,593.4298634529114,0.0
10,waypoint_32,30.0,0.28323956389577565,-0.7565540276512385,1.0638120569246137,562.2954964637756,0.0
11,waypoint_32,30.0,0.28323956389577565,-0.7565540276512385,1.0638120569246137,526.6202092170715,0.0
12,waypoint_32,30.0,0.28323956389577565,-0.7565540276512385,1.0638120569246137,744.412899017334,0.0
13,waypoint_32,30.0,0.28323956389577565,-0.7565540276512385,1.0638120569246137,549.3378043174744,0.0
14,waypoint_32,30.0,0.28323956389577565,-0.7565540276512385,1.0638120569246137,669.6637272834778,0.0
0,waypoint_32,15.0,0.28323956389577565,-0.7565540276512385,1.0638120569246137,4229.204177856445,0.0
1,waypoint_32,15.0,0.28323956389577565,-0.7565540276512385,1.0638120569246137,3205.6405544281006,0.0
2,waypoint_32,15.0,0.28323956389577565,-0.7565540276512385,1.0638120569246137,3023.2160091400146,0.0
3,waypoint_32,15.0,0.28323956389577565,-0.7565540276512385,1.0638120569246137,1277.734875679016,0.0
4,waypoint_32,15.0,0.28323956389577565,-0.7565540276512385,1.0638120569246137,1307.6844215393066,0.0
5,waypoint_32,15.0,0.28323956389577565,-0.7565540276512385,1.0638120569246137,1622.6307153701782,0.0
6,waypoint_32,15.0,0.28323956389577565,-0.7565540276512385,1.0638120569246137,2466.252565383911,0.0
7,waypoint_32,15.0,0.28323956389577565,-0.7565540276512385,1.0638120569246137,1572.2846984863281,0.0
8,waypoint_32,15.0,0.28323956389577565,-0.7565540276512385,1.0638120569246137,600.5699038505554,0.0
9,waypoint_32,15.0,0.28323956389577565,-0.7565540276512385,1.0638120569246137,565.6971335411072,0.0
10,waypoint_32,15.0,0.28323956389577565,-0.7565540276512385,1.0638120569246137,505.14817237854004,0.0
11,waypoint_32,15.0,0.28323956389577565,-0.7565540276512385,1.0638120569246137,450.2970576286316,0.0
12,waypoint_32,15.0,0.28323956389577565,-0.7565540276512385,1.0638120569246137,758.1571340560913,0.0
13,waypoint_32,15.0,0.28323956389577565,-0.7565540276512385,1.0638120569246137,503.2111406326294,0.0
14,waypoint_32,15.0,0.28323956389577565,-0.7565540276512385,1.0638120569246137,805.535078048706,0.0
0,waypoint_32,0.0,0.28323956389577565,-0.7565540276512385,1.0638120569246137,4216.576099395752,0.0
1,waypoint_32,0.0,0.28323956389577565,-0.7565540276512385,1.0638120569246137,3201.9052505493164,0.0
2,waypoint_32,0.0,0.28323956389577565,-0.7565540276512385,1.0638120569246137,3015.2692794799805,0.0
3,waypoint_32,0.0,0.28323956389577565,-0.7565540276512385,1.0638120569246137,1298.4079122543335,0.0
4,waypoint_32,0.0,0.28323956389577565,-0.7565540276512385,1.0638120569246137,1310.6187582015991,0.0
5,waypoint_32,0.0,0.28323956389577565,-0.7565540276512385,1.0638120569246137,1758.9722871780396,0.0
6,waypoint_32,0.0,0.28323956389577565,-0.7565540276512385,1.0638120569246137,2597.21302986145,0.0
7,waypoint_32,0.0,0.28323956389577565,-0.7565540276512385,1.0638120569246137,1577.3823261260986,0.0
8,waypoint_32,0.0,0.28323956389577565,-0.7565540276512385,1.0638120569246137,552.1796345710754,0.0
9,waypoint_32,0.0,0.28323956389577565,-0.7565540276512385,1.0638120569246137,538.8474464416504,0.0
10,waypoint_32,0.0,0.28323956389577565,-0.7565540276512385,1.0638120569246137,499.30763244628906,0.0
11,waypoint_32,0.0,0.28323956389577565,-0.7565540276512385,1.0638120569246137,441.71908497810364,0.0
12,waypoint_32,0.0,0.28323956389577565,-0.7565540276512385,1.0638120569246137,775.0954627990723,0.0
13,waypoint_32,0.0,0.28323956389577565,-0.7565540276512385,1.0638120569246137,400.43237805366516,0.0
14,waypoint_32,0.0,0.28323956389577565,-0.7565540276512385,1.0638120569246137,831.978440284729,0.0
0,waypoint_32,-15.0,0.28323956389577565,-0.7565540276512385,1.0638120569246137,4232.503890991211,0.0
1,waypoint_32,-15.0,0.28323956389577565,-0.7565540276512385,1.0638120569246137,3199.281930923462,0.0
2,waypoint_32,-15.0,0.28323956389577565,-0.7565540276512385,1.0638120569246137,2928.635835647583,0.0
3,waypoint_32,-15.0,0.28323956389577565,-0.7565540276512385,1.0638120569246137,1264.722466468811,0.0
4,waypoint_32,-15.0,0.28323956389577565,-0.7565540276512385,1.0638120569246137,1307.0111274719238,0.0
5,waypoint_32,-15.0,0.28323956389577565,-0.7565540276512385,1.0638120569246137,2177.576780319214,0.0
6,waypoint_32,-15.0,0.28323956389577565,-0.7565540276512385,1.0638120569246137,2611.3431453704834,0.0
7,waypoint_32,-15.0,0.28323956389577565,-0.7565540276512385,1.0638120569246137,1580.655574798584,0.0
8,waypoint_32,-15.0,0.28323956389577565,-0.7565540276512385,1.0638120569246137,534.5072150230408,0.0
9,waypoint_32,-15.0,0.28323956389577565,-0.7565540276512385,1.0638120569246137,509.6179246902466,0.0
10,waypoint_32,-15.0,0.28323956389577565,-0.7565540276512385,1.0638120569246137,461.10016107559204,0.0
11,waypoint_32,-15.0,0.28323956389577565,-0.7565540276512385,1.0638120569246137,416.27082228660583,0.0
12,waypoint_32,-15.0,0.28323956389577565,-0.7565540276512385,1.0638120569246137,792.8815484046936,0.0
13,waypoint_32,-15.0,0.28323956389577565,-0.7565540276512385,1.0638120569246137,419.32353377342224,0.0
14,waypoint_32,-15.0,0.28323956389577565,-0.7565540276512385,1.0638120569246137,898.3553051948547,0.0
0,waypoint_32,-30.0,0.28323956389577565,-0.7565540276512385,1.0638120569246137,4229.306221008301,0.0
1,waypoint_32,-30.0,0.28323956389577565,-0.7565540276512385,1.0638120569246137,3198.702096939087,0.0
2,waypoint_32,-30.0,0.28323956389577565,-0.7565540276512385,1.0638120569246137,2908.505439758301,0.0
3,waypoint_32,-30.0,0.28323956389577565,-0.7565540276512385,1.0638120569246137,1110.7350587844849,0.0
4,waypoint_32,-30.0,0.28323956389577565,-0.7565540276512385,1.0638120569246137,1307.1211576461792,0.0
5,waypoint_32,-30.0,0.28323956389577565,-0.7565540276512385,1.0638120569246137,2215.9061431884766,0.0
6,waypoint_32,-30.0,0.28323956389577565,-0.7565540276512385,1.0638120569246137,2651.409149169922,0.0
7,waypoint_32,-30.0,0.28323956389577565,-0.7565540276512385,1.0638120569246137,1582.9025506973267,0.0
8,waypoint_32,-30.0,0.28323956389577565,-0.7565540276512385,1.0638120569246137,527.1825194358826,0.0
9,waypoint_32,-30.0,0.28323956389577565,-0.7565540276512385,1.0638120569246137,506.4026713371277,0.0
10,waypoint_32,-30.0,0.28323956389577565,-0.7565540276512385,1.0638120569246137,475.981742143631,0.0
11,waypoint_32,-30.0,0.28323956389577565,-0.7565540276512385,1.0638120569246137,358.56619477272034,0.0
12,waypoint_32,-30.0,0.28323956389577565,-0.7565540276512385,1.0638120569246137,815.6868815422058,0.0
13,waypoint_32,-30.0,0.28323956389577565,-0.7565540276512385,1.0638120569246137,382.7497661113739,0.0
14,waypoint_32,-30.0,0.28323956389577565,-0.7565540276512385,1.0638120569246137,934.3081712722778,0.0
0,waypoint_33,-30.0,0.30323956389577544,-0.7565540276512385,1.0638120569246137,4250.171661376953,0.0
1,waypoint_33,-30.0,0.30323956389577544,-0.7565540276512385,1.0638120569246137,3199.8801231384277,0.0
2,waypoint_33,-30.0,0.30323956389577544,-0.7565540276512385,1.0638120569246137,2944.1070556640625,0.0
3,waypoint_33,-30.0,0.30323956389577544,-0.7565540276512385,1.0638120569246137,1111.212134361267,0.0
4,waypoint_33,-30.0,0.30323956389577544,-0.7565540276512385,1.0638120569246137,1289.9359464645386,0.0
5,waypoint_33,-30.0,0.30323956389577544,-0.7565540276512385,1.0638120569246137,2211.5702629089355,0.0
6,waypoint_33,-30.0,0.30323956389577544,-0.7565540276512385,1.0638120569246137,2632.110118865967,0.0
7,waypoint_33,-30.0,0.30323956389577544,-0.7565540276512385,1.0638120569246137,1562.9068613052368,0.0
8,waypoint_33,-30.0,0.30323956389577544,-0.7565540276512385,1.0638120569246137,535.6307625770569,0.0
9,waypoint_33,-30.0,0.30323956389577544,-0.7565540276512385,1.0638120569246137,511.941134929657,0.0
10,waypoint_33,-30.0,0.30323956389577544,-0.7565540276512385,1.0638120569246137,491.65022373199463,0.0
11,waypoint_33,-30.0,0.30323956389577544,-0.7565540276512385,1.0638120569246137,369.5376515388489,0.0
12,waypoint_33,-30.0,0.30323956389577544,-0.7565540276512385,1.0638120569246137,828.5629153251648,0.0
13,waypoint_33,-30.0,0.30323956389577544,-0.7565540276512385,1.0638120569246137,388.6091411113739,0.0
14,waypoint_33,-30.0,0.30323956389577544,-0.7565540276512385,1.0638120569246137,957.6674103736877,0.0
0,waypoint_33,-15.0,0.30323956389577544,-0.7565540276512385,1.0638120569246137,4188.861846923828,0.0
1,waypoint_33,-15.0,0.30323956389577544,-0.7565540276512385,1.0638120569246137,3200.329065322876,0.0
2,waypoint_33,-15.0,0.30323956389577544,-0.7565540276512385,1.0638120569246137,2909.961938858032,0.0
3,waypoint_33,-15.0,0.30323956389577544,-0.7565540276512385,1.0638120569246137,1284.5284938812256,0.0
4,waypoint_33,-15.0,0.30323956389577544,-0.7565540276512385,1.0638120569246137,1285.4585647583008,0.0
5,waypoint_33,-15.0,0.30323956389577544,-0.7565540276512385,1.0638120569246137,2175.2700805664062,0.0
6,waypoint_33,-15.0,0.30323956389577544,-0.7565540276512385,1.0638120569246137,2601.299047470093,0.0
7,waypoint_33,-15.0,0.30323956389577544,-0.7565540276512385,1.0638120569246137,1561.6354942321777,0.0
8,waypoint_33,-15.0,0.30323956389577544,-0.7565540276512385,1.0638120569246137,533.1335663795471,0.0
9,waypoint_33,-15.0,0.30323956389577544,-0.7565540276512385,1.0638120569246137,520.9754705429077,0.0
10,waypoint_33,-15.0,0.30323956389577544,-0.7565540276512385,1.0638120569246137,467.2275185585022,0.0
11,waypoint_33,-15.0,0.30323956389577544,-0.7565540276512385,1.0638120569246137,368.32693219184875,0.0
12,waypoint_33,-15.0,0.30323956389577544,-0.7565540276512385,1.0638120569246137,806.2092661857605,0.0
13,waypoint_33,-15.0,0.30323956389577544,-0.7565540276512385,1.0638120569246137,394.1410183906555,0.0
14,waypoint_33,-15.0,0.30323956389577544,-0.7565540276512385,1.0638120569246137,839.9935364723206,0.0
0,waypoint_33,0.0,0.30323956389577544,-0.7565540276512385,1.0638120569246137,4277.101039886475,0.0
1,waypoint_33,0.0,0.30323956389577544,-0.7565540276512385,1.0638120569246137,3202.847719192505,0.0
2,waypoint_33,0.0,0.30323956389577544,-0.7565540276512385,1.0638120569246137,2999.952554702759,0.0
3,waypoint_33,0.0,0.30323956389577544,-0.7565540276512385,1.0638120569246137,1314.7659301757812,0.0
4,waypoint_33,0.0,0.30323956389577544,-0.7565540276512385,1.0638120569246137,1288.123607635498,0.0
5,waypoint_33,0.0,0.30323956389577544,-0.7565540276512385,1.0638120569246137,1755.974292755127,0.0
6,waypoint_33,0.0,0.30323956389577544,-0.7565540276512385,1.0638120569246137,2630.810499191284,0.0
7,waypoint_33,0.0,0.30323956389577544,-0.7565540276512385,1.0638120569246137,1557.8612089157104,0.0
8,waypoint_33,0.0,0.30323956389577544,-0.7565540276512385,1.0638120569246137,484.04282331466675,0.0
9,waypoint_33,0.0,0.30323956389577544,-0.7565540276512385,1.0638120569246137,565.8267736434937,0.0
10,waypoint_33,0.0,0.30323956389577544,-0.7565540276512385,1.0638120569246137,510.50758361816406,0.0
11,waypoint_33,0.0,0.30323956389577544,-0.7565540276512385,1.0638120569246137,460.71648597717285,0.0
12,waypoint_33,0.0,0.30323956389577544,-0.7565540276512385,1.0638120569246137,788.92982006073,0.0
13,waypoint_33,0.0,0.30323956389577544,-0.7565540276512385,1.0638120569246137,395.84285020828247,0.0
14,waypoint_33,0.0,0.30323956389577544,-0.7565540276512385,1.0638120569246137,817.1083927154541,0.0
0,waypoint_33,15.0,0.30323956389577544,-0.7565540276512385,1.0638120569246137,4206.130504608154,0.0
1,waypoint_33,15.0,0.30323956389577544,-0.7565540276512385,1.0638120569246137,3206.519842147827,0.0
2,waypoint_33,15.0,0.30323956389577544,-0.7565540276512385,1.0638120569246137,3104.7239303588867,0.0
3,waypoint_33,15.0,0.30323956389577544,-0.7565540276512385,1.0638120569246137,1242.5243854522705,0.0
4,waypoint_33,15.0,0.30323956389577544,-0.7565540276512385,1.0638120569246137,1286.215901374817,0.0
5,waypoint_33,15.0,0.30323956389577544,-0.7565540276512385,1.0638120569246137,1614.247441291809,0.0
6,waypoint_33,15.0,0.30323956389577544,-0.7565540276512385,1.0638120569246137,2570.570707321167,0.0
7,waypoint_33,15.0,0.30323956389577544,-0.7565540276512385,1.0638120569246137,1553.8504123687744,0.0
8,waypoint_33,15.0,0.30323956389577544,-0.7565540276512385,1.0638120569246137,511.9054317474365,0.0
9,waypoint_33,15.0,0.30323956389577544,-0.7565540276512385,1.0638120569246137,549.9850511550903,0.0
10,waypoint_33,15.0,0.30323956389577544,-0.7565540276512385,1.0638120569246137,498.85839223861694,0.0
11,waypoint_33,15.0,0.30323956389577544,-0.7565540276512385,1.0638120569246137,452.71793007850647,0.0
12,waypoint_33,15.0,0.30323956389577544,-0.7565540276512385,1.0638120569246137,772.6491093635559,0.0
13,waypoint_33,15.0,0.30323956389577544,-0.7565540276512385,1.0638120569246137,411.8393659591675,0.0
14,waypoint_33,15.0,0.30323956389577544,-0.7565540276512385,1.0638120569246137,753.3091902732849,0.0
0,waypoint_33,30.0,0.30323956389577544,-0.7565540276512385,1.0638120569246137,4294.163703918457,0.0
1,waypoint_33,30.0,0.30323956389577544,-0.7565540276512385,1.0638120569246137,3210.355520248413,0.0
2,waypoint_33,30.0,0.30323956389577544,-0.7565540276512385,1.0638120569246137,3063.4605884552,0.0
3,waypoint_33,30.0,0.30323956389577544,-0.7565540276512385,1.0638120569246137,1279.1944742202759,0.0
4,waypoint_33,30.0,0.30323956389577544,-0.7565540276512385,1.0638120569246137,1283.8457822799683,0.0
5,waypoint_33,30.0,0.30323956389577544,-0.7565540276512385,1.0638120569246137,1699.6164321899414,0.0
6,waypoint_33,30.0,0.30323956389577544,-0.7565540276512385,1.0638120569246137,2597.9604721069336,0.0
7,waypoint_33,30.0,0.30323956389577544,-0.7565540276512385,1.0638120569246137,1538.4950637817383,0.0
8,waypoint_33,30.0,0.30323956389577544,-0.7565540276512385,1.0638120569246137,562.8352761268616,0.0
9,waypoint_33,30.0,0.30323956389577544,-0.7565540276512385,1.0638120569246137,578.888475894928,0.0
10,waypoint_33,30.0,0.30323956389577544,-0.7565540276512385,1.0638120569246137,565.2849078178406,0.0
11,waypoint_33,30.0,0.30323956389577544,-0.7565540276512385,1.0638120569246137,526.0311961174011,0.0
12,waypoint_33,30.0,0.30323956389577544,-0.7565540276512385,1.0638120569246137,760.5485320091248,0.0
13,waypoint_33,30.0,0.30323956389577544,-0.7565540276512385,1.0638120569246137,485.3266179561615,0.0
14,waypoint_33,30.0,0.30323956389577544,-0.7565540276512385,1.0638120569246137,695.6799626350403,0.0
0,waypoint_34,30.0,0.32323956389577596,-0.7565540276512385,1.0638120569246137,4275.513172149658,0.0
1,waypoint_34,30.0,0.32323956389577596,-0.7565540276512385,1.0638120569246137,3211.3163471221924,0.0
2,waypoint_34,30.0,0.32323956389577596,-0.7565540276512385,1.0638120569246137,3034.07621383667,0.0
3,waypoint_34,30.0,0.32323956389577596,-0.7565540276512385,1.0638120569246137,1220.098376274109,0.0
4,waypoint_34,30.0,0.32323956389577596,-0.7565540276512385,1.0638120569246137,1266.9857740402222,0.0
5,waypoint_34,30.0,0.32323956389577596,-0.7565540276512385,1.0638120569246137,1691.401481628418,0.0
6,waypoint_34,30.0,0.32323956389577596,-0.7565540276512385,1.0638120569246137,2600.1718044281006,0.0
7,waypoint_34,30.0,0.32323956389577596,-0.7565540276512385,1.0638120569246137,1516.6863203048706,0.0
8,waypoint_34,30.0,0.32323956389577596,-0.7565540276512385,1.0638120569246137,473.74945878982544,0.0
9,waypoint_34,30.0,0.32323956389577596,-0.7565540276512385,1.0638120569246137,606.8283319473267,0.0
10,waypoint_34,30.0,0.32323956389577596,-0.7565540276512385,1.0638120569246137,551.9306063652039,0.0
11,waypoint_34,30.0,0.32323956389577596,-0.7565540276512385,1.0638120569246137,507.0386528968811,0.0
12,waypoint_34,30.0,0.32323956389577596,-0.7565540276512385,1.0638120569246137,774.0857601165771,0.0
13,waypoint_34,30.0,0.32323956389577596,-0.7565540276512385,1.0638120569246137,510.5181932449341,0.0
14,waypoint_34,30.0,0.32323956389577596,-0.7565540276512385,1.0638120569246137,717.07683801651,0.0
0,waypoint_34,15.0,0.32323956389577596,-0.7565540276512385,1.0638120569246137,4244.712829589844,0.0
1,waypoint_34,15.0,0.32323956389577596,-0.7565540276512385,1.0638120569246137,3207.5068950653076,0.0
2,waypoint_34,15.0,0.32323956389577596,-0.7565540276512385,1.0638120569246137,3048.016309738159,0.0
3,waypoint_34,15.0,0.32323956389577596,-0.7565540276512385,1.0638120569246137,1238.3403778076172,0.0
4,waypoint_34,15.0,0.32323956389577596,-0.7565540276512385,1.0638120569246137,1267.6368951797485,0.0
5,waypoint_34,15.0,0.32323956389577596,-0.7565540276512385,1.0638120569246137,1606.0179471969604,0.0
6,waypoint_34,15.0,0.32323956389577596,-0.7565540276512385,1.0638120569246137,2368.281364440918,0.0
7,waypoint_34,15.0,0.32323956389577596,-0.7565540276512385,1.0638120569246137,1521.4998722076416,0.0
8,waypoint_34,15.0,0.32323956389577596,-0.7565540276512385,1.0638120569246137,475.02344846725464,0.0
9,waypoint_34,15.0,0.32323956389577596,-0.7565540276512385,1.0638120569246137,603.9878129959106,0.0
10,waypoint_34,15.0,0.32323956389577596,-0.7565540276512385,1.0638120569246137,541.7269468307495,0.0
11,waypoint_34,15.0,0.32323956389577596,-0.7565540276512385,1.0638120569246137,479.27090525627136,0.0
12,waypoint_34,15.0,0.32323956389577596,-0.7565540276512385,1.0638120569246137,786.5114212036133,0.0
13,waypoint_34,15.0,0.32323956389577596,-0.7565540276512385,1.0638120569246137,438.8645887374878,0.0
14,waypoint_34,15.0,0.32323956389577596,-0.7565540276512385,1.0638120569246137,702.5414705276489,0.0
0,waypoint_34,0.0,0.32323956389577596,-0.7565540276512385,1.0638120569246137,4245.476722717285,0.0
1,waypoint_34,0.0,0.32323956389577596,-0.7565540276512385,1.0638120569246137,3203.895330429077,0.0
2,waypoint_34,0.0,0.32323956389577596,-0.7565540276512385,1.0638120569246137,3047.9965209960938,0.0
3,waypoint_34,0.0,0.32323956389577596,-0.7565540276512385,1.0638120569246137,1274.3802070617676,0.0
4,waypoint_34,0.0,0.32323956389577596,-0.7565540276512385,1.0638120569246137,1269.3687677383423,0.0
5,waypoint_34,0.0,0.32323956389577596,-0.7565540276512385,1.0638120569246137,1729.6432256698608,0.0
6,waypoint_34,0.0,0.32323956389577596,-0.7565540276512385,1.0638120569246137,2523.2808589935303,0.0
7,waypoint_34,0.0,0.32323956389577596,-0.7565540276512385,1.0638120569246137,1525.4337787628174,0.0
8,waypoint_34,0.0,0.32323956389577596,-0.7565540276512385,1.0638120569246137,461.9040787220001,0.0
9,waypoint_34,0.0,0.32323956389577596,-0.7565540276512385,1.0638120569246137,555.1178455352783,0.0
10,waypoint_34,0.0,0.32323956389577596,-0.7565540276512385,1.0638120569246137,527.5185108184814,0.0
11,waypoint_34,0.0,0.32323956389577596,-0.7565540276512385,1.0638120569246137,478.0454933643341,0.0
12,waypoint_34,0.0,0.32323956389577596,-0.7565540276512385,1.0638120569246137,802.9966354370117,0.0
13,waypoint_34,0.0,0.32323956389577596,-0.7565540276512385,1.0638120569246137,426.4703691005707,0.0
14,waypoint_34,0.0,0.32323956389577596,-0.7565540276512385,1.0638120569246137,821.5303421020508,0.0
0,waypoint_34,-15.0,0.32323956389577596,-0.7565540276512385,1.0638120569246137,4218.147754669189,0.0
1,waypoint_34,-15.0,0.32323956389577596,-0.7565540276512385,1.0638120569246137,3201.484203338623,0.0
2,waypoint_34,-15.0,0.32323956389577596,-0.7565540276512385,1.0638120569246137,2809.7429275512695,0.0
3,waypoint_34,-15.0,0.32323956389577596,-0.7565540276512385,1.0638120569246137,1227.099061012268,0.0
4,waypoint_34,-15.0,0.32323956389577596,-0.7565540276512385,1.0638120569246137,1265.2279138565063,0.0
5,waypoint_34,-15.0,0.32323956389577596,-0.7565540276512385,1.0638120569246137,2169.698476791382,0.0
6,waypoint_34,-15.0,0.32323956389577596,-0.7565540276512385,1.0638120569246137,2588.834762573242,0.0
7,waypoint_34,-15.0,0.32323956389577596,-0.7565540276512385,1.0638120569246137,1545.6725358963013,0.0
8,waypoint_34,-15.0,0.32323956389577596,-0.7565540276512385,1.0638120569246137,453.5018503665924,0.0
9,waypoint_34,-15.0,0.32323956389577596,-0.7565540276512385,1.0638120569246137,533.243715763092,0.0
10,waypoint_34,-15.0,0.32323956389577596,-0.7565540276512385,1.0638120569246137,506.08575344085693,0.0
11,waypoint_34,-15.0,0.32323956389577596,-0.7565540276512385,1.0638120569246137,428.3348619937897,0.0
12,waypoint_34,-15.0,0.32323956389577596,-0.7565540276512385,1.0638120569246137,819.840669631958,0.0
13,waypoint_34,-15.0,0.32323956389577596,-0.7565540276512385,1.0638120569246137,414.53471779823303,0.0
14,waypoint_34,-15.0,0.32323956389577596,-0.7565540276512385,1.0638120569246137,919.1180467605591,0.0
0,waypoint_34,-30.0,0.32323956389577596,-0.7565540276512385,1.0638120569246137,4268.593788146973,0.0
1,waypoint_34,-30.0,0.32323956389577596,-0.7565540276512385,1.0638120569246137,3201.1733055114746,0.0
2,waypoint_34,-30.0,0.32323956389577596,-0.7565540276512385,1.0638120569246137,2820.5840587615967,0.0
3,waypoint_34,-30.0,0.32323956389577596,-0.7565540276512385,1.0638120569246137,1080.938696861267,0.0
4,waypoint_34,-30.0,0.32323956389577596,-0.7565540276512385,1.0638120569246137,1263.511061668396,0.0
5,waypoint_34,-30.0,0.32323956389577596,-0.7565540276512385,1.0638120569246137,2207.4012756347656,0.0
6,waypoint_34,-30.0,0.32323956389577596,-0.7565540276512385,1.0638120569246137,2541.193723678589,0.0
7,waypoint_34,-30.0,0.32323956389577596,-0.7565540276512385,1.0638120569246137,1548.879861831665,0.0
8,waypoint_34,-30.0,0.32323956389577596,-0.7565540276512385,1.0638120569246137,452.99437642097473,0.0
9,waypoint_34,-30.0,0.32323956389577596,-0.7565540276512385,1.0638120569246137,537.954568862915,0.0
10,waypoint_34,-30.0,0.32323956389577596,-0.7565540276512385,1.0638120569246137,518.025815486908,0.0
11,waypoint_34,-30.0,0.32323956389577596,-0.7565540276512385,1.0638120569246137,426.2741506099701,0.0
12,waypoint_34,-30.0,0.32323956389577596,-0.7565540276512385,1.0638120569246137,842.0186042785645,0.0
13,waypoint_34,-30.0,0.32323956389577596,-0.7565540276512385,1.0638120569246137,394.43013072013855,0.0
14,waypoint_34,-30.0,0.32323956389577596,-0.7565540276512385,1.0638120569246137,915.8472418785095,0.0
0,waypoint_35,-30.0,0.34323956389577553,-0.7565540276512385,1.0638120569246137,4288.541316986084,0.0
1,waypoint_35,-30.0,0.34323956389577553,-0.7565540276512385,1.0638120569246137,3202.57568359375,0.0
2,waypoint_35,-30.0,0.34323956389577553,-0.7565540276512385,1.0638120569246137,2809.593915939331,0.0
3,waypoint_35,-30.0,0.34323956389577553,-0.7565540276512385,1.0638120569246137,1082.039475440979,0.0
4,waypoint_35,-30.0,0.34323956389577553,-0.7565540276512385,1.0638120569246137,1245.7185983657837,0.0
5,waypoint_35,-30.0,0.34323956389577553,-0.7565540276512385,1.0638120569246137,2203.4101486206055,0.0
6,waypoint_35,-30.0,0.34323956389577553,-0.7565540276512385,1.0638120569246137,2554.7938346862793,0.0
7,waypoint_35,-30.0,0.34323956389577553,-0.7565540276512385,1.0638120569246137,1528.855562210083,0.0
8,waypoint_35,-30.0,0.34323956389577553,-0.7565540276512385,1.0638120569246137,459.90684628486633,0.0
9,waypoint_35,-30.0,0.34323956389577553,-0.7565540276512385,1.0638120569246137,542.3679351806641,0.0
10,waypoint_35,-30.0,0.34323956389577553,-0.7565540276512385,1.0638120569246137,534.2735648155212,0.0
11,waypoint_35,-30.0,0.34323956389577553,-0.7565540276512385,1.0638120569246137,437.62680888175964,0.0
12,waypoint_35,-30.0,0.34323956389577553,-0.7565540276512385,1.0638120569246137,855.4535508155823,0.0
13,waypoint_35,-30.0,0.34323956389577553,-0.7565540276512385,1.0638120569246137,404.19426560401917,0.0
14,waypoint_35,-30.0,0.34323956389577553,-0.7565540276512385,1.0638120569246137,974.3728637695312,0.0
0,waypoint_35,-15.0,0.34323956389577553,-0.7565540276512385,1.0638120569246137,4296.769618988037,0.0
1,waypoint_35,-15.0,0.34323956389577553,-0.7565540276512385,1.0638120569246137,3202.751398086548,0.0
2,waypoint_35,-15.0,0.34323956389577553,-0.7565540276512385,1.0638120569246137,2797.780990600586,0.0
3,waypoint_35,-15.0,0.34323956389577553,-0.7565540276512385,1.0638120569246137,1234.2634201049805,0.0
4,waypoint_35,-15.0,0.34323956389577553,-0.7565540276512385,1.0638120569246137,1243.8510656356812,0.0
5,waypoint_35,-15.0,0.34323956389577553,-0.7565540276512385,1.0638120569246137,2167.6113605499268,0.0
6,waypoint_35,-15.0,0.34323956389577553,-0.7565540276512385,1.0638120569246137,2516.6015625,0.0
7,waypoint_35,-15.0,0.34323956389577553,-0.7565540276512385,1.0638120569246137,1536.518931388855,0.0
8,waypoint_35,-15.0,0.34323956389577553,-0.7565540276512385,1.0638120569246137,464.4179046154022,0.0
9,waypoint_35,-15.0,0.34323956389577553,-0.7565540276512385,1.0638120569246137,543.1714653968811,0.0
10,waypoint_35,-15.0,0.34323956389577553,-0.7565540276512385,1.0638120569246137,509.22083854675293,0.0
11,waypoint_35,-15.0,0.34323956389577553,-0.7565540276512385,1.0638120569246137,429.867148399353,0.0
12,waypoint_35,-15.0,0.34323956389577553,-0.7565540276512385,1.0638120569246137,833.6632251739502,0.0
13,waypoint_35,-15.0,0.34323956389577553,-0.7565540276512385,1.0638120569246137,416.6913032531738,0.0
14,waypoint_35,-15.0,0.34323956389577553,-0.7565540276512385,1.0638120569246137,889.9093270301819,0.0
0,waypoint_35,0.0,0.34323956389577553,-0.7565540276512385,1.0638120569246137,4288.5613441467285,0.0
1,waypoint_35,0.0,0.34323956389577553,-0.7565540276512385,1.0638120569246137,3205.0600051879883,0.0
2,waypoint_35,0.0,0.34323956389577553,-0.7565540276512385,1.0638120569246137,3014.3439769744873,0.0
3,waypoint_35,0.0,0.34323956389577553,-0.7565540276512385,1.0638120569246137,1275.566816329956,0.0
4,waypoint_35,0.0,0.34323956389577553,-0.7565540276512385,1.0638120569246137,1248.7010955810547,0.0
5,waypoint_35,0.0,0.34323956389577553,-0.7565540276512385,1.0638120569246137,1753.6956071853638,0.0
6,waypoint_35,0.0,0.34323956389577553,-0.7565540276512385,1.0638120569246137,2648.671865463257,0.0
7,waypoint_35,0.0,0.34323956389577553,-0.7565540276512385,1.0638120569246137,1532.2972536087036,0.0
8,waypoint_35,0.0,0.34323956389577553,-0.7565540276512385,1.0638120569246137,462.30757236480713,0.0
9,waypoint_35,0.0,0.34323956389577553,-0.7565540276512385,1.0638120569246137,499.62499737739563,0.0
10,waypoint_35,0.0,0.34323956389577553,-0.7565540276512385,1.0638120569246137,530.9531092643738,0.0
11,waypoint_35,0.0,0.34323956389577553,-0.7565540276512385,1.0638120569246137,489.4697964191437,0.0
12,waypoint_35,0.0,0.34323956389577553,-0.7565540276512385,1.0638120569246137,817.0731067657471,0.0
13,waypoint_35,0.0,0.34323956389577553,-0.7565540276512385,1.0638120569246137,430.65035343170166,0.0
14,waypoint_35,0.0,0.34323956389577553,-0.7565540276512385,1.0638120569246137,880.1984190940857,0.0
0,waypoint_35,15.0,0.34323956389577553,-0.7565540276512385,1.0638120569246137,4321.850299835205,0.0
1,waypoint_35,15.0,0.34323956389577553,-0.7565540276512385,1.0638120569246137,3208.599090576172,0.0
2,waypoint_35,15.0,0.34323956389577553,-0.7565540276512385,1.0638120569246137,2961.944818496704,0.0
3,waypoint_35,15.0,0.34323956389577553,-0.7565540276512385,1.0638120569246137,1251.4982223510742,0.0
4,waypoint_35,15.0,0.34323956389577553,-0.7565540276512385,1.0638120569246137,1247.8364706039429,0.0
5,waypoint_35,15.0,0.34323956389577553,-0.7565540276512385,1.0638120569246137,1597.9713201522827,0.0
6,waypoint_35,15.0,0.34323956389577553,-0.7565540276512385,1.0638120569246137,2665.62819480896,0.0
7,waypoint_35,15.0,0.34323956389577553,-0.7565540276512385,1.0638120569246137,1518.6954736709595,0.0
8,waypoint_35,15.0,0.34323956389577553,-0.7565540276512385,1.0638120569246137,455.79853653907776,0.0
9,waypoint_35,15.0,0.34323956389577553,-0.7565540276512385,1.0638120569246137,528.6734104156494,0.0
10,waypoint_35,15.0,0.34323956389577553,-0.7565540276512385,1.0638120569246137,524.4138836860657,0.0
11,waypoint_35,15.0,0.34323956389577553,-0.7565540276512385,1.0638120569246137,492.0613169670105,0.0
12,waypoint_35,15.0,0.34323956389577553,-0.7565540276512385,1.0638120569246137,801.3907074928284,0.0
13,waypoint_35,15.0,0.34323956389577553,-0.7565540276512385,1.0638120569246137,439.27401304244995,0.0
14,waypoint_35,15.0,0.34323956389577553,-0.7565540276512385,1.0638120569246137,715.6062126159668,0.0
0,waypoint_35,30.0,0.34323956389577553,-0.7565540276512385,1.0638120569246137,4344.246864318848,0.0
1,waypoint_35,30.0,0.34323956389577553,-0.7565540276512385,1.0638120569246137,3212.3780250549316,0.0
2,waypoint_35,30.0,0.34323956389577553,-0.7565540276512385,1.0638120569246137,3001.5907287597656,0.0
3,waypoint_35,30.0,0.34323956389577553,-0.7565540276512385,1.0638120569246137,1245.6244230270386,0.0
4,waypoint_35,30.0,0.34323956389577553,-0.7565540276512385,1.0638120569246137,1242.3301935195923,0.0
5,waypoint_35,30.0,0.34323956389577553,-0.7565540276512385,1.0638120569246137,1683.3362579345703,0.0
6,waypoint_35,30.0,0.34323956389577553,-0.7565540276512385,1.0638120569246137,2260.5111598968506,0.0
7,waypoint_35,30.0,0.34323956389577553,-0.7565540276512385,1.0638120569246137,1082.3432207107544,0.0
8,waypoint_35,30.0,0.34323956389577553,-0.7565540276512385,1.0638120569246137,452.33097672462463,0.0
9,waypoint_35,30.0,0.34323956389577553,-0.7565540276512385,1.0638120569246137,577.5593519210815,0.0
10,waypoint_35,30.0,0.34323956389577553,-0.7565540276512385,1.0638120569246137,588.0417227745056,0.0
11,waypoint_35,30.0,0.34323956389577553,-0.7565540276512385,1.0638120569246137,534.0419411659241,0.0
12,waypoint_35,30.0,0.34323956389577553,-0.7565540276512385,1.0638120569246137,788.6673212051392,0.0
13,waypoint_35,30.0,0.34323956389577553,-0.7565540276512385,1.0638120569246137,515.701949596405,0.0
14,waypoint_35,30.0,0.34323956389577553,-0.7565540276512385,1.0638120569246137,735.351026058197,0.0
0,waypoint_36,30.0,0.36323956389577516,-0.7565540276512385,1.0638120569246137,4340.249061584473,0.0
1,waypoint_36,30.0,0.36323956389577516,-0.7565540276512385,1.0638120569246137,3213.5448455810547,0.0
2,waypoint_36,30.0,0.36323956389577516,-0.7565540276512385,1.0638120569246137,2962.5487327575684,0.0
3,waypoint_36,30.0,0.36323956389577516,-0.7565540276512385,1.0638120569246137,1204.291582107544,0.0
4,waypoint_36,30.0,0.36323956389577516,-0.7565540276512385,1.0638120569246137,1227.0820140838623,0.0
5,waypoint_36,30.0,0.36323956389577516,-0.7565540276512385,1.0638120569246137,1675.4381656646729,0.0
6,waypoint_36,30.0,0.36323956389577516,-0.7565540276512385,1.0638120569246137,2556.260347366333,0.0
7,waypoint_36,30.0,0.36323956389577516,-0.7565540276512385,1.0638120569246137,1369.3945407867432,0.0
8,waypoint_36,30.0,0.36323956389577516,-0.7565540276512385,1.0638120569246137,457.14548230171204,0.0
9,waypoint_36,30.0,0.36323956389577516,-0.7565540276512385,1.0638120569246137,479.5707166194916,0.0
10,waypoint_36,30.0,0.36323956389577516,-0.7565540276512385,1.0638120569246137,601.6448736190796,0.0
11,waypoint_36,30.0,0.36323956389577516,-0.7565540276512385,1.0638120569246137,538.975715637207,0.0
12,waypoint_36,30.0,0.36323956389577516,-0.7565540276512385,1.0638120569246137,802.7491569519043,0.0
13,waypoint_36,30.0,0.36323956389577516,-0.7565540276512385,1.0638120569246137,546.3532209396362,0.0
14,waypoint_36,30.0,0.36323956389577516,-0.7565540276512385,1.0638120569246137,748.5657334327698,0.0
0,waypoint_36,15.0,0.36323956389577516,-0.7565540276512385,1.0638120569246137,4345.834255218506,0.0
1,waypoint_36,15.0,0.36323956389577516,-0.7565540276512385,1.0638120569246137,3209.8002433776855,0.0
2,waypoint_36,15.0,0.36323956389577516,-0.7565540276512385,1.0638120569246137,3047.896146774292,0.0
3,waypoint_36,15.0,0.36323956389577516,-0.7565540276512385,1.0638120569246137,1174.9123334884644,0.0
4,waypoint_36,15.0,0.36323956389577516,-0.7565540276512385,1.0638120569246137,1225.1670360565186,0.0
5,waypoint_36,15.0,0.36323956389577516,-0.7565540276512385,1.0638120569246137,1590.0847911834717,0.0
6,waypoint_36,15.0,0.36323956389577516,-0.7565540276512385,1.0638120569246137,2648.9412784576416,0.0
7,waypoint_36,15.0,0.36323956389577516,-0.7565540276512385,1.0638120569246137,1459.4871997833252,0.0
8,waypoint_36,15.0,0.36323956389577516,-0.7565540276512385,1.0638120569246137,447.855681180954,0.0
9,waypoint_36,15.0,0.36323956389577516,-0.7565540276512385,1.0638120569246137,480.0022840499878,0.0
10,waypoint_36,15.0,0.36323956389577516,-0.7565540276512385,1.0638120569246137,579.2818665504456,0.0
11,waypoint_36,15.0,0.36323956389577516,-0.7565540276512385,1.0638120569246137,512.4607086181641,0.0
12,waypoint_36,15.0,0.36323956389577516,-0.7565540276512385,1.0638120569246137,815.7381415367126,0.0
13,waypoint_36,15.0,0.36323956389577516,-0.7565540276512385,1.0638120569246137,464.534729719162,0.0
14,waypoint_36,15.0,0.36323956389577516,-0.7565540276512385,1.0638120569246137,748.0376958847046,0.0
0,waypoint_36,0.0,0.36323956389577516,-0.7565540276512385,1.0638120569246137,4265.635013580322,0.0
1,waypoint_36,0.0,0.36323956389577516,-0.7565540276512385,1.0638120569246137,3206.326961517334,0.0
2,waypoint_36,0.0,0.36323956389577516,-0.7565540276512385,1.0638120569246137,2985.0034713745117,0.0
3,waypoint_36,0.0,0.36323956389577516,-0.7565540276512385,1.0638120569246137,1234.0999841690063,0.0
4,waypoint_36,0.0,0.36323956389577516,-0.7565540276512385,1.0638120569246137,1228.339433670044,0.0
5,waypoint_36,0.0,0.36323956389577516,-0.7565540276512385,1.0638120569246137,1724.027395248413,0.0
6,waypoint_36,0.0,0.36323956389577516,-0.7565540276512385,1.0638120569246137,2616.9214248657227,0.0
7,waypoint_36,0.0,0.36323956389577516,-0.7565540276512385,1.0638120569246137,1530.6326150894165,0.0
8,waypoint_36,0.0,0.36323956389577516,-0.7565540276512385,1.0638120569246137,433.22187662124634,0.0
9,waypoint_36,0.0,0.36323956389577516,-0.7565540276512385,1.0638120569246137,466.6551649570465,0.0
10,waypoint_36,0.0,0.36323956389577516,-0.7565540276512385,1.0638120569246137,546.1874604225159,0.0
11,waypoint_36,0.0,0.36323956389577516,-0.7565540276512385,1.0638120569246137,506.2490701675415,0.0
12,waypoint_36,0.0,0.36323956389577516,-0.7565540276512385,1.0638120569246137,831.7683935165405,0.0
13,waypoint_36,0.0,0.36323956389577516,-0.7565540276512385,1.0638120569246137,440.92267751693726,0.0
14,waypoint_36,0.0,0.36323956389577516,-0.7565540276512385,1.0638120569246137,736.0064387321472,0.0
0,waypoint_36,-15.0,0.36323956389577516,-0.7565540276512385,1.0638120569246137,4253.7431716918945,0.0
1,waypoint_36,-15.0,0.36323956389577516,-0.7565540276512385,1.0638120569246137,3204.134225845337,0.0
2,waypoint_36,-15.0,0.36323956389577516,-0.7565540276512385,1.0638120569246137,2835.256338119507,0.0
3,waypoint_36,-15.0,0.36323956389577516,-0.7565540276512385,1.0638120569246137,1194.8233842849731,0.0
4,waypoint_36,-15.0,0.36323956389577516,-0.7565540276512385,1.0638120569246137,1229.0291786193848,0.0
5,waypoint_36,-15.0,0.36323956389577516,-0.7565540276512385,1.0638120569246137,2162.6007556915283,0.0
6,waypoint_36,-15.0,0.36323956389577516,-0.7565540276512385,1.0638120569246137,2399.2204666137695,0.0
7,waypoint_36,-15.0,0.36323956389577516,-0.7565540276512385,1.0638120569246137,1618.0503368377686,0.0
8,waypoint_36,-15.0,0.36323956389577516,-0.7565540276512385,1.0638120569246137,420.6937253475189,0.0
9,waypoint_36,-15.0,0.36323956389577516,-0.7565540276512385,1.0638120569246137,458.20263028144836,0.0
10,waypoint_36,-15.0,0.36323956389577516,-0.7565540276512385,1.0638120569246137,519.1752910614014,0.0
11,waypoint_36,-15.0,0.36323956389577516,-0.7565540276512385,1.0638120569246137,469.5783853530884,0.0
12,waypoint_36,-15.0,0.36323956389577516,-0.7565540276512385,1.0638120569246137,848.0800986289978,0.0
13,waypoint_36,-15.0,0.36323956389577516,-0.7565540276512385,1.0638120569246137,420.46087980270386,0.0
14,waypoint_36,-15.0,0.36323956389577516,-0.7565540276512385,1.0638120569246137,918.0420637130737,0.0
0,waypoint_36,-30.0,0.36323956389577516,-0.7565540276512385,1.0638120569246137,4280.820846557617,0.0
1,waypoint_36,-30.0,0.36323956389577516,-0.7565540276512385,1.0638120569246137,3204.0998935699463,0.0
2,waypoint_36,-30.0,0.36323956389577516,-0.7565540276512385,1.0638120569246137,2806.790828704834,0.0
3,waypoint_36,-30.0,0.36323956389577516,-0.7565540276512385,1.0638120569246137,1065.3791427612305,0.0
4,waypoint_36,-30.0,0.36323956389577516,-0.7565540276512385,1.0638120569246137,1224.1915464401245,0.0
5,waypoint_36,-30.0,0.36323956389577516,-0.7565540276512385,1.0638120569246137,2199.4144916534424,0.0
6,waypoint_36,-30.0,0.36323956389577516,-0.7565540276512385,1.0638120569246137,2536.898374557495,0.0
7,waypoint_36,-30.0,0.36323956389577516,-0.7565540276512385,1.0638120569246137,1645.0374126434326,0.0
8,waypoint_36,-30.0,0.36323956389577516,-0.7565540276512385,1.0638120569246137,398.8893926143646,0.0
9,waypoint_36,-30.0,0.36323956389577516,-0.7565540276512385,1.0638120569246137,456.0411274433136,0.0
10,waypoint_36,-30.0,0.36323956389577516,-0.7565540276512385,1.0638120569246137,513.9481425285339,0.0
11,waypoint_36,-30.0,0.36323956389577516,-0.7565540276512385,1.0638120569246137,475.8760929107666,0.0
12,waypoint_36,-30.0,0.36323956389577516,-0.7565540276512385,1.0638120569246137,869.3498969078064,0.0
13,waypoint_36,-30.0,0.36323956389577516,-0.7565540276512385,1.0638120569246137,407.7289402484894,0.0
14,waypoint_36,-30.0,0.36323956389577516,-0.7565540276512385,1.0638120569246137,934.879720211029,0.0
0,waypoint_37,-30.0,0.38323956389577535,-0.7565540276512385,1.0638120569246137,4299.263477325439,0.0
1,waypoint_37,-30.0,0.38323956389577535,-0.7565540276512385,1.0638120569246137,3205.7344913482666,0.0
2,waypoint_37,-30.0,0.38323956389577535,-0.7565540276512385,1.0638120569246137,2796.0283756256104,0.0
3,waypoint_37,-30.0,0.38323956389577535,-0.7565540276512385,1.0638120569246137,1076.3522386550903,0.0
4,waypoint_37,-30.0,0.38323956389577535,-0.7565540276512385,1.0638120569246137,1206.3379287719727,0.0
5,waypoint_37,-30.0,0.38323956389577535,-0.7565540276512385,1.0638120569246137,2195.7757472991943,0.0
6,waypoint_37,-30.0,0.38323956389577535,-0.7565540276512385,1.0638120569246137,2553.4942150115967,0.0
7,waypoint_37,-30.0,0.38323956389577535,-0.7565540276512385,1.0638120569246137,1349.707007408142,0.0
8,waypoint_37,-30.0,0.38323956389577535,-0.7565540276512385,1.0638120569246137,409.4071090221405,0.0
9,waypoint_37,-30.0,0.38323956389577535,-0.7565540276512385,1.0638120569246137,464.0694260597229,0.0
10,waypoint_37,-30.0,0.38323956389577535,-0.7565540276512385,1.0638120569246137,521.782398223877,0.0
11,waypoint_37,-30.0,0.38323956389577535,-0.7565540276512385,1.0638120569246137,492.36541986465454,0.0
12,waypoint_37,-30.0,0.38323956389577535,-0.7565540276512385,1.0638120569246137,883.1891417503357,0.0
13,waypoint_37,-30.0,0.38323956389577535,-0.7565540276512385,1.0638120569246137,418.24811697006226,0.0
14,waypoint_37,-30.0,0.38323956389577535,-0.7565540276512385,1.0638120569246137,979.2370796203613,0.0
0,waypoint_37,-15.0,0.38323956389577535,-0.7565540276512385,1.0638120569246137,4334.3095779418945,0.0
1,waypoint_37,-15.0,0.38323956389577535,-0.7565540276512385,1.0638120569246137,3205.6214809417725,0.0
2,waypoint_37,-15.0,0.38323956389577535,-0.7565540276512385,1.0638120569246137,2779.653310775757,0.0
3,waypoint_37,-15.0,0.38323956389577535,-0.7565540276512385,1.0638120569246137,1188.3478164672852,0.0
4,waypoint_37,-15.0,0.38323956389577535,-0.7565540276512385,1.0638120569246137,1202.9770612716675,0.0
5,waypoint_37,-15.0,0.38323956389577535,-0.7565540276512385,1.0638120569246137,2160.353660583496,0.0
6,waypoint_37,-15.0,0.38323956389577535,-0.7565540276512385,1.0638120569246137,2475.295305252075,0.0
7,waypoint_37,-15.0,0.38323956389577535,-0.7565540276512385,1.0638120569246137,1333.2271575927734,0.0
8,waypoint_37,-15.0,0.38323956389577535,-0.7565540276512385,1.0638120569246137,422.71265387535095,0.0
9,waypoint_37,-15.0,0.38323956389577535,-0.7565540276512385,1.0638120569246137,468.2116508483887,0.0
10,waypoint_37,-15.0,0.38323956389577535,-0.7565540276512385,1.0638120569246137,532.3052406311035,0.0
11,waypoint_37,-15.0,0.38323956389577535,-0.7565540276512385,1.0638120569246137,490.95720052719116,0.0
12,waypoint_37,-15.0,0.38323956389577535,-0.7565540276512385,1.0638120569246137,862.2158169746399,0.0
13,waypoint_37,-15.0,0.38323956389577535,-0.7565540276512385,1.0638120569246137,424.9500334262848,0.0
14,waypoint_37,-15.0,0.38323956389577535,-0.7565540276512385,1.0638120569246137,908.6922407150269,0.0
0,waypoint_37,0.0,0.38323956389577535,-0.7565540276512385,1.0638120569246137,4327.1894454956055,0.0
1,waypoint_37,0.0,0.38323956389577535,-0.7565540276512385,1.0638120569246137,3207.7062129974365,0.0
2,waypoint_37,0.0,0.38323956389577535,-0.7565540276512385,1.0638120569246137,2993.2477474212646,0.0
3,waypoint_37,0.0,0.38323956389577535,-0.7565540276512385,1.0638120569246137,1211.2362384796143,0.0
4,waypoint_37,0.0,0.38323956389577535,-0.7565540276512385,1.0638120569246137,1207.9722881317139,0.0
5,waypoint_37,0.0,0.38323956389577535,-0.7565540276512385,1.0638120569246137,2076.864242553711,0.0
6,waypoint_37,0.0,0.38323956389577535,-0.7565540276512385,1.0638120569246137,2500.429153442383,0.0
7,waypoint_37,0.0,0.38323956389577535,-0.7565540276512385,1.0638120569246137,1454.1397094726562,0.0
8,waypoint_37,0.0,0.38323956389577535,-0.7565540276512385,1.0638120569246137,442.48807430267334,0.0
9,waypoint_37,0.0,0.38323956389577535,-0.7565540276512385,1.0638120569246137,465.36844968795776,0.0
10,waypoint_37,0.0,0.38323956389577535,-0.7565540276512385,1.0638120569246137,557.5127005577087,0.0
11,waypoint_37,0.0,0.38323956389577535,-0.7565540276512385,1.0638120569246137,515.3753161430359,0.0
12,waypoint_37,0.0,0.38323956389577535,-0.7565540276512385,1.0638120569246137,846.3615775108337,0.0
13,waypoint_37,0.0,0.38323956389577535,-0.7565540276512385,1.0638120569246137,466.1630690097809,0.0
14,waypoint_37,0.0,0.38323956389577535,-0.7565540276512385,1.0638120569246137,850.5374193191528,0.0
0,waypoint_37,15.0,0.38323956389577535,-0.7565540276512385,1.0638120569246137,4347.120761871338,0.0
1,waypoint_37,15.0,0.38323956389577535,-0.7565540276512385,1.0638120569246137,3211.0984325408936,0.0
2,waypoint_37,15.0,0.38323956389577535,-0.7565540276512385,1.0638120569246137,3008.8558197021484,0.0
3,waypoint_37,15.0,0.38323956389577535,-0.7565540276512385,1.0638120569246137,1203.8108110427856,0.0
4,waypoint_37,15.0,0.38323956389577535,-0.7565540276512385,1.0638120569246137,1204.7970294952393,0.0
5,waypoint_37,15.0,0.38323956389577535,-0.7565540276512385,1.0638120569246137,1582.3811292648315,0.0
6,waypoint_37,15.0,0.38323956389577535,-0.7565540276512385,1.0638120569246137,2515.3274536132812,0.0
7,waypoint_37,15.0,0.38323956389577535,-0.7565540276512385,1.0638120569246137,1505.6935548782349,0.0
8,waypoint_37,15.0,0.38323956389577535,-0.7565540276512385,1.0638120569246137,460.87372303009033,0.0
9,waypoint_37,15.0,0.38323956389577535,-0.7565540276512385,1.0638120569246137,459.2193365097046,0.0
10,waypoint_37,15.0,0.38323956389577535,-0.7565540276512385,1.0638120569246137,563.5955929756165,0.0
11,waypoint_37,15.0,0.38323956389577535,-0.7565540276512385,1.0638120569246137,506.40803575515747,0.0
12,waypoint_37,15.0,0.38323956389577535,-0.7565540276512385,1.0638120569246137,831.0986757278442,0.0
13,waypoint_37,15.0,0.38323956389577535,-0.7565540276512385,1.0638120569246137,463.3306562900543,0.0
14,waypoint_37,15.0,0.38323956389577535,-0.7565540276512385,1.0638120569246137,749.9067783355713,0.0
0,waypoint_37,30.0,0.38323956389577535,-0.7565540276512385,1.0638120569246137,4338.2248878479,0.0
1,waypoint_37,30.0,0.38323956389577535,-0.7565540276512385,1.0638120569246137,3214.812994003296,0.0
2,waypoint_37,30.0,0.38323956389577535,-0.7565540276512385,1.0638120569246137,2931.518316268921,0.0
3,waypoint_37,30.0,0.38323956389577535,-0.7565540276512385,1.0638120569246137,1200.3604173660278,0.0
4,waypoint_37,30.0,0.38323956389577535,-0.7565540276512385,1.0638120569246137,1207.5644731521606,0.0
5,waypoint_37,30.0,0.38323956389577535,-0.7565540276512385,1.0638120569246137,1667.7080392837524,0.0
6,waypoint_37,30.0,0.38323956389577535,-0.7565540276512385,1.0638120569246137,2427.7868270874023,0.0
7,waypoint_37,30.0,0.38323956389577535,-0.7565540276512385,1.0638120569246137,1205.5693864822388,0.0
8,waypoint_37,30.0,0.38323956389577535,-0.7565540276512385,1.0638120569246137,449.6897757053375,0.0
9,waypoint_37,30.0,0.38323956389577535,-0.7565540276512385,1.0638120569246137,456.0154676437378,0.0
10,waypoint_37,30.0,0.38323956389577535,-0.7565540276512385,1.0638120569246137,600.372850894928,0.0
11,waypoint_37,30.0,0.38323956389577535,-0.7565540276512385,1.0638120569246137,541.3468480110168,0.0
12,waypoint_37,30.0,0.38323956389577535,-0.7565540276512385,1.0638120569246137,818.5608386993408,0.0
13,waypoint_37,30.0,0.38323956389577535,-0.7565540276512385,1.0638120569246137,513.8546824455261,0.0
14,waypoint_37,30.0,0.38323956389577535,-0.7565540276512385,1.0638120569246137,769.1610455513,0.0
0,waypoint_38,30.0,0.40323956389577514,-0.7565540276512385,1.0638120569246137,4398.072242736816,0.0
1,waypoint_38,30.0,0.40323956389577514,-0.7565540276512385,1.0638120569246137,3216.186285018921,0.0
2,waypoint_38,30.0,0.40323956389577514,-0.7565540276512385,1.0638120569246137,2985.7091903686523,0.0
3,waypoint_38,30.0,0.40323956389577514,-0.7565540276512385,1.0638120569246137,1198.3122825622559,0.0
4,waypoint_38,30.0,0.40323956389577514,-0.7565540276512385,1.0638120569246137,1186.276912689209,0.0
5,waypoint_38,30.0,0.40323956389577514,-0.7565540276512385,1.0638120569246137,1660.125494003296,0.0
6,waypoint_38,30.0,0.40323956389577514,-0.7565540276512385,1.0638120569246137,2504.3838024139404,0.0
7,waypoint_38,30.0,0.40323956389577514,-0.7565540276512385,1.0638120569246137,1148.473858833313,0.0
8,waypoint_38,30.0,0.40323956389577514,-0.7565540276512385,1.0638120569246137,467.6664173603058,0.0
9,waypoint_38,30.0,0.40323956389577514,-0.7565540276512385,1.0638120569246137,457.83981680870056,0.0
10,waypoint_38,30.0,0.40323956389577514,-0.7565540276512385,1.0638120569246137,597.51296043396,0.0
11,waypoint_38,30.0,0.40323956389577514,-0.7565540276512385,1.0638120569246137,556.3850998878479,0.0
12,waypoint_38,30.0,0.40323956389577514,-0.7565540276512385,1.0638120569246137,833.4743976593018,0.0
13,waypoint_38,30.0,0.40323956389577514,-0.7565540276512385,1.0638120569246137,563.5557770729065,0.0
14,waypoint_38,30.0,0.40323956389577514,-0.7565540276512385,1.0638120569246137,782.6206684112549,0.0
0,waypoint_38,15.0,0.40323956389577514,-0.7565540276512385,1.0638120569246137,4358.761787414551,0.0
1,waypoint_38,15.0,0.40323956389577514,-0.7565540276512385,1.0638120569246137,3212.5144004821777,0.0
2,waypoint_38,15.0,0.40323956389577514,-0.7565540276512385,1.0638120569246137,2972.400665283203,0.0
3,waypoint_38,15.0,0.40323956389577514,-0.7565540276512385,1.0638120569246137,1193.3457851409912,0.0
4,waypoint_38,15.0,0.40323956389577514,-0.7565540276512385,1.0638120569246137,1188.184142112732,0.0
5,waypoint_38,15.0,0.40323956389577514,-0.7565540276512385,1.0638120569246137,1574.8405456542969,0.0
6,waypoint_38,15.0,0.40323956389577514,-0.7565540276512385,1.0638120569246137,2453.8369178771973,0.0
7,waypoint_38,15.0,0.40323956389577514,-0.7565540276512385,1.0638120569246137,1379.7391653060913,0.0
8,waypoint_38,15.0,0.40323956389577514,-0.7565540276512385,1.0638120569246137,479.4774651527405,0.0
9,waypoint_38,15.0,0.40323956389577514,-0.7565540276512385,1.0638120569246137,446.5956389904022,0.0
10,waypoint_38,15.0,0.40323956389577514,-0.7565540276512385,1.0638120569246137,611.0371947288513,0.0
11,waypoint_38,15.0,0.40323956389577514,-0.7565540276512385,1.0638120569246137,549.94136095047,0.0
12,waypoint_38,15.0,0.40323956389577514,-0.7565540276512385,1.0638120569246137,845.8867073059082,0.0
13,waypoint_38,15.0,0.40323956389577514,-0.7565540276512385,1.0638120569246137,490.9765124320984,0.0
14,waypoint_38,15.0,0.40323956389577514,-0.7565540276512385,1.0638120569246137,684.2986345291138,0.0
0,waypoint_38,0.0,0.40323956389577514,-0.7565540276512385,1.0638120569246137,4333.797931671143,0.0
1,waypoint_38,0.0,0.40323956389577514,-0.7565540276512385,1.0638120569246137,3209.1963291168213,0.0
2,waypoint_38,0.0,0.40323956389577514,-0.7565540276512385,1.0638120569246137,2911.501407623291,0.0
3,waypoint_38,0.0,0.40323956389577514,-0.7565540276512385,1.0638120569246137,1196.2382793426514,0.0
4,waypoint_38,0.0,0.40323956389577514,-0.7565540276512385,1.0638120569246137,1181.3973188400269,0.0
5,waypoint_38,0.0,0.40323956389577514,-0.7565540276512385,1.0638120569246137,1731.3413619995117,0.0
6,waypoint_38,0.0,0.40323956389577514,-0.7565540276512385,1.0638120569246137,2473.0899333953857,0.0
7,waypoint_38,0.0,0.40323956389577514,-0.7565540276512385,1.0638120569246137,1442.3671960830688,0.0
8,waypoint_38,0.0,0.40323956389577514,-0.7565540276512385,1.0638120569246137,435.9232783317566,0.0
9,waypoint_38,0.0,0.40323956389577514,-0.7565540276512385,1.0638120569246137,432.50972032546997,0.0
10,waypoint_38,0.0,0.40323956389577514,-0.7565540276512385,1.0638120569246137,560.6484413146973,0.0
11,waypoint_38,0.0,0.40323956389577514,-0.7565540276512385,1.0638120569246137,533.3909392356873,0.0
12,waypoint_38,0.0,0.40323956389577514,-0.7565540276512385,1.0638120569246137,861.1151576042175,0.0
13,waypoint_38,0.0,0.40323956389577514,-0.7565540276512385,1.0638120569246137,484.0846061706543,0.0
14,waypoint_38,0.0,0.40323956389577514,-0.7565540276512385,1.0638120569246137,860.9416484832764,0.0
0,waypoint_38,-15.0,0.40323956389577514,-0.7565540276512385,1.0638120569246137,4330.850124359131,0.0
1,waypoint_38,-15.0,0.40323956389577514,-0.7565540276512385,1.0638120569246137,3207.2250843048096,0.0
2,waypoint_38,-15.0,0.40323956389577514,-0.7565540276512385,1.0638120569246137,2955.731153488159,0.0
3,waypoint_38,-15.0,0.40323956389577514,-0.7565540276512385,1.0638120569246137,1181.519627571106,0.0
4,waypoint_38,-15.0,0.40323956389577514,-0.7565540276512385,1.0638120569246137,1182.7908754348755,0.0
5,waypoint_38,-15.0,0.40323956389577514,-0.7565540276512385,1.0638120569246137,2155.9858322143555,0.0
6,waypoint_38,-15.0,0.40323956389577514,-0.7565540276512385,1.0638120569246137,2424.893379211426,0.0
7,waypoint_38,-15.0,0.40323956389577514,-0.7565540276512385,1.0638120569246137,1540.1208400726318,0.0
8,waypoint_38,-15.0,0.40323956389577514,-0.7565540276512385,1.0638120569246137,420.5676019191742,0.0
9,waypoint_38,-15.0,0.40323956389577514,-0.7565540276512385,1.0638120569246137,420.63450813293457,0.0
10,waypoint_38,-15.0,0.40323956389577514,-0.7565540276512385,1.0638120569246137,537.0460748672485,0.0
11,waypoint_38,-15.0,0.40323956389577514,-0.7565540276512385,1.0638120569246137,507.4857473373413,0.0
12,waypoint_38,-15.0,0.40323956389577514,-0.7565540276512385,1.0638120569246137,877.0382404327393,0.0
13,waypoint_38,-15.0,0.40323956389577514,-0.7565540276512385,1.0638120569246137,438.32075595855713,0.0
14,waypoint_38,-15.0,0.40323956389577514,-0.7565540276512385,1.0638120569246137,938.0595684051514,0.0
0,waypoint_38,-30.0,0.40323956389577514,-0.7565540276512385,1.0638120569246137,4345.372200012207,0.0
1,waypoint_38,-30.0,0.40323956389577514,-0.7565540276512385,1.0638120569246137,3207.481622695923,0.0
2,waypoint_38,-30.0,0.40323956389577514,-0.7565540276512385,1.0638120569246137,2878.554344177246,0.0
3,waypoint_38,-30.0,0.40323956389577514,-0.7565540276512385,1.0638120569246137,1026.9843339920044,0.0
4,waypoint_38,-30.0,0.40323956389577514,-0.7565540276512385,1.0638120569246137,1185.5040788650513,0.0
5,waypoint_38,-30.0,0.40323956389577514,-0.7565540276512385,1.0638120569246137,2192.3060417175293,0.0
6,waypoint_38,-30.0,0.40323956389577514,-0.7565540276512385,1.0638120569246137,2449.3539333343506,0.0
7,waypoint_38,-30.0,0.40323956389577514,-0.7565540276512385,1.0638120569246137,1358.0068349838257,0.0
8,waypoint_38,-30.0,0.40323956389577514,-0.7565540276512385,1.0638120569246137,397.13776111602783,0.0
9,waypoint_38,-30.0,0.40323956389577514,-0.7565540276512385,1.0638120569246137,399.6387720108032,0.0
10,waypoint_38,-30.0,0.40323956389577514,-0.7565540276512385,1.0638120569246137,539.2156839370728,0.0
11,waypoint_38,-30.0,0.40323956389577514,-0.7565540276512385,1.0638120569246137,477.7754545211792,0.0
12,waypoint_38,-30.0,0.40323956389577514,-0.7565540276512385,1.0638120569246137,897.4826335906982,0.0
13,waypoint_38,-30.0,0.40323956389577514,-0.7565540276512385,1.0638120569246137,383.37188959121704,0.0
14,waypoint_38,-30.0,0.40323956389577514,-0.7565540276512385,1.0638120569246137,952.755331993103,0.0
0,waypoint_39,-30.0,0.4232395638957754,-0.7565540276512385,1.0638120569246137,4311.254978179932,0.0
1,waypoint_39,-30.0,0.4232395638957754,-0.7565540276512385,1.0638120569246137,3209.3396186828613,0.0
2,waypoint_39,-30.0,0.4232395638957754,-0.7565540276512385,1.0638120569246137,2841.488838195801,0.0
3,waypoint_39,-30.0,0.4232395638957754,-0.7565540276512385,1.0638120569246137,1016.3464546203613,0.0
4,waypoint_39,-30.0,0.4232395638957754,-0.7565540276512385,1.0638120569246137,1165.5431985855103,0.0
5,waypoint_39,-30.0,0.4232395638957754,-0.7565540276512385,1.0638120569246137,2189.0206336975098,0.0
6,waypoint_39,-30.0,0.4232395638957754,-0.7565540276512385,1.0638120569246137,2506.7696571350098,0.0
7,waypoint_39,-30.0,0.4232395638957754,-0.7565540276512385,1.0638120569246137,1469.0866470336914,0.0
8,waypoint_39,-30.0,0.4232395638957754,-0.7565540276512385,1.0638120569246137,408.8189899921417,0.0
9,waypoint_39,-30.0,0.4232395638957754,-0.7565540276512385,1.0638120569246137,410.4820787906647,0.0
10,waypoint_39,-30.0,0.4232395638957754,-0.7565540276512385,1.0638120569246137,549.0728616714478,0.0
11,waypoint_39,-30.0,0.4232395638957754,-0.7565540276512385,1.0638120569246137,495.8442449569702,0.0
12,waypoint_39,-30.0,0.4232395638957754,-0.7565540276512385,1.0638120569246137,911.8566513061523,0.0
13,waypoint_39,-30.0,0.4232395638957754,-0.7565540276512385,1.0638120569246137,370.09596824645996,0.0
14,waypoint_39,-30.0,0.4232395638957754,-0.7565540276512385,1.0638120569246137,985.6954216957092,0.0
0,waypoint_39,-15.0,0.4232395638957754,-0.7565540276512385,1.0638120569246137,4362.259864807129,0.0
1,waypoint_39,-15.0,0.4232395638957754,-0.7565540276512385,1.0638120569246137,3208.9405059814453,0.0
2,waypoint_39,-15.0,0.4232395638957754,-0.7565540276512385,1.0638120569246137,2803.981065750122,0.0
3,waypoint_39,-15.0,0.4232395638957754,-0.7565540276512385,1.0638120569246137,1174.1883754730225,0.0
4,waypoint_39,-15.0,0.4232395638957754,-0.7565540276512385,1.0638120569246137,1163.8166904449463,0.0
5,waypoint_39,-15.0,0.4232395638957754,-0.7565540276512385,1.0638120569246137,2154.170036315918,0.0
6,waypoint_39,-15.0,0.4232395638957754,-0.7565540276512385,1.0638120569246137,2484.8759174346924,0.0
7,waypoint_39,-15.0,0.4232395638957754,-0.7565540276512385,1.0638120569246137,1353.425145149231,0.0
8,waypoint_39,-15.0,0.4232395638957754,-0.7565540276512385,1.0638120569246137,421.31397128105164,0.0
9,waypoint_39,-15.0,0.4232395638957754,-0.7565540276512385,1.0638120569246137,423.5769212245941,0.0
10,waypoint_39,-15.0,0.4232395638957754,-0.7565540276512385,1.0638120569246137,536.7595553398132,0.0
11,waypoint_39,-15.0,0.4232395638957754,-0.7565540276512385,1.0638120569246137,497.3383843898773,0.0
12,waypoint_39,-15.0,0.4232395638957754,-0.7565540276512385,1.0638120569246137,891.6935324668884,0.0
13,waypoint_39,-15.0,0.4232395638957754,-0.7565540276512385,1.0638120569246137,382.66533613204956,0.0
14,waypoint_39,-15.0,0.4232395638957754,-0.7565540276512385,1.0638120569246137,928.3420443534851,0.0
0,waypoint_39,0.0,0.4232395638957754,-0.7565540276512385,1.0638120569246137,4321.340560913086,0.0
1,waypoint_39,0.0,0.4232395638957754,-0.7565540276512385,1.0638120569246137,3210.7901573181152,0.0
2,waypoint_39,0.0,0.4232395638957754,-0.7565540276512385,1.0638120569246137,2938.5712146759033,0.0
3,waypoint_39,0.0,0.4232395638957754,-0.7565540276512385,1.0638120569246137,1159.482479095459,0.0
4,waypoint_39,0.0,0.4232395638957754,-0.7565540276512385,1.0638120569246137,1171.6474294662476,0.0
5,waypoint_39,0.0,0.4232395638957754,-0.7565540276512385,1.0638120569246137,2074.753999710083,0.0
6,waypoint_39,0.0,0.4232395638957754,-0.7565540276512385,1.0638120569246137,2388.859272003174,0.0
7,waypoint_39,0.0,0.4232395638957754,-0.7565540276512385,1.0638120569246137,1013.5419368743896,0.0
8,waypoint_39,0.0,0.4232395638957754,-0.7565540276512385,1.0638120569246137,447.0454454421997,0.0
9,waypoint_39,0.0,0.4232395638957754,-0.7565540276512385,1.0638120569246137,441.1536157131195,0.0
10,waypoint_39,0.0,0.4232395638957754,-0.7565540276512385,1.0638120569246137,476.22767090797424,0.0
11,waypoint_39,0.0,0.4232395638957754,-0.7565540276512385,1.0638120569246137,530.9633016586304,0.0
12,waypoint_39,0.0,0.4232395638957754,-0.7565540276512385,1.0638120569246137,876.9439458847046,0.0
13,waypoint_39,0.0,0.4232395638957754,-0.7565540276512385,1.0638120569246137,502.16877460479736,0.0
14,waypoint_39,0.0,0.4232395638957754,-0.7565540276512385,1.0638120569246137,844.6104526519775,0.0
0,waypoint_39,15.0,0.4232395638957754,-0.7565540276512385,1.0638120569246137,4333.425521850586,0.0
1,waypoint_39,15.0,0.4232395638957754,-0.7565540276512385,1.0638120569246137,3214.0252590179443,0.0
2,waypoint_39,15.0,0.4232395638957754,-0.7565540276512385,1.0638120569246137,2949.4550228118896,0.0
3,waypoint_39,15.0,0.4232395638957754,-0.7565540276512385,1.0638120569246137,1181.188941001892,0.0
4,waypoint_39,15.0,0.4232395638957754,-0.7565540276512385,1.0638120569246137,1168.9269542694092,0.0
5,waypoint_39,15.0,0.4232395638957754,-0.7565540276512385,1.0638120569246137,1567.4909353256226,0.0
6,waypoint_39,15.0,0.4232395638957754,-0.7565540276512385,1.0638120569246137,2336.303949356079,0.0
7,waypoint_39,15.0,0.4232395638957754,-0.7565540276512385,1.0638120569246137,1489.9944067001343,0.0
8,waypoint_39,15.0,0.4232395638957754,-0.7565540276512385,1.0638120569246137,471.22183442115784,0.0
9,waypoint_39,15.0,0.4232395638957754,-0.7565540276512385,1.0638120569246137,456.8597376346588,0.0
10,waypoint_39,15.0,0.4232395638957754,-0.7565540276512385,1.0638120569246137,490.91434478759766,0.0
11,waypoint_39,15.0,0.4232395638957754,-0.7565540276512385,1.0638120569246137,532.7185392379761,0.0
12,waypoint_39,15.0,0.4232395638957754,-0.7565540276512385,1.0638120569246137,861.7694973945618,0.0
13,waypoint_39,15.0,0.4232395638957754,-0.7565540276512385,1.0638120569246137,486.8970513343811,0.0
14,waypoint_39,15.0,0.4232395638957754,-0.7565540276512385,1.0638120569246137,800.1925945281982,0.0
0,waypoint_39,30.0,0.4232395638957754,-0.7565540276512385,1.0638120569246137,4343.932151794434,0.0
1,waypoint_39,30.0,0.4232395638957754,-0.7565540276512385,1.0638120569246137,3217.665910720825,0.0
2,waypoint_39,30.0,0.4232395638957754,-0.7565540276512385,1.0638120569246137,2963.911533355713,0.0
3,waypoint_39,30.0,0.4232395638957754,-0.7565540276512385,1.0638120569246137,1159.5996618270874,0.0
4,waypoint_39,30.0,0.4232395638957754,-0.7565540276512385,1.0638120569246137,1164.9205684661865,0.0
5,waypoint_39,30.0,0.4232395638957754,-0.7565540276512385,1.0638120569246137,1652.7236700057983,0.0
6,waypoint_39,30.0,0.4232395638957754,-0.7565540276512385,1.0638120569246137,2434.018611907959,0.0
7,waypoint_39,30.0,0.4232395638957754,-0.7565540276512385,1.0638120569246137,1188.4878873825073,0.0
8,waypoint_39,30.0,0.4232395638957754,-0.7565540276512385,1.0638120569246137,457.1326673030853,0.0
9,waypoint_39,30.0,0.4232395638957754,-0.7565540276512385,1.0638120569246137,445.67233324050903,0.0
10,waypoint_39,30.0,0.4232395638957754,-0.7565540276512385,1.0638120569246137,493.31390857696533,0.0
11,waypoint_39,30.0,0.4232395638957754,-0.7565540276512385,1.0638120569246137,585.9044194221497,0.0
12,waypoint_39,30.0,0.4232395638957754,-0.7565540276512385,1.0638120569246137,849.5169281959534,0.0
13,waypoint_39,30.0,0.4232395638957754,-0.7565540276512385,1.0638120569246137,560.8600974082947,0.0
14,waypoint_39,30.0,0.4232395638957754,-0.7565540276512385,1.0638120569246137,796.4869737625122,0.0
0,waypoint_40,30.0,0.4432395638957752,-0.7565540276512385,1.0638120569246137,4377.154350280762,0.0
1,waypoint_40,30.0,0.4432395638957752,-0.7565540276512385,1.0638120569246137,3219.2471027374268,0.0
2,waypoint_40,30.0,0.4432395638957752,-0.7565540276512385,1.0638120569246137,2955.665349960327,0.0
3,waypoint_40,30.0,0.4432395638957752,-0.7565540276512385,1.0638120569246137,1146.347165107727,0.0
4,waypoint_40,30.0,0.4432395638957752,-0.7565540276512385,1.0638120569246137,1142.6877975463867,0.0
5,waypoint_40,30.0,0.4432395638957752,-0.7565540276512385,1.0638120569246137,1645.4918384552002,0.0
6,waypoint_40,30.0,0.4432395638957752,-0.7565540276512385,1.0638120569246137,2529.885768890381,0.0
7,waypoint_40,30.0,0.4432395638957752,-0.7565540276512385,1.0638120569246137,1167.6695346832275,0.0
8,waypoint_40,30.0,0.4432395638957752,-0.7565540276512385,1.0638120569246137,476.2227535247803,0.0
9,waypoint_40,30.0,0.4432395638957752,-0.7565540276512385,1.0638120569246137,463.7420177459717,0.0
10,waypoint_40,30.0,0.4432395638957752,-0.7565540276512385,1.0638120569246137,463.42864632606506,0.0
11,waypoint_40,30.0,0.4432395638957752,-0.7565540276512385,1.0638120569246137,606.5860390663147,0.0
12,waypoint_40,30.0,0.4432395638957752,-0.7565540276512385,1.0638120569246137,864.8973703384399,0.0
13,waypoint_40,30.0,0.4432395638957752,-0.7565540276512385,1.0638120569246137,569.3181157112122,0.0
14,waypoint_40,30.0,0.4432395638957752,-0.7565540276512385,1.0638120569246137,765.5854225158691,0.0
0,waypoint_40,15.0,0.4432395638957752,-0.7565540276512385,1.0638120569246137,4387.0415687561035,0.0
1,waypoint_40,15.0,0.4432395638957752,-0.7565540276512385,1.0638120569246137,3215.6496047973633,0.0
2,waypoint_40,15.0,0.4432395638957752,-0.7565540276512385,1.0638120569246137,2899.6872901916504,0.0
3,waypoint_40,15.0,0.4432395638957752,-0.7565540276512385,1.0638120569246137,1167.993664741516,0.0
4,waypoint_40,15.0,0.4432395638957752,-0.7565540276512385,1.0638120569246137,1144.7986364364624,0.0
5,waypoint_40,15.0,0.4432395638957752,-0.7565540276512385,1.0638120569246137,1560.3076219558716,0.0
6,waypoint_40,15.0,0.4432395638957752,-0.7565540276512385,1.0638120569246137,2269.805431365967,0.0
7,waypoint_40,15.0,0.4432395638957752,-0.7565540276512385,1.0638120569246137,1484.8296642303467,0.0
8,waypoint_40,15.0,0.4432395638957752,-0.7565540276512385,1.0638120569246137,491.39630794525146,0.0
9,waypoint_40,15.0,0.4432395638957752,-0.7565540276512385,1.0638120569246137,476.1424958705902,0.0
10,waypoint_40,15.0,0.4432395638957752,-0.7565540276512385,1.0638120569246137,466.06236696243286,0.0
11,waypoint_40,15.0,0.4432395638957752,-0.7565540276512385,1.0638120569246137,586.1936807632446,0.0
12,waypoint_40,15.0,0.4432395638957752,-0.7565540276512385,1.0638120569246137,877.1386742591858,0.0
13,waypoint_40,15.0,0.4432395638957752,-0.7565540276512385,1.0638120569246137,519.6475982666016,0.0
14,waypoint_40,15.0,0.4432395638957752,-0.7565540276512385,1.0638120569246137,743.5396313667297,0.0
0,waypoint_40,0.0,0.4432395638957752,-0.7565540276512385,1.0638120569246137,4404.181480407715,0.0
1,waypoint_40,0.0,0.4432395638957752,-0.7565540276512385,1.0638120569246137,3212.493658065796,0.0
2,waypoint_40,0.0,0.4432395638957752,-0.7565540276512385,1.0638120569246137,2941.9620037078857,0.0
3,waypoint_40,0.0,0.4432395638957752,-0.7565540276512385,1.0638120569246137,1150.01380443573,0.0
4,waypoint_40,0.0,0.4432395638957752,-0.7565540276512385,1.0638120569246137,1150.9448289871216,0.0
5,waypoint_40,0.0,0.4432395638957752,-0.7565540276512385,1.0638120569246137,1701.657772064209,0.0
6,waypoint_40,0.0,0.4432395638957752,-0.7565540276512385,1.0638120569246137,2455.1026821136475,0.0
7,waypoint_40,0.0,0.4432395638957752,-0.7565540276512385,1.0638120569246137,1437.5221729278564,0.0
8,waypoint_40,0.0,0.4432395638957752,-0.7565540276512385,1.0638120569246137,454.8482298851013,0.0
9,waypoint_40,0.0,0.4432395638957752,-0.7565540276512385,1.0638120569246137,438.41537833213806,0.0
10,waypoint_40,0.0,0.4432395638957752,-0.7565540276512385,1.0638120569246137,453.3897936344147,0.0
11,waypoint_40,0.0,0.4432395638957752,-0.7565540276512385,1.0638120569246137,550.1733422279358,0.0
12,waypoint_40,0.0,0.4432395638957752,-0.7565540276512385,1.0638120569246137,891.0356760025024,0.0
13,waypoint_40,0.0,0.4432395638957752,-0.7565540276512385,1.0638120569246137,515.5644416809082,0.0
14,waypoint_40,0.0,0.4432395638957752,-0.7565540276512385,1.0638120569246137,742.4291968345642,0.0
0,waypoint_40,-15.0,0.4432395638957752,-0.7565540276512385,1.0638120569246137,4370.905876159668,0.0
1,waypoint_40,-15.0,0.4432395638957752,-0.7565540276512385,1.0638120569246137,3210.7620239257812,0.0
2,waypoint_40,-15.0,0.4432395638957752,-0.7565540276512385,1.0638120569246137,2923.870086669922,0.0
3,waypoint_40,-15.0,0.4432395638957752,-0.7565540276512385,1.0638120569246137,1130.0833225250244,0.0
4,waypoint_40,-15.0,0.4432395638957752,-0.7565540276512385,1.0638120569246137,1147.3968029022217,0.0
5,waypoint_40,-15.0,0.4432395638957752,-0.7565540276512385,1.0638120569246137,2149.6682167053223,0.0
6,waypoint_40,-15.0,0.4432395638957752,-0.7565540276512385,1.0638120569246137,2410.4580879211426,0.0
7,waypoint_40,-15.0,0.4432395638957752,-0.7565540276512385,1.0638120569246137,1237.3332977294922,0.0
8,waypoint_40,-15.0,0.4432395638957752,-0.7565540276512385,1.0638120569246137,450.0895142555237,0.0
9,waypoint_40,-15.0,0.4432395638957752,-0.7565540276512385,1.0638120569246137,424.59210753440857,0.0
10,waypoint_40,-15.0,0.4432395638957752,-0.7565540276512385,1.0638120569246137,442.1822428703308,0.0
11,waypoint_40,-15.0,0.4432395638957752,-0.7565540276512385,1.0638120569246137,525.5804061889648,0.0
12,waypoint_40,-15.0,0.4432395638957752,-0.7565540276512385,1.0638120569246137,906.7383408546448,0.0
13,waypoint_40,-15.0,0.4432395638957752,-0.7565540276512385,1.0638120569246137,461.1681401729584,0.0
14,waypoint_40,-15.0,0.4432395638957752,-0.7565540276512385,1.0638120569246137,969.1791534423828,0.0
0,waypoint_40,-30.0,0.4432395638957752,-0.7565540276512385,1.0638120569246137,4328.599452972412,0.0
1,waypoint_40,-30.0,0.4432395638957752,-0.7565540276512385,1.0638120569246137,3211.3192081451416,0.0
2,waypoint_40,-30.0,0.4432395638957752,-0.7565540276512385,1.0638120569246137,2821.8111991882324,0.0
3,waypoint_40,-30.0,0.4432395638957752,-0.7565540276512385,1.0638120569246137,1003.6653280258179,0.0
4,waypoint_40,-30.0,0.4432395638957752,-0.7565540276512385,1.0638120569246137,1141.648292541504,0.0
5,waypoint_40,-30.0,0.4432395638957752,-0.7565540276512385,1.0638120569246137,2185.854196548462,0.0
6,waypoint_40,-30.0,0.4432395638957752,-0.7565540276512385,1.0638120569246137,2499.9141693115234,0.0
7,waypoint_40,-30.0,0.4432395638957752,-0.7565540276512385,1.0638120569246137,1169.8821783065796,0.0
8,waypoint_40,-30.0,0.4432395638957752,-0.7565540276512385,1.0638120569246137,444.9429214000702,0.0
9,waypoint_40,-30.0,0.4432395638957752,-0.7565540276512385,1.0638120569246137,401.7411172389984,0.0
10,waypoint_40,-30.0,0.4432395638957752,-0.7565540276512385,1.0638120569246137,447.72395491600037,0.0
11,waypoint_40,-30.0,0.4432395638957752,-0.7565540276512385,1.0638120569246137,521.6943025588989,0.0
12,waypoint_40,-30.0,0.4432395638957752,-0.7565540276512385,1.0638120569246137,926.6676902770996,0.0
13,waypoint_40,-30.0,0.4432395638957752,-0.7565540276512385,1.0638120569246137,447.8416442871094,0.0
14,waypoint_40,-30.0,0.4432395638957752,-0.7565540276512385,1.0638120569246137,1005.3192377090454,0.0
0,waypoint_41,-30.0,0.2632395638957761,-0.7304170035653912,1.056401224630453,4144.07205581665,0.0
1,waypoint_41,-30.0,0.2632395638957761,-0.7304170035653912,1.056401224630453,3171.126127243042,0.0
2,waypoint_41,-30.0,0.2632395638957761,-0.7304170035653912,1.056401224630453,2883.415937423706,0.0
3,waypoint_41,-30.0,0.2632395638957761,-0.7304170035653912,1.056401224630453,1124.2456436157227,0.0
4,waypoint_41,-30.0,0.2632395638957761,-0.7304170035653912,1.056401224630453,1326.6674280166626,0.0
5,waypoint_41,-30.0,0.2632395638957761,-0.7304170035653912,1.056401224630453,2194.0884590148926,0.0
6,waypoint_41,-30.0,0.2632395638957761,-0.7304170035653912,1.056401224630453,2639.1263008117676,0.0
7,waypoint_41,-30.0,0.2632395638957761,-0.7304170035653912,1.056401224630453,1357.3899269104004,0.0
8,waypoint_41,-30.0,0.2632395638957761,-0.7304170035653912,1.056401224630453,273.06878566741943,0.0
9,waypoint_41,-30.0,0.2632395638957761,-0.7304170035653912,1.056401224630453,287.6107096672058,0.0
10,waypoint_41,-30.0,0.2632395638957761,-0.7304170035653912,1.056401224630453,314.26218152046204,0.0
11,waypoint_41,-30.0,0.2632395638957761,-0.7304170035653912,1.056401224630453,286.2350046634674,0.0
12,waypoint_41,-30.0,0.2632395638957761,-0.7304170035653912,1.056401224630453,790.8850908279419,0.0
13,waypoint_41,-30.0,0.2632395638957761,-0.7304170035653912,1.056401224630453,330.1193118095398,0.0
14,waypoint_41,-30.0,0.2632395638957761,-0.7304170035653912,1.056401224630453,960.1792097091675,0.0
0,waypoint_41,-15.0,0.2632395638957761,-0.7304170035653912,1.056401224630453,4211.298942565918,0.0
1,waypoint_41,-15.0,0.2632395638957761,-0.7304170035653912,1.056401224630453,3172.1904277801514,0.0
2,waypoint_41,-15.0,0.2632395638957761,-0.7304170035653912,1.056401224630453,2942.7735805511475,0.0
3,waypoint_41,-15.0,0.2632395638957761,-0.7304170035653912,1.056401224630453,1269.242286682129,0.0
4,waypoint_41,-15.0,0.2632395638957761,-0.7304170035653912,1.056401224630453,1322.3018646240234,0.0
5,waypoint_41,-15.0,0.2632395638957761,-0.7304170035653912,1.056401224630453,2154.3824672698975,0.0
6,waypoint_41,-15.0,0.2632395638957761,-0.7304170035653912,1.056401224630453,2572.6990699768066,0.0
7,waypoint_41,-15.0,0.2632395638957761,-0.7304170035653912,1.056401224630453,1866.7930364608765,0.0
8,waypoint_41,-15.0,0.2632395638957761,-0.7304170035653912,1.056401224630453,291.2914752960205,0.0
9,waypoint_41,-15.0,0.2632395638957761,-0.7304170035653912,1.056401224630453,283.8626503944397,0.0
10,waypoint_41,-15.0,0.2632395638957761,-0.7304170035653912,1.056401224630453,350.10790824890137,0.0
11,waypoint_41,-15.0,0.2632395638957761,-0.7304170035653912,1.056401224630453,413.29705715179443,0.0
12,waypoint_41,-15.0,0.2632395638957761,-0.7304170035653912,1.056401224630453,769.1593766212463,0.0
13,waypoint_41,-15.0,0.2632395638957761,-0.7304170035653912,1.056401224630453,329.78442311286926,0.0
14,waypoint_41,-15.0,0.2632395638957761,-0.7304170035653912,1.056401224630453,885.3998184204102,0.0
0,waypoint_41,0.0,0.2632395638957761,-0.7304170035653912,1.056401224630453,4174.321174621582,0.0
1,waypoint_41,0.0,0.2632395638957761,-0.7304170035653912,1.056401224630453,3175.253391265869,0.0
2,waypoint_41,0.0,0.2632395638957761,-0.7304170035653912,1.056401224630453,2996.4001178741455,0.0
3,waypoint_41,0.0,0.2632395638957761,-0.7304170035653912,1.056401224630453,1296.8034744262695,0.0
4,waypoint_41,0.0,0.2632395638957761,-0.7304170035653912,1.056401224630453,1324.828028678894,0.0
5,waypoint_41,0.0,0.2632395638957761,-0.7304170035653912,1.056401224630453,1699.2689371109009,0.0
6,waypoint_41,0.0,0.2632395638957761,-0.7304170035653912,1.056401224630453,2557.241439819336,0.0
7,waypoint_41,0.0,0.2632395638957761,-0.7304170035653912,1.056401224630453,1516.564965248108,0.0
8,waypoint_41,0.0,0.2632395638957761,-0.7304170035653912,1.056401224630453,424.6801435947418,0.0
9,waypoint_41,0.0,0.2632395638957761,-0.7304170035653912,1.056401224630453,444.9610710144043,0.0
10,waypoint_41,0.0,0.2632395638957761,-0.7304170035653912,1.056401224630453,468.4467911720276,0.0
11,waypoint_41,0.0,0.2632395638957761,-0.7304170035653912,1.056401224630453,407.33602643013,0.0
12,waypoint_41,0.0,0.2632395638957761,-0.7304170035653912,1.056401224630453,752.0949244499207,0.0
13,waypoint_41,0.0,0.2632395638957761,-0.7304170035653912,1.056401224630453,338.8861119747162,0.0
14,waypoint_41,0.0,0.2632395638957761,-0.7304170035653912,1.056401224630453,753.2370090484619,0.0
0,waypoint_41,15.0,0.2632395638957761,-0.7304170035653912,1.056401224630453,4243.153095245361,0.0
1,waypoint_41,15.0,0.2632395638957761,-0.7304170035653912,1.056401224630453,3179.3570518493652,0.0
2,waypoint_41,15.0,0.2632395638957761,-0.7304170035653912,1.056401224630453,3035.7396602630615,0.0
3,waypoint_41,15.0,0.2632395638957761,-0.7304170035653912,1.056401224630453,1279.1883945465088,0.0
4,waypoint_41,15.0,0.2632395638957761,-0.7304170035653912,1.056401224630453,1321.5984106063843,0.0
5,waypoint_41,15.0,0.2632395638957761,-0.7304170035653912,1.056401224630453,1605.1212549209595,0.0
6,waypoint_41,15.0,0.2632395638957761,-0.7304170035653912,1.056401224630453,2399.468421936035,0.0
7,waypoint_41,15.0,0.2632395638957761,-0.7304170035653912,1.056401224630453,1509.7893476486206,0.0
8,waypoint_41,15.0,0.2632395638957761,-0.7304170035653912,1.056401224630453,539.2218232154846,0.0
9,waypoint_41,15.0,0.2632395638957761,-0.7304170035653912,1.056401224630453,522.2690105438232,0.0
10,waypoint_41,15.0,0.2632395638957761,-0.7304170035653912,1.056401224630453,459.41171050071716,0.0
11,waypoint_41,15.0,0.2632395638957761,-0.7304170035653912,1.056401224630453,410.14865040779114,0.0
12,waypoint_41,15.0,0.2632395638957761,-0.7304170035653912,1.056401224630453,736.3415360450745,0.0
13,waypoint_41,15.0,0.2632395638957761,-0.7304170035653912,1.056401224630453,369.75064873695374,0.0
14,waypoint_41,15.0,0.2632395638957761,-0.7304170035653912,1.056401224630453,779.9364328384399,0.0
0,waypoint_41,30.0,0.2632395638957761,-0.7304170035653912,1.056401224630453,4225.13484954834,0.0
1,waypoint_41,30.0,0.2632395638957761,-0.7304170035653912,1.056401224630453,3183.4676265716553,0.0
2,waypoint_41,30.0,0.2632395638957761,-0.7304170035653912,1.056401224630453,3029.9630165100098,0.0
3,waypoint_41,30.0,0.2632395638957761,-0.7304170035653912,1.056401224630453,1343.5280323028564,0.0
4,waypoint_41,30.0,0.2632395638957761,-0.7304170035653912,1.056401224630453,1327.771782875061,0.0
5,waypoint_41,30.0,0.2632395638957761,-0.7304170035653912,1.056401224630453,1693.0832862854004,0.0
6,waypoint_41,30.0,0.2632395638957761,-0.7304170035653912,1.056401224630453,2454.8709392547607,0.0
7,waypoint_41,30.0,0.2632395638957761,-0.7304170035653912,1.056401224630453,1330.9552669525146,0.0
8,waypoint_41,30.0,0.2632395638957761,-0.7304170035653912,1.056401224630453,579.9341201782227,0.0
9,waypoint_41,30.0,0.2632395638957761,-0.7304170035653912,1.056401224630453,556.260883808136,0.0
10,waypoint_41,30.0,0.2632395638957761,-0.7304170035653912,1.056401224630453,548.4008193016052,0.0
11,waypoint_41,30.0,0.2632395638957761,-0.7304170035653912,1.056401224630453,501.37126445770264,0.0
12,waypoint_41,30.0,0.2632395638957761,-0.7304170035653912,1.056401224630453,723.0106592178345,0.0
13,waypoint_41,30.0,0.2632395638957761,-0.7304170035653912,1.056401224630453,528.1834602355957,0.0
14,waypoint_41,30.0,0.2632395638957761,-0.7304170035653912,1.056401224630453,630.061149597168,0.0
0,waypoint_42,30.0,0.28323956389577565,-0.7304170035653912,1.056401224630453,4281.754970550537,0.0
1,waypoint_42,30.0,0.28323956389577565,-0.7304170035653912,1.056401224630453,3184.211015701294,0.0
2,waypoint_42,30.0,0.28323956389577565,-0.7304170035653912,1.056401224630453,3018.979787826538,0.0
3,waypoint_42,30.0,0.28323956389577565,-0.7304170035653912,1.056401224630453,1235.7017993927002,0.0
4,waypoint_42,30.0,0.28323956389577565,-0.7304170035653912,1.056401224630453,1305.9765100479126,0.0
5,waypoint_42,30.0,0.28323956389577565,-0.7304170035653912,1.056401224630453,1684.437870979309,0.0
6,waypoint_42,30.0,0.28323956389577565,-0.7304170035653912,1.056401224630453,2504.612445831299,0.0
7,waypoint_42,30.0,0.28323956389577565,-0.7304170035653912,1.056401224630453,1341.6029214859009,0.0
8,waypoint_42,30.0,0.28323956389577565,-0.7304170035653912,1.056401224630453,614.21138048172,0.0
9,waypoint_42,30.0,0.28323956389577565,-0.7304170035653912,1.056401224630453,563.569962978363,0.0
10,waypoint_42,30.0,0.28323956389577565,-0.7304170035653912,1.056401224630453,556.1025142669678,0.0
11,waypoint_42,30.0,0.28323956389577565,-0.7304170035653912,1.056401224630453,489.9953305721283,0.0
12,waypoint_42,30.0,0.28323956389577565,-0.7304170035653912,1.056401224630453,736.6334199905396,0.0
13,waypoint_42,30.0,0.28323956389577565,-0.7304170035653912,1.056401224630453,527.0317792892456,0.0
14,waypoint_42,30.0,0.28323956389577565,-0.7304170035653912,1.056401224630453,655.2797555923462,0.0
0,waypoint_42,15.0,0.28323956389577565,-0.7304170035653912,1.056401224630453,4269.27375793457,0.0
1,waypoint_42,15.0,0.28323956389577565,-0.7304170035653912,1.056401224630453,3180.121421813965,0.0
2,waypoint_42,15.0,0.28323956389577565,-0.7304170035653912,1.056401224630453,3021.158218383789,0.0
3,waypoint_42,15.0,0.28323956389577565,-0.7304170035653912,1.056401224630453,1267.7149772644043,0.0
4,waypoint_42,15.0,0.28323956389577565,-0.7304170035653912,1.056401224630453,1304.6225309371948,0.0
5,waypoint_42,15.0,0.28323956389577565,-0.7304170035653912,1.056401224630453,1596.4242219924927,0.0
6,waypoint_42,15.0,0.28323956389577565,-0.7304170035653912,1.056401224630453,2635.030508041382,0.0
7,waypoint_42,15.0,0.28323956389577565,-0.7304170035653912,1.056401224630453,1551.1236190795898,0.0
8,waypoint_42,15.0,0.28323956389577565,-0.7304170035653912,1.056401224630453,592.1828746795654,0.0
9,waypoint_42,15.0,0.28323956389577565,-0.7304170035653912,1.056401224630453,554.3383359909058,0.0
10,waypoint_42,15.0,0.28323956389577565,-0.7304170035653912,1.056401224630453,493.2593107223511,0.0
11,waypoint_42,15.0,0.28323956389577565,-0.7304170035653912,1.056401224630453,435.8797073364258,0.0
12,waypoint_42,15.0,0.28323956389577565,-0.7304170035653912,1.056401224630453,749.8202919960022,0.0
13,waypoint_42,15.0,0.28323956389577565,-0.7304170035653912,1.056401224630453,398.63163232803345,0.0
14,waypoint_42,15.0,0.28323956389577565,-0.7304170035653912,1.056401224630453,809.2123866081238,0.0
0,waypoint_42,0.0,0.28323956389577565,-0.7304170035653912,1.056401224630453,4184.66329574585,0.0
1,waypoint_42,0.0,0.28323956389577565,-0.7304170035653912,1.056401224630453,3176.0833263397217,0.0
2,waypoint_42,0.0,0.28323956389577565,-0.7304170035653912,1.056401224630453,3061.161994934082,0.0
3,waypoint_42,0.0,0.28323956389577565,-0.7304170035653912,1.056401224630453,1256.2108039855957,0.0
4,waypoint_42,0.0,0.28323956389577565,-0.7304170035653912,1.056401224630453,1306.0272932052612,0.0
5,waypoint_42,0.0,0.28323956389577565,-0.7304170035653912,1.056401224630453,1706.7211866378784,0.0
6,waypoint_42,0.0,0.28323956389577565,-0.7304170035653912,1.056401224630453,2680.3622245788574,0.0
7,waypoint_42,0.0,0.28323956389577565,-0.7304170035653912,1.056401224630453,1548.5765933990479,0.0
8,waypoint_42,0.0,0.28323956389577565,-0.7304170035653912,1.056401224630453,537.0873808860779,0.0
9,waypoint_42,0.0,0.28323956389577565,-0.7304170035653912,1.056401224630453,524.6614217758179,0.0
10,waypoint_42,0.0,0.28323956389577565,-0.7304170035653912,1.056401224630453,482.8445017337799,0.0
11,waypoint_42,0.0,0.28323956389577565,-0.7304170035653912,1.056401224630453,426.3707995414734,0.0
12,waypoint_42,0.0,0.28323956389577565,-0.7304170035653912,1.056401224630453,765.7896280288696,0.0
13,waypoint_42,0.0,0.28323956389577565,-0.7304170035653912,1.056401224630453,381.6157281398773,0.0
14,waypoint_42,0.0,0.28323956389577565,-0.7304170035653912,1.056401224630453,840.8288359642029,0.0
0,waypoint_42,-15.0,0.28323956389577565,-0.7304170035653912,1.056401224630453,4179.600238800049,0.0
1,waypoint_42,-15.0,0.28323956389577565,-0.7304170035653912,1.056401224630453,3173.1181144714355,0.0
2,waypoint_42,-15.0,0.28323956389577565,-0.7304170035653912,1.056401224630453,2881.0534477233887,0.0
3,waypoint_42,-15.0,0.28323956389577565,-0.7304170035653912,1.056401224630453,1235.631823539734,0.0
4,waypoint_42,-15.0,0.28323956389577565,-0.7304170035653912,1.056401224630453,1306.1045408248901,0.0
5,waypoint_42,-15.0,0.28323956389577565,-0.7304170035653912,1.056401224630453,2150.663137435913,0.0
6,waypoint_42,-15.0,0.28323956389577565,-0.7304170035653912,1.056401224630453,2633.88729095459,0.0
7,waypoint_42,-15.0,0.28323956389577565,-0.7304170035653912,1.056401224630453,1660.7990264892578,0.0
8,waypoint_42,-15.0,0.28323956389577565,-0.7304170035653912,1.056401224630453,518.6488032341003,0.0
9,waypoint_42,-15.0,0.28323956389577565,-0.7304170035653912,1.056401224630453,505.4183006286621,0.0
10,waypoint_42,-15.0,0.28323956389577565,-0.7304170035653912,1.056401224630453,439.86159563064575,0.0
11,waypoint_42,-15.0,0.28323956389577565,-0.7304170035653912,1.056401224630453,398.7429440021515,0.0
12,waypoint_42,-15.0,0.28323956389577565,-0.7304170035653912,1.056401224630453,782.4206352233887,0.0
13,waypoint_42,-15.0,0.28323956389577565,-0.7304170035653912,1.056401224630453,398.5501527786255,0.0
14,waypoint_42,-15.0,0.28323956389577565,-0.7304170035653912,1.056401224630453,888.4820342063904,0.0
0,waypoint_42,-30.0,0.28323956389577565,-0.7304170035653912,1.056401224630453,4223.021984100342,0.0
1,waypoint_42,-30.0,0.28323956389577565,-0.7304170035653912,1.056401224630453,3172.1856594085693,0.0
2,waypoint_42,-30.0,0.28323956389577565,-0.7304170035653912,1.056401224630453,2880.1705837249756,0.0
3,waypoint_42,-30.0,0.28323956389577565,-0.7304170035653912,1.056401224630453,1126.1152029037476,0.0
4,waypoint_42,-30.0,0.28323956389577565,-0.7304170035653912,1.056401224630453,1303.3771514892578,0.0
5,waypoint_42,-30.0,0.28323956389577565,-0.7304170035653912,1.056401224630453,2188.415288925171,0.0
6,waypoint_42,-30.0,0.28323956389577565,-0.7304170035653912,1.056401224630453,2618.689775466919,0.0
7,waypoint_42,-30.0,0.28323956389577565,-0.7304170035653912,1.056401224630453,1350.4759073257446,0.0
8,waypoint_42,-30.0,0.28323956389577565,-0.7304170035653912,1.056401224630453,512.7395987510681,0.0
9,waypoint_42,-30.0,0.28323956389577565,-0.7304170035653912,1.056401224630453,521.8806266784668,0.0
10,waypoint_42,-30.0,0.28323956389577565,-0.7304170035653912,1.056401224630453,445.1320469379425,0.0
11,waypoint_42,-30.0,0.28323956389577565,-0.7304170035653912,1.056401224630453,334.3212902545929,0.0
12,waypoint_42,-30.0,0.28323956389577565,-0.7304170035653912,1.056401224630453,803.6983013153076,0.0
13,waypoint_42,-30.0,0.28323956389577565,-0.7304170035653912,1.056401224630453,366.02482199668884,0.0
14,waypoint_42,-30.0,0.28323956389577565,-0.7304170035653912,1.056401224630453,948.5704898834229,0.0
0,waypoint_43,-30.0,0.30323956389577544,-0.7304170035653912,1.056401224630453,4217.562675476074,0.0
1,waypoint_43,-30.0,0.30323956389577544,-0.7304170035653912,1.056401224630453,3173.3593940734863,0.0
2,waypoint_43,-30.0,0.30323956389577544,-0.7304170035653912,1.056401224630453,2907.346487045288,0.0
3,waypoint_43,-30.0,0.30323956389577544,-0.7304170035653912,1.056401224630453,1097.5592136383057,0.0
4,waypoint_43,-30.0,0.30323956389577544,-0.7304170035653912,1.056401224630453,1283.7895154953003,0.0
5,waypoint_43,-30.0,0.30323956389577544,-0.7304170035653912,1.056401224630453,2183.931827545166,0.0
6,waypoint_43,-30.0,0.30323956389577544,-0.7304170035653912,1.056401224630453,2611.722946166992,0.0
7,waypoint_43,-30.0,0.30323956389577544,-0.7304170035653912,1.056401224630453,1351.2598276138306,0.0
8,waypoint_43,-30.0,0.30323956389577544,-0.7304170035653912,1.056401224630453,521.6830372810364,0.0
9,waypoint_43,-30.0,0.30323956389577544,-0.7304170035653912,1.056401224630453,515.3756141662598,0.0
10,waypoint_43,-30.0,0.30323956389577544,-0.7304170035653912,1.056401224630453,462.4372124671936,0.0
11,waypoint_43,-30.0,0.30323956389577544,-0.7304170035653912,1.056401224630453,344.28083896636963,0.0
12,waypoint_43,-30.0,0.30323956389577544,-0.7304170035653912,1.056401224630453,816.8027997016907,0.0
13,waypoint_43,-30.0,0.30323956389577544,-0.7304170035653912,1.056401224630453,373.25093150138855,0.0
14,waypoint_43,-30.0,0.30323956389577544,-0.7304170035653912,1.056401224630453,986.2789511680603,0.0
0,waypoint_43,-15.0,0.30323956389577544,-0.7304170035653912,1.056401224630453,4191.770553588867,0.0
1,waypoint_43,-15.0,0.30323956389577544,-0.7304170035653912,1.056401224630453,3174.156904220581,0.0
2,waypoint_43,-15.0,0.30323956389577544,-0.7304170035653912,1.056401224630453,2800.4541397094727,0.0
3,waypoint_43,-15.0,0.30323956389577544,-0.7304170035653912,1.056401224630453,1225.8224487304688,0.0
4,waypoint_43,-15.0,0.30323956389577544,-0.7304170035653912,1.056401224630453,1285.5902910232544,0.0
5,waypoint_43,-15.0,0.30323956389577544,-0.7304170035653912,1.056401224630453,2146.3377475738525,0.0
6,waypoint_43,-15.0,0.30323956389577544,-0.7304170035653912,1.056401224630453,2662.5688076019287,0.0
7,waypoint_43,-15.0,0.30323956389577544,-0.7304170035653912,1.056401224630453,1334.669589996338,0.0
8,waypoint_43,-15.0,0.30323956389577544,-0.7304170035653912,1.056401224630453,529.7222137451172,0.0
9,waypoint_43,-15.0,0.30323956389577544,-0.7304170035653912,1.056401224630453,510.82533597946167,0.0
10,waypoint_43,-15.0,0.30323956389577544,-0.7304170035653912,1.056401224630453,467.1376049518585,0.0
11,waypoint_43,-15.0,0.30323956389577544,-0.7304170035653912,1.056401224630453,344.33820843696594,0.0
12,waypoint_43,-15.0,0.30323956389577544,-0.7304170035653912,1.056401224630453,795.7612872123718,0.0
13,waypoint_43,-15.0,0.30323956389577544,-0.7304170035653912,1.056401224630453,382.45150446891785,0.0
14,waypoint_43,-15.0,0.30323956389577544,-0.7304170035653912,1.056401224630453,891.1723494529724,0.0
0,waypoint_43,0.0,0.30323956389577544,-0.7304170035653912,1.056401224630453,4220.759868621826,0.0
1,waypoint_43,0.0,0.30323956389577544,-0.7304170035653912,1.056401224630453,3177.0215034484863,0.0
2,waypoint_43,0.0,0.30323956389577544,-0.7304170035653912,1.056401224630453,3005.566120147705,0.0
3,waypoint_43,0.0,0.30323956389577544,-0.7304170035653912,1.056401224630453,1234.2764139175415,0.0
4,waypoint_43,0.0,0.30323956389577544,-0.7304170035653912,1.056401224630453,1285.778522491455,0.0
5,waypoint_43,0.0,0.30323956389577544,-0.7304170035653912,1.056401224630453,2060.8441829681396,0.0
6,waypoint_43,0.0,0.30323956389577544,-0.7304170035653912,1.056401224630453,2394.064426422119,0.0
7,waypoint_43,0.0,0.30323956389577544,-0.7304170035653912,1.056401224630453,1543.9633131027222,0.0
8,waypoint_43,0.0,0.30323956389577544,-0.7304170035653912,1.056401224630453,498.9798963069916,0.0
9,waypoint_43,0.0,0.30323956389577544,-0.7304170035653912,1.056401224630453,536.0502004623413,0.0
10,waypoint_43,0.0,0.30323956389577544,-0.7304170035653912,1.056401224630453,495.6671893596649,0.0
11,waypoint_43,0.0,0.30323956389577544,-0.7304170035653912,1.056401224630453,445.7733929157257,0.0
12,waypoint_43,0.0,0.30323956389577544,-0.7304170035653912,1.056401224630453,779.4985175132751,0.0
13,waypoint_43,0.0,0.30323956389577544,-0.7304170035653912,1.056401224630453,376.9438862800598,0.0
14,waypoint_43,0.0,0.30323956389577544,-0.7304170035653912,1.056401224630453,774.76966381073,0.0
0,waypoint_43,15.0,0.30323956389577544,-0.7304170035653912,1.056401224630453,4198.636531829834,0.0
1,waypoint_43,15.0,0.30323956389577544,-0.7304170035653912,1.056401224630453,3180.997848510742,0.0
2,waypoint_43,15.0,0.30323956389577544,-0.7304170035653912,1.056401224630453,3004.8623085021973,0.0
3,waypoint_43,15.0,0.30323956389577544,-0.7304170035653912,1.056401224630453,1245.802402496338,0.0
4,waypoint_43,15.0,0.30323956389577544,-0.7304170035653912,1.056401224630453,1281.0152769088745,0.0
5,waypoint_43,15.0,0.30323956389577544,-0.7304170035653912,1.056401224630453,1587.8956317901611,0.0
6,waypoint_43,15.0,0.30323956389577544,-0.7304170035653912,1.056401224630453,2573.800802230835,0.0
7,waypoint_43,15.0,0.30323956389577544,-0.7304170035653912,1.056401224630453,1334.4626426696777,0.0
8,waypoint_43,15.0,0.30323956389577544,-0.7304170035653912,1.056401224630453,579.8913836479187,0.0
9,waypoint_43,15.0,0.30323956389577544,-0.7304170035653912,1.056401224630453,540.2194261550903,0.0
10,waypoint_43,15.0,0.30323956389577544,-0.7304170035653912,1.056401224630453,486.96085810661316,0.0
11,waypoint_43,15.0,0.30323956389577544,-0.7304170035653912,1.056401224630453,429.96183037757874,0.0
12,waypoint_43,15.0,0.30323956389577544,-0.7304170035653912,1.056401224630453,764.542281627655,0.0
13,waypoint_43,15.0,0.30323956389577544,-0.7304170035653912,1.056401224630453,395.97177505493164,0.0
14,waypoint_43,15.0,0.30323956389577544,-0.7304170035653912,1.056401224630453,813.3390545845032,0.0
0,waypoint_43,30.0,0.30323956389577544,-0.7304170035653912,1.056401224630453,4270.744800567627,0.0
1,waypoint_43,30.0,0.30323956389577544,-0.7304170035653912,1.056401224630453,3185.0664615631104,0.0
2,waypoint_43,30.0,0.30323956389577544,-0.7304170035653912,1.056401224630453,3091.803550720215,0.0
3,waypoint_43,30.0,0.30323956389577544,-0.7304170035653912,1.056401224630453,1235.368013381958,0.0
4,waypoint_43,30.0,0.30323956389577544,-0.7304170035653912,1.056401224630453,1285.1275205612183,0.0
5,waypoint_43,30.0,0.30323956389577544,-0.7304170035653912,1.056401224630453,1675.9600639343262,0.0
6,waypoint_43,30.0,0.30323956389577544,-0.7304170035653912,1.056401224630453,2739.35866355896,0.0
7,waypoint_43,30.0,0.30323956389577544,-0.7304170035653912,1.056401224630453,1365.0561571121216,0.0
8,waypoint_43,30.0,0.30323956389577544,-0.7304170035653912,1.056401224630453,617.7241802215576,0.0
9,waypoint_43,30.0,0.30323956389577544,-0.7304170035653912,1.056401224630453,598.8909602165222,0.0
10,waypoint_43,30.0,0.30323956389577544,-0.7304170035653912,1.056401224630453,533.1024527549744,0.0
11,waypoint_43,30.0,0.30323956389577544,-0.7304170035653912,1.056401224630453,503.2055974006653,0.0
12,waypoint_43,30.0,0.30323956389577544,-0.7304170035653912,1.056401224630453,751.6346573829651,0.0
13,waypoint_43,30.0,0.30323956389577544,-0.7304170035653912,1.056401224630453,524.5401263237,0.0
14,waypoint_43,30.0,0.30323956389577544,-0.7304170035653912,1.056401224630453,669.3328022956848,0.0
0,waypoint_44,30.0,0.32323956389577596,-0.7304170035653912,1.056401224630453,4298.316478729248,0.0
1,waypoint_44,30.0,0.32323956389577596,-0.7304170035653912,1.056401224630453,3186.020851135254,0.0
2,waypoint_44,30.0,0.32323956389577596,-0.7304170035653912,1.056401224630453,3000.2100467681885,0.0
3,waypoint_44,30.0,0.32323956389577596,-0.7304170035653912,1.056401224630453,1262.8827095031738,0.0
4,waypoint_44,30.0,0.32323956389577596,-0.7304170035653912,1.056401224630453,1263.45694065094,0.0
5,waypoint_44,30.0,0.32323956389577596,-0.7304170035653912,1.056401224630453,1667.6239967346191,0.0
6,waypoint_44,30.0,0.32323956389577596,-0.7304170035653912,1.056401224630453,2469.921827316284,0.0
7,waypoint_44,30.0,0.32323956389577596,-0.7304170035653912,1.056401224630453,1271.6182470321655,0.0
8,waypoint_44,30.0,0.32323956389577596,-0.7304170035653912,1.056401224630453,497.81984090805054,0.0
9,waypoint_44,30.0,0.32323956389577596,-0.7304170035653912,1.056401224630453,613.5154962539673,0.0
10,waypoint_44,30.0,0.32323956389577596,-0.7304170035653912,1.056401224630453,550.3028035163879,0.0
11,waypoint_44,30.0,0.32323956389577596,-0.7304170035653912,1.056401224630453,510.95956563949585,0.0
12,waypoint_44,30.0,0.32323956389577596,-0.7304170035653912,1.056401224630453,765.8382654190063,0.0
13,waypoint_44,30.0,0.32323956389577596,-0.7304170035653912,1.056401224630453,484.9049746990204,0.0
14,waypoint_44,30.0,0.32323956389577596,-0.7304170035653912,1.056401224630453,690.6034350395203,0.0
0,waypoint_44,15.0,0.32323956389577596,-0.7304170035653912,1.056401224630453,4293.5991287231445,0.0
1,waypoint_44,15.0,0.32323956389577596,-0.7304170035653912,1.056401224630453,3181.9798946380615,0.0
2,waypoint_44,15.0,0.32323956389577596,-0.7304170035653912,1.056401224630453,2968.5287475585938,0.0
3,waypoint_44,15.0,0.32323956389577596,-0.7304170035653912,1.056401224630453,1204.8879861831665,0.0
4,waypoint_44,15.0,0.32323956389577596,-0.7304170035653912,1.056401224630453,1265.6525373458862,0.0
5,waypoint_44,15.0,0.32323956389577596,-0.7304170035653912,1.056401224630453,1579.5340538024902,0.0
6,waypoint_44,15.0,0.32323956389577596,-0.7304170035653912,1.056401224630453,2385.35737991333,0.0
7,waypoint_44,15.0,0.32323956389577596,-0.7304170035653912,1.056401224630453,1436.9354248046875,0.0
8,waypoint_44,15.0,0.32323956389577596,-0.7304170035653912,1.056401224630453,490.24200439453125,0.0
9,waypoint_44,15.0,0.32323956389577596,-0.7304170035653912,1.056401224630453,592.5981998443604,0.0
10,waypoint_44,15.0,0.32323956389577596,-0.7304170035653912,1.056401224630453,530.2095413208008,0.0
11,waypoint_44,15.0,0.32323956389577596,-0.7304170035653912,1.056401224630453,467.11137890815735,0.0
12,waypoint_44,15.0,0.32323956389577596,-0.7304170035653912,1.056401224630453,778.6523103713989,0.0
13,waypoint_44,15.0,0.32323956389577596,-0.7304170035653912,1.056401224630453,423.55161905288696,0.0
14,waypoint_44,15.0,0.32323956389577596,-0.7304170035653912,1.056401224630453,776.1159539222717,0.0
0,waypoint_44,0.0,0.32323956389577596,-0.7304170035653912,1.056401224630453,4280.3802490234375,0.0
1,waypoint_44,0.0,0.32323956389577596,-0.7304170035653912,1.056401224630453,3178.0648231506348,0.0
2,waypoint_44,0.0,0.32323956389577596,-0.7304170035653912,1.056401224630453,3001.765012741089,0.0
3,waypoint_44,0.0,0.32323956389577596,-0.7304170035653912,1.056401224630453,1244.001030921936,0.0
4,waypoint_44,0.0,0.32323956389577596,-0.7304170035653912,1.056401224630453,1263.9508247375488,0.0
5,waypoint_44,0.0,0.32323956389577596,-0.7304170035653912,1.056401224630453,1700.0441551208496,0.0
6,waypoint_44,0.0,0.32323956389577596,-0.7304170035653912,1.056401224630453,2648.5602855682373,0.0
7,waypoint_44,0.0,0.32323956389577596,-0.7304170035653912,1.056401224630453,1515.9339904785156,0.0
8,waypoint_44,0.0,0.32323956389577596,-0.7304170035653912,1.056401224630453,468.84816884994507,0.0
9,waypoint_44,0.0,0.32323956389577596,-0.7304170035653912,1.056401224630453,542.9307222366333,0.0
10,waypoint_44,0.0,0.32323956389577596,-0.7304170035653912,1.056401224630453,512.9588842391968,0.0
11,waypoint_44,0.0,0.32323956389577596,-0.7304170035653912,1.056401224630453,461.277037858963,0.0
12,waypoint_44,0.0,0.32323956389577596,-0.7304170035653912,1.056401224630453,793.6311364173889,0.0
13,waypoint_44,0.0,0.32323956389577596,-0.7304170035653912,1.056401224630453,408.84673595428467,0.0
14,waypoint_44,0.0,0.32323956389577596,-0.7304170035653912,1.056401224630453,854.163646697998,0.0
0,waypoint_44,-15.0,0.32323956389577596,-0.7304170035653912,1.056401224630453,4261.314868927002,0.0
1,waypoint_44,-15.0,0.32323956389577596,-0.7304170035653912,1.056401224630453,3175.3082275390625,0.0
2,waypoint_44,-15.0,0.32323956389577596,-0.7304170035653912,1.056401224630453,2836.1823558807373,0.0
3,waypoint_44,-15.0,0.32323956389577596,-0.7304170035653912,1.056401224630453,1220.1812267303467,0.0
4,waypoint_44,-15.0,0.32323956389577596,-0.7304170035653912,1.056401224630453,1265.3813362121582,0.0
5,waypoint_44,-15.0,0.32323956389577596,-0.7304170035653912,1.056401224630453,2142.690896987915,0.0
6,waypoint_44,-15.0,0.32323956389577596,-0.7304170035653912,1.056401224630453,2536.1146926879883,0.0
7,waypoint_44,-15.0,0.32323956389577596,-0.7304170035653912,1.056401224630453,1618.3689832687378,0.0
8,waypoint_44,-15.0,0.32323956389577596,-0.7304170035653912,1.056401224630453,459.89805459976196,0.0
9,waypoint_44,-15.0,0.32323956389577596,-0.7304170035653912,1.056401224630453,515.4785513877869,0.0
10,waypoint_44,-15.0,0.32323956389577596,-0.7304170035653912,1.056401224630453,488.63524198532104,0.0
11,waypoint_44,-15.0,0.32323956389577596,-0.7304170035653912,1.056401224630453,417.64676570892334,0.0
12,waypoint_44,-15.0,0.32323956389577596,-0.7304170035653912,1.056401224630453,809.8645806312561,0.0
13,waypoint_44,-15.0,0.32323956389577596,-0.7304170035653912,1.056401224630453,409.18296575546265,0.0
14,waypoint_44,-15.0,0.32323956389577596,-0.7304170035653912,1.056401224630453,851.8939018249512,0.0
0,waypoint_44,-30.0,0.32323956389577596,-0.7304170035653912,1.056401224630453,4238.209247589111,0.0
1,waypoint_44,-30.0,0.32323956389577596,-0.7304170035653912,1.056401224630453,3174.6432781219482,0.0
2,waypoint_44,-30.0,0.32323956389577596,-0.7304170035653912,1.056401224630453,2855.4649353027344,0.0
3,waypoint_44,-30.0,0.32323956389577596,-0.7304170035653912,1.056401224630453,1085.2419137954712,0.0
4,waypoint_44,-30.0,0.32323956389577596,-0.7304170035653912,1.056401224630453,1265.0312185287476,0.0
5,waypoint_44,-30.0,0.32323956389577596,-0.7304170035653912,1.056401224630453,2179.696798324585,0.0
6,waypoint_44,-30.0,0.32323956389577596,-0.7304170035653912,1.056401224630453,2561.749219894409,0.0
7,waypoint_44,-30.0,0.32323956389577596,-0.7304170035653912,1.056401224630453,1758.3048343658447,0.0
8,waypoint_44,-30.0,0.32323956389577596,-0.7304170035653912,1.056401224630453,458.1913948059082,0.0
9,waypoint_44,-30.0,0.32323956389577596,-0.7304170035653912,1.056401224630453,524.4277715682983,0.0
10,waypoint_44,-30.0,0.32323956389577596,-0.7304170035653912,1.056401224630453,493.5668408870697,0.0
11,waypoint_44,-30.0,0.32323956389577596,-0.7304170035653912,1.056401224630453,408.44663977622986,0.0
12,waypoint_44,-30.0,0.32323956389577596,-0.7304170035653912,1.056401224630453,830.3611278533936,0.0
13,waypoint_44,-30.0,0.32323956389577596,-0.7304170035653912,1.056401224630453,365.0766909122467,0.0
14,waypoint_44,-30.0,0.32323956389577596,-0.7304170035653912,1.056401224630453,938.0744695663452,0.0
0,waypoint_45,-30.0,0.34323956389577553,-0.7304170035653912,1.056401224630453,4225.902080535889,0.0
1,waypoint_45,-30.0,0.34323956389577553,-0.7304170035653912,1.056401224630453,3176.0451793670654,0.0
2,waypoint_45,-30.0,0.34323956389577553,-0.7304170035653912,1.056401224630453,2891.875743865967,0.0
3,waypoint_45,-30.0,0.34323956389577553,-0.7304170035653912,1.056401224630453,1056.8568706512451,0.0
4,waypoint_45,-30.0,0.34323956389577553,-0.7304170035653912,1.056401224630453,1244.2108392715454,0.0
5,waypoint_45,-30.0,0.34323956389577553,-0.7304170035653912,1.056401224630453,2175.581216812134,0.0
6,waypoint_45,-30.0,0.34323956389577553,-0.7304170035653912,1.056401224630453,2570.3518390655518,0.0
7,waypoint_45,-30.0,0.34323956389577553,-0.7304170035653912,1.056401224630453,1735.9415292739868,0.0
8,waypoint_45,-30.0,0.34323956389577553,-0.7304170035653912,1.056401224630453,469.9912667274475,0.0
9,waypoint_45,-30.0,0.34323956389577553,-0.7304170035653912,1.056401224630453,522.7053165435791,0.0
10,waypoint_45,-30.0,0.34323956389577553,-0.7304170035653912,1.056401224630453,502.42650508880615,0.0
11,waypoint_45,-30.0,0.34323956389577553,-0.7304170035653912,1.056401224630453,413.9416217803955,0.0
12,waypoint_45,-30.0,0.34323956389577553,-0.7304170035653912,1.056401224630453,844.0930247306824,0.0
13,waypoint_45,-30.0,0.34323956389577553,-0.7304170035653912,1.056401224630453,372.84496426582336,0.0
14,waypoint_45,-30.0,0.34323956389577553,-0.7304170035653912,1.056401224630453,936.7868900299072,0.0
0,waypoint_45,-15.0,0.34323956389577553,-0.7304170035653912,1.056401224630453,4290.860652923584,0.0
1,waypoint_45,-15.0,0.34323956389577553,-0.7304170035653912,1.056401224630453,3176.5682697296143,0.0
2,waypoint_45,-15.0,0.34323956389577553,-0.7304170035653912,1.056401224630453,2867.8314685821533,0.0
3,waypoint_45,-15.0,0.34323956389577553,-0.7304170035653912,1.056401224630453,1214.4521474838257,0.0
4,waypoint_45,-15.0,0.34323956389577553,-0.7304170035653912,1.056401224630453,1246.3561296463013,0.0
5,waypoint_45,-15.0,0.34323956389577553,-0.7304170035653912,1.056401224630453,2138.6187076568604,0.0
6,waypoint_45,-15.0,0.34323956389577553,-0.7304170035653912,1.056401224630453,2562.3764991760254,0.0
7,waypoint_45,-15.0,0.34323956389577553,-0.7304170035653912,1.056401224630453,1737.0346784591675,0.0
8,waypoint_45,-15.0,0.34323956389577553,-0.7304170035653912,1.056401224630453,470.24235129356384,0.0
9,waypoint_45,-15.0,0.34323956389577553,-0.7304170035653912,1.056401224630453,520.4674601554871,0.0
10,waypoint_45,-15.0,0.34323956389577553,-0.7304170035653912,1.056401224630453,496.6560900211334,0.0
11,waypoint_45,-15.0,0.34323956389577553,-0.7304170035653912,1.056401224630453,377.1821856498718,0.0
12,waypoint_45,-15.0,0.34323956389577553,-0.7304170035653912,1.056401224630453,823.9694237709045,0.0
13,waypoint_45,-15.0,0.34323956389577553,-0.7304170035653912,1.056401224630453,378.2663643360138,0.0
14,waypoint_45,-15.0,0.34323956389577553,-0.7304170035653912,1.056401224630453,853.9335131645203,0.0
0,waypoint_45,0.0,0.34323956389577553,-0.7304170035653912,1.056401224630453,4240.387916564941,0.0
1,waypoint_45,0.0,0.34323956389577553,-0.7304170035653912,1.056401224630453,3179.2240142822266,0.0
2,waypoint_45,0.0,0.34323956389577553,-0.7304170035653912,1.056401224630453,3048.2451915740967,0.0
3,waypoint_45,0.0,0.34323956389577553,-0.7304170035653912,1.056401224630453,1227.989673614502,0.0
4,waypoint_45,0.0,0.34323956389577553,-0.7304170035653912,1.056401224630453,1243.7864542007446,0.0
5,waypoint_45,0.0,0.34323956389577553,-0.7304170035653912,1.056401224630453,2052.9537200927734,0.0
6,waypoint_45,0.0,0.34323956389577553,-0.7304170035653912,1.056401224630453,2489.015817642212,0.0
7,waypoint_45,0.0,0.34323956389577553,-0.7304170035653912,1.056401224630453,1737.0595932006836,0.0
8,waypoint_45,0.0,0.34323956389577553,-0.7304170035653912,1.056401224630453,468.49456429481506,0.0
9,waypoint_45,0.0,0.34323956389577553,-0.7304170035653912,1.056401224630453,501.5231966972351,0.0
10,waypoint_45,0.0,0.34323956389577553,-0.7304170035653912,1.056401224630453,515.1330232620239,0.0
11,waypoint_45,0.0,0.34323956389577553,-0.7304170035653912,1.056401224630453,472.354918718338,0.0
12,waypoint_45,0.0,0.34323956389577553,-0.7304170035653912,1.056401224630453,808.5805773735046,0.0
13,waypoint_45,0.0,0.34323956389577553,-0.7304170035653912,1.056401224630453,412.7703905105591,0.0
14,waypoint_45,0.0,0.34323956389577553,-0.7304170035653912,1.056401224630453,815.65922498703,0.0
0,waypoint_45,15.0,0.34323956389577553,-0.7304170035653912,1.056401224630453,4285.689353942871,0.0
1,waypoint_45,15.0,0.34323956389577553,-0.7304170035653912,1.056401224630453,3183.0668449401855,0.0
2,waypoint_45,15.0,0.34323956389577553,-0.7304170035653912,1.056401224630453,3032.493829727173,0.0
3,waypoint_45,15.0,0.34323956389577553,-0.7304170035653912,1.056401224630453,1273.3312845230103,0.0
4,waypoint_45,15.0,0.34323956389577553,-0.7304170035653912,1.056401224630453,1243.7986135482788,0.0
5,waypoint_45,15.0,0.34323956389577553,-0.7304170035653912,1.056401224630453,1571.3545083999634,0.0
6,waypoint_45,15.0,0.34323956389577553,-0.7304170035653912,1.056401224630453,2620.929718017578,0.0
7,waypoint_45,15.0,0.34323956389577553,-0.7304170035653912,1.056401224630453,1735.763430595398,0.0
8,waypoint_45,15.0,0.34323956389577553,-0.7304170035653912,1.056401224630453,461.68094873428345,0.0
9,waypoint_45,15.0,0.34323956389577553,-0.7304170035653912,1.056401224630453,580.8443427085876,0.0
10,waypoint_45,15.0,0.34323956389577553,-0.7304170035653912,1.056401224630453,513.8357281684875,0.0
11,waypoint_45,15.0,0.34323956389577553,-0.7304170035653912,1.056401224630453,479.7368347644806,0.0
12,waypoint_45,15.0,0.34323956389577553,-0.7304170035653912,1.056401224630453,793.5897707939148,0.0
13,waypoint_45,15.0,0.34323956389577553,-0.7304170035653912,1.056401224630453,422.3634898662567,0.0
14,waypoint_45,15.0,0.34323956389577553,-0.7304170035653912,1.056401224630453,713.5703563690186,0.0
0,waypoint_45,30.0,0.34323956389577553,-0.7304170035653912,1.056401224630453,4269.901752471924,0.0
1,waypoint_45,30.0,0.34323956389577553,-0.7304170035653912,1.056401224630453,3187.082290649414,0.0
2,waypoint_45,30.0,0.34323956389577553,-0.7304170035653912,1.056401224630453,2965.3542041778564,0.0
3,waypoint_45,30.0,0.34323956389577553,-0.7304170035653912,1.056401224630453,1193.0136680603027,0.0
4,waypoint_45,30.0,0.34323956389577553,-0.7304170035653912,1.056401224630453,1243.7957525253296,0.0
5,waypoint_45,30.0,0.34323956389577553,-0.7304170035653912,1.056401224630453,1659.458875656128,0.0
6,waypoint_45,30.0,0.34323956389577553,-0.7304170035653912,1.056401224630453,2713.780164718628,0.0
7,waypoint_45,30.0,0.34323956389577553,-0.7304170035653912,1.056401224630453,2044.1999435424805,0.0
8,waypoint_45,30.0,0.34323956389577553,-0.7304170035653912,1.056401224630453,460.143506526947,0.0
9,waypoint_45,30.0,0.34323956389577553,-0.7304170035653912,1.056401224630453,611.8228435516357,0.0
10,waypoint_45,30.0,0.34323956389577553,-0.7304170035653912,1.056401224630453,576.5470862388611,0.0
11,waypoint_45,30.0,0.34323956389577553,-0.7304170035653912,1.056401224630453,506.0054063796997,0.0
12,waypoint_45,30.0,0.34323956389577553,-0.7304170035653912,1.056401224630453,781.1535000801086,0.0
13,waypoint_45,30.0,0.34323956389577553,-0.7304170035653912,1.056401224630453,518.1103944778442,0.0
14,waypoint_45,30.0,0.34323956389577553,-0.7304170035653912,1.056401224630453,708.1649899482727,0.0
0,waypoint_46,30.0,0.36323956389577516,-0.7304170035653912,1.056401224630453,4353.857040405273,0.0
1,waypoint_46,30.0,0.36323956389577516,-0.7304170035653912,1.056401224630453,3188.2481575012207,0.0
2,waypoint_46,30.0,0.36323956389577516,-0.7304170035653912,1.056401224630453,3023.6775875091553,0.0
3,waypoint_46,30.0,0.36323956389577516,-0.7304170035653912,1.056401224630453,1187.4642372131348,0.0
4,waypoint_46,30.0,0.36323956389577516,-0.7304170035653912,1.056401224630453,1223.845362663269,0.0
5,waypoint_46,30.0,0.36323956389577516,-0.7304170035653912,1.056401224630453,1651.456356048584,0.0
6,waypoint_46,30.0,0.36323956389577516,-0.7304170035653912,1.056401224630453,2447.458267211914,0.0
7,waypoint_46,30.0,0.36323956389577516,-0.7304170035653912,1.056401224630453,1613.04771900177,0.0
8,waypoint_46,30.0,0.36323956389577516,-0.7304170035653912,1.056401224630453,443.58888268470764,0.0
9,waypoint_46,30.0,0.36323956389577516,-0.7304170035653912,1.056401224630453,575.2286314964294,0.0
10,waypoint_46,30.0,0.36323956389577516,-0.7304170035653912,1.056401224630453,596.6346859931946,0.0
11,waypoint_46,30.0,0.36323956389577516,-0.7304170035653912,1.056401224630453,523.2685208320618,0.0
12,waypoint_46,30.0,0.36323956389577516,-0.7304170035653912,1.056401224630453,795.8510518074036,0.0
13,waypoint_46,30.0,0.36323956389577516,-0.7304170035653912,1.056401224630453,543.0902242660522,0.0
14,waypoint_46,30.0,0.36323956389577516,-0.7304170035653912,1.056401224630453,733.5332632064819,0.0
0,waypoint_46,15.0,0.36323956389577516,-0.7304170035653912,1.056401224630453,4319.483280181885,0.0
1,waypoint_46,15.0,0.36323956389577516,-0.7304170035653912,1.056401224630453,3184.262990951538,0.0
2,waypoint_46,15.0,0.36323956389577516,-0.7304170035653912,1.056401224630453,2995.866537094116,0.0
3,waypoint_46,15.0,0.36323956389577516,-0.7304170035653912,1.056401224630453,1204.4936418533325,0.0
4,waypoint_46,15.0,0.36323956389577516,-0.7304170035653912,1.056401224630453,1223.8661050796509,0.0
5,waypoint_46,15.0,0.36323956389577516,-0.7304170035653912,1.056401224630453,1563.3387565612793,0.0
6,waypoint_46,15.0,0.36323956389577516,-0.7304170035653912,1.056401224630453,2394.9904441833496,0.0
7,waypoint_46,15.0,0.36323956389577516,-0.7304170035653912,1.056401224630453,1515.399694442749,0.0
8,waypoint_46,15.0,0.36323956389577516,-0.7304170035653912,1.056401224630453,444.04205679893494,0.0
9,waypoint_46,15.0,0.36323956389577516,-0.7304170035653912,1.056401224630453,600.8648872375488,0.0
10,waypoint_46,15.0,0.36323956389577516,-0.7304170035653912,1.056401224630453,568.3149099349976,0.0
11,waypoint_46,15.0,0.36323956389577516,-0.7304170035653912,1.056401224630453,500.2976655960083,0.0
12,waypoint_46,15.0,0.36323956389577516,-0.7304170035653912,1.056401224630453,808.2287907600403,0.0
13,waypoint_46,15.0,0.36323956389577516,-0.7304170035653912,1.056401224630453,449.6195912361145,0.0
14,waypoint_46,15.0,0.36323956389577516,-0.7304170035653912,1.056401224630453,779.3092727661133,0.0
0,waypoint_46,0.0,0.36323956389577516,-0.7304170035653912,1.056401224630453,4295.224666595459,0.0
1,waypoint_46,0.0,0.36323956389577516,-0.7304170035653912,1.056401224630453,3180.4840564727783,0.0
2,waypoint_46,0.0,0.36323956389577516,-0.7304170035653912,1.056401224630453,2960.3614807128906,0.0
3,waypoint_46,0.0,0.36323956389577516,-0.7304170035653912,1.056401224630453,1264.0506029129028,0.0
4,waypoint_46,0.0,0.36323956389577516,-0.7304170035653912,1.056401224630453,1223.8693237304688,0.0
5,waypoint_46,0.0,0.36323956389577516,-0.7304170035653912,1.056401224630453,1693.407416343689,0.0
6,waypoint_46,0.0,0.36323956389577516,-0.7304170035653912,1.056401224630453,2573.491334915161,0.0
7,waypoint_46,0.0,0.36323956389577516,-0.7304170035653912,1.056401224630453,1480.0397157669067,0.0
8,waypoint_46,0.0,0.36323956389577516,-0.7304170035653912,1.056401224630453,430.1377534866333,0.0
9,waypoint_46,0.0,0.36323956389577516,-0.7304170035653912,1.056401224630453,563.8681650161743,0.0
10,waypoint_46,0.0,0.36323956389577516,-0.7304170035653912,1.056401224630453,530.6427478790283,0.0
11,waypoint_46,0.0,0.36323956389577516,-0.7304170035653912,1.056401224630453,490.1246130466461,0.0
12,waypoint_46,0.0,0.36323956389577516,-0.7304170035653912,1.056401224630453,821.9972252845764,0.0
13,waypoint_46,0.0,0.36323956389577516,-0.7304170035653912,1.056401224630453,423.5789477825165,0.0
14,waypoint_46,0.0,0.36323956389577516,-0.7304170035653912,1.056401224630453,778.4131169319153,0.0
0,waypoint_46,-15.0,0.36323956389577516,-0.7304170035653912,1.056401224630453,4304.25500869751,0.0
1,waypoint_46,-15.0,0.36323956389577516,-0.7304170035653912,1.056401224630453,3177.940845489502,0.0
2,waypoint_46,-15.0,0.36323956389577516,-0.7304170035653912,1.056401224630453,2806.5173625946045,0.0
3,waypoint_46,-15.0,0.36323956389577516,-0.7304170035653912,1.056401224630453,1165.0015115737915,0.0
4,waypoint_46,-15.0,0.36323956389577516,-0.7304170035653912,1.056401224630453,1224.9884605407715,0.0
5,waypoint_46,-15.0,0.36323956389577516,-0.7304170035653912,1.056401224630453,2134.922742843628,0.0
6,waypoint_46,-15.0,0.36323956389577516,-0.7304170035653912,1.056401224630453,2492.1035766601562,0.0
7,waypoint_46,-15.0,0.36323956389577516,-0.7304170035653912,1.056401224630453,1548.067331314087,0.0
8,waypoint_46,-15.0,0.36323956389577516,-0.7304170035653912,1.056401224630453,419.7712540626526,0.0
9,waypoint_46,-15.0,0.36323956389577516,-0.7304170035653912,1.056401224630453,540.6658053398132,0.0
10,waypoint_46,-15.0,0.36323956389577516,-0.7304170035653912,1.056401224630453,508.97425413131714,0.0
11,waypoint_46,-15.0,0.36323956389577516,-0.7304170035653912,1.056401224630453,451.0857164859772,0.0
12,waypoint_46,-15.0,0.36323956389577516,-0.7304170035653912,1.056401224630453,837.9754424095154,0.0
13,waypoint_46,-15.0,0.36323956389577516,-0.7304170035653912,1.056401224630453,417.9522693157196,0.0
14,waypoint_46,-15.0,0.36323956389577516,-0.7304170035653912,1.056401224630453,778.1742215156555,0.0
0,waypoint_46,-30.0,0.36323956389577516,-0.7304170035653912,1.056401224630453,4288.063526153564,0.0
1,waypoint_46,-30.0,0.36323956389577516,-0.7304170035653912,1.056401224630453,3177.5667667388916,0.0
2,waypoint_46,-30.0,0.36323956389577516,-0.7304170035653912,1.056401224630453,2842.893123626709,0.0
3,waypoint_46,-30.0,0.36323956389577516,-0.7304170035653912,1.056401224630453,1075.997233390808,0.0
4,waypoint_46,-30.0,0.36323956389577516,-0.7304170035653912,1.056401224630453,1222.9470014572144,0.0
5,waypoint_46,-30.0,0.36323956389577516,-0.7304170035653912,1.056401224630453,2171.708583831787,0.0
6,waypoint_46,-30.0,0.36323956389577516,-0.7304170035653912,1.056401224630453,2547.9629039764404,0.0
7,waypoint_46,-30.0,0.36323956389577516,-0.7304170035653912,1.056401224630453,1367.9871559143066,0.0
8,waypoint_46,-30.0,0.36323956389577516,-0.7304170035653912,1.056401224630453,419.437974691391,0.0
9,waypoint_46,-30.0,0.36323956389577516,-0.7304170035653912,1.056401224630453,534.1535210609436,0.0
10,waypoint_46,-30.0,0.36323956389577516,-0.7304170035653912,1.056401224630453,510.8344554901123,0.0
11,waypoint_46,-30.0,0.36323956389577516,-0.7304170035653912,1.056401224630453,455.3852677345276,0.0
12,waypoint_46,-30.0,0.36323956389577516,-0.7304170035653912,1.056401224630453,857.7092885971069,0.0
13,waypoint_46,-30.0,0.36323956389577516,-0.7304170035653912,1.056401224630453,388.20743560791016,0.0
14,waypoint_46,-30.0,0.36323956389577516,-0.7304170035653912,1.056401224630453,781.108021736145,0.0
0,waypoint_47,-30.0,0.38323956389577535,-0.7304170035653912,1.056401224630453,4280.298233032227,0.0
1,waypoint_47,-30.0,0.38323956389577535,-0.7304170035653912,1.056401224630453,3179.197072982788,0.0
2,waypoint_47,-30.0,0.38323956389577535,-0.7304170035653912,1.056401224630453,2836.0633850097656,0.0
3,waypoint_47,-30.0,0.38323956389577535,-0.7304170035653912,1.056401224630453,1057.9900741577148,0.0
4,waypoint_47,-30.0,0.38323956389577535,-0.7304170035653912,1.056401224630453,1202.989101409912,0.0
5,waypoint_47,-30.0,0.38323956389577535,-0.7304170035653912,1.056401224630453,2168.030261993408,0.0
6,waypoint_47,-30.0,0.38323956389577535,-0.7304170035653912,1.056401224630453,2555.233955383301,0.0
7,waypoint_47,-30.0,0.38323956389577535,-0.7304170035653912,1.056401224630453,1606.7696809768677,0.0
8,waypoint_47,-30.0,0.38323956389577535,-0.7304170035653912,1.056401224630453,436.99201941490173,0.0
9,waypoint_47,-30.0,0.38323956389577535,-0.7304170035653912,1.056401224630453,544.9709296226501,0.0
10,waypoint_47,-30.0,0.38323956389577535,-0.7304170035653912,1.056401224630453,507.6720118522644,0.0
11,waypoint_47,-30.0,0.38323956389577535,-0.7304170035653912,1.056401224630453,484.4096899032593,0.0
12,waypoint_47,-30.0,0.38323956389577535,-0.7304170035653912,1.056401224630453,871.8447089195251,0.0
13,waypoint_47,-30.0,0.38323956389577535,-0.7304170035653912,1.056401224630453,365.5862510204315,0.0
14,waypoint_47,-30.0,0.38323956389577535,-0.7304170035653912,1.056401224630453,796.1857914924622,0.0
0,waypoint_47,-15.0,0.38323956389577535,-0.7304170035653912,1.056401224630453,4324.799537658691,0.0
1,waypoint_47,-15.0,0.38323956389577535,-0.7304170035653912,1.056401224630453,3179.4304847717285,0.0
2,waypoint_47,-15.0,0.38323956389577535,-0.7304170035653912,1.056401224630453,2792.973756790161,0.0
3,waypoint_47,-15.0,0.38323956389577535,-0.7304170035653912,1.056401224630453,1196.13778591156,0.0
4,waypoint_47,-15.0,0.38323956389577535,-0.7304170035653912,1.056401224630453,1200.6487846374512,0.0
5,waypoint_47,-15.0,0.38323956389577535,-0.7304170035653912,1.056401224630453,2131.542921066284,0.0
6,waypoint_47,-15.0,0.38323956389577535,-0.7304170035653912,1.056401224630453,2458.2316875457764,0.0
7,waypoint_47,-15.0,0.38323956389577535,-0.7304170035653912,1.056401224630453,1507.9312324523926,0.0
8,waypoint_47,-15.0,0.38323956389577535,-0.7304170035653912,1.056401224630453,437.34875321388245,0.0
9,waypoint_47,-15.0,0.38323956389577535,-0.7304170035653912,1.056401224630453,540.8352017402649,0.0
10,waypoint_47,-15.0,0.38323956389577535,-0.7304170035653912,1.056401224630453,515.4505968093872,0.0
11,waypoint_47,-15.0,0.38323956389577535,-0.7304170035653912,1.056401224630453,453.89649271965027,0.0
12,waypoint_47,-15.0,0.38323956389577535,-0.7304170035653912,1.056401224630453,852.3271083831787,0.0
13,waypoint_47,-15.0,0.38323956389577535,-0.7304170035653912,1.056401224630453,377.1204650402069,0.0
14,waypoint_47,-15.0,0.38323956389577535,-0.7304170035653912,1.056401224630453,793.3056950569153,0.0
0,waypoint_47,0.0,0.38323956389577535,-0.7304170035653912,1.056401224630453,4339.817047119141,0.0
1,waypoint_47,0.0,0.38323956389577535,-0.7304170035653912,1.056401224630453,3181.8642616271973,0.0
2,waypoint_47,0.0,0.38323956389577535,-0.7304170035653912,1.056401224630453,2969.529151916504,0.0
3,waypoint_47,0.0,0.38323956389577535,-0.7304170035653912,1.056401224630453,1184.4662427902222,0.0
4,waypoint_47,0.0,0.38323956389577535,-0.7304170035653912,1.056401224630453,1202.7796506881714,0.0
5,waypoint_47,0.0,0.38323956389577535,-0.7304170035653912,1.056401224630453,2046.022891998291,0.0
6,waypoint_47,0.0,0.38323956389577535,-0.7304170035653912,1.056401224630453,2531.136989593506,0.0
7,waypoint_47,0.0,0.38323956389577535,-0.7304170035653912,1.056401224630453,1353.1299829483032,0.0
8,waypoint_47,0.0,0.38323956389577535,-0.7304170035653912,1.056401224630453,438.2765591144562,0.0
9,waypoint_47,0.0,0.38323956389577535,-0.7304170035653912,1.056401224630453,459.8022699356079,0.0
10,waypoint_47,0.0,0.38323956389577535,-0.7304170035653912,1.056401224630453,548.862636089325,0.0
11,waypoint_47,0.0,0.38323956389577535,-0.7304170035653912,1.056401224630453,495.8083927631378,0.0
12,waypoint_47,0.0,0.38323956389577535,-0.7304170035653912,1.056401224630453,837.104082107544,0.0
13,waypoint_47,0.0,0.38323956389577535,-0.7304170035653912,1.056401224630453,449.11229610443115,0.0
14,waypoint_47,0.0,0.38323956389577535,-0.7304170035653912,1.056401224630453,793.234646320343,0.0
0,waypoint_47,15.0,0.38323956389577535,-0.7304170035653912,1.056401224630453,4351.23348236084,0.0
1,waypoint_47,15.0,0.38323956389577535,-0.7304170035653912,1.056401224630453,3185.565710067749,0.0
2,waypoint_47,15.0,0.38323956389577535,-0.7304170035653912,1.056401224630453,3021.3327407836914,0.0
3,waypoint_47,15.0,0.38323956389577535,-0.7304170035653912,1.056401224630453,1184.6967935562134,0.0
4,waypoint_47,15.0,0.38323956389577535,-0.7304170035653912,1.056401224630453,1207.5151205062866,0.0
5,waypoint_47,15.0,0.38323956389577535,-0.7304170035653912,1.056401224630453,1555.506944656372,0.0
6,waypoint_47,15.0,0.38323956389577535,-0.7304170035653912,1.056401224630453,2468.677520751953,0.0
7,waypoint_47,15.0,0.38323956389577535,-0.7304170035653912,1.056401224630453,1439.0950202941895,0.0
8,waypoint_47,15.0,0.38323956389577535,-0.7304170035653912,1.056401224630453,425.65250396728516,0.0
9,waypoint_47,15.0,0.38323956389577535,-0.7304170035653912,1.056401224630453,466.6908383369446,0.0
10,waypoint_47,15.0,0.38323956389577535,-0.7304170035653912,1.056401224630453,553.8222193717957,0.0
11,waypoint_47,15.0,0.38323956389577535,-0.7304170035653912,1.056401224630453,494.9558973312378,0.0
12,waypoint_47,15.0,0.38323956389577535,-0.7304170035653912,1.056401224630453,823.3157992362976,0.0
13,waypoint_47,15.0,0.38323956389577535,-0.7304170035653912,1.056401224630453,449.69701766967773,0.0
14,waypoint_47,15.0,0.38323956389577535,-0.7304170035653912,1.056401224630453,794.1237688064575,0.0
0,waypoint_47,30.0,0.38323956389577535,-0.7304170035653912,1.056401224630453,4318.905353546143,0.0
1,waypoint_47,30.0,0.38323956389577535,-0.7304170035653912,1.056401224630453,3189.5153522491455,0.0
2,waypoint_47,30.0,0.38323956389577535,-0.7304170035653912,1.056401224630453,3024.8234272003174,0.0
3,waypoint_47,30.0,0.38323956389577535,-0.7304170035653912,1.056401224630453,1189.5356178283691,0.0
4,waypoint_47,30.0,0.38323956389577535,-0.7304170035653912,1.056401224630453,1203.9185762405396,0.0
5,waypoint_47,30.0,0.38323956389577535,-0.7304170035653912,1.056401224630453,1643.6187028884888,0.0
6,waypoint_47,30.0,0.38323956389577535,-0.7304170035653912,1.056401224630453,2587.9063606262207,0.0
7,waypoint_47,30.0,0.38323956389577535,-0.7304170035653912,1.056401224630453,1234.591007232666,0.0
8,waypoint_47,30.0,0.38323956389577535,-0.7304170035653912,1.056401224630453,373.0466365814209,0.0
9,waypoint_47,30.0,0.38323956389577535,-0.7304170035653912,1.056401224630453,465.8079445362091,0.0
10,waypoint_47,30.0,0.38323956389577535,-0.7304170035653912,1.056401224630453,603.987991809845,0.0
11,waypoint_47,30.0,0.38323956389577535,-0.7304170035653912,1.056401224630453,540.5817031860352,0.0
12,waypoint_47,30.0,0.38323956389577535,-0.7304170035653912,1.056401224630453,811.273992061615,0.0
13,waypoint_47,30.0,0.38323956389577535,-0.7304170035653912,1.056401224630453,549.3526458740234,0.0
14,waypoint_47,30.0,0.38323956389577535,-0.7304170035653912,1.056401224630453,754.2746067047119,0.0
0,waypoint_48,30.0,0.40323956389577514,-0.7304170035653912,1.056401224630453,4316.864013671875,0.0
1,waypoint_48,30.0,0.40323956389577514,-0.7304170035653912,1.056401224630453,3190.891981124878,0.0
2,waypoint_48,30.0,0.40323956389577514,-0.7304170035653912,1.056401224630453,3003.279447555542,0.0
3,waypoint_48,30.0,0.40323956389577514,-0.7304170035653912,1.056401224630453,1178.8227558135986,0.0
4,waypoint_48,30.0,0.40323956389577514,-0.7304170035653912,1.056401224630453,1182.780146598816,0.0
5,waypoint_48,30.0,0.40323956389577514,-0.7304170035653912,1.056401224630453,1635.9529495239258,0.0
6,waypoint_48,30.0,0.40323956389577514,-0.7304170035653912,1.056401224630453,2388.7147903442383,0.0
7,waypoint_48,30.0,0.40323956389577514,-0.7304170035653912,1.056401224630453,1216.638207435608,0.0
8,waypoint_48,30.0,0.40323956389577514,-0.7304170035653912,1.056401224630453,405.62328696250916,0.0
9,waypoint_48,30.0,0.40323956389577514,-0.7304170035653912,1.056401224630453,444.691926240921,0.0
10,waypoint_48,30.0,0.40323956389577514,-0.7304170035653912,1.056401224630453,625.6291270256042,0.0
11,waypoint_48,30.0,0.40323956389577514,-0.7304170035653912,1.056401224630453,576.1001706123352,0.0
12,waypoint_48,30.0,0.40323956389577514,-0.7304170035653912,1.056401224630453,826.4093995094299,0.0
13,waypoint_48,30.0,0.40323956389577514,-0.7304170035653912,1.056401224630453,520.2236771583557,0.0
14,waypoint_48,30.0,0.40323956389577514,-0.7304170035653912,1.056401224630453,774.2741703987122,0.0
0,waypoint_48,15.0,0.40323956389577514,-0.7304170035653912,1.056401224630453,4305.492401123047,0.0
1,waypoint_48,15.0,0.40323956389577514,-0.7304170035653912,1.056401224630453,3186.971664428711,0.0
2,waypoint_48,15.0,0.40323956389577514,-0.7304170035653912,1.056401224630453,2915.407419204712,0.0
3,waypoint_48,15.0,0.40323956389577514,-0.7304170035653912,1.056401224630453,1166.3103103637695,0.0
4,waypoint_48,15.0,0.40323956389577514,-0.7304170035653912,1.056401224630453,1182.935118675232,0.0
5,waypoint_48,15.0,0.40323956389577514,-0.7304170035653912,1.056401224630453,1547.8359460830688,0.0
6,waypoint_48,15.0,0.40323956389577514,-0.7304170035653912,1.056401224630453,2442.312002182007,0.0
7,waypoint_48,15.0,0.40323956389577514,-0.7304170035653912,1.056401224630453,1458.7465524673462,0.0
8,waypoint_48,15.0,0.40323956389577514,-0.7304170035653912,1.056401224630453,457.7088952064514,0.0
9,waypoint_48,15.0,0.40323956389577514,-0.7304170035653912,1.056401224630453,447.7594792842865,0.0
10,waypoint_48,15.0,0.40323956389577514,-0.7304170035653912,1.056401224630453,604.9177646636963,0.0
11,waypoint_48,15.0,0.40323956389577514,-0.7304170035653912,1.056401224630453,539.3015146255493,0.0
12,waypoint_48,15.0,0.40323956389577514,-0.7304170035653912,1.056401224630453,838.3654952049255,0.0
13,waypoint_48,15.0,0.40323956389577514,-0.7304170035653912,1.056401224630453,475.96409916877747,0.0
14,waypoint_48,15.0,0.40323956389577514,-0.7304170035653912,1.056401224630453,756.5757036209106,0.0
0,waypoint_48,0.0,0.40323956389577514,-0.7304170035653912,1.056401224630453,4296.055316925049,0.0
1,waypoint_48,0.0,0.40323956389577514,-0.7304170035653912,1.056401224630453,3183.345317840576,0.0
2,waypoint_48,0.0,0.40323956389577514,-0.7304170035653912,1.056401224630453,2997.514009475708,0.0
3,waypoint_48,0.0,0.40323956389577514,-0.7304170035653912,1.056401224630453,1199.75745677948,0.0
4,waypoint_48,0.0,0.40323956389577514,-0.7304170035653912,1.056401224630453,1189.5027160644531,0.0
5,waypoint_48,0.0,0.40323956389577514,-0.7304170035653912,1.056401224630453,1688.386082649231,0.0
6,waypoint_48,0.0,0.40323956389577514,-0.7304170035653912,1.056401224630453,2386.6114616394043,0.0
7,waypoint_48,0.0,0.40323956389577514,-0.7304170035653912,1.056401224630453,1439.0817880630493,0.0
8,waypoint_48,0.0,0.40323956389577514,-0.7304170035653912,1.056401224630453,436.68726086616516,0.0
9,waypoint_48,0.0,0.40323956389577514,-0.7304170035653912,1.056401224630453,431.8927824497223,0.0
10,waypoint_48,0.0,0.40323956389577514,-0.7304170035653912,1.056401224630453,550.0652194023132,0.0
11,waypoint_48,0.0,0.40323956389577514,-0.7304170035653912,1.056401224630453,518.7526941299438,0.0
12,waypoint_48,0.0,0.40323956389577514,-0.7304170035653912,1.056401224630453,851.2333035469055,0.0
13,waypoint_48,0.0,0.40323956389577514,-0.7304170035653912,1.056401224630453,467.4040675163269,0.0
14,waypoint_48,0.0,0.40323956389577514,-0.7304170035653912,1.056401224630453,826.6645073890686,0.0
0,waypoint_48,-15.0,0.40323956389577514,-0.7304170035653912,1.056401224630453,4287.500858306885,0.0
1,waypoint_48,-15.0,0.40323956389577514,-0.7304170035653912,1.056401224630453,3181.027412414551,0.0
2,waypoint_48,-15.0,0.40323956389577514,-0.7304170035653912,1.056401224630453,2788.841485977173,0.0
3,waypoint_48,-15.0,0.40323956389577514,-0.7304170035653912,1.056401224630453,1151.869773864746,0.0
4,waypoint_48,-15.0,0.40323956389577514,-0.7304170035653912,1.056401224630453,1182.3252439498901,0.0
5,waypoint_48,-15.0,0.40323956389577514,-0.7304170035653912,1.056401224630453,2127.838134765625,0.0
6,waypoint_48,-15.0,0.40323956389577514,-0.7304170035653912,1.056401224630453,2470.1080322265625,0.0
7,waypoint_48,-15.0,0.40323956389577514,-0.7304170035653912,1.056401224630453,1517.4213647842407,0.0
8,waypoint_48,-15.0,0.40323956389577514,-0.7304170035653912,1.056401224630453,436.4412724971771,0.0
9,waypoint_48,-15.0,0.40323956389577514,-0.7304170035653912,1.056401224630453,420.70773243904114,0.0
10,waypoint_48,-15.0,0.40323956389577514,-0.7304170035653912,1.056401224630453,528.946578502655,0.0
11,waypoint_48,-15.0,0.40323956389577514,-0.7304170035653912,1.056401224630453,492.107629776001,0.0
12,waypoint_48,-15.0,0.40323956389577514,-0.7304170035653912,1.056401224630453,867.1726584434509,0.0
13,waypoint_48,-15.0,0.40323956389577514,-0.7304170035653912,1.056401224630453,417.2184467315674,0.0
14,waypoint_48,-15.0,0.40323956389577514,-0.7304170035653912,1.056401224630453,863.58243227005,0.0
0,waypoint_48,-30.0,0.40323956389577514,-0.7304170035653912,1.056401224630453,4286.202907562256,0.0
1,waypoint_48,-30.0,0.40323956389577514,-0.7304170035653912,1.056401224630453,3180.940628051758,0.0
2,waypoint_48,-30.0,0.40323956389577514,-0.7304170035653912,1.056401224630453,2827.4617195129395,0.0
3,waypoint_48,-30.0,0.40323956389577514,-0.7304170035653912,1.056401224630453,1014.215350151062,0.0
4,waypoint_48,-30.0,0.40323956389577514,-0.7304170035653912,1.056401224630453,1185.3257417678833,0.0
5,waypoint_48,-30.0,0.40323956389577514,-0.7304170035653912,1.056401224630453,2164.506673812866,0.0
6,waypoint_48,-30.0,0.40323956389577514,-0.7304170035653912,1.056401224630453,2491.1906719207764,0.0
7,waypoint_48,-30.0,0.40323956389577514,-0.7304170035653912,1.056401224630453,1427.6930093765259,0.0
8,waypoint_48,-30.0,0.40323956389577514,-0.7304170035653912,1.056401224630453,435.72214245796204,0.0
9,waypoint_48,-30.0,0.40323956389577514,-0.7304170035653912,1.056401224630453,420.1277494430542,0.0
10,waypoint_48,-30.0,0.40323956389577514,-0.7304170035653912,1.056401224630453,534.5997214317322,0.0
11,waypoint_48,-30.0,0.40323956389577514,-0.7304170035653912,1.056401224630453,478.6853492259979,0.0
12,waypoint_48,-30.0,0.40323956389577514,-0.7304170035653912,1.056401224630453,886.157214641571,0.0
13,waypoint_48,-30.0,0.40323956389577514,-0.7304170035653912,1.056401224630453,361.65472865104675,0.0
14,waypoint_48,-30.0,0.40323956389577514,-0.7304170035653912,1.056401224630453,950.1336812973022,0.0
0,waypoint_49,-30.0,0.4232395638957754,-0.7304170035653912,1.056401224630453,4341.324329376221,0.0
1,waypoint_49,-30.0,0.4232395638957754,-0.7304170035653912,1.056401224630453,3182.8019618988037,0.0
2,waypoint_49,-30.0,0.4232395638957754,-0.7304170035653912,1.056401224630453,2876.6369819641113,0.0
3,waypoint_49,-30.0,0.4232395638957754,-0.7304170035653912,1.056401224630453,992.8226470947266,0.0
4,waypoint_49,-30.0,0.4232395638957754,-0.7304170035653912,1.056401224630453,1166.0335063934326,0.0
5,waypoint_49,-30.0,0.4232395638957754,-0.7304170035653912,1.056401224630453,2161.182403564453,0.0
6,waypoint_49,-30.0,0.4232395638957754,-0.7304170035653912,1.056401224630453,2497.27463722229,0.0
7,waypoint_49,-30.0,0.4232395638957754,-0.7304170035653912,1.056401224630453,1525.7654190063477,0.0
8,waypoint_49,-30.0,0.4232395638957754,-0.7304170035653912,1.056401224630453,453.5467028617859,0.0
9,waypoint_49,-30.0,0.4232395638957754,-0.7304170035653912,1.056401224630453,437.7357065677643,0.0
10,waypoint_49,-30.0,0.4232395638957754,-0.7304170035653912,1.056401224630453,530.9694409370422,0.0
11,waypoint_49,-30.0,0.4232395638957754,-0.7304170035653912,1.056401224630453,478.50412130355835,0.0
12,waypoint_49,-30.0,0.4232395638957754,-0.7304170035653912,1.056401224630453,900.749146938324,0.0
13,waypoint_49,-30.0,0.4232395638957754,-0.7304170035653912,1.056401224630453,368.24506521224976,0.0
14,waypoint_49,-30.0,0.4232395638957754,-0.7304170035653912,1.056401224630453,949.6239423751831,0.0
0,waypoint_49,-15.0,0.4232395638957754,-0.7304170035653912,1.056401224630453,4365.789890289307,0.0
1,waypoint_49,-15.0,0.4232395638957754,-0.7304170035653912,1.056401224630453,3182.7402114868164,0.0
2,waypoint_49,-15.0,0.4232395638957754,-0.7304170035653912,1.056401224630453,2900.1553058624268,0.0
3,waypoint_49,-15.0,0.4232395638957754,-0.7304170035653912,1.056401224630453,1143.0546045303345,0.0
4,waypoint_49,-15.0,0.4232395638957754,-0.7304170035653912,1.056401224630453,1167.166829109192,0.0
5,waypoint_49,-15.0,0.4232395638957754,-0.7304170035653912,1.056401224630453,2125.476360321045,0.0
6,waypoint_49,-15.0,0.4232395638957754,-0.7304170035653912,1.056401224630453,2509.045124053955,0.0
7,waypoint_49,-15.0,0.4232395638957754,-0.7304170035653912,1.056401224630453,1291.0184860229492,0.0
8,waypoint_49,-15.0,0.4232395638957754,-0.7304170035653912,1.056401224630453,453.6259174346924,0.0
9,waypoint_49,-15.0,0.4232395638957754,-0.7304170035653912,1.056401224630453,438.0100965499878,0.0
10,waypoint_49,-15.0,0.4232395638957754,-0.7304170035653912,1.056401224630453,539.8704409599304,0.0
11,waypoint_49,-15.0,0.4232395638957754,-0.7304170035653912,1.056401224630453,490.5436635017395,0.0
12,waypoint_49,-15.0,0.4232395638957754,-0.7304170035653912,1.056401224630453,882.0854425430298,0.0
13,waypoint_49,-15.0,0.4232395638957754,-0.7304170035653912,1.056401224630453,381.94307684898376,0.0
14,waypoint_49,-15.0,0.4232395638957754,-0.7304170035653912,1.056401224630453,838.5756611824036,0.0
0,waypoint_49,0.0,0.4232395638957754,-0.7304170035653912,1.056401224630453,4330.266952514648,0.0
1,waypoint_49,0.0,0.4232395638957754,-0.7304170035653912,1.056401224630453,3184.938669204712,0.0
2,waypoint_49,0.0,0.4232395638957754,-0.7304170035653912,1.056401224630453,2933.289051055908,0.0
3,waypoint_49,0.0,0.4232395638957754,-0.7304170035653912,1.056401224630453,1163.5510921478271,0.0
4,waypoint_49,0.0,0.4232395638957754,-0.7304170035653912,1.056401224630453,1164.3471717834473,0.0
5,waypoint_49,0.0,0.4232395638957754,-0.7304170035653912,1.056401224630453,2041.2724018096924,0.0
6,waypoint_49,0.0,0.4232395638957754,-0.7304170035653912,1.056401224630453,2475.649833679199,0.0
7,waypoint_49,0.0,0.4232395638957754,-0.7304170035653912,1.056401224630453,1321.0042715072632,0.0
8,waypoint_49,0.0,0.4232395638957754,-0.7304170035653912,1.056401224630453,430.9062957763672,0.0
9,waypoint_49,0.0,0.4232395638957754,-0.7304170035653912,1.056401224630453,439.343124628067,0.0
10,waypoint_49,0.0,0.4232395638957754,-0.7304170035653912,1.056401224630453,506.3017010688782,0.0
11,waypoint_49,0.0,0.4232395638957754,-0.7304170035653912,1.056401224630453,510.617733001709,0.0
12,waypoint_49,0.0,0.4232395638957754,-0.7304170035653912,1.056401224630453,867.0120239257812,0.0
13,waypoint_49,0.0,0.4232395638957754,-0.7304170035653912,1.056401224630453,485.85858941078186,0.0
14,waypoint_49,0.0,0.4232395638957754,-0.7304170035653912,1.056401224630453,806.6909909248352,0.0
0,waypoint_49,15.0,0.4232395638957754,-0.7304170035653912,1.056401224630453,4358.531475067139,0.0
1,waypoint_49,15.0,0.4232395638957754,-0.7304170035653912,1.056401224630453,3188.4899139404297,0.0
2,waypoint_49,15.0,0.4232395638957754,-0.7304170035653912,1.056401224630453,2952.8138637542725,0.0
3,waypoint_49,15.0,0.4232395638957754,-0.7304170035653912,1.056401224630453,1182.808756828308,0.0
4,waypoint_49,15.0,0.4232395638957754,-0.7304170035653912,1.056401224630453,1166.2555932998657,0.0
5,waypoint_49,15.0,0.4232395638957754,-0.7304170035653912,1.056401224630453,1540.3575897216797,0.0
6,waypoint_49,15.0,0.4232395638957754,-0.7304170035653912,1.056401224630453,2436.1350536346436,0.0
7,waypoint_49,15.0,0.4232395638957754,-0.7304170035653912,1.056401224630453,1368.038535118103,0.0
8,waypoint_49,15.0,0.4232395638957754,-0.7304170035653912,1.056401224630453,429.6417534351349,0.0
9,waypoint_49,15.0,0.4232395638957754,-0.7304170035653912,1.056401224630453,429.5356869697571,0.0
10,waypoint_49,15.0,0.4232395638957754,-0.7304170035653912,1.056401224630453,540.1139259338379,0.0
11,waypoint_49,15.0,0.4232395638957754,-0.7304170035653912,1.056401224630453,522.1267342567444,0.0
12,waypoint_49,15.0,0.4232395638957754,-0.7304170035653912,1.056401224630453,854.098916053772,0.0
13,waypoint_49,15.0,0.4232395638957754,-0.7304170035653912,1.056401224630453,477.95647382736206,0.0
14,waypoint_49,15.0,0.4232395638957754,-0.7304170035653912,1.056401224630453,783.5246920585632,0.0
0,waypoint_49,30.0,0.4232395638957754,-0.7304170035653912,1.056401224630453,4355.216026306152,0.0
1,waypoint_49,30.0,0.4232395638957754,-0.7304170035653912,1.056401224630453,3192.3694610595703,0.0
2,waypoint_49,30.0,0.4232395638957754,-0.7304170035653912,1.056401224630453,2943.654775619507,0.0
3,waypoint_49,30.0,0.4232395638957754,-0.7304170035653912,1.056401224630453,1169.8304414749146,0.0
4,waypoint_49,30.0,0.4232395638957754,-0.7304170035653912,1.056401224630453,1163.2435321807861,0.0
5,waypoint_49,30.0,0.4232395638957754,-0.7304170035653912,1.056401224630453,1628.4518241882324,0.0
6,waypoint_49,30.0,0.4232395638957754,-0.7304170035653912,1.056401224630453,2490.297317504883,0.0
7,waypoint_49,30.0,0.4232395638957754,-0.7304170035653912,1.056401224630453,1113.9956712722778,0.0
8,waypoint_49,30.0,0.4232395638957754,-0.7304170035653912,1.056401224630453,387.61064410209656,0.0
9,waypoint_49,30.0,0.4232395638957754,-0.7304170035653912,1.056401224630453,398.24527502059937,0.0
10,waypoint_49,30.0,0.4232395638957754,-0.7304170035653912,1.056401224630453,604.1561365127563,0.0
11,waypoint_49,30.0,0.4232395638957754,-0.7304170035653912,1.056401224630453,580.1852345466614,0.0
12,waypoint_49,30.0,0.4232395638957754,-0.7304170035653912,1.056401224630453,842.6479697227478,0.0
13,waypoint_49,30.0,0.4232395638957754,-0.7304170035653912,1.056401224630453,571.0064768791199,0.0
14,waypoint_49,30.0,0.4232395638957754,-0.7304170035653912,1.056401224630453,791.4551496505737,0.0
0,waypoint_50,30.0,0.4432395638957752,-0.7304170035653912,1.056401224630453,4416.881084442139,0.0
1,waypoint_50,30.0,0.4432395638957752,-0.7304170035653912,1.056401224630453,3193.9520835876465,0.0
2,waypoint_50,30.0,0.4432395638957752,-0.7304170035653912,1.056401224630453,2893.2783603668213,0.0
3,waypoint_50,30.0,0.4432395638957752,-0.7304170035653912,1.056401224630453,1131.7449808120728,0.0
4,waypoint_50,30.0,0.4432395638957752,-0.7304170035653912,1.056401224630453,1143.40341091156,0.0
5,waypoint_50,30.0,0.4432395638957752,-0.7304170035653912,1.056401224630453,1621.1141347885132,0.0
6,waypoint_50,30.0,0.4432395638957752,-0.7304170035653912,1.056401224630453,2436.495542526245,0.0
7,waypoint_50,30.0,0.4432395638957752,-0.7304170035653912,1.056401224630453,1177.5739192962646,0.0
8,waypoint_50,30.0,0.4432395638957752,-0.7304170035653912,1.056401224630453,408.2157611846924,0.0
9,waypoint_50,30.0,0.4432395638957752,-0.7304170035653912,1.056401224630453,403.45513820648193,0.0
10,waypoint_50,30.0,0.4432395638957752,-0.7304170035653912,1.056401224630453,476.97708010673523,0.0
11,waypoint_50,30.0,0.4432395638957752,-0.7304170035653912,1.056401224630453,602.6843786239624,0.0
12,waypoint_50,30.0,0.4432395638957752,-0.7304170035653912,1.056401224630453,858.1721782684326,0.0
13,waypoint_50,30.0,0.4432395638957752,-0.7304170035653912,1.056401224630453,559.5963597297668,0.0
14,waypoint_50,30.0,0.4432395638957752,-0.7304170035653912,1.056401224630453,799.2745637893677,0.0
0,waypoint_50,15.0,0.4432395638957752,-0.7304170035653912,1.056401224630453,4385.373592376709,0.0
1,waypoint_50,15.0,0.4432395638957752,-0.7304170035653912,1.056401224630453,3190.1090145111084,0.0
2,waypoint_50,15.0,0.4432395638957752,-0.7304170035653912,1.056401224630453,2948.4994411468506,0.0
3,waypoint_50,15.0,0.4432395638957752,-0.7304170035653912,1.056401224630453,1165.037751197815,0.0
4,waypoint_50,15.0,0.4432395638957752,-0.7304170035653912,1.056401224630453,1142.2678232192993,0.0
5,waypoint_50,15.0,0.4432395638957752,-0.7304170035653912,1.056401224630453,1533.0551862716675,0.0
6,waypoint_50,15.0,0.4432395638957752,-0.7304170035653912,1.056401224630453,2360.7406616210938,0.0
7,waypoint_50,15.0,0.4432395638957752,-0.7304170035653912,1.056401224630453,1258.9834928512573,0.0
8,waypoint_50,15.0,0.4432395638957752,-0.7304170035653912,1.056401224630453,485.31627655029297,0.0
9,waypoint_50,15.0,0.4432395638957752,-0.7304170035653912,1.056401224630453,460.0435197353363,0.0
10,waypoint_50,15.0,0.4432395638957752,-0.7304170035653912,1.056401224630453,476.0949909687042,0.0
11,waypoint_50,15.0,0.4432395638957752,-0.7304170035653912,1.056401224630453,576.0149955749512,0.0
12,waypoint_50,15.0,0.4432395638957752,-0.7304170035653912,1.056401224630453,869.4654703140259,0.0
13,waypoint_50,15.0,0.4432395638957752,-0.7304170035653912,1.056401224630453,506.5646767616272,0.0
14,waypoint_50,15.0,0.4432395638957752,-0.7304170035653912,1.056401224630453,746.3014721870422,0.0
0,waypoint_50,0.0,0.4432395638957752,-0.7304170035653912,1.056401224630453,4373.191356658936,0.0
1,waypoint_50,0.0,0.4432395638957752,-0.7304170035653912,1.056401224630453,3186.640501022339,0.0
2,waypoint_50,0.0,0.4432395638957752,-0.7304170035653912,1.056401224630453,2909.8472595214844,0.0
3,waypoint_50,0.0,0.4432395638957752,-0.7304170035653912,1.056401224630453,1155.2655696868896,0.0
4,waypoint_50,0.0,0.4432395638957752,-0.7304170035653912,1.056401224630453,1143.3910131454468,0.0
5,waypoint_50,0.0,0.4432395638957752,-0.7304170035653912,1.056401224630453,1665.788173675537,0.0
6,waypoint_50,0.0,0.4432395638957752,-0.7304170035653912,1.056401224630453,2387.1076107025146,0.0
7,waypoint_50,0.0,0.4432395638957752,-0.7304170035653912,1.056401224630453,1427.351951599121,0.0
8,waypoint_50,0.0,0.4432395638957752,-0.7304170035653912,1.056401224630453,437.38502264022827,0.0
9,waypoint_50,0.0,0.4432395638957752,-0.7304170035653912,1.056401224630453,437.581866979599,0.0
10,waypoint_50,0.0,0.4432395638957752,-0.7304170035653912,1.056401224630453,460.7031047344208,0.0
11,waypoint_50,0.0,0.4432395638957752,-0.7304170035653912,1.056401224630453,535.8760952949524,0.0
12,waypoint_50,0.0,0.4432395638957752,-0.7304170035653912,1.056401224630453,881.3892602920532,0.0
13,waypoint_50,0.0,0.4432395638957752,-0.7304170035653912,1.056401224630453,497.8395104408264,0.0
14,waypoint_50,0.0,0.4432395638957752,-0.7304170035653912,1.056401224630453,782.1215391159058,0.0
0,waypoint_50,-15.0,0.4432395638957752,-0.7304170035653912,1.056401224630453,4381.952285766602,0.0
1,waypoint_50,-15.0,0.4432395638957752,-0.7304170035653912,1.056401224630453,3184.5624446868896,0.0
2,waypoint_50,-15.0,0.4432395638957752,-0.7304170035653912,1.056401224630453,2861.6223335266113,0.0
3,waypoint_50,-15.0,0.4432395638957752,-0.7304170035653912,1.056401224630453,1135.5198621749878,0.0
4,waypoint_50,-15.0,0.4432395638957752,-0.7304170035653912,1.056401224630453,1147.3246812820435,0.0
5,waypoint_50,-15.0,0.4432395638957752,-0.7304170035653912,1.056401224630453,2121.067523956299,0.0
6,waypoint_50,-15.0,0.4432395638957752,-0.7304170035653912,1.056401224630453,2402.7814865112305,0.0
7,waypoint_50,-15.0,0.4432395638957752,-0.7304170035653912,1.056401224630453,1471.7955589294434,0.0
8,waypoint_50,-15.0,0.4432395638957752,-0.7304170035653912,1.056401224630453,427.31302976608276,0.0
9,waypoint_50,-15.0,0.4432395638957752,-0.7304170035653912,1.056401224630453,437.3585879802704,0.0
10,waypoint_50,-15.0,0.4432395638957752,-0.7304170035653912,1.056401224630453,449.59694147109985,0.0
11,waypoint_50,-15.0,0.4432395638957752,-0.7304170035653912,1.056401224630453,511.0622048377991,0.0
12,waypoint_50,-15.0,0.4432395638957752,-0.7304170035653912,1.056401224630453,897.5489139556885,0.0
13,waypoint_50,-15.0,0.4432395638957752,-0.7304170035653912,1.056401224630453,446.5527534484863,0.0
14,waypoint_50,-15.0,0.4432395638957752,-0.7304170035653912,1.056401224630453,899.2574214935303,0.0
0,waypoint_50,-30.0,0.4432395638957752,-0.7304170035653912,1.056401224630453,4318.13383102417,0.0
1,waypoint_50,-30.0,0.4432395638957752,-0.7304170035653912,1.056401224630453,3184.7753524780273,0.0
2,waypoint_50,-30.0,0.4432395638957752,-0.7304170035653912,1.056401224630453,2807.0356845855713,0.0
3,waypoint_50,-30.0,0.4432395638957752,-0.7304170035653912,1.056401224630453,985.5153560638428,0.0
4,waypoint_50,-30.0,0.4432395638957752,-0.7304170035653912,1.056401224630453,1144.193410873413,0.0
5,waypoint_50,-30.0,0.4432395638957752,-0.7304170035653912,1.056401224630453,2158.0755710601807,0.0
6,waypoint_50,-30.0,0.4432395638957752,-0.7304170035653912,1.056401224630453,2460.5815410614014,0.0
7,waypoint_50,-30.0,0.4432395638957752,-0.7304170035653912,1.056401224630453,1378.4955739974976,0.0
8,waypoint_50,-30.0,0.4432395638957752,-0.7304170035653912,1.056401224630453,424.0016043186188,0.0
9,waypoint_50,-30.0,0.4432395638957752,-0.7304170035653912,1.056401224630453,436.66404485702515,0.0
10,waypoint_50,-30.0,0.4432395638957752,-0.7304170035653912,1.056401224630453,449.4689106941223,0.0
11,waypoint_50,-30.0,0.4432395638957752,-0.7304170035653912,1.056401224630453,504.6781897544861,0.0
12,waypoint_50,-30.0,0.4432395638957752,-0.7304170035653912,1.056401224630453,915.6508445739746,0.0
13,waypoint_50,-30.0,0.4432395638957752,-0.7304170035653912,1.056401224630453,412.06270456314087,0.0
14,waypoint_50,-30.0,0.4432395638957752,-0.7304170035653912,1.056401224630453,975.3280878067017,0.0
0,waypoint_51,-30.0,0.2632395638957761,-0.7050469241938334,1.043684508641266,4161.6692543029785,0.0
1,waypoint_51,-30.0,0.2632395638957761,-0.7050469241938334,1.043684508641266,3145.18141746521,0.0
2,waypoint_51,-30.0,0.2632395638957761,-0.7050469241938334,1.043684508641266,2879.1377544403076,0.0
3,waypoint_51,-30.0,0.2632395638957761,-0.7050469241938334,1.043684508641266,1113.7150526046753,0.0
4,waypoint_51,-30.0,0.2632395638957761,-0.7050469241938334,1.043684508641266,1320.8966255187988,0.0
5,waypoint_51,-30.0,0.2632395638957761,-0.7050469241938334,1.043684508641266,2165.7168865203857,0.0
6,waypoint_51,-30.0,0.2632395638957761,-0.7050469241938334,1.043684508641266,2637.3867988586426,0.0
7,waypoint_51,-30.0,0.2632395638957761,-0.7050469241938334,1.043684508641266,1921.5073585510254,0.0
8,waypoint_51,-30.0,0.2632395638957761,-0.7050469241938334,1.043684508641266,259.2342793941498,0.0
9,waypoint_51,-30.0,0.2632395638957761,-0.7050469241938334,1.043684508641266,301.49441957473755,0.0
10,waypoint_51,-30.0,0.2632395638957761,-0.7050469241938334,1.043684508641266,308.79563093185425,0.0
11,waypoint_51,-30.0,0.2632395638957761,-0.7050469241938334,1.043684508641266,346.2682366371155,0.0
12,waypoint_51,-30.0,0.2632395638957761,-0.7050469241938334,1.043684508641266,780.5777788162231,0.0
13,waypoint_51,-30.0,0.2632395638957761,-0.7050469241938334,1.043684508641266,288.9946699142456,0.0
14,waypoint_51,-30.0,0.2632395638957761,-0.7050469241938334,1.043684508641266,890.5037641525269,0.0
0,waypoint_51,-15.0,0.2632395638957761,-0.7050469241938334,1.043684508641266,4168.506145477295,0.0
1,waypoint_51,-15.0,0.2632395638957761,-0.7050469241938334,1.043684508641266,3146.737813949585,0.0
2,waypoint_51,-15.0,0.2632395638957761,-0.7050469241938334,1.043684508641266,2882.035255432129,0.0
3,waypoint_51,-15.0,0.2632395638957761,-0.7050469241938334,1.043684508641266,1270.0018882751465,0.0
4,waypoint_51,-15.0,0.2632395638957761,-0.7050469241938334,1.043684508641266,1323.635220527649,0.0
5,waypoint_51,-15.0,0.2632395638957761,-0.7050469241938334,1.043684508641266,2125.0717639923096,0.0
6,waypoint_51,-15.0,0.2632395638957761,-0.7050469241938334,1.043684508641266,2594.794511795044,0.0
7,waypoint_51,-15.0,0.2632395638957761,-0.7050469241938334,1.043684508641266,1461.4481925964355,0.0
8,waypoint_51,-15.0,0.2632395638957761,-0.7050469241938334,1.043684508641266,279.24665808677673,0.0
9,waypoint_51,-15.0,0.2632395638957761,-0.7050469241938334,1.043684508641266,337.2442424297333,0.0
10,waypoint_51,-15.0,0.2632395638957761,-0.7050469241938334,1.043684508641266,361.06932163238525,0.0
11,waypoint_51,-15.0,0.2632395638957761,-0.7050469241938334,1.043684508641266,355.72248697280884,0.0
12,waypoint_51,-15.0,0.2632395638957761,-0.7050469241938334,1.043684508641266,760.3779435157776,0.0
13,waypoint_51,-15.0,0.2632395638957761,-0.7050469241938334,1.043684508641266,375.727117061615,0.0
14,waypoint_51,-15.0,0.2632395638957761,-0.7050469241938334,1.043684508641266,859.2274785041809,0.0
0,waypoint_51,0.0,0.2632395638957761,-0.7050469241938334,1.043684508641266,4163.330554962158,0.0
1,waypoint_51,0.0,0.2632395638957761,-0.7050469241938334,1.043684508641266,3150.275468826294,0.0
2,waypoint_51,0.0,0.2632395638957761,-0.7050469241938334,1.043684508641266,3013.7581825256348,0.0
3,waypoint_51,0.0,0.2632395638957761,-0.7050469241938334,1.043684508641266,1260.5640888214111,0.0
4,waypoint_51,0.0,0.2632395638957761,-0.7050469241938334,1.043684508641266,1321.4519023895264,0.0
5,waypoint_51,0.0,0.2632395638957761,-0.7050469241938334,1.043684508641266,1659.459114074707,0.0
6,waypoint_51,0.0,0.2632395638957761,-0.7050469241938334,1.043684508641266,2397.4335193634033,0.0
7,waypoint_51,0.0,0.2632395638957761,-0.7050469241938334,1.043684508641266,1567.6921606063843,0.0
8,waypoint_51,0.0,0.2632395638957761,-0.7050469241938334,1.043684508641266,403.9909541606903,0.0
9,waypoint_51,0.0,0.2632395638957761,-0.7050469241938334,1.043684508641266,403.841108083725,0.0
10,waypoint_51,0.0,0.2632395638957761,-0.7050469241938334,1.043684508641266,437.3246133327484,0.0
11,waypoint_51,0.0,0.2632395638957761,-0.7050469241938334,1.043684508641266,394.2594528198242,0.0
12,waypoint_51,0.0,0.2632395638957761,-0.7050469241938334,1.043684508641266,744.6212768554688,0.0
13,waypoint_51,0.0,0.2632395638957761,-0.7050469241938334,1.043684508641266,326.12746953964233,0.0
14,waypoint_51,0.0,0.2632395638957761,-0.7050469241938334,1.043684508641266,789.8176908493042,0.0
0,waypoint_51,15.0,0.2632395638957761,-0.7050469241938334,1.043684508641266,4156.41450881958,0.0
1,waypoint_51,15.0,0.2632395638957761,-0.7050469241938334,1.043684508641266,3154.773950576782,0.0
2,waypoint_51,15.0,0.2632395638957761,-0.7050469241938334,1.043684508641266,3047.213554382324,0.0
3,waypoint_51,15.0,0.2632395638957761,-0.7050469241938334,1.043684508641266,1239.150881767273,0.0
4,waypoint_51,15.0,0.2632395638957761,-0.7050469241938334,1.043684508641266,1323.3588933944702,0.0
5,waypoint_51,15.0,0.2632395638957761,-0.7050469241938334,1.043684508641266,1577.9350996017456,0.0
6,waypoint_51,15.0,0.2632395638957761,-0.7050469241938334,1.043684508641266,2494.0977096557617,0.0
7,waypoint_51,15.0,0.2632395638957761,-0.7050469241938334,1.043684508641266,1568.3714151382446,0.0
8,waypoint_51,15.0,0.2632395638957761,-0.7050469241938334,1.043684508641266,531.6565036773682,0.0
9,waypoint_51,15.0,0.2632395638957761,-0.7050469241938334,1.043684508641266,492.1973645687103,0.0
10,waypoint_51,15.0,0.2632395638957761,-0.7050469241938334,1.043684508641266,457.8002393245697,0.0
11,waypoint_51,15.0,0.2632395638957761,-0.7050469241938334,1.043684508641266,388.75696063041687,0.0
12,waypoint_51,15.0,0.2632395638957761,-0.7050469241938334,1.043684508641266,729.9418449401855,0.0
13,waypoint_51,15.0,0.2632395638957761,-0.7050469241938334,1.043684508641266,353.76277565956116,0.0
14,waypoint_51,15.0,0.2632395638957761,-0.7050469241938334,1.043684508641266,696.7042088508606,0.0
0,waypoint_51,30.0,0.2632395638957761,-0.7050469241938334,1.043684508641266,4178.6789894104,0.0
1,waypoint_51,30.0,0.2632395638957761,-0.7050469241938334,1.043684508641266,3159.1713428497314,0.0
2,waypoint_51,30.0,0.2632395638957761,-0.7050469241938334,1.043684508641266,2996.2549209594727,0.0
3,waypoint_51,30.0,0.2632395638957761,-0.7050469241938334,1.043684508641266,1309.0934753417969,0.0
4,waypoint_51,30.0,0.2632395638957761,-0.7050469241938334,1.043684508641266,1325.4854679107666,0.0
5,waypoint_51,30.0,0.2632395638957761,-0.7050469241938334,1.043684508641266,1667.3200130462646,0.0
6,waypoint_51,30.0,0.2632395638957761,-0.7050469241938334,1.043684508641266,2535.0241661071777,0.0
7,waypoint_51,30.0,0.2632395638957761,-0.7050469241938334,1.043684508641266,1151.8027782440186,0.0
8,waypoint_51,30.0,0.2632395638957761,-0.7050469241938334,1.043684508641266,576.0994553565979,0.0
9,waypoint_51,30.0,0.2632395638957761,-0.7050469241938334,1.043684508641266,537.8651022911072,0.0
10,waypoint_51,30.0,0.2632395638957761,-0.7050469241938334,1.043684508641266,489.39234018325806,0.0
11,waypoint_51,30.0,0.2632395638957761,-0.7050469241938334,1.043684508641266,490.6323254108429,0.0
12,waypoint_51,30.0,0.2632395638957761,-0.7050469241938334,1.043684508641266,717.4566984176636,0.0
13,waypoint_51,30.0,0.2632395638957761,-0.7050469241938334,1.043684508641266,503.30817699432373,0.0
14,waypoint_51,30.0,0.2632395638957761,-0.7050469241938334,1.043684508641266,623.9335536956787,0.0
0,waypoint_52,30.0,0.28323956389577565,-0.7050469241938334,1.043684508641266,4231.362342834473,0.0
1,waypoint_52,30.0,0.28323956389577565,-0.7050469241938334,1.043684508641266,3159.914970397949,0.0
2,waypoint_52,30.0,0.28323956389577565,-0.7050469241938334,1.043684508641266,3059.3342781066895,0.0
3,waypoint_52,30.0,0.28323956389577565,-0.7050469241938334,1.043684508641266,1226.7059087753296,0.0
4,waypoint_52,30.0,0.28323956389577565,-0.7050469241938334,1.043684508641266,1305.19437789917,0.0
5,waypoint_52,30.0,0.28323956389577565,-0.7050469241938334,1.043684508641266,1658.5811376571655,0.0
6,waypoint_52,30.0,0.28323956389577565,-0.7050469241938334,1.043684508641266,2551.1090755462646,0.0
7,waypoint_52,30.0,0.28323956389577565,-0.7050469241938334,1.043684508641266,1412.5697612762451,0.0
8,waypoint_52,30.0,0.28323956389577565,-0.7050469241938334,1.043684508641266,599.3126034736633,0.0
9,waypoint_52,30.0,0.28323956389577565,-0.7050469241938334,1.043684508641266,556.3568472862244,0.0
10,waypoint_52,30.0,0.28323956389577565,-0.7050469241938334,1.043684508641266,506.83367252349854,0.0
11,waypoint_52,30.0,0.28323956389577565,-0.7050469241938334,1.043684508641266,522.0471024513245,0.0
12,waypoint_52,30.0,0.28323956389577565,-0.7050469241938334,1.043684508641266,731.242299079895,0.0
13,waypoint_52,30.0,0.28323956389577565,-0.7050469241938334,1.043684508641266,503.9833188056946,0.0
14,waypoint_52,30.0,0.28323956389577565,-0.7050469241938334,1.043684508641266,623.4887838363647,0.0
0,waypoint_52,15.0,0.28323956389577565,-0.7050469241938334,1.043684508641266,4238.942623138428,0.0
1,waypoint_52,15.0,0.28323956389577565,-0.7050469241938334,1.043684508641266,3155.535936355591,0.0
2,waypoint_52,15.0,0.28323956389577565,-0.7050469241938334,1.043684508641266,2964.6475315093994,0.0
3,waypoint_52,15.0,0.28323956389577565,-0.7050469241938334,1.043684508641266,1284.178614616394,0.0
4,waypoint_52,15.0,0.28323956389577565,-0.7050469241938334,1.043684508641266,1303.8285970687866,0.0
5,waypoint_52,15.0,0.28323956389577565,-0.7050469241938334,1.043684508641266,1569.0995454788208,0.0
6,waypoint_52,15.0,0.28323956389577565,-0.7050469241938334,1.043684508641266,2334.019422531128,0.0
7,waypoint_52,15.0,0.28323956389577565,-0.7050469241938334,1.043684508641266,1463.6363983154297,0.0
8,waypoint_52,15.0,0.28323956389577565,-0.7050469241938334,1.043684508641266,577.6125192642212,0.0
9,waypoint_52,15.0,0.28323956389577565,-0.7050469241938334,1.043684508641266,545.4996824264526,0.0
10,waypoint_52,15.0,0.28323956389577565,-0.7050469241938334,1.043684508641266,483.1256866455078,0.0
11,waypoint_52,15.0,0.28323956389577565,-0.7050469241938334,1.043684508641266,422.9418635368347,0.0
12,waypoint_52,15.0,0.28323956389577565,-0.7050469241938334,1.043684508641266,743.6133623123169,0.0
13,waypoint_52,15.0,0.28323956389577565,-0.7050469241938334,1.043684508641266,484.408438205719,0.0
14,waypoint_52,15.0,0.28323956389577565,-0.7050469241938334,1.043684508641266,766.6383385658264,0.0
0,waypoint_52,0.0,0.28323956389577565,-0.7050469241938334,1.043684508641266,4201.014995574951,0.0
1,waypoint_52,0.0,0.28323956389577565,-0.7050469241938334,1.043684508641266,3151.0939598083496,0.0
2,waypoint_52,0.0,0.28323956389577565,-0.7050469241938334,1.043684508641266,3003.2777786254883,0.0
3,waypoint_52,0.0,0.28323956389577565,-0.7050469241938334,1.043684508641266,1275.3562927246094,0.0
4,waypoint_52,0.0,0.28323956389577565,-0.7050469241938334,1.043684508641266,1303.8904666900635,0.0
5,waypoint_52,0.0,0.28323956389577565,-0.7050469241938334,1.043684508641266,1654.5696258544922,0.0
6,waypoint_52,0.0,0.28323956389577565,-0.7050469241938334,1.043684508641266,2427.6435375213623,0.0
7,waypoint_52,0.0,0.28323956389577565,-0.7050469241938334,1.043684508641266,1574.146032333374,0.0
8,waypoint_52,0.0,0.28323956389577565,-0.7050469241938334,1.043684508641266,522.5005745887756,0.0
9,waypoint_52,0.0,0.28323956389577565,-0.7050469241938334,1.043684508641266,507.60453939437866,0.0
10,waypoint_52,0.0,0.28323956389577565,-0.7050469241938334,1.043684508641266,465.4768109321594,0.0
11,waypoint_52,0.0,0.28323956389577565,-0.7050469241938334,1.043684508641266,413.95866870880127,0.0
12,waypoint_52,0.0,0.28323956389577565,-0.7050469241938334,1.043684508641266,757.3401927947998,0.0
13,waypoint_52,0.0,0.28323956389577565,-0.7050469241938334,1.043684508641266,365.33787846565247,0.0
14,waypoint_52,0.0,0.28323956389577565,-0.7050469241938334,1.043684508641266,858.5460186004639,0.0
0,waypoint_52,-15.0,0.28323956389577565,-0.7050469241938334,1.043684508641266,4191.981315612793,0.0
1,waypoint_52,-15.0,0.28323956389577565,-0.7050469241938334,1.043684508641266,3147.6564407348633,0.0
2,waypoint_52,-15.0,0.28323956389577565,-0.7050469241938334,1.043684508641266,2900.592803955078,0.0
3,waypoint_52,-15.0,0.28323956389577565,-0.7050469241938334,1.043684508641266,1270.3955173492432,0.0
4,waypoint_52,-15.0,0.28323956389577565,-0.7050469241938334,1.043684508641266,1301.9633293151855,0.0
5,waypoint_52,-15.0,0.28323956389577565,-0.7050469241938334,1.043684508641266,2122.5404739379883,0.0
6,waypoint_52,-15.0,0.28323956389577565,-0.7050469241938334,1.043684508641266,2605.5078506469727,0.0
7,waypoint_52,-15.0,0.28323956389577565,-0.7050469241938334,1.043684508641266,1652.0708799362183,0.0
8,waypoint_52,-15.0,0.28323956389577565,-0.7050469241938334,1.043684508641266,508.7372064590454,0.0
9,waypoint_52,-15.0,0.28323956389577565,-0.7050469241938334,1.043684508641266,489.36498165130615,0.0
10,waypoint_52,-15.0,0.28323956389577565,-0.7050469241938334,1.043684508641266,433.19860100746155,0.0
11,waypoint_52,-15.0,0.28323956389577565,-0.7050469241938334,1.043684508641266,387.40459084510803,0.0
12,waypoint_52,-15.0,0.28323956389577565,-0.7050469241938334,1.043684508641266,773.7177610397339,0.0
13,waypoint_52,-15.0,0.28323956389577565,-0.7050469241938334,1.043684508641266,376.24865770339966,0.0
14,waypoint_52,-15.0,0.28323956389577565,-0.7050469241938334,1.043684508641266,815.6558871269226,0.0
0,waypoint_52,-30.0,0.28323956389577565,-0.7050469241938334,1.043684508641266,4213.5467529296875,0.0
1,waypoint_52,-30.0,0.28323956389577565,-0.7050469241938334,1.043684508641266,3146.231174468994,0.0
2,waypoint_52,-30.0,0.28323956389577565,-0.7050469241938334,1.043684508641266,2898.7979888916016,0.0
3,waypoint_52,-30.0,0.28323956389577565,-0.7050469241938334,1.043684508641266,1103.2238006591797,0.0
4,waypoint_52,-30.0,0.28323956389577565,-0.7050469241938334,1.043684508641266,1299.3104457855225,0.0
5,waypoint_52,-30.0,0.28323956389577565,-0.7050469241938334,1.043684508641266,2161.1952781677246,0.0
6,waypoint_52,-30.0,0.28323956389577565,-0.7050469241938334,1.043684508641266,2593.52707862854,0.0
7,waypoint_52,-30.0,0.28323956389577565,-0.7050469241938334,1.043684508641266,1344.161868095398,0.0
8,waypoint_52,-30.0,0.28323956389577565,-0.7050469241938334,1.043684508641266,500.95152854919434,0.0
9,waypoint_52,-30.0,0.28323956389577565,-0.7050469241938334,1.043684508641266,501.16586685180664,0.0
10,waypoint_52,-30.0,0.28323956389577565,-0.7050469241938334,1.043684508641266,454.6436071395874,0.0
11,waypoint_52,-30.0,0.28323956389577565,-0.7050469241938334,1.043684508641266,361.4550828933716,0.0
12,waypoint_52,-30.0,0.28323956389577565,-0.7050469241938334,1.043684508641266,793.5468554496765,0.0
13,waypoint_52,-30.0,0.28323956389577565,-0.7050469241938334,1.043684508641266,346.31839394569397,0.0
14,waypoint_52,-30.0,0.28323956389577565,-0.7050469241938334,1.043684508641266,917.3328876495361,0.0
0,waypoint_53,-30.0,0.30323956389577544,-0.7050469241938334,1.043684508641266,4225.025177001953,0.0
1,waypoint_53,-30.0,0.30323956389577544,-0.7050469241938334,1.043684508641266,3147.3958492279053,0.0
2,waypoint_53,-30.0,0.30323956389577544,-0.7050469241938334,1.043684508641266,2891.0746574401855,0.0
3,waypoint_53,-30.0,0.30323956389577544,-0.7050469241938334,1.043684508641266,1070.0010061264038,0.0
4,waypoint_53,-30.0,0.30323956389577544,-0.7050469241938334,1.043684508641266,1283.6021184921265,0.0
5,waypoint_53,-30.0,0.30323956389577544,-0.7050469241938334,1.043684508641266,2156.6123962402344,0.0
6,waypoint_53,-30.0,0.30323956389577544,-0.7050469241938334,1.043684508641266,2602.4224758148193,0.0
7,waypoint_53,-30.0,0.30323956389577544,-0.7050469241938334,1.043684508641266,1387.1684074401855,0.0
8,waypoint_53,-30.0,0.30323956389577544,-0.7050469241938334,1.043684508641266,511.33328676223755,0.0
9,waypoint_53,-30.0,0.30323956389577544,-0.7050469241938334,1.043684508641266,492.342472076416,0.0
10,waypoint_53,-30.0,0.30323956389577544,-0.7050469241938334,1.043684508641266,452.36554741859436,0.0
11,waypoint_53,-30.0,0.30323956389577544,-0.7050469241938334,1.043684508641266,372.86457419395447,0.0
12,waypoint_53,-30.0,0.30323956389577544,-0.7050469241938334,1.043684508641266,806.8196177482605,0.0
13,waypoint_53,-30.0,0.30323956389577544,-0.7050469241938334,1.043684508641266,354.0862798690796,0.0
14,waypoint_53,-30.0,0.30323956389577544,-0.7050469241938334,1.043684508641266,889.6099328994751,0.0
0,waypoint_53,-15.0,0.30323956389577544,-0.7050469241938334,1.043684508641266,4240.861892700195,0.0
1,waypoint_53,-15.0,0.30323956389577544,-0.7050469241938334,1.043684508641266,3148.68426322937,0.0
2,waypoint_53,-15.0,0.30323956389577544,-0.7050469241938334,1.043684508641266,2860.454320907593,0.0
3,waypoint_53,-15.0,0.30323956389577544,-0.7050469241938334,1.043684508641266,1203.9326429367065,0.0
4,waypoint_53,-15.0,0.30323956389577544,-0.7050469241938334,1.043684508641266,1286.224603652954,0.0
5,waypoint_53,-15.0,0.30323956389577544,-0.7050469241938334,1.043684508641266,2117.603540420532,0.0
6,waypoint_53,-15.0,0.30323956389577544,-0.7050469241938334,1.043684508641266,2430.0341606140137,0.0
7,waypoint_53,-15.0,0.30323956389577544,-0.7050469241938334,1.043684508641266,1392.4033641815186,0.0
8,waypoint_53,-15.0,0.30323956389577544,-0.7050469241938334,1.043684508641266,507.37690925598145,0.0
9,waypoint_53,-15.0,0.30323956389577544,-0.7050469241938334,1.043684508641266,502.4658441543579,0.0
10,waypoint_53,-15.0,0.30323956389577544,-0.7050469241938334,1.043684508641266,435.13208627700806,0.0
11,waypoint_53,-15.0,0.30323956389577544,-0.7050469241938334,1.043684508641266,385.92085242271423,0.0
12,waypoint_53,-15.0,0.30323956389577544,-0.7050469241938334,1.043684508641266,787.3865365982056,0.0
13,waypoint_53,-15.0,0.30323956389577544,-0.7050469241938334,1.043684508641266,365.4173016548157,0.0
14,waypoint_53,-15.0,0.30323956389577544,-0.7050469241938334,1.043684508641266,899.0963697433472,0.0
0,waypoint_53,0.0,0.30323956389577544,-0.7050469241938334,1.043684508641266,4186.211585998535,0.0
1,waypoint_53,0.0,0.30323956389577544,-0.7050469241938334,1.043684508641266,3152.0254611968994,0.0
2,waypoint_53,0.0,0.30323956389577544,-0.7050469241938334,1.043684508641266,2942.7599906921387,0.0
3,waypoint_53,0.0,0.30323956389577544,-0.7050469241938334,1.043684508641266,1231.4120531082153,0.0
4,waypoint_53,0.0,0.30323956389577544,-0.7050469241938334,1.043684508641266,1283.2614183425903,0.0
5,waypoint_53,0.0,0.30323956389577544,-0.7050469241938334,1.043684508641266,2027.9541015625,0.0
6,waypoint_53,0.0,0.30323956389577544,-0.7050469241938334,1.043684508641266,2559.6182346343994,0.0
7,waypoint_53,0.0,0.30323956389577544,-0.7050469241938334,1.043684508641266,1362.8015518188477,0.0
8,waypoint_53,0.0,0.30323956389577544,-0.7050469241938334,1.043684508641266,507.9975128173828,0.0
9,waypoint_53,0.0,0.30323956389577544,-0.7050469241938334,1.043684508641266,509.2278718948364,0.0
10,waypoint_53,0.0,0.30323956389577544,-0.7050469241938334,1.043684508641266,467.8555428981781,0.0
11,waypoint_53,0.0,0.30323956389577544,-0.7050469241938334,1.043684508641266,427.7045726776123,0.0
12,waypoint_53,0.0,0.30323956389577544,-0.7050469241938334,1.043684508641266,771.7636823654175,0.0
13,waypoint_53,0.0,0.30323956389577544,-0.7050469241938334,1.043684508641266,361.5324795246124,0.0
14,waypoint_53,0.0,0.30323956389577544,-0.7050469241938334,1.043684508641266,854.8861145973206,0.0
0,waypoint_53,15.0,0.30323956389577544,-0.7050469241938334,1.043684508641266,4202.840328216553,0.0
1,waypoint_53,15.0,0.30323956389577544,-0.7050469241938334,1.043684508641266,3156.4102172851562,0.0
2,waypoint_53,15.0,0.30323956389577544,-0.7050469241938334,1.043684508641266,2973.4134674072266,0.0
3,waypoint_53,15.0,0.30323956389577544,-0.7050469241938334,1.043684508641266,1236.936330795288,0.0
4,waypoint_53,15.0,0.30323956389577544,-0.7050469241938334,1.043684508641266,1284.1172218322754,0.0
5,waypoint_53,15.0,0.30323956389577544,-0.7050469241938334,1.043684508641266,1560.4523420333862,0.0
6,waypoint_53,15.0,0.30323956389577544,-0.7050469241938334,1.043684508641266,2580.5256366729736,0.0
7,waypoint_53,15.0,0.30323956389577544,-0.7050469241938334,1.043684508641266,1457.0777416229248,0.0
8,waypoint_53,15.0,0.30323956389577544,-0.7050469241938334,1.043684508641266,571.6630816459656,0.0
9,waypoint_53,15.0,0.30323956389577544,-0.7050469241938334,1.043684508641266,532.6934456825256,0.0
10,waypoint_53,15.0,0.30323956389577544,-0.7050469241938334,1.043684508641266,476.75520181655884,0.0
11,waypoint_53,15.0,0.30323956389577544,-0.7050469241938334,1.043684508641266,420.73675990104675,0.0
12,waypoint_53,15.0,0.30323956389577544,-0.7050469241938334,1.043684508641266,758.0327391624451,0.0
13,waypoint_53,15.0,0.30323956389577544,-0.7050469241938334,1.043684508641266,380.22419810295105,0.0
14,waypoint_53,15.0,0.30323956389577544,-0.7050469241938334,1.043684508641266,788.5268926620483,0.0
0,waypoint_53,30.0,0.30323956389577544,-0.7050469241938334,1.043684508641266,4272.125720977783,0.0
1,waypoint_53,30.0,0.30323956389577544,-0.7050469241938334,1.043684508641266,3160.768508911133,0.0
2,waypoint_53,30.0,0.30323956389577544,-0.7050469241938334,1.043684508641266,3021.756172180176,0.0
3,waypoint_53,30.0,0.30323956389577544,-0.7050469241938334,1.043684508641266,1253.9573907852173,0.0
4,waypoint_53,30.0,0.30323956389577544,-0.7050469241938334,1.043684508641266,1283.930778503418,0.0
5,waypoint_53,30.0,0.30323956389577544,-0.7050469241938334,1.043684508641266,1649.9742269515991,0.0
6,waypoint_53,30.0,0.30323956389577544,-0.7050469241938334,1.043684508641266,2585.188388824463,0.0
7,waypoint_53,30.0,0.30323956389577544,-0.7050469241938334,1.043684508641266,1259.5711946487427,0.0
8,waypoint_53,30.0,0.30323956389577544,-0.7050469241938334,1.043684508641266,618.7471151351929,0.0
9,waypoint_53,30.0,0.30323956389577544,-0.7050469241938334,1.043684508641266,579.9852609634399,0.0
10,waypoint_53,30.0,0.30323956389577544,-0.7050469241938334,1.043684508641266,518.2754397392273,0.0
11,waypoint_53,30.0,0.30323956389577544,-0.7050469241938334,1.043684508641266,463.33447098731995,0.0
12,waypoint_53,30.0,0.30323956389577544,-0.7050469241938334,1.043684508641266,746.0170388221741,0.0
13,waypoint_53,30.0,0.30323956389577544,-0.7050469241938334,1.043684508641266,475.4982888698578,0.0
14,waypoint_53,30.0,0.30323956389577544,-0.7050469241938334,1.043684508641266,638.5020613670349,0.0
0,waypoint_54,30.0,0.32323956389577596,-0.7050469241938334,1.043684508641266,4219.7723388671875,0.0
1,waypoint_54,30.0,0.32323956389577596,-0.7050469241938334,1.043684508641266,3161.7207527160645,0.0
2,waypoint_54,30.0,0.32323956389577596,-0.7050469241938334,1.043684508641266,2969.895124435425,0.0
3,waypoint_54,30.0,0.32323956389577596,-0.7050469241938334,1.043684508641266,1245.8999156951904,0.0
4,waypoint_54,30.0,0.32323956389577596,-0.7050469241938334,1.043684508641266,1261.116862297058,0.0
5,waypoint_54,30.0,0.32323956389577596,-0.7050469241938334,1.043684508641266,1641.5326595306396,0.0
6,waypoint_54,30.0,0.32323956389577596,-0.7050469241938334,1.043684508641266,2653.205633163452,0.0
7,waypoint_54,30.0,0.32323956389577596,-0.7050469241938334,1.043684508641266,1299.562931060791,0.0
8,waypoint_54,30.0,0.32323956389577596,-0.7050469241938334,1.043684508641266,639.1799449920654,0.0
9,waypoint_54,30.0,0.32323956389577596,-0.7050469241938334,1.043684508641266,599.9621152877808,0.0
10,waypoint_54,30.0,0.32323956389577596,-0.7050469241938334,1.043684508641266,536.3333225250244,0.0
11,waypoint_54,30.0,0.32323956389577596,-0.7050469241938334,1.043684508641266,480.4709255695343,0.0
12,waypoint_54,30.0,0.32323956389577596,-0.7050469241938334,1.043684508641266,760.3493928909302,0.0
13,waypoint_54,30.0,0.32323956389577596,-0.7050469241938334,1.043684508641266,535.3743433952332,0.0
14,waypoint_54,30.0,0.32323956389577596,-0.7050469241938334,1.043684508641266,669.9520945549011,0.0
0,waypoint_54,15.0,0.32323956389577596,-0.7050469241938334,1.043684508641266,4259.315967559814,0.0
1,waypoint_54,15.0,0.32323956389577596,-0.7050469241938334,1.043684508641266,3157.3851108551025,0.0
2,waypoint_54,15.0,0.32323956389577596,-0.7050469241938334,1.043684508641266,2975.719690322876,0.0
3,waypoint_54,15.0,0.32323956389577596,-0.7050469241938334,1.043684508641266,1236.755132675171,0.0
4,waypoint_54,15.0,0.32323956389577596,-0.7050469241938334,1.043684508641266,1263.515830039978,0.0
5,waypoint_54,15.0,0.32323956389577596,-0.7050469241938334,1.043684508641266,1551.9652366638184,0.0
6,waypoint_54,15.0,0.32323956389577596,-0.7050469241938334,1.043684508641266,2547.7988719940186,0.0
7,waypoint_54,15.0,0.32323956389577596,-0.7050469241938334,1.043684508641266,1382.8190565109253,0.0
8,waypoint_54,15.0,0.32323956389577596,-0.7050469241938334,1.043684508641266,619.9090480804443,0.0
9,waypoint_54,15.0,0.32323956389577596,-0.7050469241938334,1.043684508641266,578.3856511116028,0.0
10,waypoint_54,15.0,0.32323956389577596,-0.7050469241938334,1.043684508641266,520.2769041061401,0.0
11,waypoint_54,15.0,0.32323956389577596,-0.7050469241938334,1.043684508641266,455.21268248558044,0.0
12,waypoint_54,15.0,0.32323956389577596,-0.7050469241938334,1.043684508641266,772.0621228218079,0.0
13,waypoint_54,15.0,0.32323956389577596,-0.7050469241938334,1.043684508641266,507.3491930961609,0.0
14,waypoint_54,15.0,0.32323956389577596,-0.7050469241938334,1.043684508641266,795.8351969718933,0.0
0,waypoint_54,0.0,0.32323956389577596,-0.7050469241938334,1.043684508641266,4200.4804611206055,0.0
1,waypoint_54,0.0,0.32323956389577596,-0.7050469241938334,1.043684508641266,3153.064966201782,0.0
2,waypoint_54,0.0,0.32323956389577596,-0.7050469241938334,1.043684508641266,3050.7590770721436,0.0
3,waypoint_54,0.0,0.32323956389577596,-0.7050469241938334,1.043684508641266,1250.148057937622,0.0
4,waypoint_54,0.0,0.32323956389577596,-0.7050469241938334,1.043684508641266,1262.5105381011963,0.0
5,waypoint_54,0.0,0.32323956389577596,-0.7050469241938334,1.043684508641266,1645.3882455825806,0.0
6,waypoint_54,0.0,0.32323956389577596,-0.7050469241938334,1.043684508641266,2615.6580448150635,0.0
7,waypoint_54,0.0,0.32323956389577596,-0.7050469241938334,1.043684508641266,1516.0614252090454,0.0
8,waypoint_54,0.0,0.32323956389577596,-0.7050469241938334,1.043684508641266,544.4946885108948,0.0
9,waypoint_54,0.0,0.32323956389577596,-0.7050469241938334,1.043684508641266,529.2911529541016,0.0
10,waypoint_54,0.0,0.32323956389577596,-0.7050469241938334,1.043684508641266,495.64266204833984,0.0
11,waypoint_54,0.0,0.32323956389577596,-0.7050469241938334,1.043684508641266,440.60713052749634,0.0
12,waypoint_54,0.0,0.32323956389577596,-0.7050469241938334,1.043684508641266,784.7360968589783,0.0
13,waypoint_54,0.0,0.32323956389577596,-0.7050469241938334,1.043684508641266,392.9502069950104,0.0
14,waypoint_54,0.0,0.32323956389577596,-0.7050469241938334,1.043684508641266,828.7501335144043,0.0
0,waypoint_54,-15.0,0.32323956389577596,-0.7050469241938334,1.043684508641266,4257.382869720459,0.0
1,waypoint_54,-15.0,0.32323956389577596,-0.7050469241938334,1.043684508641266,3149.8289108276367,0.0
2,waypoint_54,-15.0,0.32323956389577596,-0.7050469241938334,1.043684508641266,2773.5965251922607,0.0
3,waypoint_54,-15.0,0.32323956389577596,-0.7050469241938334,1.043684508641266,1217.3521518707275,0.0
4,waypoint_54,-15.0,0.32323956389577596,-0.7050469241938334,1.043684508641266,1263.5411024093628,0.0
5,waypoint_54,-15.0,0.32323956389577596,-0.7050469241938334,1.043684508641266,2114.065647125244,0.0
6,waypoint_54,-15.0,0.32323956389577596,-0.7050469241938334,1.043684508641266,2633.1939697265625,0.0
7,waypoint_54,-15.0,0.32323956389577596,-0.7050469241938334,1.043684508641266,1584.8058462142944,0.0
8,waypoint_54,-15.0,0.32323956389577596,-0.7050469241938334,1.043684508641266,523.2737064361572,0.0
9,waypoint_54,-15.0,0.32323956389577596,-0.7050469241938334,1.043684508641266,513.457179069519,0.0
10,waypoint_54,-15.0,0.32323956389577596,-0.7050469241938334,1.043684508641266,461.6556167602539,0.0
11,waypoint_54,-15.0,0.32323956389577596,-0.7050469241938334,1.043684508641266,399.95676279067993,0.0
12,waypoint_54,-15.0,0.32323956389577596,-0.7050469241938334,1.043684508641266,801.4287948608398,0.0
13,waypoint_54,-15.0,0.32323956389577596,-0.7050469241938334,1.043684508641266,388.79209756851196,0.0
14,waypoint_54,-15.0,0.32323956389577596,-0.7050469241938334,1.043684508641266,861.8934154510498,0.0
0,waypoint_54,-30.0,0.32323956389577596,-0.7050469241938334,1.043684508641266,4221.0187911987305,0.0
1,waypoint_54,-30.0,0.32323956389577596,-0.7050469241938334,1.043684508641266,3148.6759185791016,0.0
2,waypoint_54,-30.0,0.32323956389577596,-0.7050469241938334,1.043684508641266,2777.7225971221924,0.0
3,waypoint_54,-30.0,0.32323956389577596,-0.7050469241938334,1.043684508641266,1074.186086654663,0.0
4,waypoint_54,-30.0,0.32323956389577596,-0.7050469241938334,1.043684508641266,1263.1969451904297,0.0
5,waypoint_54,-30.0,0.32323956389577596,-0.7050469241938334,1.043684508641266,2152.306079864502,0.0
6,waypoint_54,-30.0,0.32323956389577596,-0.7050469241938334,1.043684508641266,2536.802053451538,0.0
7,waypoint_54,-30.0,0.32323956389577596,-0.7050469241938334,1.043684508641266,1472.4433422088623,0.0
8,waypoint_54,-30.0,0.32323956389577596,-0.7050469241938334,1.043684508641266,525.5224108695984,0.0
9,waypoint_54,-30.0,0.32323956389577596,-0.7050469241938334,1.043684508641266,512.8400325775146,0.0
10,waypoint_54,-30.0,0.32323956389577596,-0.7050469241938334,1.043684508641266,493.32454800605774,0.0
11,waypoint_54,-30.0,0.32323956389577596,-0.7050469241938334,1.043684508641266,338.49838376045227,0.0
12,waypoint_54,-30.0,0.32323956389577596,-0.7050469241938334,1.043684508641266,820.2760219573975,0.0
13,waypoint_54,-30.0,0.32323956389577596,-0.7050469241938334,1.043684508641266,348.62279891967773,0.0
14,waypoint_54,-30.0,0.32323956389577596,-0.7050469241938334,1.043684508641266,978.9930582046509,0.0
0,waypoint_55,-30.0,0.34323956389577553,-0.7050469241938334,1.043684508641266,4232.0122718811035,0.0
1,waypoint_55,-30.0,0.34323956389577553,-0.7050469241938334,1.043684508641266,3150.066375732422,0.0
2,waypoint_55,-30.0,0.34323956389577553,-0.7050469241938334,1.043684508641266,2766.568660736084,0.0
3,waypoint_55,-30.0,0.34323956389577553,-0.7050469241938334,1.043684508641266,1051.3497591018677,0.0
4,waypoint_55,-30.0,0.34323956389577553,-0.7050469241938334,1.043684508641266,1241.2763833999634,0.0
5,waypoint_55,-30.0,0.34323956389577553,-0.7050469241938334,1.043684508641266,2148.1125354766846,0.0
6,waypoint_55,-30.0,0.34323956389577553,-0.7050469241938334,1.043684508641266,2561.748266220093,0.0
7,waypoint_55,-30.0,0.34323956389577553,-0.7050469241938334,1.043684508641266,1585.4454040527344,0.0
8,waypoint_55,-30.0,0.34323956389577553,-0.7050469241938334,1.043684508641266,536.2668633460999,0.0
9,waypoint_55,-30.0,0.34323956389577553,-0.7050469241938334,1.043684508641266,514.2505764961243,0.0
10,waypoint_55,-30.0,0.34323956389577553,-0.7050469241938334,1.043684508641266,483.30020904541016,0.0
11,waypoint_55,-30.0,0.34323956389577553,-0.7050469241938334,1.043684508641266,357.45781660079956,0.0
12,waypoint_55,-30.0,0.34323956389577553,-0.7050469241938334,1.043684508641266,834.0744972229004,0.0
13,waypoint_55,-30.0,0.34323956389577553,-0.7050469241938334,1.043684508641266,357.35952854156494,0.0
14,waypoint_55,-30.0,0.34323956389577553,-0.7050469241938334,1.043684508641266,924.2706894874573,0.0
0,waypoint_55,-15.0,0.34323956389577553,-0.7050469241938334,1.043684508641266,4244.425296783447,0.0
1,waypoint_55,-15.0,0.34323956389577553,-0.7050469241938334,1.043684508641266,3151.078224182129,0.0
2,waypoint_55,-15.0,0.34323956389577553,-0.7050469241938334,1.043684508641266,2760.401725769043,0.0
3,waypoint_55,-15.0,0.34323956389577553,-0.7050469241938334,1.043684508641266,1194.7414875030518,0.0
4,waypoint_55,-15.0,0.34323956389577553,-0.7050469241938334,1.043684508641266,1243.278980255127,0.0
5,waypoint_55,-15.0,0.34323956389577553,-0.7050469241938334,1.043684508641266,2109.0030670166016,0.0
6,waypoint_55,-15.0,0.34323956389577553,-0.7050469241938334,1.043684508641266,2430.0780296325684,0.0
7,waypoint_55,-15.0,0.34323956389577553,-0.7050469241938334,1.043684508641266,1292.3904657363892,0.0
8,waypoint_55,-15.0,0.34323956389577553,-0.7050469241938334,1.043684508641266,524.3022441864014,0.0
9,waypoint_55,-15.0,0.34323956389577553,-0.7050469241938334,1.043684508641266,520.3058123588562,0.0
10,waypoint_55,-15.0,0.34323956389577553,-0.7050469241938334,1.043684508641266,486.4007830619812,0.0
11,waypoint_55,-15.0,0.34323956389577553,-0.7050469241938334,1.043684508641266,357.4986457824707,0.0
12,waypoint_55,-15.0,0.34323956389577553,-0.7050469241938334,1.043684508641266,815.4413104057312,0.0
13,waypoint_55,-15.0,0.34323956389577553,-0.7050469241938334,1.043684508641266,362.921804189682,0.0
14,waypoint_55,-15.0,0.34323956389577553,-0.7050469241938334,1.043684508641266,911.115288734436,0.0
0,waypoint_55,0.0,0.34323956389577553,-0.7050469241938334,1.043684508641266,4288.668155670166,0.0
1,waypoint_55,0.0,0.34323956389577553,-0.7050469241938334,1.043684508641266,3154.21199798584,0.0
2,waypoint_55,0.0,0.34323956389577553,-0.7050469241938334,1.043684508641266,2968.50848197937,0.0
3,waypoint_55,0.0,0.34323956389577553,-0.7050469241938334,1.043684508641266,1196.5041160583496,0.0
4,waypoint_55,0.0,0.34323956389577553,-0.7050469241938334,1.043684508641266,1245.826244354248,0.0
5,waypoint_55,0.0,0.34323956389577553,-0.7050469241938334,1.043684508641266,2017.9197788238525,0.0
6,waypoint_55,0.0,0.34323956389577553,-0.7050469241938334,1.043684508641266,2585.270404815674,0.0
7,waypoint_55,0.0,0.34323956389577553,-0.7050469241938334,1.043684508641266,1489.3079996109009,0.0
8,waypoint_55,0.0,0.34323956389577553,-0.7050469241938334,1.043684508641266,463.37684988975525,0.0
9,waypoint_55,0.0,0.34323956389577553,-0.7050469241938334,1.043684508641266,521.3856101036072,0.0
10,waypoint_55,0.0,0.34323956389577553,-0.7050469241938334,1.043684508641266,491.73703789711,0.0
11,waypoint_55,0.0,0.34323956389577553,-0.7050469241938334,1.043684508641266,453.3071219921112,0.0
12,waypoint_55,0.0,0.34323956389577553,-0.7050469241938334,1.043684508641266,799.7329831123352,0.0
13,waypoint_55,0.0,0.34323956389577553,-0.7050469241938334,1.043684508641266,398.1233835220337,0.0
14,waypoint_55,0.0,0.34323956389577553,-0.7050469241938334,1.043684508641266,789.5440459251404,0.0
0,waypoint_55,15.0,0.34323956389577553,-0.7050469241938334,1.043684508641266,4308.3295822143555,0.0
1,waypoint_55,15.0,0.34323956389577553,-0.7050469241938334,1.043684508641266,3158.4689617156982,0.0
2,waypoint_55,15.0,0.34323956389577553,-0.7050469241938334,1.043684508641266,3000.1564025878906,0.0
3,waypoint_55,15.0,0.34323956389577553,-0.7050469241938334,1.043684508641266,1216.4455652236938,0.0
4,waypoint_55,15.0,0.34323956389577553,-0.7050469241938334,1.043684508641266,1243.5014247894287,0.0
5,waypoint_55,15.0,0.34323956389577553,-0.7050469241938334,1.043684508641266,1543.6588525772095,0.0
6,waypoint_55,15.0,0.34323956389577553,-0.7050469241938334,1.043684508641266,2543.245792388916,0.0
7,waypoint_55,15.0,0.34323956389577553,-0.7050469241938334,1.043684508641266,1431.753158569336,0.0
8,waypoint_55,15.0,0.34323956389577553,-0.7050469241938334,1.043684508641266,473.78477454185486,0.0
9,waypoint_55,15.0,0.34323956389577553,-0.7050469241938334,1.043684508641266,571.9829797744751,0.0
10,waypoint_55,15.0,0.34323956389577553,-0.7050469241938334,1.043684508641266,505.603551864624,0.0
11,waypoint_55,15.0,0.34323956389577553,-0.7050469241938334,1.043684508641266,457.3954939842224,0.0
12,waypoint_55,15.0,0.34323956389577553,-0.7050469241938334,1.043684508641266,787.2357368469238,0.0
13,waypoint_55,15.0,0.34323956389577553,-0.7050469241938334,1.043684508641266,406.35550022125244,0.0
14,waypoint_55,15.0,0.34323956389577553,-0.7050469241938334,1.043684508641266,788.6316776275635,0.0
0,waypoint_55,30.0,0.34323956389577553,-0.7050469241938334,1.043684508641266,4326.058387756348,0.0
1,waypoint_55,30.0,0.34323956389577553,-0.7050469241938334,1.043684508641266,3162.7840995788574,0.0
2,waypoint_55,30.0,0.34323956389577553,-0.7050469241938334,1.043684508641266,2947.8702545166016,0.0
3,waypoint_55,30.0,0.34323956389577553,-0.7050469241938334,1.043684508641266,1221.6490507125854,0.0
4,waypoint_55,30.0,0.34323956389577553,-0.7050469241938334,1.043684508641266,1244.7830438613892,0.0
5,waypoint_55,30.0,0.34323956389577553,-0.7050469241938334,1.043684508641266,1633.25834274292,0.0
6,waypoint_55,30.0,0.34323956389577553,-0.7050469241938334,1.043684508641266,2477.766990661621,0.0
7,waypoint_55,30.0,0.34323956389577553,-0.7050469241938334,1.043684508641266,1454.4601440429688,0.0
8,waypoint_55,30.0,0.34323956389577553,-0.7050469241938334,1.043684508641266,476.8608510494232,0.0
9,waypoint_55,30.0,0.34323956389577553,-0.7050469241938334,1.043684508641266,619.5394396781921,0.0
10,waypoint_55,30.0,0.34323956389577553,-0.7050469241938334,1.043684508641266,549.4248867034912,0.0
11,waypoint_55,30.0,0.34323956389577553,-0.7050469241938334,1.043684508641266,490.822434425354,0.0
12,waypoint_55,30.0,0.34323956389577553,-0.7050469241938334,1.043684508641266,775.7753729820251,0.0
13,waypoint_55,30.0,0.34323956389577553,-0.7050469241938334,1.043684508641266,518.3279514312744,0.0
14,waypoint_55,30.0,0.34323956389577553,-0.7050469241938334,1.043684508641266,693.569540977478,0.0
0,waypoint_56,30.0,0.36323956389577516,-0.7050469241938334,1.043684508641266,4314.308166503906,0.0
1,waypoint_56,30.0,0.36323956389577516,-0.7050469241938334,1.043684508641266,3163.949966430664,0.0
2,waypoint_56,30.0,0.36323956389577516,-0.7050469241938334,1.043684508641266,2967.9505825042725,0.0
3,waypoint_56,30.0,0.36323956389577516,-0.7050469241938334,1.043684508641266,1176.7871379852295,0.0
4,waypoint_56,30.0,0.36323956389577516,-0.7050469241938334,1.043684508641266,1221.176266670227,0.0
5,waypoint_56,30.0,0.36323956389577516,-0.7050469241938334,1.043684508641266,1625.132441520691,0.0
6,waypoint_56,30.0,0.36323956389577516,-0.7050469241938334,1.043684508641266,2633.0864429473877,0.0
7,waypoint_56,30.0,0.36323956389577516,-0.7050469241938334,1.043684508641266,1435.1497888565063,0.0
8,waypoint_56,30.0,0.36323956389577516,-0.7050469241938334,1.043684508641266,448.1590986251831,0.0
9,waypoint_56,30.0,0.36323956389577516,-0.7050469241938334,1.043684508641266,639.6791338920593,0.0
10,waypoint_56,30.0,0.36323956389577516,-0.7050469241938334,1.043684508641266,572.4102258682251,0.0
11,waypoint_56,30.0,0.36323956389577516,-0.7050469241938334,1.043684508641266,508.591890335083,0.0
12,waypoint_56,30.0,0.36323956389577516,-0.7050469241938334,1.043684508641266,790.5933260917664,0.0
13,waypoint_56,30.0,0.36323956389577516,-0.7050469241938334,1.043684508641266,492.8424656391144,0.0
14,waypoint_56,30.0,0.36323956389577516,-0.7050469241938334,1.043684508641266,713.0452394485474,0.0
0,waypoint_56,15.0,0.36323956389577516,-0.7050469241938334,1.043684508641266,4260.398864746094,0.0
1,waypoint_56,15.0,0.36323956389577516,-0.7050469241938334,1.043684508641266,3159.6624851226807,0.0
2,waypoint_56,15.0,0.36323956389577516,-0.7050469241938334,1.043684508641266,3032.29022026062,0.0
3,waypoint_56,15.0,0.36323956389577516,-0.7050469241938334,1.043684508641266,1185.1847171783447,0.0
4,waypoint_56,15.0,0.36323956389577516,-0.7050469241938334,1.043684508641266,1219.9816703796387,0.0
5,waypoint_56,15.0,0.36323956389577516,-0.7050469241938334,1.043684508641266,1535.5167388916016,0.0
6,waypoint_56,15.0,0.36323956389577516,-0.7050469241938334,1.043684508641266,2463.2253646850586,0.0
7,waypoint_56,15.0,0.36323956389577516,-0.7050469241938334,1.043684508641266,1447.8960037231445,0.0
8,waypoint_56,15.0,0.36323956389577516,-0.7050469241938334,1.043684508641266,449.9100148677826,0.0
9,waypoint_56,15.0,0.36323956389577516,-0.7050469241938334,1.043684508641266,622.5996613502502,0.0
10,waypoint_56,15.0,0.36323956389577516,-0.7050469241938334,1.043684508641266,558.6063861846924,0.0
11,waypoint_56,15.0,0.36323956389577516,-0.7050469241938334,1.043684508641266,490.66483974456787,0.0
12,waypoint_56,15.0,0.36323956389577516,-0.7050469241938334,1.043684508641266,801.9007444381714,0.0
13,waypoint_56,15.0,0.36323956389577516,-0.7050469241938334,1.043684508641266,432.7535927295685,0.0
14,waypoint_56,15.0,0.36323956389577516,-0.7050469241938334,1.043684508641266,705.2040100097656,0.0
0,waypoint_56,0.0,0.36323956389577516,-0.7050469241938334,1.043684508641266,4263.669490814209,0.0
1,waypoint_56,0.0,0.36323956389577516,-0.7050469241938334,1.043684508641266,3155.470132827759,0.0
2,waypoint_56,0.0,0.36323956389577516,-0.7050469241938334,1.043684508641266,2943.8838958740234,0.0
3,waypoint_56,0.0,0.36323956389577516,-0.7050469241938334,1.043684508641266,1204.7669887542725,0.0
4,waypoint_56,0.0,0.36323956389577516,-0.7050469241938334,1.043684508641266,1220.0820446014404,0.0
5,waypoint_56,0.0,0.36323956389577516,-0.7050469241938334,1.043684508641266,1637.3504400253296,0.0
6,waypoint_56,0.0,0.36323956389577516,-0.7050469241938334,1.043684508641266,2489.4087314605713,0.0
7,waypoint_56,0.0,0.36323956389577516,-0.7050469241938334,1.043684508641266,1448.5769271850586,0.0
8,waypoint_56,0.0,0.36323956389577516,-0.7050469241938334,1.043684508641266,434.3453049659729,0.0
9,waypoint_56,0.0,0.36323956389577516,-0.7050469241938334,1.043684508641266,545.9888577461243,0.0
10,waypoint_56,0.0,0.36323956389577516,-0.7050469241938334,1.043684508641266,515.6764388084412,0.0
11,waypoint_56,0.0,0.36323956389577516,-0.7050469241938334,1.043684508641266,472.47615456581116,0.0
12,waypoint_56,0.0,0.36323956389577516,-0.7050469241938334,1.043684508641266,813.5367035865784,0.0
13,waypoint_56,0.0,0.36323956389577516,-0.7050469241938334,1.043684508641266,409.3772768974304,0.0
14,waypoint_56,0.0,0.36323956389577516,-0.7050469241938334,1.043684508641266,891.4399743080139,0.0
0,waypoint_56,-15.0,0.36323956389577516,-0.7050469241938334,1.043684508641266,4241.7893409729,0.0
1,waypoint_56,-15.0,0.36323956389577516,-0.7050469241938334,1.043684508641266,3152.44722366333,0.0
2,waypoint_56,-15.0,0.36323956389577516,-0.7050469241938334,1.043684508641266,2941.5366649627686,0.0
3,waypoint_56,-15.0,0.36323956389577516,-0.7050469241938334,1.043684508641266,1135.2816820144653,0.0
4,waypoint_56,-15.0,0.36323956389577516,-0.7050469241938334,1.043684508641266,1226.5983819961548,0.0
5,waypoint_56,-15.0,0.36323956389577516,-0.7050469241938334,1.043684508641266,2106.252670288086,0.0
6,waypoint_56,-15.0,0.36323956389577516,-0.7050469241938334,1.043684508641266,2597.689390182495,0.0
7,waypoint_56,-15.0,0.36323956389577516,-0.7050469241938334,1.043684508641266,1448.3579397201538,0.0
8,waypoint_56,-15.0,0.36323956389577516,-0.7050469241938334,1.043684508641266,423.3074188232422,0.0
9,waypoint_56,-15.0,0.36323956389577516,-0.7050469241938334,1.043684508641266,533.0968499183655,0.0
10,waypoint_56,-15.0,0.36323956389577516,-0.7050469241938334,1.043684508641266,499.76491928100586,0.0
11,waypoint_56,-15.0,0.36323956389577516,-0.7050469241938334,1.043684508641266,432.226300239563,0.0
12,waypoint_56,-15.0,0.36323956389577516,-0.7050469241938334,1.043684508641266,829.9165964126587,0.0
13,waypoint_56,-15.0,0.36323956389577516,-0.7050469241938334,1.043684508641266,391.27910137176514,0.0
14,waypoint_56,-15.0,0.36323956389577516,-0.7050469241938334,1.043684508641266,852.9679775238037,0.0
0,waypoint_56,-30.0,0.36323956389577516,-0.7050469241938334,1.043684508641266,4254.948139190674,0.0
1,waypoint_56,-30.0,0.36323956389577516,-0.7050469241938334,1.043684508641266,3151.575803756714,0.0
2,waypoint_56,-30.0,0.36323956389577516,-0.7050469241938334,1.043684508641266,2838.9816284179688,0.0
3,waypoint_56,-30.0,0.36323956389577516,-0.7050469241938334,1.043684508641266,1040.6382083892822,0.0
4,waypoint_56,-30.0,0.36323956389577516,-0.7050469241938334,1.043684508641266,1217.9553508758545,0.0
5,waypoint_56,-30.0,0.36323956389577516,-0.7050469241938334,1.043684508641266,2143.5835361480713,0.0
6,waypoint_56,-30.0,0.36323956389577516,-0.7050469241938334,1.043684508641266,2496.546506881714,0.0
7,waypoint_56,-30.0,0.36323956389577516,-0.7050469241938334,1.043684508641266,1448.3838081359863,0.0
8,waypoint_56,-30.0,0.36323956389577516,-0.7050469241938334,1.043684508641266,426.96958780288696,0.0
9,waypoint_56,-30.0,0.36323956389577516,-0.7050469241938334,1.043684508641266,521.8794345855713,0.0
10,waypoint_56,-30.0,0.36323956389577516,-0.7050469241938334,1.043684508641266,497.5980818271637,0.0
11,waypoint_56,-30.0,0.36323956389577516,-0.7050469241938334,1.043684508641266,436.8695020675659,0.0
12,waypoint_56,-30.0,0.36323956389577516,-0.7050469241938334,1.043684508641266,848.2567071914673,0.0
13,waypoint_56,-30.0,0.36323956389577516,-0.7050469241938334,1.043684508641266,369.44717168807983,0.0
14,waypoint_56,-30.0,0.36323956389577516,-0.7050469241938334,1.043684508641266,947.7802515029907,0.0
0,waypoint_57,-30.0,0.38323956389577535,-0.7050469241938334,1.043684508641266,4271.930694580078,0.0
1,waypoint_57,-30.0,0.38323956389577535,-0.7050469241938334,1.043684508641266,3153.2013416290283,0.0
2,waypoint_57,-30.0,0.38323956389577535,-0.7050469241938334,1.043684508641266,2811.77020072937,0.0
3,waypoint_57,-30.0,0.38323956389577535,-0.7050469241938334,1.043684508641266,1024.793028831482,0.0
4,waypoint_57,-30.0,0.38323956389577535,-0.7050469241938334,1.043684508641266,1201.3003826141357,0.0
5,waypoint_57,-30.0,0.38323956389577535,-0.7050469241938334,1.043684508641266,2139.7719383239746,0.0
6,waypoint_57,-30.0,0.38323956389577535,-0.7050469241938334,1.043684508641266,2493.5758113861084,0.0
7,waypoint_57,-30.0,0.38323956389577535,-0.7050469241938334,1.043684508641266,1428.754210472107,0.0
8,waypoint_57,-30.0,0.38323956389577535,-0.7050469241938334,1.043684508641266,444.7810649871826,0.0
9,waypoint_57,-30.0,0.38323956389577535,-0.7050469241938334,1.043684508641266,535.8892679214478,0.0
10,waypoint_57,-30.0,0.38323956389577535,-0.7050469241938334,1.043684508641266,506.5584182739258,0.0
11,waypoint_57,-30.0,0.38323956389577535,-0.7050469241938334,1.043684508641266,451.42921805381775,0.0
12,waypoint_57,-30.0,0.38323956389577535,-0.7050469241938334,1.043684508641266,862.5510931015015,0.0
13,waypoint_57,-30.0,0.38323956389577535,-0.7050469241938334,1.043684508641266,365.0592863559723,0.0
14,waypoint_57,-30.0,0.38323956389577535,-0.7050469241938334,1.043684508641266,988.3150458335876,0.0
0,waypoint_57,-15.0,0.38323956389577535,-0.7050469241938334,1.043684508641266,4297.706127166748,0.0
1,waypoint_57,-15.0,0.38323956389577535,-0.7050469241938334,1.043684508641266,3153.923511505127,0.0
2,waypoint_57,-15.0,0.38323956389577535,-0.7050469241938334,1.043684508641266,2913.1650924682617,0.0
3,waypoint_57,-15.0,0.38323956389577535,-0.7050469241938334,1.043684508641266,1151.197910308838,0.0
4,waypoint_57,-15.0,0.38323956389577535,-0.7050469241938334,1.043684508641266,1201.8076181411743,0.0
5,waypoint_57,-15.0,0.38323956389577535,-0.7050469241938334,1.043684508641266,2102.6785373687744,0.0
6,waypoint_57,-15.0,0.38323956389577535,-0.7050469241938334,1.043684508641266,2520.34330368042,0.0
7,waypoint_57,-15.0,0.38323956389577535,-0.7050469241938334,1.043684508641266,1428.6788702011108,0.0
8,waypoint_57,-15.0,0.38323956389577535,-0.7050469241938334,1.043684508641266,445.0439512729645,0.0
9,waypoint_57,-15.0,0.38323956389577535,-0.7050469241938334,1.043684508641266,528.0724167823792,0.0
10,waypoint_57,-15.0,0.38323956389577535,-0.7050469241938334,1.043684508641266,503.04120779037476,0.0
11,waypoint_57,-15.0,0.38323956389577535,-0.7050469241938334,1.043684508641266,434.50695276260376,0.0
12,waypoint_57,-15.0,0.38323956389577535,-0.7050469241938334,1.043684508641266,844.5435166358948,0.0
13,waypoint_57,-15.0,0.38323956389577535,-0.7050469241938334,1.043684508641266,373.21117520332336,0.0
14,waypoint_57,-15.0,0.38323956389577535,-0.7050469241938334,1.043684508641266,850.7915139198303,0.0
0,waypoint_57,0.0,0.38323956389577535,-0.7050469241938334,1.043684508641266,4268.174648284912,0.0
1,waypoint_57,0.0,0.38323956389577535,-0.7050469241938334,1.043684508641266,3156.8379402160645,0.0
2,waypoint_57,0.0,0.38323956389577535,-0.7050469241938334,1.043684508641266,2956.2814235687256,0.0
3,waypoint_57,0.0,0.38323956389577535,-0.7050469241938334,1.043684508641266,1203.8193941116333,0.0
4,waypoint_57,0.0,0.38323956389577535,-0.7050469241938334,1.043684508641266,1202.5172710418701,0.0
5,waypoint_57,0.0,0.38323956389577535,-0.7050469241938334,1.043684508641266,2015.9645080566406,0.0
6,waypoint_57,0.0,0.38323956389577535,-0.7050469241938334,1.043684508641266,2494.377851486206,0.0
7,waypoint_57,0.0,0.38323956389577535,-0.7050469241938334,1.043684508641266,1428.898572921753,0.0
8,waypoint_57,0.0,0.38323956389577535,-0.7050469241938334,1.043684508641266,445.6721544265747,0.0
9,waypoint_57,0.0,0.38323956389577535,-0.7050469241938334,1.043684508641266,459.46457982063293,0.0
10,waypoint_57,0.0,0.38323956389577535,-0.7050469241938334,1.043684508641266,518.6147093772888,0.0
11,waypoint_57,0.0,0.38323956389577535,-0.7050469241938334,1.043684508641266,467.83751249313354,0.0
12,waypoint_57,0.0,0.38323956389577535,-0.7050469241938334,1.043684508641266,828.7780284881592,0.0
13,waypoint_57,0.0,0.38323956389577535,-0.7050469241938334,1.043684508641266,434.76602435112,0.0
14,waypoint_57,0.0,0.38323956389577535,-0.7050469241938334,1.043684508641266,912.8704071044922,0.0
0,waypoint_57,15.0,0.38323956389577535,-0.7050469241938334,1.043684508641266,4342.031955718994,0.0
1,waypoint_57,15.0,0.38323956389577535,-0.7050469241938334,1.043684508641266,3160.959243774414,0.0
2,waypoint_57,15.0,0.38323956389577535,-0.7050469241938334,1.043684508641266,2993.5100078582764,0.0
3,waypoint_57,15.0,0.38323956389577535,-0.7050469241938334,1.043684508641266,1205.5050134658813,0.0
4,waypoint_57,15.0,0.38323956389577535,-0.7050469241938334,1.043684508641266,1201.1631727218628,0.0
5,waypoint_57,15.0,0.38323956389577535,-0.7050469241938334,1.043684508641266,1527.5592803955078,0.0
6,waypoint_57,15.0,0.38323956389577535,-0.7050469241938334,1.043684508641266,2472.0981121063232,0.0
7,waypoint_57,15.0,0.38323956389577535,-0.7050469241938334,1.043684508641266,1428.1673431396484,0.0
8,waypoint_57,15.0,0.38323956389577535,-0.7050469241938334,1.043684508641266,435.2959394454956,0.0
9,waypoint_57,15.0,0.38323956389577535,-0.7050469241938334,1.043684508641266,481.5577268600464,0.0
10,waypoint_57,15.0,0.38323956389577535,-0.7050469241938334,1.043684508641266,546.1058020591736,0.0
11,waypoint_57,15.0,0.38323956389577535,-0.7050469241938334,1.043684508641266,484.31092500686646,0.0
12,waypoint_57,15.0,0.38323956389577535,-0.7050469241938334,1.043684508641266,817.3921704292297,0.0
13,waypoint_57,15.0,0.38323956389577535,-0.7050469241938334,1.043684508641266,427.192747592926,0.0
14,waypoint_57,15.0,0.38323956389577535,-0.7050469241938334,1.043684508641266,722.1863865852356,0.0
0,waypoint_57,30.0,0.38323956389577535,-0.7050469241938334,1.043684508641266,4326.498508453369,0.0
1,waypoint_57,30.0,0.38323956389577535,-0.7050469241938334,1.043684508641266,3165.2214527130127,0.0
2,waypoint_57,30.0,0.38323956389577535,-0.7050469241938334,1.043684508641266,2984.2851161956787,0.0
3,waypoint_57,30.0,0.38323956389577535,-0.7050469241938334,1.043684508641266,1182.6626062393188,0.0
4,waypoint_57,30.0,0.38323956389577535,-0.7050469241938334,1.043684508641266,1205.5411338806152,0.0
5,waypoint_57,30.0,0.38323956389577535,-0.7050469241938334,1.043684508641266,1617.2001361846924,0.0
6,waypoint_57,30.0,0.38323956389577535,-0.7050469241938334,1.043684508641266,2499.7918605804443,0.0
7,waypoint_57,30.0,0.38323956389577535,-0.7050469241938334,1.043684508641266,1423.613429069519,0.0
8,waypoint_57,30.0,0.38323956389577535,-0.7050469241938334,1.043684508641266,420.37323117256165,0.0
9,waypoint_57,30.0,0.38323956389577535,-0.7050469241938334,1.043684508641266,487.25730180740356,0.0
10,waypoint_57,30.0,0.38323956389577535,-0.7050469241938334,1.043684508641266,593.340277671814,0.0
11,waypoint_57,30.0,0.38323956389577535,-0.7050469241938334,1.043684508641266,526.6837477684021,0.0
12,waypoint_57,30.0,0.38323956389577535,-0.7050469241938334,1.043684508641266,806.2953352928162,0.0
13,waypoint_57,30.0,0.38323956389577535,-0.7050469241938334,1.043684508641266,537.0584726333618,0.0
14,waypoint_57,30.0,0.38323956389577535,-0.7050469241938334,1.043684508641266,727.2598147392273,0.0
0,waypoint_58,30.0,0.40323956389577514,-0.7050469241938334,1.043684508641266,4378.514289855957,0.0
1,waypoint_58,30.0,0.40323956389577514,-0.7050469241938334,1.043684508641266,3166.597843170166,0.0
2,waypoint_58,30.0,0.40323956389577514,-0.7050469241938334,1.043684508641266,2931.8583011627197,0.0
3,waypoint_58,30.0,0.40323956389577514,-0.7050469241938334,1.043684508641266,1176.5763759613037,0.0
4,waypoint_58,30.0,0.40323956389577514,-0.7050469241938334,1.043684508641266,1185.1025819778442,0.0
5,waypoint_58,30.0,0.40323956389577514,-0.7050469241938334,1.043684508641266,1609.4213724136353,0.0
6,waypoint_58,30.0,0.40323956389577514,-0.7050469241938334,1.043684508641266,2512.7456188201904,0.0
7,waypoint_58,30.0,0.40323956389577514,-0.7050469241938334,1.043684508641266,1404.2631387710571,0.0
8,waypoint_58,30.0,0.40323956389577514,-0.7050469241938334,1.043684508641266,440.61434268951416,0.0
9,waypoint_58,30.0,0.40323956389577514,-0.7050469241938334,1.043684508641266,453.78023386001587,0.0
10,waypoint_58,30.0,0.40323956389577514,-0.7050469241938334,1.043684508641266,613.3416295051575,0.0
11,waypoint_58,30.0,0.40323956389577514,-0.7050469241938334,1.043684508641266,544.8043346405029,0.0
12,waypoint_58,30.0,0.40323956389577514,-0.7050469241938334,1.043684508641266,821.5455412864685,0.0
13,waypoint_58,30.0,0.40323956389577514,-0.7050469241938334,1.043684508641266,553.3861517906189,0.0
14,waypoint_58,30.0,0.40323956389577514,-0.7050469241938334,1.043684508641266,757.7287554740906,0.0
0,waypoint_58,15.0,0.40323956389577514,-0.7050469241938334,1.043684508641266,4335.028171539307,0.0
1,waypoint_58,15.0,0.40323956389577514,-0.7050469241938334,1.043684508641266,3162.3642444610596,0.0
2,waypoint_58,15.0,0.40323956389577514,-0.7050469241938334,1.043684508641266,2961.2278938293457,0.0
3,waypoint_58,15.0,0.40323956389577514,-0.7050469241938334,1.043684508641266,1163.9848947525024,0.0
4,waypoint_58,15.0,0.40323956389577514,-0.7050469241938334,1.043684508641266,1184.4985485076904,0.0
5,waypoint_58,15.0,0.40323956389577514,-0.7050469241938334,1.043684508641266,1519.7862386703491,0.0
6,waypoint_58,15.0,0.40323956389577514,-0.7050469241938334,1.043684508641266,2417.651653289795,0.0
7,waypoint_58,15.0,0.40323956389577514,-0.7050469241938334,1.043684508641266,1416.589856147766,0.0
8,waypoint_58,15.0,0.40323956389577514,-0.7050469241938334,1.043684508641266,420.63117027282715,0.0
9,waypoint_58,15.0,0.40323956389577514,-0.7050469241938334,1.043684508641266,455.00215888023376,0.0
10,waypoint_58,15.0,0.40323956389577514,-0.7050469241938334,1.043684508641266,597.1383452415466,0.0
11,waypoint_58,15.0,0.40323956389577514,-0.7050469241938334,1.043684508641266,528.6635756492615,0.0
12,waypoint_58,15.0,0.40323956389577514,-0.7050469241938334,1.043684508641266,832.4833512306213,0.0
13,waypoint_58,15.0,0.40323956389577514,-0.7050469241938334,1.043684508641266,461.5938663482666,0.0
14,waypoint_58,15.0,0.40323956389577514,-0.7050469241938334,1.043684508641266,736.5127205848694,0.0
0,waypoint_58,0.0,0.40323956389577514,-0.7050469241938334,1.043684508641266,4301.693916320801,0.0
1,waypoint_58,0.0,0.40323956389577514,-0.7050469241938334,1.043684508641266,3158.313274383545,0.0
2,waypoint_58,0.0,0.40323956389577514,-0.7050469241938334,1.043684508641266,2991.4584159851074,0.0
3,waypoint_58,0.0,0.40323956389577514,-0.7050469241938334,1.043684508641266,1174.4719743728638,0.0
4,waypoint_58,0.0,0.40323956389577514,-0.7050469241938334,1.043684508641266,1182.0839643478394,0.0
5,waypoint_58,0.0,0.40323956389577514,-0.7050469241938334,1.043684508641266,1631.4035654067993,0.0
6,waypoint_58,0.0,0.40323956389577514,-0.7050469241938334,1.043684508641266,2542.865753173828,0.0
7,waypoint_58,0.0,0.40323956389577514,-0.7050469241938334,1.043684508641266,1416.8983697891235,0.0
8,waypoint_58,0.0,0.40323956389577514,-0.7050469241938334,1.043684508641266,416.74014925956726,0.0
9,waypoint_58,0.0,0.40323956389577514,-0.7050469241938334,1.043684508641266,439.2269551753998,0.0
10,waypoint_58,0.0,0.40323956389577514,-0.7050469241938334,1.043684508641266,535.5696082115173,0.0
11,waypoint_58,0.0,0.40323956389577514,-0.7050469241938334,1.043684508641266,499.93646144866943,0.0
12,waypoint_58,0.0,0.40323956389577514,-0.7050469241938334,1.043684508641266,843.1758880615234,0.0
13,waypoint_58,0.0,0.40323956389577514,-0.7050469241938334,1.043684508641266,451.69705152511597,0.0
14,waypoint_58,0.0,0.40323956389577514,-0.7050469241938334,1.043684508641266,805.3190112113953,0.0
0,waypoint_58,-15.0,0.40323956389577514,-0.7050469241938334,1.043684508641266,4305.872917175293,0.0
1,waypoint_58,-15.0,0.40323956389577514,-0.7050469241938334,1.043684508641266,3155.5168628692627,0.0
2,waypoint_58,-15.0,0.40323956389577514,-0.7050469241938334,1.043684508641266,2793.182373046875,0.0
3,waypoint_58,-15.0,0.40323956389577514,-0.7050469241938334,1.043684508641266,1161.0774993896484,0.0
4,waypoint_58,-15.0,0.40323956389577514,-0.7050469241938334,1.043684508641266,1179.2863607406616,0.0
5,waypoint_58,-15.0,0.40323956389577514,-0.7050469241938334,1.043684508641266,2100.032329559326,0.0
6,waypoint_58,-15.0,0.40323956389577514,-0.7050469241938334,1.043684508641266,2411.534547805786,0.0
7,waypoint_58,-15.0,0.40323956389577514,-0.7050469241938334,1.043684508641266,1417.2121286392212,0.0
8,waypoint_58,-15.0,0.40323956389577514,-0.7050469241938334,1.043684508641266,415.21671414375305,0.0
9,waypoint_58,-15.0,0.40323956389577514,-0.7050469241938334,1.043684508641266,427.5161921977997,0.0
10,waypoint_58,-15.0,0.40323956389577514,-0.7050469241938334,1.043684508641266,517.6964998245239,0.0
11,waypoint_58,-15.0,0.40323956389577514,-0.7050469241938334,1.043684508641266,450.93071460723877,0.0
12,waypoint_58,-15.0,0.40323956389577514,-0.7050469241938334,1.043684508641266,859.4039082527161,0.0
13,waypoint_58,-15.0,0.40323956389577514,-0.7050469241938334,1.043684508641266,396.40337228775024,0.0
14,waypoint_58,-15.0,0.40323956389577514,-0.7050469241938334,1.043684508641266,872.8199005126953,0.0
0,waypoint_58,-30.0,0.40323956389577514,-0.7050469241938334,1.043684508641266,4273.427486419678,0.0
1,waypoint_58,-30.0,0.40323956389577514,-0.7050469241938334,1.043684508641266,3154.9441814422607,0.0
2,waypoint_58,-30.0,0.40323956389577514,-0.7050469241938334,1.043684508641266,2787.647247314453,0.0
3,waypoint_58,-30.0,0.40323956389577514,-0.7050469241938334,1.043684508641266,995.6346154212952,0.0
4,waypoint_58,-30.0,0.40323956389577514,-0.7050469241938334,1.043684508641266,1182.7486753463745,0.0
5,waypoint_58,-30.0,0.40323956389577514,-0.7050469241938334,1.043684508641266,2137.171506881714,0.0
6,waypoint_58,-30.0,0.40323956389577514,-0.7050469241938334,1.043684508641266,2467.4527645111084,0.0
7,waypoint_58,-30.0,0.40323956389577514,-0.7050469241938334,1.043684508641266,1417.5394773483276,0.0
8,waypoint_58,-30.0,0.40323956389577514,-0.7050469241938334,1.043684508641266,408.54209661483765,0.0
9,waypoint_58,-30.0,0.40323956389577514,-0.7050469241938334,1.043684508641266,432.4457347393036,0.0
10,waypoint_58,-30.0,0.40323956389577514,-0.7050469241938334,1.043684508641266,520.7806825637817,0.0
11,waypoint_58,-30.0,0.40323956389577514,-0.7050469241938334,1.043684508641266,451.4075815677643,0.0
12,waypoint_58,-30.0,0.40323956389577514,-0.7050469241938334,1.043684508641266,877.0394921302795,0.0
13,waypoint_58,-30.0,0.40323956389577514,-0.7050469241938334,1.043684508641266,393.22787523269653,0.0
14,waypoint_58,-30.0,0.40323956389577514,-0.7050469241938334,1.043684508641266,905.9349298477173,0.0
0,waypoint_59,-30.0,0.4232395638957754,-0.7050469241938334,1.043684508641266,4292.191028594971,0.0
1,waypoint_59,-30.0,0.4232395638957754,-0.7050469241938334,1.043684508641266,3156.7952632904053,0.0
2,waypoint_59,-30.0,0.4232395638957754,-0.7050469241938334,1.043684508641266,2831.616163253784,0.0
3,waypoint_59,-30.0,0.4232395638957754,-0.7050469241938334,1.043684508641266,994.1880106925964,0.0
4,waypoint_59,-30.0,0.4232395638957754,-0.7050469241938334,1.043684508641266,1163.8636589050293,0.0
5,waypoint_59,-30.0,0.4232395638957754,-0.7050469241938334,1.043684508641266,2133.697986602783,0.0
6,waypoint_59,-30.0,0.4232395638957754,-0.7050469241938334,1.043684508641266,2499.579668045044,0.0
7,waypoint_59,-30.0,0.4232395638957754,-0.7050469241938334,1.043684508641266,1397.7957963943481,0.0
8,waypoint_59,-30.0,0.4232395638957754,-0.7050469241938334,1.043684508641266,426.94807052612305,0.0
9,waypoint_59,-30.0,0.4232395638957754,-0.7050469241938334,1.043684508641266,450.1938223838806,0.0
10,waypoint_59,-30.0,0.4232395638957754,-0.7050469241938334,1.043684508641266,520.5249786376953,0.0
11,waypoint_59,-30.0,0.4232395638957754,-0.7050469241938334,1.043684508641266,469.279408454895,0.0
12,waypoint_59,-30.0,0.4232395638957754,-0.7050469241938334,1.043684508641266,891.775369644165,0.0
13,waypoint_59,-30.0,0.4232395638957754,-0.7050469241938334,1.043684508641266,386.24057173728943,0.0
14,waypoint_59,-30.0,0.4232395638957754,-0.7050469241938334,1.043684508641266,963.9333486557007,0.0
0,waypoint_59,-15.0,0.4232395638957754,-0.7050469241938334,1.043684508641266,4288.880825042725,0.0
1,waypoint_59,-15.0,0.4232395638957754,-0.7050469241938334,1.043684508641266,3157.221794128418,0.0
2,waypoint_59,-15.0,0.4232395638957754,-0.7050469241938334,1.043684508641266,2800.105333328247,0.0
3,waypoint_59,-15.0,0.4232395638957754,-0.7050469241938334,1.043684508641266,1144.7337865829468,0.0
4,waypoint_59,-15.0,0.4232395638957754,-0.7050469241938334,1.043684508641266,1162.7652645111084,0.0
5,waypoint_59,-15.0,0.4232395638957754,-0.7050469241938334,1.043684508641266,2094.4626331329346,0.0
6,waypoint_59,-15.0,0.4232395638957754,-0.7050469241938334,1.043684508641266,2463.2744789123535,0.0
7,waypoint_59,-15.0,0.4232395638957754,-0.7050469241938334,1.043684508641266,1397.504210472107,0.0
8,waypoint_59,-15.0,0.4232395638957754,-0.7050469241938334,1.043684508641266,427.014023065567,0.0
9,waypoint_59,-15.0,0.4232395638957754,-0.7050469241938334,1.043684508641266,450.4167437553406,0.0
10,waypoint_59,-15.0,0.4232395638957754,-0.7050469241938334,1.043684508641266,527.1580815315247,0.0
11,waypoint_59,-15.0,0.4232395638957754,-0.7050469241938334,1.043684508641266,469.4390296936035,0.0
12,waypoint_59,-15.0,0.4232395638957754,-0.7050469241938334,1.043684508641266,874.5325207710266,0.0
13,waypoint_59,-15.0,0.4232395638957754,-0.7050469241938334,1.043684508641266,387.76862621307373,0.0
14,waypoint_59,-15.0,0.4232395638957754,-0.7050469241938334,1.043684508641266,865.2493357658386,0.0
0,waypoint_59,0.0,0.4232395638957754,-0.7050469241938334,1.043684508641266,4364.850997924805,0.0
1,waypoint_59,0.0,0.4232395638957754,-0.7050469241938334,1.043684508641266,3159.9016189575195,0.0
2,waypoint_59,0.0,0.4232395638957754,-0.7050469241938334,1.043684508641266,2927.2804260253906,0.0
3,waypoint_59,0.0,0.4232395638957754,-0.7050469241938334,1.043684508641266,1174.9656200408936,0.0
4,waypoint_59,0.0,0.4232395638957754,-0.7050469241938334,1.043684508641266,1162.0315313339233,0.0
5,waypoint_59,0.0,0.4232395638957754,-0.7050469241938334,1.043684508641266,2007.8623294830322,0.0
6,waypoint_59,0.0,0.4232395638957754,-0.7050469241938334,1.043684508641266,2346.109628677368,0.0
7,waypoint_59,0.0,0.4232395638957754,-0.7050469241938334,1.043684508641266,1396.9016075134277,0.0
8,waypoint_59,0.0,0.4232395638957754,-0.7050469241938334,1.043684508641266,416.0185158252716,0.0
9,waypoint_59,0.0,0.4232395638957754,-0.7050469241938334,1.043684508641266,451.0733485221863,0.0
10,waypoint_59,0.0,0.4232395638957754,-0.7050469241938334,1.043684508641266,510.577917098999,0.0
11,waypoint_59,0.0,0.4232395638957754,-0.7050469241938334,1.043684508641266,486.80514097213745,0.0
12,waypoint_59,0.0,0.4232395638957754,-0.7050469241938334,1.043684508641266,858.2689166069031,0.0
13,waypoint_59,0.0,0.4232395638957754,-0.7050469241938334,1.043684508641266,463.66241574287415,0.0
14,waypoint_59,0.0,0.4232395638957754,-0.7050469241938334,1.043684508641266,851.0562777519226,0.0
0,waypoint_59,15.0,0.4232395638957754,-0.7050469241938334,1.043684508641266,4314.992427825928,0.0
1,waypoint_59,15.0,0.4232395638957754,-0.7050469241938334,1.043684508641266,3163.8755798339844,0.0
2,waypoint_59,15.0,0.4232395638957754,-0.7050469241938334,1.043684508641266,2888.0672454833984,0.0
3,waypoint_59,15.0,0.4232395638957754,-0.7050469241938334,1.043684508641266,1219.5813655853271,0.0
4,waypoint_59,15.0,0.4232395638957754,-0.7050469241938334,1.043684508641266,1162.4401807785034,0.0
5,waypoint_59,15.0,0.4232395638957754,-0.7050469241938334,1.043684508641266,1512.1897459030151,0.0
6,waypoint_59,15.0,0.4232395638957754,-0.7050469241938334,1.043684508641266,2336.6620540618896,0.0
7,waypoint_59,15.0,0.4232395638957754,-0.7050469241938334,1.043684508641266,1397.0744609832764,0.0
8,waypoint_59,15.0,0.4232395638957754,-0.7050469241938334,1.043684508641266,415.81740975379944,0.0
9,waypoint_59,15.0,0.4232395638957754,-0.7050469241938334,1.043684508641266,441.1730766296387,0.0
10,waypoint_59,15.0,0.4232395638957754,-0.7050469241938334,1.043684508641266,585.9882831573486,0.0
11,waypoint_59,15.0,0.4232395638957754,-0.7050469241938334,1.043684508641266,514.3954753875732,0.0
12,waypoint_59,15.0,0.4232395638957754,-0.7050469241938334,1.043684508641266,848.2874035835266,0.0
13,waypoint_59,15.0,0.4232395638957754,-0.7050469241938334,1.043684508641266,466.1197066307068,0.0
14,waypoint_59,15.0,0.4232395638957754,-0.7050469241938334,1.043684508641266,748.7335801124573,0.0
0,waypoint_59,30.0,0.4232395638957754,-0.7050469241938334,1.043684508641266,4325.251579284668,0.0
1,waypoint_59,30.0,0.4232395638957754,-0.7050469241938334,1.043684508641266,3168.0734157562256,0.0
2,waypoint_59,30.0,0.4232395638957754,-0.7050469241938334,1.043684508641266,2923.78830909729,0.0
3,waypoint_59,30.0,0.4232395638957754,-0.7050469241938334,1.043684508641266,1198.8602876663208,0.0
4,waypoint_59,30.0,0.4232395638957754,-0.7050469241938334,1.043684508641266,1164.9123430252075,0.0
5,waypoint_59,30.0,0.4232395638957754,-0.7050469241938334,1.043684508641266,1601.813793182373,0.0
6,waypoint_59,30.0,0.4232395638957754,-0.7050469241938334,1.043684508641266,2328.5229206085205,0.0
7,waypoint_59,30.0,0.4232395638957754,-0.7050469241938334,1.043684508641266,1394.9041366577148,0.0
8,waypoint_59,30.0,0.4232395638957754,-0.7050469241938334,1.043684508641266,373.9907741546631,0.0
9,waypoint_59,30.0,0.4232395638957754,-0.7050469241938334,1.043684508641266,427.0336925983429,0.0
10,waypoint_59,30.0,0.4232395638957754,-0.7050469241938334,1.043684508641266,633.0640316009521,0.0
11,waypoint_59,30.0,0.4232395638957754,-0.7050469241938334,1.043684508641266,561.3701939582825,0.0
12,waypoint_59,30.0,0.4232395638957754,-0.7050469241938334,1.043684508641266,837.552011013031,0.0
13,waypoint_59,30.0,0.4232395638957754,-0.7050469241938334,1.043684508641266,501.31678581237793,0.0
14,waypoint_59,30.0,0.4232395638957754,-0.7050469241938334,1.043684508641266,779.6297073364258,0.0
0,waypoint_60,30.0,0.4432395638957752,-0.7050469241938334,1.043684508641266,4413.412570953369,0.0
1,waypoint_60,30.0,0.4432395638957752,-0.7050469241938334,1.043684508641266,3169.656753540039,0.0
2,waypoint_60,30.0,0.4432395638957752,-0.7050469241938334,1.043684508641266,2958.1146240234375,0.0
3,waypoint_60,30.0,0.4432395638957752,-0.7050469241938334,1.043684508641266,1142.7236795425415,0.0
4,waypoint_60,30.0,0.4432395638957752,-0.7050469241938334,1.043684508641266,1142.9651975631714,0.0
5,waypoint_60,30.0,0.4432395638957752,-0.7050469241938334,1.043684508641266,1594.3752527236938,0.0
6,waypoint_60,30.0,0.4432395638957752,-0.7050469241938334,1.043684508641266,2423.31862449646,0.0
7,waypoint_60,30.0,0.4432395638957752,-0.7050469241938334,1.043684508641266,1376.9652843475342,0.0
8,waypoint_60,30.0,0.4432395638957752,-0.7050469241938334,1.043684508641266,391.5157616138458,0.0
9,waypoint_60,30.0,0.4432395638957752,-0.7050469241938334,1.043684508641266,446.9221532344818,0.0
10,waypoint_60,30.0,0.4432395638957752,-0.7050469241938334,1.043684508641266,635.327935218811,0.0
11,waypoint_60,30.0,0.4432395638957752,-0.7050469241938334,1.043684508641266,579.9574851989746,0.0
12,waypoint_60,30.0,0.4432395638957752,-0.7050469241938334,1.043684508641266,853.1889915466309,0.0
13,waypoint_60,30.0,0.4432395638957752,-0.7050469241938334,1.043684508641266,517.9368257522583,0.0
14,waypoint_60,30.0,0.4432395638957752,-0.7050469241938334,1.043684508641266,789.0896797180176,0.0
0,waypoint_60,15.0,0.4432395638957752,-0.7050469241938334,1.043684508641266,4380.140781402588,0.0
1,waypoint_60,15.0,0.4432395638957752,-0.7050469241938334,1.043684508641266,3165.4956340789795,0.0
2,waypoint_60,15.0,0.4432395638957752,-0.7050469241938334,1.043684508641266,2911.900758743286,0.0
3,waypoint_60,15.0,0.4432395638957752,-0.7050469241938334,1.043684508641266,1129.09996509552,0.0
4,waypoint_60,15.0,0.4432395638957752,-0.7050469241938334,1.043684508641266,1143.0996656417847,0.0
5,waypoint_60,15.0,0.4432395638957752,-0.7050469241938334,1.043684508641266,1504.7719478607178,0.0
6,waypoint_60,15.0,0.4432395638957752,-0.7050469241938334,1.043684508641266,2398.3418941497803,0.0
7,waypoint_60,15.0,0.4432395638957752,-0.7050469241938334,1.043684508641266,1387.5722885131836,0.0
8,waypoint_60,15.0,0.4432395638957752,-0.7050469241938334,1.043684508641266,414.7900938987732,0.0
9,waypoint_60,15.0,0.4432395638957752,-0.7050469241938334,1.043684508641266,458.5089981555939,0.0
10,waypoint_60,15.0,0.4432395638957752,-0.7050469241938334,1.043684508641266,633.6923837661743,0.0
11,waypoint_60,15.0,0.4432395638957752,-0.7050469241938334,1.043684508641266,567.543625831604,0.0
12,waypoint_60,15.0,0.4432395638957752,-0.7050469241938334,1.043684508641266,863.7658953666687,0.0
13,waypoint_60,15.0,0.4432395638957752,-0.7050469241938334,1.043684508641266,492.70424246788025,0.0
14,waypoint_60,15.0,0.4432395638957752,-0.7050469241938334,1.043684508641266,774.4676470756531,0.0
0,waypoint_60,0.0,0.4432395638957752,-0.7050469241938334,1.043684508641266,4388.544082641602,0.0
1,waypoint_60,0.0,0.4432395638957752,-0.7050469241938334,1.043684508641266,3161.6036891937256,0.0
2,waypoint_60,0.0,0.4432395638957752,-0.7050469241938334,1.043684508641266,2964.3664360046387,0.0
3,waypoint_60,0.0,0.4432395638957752,-0.7050469241938334,1.043684508641266,1217.0767784118652,0.0
4,waypoint_60,0.0,0.4432395638957752,-0.7050469241938334,1.043684508641266,1141.6038274765015,0.0
5,waypoint_60,0.0,0.4432395638957752,-0.7050469241938334,1.043684508641266,1637.8685235977173,0.0
6,waypoint_60,0.0,0.4432395638957752,-0.7050469241938334,1.043684508641266,2438.790798187256,0.0
7,waypoint_60,0.0,0.4432395638957752,-0.7050469241938334,1.043684508641266,1387.924313545227,0.0
8,waypoint_60,0.0,0.4432395638957752,-0.7050469241938334,1.043684508641266,423.19416999816895,0.0
9,waypoint_60,0.0,0.4432395638957752,-0.7050469241938334,1.043684508641266,429.33037877082825,0.0
10,waypoint_60,0.0,0.4432395638957752,-0.7050469241938334,1.043684508641266,562.9634261131287,0.0
11,waypoint_60,0.0,0.4432395638957752,-0.7050469241938334,1.043684508641266,518.7623500823975,0.0
12,waypoint_60,0.0,0.4432395638957752,-0.7050469241938334,1.043684508641266,873.5675811767578,0.0
13,waypoint_60,0.0,0.4432395638957752,-0.7050469241938334,1.043684508641266,475.79166293144226,0.0
14,waypoint_60,0.0,0.4432395638957752,-0.7050469241938334,1.043684508641266,770.2336311340332,0.0
0,waypoint_60,-15.0,0.4432395638957752,-0.7050469241938334,1.043684508641266,4312.236785888672,0.0
1,waypoint_60,-15.0,0.4432395638957752,-0.7050469241938334,1.043684508641266,3159.0418815612793,0.0
2,waypoint_60,-15.0,0.4432395638957752,-0.7050469241938334,1.043684508641266,2826.7436027526855,0.0
3,waypoint_60,-15.0,0.4432395638957752,-0.7050469241938334,1.043684508641266,1152.1445512771606,0.0
4,waypoint_60,-15.0,0.4432395638957752,-0.7050469241938334,1.043684508641266,1141.4785385131836,0.0
5,waypoint_60,-15.0,0.4432395638957752,-0.7050469241938334,1.043684508641266,2093.496799468994,0.0
6,waypoint_60,-15.0,0.4432395638957752,-0.7050469241938334,1.043684508641266,2481.0211658477783,0.0
7,waypoint_60,-15.0,0.4432395638957752,-0.7050469241938334,1.043684508641266,1388.1198167800903,0.0
8,waypoint_60,-15.0,0.4432395638957752,-0.7050469241938334,1.043684508641266,418.97162795066833,0.0
9,waypoint_60,-15.0,0.4432395638957752,-0.7050469241938334,1.043684508641266,429.1295111179352,0.0
10,waypoint_60,-15.0,0.4432395638957752,-0.7050469241938334,1.043684508641266,541.2648320198059,0.0
11,waypoint_60,-15.0,0.4432395638957752,-0.7050469241938334,1.043684508641266,506.0107707977295,0.0
12,waypoint_60,-15.0,0.4432395638957752,-0.7050469241938334,1.043684508641266,889.7804617881775,0.0
13,waypoint_60,-15.0,0.4432395638957752,-0.7050469241938334,1.043684508641266,415.0064289569855,0.0
14,waypoint_60,-15.0,0.4432395638957752,-0.7050469241938334,1.043684508641266,888.1698846817017,0.0
0,waypoint_60,-30.0,0.4432395638957752,-0.7050469241938334,1.043684508641266,4331.5110206604,0.0
1,waypoint_60,-30.0,0.4432395638957752,-0.7050469241938334,1.043684508641266,3158.7696075439453,0.0
2,waypoint_60,-30.0,0.4432395638957752,-0.7050469241938334,1.043684508641266,2775.0840187072754,0.0
3,waypoint_60,-30.0,0.4432395638957752,-0.7050469241938334,1.043684508641266,974.1656184196472,0.0
4,waypoint_60,-30.0,0.4432395638957752,-0.7050469241938334,1.043684508641266,1141.8802738189697,0.0
5,waypoint_60,-30.0,0.4432395638957752,-0.7050469241938334,1.043684508641266,2129.638910293579,0.0
6,waypoint_60,-30.0,0.4432395638957752,-0.7050469241938334,1.043684508641266,2470.3450202941895,0.0
7,waypoint_60,-30.0,0.4432395638957752,-0.7050469241938334,1.043684508641266,1388.0892992019653,0.0
8,waypoint_60,-30.0,0.4432395638957752,-0.7050469241938334,1.043684508641266,418.9576208591461,0.0
9,waypoint_60,-30.0,0.4432395638957752,-0.7050469241938334,1.043684508641266,428.90384793281555,0.0
10,waypoint_60,-30.0,0.4432395638957752,-0.7050469241938334,1.043684508641266,531.0489535331726,0.0
11,waypoint_60,-30.0,0.4432395638957752,-0.7050469241938334,1.043684508641266,491.4547801017761,0.0
12,waypoint_60,-30.0,0.4432395638957752,-0.7050469241938334,1.043684508641266,906.738817691803,0.0
13,waypoint_60,-30.0,0.4432395638957752,-0.7050469241938334,1.043684508641266,358.64266753196716,0.0
14,waypoint_60,-30.0,0.4432395638957752,-0.7050469241938334,1.043684508641266,993.4836030006409,0.0
0,waypoint_61,-30.0,0.2632395638957761,-0.6888739146935746,1.0242258486310418,4153.952121734619,0.0
1,waypoint_61,-30.0,0.2632395638957761,-0.6888739146935746,1.0242258486310418,3128.2799243927,0.0
2,waypoint_61,-30.0,0.2632395638957761,-0.6888739146935746,1.0242258486310418,2921.684980392456,0.0
3,waypoint_61,-30.0,0.2632395638957761,-0.6888739146935746,1.0242258486310418,1108.0087423324585,0.0
4,waypoint_61,-30.0,0.2632395638957761,-0.6888739146935746,1.0242258486310418,1323.3083486557007,0.0
5,waypoint_61,-30.0,0.2632395638957761,-0.6888739146935746,1.0242258486310418,2144.4778442382812,0.0
6,waypoint_61,-30.0,0.2632395638957761,-0.6888739146935746,1.0242258486310418,2588.3727073669434,0.0
7,waypoint_61,-30.0,0.2632395638957761,-0.6888739146935746,1.0242258486310418,1561.259150505066,0.0
8,waypoint_61,-30.0,0.2632395638957761,-0.6888739146935746,1.0242258486310418,302.793025970459,0.0
9,waypoint_61,-30.0,0.2632395638957761,-0.6888739146935746,1.0242258486310418,295.1512634754181,0.0
10,waypoint_61,-30.0,0.2632395638957761,-0.6888739146935746,1.0242258486310418,419.8407530784607,0.0
11,waypoint_61,-30.0,0.2632395638957761,-0.6888739146935746,1.0242258486310418,376.33150815963745,0.0
12,waypoint_61,-30.0,0.2632395638957761,-0.6888739146935746,1.0242258486310418,778.2756090164185,0.0
13,waypoint_61,-30.0,0.2632395638957761,-0.6888739146935746,1.0242258486310418,275.3020226955414,0.0
14,waypoint_61,-30.0,0.2632395638957761,-0.6888739146935746,1.0242258486310418,840.8067226409912,0.0
0,waypoint_61,-15.0,0.2632395638957761,-0.6888739146935746,1.0242258486310418,4184.938907623291,0.0
1,waypoint_61,-15.0,0.2632395638957761,-0.6888739146935746,1.0242258486310418,3130.4638385772705,0.0
2,waypoint_61,-15.0,0.2632395638957761,-0.6888739146935746,1.0242258486310418,2903.1007289886475,0.0
3,waypoint_61,-15.0,0.2632395638957761,-0.6888739146935746,1.0242258486310418,1281.4737558364868,0.0
4,waypoint_61,-15.0,0.2632395638957761,-0.6888739146935746,1.0242258486310418,1322.8063583374023,0.0
5,waypoint_61,-15.0,0.2632395638957761,-0.6888739146935746,1.0242258486310418,2105.128526687622,0.0
6,waypoint_61,-15.0,0.2632395638957761,-0.6888739146935746,1.0242258486310418,2572.460174560547,0.0
7,waypoint_61,-15.0,0.2632395638957761,-0.6888739146935746,1.0242258486310418,1561.0393285751343,0.0
8,waypoint_61,-15.0,0.2632395638957761,-0.6888739146935746,1.0242258486310418,310.1488947868347,0.0
9,waypoint_61,-15.0,0.2632395638957761,-0.6888739146935746,1.0242258486310418,327.0449638366699,0.0
10,waypoint_61,-15.0,0.2632395638957761,-0.6888739146935746,1.0242258486310418,420.1456606388092,0.0
11,waypoint_61,-15.0,0.2632395638957761,-0.6888739146935746,1.0242258486310418,379.8234462738037,0.0
12,waypoint_61,-15.0,0.2632395638957761,-0.6888739146935746,1.0242258486310418,759.2595815658569,0.0
13,waypoint_61,-15.0,0.2632395638957761,-0.6888739146935746,1.0242258486310418,322.944700717926,0.0
14,waypoint_61,-15.0,0.2632395638957761,-0.6888739146935746,1.0242258486310418,862.7477288246155,0.0
0,waypoint_61,0.0,0.2632395638957761,-0.6888739146935746,1.0242258486310418,4139.368534088135,0.0
1,waypoint_61,0.0,0.2632395638957761,-0.6888739146935746,1.0242258486310418,3134.5605850219727,0.0
2,waypoint_61,0.0,0.2632395638957761,-0.6888739146935746,1.0242258486310418,3055.3154945373535,0.0
3,waypoint_61,0.0,0.2632395638957761,-0.6888739146935746,1.0242258486310418,1258.50248336792,0.0
4,waypoint_61,0.0,0.2632395638957761,-0.6888739146935746,1.0242258486310418,1319.6645975112915,0.0
5,waypoint_61,0.0,0.2632395638957761,-0.6888739146935746,1.0242258486310418,2015.4006481170654,0.0
6,waypoint_61,0.0,0.2632395638957761,-0.6888739146935746,1.0242258486310418,2646.7125415802,0.0
7,waypoint_61,0.0,0.2632395638957761,-0.6888739146935746,1.0242258486310418,1560.7751607894897,0.0
8,waypoint_61,0.0,0.2632395638957761,-0.6888739146935746,1.0242258486310418,363.5769188404083,0.0
9,waypoint_61,0.0,0.2632395638957761,-0.6888739146935746,1.0242258486310418,373.10144305229187,0.0
10,waypoint_61,0.0,0.2632395638957761,-0.6888739146935746,1.0242258486310418,436.66914105415344,0.0
11,waypoint_61,0.0,0.2632395638957761,-0.6888739146935746,1.0242258486310418,383.9612305164337,0.0
12,waypoint_61,0.0,0.2632395638957761,-0.6888739146935746,1.0242258486310418,744.0589666366577,0.0
13,waypoint_61,0.0,0.2632395638957761,-0.6888739146935746,1.0242258486310418,320.4168379306793,0.0
14,waypoint_61,0.0,0.2632395638957761,-0.6888739146935746,1.0242258486310418,788.3902192115784,0.0
0,waypoint_61,15.0,0.2632395638957761,-0.6888739146935746,1.0242258486310418,4222.224235534668,0.0
1,waypoint_61,15.0,0.2632395638957761,-0.6888739146935746,1.0242258486310418,3139.5251750946045,0.0
2,waypoint_61,15.0,0.2632395638957761,-0.6888739146935746,1.0242258486310418,2990.0588989257812,0.0
3,waypoint_61,15.0,0.2632395638957761,-0.6888739146935746,1.0242258486310418,1242.139220237732,0.0
4,waypoint_61,15.0,0.2632395638957761,-0.6888739146935746,1.0242258486310418,1322.7803707122803,0.0
5,waypoint_61,15.0,0.2632395638957761,-0.6888739146935746,1.0242258486310418,1556.5756559371948,0.0
6,waypoint_61,15.0,0.2632395638957761,-0.6888739146935746,1.0242258486310418,2551.6984462738037,0.0
7,waypoint_61,15.0,0.2632395638957761,-0.6888739146935746,1.0242258486310418,1560.444951057434,0.0
8,waypoint_61,15.0,0.2632395638957761,-0.6888739146935746,1.0242258486310418,528.0800461769104,0.0
9,waypoint_61,15.0,0.2632395638957761,-0.6888739146935746,1.0242258486310418,489.13297057151794,0.0
10,waypoint_61,15.0,0.2632395638957761,-0.6888739146935746,1.0242258486310418,423.62749576568604,0.0
11,waypoint_61,15.0,0.2632395638957761,-0.6888739146935746,1.0242258486310418,385.7641816139221,0.0
12,waypoint_61,15.0,0.2632395638957761,-0.6888739146935746,1.0242258486310418,730.8887243270874,0.0
13,waypoint_61,15.0,0.2632395638957761,-0.6888739146935746,1.0242258486310418,342.28649735450745,0.0
14,waypoint_61,15.0,0.2632395638957761,-0.6888739146935746,1.0242258486310418,746.1888790130615,0.0
0,waypoint_61,30.0,0.2632395638957761,-0.6888739146935746,1.0242258486310418,4192.052364349365,0.0
1,waypoint_61,30.0,0.2632395638957761,-0.6888739146935746,1.0242258486310418,3144.228458404541,0.0
2,waypoint_61,30.0,0.2632395638957761,-0.6888739146935746,1.0242258486310418,2994.6279525756836,0.0
3,waypoint_61,30.0,0.2632395638957761,-0.6888739146935746,1.0242258486310418,1280.7787656784058,0.0
4,waypoint_61,30.0,0.2632395638957761,-0.6888739146935746,1.0242258486310418,1318.0726766586304,0.0
5,waypoint_61,30.0,0.2632395638957761,-0.6888739146935746,1.0242258486310418,1644.7055339813232,0.0
6,waypoint_61,30.0,0.2632395638957761,-0.6888739146935746,1.0242258486310418,2733.532190322876,0.0
7,waypoint_61,30.0,0.2632395638957761,-0.6888739146935746,1.0242258486310418,1551.2754917144775,0.0
8,waypoint_61,30.0,0.2632395638957761,-0.6888739146935746,1.0242258486310418,564.2243027687073,0.0
9,waypoint_61,30.0,0.2632395638957761,-0.6888739146935746,1.0242258486310418,531.0293436050415,0.0
10,waypoint_61,30.0,0.2632395638957761,-0.6888739146935746,1.0242258486310418,480.5086553096771,0.0
11,waypoint_61,30.0,0.2632395638957761,-0.6888739146935746,1.0242258486310418,430.8037757873535,0.0
12,waypoint_61,30.0,0.2632395638957761,-0.6888739146935746,1.0242258486310418,719.4280624389648,0.0
13,waypoint_61,30.0,0.2632395638957761,-0.6888739146935746,1.0242258486310418,484.25909876823425,0.0
14,waypoint_61,30.0,0.2632395638957761,-0.6888739146935746,1.0242258486310418,610.4363203048706,0.0
0,waypoint_62,30.0,0.28323956389577565,-0.6888739146935746,1.0242258486310418,4177.90412902832,0.0
1,waypoint_62,30.0,0.28323956389577565,-0.6888739146935746,1.0242258486310418,3144.977807998657,0.0
2,waypoint_62,30.0,0.28323956389577565,-0.6888739146935746,1.0242258486310418,2934.3531131744385,0.0
3,waypoint_62,30.0,0.28323956389577565,-0.6888739146935746,1.0242258486310418,1232.9835891723633,0.0
4,waypoint_62,30.0,0.28323956389577565,-0.6888739146935746,1.0242258486310418,1302.0726442337036,0.0
5,waypoint_62,30.0,0.28323956389577565,-0.6888739146935746,1.0242258486310418,1635.857343673706,0.0
6,waypoint_62,30.0,0.28323956389577565,-0.6888739146935746,1.0242258486310418,2313.6672973632812,0.0
7,waypoint_62,30.0,0.28323956389577565,-0.6888739146935746,1.0242258486310418,1532.3771238327026,0.0
8,waypoint_62,30.0,0.28323956389577565,-0.6888739146935746,1.0242258486310418,583.0883979797363,0.0
9,waypoint_62,30.0,0.28323956389577565,-0.6888739146935746,1.0242258486310418,549.7580170631409,0.0
10,waypoint_62,30.0,0.28323956389577565,-0.6888739146935746,1.0242258486310418,498.29331040382385,0.0
11,waypoint_62,30.0,0.28323956389577565,-0.6888739146935746,1.0242258486310418,447.3380744457245,0.0
12,waypoint_62,30.0,0.28323956389577565,-0.6888739146935746,1.0242258486310418,733.1973314285278,0.0
13,waypoint_62,30.0,0.28323956389577565,-0.6888739146935746,1.0242258486310418,533.8931679725647,0.0
14,waypoint_62,30.0,0.28323956389577565,-0.6888739146935746,1.0242258486310418,619.3212270736694,0.0
0,waypoint_62,15.0,0.28323956389577565,-0.6888739146935746,1.0242258486310418,4198.973178863525,0.0
1,waypoint_62,15.0,0.28323956389577565,-0.6888739146935746,1.0242258486310418,3140.284776687622,0.0
2,waypoint_62,15.0,0.28323956389577565,-0.6888739146935746,1.0242258486310418,3048.7208366394043,0.0
3,waypoint_62,15.0,0.28323956389577565,-0.6888739146935746,1.0242258486310418,1289.401650428772,0.0
4,waypoint_62,15.0,0.28323956389577565,-0.6888739146935746,1.0242258486310418,1300.3833293914795,0.0
5,waypoint_62,15.0,0.28323956389577565,-0.6888739146935746,1.0242258486310418,1547.685146331787,0.0
6,waypoint_62,15.0,0.28323956389577565,-0.6888739146935746,1.0242258486310418,2616.537094116211,0.0
7,waypoint_62,15.0,0.28323956389577565,-0.6888739146935746,1.0242258486310418,1543.084740638733,0.0
8,waypoint_62,15.0,0.28323956389577565,-0.6888739146935746,1.0242258486310418,578.4755349159241,0.0
9,waypoint_62,15.0,0.28323956389577565,-0.6888739146935746,1.0242258486310418,542.0101284980774,0.0
10,waypoint_62,15.0,0.28323956389577565,-0.6888739146935746,1.0242258486310418,478.2252609729767,0.0
11,waypoint_62,15.0,0.28323956389577565,-0.6888739146935746,1.0242258486310418,413.5527014732361,0.0
12,waypoint_62,15.0,0.28323956389577565,-0.6888739146935746,1.0242258486310418,744.518518447876,0.0
13,waypoint_62,15.0,0.28323956389577565,-0.6888739146935746,1.0242258486310418,485.57525873184204,0.0
14,waypoint_62,15.0,0.28323956389577565,-0.6888739146935746,1.0242258486310418,735.7202768325806,0.0
0,waypoint_62,0.0,0.28323956389577565,-0.6888739146935746,1.0242258486310418,4195.419788360596,0.0
1,waypoint_62,0.0,0.28323956389577565,-0.6888739146935746,1.0242258486310418,3135.371685028076,0.0
2,waypoint_62,0.0,0.28323956389577565,-0.6888739146935746,1.0242258486310418,2987.0641231536865,0.0
3,waypoint_62,0.0,0.28323956389577565,-0.6888739146935746,1.0242258486310418,1250.618577003479,0.0
4,waypoint_62,0.0,0.28323956389577565,-0.6888739146935746,1.0242258486310418,1302.4849891662598,0.0
5,waypoint_62,0.0,0.28323956389577565,-0.6888739146935746,1.0242258486310418,1634.0376138687134,0.0
6,waypoint_62,0.0,0.28323956389577565,-0.6888739146935746,1.0242258486310418,2681.14972114563,0.0
7,waypoint_62,0.0,0.28323956389577565,-0.6888739146935746,1.0242258486310418,1543.9441204071045,0.0
8,waypoint_62,0.0,0.28323956389577565,-0.6888739146935746,1.0242258486310418,509.3076825141907,0.0
9,waypoint_62,0.0,0.28323956389577565,-0.6888739146935746,1.0242258486310418,490.87631702423096,0.0
10,waypoint_62,0.0,0.28323956389577565,-0.6888739146935746,1.0242258486310418,451.33310556411743,0.0
11,waypoint_62,0.0,0.28323956389577565,-0.6888739146935746,1.0242258486310418,391.19216799736023,0.0
12,waypoint_62,0.0,0.28323956389577565,-0.6888739146935746,1.0242258486310418,757.0866346359253,0.0
13,waypoint_62,0.0,0.28323956389577565,-0.6888739146935746,1.0242258486310418,351.4944314956665,0.0
14,waypoint_62,0.0,0.28323956389577565,-0.6888739146935746,1.0242258486310418,760.5828046798706,0.0
0,waypoint_62,-15.0,0.28323956389577565,-0.6888739146935746,1.0242258486310418,4165.706157684326,0.0
1,waypoint_62,-15.0,0.28323956389577565,-0.6888739146935746,1.0242258486310418,3131.366968154907,0.0
2,waypoint_62,-15.0,0.28323956389577565,-0.6888739146935746,1.0242258486310418,2877.3319721221924,0.0
3,waypoint_62,-15.0,0.28323956389577565,-0.6888739146935746,1.0242258486310418,1296.6833114624023,0.0
4,waypoint_62,-15.0,0.28323956389577565,-0.6888739146935746,1.0242258486310418,1300.7458448410034,0.0
5,waypoint_62,-15.0,0.28323956389577565,-0.6888739146935746,1.0242258486310418,2101.2611389160156,0.0
6,waypoint_62,-15.0,0.28323956389577565,-0.6888739146935746,1.0242258486310418,2525.8705615997314,0.0
7,waypoint_62,-15.0,0.28323956389577565,-0.6888739146935746,1.0242258486310418,1544.7853803634644,0.0
8,waypoint_62,-15.0,0.28323956389577565,-0.6888739146935746,1.0242258486310418,497.3784387111664,0.0
9,waypoint_62,-15.0,0.28323956389577565,-0.6888739146935746,1.0242258486310418,446.3197886943817,0.0
10,waypoint_62,-15.0,0.28323956389577565,-0.6888739146935746,1.0242258486310418,422.7202534675598,0.0
11,waypoint_62,-15.0,0.28323956389577565,-0.6888739146935746,1.0242258486310418,349.92772340774536,0.0
12,waypoint_62,-15.0,0.28323956389577565,-0.6888739146935746,1.0242258486310418,772.9122042655945,0.0
13,waypoint_62,-15.0,0.28323956389577565,-0.6888739146935746,1.0242258486310418,353.372186422348,0.0
14,waypoint_62,-15.0,0.28323956389577565,-0.6888739146935746,1.0242258486310418,842.6775932312012,0.0
0,waypoint_62,-30.0,0.28323956389577565,-0.6888739146935746,1.0242258486310418,4147.188186645508,0.0
1,waypoint_62,-30.0,0.28323956389577565,-0.6888739146935746,1.0242258486310418,3129.3132305145264,0.0
2,waypoint_62,-30.0,0.28323956389577565,-0.6888739146935746,1.0242258486310418,2868.7663078308105,0.0
3,waypoint_62,-30.0,0.28323956389577565,-0.6888739146935746,1.0242258486310418,1093.153715133667,0.0
4,waypoint_62,-30.0,0.28323956389577565,-0.6888739146935746,1.0242258486310418,1298.370599746704,0.0
5,waypoint_62,-30.0,0.28323956389577565,-0.6888739146935746,1.0242258486310418,2139.570951461792,0.0
6,waypoint_62,-30.0,0.28323956389577565,-0.6888739146935746,1.0242258486310418,2610.3289127349854,0.0
7,waypoint_62,-30.0,0.28323956389577565,-0.6888739146935746,1.0242258486310418,1544.7648763656616,0.0
8,waypoint_62,-30.0,0.28323956389577565,-0.6888739146935746,1.0242258486310418,499.2586076259613,0.0
9,waypoint_62,-30.0,0.28323956389577565,-0.6888739146935746,1.0242258486310418,466.8627977371216,0.0
10,waypoint_62,-30.0,0.28323956389577565,-0.6888739146935746,1.0242258486310418,441.48874282836914,0.0
11,waypoint_62,-30.0,0.28323956389577565,-0.6888739146935746,1.0242258486310418,340.7655954360962,0.0
12,waypoint_62,-30.0,0.28323956389577565,-0.6888739146935746,1.0242258486310418,791.2022471427917,0.0
13,waypoint_62,-30.0,0.28323956389577565,-0.6888739146935746,1.0242258486310418,315.5401051044464,0.0
14,waypoint_62,-30.0,0.28323956389577565,-0.6888739146935746,1.0242258486310418,934.4038963317871,0.0
0,waypoint_63,-30.0,0.30323956389577544,-0.6888739146935746,1.0242258486310418,4166.6436195373535,0.0
1,waypoint_63,-30.0,0.30323956389577544,-0.6888739146935746,1.0242258486310418,3130.4683685302734,0.0
2,waypoint_63,-30.0,0.30323956389577544,-0.6888739146935746,1.0242258486310418,2855.822801589966,0.0
3,waypoint_63,-30.0,0.30323956389577544,-0.6888739146935746,1.0242258486310418,1071.6607570648193,0.0
4,waypoint_63,-30.0,0.30323956389577544,-0.6888739146935746,1.0242258486310418,1278.6216735839844,0.0
5,waypoint_63,-30.0,0.30323956389577544,-0.6888739146935746,1.0242258486310418,2134.986400604248,0.0
6,waypoint_63,-30.0,0.30323956389577544,-0.6888739146935746,1.0242258486310418,2625.931978225708,0.0
7,waypoint_63,-30.0,0.30323956389577544,-0.6888739146935746,1.0242258486310418,1525.0827074050903,0.0
8,waypoint_63,-30.0,0.30323956389577544,-0.6888739146935746,1.0242258486310418,509.58704948425293,0.0
9,waypoint_63,-30.0,0.30323956389577544,-0.6888739146935746,1.0242258486310418,488.99170756340027,0.0
10,waypoint_63,-30.0,0.30323956389577544,-0.6888739146935746,1.0242258486310418,429.151326417923,0.0
11,waypoint_63,-30.0,0.30323956389577544,-0.6888739146935746,1.0242258486310418,354.43049669265747,0.0
12,waypoint_63,-30.0,0.30323956389577544,-0.6888739146935746,1.0242258486310418,804.5126795768738,0.0
13,waypoint_63,-30.0,0.30323956389577544,-0.6888739146935746,1.0242258486310418,320.8472728729248,0.0
14,waypoint_63,-30.0,0.30323956389577544,-0.6888739146935746,1.0242258486310418,916.4479374885559,0.0
0,waypoint_63,-15.0,0.30323956389577544,-0.6888739146935746,1.0242258486310418,4224.0118980407715,0.0
1,waypoint_63,-15.0,0.30323956389577544,-0.6888739146935746,1.0242258486310418,3132.3835849761963,0.0
2,waypoint_63,-15.0,0.30323956389577544,-0.6888739146935746,1.0242258486310418,2776.841402053833,0.0
3,waypoint_63,-15.0,0.30323956389577544,-0.6888739146935746,1.0242258486310418,1239.0230894088745,0.0
4,waypoint_63,-15.0,0.30323956389577544,-0.6888739146935746,1.0242258486310418,1280.379295349121,0.0
5,waypoint_63,-15.0,0.30323956389577544,-0.6888739146935746,1.0242258486310418,2096.4126586914062,0.0
6,waypoint_63,-15.0,0.30323956389577544,-0.6888739146935746,1.0242258486310418,2605.865240097046,0.0
7,waypoint_63,-15.0,0.30323956389577544,-0.6888739146935746,1.0242258486310418,1524.8364210128784,0.0
8,waypoint_63,-15.0,0.30323956389577544,-0.6888739146935746,1.0242258486310418,507.06392526626587,0.0
9,waypoint_63,-15.0,0.30323956389577544,-0.6888739146935746,1.0242258486310418,490.04465341567993,0.0
10,waypoint_63,-15.0,0.30323956389577544,-0.6888739146935746,1.0242258486310418,423.24838042259216,0.0
11,waypoint_63,-15.0,0.30323956389577544,-0.6888739146935746,1.0242258486310418,356.31728172302246,0.0
12,waypoint_63,-15.0,0.30323956389577544,-0.6888739146935746,1.0242258486310418,786.3401770591736,0.0
13,waypoint_63,-15.0,0.30323956389577544,-0.6888739146935746,1.0242258486310418,352.8916835784912,0.0
14,waypoint_63,-15.0,0.30323956389577544,-0.6888739146935746,1.0242258486310418,863.8442754745483,0.0
0,waypoint_63,0.0,0.30323956389577544,-0.6888739146935746,1.0242258486310418,4185.917854309082,0.0
1,waypoint_63,0.0,0.30323956389577544,-0.6888739146935746,1.0242258486310418,3136.298894882202,0.0
2,waypoint_63,0.0,0.30323956389577544,-0.6888739146935746,1.0242258486310418,2975.994110107422,0.0
3,waypoint_63,0.0,0.30323956389577544,-0.6888739146935746,1.0242258486310418,1246.8156814575195,0.0
4,waypoint_63,0.0,0.30323956389577544,-0.6888739146935746,1.0242258486310418,1281.3812494277954,0.0
5,waypoint_63,0.0,0.30323956389577544,-0.6888739146935746,1.0242258486310418,2007.972240447998,0.0
6,waypoint_63,0.0,0.30323956389577544,-0.6888739146935746,1.0242258486310418,2664.5102500915527,0.0
7,waypoint_63,0.0,0.30323956389577544,-0.6888739146935746,1.0242258486310418,1524.0411758422852,0.0
8,waypoint_63,0.0,0.30323956389577544,-0.6888739146935746,1.0242258486310418,514.2791867256165,0.0
9,waypoint_63,0.0,0.30323956389577544,-0.6888739146935746,1.0242258486310418,490.3022050857544,0.0
10,waypoint_63,0.0,0.30323956389577544,-0.6888739146935746,1.0242258486310418,415.47247767448425,0.0
11,waypoint_63,0.0,0.30323956389577544,-0.6888739146935746,1.0242258486310418,404.1285812854767,0.0
12,waypoint_63,0.0,0.30323956389577544,-0.6888739146935746,1.0242258486310418,771.2411284446716,0.0
13,waypoint_63,0.0,0.30323956389577544,-0.6888739146935746,1.0242258486310418,355.5436432361603,0.0
14,waypoint_63,0.0,0.30323956389577544,-0.6888739146935746,1.0242258486310418,864.4675016403198,0.0
0,waypoint_63,15.0,0.30323956389577544,-0.6888739146935746,1.0242258486310418,4197.897434234619,0.0
1,waypoint_63,15.0,0.30323956389577544,-0.6888739146935746,1.0242258486310418,3141.1521434783936,0.0
2,waypoint_63,15.0,0.30323956389577544,-0.6888739146935746,1.0242258486310418,3022.084951400757,0.0
3,waypoint_63,15.0,0.30323956389577544,-0.6888739146935746,1.0242258486310418,1283.3459377288818,0.0
4,waypoint_63,15.0,0.30323956389577544,-0.6888739146935746,1.0242258486310418,1282.9179763793945,0.0
5,waypoint_63,15.0,0.30323956389577544,-0.6888739146935746,1.0242258486310418,1538.9708280563354,0.0
6,waypoint_63,15.0,0.30323956389577544,-0.6888739146935746,1.0242258486310418,2524.266004562378,0.0
7,waypoint_63,15.0,0.30323956389577544,-0.6888739146935746,1.0242258486310418,1523.3954191207886,0.0
8,waypoint_63,15.0,0.30323956389577544,-0.6888739146935746,1.0242258486310418,569.8604583740234,0.0
9,waypoint_63,15.0,0.30323956389577544,-0.6888739146935746,1.0242258486310418,528.0535817146301,0.0
10,waypoint_63,15.0,0.30323956389577544,-0.6888739146935746,1.0242258486310418,462.4914824962616,0.0
11,waypoint_63,15.0,0.30323956389577544,-0.6888739146935746,1.0242258486310418,416.16180539131165,0.0
12,waypoint_63,15.0,0.30323956389577544,-0.6888739146935746,1.0242258486310418,759.2572569847107,0.0
13,waypoint_63,15.0,0.30323956389577544,-0.6888739146935746,1.0242258486310418,366.9998347759247,0.0
14,waypoint_63,15.0,0.30323956389577544,-0.6888739146935746,1.0242258486310418,768.9400911331177,0.0
0,waypoint_63,30.0,0.30323956389577544,-0.6888739146935746,1.0242258486310418,4197.5417137146,0.0
1,waypoint_63,30.0,0.30323956389577544,-0.6888739146935746,1.0242258486310418,3145.829439163208,0.0
2,waypoint_63,30.0,0.30323956389577544,-0.6888739146935746,1.0242258486310418,2954.9522399902344,0.0
3,waypoint_63,30.0,0.30323956389577544,-0.6888739146935746,1.0242258486310418,1238.937497138977,0.0
4,waypoint_63,30.0,0.30323956389577544,-0.6888739146935746,1.0242258486310418,1280.950665473938,0.0
5,waypoint_63,30.0,0.30323956389577544,-0.6888739146935746,1.0242258486310418,1627.1716356277466,0.0
6,waypoint_63,30.0,0.30323956389577544,-0.6888739146935746,1.0242258486310418,2656.1248302459717,0.0
7,waypoint_63,30.0,0.30323956389577544,-0.6888739146935746,1.0242258486310418,1511.723279953003,0.0
8,waypoint_63,30.0,0.30323956389577544,-0.6888739146935746,1.0242258486310418,605.5107712745667,0.0
9,waypoint_63,30.0,0.30323956389577544,-0.6888739146935746,1.0242258486310418,565.1168823242188,0.0
10,waypoint_63,30.0,0.30323956389577544,-0.6888739146935746,1.0242258486310418,511.1865997314453,0.0
11,waypoint_63,30.0,0.30323956389577544,-0.6888739146935746,1.0242258486310418,454.6581506729126,0.0
12,waypoint_63,30.0,0.30323956389577544,-0.6888739146935746,1.0242258486310418,748.236894607544,0.0
13,waypoint_63,30.0,0.30323956389577544,-0.6888739146935746,1.0242258486310418,487.3490333557129,0.0
14,waypoint_63,30.0,0.30323956389577544,-0.6888739146935746,1.0242258486310418,644.2570686340332,0.0
0,waypoint_64,30.0,0.32323956389577596,-0.6888739146935746,1.0242258486310418,4298.928260803223,0.0
1,waypoint_64,30.0,0.32323956389577596,-0.6888739146935746,1.0242258486310418,3146.7885971069336,0.0
2,waypoint_64,30.0,0.32323956389577596,-0.6888739146935746,1.0242258486310418,2928.283929824829,0.0
3,waypoint_64,30.0,0.32323956389577596,-0.6888739146935746,1.0242258486310418,1204.1815519332886,0.0
4,waypoint_64,30.0,0.32323956389577596,-0.6888739146935746,1.0242258486310418,1260.6201171875,0.0
5,waypoint_64,30.0,0.32323956389577596,-0.6888739146935746,1.0242258486310418,1618.6469793319702,0.0
6,waypoint_64,30.0,0.32323956389577596,-0.6888739146935746,1.0242258486310418,2374.9027252197266,0.0
7,waypoint_64,30.0,0.32323956389577596,-0.6888739146935746,1.0242258486310418,1495.3820705413818,0.0
8,waypoint_64,30.0,0.32323956389577596,-0.6888739146935746,1.0242258486310418,624.8573064804077,0.0
9,waypoint_64,30.0,0.32323956389577596,-0.6888739146935746,1.0242258486310418,584.3496918678284,0.0
10,waypoint_64,30.0,0.32323956389577596,-0.6888739146935746,1.0242258486310418,529.4475555419922,0.0
11,waypoint_64,30.0,0.32323956389577596,-0.6888739146935746,1.0242258486310418,472.06911444664,0.0
12,waypoint_64,30.0,0.32323956389577596,-0.6888739146935746,1.0242258486310418,762.5488638877869,0.0
13,waypoint_64,30.0,0.32323956389577596,-0.6888739146935746,1.0242258486310418,481.2982678413391,0.0
14,waypoint_64,30.0,0.32323956389577596,-0.6888739146935746,1.0242258486310418,661.4858508110046,0.0
0,waypoint_64,15.0,0.32323956389577596,-0.6888739146935746,1.0242258486310418,4210.1311683654785,0.0
1,waypoint_64,15.0,0.32323956389577596,-0.6888739146935746,1.0242258486310418,3142.125368118286,0.0
2,waypoint_64,15.0,0.32323956389577596,-0.6888739146935746,1.0242258486310418,2972.5844860076904,0.0
3,waypoint_64,15.0,0.32323956389577596,-0.6888739146935746,1.0242258486310418,1264.3934488296509,0.0
4,waypoint_64,15.0,0.32323956389577596,-0.6888739146935746,1.0242258486310418,1259.4155073165894,0.0
5,waypoint_64,15.0,0.32323956389577596,-0.6888739146935746,1.0242258486310418,1530.4210186004639,0.0
6,waypoint_64,15.0,0.32323956389577596,-0.6888739146935746,1.0242258486310418,2441.908359527588,0.0
7,waypoint_64,15.0,0.32323956389577596,-0.6888739146935746,1.0242258486310418,1504.8315525054932,0.0
8,waypoint_64,15.0,0.32323956389577596,-0.6888739146935746,1.0242258486310418,597.7465510368347,0.0
9,waypoint_64,15.0,0.32323956389577596,-0.6888739146935746,1.0242258486310418,579.0203213691711,0.0
10,waypoint_64,15.0,0.32323956389577596,-0.6888739146935746,1.0242258486310418,512.8477811813354,0.0
11,waypoint_64,15.0,0.32323956389577596,-0.6888739146935746,1.0242258486310418,449.7331380844116,0.0
12,waypoint_64,15.0,0.32323956389577596,-0.6888739146935746,1.0242258486310418,773.4389901161194,0.0
13,waypoint_64,15.0,0.32323956389577596,-0.6888739146935746,1.0242258486310418,393.74983310699463,0.0
14,waypoint_64,15.0,0.32323956389577596,-0.6888739146935746,1.0242258486310418,786.2371802330017,0.0
0,waypoint_64,0.0,0.32323956389577596,-0.6888739146935746,1.0242258486310418,4266.088485717773,0.0
1,waypoint_64,0.0,0.32323956389577596,-0.6888739146935746,1.0242258486310418,3137.3281478881836,0.0
2,waypoint_64,0.0,0.32323956389577596,-0.6888739146935746,1.0242258486310418,2960.3219032287598,0.0
3,waypoint_64,0.0,0.32323956389577596,-0.6888739146935746,1.0242258486310418,1242.4583435058594,0.0
4,waypoint_64,0.0,0.32323956389577596,-0.6888739146935746,1.0242258486310418,1263.4514570236206,0.0
5,waypoint_64,0.0,0.32323956389577596,-0.6888739146935746,1.0242258486310418,1632.2202682495117,0.0
6,waypoint_64,0.0,0.32323956389577596,-0.6888739146935746,1.0242258486310418,2526.0281562805176,0.0
7,waypoint_64,0.0,0.32323956389577596,-0.6888739146935746,1.0242258486310418,1505.2685737609863,0.0
8,waypoint_64,0.0,0.32323956389577596,-0.6888739146935746,1.0242258486310418,531.6961407661438,0.0
9,waypoint_64,0.0,0.32323956389577596,-0.6888739146935746,1.0242258486310418,511.8177533149719,0.0
10,waypoint_64,0.0,0.32323956389577596,-0.6888739146935746,1.0242258486310418,470.73644399642944,0.0
11,waypoint_64,0.0,0.32323956389577596,-0.6888739146935746,1.0242258486310418,417.0824885368347,0.0
12,waypoint_64,0.0,0.32323956389577596,-0.6888739146935746,1.0242258486310418,784.6953868865967,0.0
13,waypoint_64,0.0,0.32323956389577596,-0.6888739146935746,1.0242258486310418,373.36722016334534,0.0
14,waypoint_64,0.0,0.32323956389577596,-0.6888739146935746,1.0242258486310418,766.0271525382996,0.0
0,waypoint_64,-15.0,0.32323956389577596,-0.6888739146935746,1.0242258486310418,4239.28165435791,0.0
1,waypoint_64,-15.0,0.32323956389577596,-0.6888739146935746,1.0242258486310418,3133.5158348083496,0.0
2,waypoint_64,-15.0,0.32323956389577596,-0.6888739146935746,1.0242258486310418,2961.2693786621094,0.0
3,waypoint_64,-15.0,0.32323956389577596,-0.6888739146935746,1.0242258486310418,1192.6857233047485,0.0
4,waypoint_64,-15.0,0.32323956389577596,-0.6888739146935746,1.0242258486310418,1262.946605682373,0.0
5,waypoint_64,-15.0,0.32323956389577596,-0.6888739146935746,1.0242258486310418,2092.8945541381836,0.0
6,waypoint_64,-15.0,0.32323956389577596,-0.6888739146935746,1.0242258486310418,2590.561628341675,0.0
7,waypoint_64,-15.0,0.32323956389577596,-0.6888739146935746,1.0242258486310418,1508.7425708770752,0.0
8,waypoint_64,-15.0,0.32323956389577596,-0.6888739146935746,1.0242258486310418,523.5482454299927,0.0
9,waypoint_64,-15.0,0.32323956389577596,-0.6888739146935746,1.0242258486310418,500.7002353668213,0.0
10,waypoint_64,-15.0,0.32323956389577596,-0.6888739146935746,1.0242258486310418,431.5381348133087,0.0
11,waypoint_64,-15.0,0.32323956389577596,-0.6888739146935746,1.0242258486310418,377.6995539665222,0.0
12,waypoint_64,-15.0,0.32323956389577596,-0.6888739146935746,1.0242258486310418,800.458014011383,0.0
13,waypoint_64,-15.0,0.32323956389577596,-0.6888739146935746,1.0242258486310418,363.05785179138184,0.0
14,waypoint_64,-15.0,0.32323956389577596,-0.6888739146935746,1.0242258486310418,868.4945702552795,0.0
0,waypoint_64,-30.0,0.32323956389577596,-0.6888739146935746,1.0242258486310418,4191.195487976074,0.0
1,waypoint_64,-30.0,0.32323956389577596,-0.6888739146935746,1.0242258486310418,3131.7355632781982,0.0
2,waypoint_64,-30.0,0.32323956389577596,-0.6888739146935746,1.0242258486310418,2872.633934020996,0.0
3,waypoint_64,-30.0,0.32323956389577596,-0.6888739146935746,1.0242258486310418,1055.8924674987793,0.0
4,waypoint_64,-30.0,0.32323956389577596,-0.6888739146935746,1.0242258486310418,1261.833906173706,0.0
5,waypoint_64,-30.0,0.32323956389577596,-0.6888739146935746,1.0242258486310418,2130.885601043701,0.0
6,waypoint_64,-30.0,0.32323956389577596,-0.6888739146935746,1.0242258486310418,2571.598768234253,0.0
7,waypoint_64,-30.0,0.32323956389577596,-0.6888739146935746,1.0242258486310418,1508.3736181259155,0.0
8,waypoint_64,-30.0,0.32323956389577596,-0.6888739146935746,1.0242258486310418,527.532696723938,0.0
9,waypoint_64,-30.0,0.32323956389577596,-0.6888739146935746,1.0242258486310418,501.94376707077026,0.0
10,waypoint_64,-30.0,0.32323956389577596,-0.6888739146935746,1.0242258486310418,437.326580286026,0.0
11,waypoint_64,-30.0,0.32323956389577596,-0.6888739146935746,1.0242258486310418,362.2836768627167,0.0
12,waypoint_64,-30.0,0.32323956389577596,-0.6888739146935746,1.0242258486310418,818.1547522544861,0.0
13,waypoint_64,-30.0,0.32323956389577596,-0.6888739146935746,1.0242258486310418,328.4797966480255,0.0
14,waypoint_64,-30.0,0.32323956389577596,-0.6888739146935746,1.0242258486310418,887.1974945068359,0.0
0,waypoint_65,-30.0,0.34323956389577553,-0.6888739146935746,1.0242258486310418,4267.699241638184,0.0
1,waypoint_65,-30.0,0.34323956389577553,-0.6888739146935746,1.0242258486310418,3133.119583129883,0.0
2,waypoint_65,-30.0,0.34323956389577553,-0.6888739146935746,1.0242258486310418,2828.533411026001,0.0
3,waypoint_65,-30.0,0.34323956389577553,-0.6888739146935746,1.0242258486310418,1055.8027029037476,0.0
4,waypoint_65,-30.0,0.34323956389577553,-0.6888739146935746,1.0242258486310418,1239.083170890808,0.0
5,waypoint_65,-30.0,0.34323956389577553,-0.6888739146935746,1.0242258486310418,2126.655340194702,0.0
6,waypoint_65,-30.0,0.34323956389577553,-0.6888739146935746,1.0242258486310418,2564.197540283203,0.0
7,waypoint_65,-30.0,0.34323956389577553,-0.6888739146935746,1.0242258486310418,1488.5374307632446,0.0
8,waypoint_65,-30.0,0.34323956389577553,-0.6888739146935746,1.0242258486310418,531.000554561615,0.0
9,waypoint_65,-30.0,0.34323956389577553,-0.6888739146935746,1.0242258486310418,512.3782753944397,0.0
10,waypoint_65,-30.0,0.34323956389577553,-0.6888739146935746,1.0242258486310418,453.8561701774597,0.0
11,waypoint_65,-30.0,0.34323956389577553,-0.6888739146935746,1.0242258486310418,351.92933678627014,0.0
12,waypoint_65,-30.0,0.34323956389577553,-0.6888739146935746,1.0242258486310418,832.0148587226868,0.0
13,waypoint_65,-30.0,0.34323956389577553,-0.6888739146935746,1.0242258486310418,340.43794870376587,0.0
14,waypoint_65,-30.0,0.34323956389577553,-0.6888739146935746,1.0242258486310418,955.3613662719727,0.0
0,waypoint_65,-15.0,0.34323956389577553,-0.6888739146935746,1.0242258486310418,4240.659713745117,0.0
1,waypoint_65,-15.0,0.34323956389577553,-0.6888739146935746,1.0242258486310418,3134.7577571868896,0.0
2,waypoint_65,-15.0,0.34323956389577553,-0.6888739146935746,1.0242258486310418,2850.9724140167236,0.0
3,waypoint_65,-15.0,0.34323956389577553,-0.6888739146935746,1.0242258486310418,1211.1997604370117,0.0
4,waypoint_65,-15.0,0.34323956389577553,-0.6888739146935746,1.0242258486310418,1242.3570156097412,0.0
5,waypoint_65,-15.0,0.34323956389577553,-0.6888739146935746,1.0242258486310418,2087.538957595825,0.0
6,waypoint_65,-15.0,0.34323956389577553,-0.6888739146935746,1.0242258486310418,2436.5482330322266,0.0
7,waypoint_65,-15.0,0.34323956389577553,-0.6888739146935746,1.0242258486310418,1489.0402555465698,0.0
8,waypoint_65,-15.0,0.34323956389577553,-0.6888739146935746,1.0242258486310418,524.3618488311768,0.0
9,waypoint_65,-15.0,0.34323956389577553,-0.6888739146935746,1.0242258486310418,508.9147090911865,0.0
10,waypoint_65,-15.0,0.34323956389577553,-0.6888739146935746,1.0242258486310418,448.5957622528076,0.0
11,waypoint_65,-15.0,0.34323956389577553,-0.6888739146935746,1.0242258486310418,327.58960127830505,0.0
12,waypoint_65,-15.0,0.34323956389577553,-0.6888739146935746,1.0242258486310418,814.5771622657776,0.0
13,waypoint_65,-15.0,0.34323956389577553,-0.6888739146935746,1.0242258486310418,365.41548371315,0.0
14,waypoint_65,-15.0,0.34323956389577553,-0.6888739146935746,1.0242258486310418,867.0562505722046,0.0
0,waypoint_65,0.0,0.34323956389577553,-0.6888739146935746,1.0242258486310418,4218.222141265869,0.0
1,waypoint_65,0.0,0.34323956389577553,-0.6888739146935746,1.0242258486310418,3138.469457626343,0.0
2,waypoint_65,0.0,0.34323956389577553,-0.6888739146935746,1.0242258486310418,2944.3860054016113,0.0
3,waypoint_65,0.0,0.34323956389577553,-0.6888739146935746,1.0242258486310418,1269.5082426071167,0.0
4,waypoint_65,0.0,0.34323956389577553,-0.6888739146935746,1.0242258486310418,1236.8780374526978,0.0
5,waypoint_65,0.0,0.34323956389577553,-0.6888739146935746,1.0242258486310418,1999.3661642074585,0.0
6,waypoint_65,0.0,0.34323956389577553,-0.6888739146935746,1.0242258486310418,2516.662120819092,0.0
7,waypoint_65,0.0,0.34323956389577553,-0.6888739146935746,1.0242258486310418,1489.556908607483,0.0
8,waypoint_65,0.0,0.34323956389577553,-0.6888739146935746,1.0242258486310418,488.7922704219818,0.0
9,waypoint_65,0.0,0.34323956389577553,-0.6888739146935746,1.0242258486310418,516.1049962043762,0.0
10,waypoint_65,0.0,0.34323956389577553,-0.6888739146935746,1.0242258486310418,473.7843871116638,0.0
11,waypoint_65,0.0,0.34323956389577553,-0.6888739146935746,1.0242258486310418,395.5860435962677,0.0
12,waypoint_65,0.0,0.34323956389577553,-0.6888739146935746,1.0242258486310418,799.5507717132568,0.0
13,waypoint_65,0.0,0.34323956389577553,-0.6888739146935746,1.0242258486310418,390.87527990341187,0.0
14,waypoint_65,0.0,0.34323956389577553,-0.6888739146935746,1.0242258486310418,758.1685781478882,0.0
0,waypoint_65,15.0,0.34323956389577553,-0.6888739146935746,1.0242258486310418,4236.660003662109,0.0
1,waypoint_65,15.0,0.34323956389577553,-0.6888739146935746,1.0242258486310418,3143.203020095825,0.0
2,waypoint_65,15.0,0.34323956389577553,-0.6888739146935746,1.0242258486310418,2987.8432750701904,0.0
3,waypoint_65,15.0,0.34323956389577553,-0.6888739146935746,1.0242258486310418,1211.9371891021729,0.0
4,waypoint_65,15.0,0.34323956389577553,-0.6888739146935746,1.0242258486310418,1241.7434453964233,0.0
5,waypoint_65,15.0,0.34323956389577553,-0.6888739146935746,1.0242258486310418,1522.0661163330078,0.0
6,waypoint_65,15.0,0.34323956389577553,-0.6888739146935746,1.0242258486310418,2501.255989074707,0.0
7,waypoint_65,15.0,0.34323956389577553,-0.6888739146935746,1.0242258486310418,1489.05348777771,0.0
8,waypoint_65,15.0,0.34323956389577553,-0.6888739146935746,1.0242258486310418,487.51387000083923,0.0
9,waypoint_65,15.0,0.34323956389577553,-0.6888739146935746,1.0242258486310418,570.3946352005005,0.0
10,waypoint_65,15.0,0.34323956389577553,-0.6888739146935746,1.0242258486310418,502.346932888031,0.0
11,waypoint_65,15.0,0.34323956389577553,-0.6888739146935746,1.0242258486310418,440.00932574272156,0.0
12,waypoint_65,15.0,0.34323956389577553,-0.6888739146935746,1.0242258486310418,788.3912324905396,0.0
13,waypoint_65,15.0,0.34323956389577553,-0.6888739146935746,1.0242258486310418,389.40706849098206,0.0
14,waypoint_65,15.0,0.34323956389577553,-0.6888739146935746,1.0242258486310418,786.3423228263855,0.0
0,waypoint_65,30.0,0.34323956389577553,-0.6888739146935746,1.0242258486310418,4275.113582611084,0.0
1,waypoint_65,30.0,0.34323956389577553,-0.6888739146935746,1.0242258486310418,3147.850751876831,0.0
2,waypoint_65,30.0,0.34323956389577553,-0.6888739146935746,1.0242258486310418,2974.9889373779297,0.0
3,waypoint_65,30.0,0.34323956389577553,-0.6888739146935746,1.0242258486310418,1200.4116773605347,0.0
4,waypoint_65,30.0,0.34323956389577553,-0.6888739146935746,1.0242258486310418,1242.2071695327759,0.0
5,waypoint_65,30.0,0.34323956389577553,-0.6888739146935746,1.0242258486310418,1610.2956533432007,0.0
6,waypoint_65,30.0,0.34323956389577553,-0.6888739146935746,1.0242258486310418,2543.8590049743652,0.0
7,waypoint_65,30.0,0.34323956389577553,-0.6888739146935746,1.0242258486310418,1476.8097400665283,0.0
8,waypoint_65,30.0,0.34323956389577553,-0.6888739146935746,1.0242258486310418,502.2968649864197,0.0
9,waypoint_65,30.0,0.34323956389577553,-0.6888739146935746,1.0242258486310418,605.1992774009705,0.0
10,waypoint_65,30.0,0.34323956389577553,-0.6888739146935746,1.0242258486310418,542.3048138618469,0.0
11,waypoint_65,30.0,0.34323956389577553,-0.6888739146935746,1.0242258486310418,488.4544610977173,0.0
12,waypoint_65,30.0,0.34323956389577553,-0.6888739146935746,1.0242258486310418,777.7197360992432,0.0
13,waypoint_65,30.0,0.34323956389577553,-0.6888739146935746,1.0242258486310418,430.48781156539917,0.0
14,waypoint_65,30.0,0.34323956389577553,-0.6888739146935746,1.0242258486310418,688.7456774711609,0.0
0,waypoint_66,30.0,0.36323956389577516,-0.6888739146935746,1.0242258486310418,4308.890819549561,0.0
1,waypoint_66,30.0,0.36323956389577516,-0.6888739146935746,1.0242258486310418,3149.016857147217,0.0
2,waypoint_66,30.0,0.36323956389577516,-0.6888739146935746,1.0242258486310418,2970.9882736206055,0.0
3,waypoint_66,30.0,0.36323956389577516,-0.6888739146935746,1.0242258486310418,1194.694995880127,0.0
4,waypoint_66,30.0,0.36323956389577516,-0.6888739146935746,1.0242258486310418,1219.604730606079,0.0
5,waypoint_66,30.0,0.36323956389577516,-0.6888739146935746,1.0242258486310418,1602.0883321762085,0.0
6,waypoint_66,30.0,0.36323956389577516,-0.6888739146935746,1.0242258486310418,2497.743844985962,0.0
7,waypoint_66,30.0,0.36323956389577516,-0.6888739146935746,1.0242258486310418,1457.6542377471924,0.0
8,waypoint_66,30.0,0.36323956389577516,-0.6888739146935746,1.0242258486310418,456.07003569602966,0.0
9,waypoint_66,30.0,0.36323956389577516,-0.6888739146935746,1.0242258486310418,624.5020031929016,0.0
10,waypoint_66,30.0,0.36323956389577516,-0.6888739146935746,1.0242258486310418,561.1215233802795,0.0
11,waypoint_66,30.0,0.36323956389577516,-0.6888739146935746,1.0242258486310418,506.34098052978516,0.0
12,waypoint_66,30.0,0.36323956389577516,-0.6888739146935746,1.0242258486310418,792.5190329551697,0.0
13,waypoint_66,30.0,0.36323956389577516,-0.6888739146935746,1.0242258486310418,446.7337727546692,0.0
14,waypoint_66,30.0,0.36323956389577516,-0.6888739146935746,1.0242258486310418,718.1958556175232,0.0
0,waypoint_66,15.0,0.36323956389577516,-0.6888739146935746,1.0242258486310418,4267.970085144043,0.0
1,waypoint_66,15.0,0.36323956389577516,-0.6888739146935746,1.0242258486310418,3144.3934440612793,0.0
2,waypoint_66,15.0,0.36323956389577516,-0.6888739146935746,1.0242258486310418,2968.15824508667,0.0
3,waypoint_66,15.0,0.36323956389577516,-0.6888739146935746,1.0242258486310418,1197.3711252212524,0.0
4,waypoint_66,15.0,0.36323956389577516,-0.6888739146935746,1.0242258486310418,1225.0447273254395,0.0
5,waypoint_66,15.0,0.36323956389577516,-0.6888739146935746,1.0242258486310418,1513.870120048523,0.0
6,waypoint_66,15.0,0.36323956389577516,-0.6888739146935746,1.0242258486310418,2434.9260330200195,0.0
7,waypoint_66,15.0,0.36323956389577516,-0.6888739146935746,1.0242258486310418,1474.1244316101074,0.0
8,waypoint_66,15.0,0.36323956389577516,-0.6888739146935746,1.0242258486310418,456.1290740966797,0.0
9,waypoint_66,15.0,0.36323956389577516,-0.6888739146935746,1.0242258486310418,601.0226011276245,0.0
10,waypoint_66,15.0,0.36323956389577516,-0.6888739146935746,1.0242258486310418,555.8437705039978,0.0
11,waypoint_66,15.0,0.36323956389577516,-0.6888739146935746,1.0242258486310418,486.38010025024414,0.0
12,waypoint_66,15.0,0.36323956389577516,-0.6888739146935746,1.0242258486310418,803.2206892967224,0.0
13,waypoint_66,15.0,0.36323956389577516,-0.6888739146935746,1.0242258486310418,420.87289690971375,0.0
14,waypoint_66,15.0,0.36323956389577516,-0.6888739146935746,1.0242258486310418,760.732889175415,0.0
0,waypoint_66,0.0,0.36323956389577516,-0.6888739146935746,1.0242258486310418,4299.3927001953125,0.0
1,waypoint_66,0.0,0.36323956389577516,-0.6888739146935746,1.0242258486310418,3139.7178173065186,0.0
2,waypoint_66,0.0,0.36323956389577516,-0.6888739146935746,1.0242258486310418,2941.049337387085,0.0
3,waypoint_66,0.0,0.36323956389577516,-0.6888739146935746,1.0242258486310418,1206.464171409607,0.0
4,waypoint_66,0.0,0.36323956389577516,-0.6888739146935746,1.0242258486310418,1221.800446510315,0.0
5,waypoint_66,0.0,0.36323956389577516,-0.6888739146935746,1.0242258486310418,1624.869704246521,0.0
6,waypoint_66,0.0,0.36323956389577516,-0.6888739146935746,1.0242258486310418,2458.923101425171,0.0
7,waypoint_66,0.0,0.36323956389577516,-0.6888739146935746,1.0242258486310418,1474.7703075408936,0.0
8,waypoint_66,0.0,0.36323956389577516,-0.6888739146935746,1.0242258486310418,441.89032912254333,0.0
9,waypoint_66,0.0,0.36323956389577516,-0.6888739146935746,1.0242258486310418,533.487856388092,0.0
10,waypoint_66,0.0,0.36323956389577516,-0.6888739146935746,1.0242258486310418,496.7760741710663,0.0
11,waypoint_66,0.0,0.36323956389577516,-0.6888739146935746,1.0242258486310418,455.60306310653687,0.0
12,waypoint_66,0.0,0.36323956389577516,-0.6888739146935746,1.0242258486310418,813.8778209686279,0.0
13,waypoint_66,0.0,0.36323956389577516,-0.6888739146935746,1.0242258486310418,402.44561433792114,0.0
14,waypoint_66,0.0,0.36323956389577516,-0.6888739146935746,1.0242258486310418,760.219395160675,0.0
0,waypoint_66,-15.0,0.36323956389577516,-0.6888739146935746,1.0242258486310418,4243.990898132324,0.0
1,waypoint_66,-15.0,0.36323956389577516,-0.6888739146935746,1.0242258486310418,3136.113166809082,0.0
2,waypoint_66,-15.0,0.36323956389577516,-0.6888739146935746,1.0242258486310418,2947.838544845581,0.0
3,waypoint_66,-15.0,0.36323956389577516,-0.6888739146935746,1.0242258486310418,1188.3915662765503,0.0
4,waypoint_66,-15.0,0.36323956389577516,-0.6888739146935746,1.0242258486310418,1219.1071510314941,0.0
5,waypoint_66,-15.0,0.36323956389577516,-0.6888739146935746,1.0242258486310418,2085.330009460449,0.0
6,waypoint_66,-15.0,0.36323956389577516,-0.6888739146935746,1.0242258486310418,2484.6205711364746,0.0
7,waypoint_66,-15.0,0.36323956389577516,-0.6888739146935746,1.0242258486310418,1475.051999092102,0.0
8,waypoint_66,-15.0,0.36323956389577516,-0.6888739146935746,1.0242258486310418,431.74201250076294,0.0
9,waypoint_66,-15.0,0.36323956389577516,-0.6888739146935746,1.0242258486310418,524.649977684021,0.0
10,waypoint_66,-15.0,0.36323956389577516,-0.6888739146935746,1.0242258486310418,474.62835907936096,0.0
11,waypoint_66,-15.0,0.36323956389577516,-0.6888739146935746,1.0242258486310418,426.41136050224304,0.0
12,waypoint_66,-15.0,0.36323956389577516,-0.6888739146935746,1.0242258486310418,828.9217352867126,0.0
13,waypoint_66,-15.0,0.36323956389577516,-0.6888739146935746,1.0242258486310418,383.49589705467224,0.0
14,waypoint_66,-15.0,0.36323956389577516,-0.6888739146935746,1.0242258486310418,758.9425444602966,0.0
0,waypoint_66,-30.0,0.36323956389577516,-0.6888739146935746,1.0242258486310418,4286.976337432861,0.0
1,waypoint_66,-30.0,0.36323956389577516,-0.6888739146935746,1.0242258486310418,3134.615421295166,0.0
2,waypoint_66,-30.0,0.36323956389577516,-0.6888739146935746,1.0242258486310418,2835.1433277130127,0.0
3,waypoint_66,-30.0,0.36323956389577516,-0.6888739146935746,1.0242258486310418,1026.159405708313,0.0
4,waypoint_66,-30.0,0.36323956389577516,-0.6888739146935746,1.0242258486310418,1220.5440998077393,0.0
5,waypoint_66,-30.0,0.36323956389577516,-0.6888739146935746,1.0242258486310418,2122.894048690796,0.0
6,waypoint_66,-30.0,0.36323956389577516,-0.6888739146935746,1.0242258486310418,2515.512704849243,0.0
7,waypoint_66,-30.0,0.36323956389577516,-0.6888739146935746,1.0242258486310418,1474.3846654891968,0.0
8,waypoint_66,-30.0,0.36323956389577516,-0.6888739146935746,1.0242258486310418,438.92019987106323,0.0
9,waypoint_66,-30.0,0.36323956389577516,-0.6888739146935746,1.0242258486310418,528.519868850708,0.0
10,waypoint_66,-30.0,0.36323956389577516,-0.6888739146935746,1.0242258486310418,480.1819622516632,0.0
11,waypoint_66,-30.0,0.36323956389577516,-0.6888739146935746,1.0242258486310418,430.8081567287445,0.0
12,waypoint_66,-30.0,0.36323956389577516,-0.6888739146935746,1.0242258486310418,846.0927605628967,0.0
13,waypoint_66,-30.0,0.36323956389577516,-0.6888739146935746,1.0242258486310418,337.0327055454254,0.0
14,waypoint_66,-30.0,0.36323956389577516,-0.6888739146935746,1.0242258486310418,759.1608762741089,0.0
0,waypoint_67,-30.0,0.38323956389577535,-0.6888739146935746,1.0242258486310418,4264.231204986572,0.0
1,waypoint_67,-30.0,0.38323956389577535,-0.6888739146935746,1.0242258486310418,3136.2271308898926,0.0
2,waypoint_67,-30.0,0.38323956389577535,-0.6888739146935746,1.0242258486310418,2775.2137184143066,0.0
3,waypoint_67,-30.0,0.38323956389577535,-0.6888739146935746,1.0242258486310418,1020.0285911560059,0.0
4,waypoint_67,-30.0,0.38323956389577535,-0.6888739146935746,1.0242258486310418,1197.3177194595337,0.0
5,waypoint_67,-30.0,0.38323956389577535,-0.6888739146935746,1.0242258486310418,2119.0028190612793,0.0
6,waypoint_67,-30.0,0.38323956389577535,-0.6888739146935746,1.0242258486310418,2511.5835666656494,0.0
7,waypoint_67,-30.0,0.38323956389577535,-0.6888739146935746,1.0242258486310418,1456.699013710022,0.0
8,waypoint_67,-30.0,0.38323956389577535,-0.6888739146935746,1.0242258486310418,456.62787556648254,0.0
9,waypoint_67,-30.0,0.38323956389577535,-0.6888739146935746,1.0242258486310418,531.2060713768005,0.0
10,waypoint_67,-30.0,0.38323956389577535,-0.6888739146935746,1.0242258486310418,496.6769218444824,0.0
11,waypoint_67,-30.0,0.38323956389577535,-0.6888739146935746,1.0242258486310418,338.0049467086792,0.0
12,waypoint_67,-30.0,0.38323956389577535,-0.6888739146935746,1.0242258486310418,860.4263663291931,0.0
13,waypoint_67,-30.0,0.38323956389577535,-0.6888739146935746,1.0242258486310418,348.56051206588745,0.0
14,waypoint_67,-30.0,0.38323956389577535,-0.6888739146935746,1.0242258486310418,774.6235728263855,0.0
0,waypoint_67,-15.0,0.38323956389577535,-0.6888739146935746,1.0242258486310418,4311.9683265686035,0.0
1,waypoint_67,-15.0,0.38323956389577535,-0.6888739146935746,1.0242258486310418,3137.5815868377686,0.0
2,waypoint_67,-15.0,0.38323956389577535,-0.6888739146935746,1.0242258486310418,2806.7715167999268,0.0
3,waypoint_67,-15.0,0.38323956389577535,-0.6888739146935746,1.0242258486310418,1183.3620071411133,0.0
4,waypoint_67,-15.0,0.38323956389577535,-0.6888739146935746,1.0242258486310418,1200.585126876831,0.0
5,waypoint_67,-15.0,0.38323956389577535,-0.6888739146935746,1.0242258486310418,2080.562114715576,0.0
6,waypoint_67,-15.0,0.38323956389577535,-0.6888739146935746,1.0242258486310418,2421.966552734375,0.0
7,waypoint_67,-15.0,0.38323956389577535,-0.6888739146935746,1.0242258486310418,1294.6629524230957,0.0
8,waypoint_67,-15.0,0.38323956389577535,-0.6888739146935746,1.0242258486310418,456.87490701675415,0.0
9,waypoint_67,-15.0,0.38323956389577535,-0.6888739146935746,1.0242258486310418,515.1161551475525,0.0
10,waypoint_67,-15.0,0.38323956389577535,-0.6888739146935746,1.0242258486310418,491.72529578208923,0.0
11,waypoint_67,-15.0,0.38323956389577535,-0.6888739146935746,1.0242258486310418,355.7499051094055,0.0
12,waypoint_67,-15.0,0.38323956389577535,-0.6888739146935746,1.0242258486310418,843.7095284461975,0.0
13,waypoint_67,-15.0,0.38323956389577535,-0.6888739146935746,1.0242258486310418,354.93382811546326,0.0
14,waypoint_67,-15.0,0.38323956389577535,-0.6888739146935746,1.0242258486310418,774.314284324646,0.0
0,waypoint_67,0.0,0.38323956389577535,-0.6888739146935746,1.0242258486310418,4263.694763183594,0.0
1,waypoint_67,0.0,0.38323956389577535,-0.6888739146935746,1.0242258486310418,3141.0787105560303,0.0
2,waypoint_67,0.0,0.38323956389577535,-0.6888739146935746,1.0242258486310418,2973.409652709961,0.0
3,waypoint_67,0.0,0.38323956389577535,-0.6888739146935746,1.0242258486310418,1198.6380815505981,0.0
4,waypoint_67,0.0,0.38323956389577535,-0.6888739146935746,1.0242258486310418,1202.1496295928955,0.0
5,waypoint_67,0.0,0.38323956389577535,-0.6888739146935746,1.0242258486310418,1993.7764406204224,0.0
6,waypoint_67,0.0,0.38323956389577535,-0.6888739146935746,1.0242258486310418,2418.3337688446045,0.0
7,waypoint_67,0.0,0.38323956389577535,-0.6888739146935746,1.0242258486310418,1476.3131141662598,0.0
8,waypoint_67,0.0,0.38323956389577535,-0.6888739146935746,1.0242258486310418,457.2676122188568,0.0
9,waypoint_67,0.0,0.38323956389577535,-0.6888739146935746,1.0242258486310418,457.76835083961487,0.0
10,waypoint_67,0.0,0.38323956389577535,-0.6888739146935746,1.0242258486310418,505.0281882286072,0.0
11,waypoint_67,0.0,0.38323956389577535,-0.6888739146935746,1.0242258486310418,418.4814393520355,0.0
12,waypoint_67,0.0,0.38323956389577535,-0.6888739146935746,1.0242258486310418,828.6101222038269,0.0
13,waypoint_67,0.0,0.38323956389577535,-0.6888739146935746,1.0242258486310418,414.28014636039734,0.0
14,waypoint_67,0.0,0.38323956389577535,-0.6888739146935746,1.0242258486310418,774.6514081954956,0.0
0,waypoint_67,15.0,0.38323956389577535,-0.6888739146935746,1.0242258486310418,4336.5349769592285,0.0
1,waypoint_67,15.0,0.38323956389577535,-0.6888739146935746,1.0242258486310418,3145.6878185272217,0.0
2,waypoint_67,15.0,0.38323956389577535,-0.6888739146935746,1.0242258486310418,2892.0907974243164,0.0
3,waypoint_67,15.0,0.38323956389577535,-0.6888739146935746,1.0242258486310418,1198.231816291809,0.0
4,waypoint_67,15.0,0.38323956389577535,-0.6888739146935746,1.0242258486310418,1201.704502105713,0.0
5,waypoint_67,15.0,0.38323956389577535,-0.6888739146935746,1.0242258486310418,1505.8658123016357,0.0
6,waypoint_67,15.0,0.38323956389577535,-0.6888739146935746,1.0242258486310418,2613.0077838897705,0.0
7,waypoint_67,15.0,0.38323956389577535,-0.6888739146935746,1.0242258486310418,1356.0858964920044,0.0
8,waypoint_67,15.0,0.38323956389577535,-0.6888739146935746,1.0242258486310418,437.2512400150299,0.0
9,waypoint_67,15.0,0.38323956389577535,-0.6888739146935746,1.0242258486310418,499.7703433036804,0.0
10,waypoint_67,15.0,0.38323956389577535,-0.6888739146935746,1.0242258486310418,542.7361130714417,0.0
11,waypoint_67,15.0,0.38323956389577535,-0.6888739146935746,1.0242258486310418,471.040815114975,0.0
12,waypoint_67,15.0,0.38323956389577535,-0.6888739146935746,1.0242258486310418,818.6193108558655,0.0
13,waypoint_67,15.0,0.38323956389577535,-0.6888739146935746,1.0242258486310418,417.54409670829773,0.0
14,waypoint_67,15.0,0.38323956389577535,-0.6888739146935746,1.0242258486310418,775.9345173835754,0.0
0,waypoint_67,30.0,0.38323956389577535,-0.6888739146935746,1.0242258486310418,4317.522048950195,0.0
1,waypoint_67,30.0,0.38323956389577535,-0.6888739146935746,1.0242258486310418,3150.2950191497803,0.0
2,waypoint_67,30.0,0.38323956389577535,-0.6888739146935746,1.0242258486310418,2940.9945011138916,0.0
3,waypoint_67,30.0,0.38323956389577535,-0.6888739146935746,1.0242258486310418,1184.6115589141846,0.0
4,waypoint_67,30.0,0.38323956389577535,-0.6888739146935746,1.0242258486310418,1200.6170749664307,0.0
5,waypoint_67,30.0,0.38323956389577535,-0.6888739146935746,1.0242258486310418,1594.0563678741455,0.0
6,waypoint_67,30.0,0.38323956389577535,-0.6888739146935746,1.0242258486310418,2324.2180347442627,0.0
7,waypoint_67,30.0,0.38323956389577535,-0.6888739146935746,1.0242258486310418,1339.1655683517456,0.0
8,waypoint_67,30.0,0.38323956389577535,-0.6888739146935746,1.0242258486310418,434.8156750202179,0.0
9,waypoint_67,30.0,0.38323956389577535,-0.6888739146935746,1.0242258486310418,648.1770277023315,0.0
10,waypoint_67,30.0,0.38323956389577535,-0.6888739146935746,1.0242258486310418,576.7379999160767,0.0
11,waypoint_67,30.0,0.38323956389577535,-0.6888739146935746,1.0242258486310418,517.1444416046143,0.0
12,waypoint_67,30.0,0.38323956389577535,-0.6888739146935746,1.0242258486310418,808.2801699638367,0.0
13,waypoint_67,30.0,0.38323956389577535,-0.6888739146935746,1.0242258486310418,459.95020866394043,0.0
14,waypoint_67,30.0,0.38323956389577535,-0.6888739146935746,1.0242258486310418,729.6738624572754,0.0
0,waypoint_68,30.0,0.40323956389577514,-0.6888739146935746,1.0242258486310418,4348.042011260986,0.0
1,waypoint_68,30.0,0.40323956389577514,-0.6888739146935746,1.0242258486310418,3151.6668796539307,0.0
2,waypoint_68,30.0,0.40323956389577514,-0.6888739146935746,1.0242258486310418,2962.2249603271484,0.0
3,waypoint_68,30.0,0.40323956389577514,-0.6888739146935746,1.0242258486310418,1163.1662845611572,0.0
4,waypoint_68,30.0,0.40323956389577514,-0.6888739146935746,1.0242258486310418,1182.496428489685,0.0
5,waypoint_68,30.0,0.40323956389577514,-0.6888739146935746,1.0242258486310418,1586.1968994140625,0.0
6,waypoint_68,30.0,0.40323956389577514,-0.6888739146935746,1.0242258486310418,2421.4556217193604,0.0
7,waypoint_68,30.0,0.40323956389577514,-0.6888739146935746,1.0242258486310418,1317.1191215515137,0.0
8,waypoint_68,30.0,0.40323956389577514,-0.6888739146935746,1.0242258486310418,450.6296217441559,0.0
9,waypoint_68,30.0,0.40323956389577514,-0.6888739146935746,1.0242258486310418,463.31772208213806,0.0
10,waypoint_68,30.0,0.40323956389577514,-0.6888739146935746,1.0242258486310418,595.931887626648,0.0
11,waypoint_68,30.0,0.40323956389577514,-0.6888739146935746,1.0242258486310418,535.5503559112549,0.0
12,waypoint_68,30.0,0.40323956389577514,-0.6888739146935746,1.0242258486310418,823.5126733779907,0.0
13,waypoint_68,30.0,0.40323956389577514,-0.6888739146935746,1.0242258486310418,476.39352083206177,0.0
14,waypoint_68,30.0,0.40323956389577514,-0.6888739146935746,1.0242258486310418,751.8991827964783,0.0
0,waypoint_68,15.0,0.40323956389577514,-0.6888739146935746,1.0242258486310418,4347.445011138916,0.0
1,waypoint_68,15.0,0.40323956389577514,-0.6888739146935746,1.0242258486310418,3147.084951400757,0.0
2,waypoint_68,15.0,0.40323956389577514,-0.6888739146935746,1.0242258486310418,2960.556983947754,0.0
3,waypoint_68,15.0,0.40323956389577514,-0.6888739146935746,1.0242258486310418,1149.1456031799316,0.0
4,waypoint_68,15.0,0.40323956389577514,-0.6888739146935746,1.0242258486310418,1183.228611946106,0.0
5,waypoint_68,15.0,0.40323956389577514,-0.6888739146935746,1.0242258486310418,1498.032569885254,0.0
6,waypoint_68,15.0,0.40323956389577514,-0.6888739146935746,1.0242258486310418,2550.5752563476562,0.0
7,waypoint_68,15.0,0.40323956389577514,-0.6888739146935746,1.0242258486310418,1309.1559410095215,0.0
8,waypoint_68,15.0,0.40323956389577514,-0.6888739146935746,1.0242258486310418,426.8304705619812,0.0
9,waypoint_68,15.0,0.40323956389577514,-0.6888739146935746,1.0242258486310418,462.4238610267639,0.0
10,waypoint_68,15.0,0.40323956389577514,-0.6888739146935746,1.0242258486310418,591.4390087127686,0.0
11,waypoint_68,15.0,0.40323956389577514,-0.6888739146935746,1.0242258486310418,520.2528238296509,0.0
12,waypoint_68,15.0,0.40323956389577514,-0.6888739146935746,1.0242258486310418,833.6559534072876,0.0
13,waypoint_68,15.0,0.40323956389577514,-0.6888739146935746,1.0242258486310418,450.95527172088623,0.0
14,waypoint_68,15.0,0.40323956389577514,-0.6888739146935746,1.0242258486310418,729.7136783599854,0.0
0,waypoint_68,0.0,0.40323956389577514,-0.6888739146935746,1.0242258486310418,4317.739963531494,0.0
1,waypoint_68,0.0,0.40323956389577514,-0.6888739146935746,1.0242258486310418,3142.5468921661377,0.0
2,waypoint_68,0.0,0.40323956389577514,-0.6888739146935746,1.0242258486310418,2976.0494232177734,0.0
3,waypoint_68,0.0,0.40323956389577514,-0.6888739146935746,1.0242258486310418,1173.2097864151,0.0
4,waypoint_68,0.0,0.40323956389577514,-0.6888739146935746,1.0242258486310418,1183.0165386199951,0.0
5,waypoint_68,0.0,0.40323956389577514,-0.6888739146935746,1.0242258486310418,1618.9229488372803,0.0
6,waypoint_68,0.0,0.40323956389577514,-0.6888739146935746,1.0242258486310418,2413.2566452026367,0.0
7,waypoint_68,0.0,0.40323956389577514,-0.6888739146935746,1.0242258486310418,1457.0739269256592,0.0
8,waypoint_68,0.0,0.40323956389577514,-0.6888739146935746,1.0242258486310418,424.9899387359619,0.0
9,waypoint_68,0.0,0.40323956389577514,-0.6888739146935746,1.0242258486310418,448.2741057872772,0.0
10,waypoint_68,0.0,0.40323956389577514,-0.6888739146935746,1.0242258486310418,517.0763731002808,0.0
11,waypoint_68,0.0,0.40323956389577514,-0.6888739146935746,1.0242258486310418,479.0099561214447,0.0
12,waypoint_68,0.0,0.40323956389577514,-0.6888739146935746,1.0242258486310418,843.4222936630249,0.0
13,waypoint_68,0.0,0.40323956389577514,-0.6888739146935746,1.0242258486310418,426.28607153892517,0.0
14,waypoint_68,0.0,0.40323956389577514,-0.6888739146935746,1.0242258486310418,803.2636046409607,0.0
0,waypoint_68,-15.0,0.40323956389577514,-0.6888739146935746,1.0242258486310418,4307.866096496582,0.0
1,waypoint_68,-15.0,0.40323956389577514,-0.6888739146935746,1.0242258486310418,3139.1611099243164,0.0
2,waypoint_68,-15.0,0.40323956389577514,-0.6888739146935746,1.0242258486310418,2805.9473037719727,0.0
3,waypoint_68,-15.0,0.40323956389577514,-0.6888739146935746,1.0242258486310418,1179.6355247497559,0.0
4,waypoint_68,-15.0,0.40323956389577514,-0.6888739146935746,1.0242258486310418,1181.3677549362183,0.0
5,waypoint_68,-15.0,0.40323956389577514,-0.6888739146935746,1.0242258486310418,2078.5462856292725,0.0
6,waypoint_68,-15.0,0.40323956389577514,-0.6888739146935746,1.0242258486310418,2423.739194869995,0.0
7,waypoint_68,-15.0,0.40323956389577514,-0.6888739146935746,1.0242258486310418,1542.2544479370117,0.0
8,waypoint_68,-15.0,0.40323956389577514,-0.6888739146935746,1.0242258486310418,423.5036075115204,0.0
9,waypoint_68,-15.0,0.40323956389577514,-0.6888739146935746,1.0242258486310418,438.4841322898865,0.0
10,waypoint_68,-15.0,0.40323956389577514,-0.6888739146935746,1.0242258486310418,506.3678026199341,0.0
11,waypoint_68,-15.0,0.40323956389577514,-0.6888739146935746,1.0242258486310418,448.0595886707306,0.0
12,waypoint_68,-15.0,0.40323956389577514,-0.6888739146935746,1.0242258486310418,858.7093353271484,0.0
13,waypoint_68,-15.0,0.40323956389577514,-0.6888739146935746,1.0242258486310418,406.4455032348633,0.0
14,waypoint_68,-15.0,0.40323956389577514,-0.6888739146935746,1.0242258486310418,922.7657914161682,0.0
0,waypoint_68,-30.0,0.40323956389577514,-0.6888739146935746,1.0242258486310418,4269.450664520264,0.0
1,waypoint_68,-30.0,0.40323956389577514,-0.6888739146935746,1.0242258486310418,3137.9554271698,0.0
2,waypoint_68,-30.0,0.40323956389577514,-0.6888739146935746,1.0242258486310418,2802.6444911956787,0.0
3,waypoint_68,-30.0,0.40323956389577514,-0.6888739146935746,1.0242258486310418,1010.3493928909302,0.0
4,waypoint_68,-30.0,0.40323956389577514,-0.6888739146935746,1.0242258486310418,1180.9260845184326,0.0
5,waypoint_68,-30.0,0.40323956389577514,-0.6888739146935746,1.0242258486310418,2115.468740463257,0.0
6,waypoint_68,-30.0,0.40323956389577514,-0.6888739146935746,1.0242258486310418,2455.7135105133057,0.0
7,waypoint_68,-30.0,0.40323956389577514,-0.6888739146935746,1.0242258486310418,1602.1722555160522,0.0
8,waypoint_68,-30.0,0.40323956389577514,-0.6888739146935746,1.0242258486310418,423.28235507011414,0.0
9,waypoint_68,-30.0,0.40323956389577514,-0.6888739146935746,1.0242258486310418,444.410502910614,0.0
10,waypoint_68,-30.0,0.40323956389577514,-0.6888739146935746,1.0242258486310418,505.6084394454956,0.0
11,waypoint_68,-30.0,0.40323956389577514,-0.6888739146935746,1.0242258486310418,350.67254304885864,0.0
12,waypoint_68,-30.0,0.40323956389577514,-0.6888739146935746,1.0242258486310418,874.941885471344,0.0
13,waypoint_68,-30.0,0.40323956389577514,-0.6888739146935746,1.0242258486310418,350.2064347267151,0.0
14,waypoint_68,-30.0,0.40323956389577514,-0.6888739146935746,1.0242258486310418,923.1972098350525,0.0
0,waypoint_69,-30.0,0.4232395638957754,-0.6888739146935746,1.0242258486310418,4316.018581390381,0.0
1,waypoint_69,-30.0,0.4232395638957754,-0.6888739146935746,1.0242258486310418,3139.7969722747803,0.0
2,waypoint_69,-30.0,0.4232395638957754,-0.6888739146935746,1.0242258486310418,2782.288074493408,0.0
3,waypoint_69,-30.0,0.4232395638957754,-0.6888739146935746,1.0242258486310418,994.5430755615234,0.0
4,waypoint_69,-30.0,0.4232395638957754,-0.6888739146935746,1.0242258486310418,1160.8597040176392,0.0
5,waypoint_69,-30.0,0.4232395638957754,-0.6888739146935746,1.0242258486310418,2111.959934234619,0.0
6,waypoint_69,-30.0,0.4232395638957754,-0.6888739146935746,1.0242258486310418,2499.2690086364746,0.0
7,waypoint_69,-30.0,0.4232395638957754,-0.6888739146935746,1.0242258486310418,1410.2119207382202,0.0
8,waypoint_69,-30.0,0.4232395638957754,-0.6888739146935746,1.0242258486310418,441.73839688301086,0.0
9,waypoint_69,-30.0,0.4232395638957754,-0.6888739146935746,1.0242258486310418,462.08298206329346,0.0
10,waypoint_69,-30.0,0.4232395638957754,-0.6888739146935746,1.0242258486310418,510.85102558135986,0.0
11,waypoint_69,-30.0,0.4232395638957754,-0.6888739146935746,1.0242258486310418,368.18641424179077,0.0
12,waypoint_69,-30.0,0.4232395638957754,-0.6888739146935746,1.0242258486310418,889.7156715393066,0.0
13,waypoint_69,-30.0,0.4232395638957754,-0.6888739146935746,1.0242258486310418,362.3543977737427,0.0
14,waypoint_69,-30.0,0.4232395638957754,-0.6888739146935746,1.0242258486310418,969.3624973297119,0.0
0,waypoint_69,-15.0,0.4232395638957754,-0.6888739146935746,1.0242258486310418,4320.058822631836,0.0
1,waypoint_69,-15.0,0.4232395638957754,-0.6888739146935746,1.0242258486310418,3140.850782394409,0.0
2,waypoint_69,-15.0,0.4232395638957754,-0.6888739146935746,1.0242258486310418,2764.8966312408447,0.0
3,waypoint_69,-15.0,0.4232395638957754,-0.6888739146935746,1.0242258486310418,1166.4680242538452,0.0
4,waypoint_69,-15.0,0.4232395638957754,-0.6888739146935746,1.0242258486310418,1158.4880352020264,0.0
5,waypoint_69,-15.0,0.4232395638957754,-0.6888739146935746,1.0242258486310418,2074.9454498291016,0.0
6,waypoint_69,-15.0,0.4232395638957754,-0.6888739146935746,1.0242258486310418,2535.6414318084717,0.0
7,waypoint_69,-15.0,0.4232395638957754,-0.6888739146935746,1.0242258486310418,1363.5740280151367,0.0
8,waypoint_69,-15.0,0.4232395638957754,-0.6888739146935746,1.0242258486310418,441.8165683746338,0.0
9,waypoint_69,-15.0,0.4232395638957754,-0.6888739146935746,1.0242258486310418,462.30053901672363,0.0
10,waypoint_69,-15.0,0.4232395638957754,-0.6888739146935746,1.0242258486310418,514.0514373779297,0.0
11,waypoint_69,-15.0,0.4232395638957754,-0.6888739146935746,1.0242258486310418,379.1290819644928,0.0
12,waypoint_69,-15.0,0.4232395638957754,-0.6888739146935746,1.0242258486310418,873.6187219619751,0.0
13,waypoint_69,-15.0,0.4232395638957754,-0.6888739146935746,1.0242258486310418,361.7208003997803,0.0
14,waypoint_69,-15.0,0.4232395638957754,-0.6888739146935746,1.0242258486310418,875.3061890602112,0.0
0,waypoint_69,0.0,0.4232395638957754,-0.6888739146935746,1.0242258486310418,4324.411392211914,0.0
1,waypoint_69,0.0,0.4232395638957754,-0.6888739146935746,1.0242258486310418,3144.124984741211,0.0
2,waypoint_69,0.0,0.4232395638957754,-0.6888739146935746,1.0242258486310418,2965.735912322998,0.0
3,waypoint_69,0.0,0.4232395638957754,-0.6888739146935746,1.0242258486310418,1171.960949897766,0.0
4,waypoint_69,0.0,0.4232395638957754,-0.6888739146935746,1.0242258486310418,1158.8479280471802,0.0
5,waypoint_69,0.0,0.4232395638957754,-0.6888739146935746,1.0242258486310418,1990.5825853347778,0.0
6,waypoint_69,0.0,0.4232395638957754,-0.6888739146935746,1.0242258486310418,2404.611349105835,0.0
7,waypoint_69,0.0,0.4232395638957754,-0.6888739146935746,1.0242258486310418,1134.0798139572144,0.0
8,waypoint_69,0.0,0.4232395638957754,-0.6888739146935746,1.0242258486310418,427.89286375045776,0.0
9,waypoint_69,0.0,0.4232395638957754,-0.6888739146935746,1.0242258486310418,448.70856404304504,0.0
10,waypoint_69,0.0,0.4232395638957754,-0.6888739146935746,1.0242258486310418,496.34096026420593,0.0
11,waypoint_69,0.0,0.4232395638957754,-0.6888739146935746,1.0242258486310418,429.9320578575134,0.0
12,waypoint_69,0.0,0.4232395638957754,-0.6888739146935746,1.0242258486310418,858.553409576416,0.0
13,waypoint_69,0.0,0.4232395638957754,-0.6888739146935746,1.0242258486310418,438.3673667907715,0.0
14,waypoint_69,0.0,0.4232395638957754,-0.6888739146935746,1.0242258486310418,867.3950433731079,0.0
0,waypoint_69,15.0,0.4232395638957754,-0.6888739146935746,1.0242258486310418,4349.792003631592,0.0
1,waypoint_69,15.0,0.4232395638957754,-0.6888739146935746,1.0242258486310418,3148.5917568206787,0.0
2,waypoint_69,15.0,0.4232395638957754,-0.6888739146935746,1.0242258486310418,2911.9975566864014,0.0
3,waypoint_69,15.0,0.4232395638957754,-0.6888739146935746,1.0242258486310418,1187.971830368042,0.0
4,waypoint_69,15.0,0.4232395638957754,-0.6888739146935746,1.0242258486310418,1160.814642906189,0.0
5,waypoint_69,15.0,0.4232395638957754,-0.6888739146935746,1.0242258486310418,1490.391492843628,0.0
6,waypoint_69,15.0,0.4232395638957754,-0.6888739146935746,1.0242258486310418,2420.2651977539062,0.0
7,waypoint_69,15.0,0.4232395638957754,-0.6888739146935746,1.0242258486310418,1310.1190328598022,0.0
8,waypoint_69,15.0,0.4232395638957754,-0.6888739146935746,1.0242258486310418,414.05028104782104,0.0
9,waypoint_69,15.0,0.4232395638957754,-0.6888739146935746,1.0242258486310418,442.02056527137756,0.0
10,waypoint_69,15.0,0.4232395638957754,-0.6888739146935746,1.0242258486310418,584.0783715248108,0.0
11,waypoint_69,15.0,0.4232395638957754,-0.6888739146935746,1.0242258486310418,510.97363233566284,0.0
12,waypoint_69,15.0,0.4232395638957754,-0.6888739146935746,1.0242258486310418,849.6445417404175,0.0
13,waypoint_69,15.0,0.4232395638957754,-0.6888739146935746,1.0242258486310418,455.47032356262207,0.0
14,waypoint_69,15.0,0.4232395638957754,-0.6888739146935746,1.0242258486310418,753.6085247993469,0.0
0,waypoint_69,30.0,0.4232395638957754,-0.6888739146935746,1.0242258486310418,4308.592319488525,0.0
1,waypoint_69,30.0,0.4232395638957754,-0.6888739146935746,1.0242258486310418,3153.146743774414,0.0
2,waypoint_69,30.0,0.4232395638957754,-0.6888739146935746,1.0242258486310418,2916.637182235718,0.0
3,waypoint_69,30.0,0.4232395638957754,-0.6888739146935746,1.0242258486310418,1131.9494247436523,0.0
4,waypoint_69,30.0,0.4232395638957754,-0.6888739146935746,1.0242258486310418,1158.5750579833984,0.0
5,waypoint_69,30.0,0.4232395638957754,-0.6888739146935746,1.0242258486310418,1578.5109996795654,0.0
6,waypoint_69,30.0,0.4232395638957754,-0.6888739146935746,1.0242258486310418,2396.1925506591797,0.0
7,waypoint_69,30.0,0.4232395638957754,-0.6888739146935746,1.0242258486310418,1215.18874168396,0.0
8,waypoint_69,30.0,0.4232395638957754,-0.6888739146935746,1.0242258486310418,398.20265769958496,0.0
9,waypoint_69,30.0,0.4232395638957754,-0.6888739146935746,1.0242258486310418,439.9336874485016,0.0
10,waypoint_69,30.0,0.4232395638957754,-0.6888739146935746,1.0242258486310418,619.3537712097168,0.0
11,waypoint_69,30.0,0.4232395638957754,-0.6888739146935746,1.0242258486310418,550.797700881958,0.0
12,waypoint_69,30.0,0.4232395638957754,-0.6888739146935746,1.0242258486310418,839.6830558776855,0.0
13,waypoint_69,30.0,0.4232395638957754,-0.6888739146935746,1.0242258486310418,489.5957410335541,0.0
14,waypoint_69,30.0,0.4232395638957754,-0.6888739146935746,1.0242258486310418,768.4356570243835,0.0
0,waypoint_70,30.0,0.4432395638957752,-0.6888739146935746,1.0242258486310418,4368.295192718506,0.0
1,waypoint_70,30.0,0.4432395638957752,-0.6888739146935746,1.0242258486310418,3154.7329425811768,0.0
2,waypoint_70,30.0,0.4432395638957752,-0.6888739146935746,1.0242258486310418,2888.00311088562,0.0
3,waypoint_70,30.0,0.4432395638957752,-0.6888739146935746,1.0242258486310418,1181.9337606430054,0.0
4,waypoint_70,30.0,0.4432395638957752,-0.6888739146935746,1.0242258486310418,1142.8073644638062,0.0
5,waypoint_70,30.0,0.4432395638957752,-0.6888739146935746,1.0242258486310418,1571.013331413269,0.0
6,waypoint_70,30.0,0.4432395638957752,-0.6888739146935746,1.0242258486310418,2459.8865509033203,0.0
7,waypoint_70,30.0,0.4432395638957752,-0.6888739146935746,1.0242258486310418,1205.4996490478516,0.0
8,waypoint_70,30.0,0.4432395638957752,-0.6888739146935746,1.0242258486310418,405.4045379161835,0.0
9,waypoint_70,30.0,0.4432395638957752,-0.6888739146935746,1.0242258486310418,449.67663288116455,0.0
10,waypoint_70,30.0,0.4432395638957752,-0.6888739146935746,1.0242258486310418,638.5901570320129,0.0
11,waypoint_70,30.0,0.4432395638957752,-0.6888739146935746,1.0242258486310418,569.6515440940857,0.0
12,waypoint_70,30.0,0.4432395638957752,-0.6888739146935746,1.0242258486310418,855.3041815757751,0.0
13,waypoint_70,30.0,0.4432395638957752,-0.6888739146935746,1.0242258486310418,506.6472291946411,0.0
14,waypoint_70,30.0,0.4432395638957752,-0.6888739146935746,1.0242258486310418,784.1209769248962,0.0
0,waypoint_70,15.0,0.4432395638957752,-0.6888739146935746,1.0242258486310418,4329.687595367432,0.0
1,waypoint_70,15.0,0.4432395638957752,-0.6888739146935746,1.0242258486310418,3150.207996368408,0.0
2,waypoint_70,15.0,0.4432395638957752,-0.6888739146935746,1.0242258486310418,2933.753252029419,0.0
3,waypoint_70,15.0,0.4432395638957752,-0.6888739146935746,1.0242258486310418,1120.1324462890625,0.0
4,waypoint_70,15.0,0.4432395638957752,-0.6888739146935746,1.0242258486310418,1141.1535739898682,0.0
5,waypoint_70,15.0,0.4432395638957752,-0.6888739146935746,1.0242258486310418,1482.9293489456177,0.0
6,waypoint_70,15.0,0.4432395638957752,-0.6888739146935746,1.0242258486310418,2322.737693786621,0.0
7,waypoint_70,15.0,0.4432395638957752,-0.6888739146935746,1.0242258486310418,1209.4851732254028,0.0
8,waypoint_70,15.0,0.4432395638957752,-0.6888739146935746,1.0242258486310418,413.524329662323,0.0
9,waypoint_70,15.0,0.4432395638957752,-0.6888739146935746,1.0242258486310418,431.14879727363586,0.0
10,waypoint_70,15.0,0.4432395638957752,-0.6888739146935746,1.0242258486310418,617.060661315918,0.0
11,waypoint_70,15.0,0.4432395638957752,-0.6888739146935746,1.0242258486310418,563.40092420578,0.0
12,waypoint_70,15.0,0.4432395638957752,-0.6888739146935746,1.0242258486310418,865.318775177002,0.0
13,waypoint_70,15.0,0.4432395638957752,-0.6888739146935746,1.0242258486310418,487.64580488204956,0.0
14,waypoint_70,15.0,0.4432395638957752,-0.6888739146935746,1.0242258486310418,771.5383172035217,0.0
0,waypoint_70,0.0,0.4432395638957752,-0.6888739146935746,1.0242258486310418,4378.843784332275,0.0
1,waypoint_70,0.0,0.4432395638957752,-0.6888739146935746,1.0242258486310418,3145.81298828125,0.0
2,waypoint_70,0.0,0.4432395638957752,-0.6888739146935746,1.0242258486310418,2855.0028800964355,0.0
3,waypoint_70,0.0,0.4432395638957752,-0.6888739146935746,1.0242258486310418,1138.983130455017,0.0
4,waypoint_70,0.0,0.4432395638957752,-0.6888739146935746,1.0242258486310418,1141.6043043136597,0.0
5,waypoint_70,0.0,0.4432395638957752,-0.6888739146935746,1.0242258486310418,1614.0713691711426,0.0
6,waypoint_70,0.0,0.4432395638957752,-0.6888739146935746,1.0242258486310418,2344.120979309082,0.0
7,waypoint_70,0.0,0.4432395638957752,-0.6888739146935746,1.0242258486310418,1395.5678939819336,0.0
8,waypoint_70,0.0,0.4432395638957752,-0.6888739146935746,1.0242258486310418,407.6252281665802,0.0
9,waypoint_70,0.0,0.4432395638957752,-0.6888739146935746,1.0242258486310418,429.015576839447,0.0
10,waypoint_70,0.0,0.4432395638957752,-0.6888739146935746,1.0242258486310418,547.783374786377,0.0
11,waypoint_70,0.0,0.4432395638957752,-0.6888739146935746,1.0242258486310418,498.873233795166,0.0
12,waypoint_70,0.0,0.4432395638957752,-0.6888739146935746,1.0242258486310418,873.9526271820068,0.0
13,waypoint_70,0.0,0.4432395638957752,-0.6888739146935746,1.0242258486310418,450.5956470966339,0.0
14,waypoint_70,0.0,0.4432395638957752,-0.6888739146935746,1.0242258486310418,827.9206156730652,0.0
0,waypoint_70,-15.0,0.4432395638957752,-0.6888739146935746,1.0242258486310418,4369.319915771484,0.0
1,waypoint_70,-15.0,0.4432395638957752,-0.6888739146935746,1.0242258486310418,3142.6589488983154,0.0
2,waypoint_70,-15.0,0.4432395638957752,-0.6888739146935746,1.0242258486310418,2812.8015995025635,0.0
3,waypoint_70,-15.0,0.4432395638957752,-0.6888739146935746,1.0242258486310418,1112.7393245697021,0.0
4,waypoint_70,-15.0,0.4432395638957752,-0.6888739146935746,1.0242258486310418,1145.0783014297485,0.0
5,waypoint_70,-15.0,0.4432395638957752,-0.6888739146935746,1.0242258486310418,2072.411060333252,0.0
6,waypoint_70,-15.0,0.4432395638957752,-0.6888739146935746,1.0242258486310418,2426.065683364868,0.0
7,waypoint_70,-15.0,0.4432395638957752,-0.6888739146935746,1.0242258486310418,1481.384038925171,0.0
8,waypoint_70,-15.0,0.4432395638957752,-0.6888739146935746,1.0242258486310418,404.39996123313904,0.0
9,waypoint_70,-15.0,0.4432395638957752,-0.6888739146935746,1.0242258486310418,427.1349608898163,0.0
10,waypoint_70,-15.0,0.4432395638957752,-0.6888739146935746,1.0242258486310418,538.3875966072083,0.0
11,waypoint_70,-15.0,0.4432395638957752,-0.6888739146935746,1.0242258486310418,477.9490828514099,0.0
12,waypoint_70,-15.0,0.4432395638957752,-0.6888739146935746,1.0242258486310418,889.104425907135,0.0
13,waypoint_70,-15.0,0.4432395638957752,-0.6888739146935746,1.0242258486310418,421.23013734817505,0.0
14,waypoint_70,-15.0,0.4432395638957752,-0.6888739146935746,1.0242258486310418,869.7653412818909,0.0
0,waypoint_70,-30.0,0.4432395638957752,-0.6888739146935746,1.0242258486310418,4351.268768310547,0.0
1,waypoint_70,-30.0,0.4432395638957752,-0.6888739146935746,1.0242258486310418,3141.754388809204,0.0
2,waypoint_70,-30.0,0.4432395638957752,-0.6888739146935746,1.0242258486310418,2764.2414569854736,0.0
3,waypoint_70,-30.0,0.4432395638957752,-0.6888739146935746,1.0242258486310418,979.2214035987854,0.0
4,waypoint_70,-30.0,0.4432395638957752,-0.6888739146935746,1.0242258486310418,1143.0333852767944,0.0
5,waypoint_70,-30.0,0.4432395638957752,-0.6888739146935746,1.0242258486310418,2108.7961196899414,0.0
6,waypoint_70,-30.0,0.4432395638957752,-0.6888739146935746,1.0242258486310418,2399.5399475097656,0.0
7,waypoint_70,-30.0,0.4432395638957752,-0.6888739146935746,1.0242258486310418,1509.7392797470093,0.0
8,waypoint_70,-30.0,0.4432395638957752,-0.6888739146935746,1.0242258486310418,396.9603180885315,0.0
9,waypoint_70,-30.0,0.4432395638957752,-0.6888739146935746,1.0242258486310418,426.8905520439148,0.0
10,waypoint_70,-30.0,0.4432395638957752,-0.6888739146935746,1.0242258486310418,530.9761762619019,0.0
11,waypoint_70,-30.0,0.4432395638957752,-0.6888739146935746,1.0242258486310418,486.0467314720154,0.0
12,waypoint_70,-30.0,0.4432395638957752,-0.6888739146935746,1.0242258486310418,904.6570062637329,0.0
13,waypoint_70,-30.0,0.4432395638957752,-0.6888739146935746,1.0242258486310418,354.7353744506836,0.0
14,waypoint_70,-30.0,0.4432395638957752,-0.6888739146935746,1.0242258486310418,979.046881198883,0.0
