Env_ID,Waypoint,Angle_X,Pos_X,Pos_Y,Pos_Z,Error_mm,Manipulability_Index
0,waypoint_01,-30.0,-0.03676043610422386,-0.8322438621242686,1.0638120569246137,0.004653744781535352,0.021721381694078445
1,waypoint_01,-30.0,-0.03676043610422386,-0.8322438621242686,1.0638120569246137,0.0032274690511258086,0.031796492636203766
2,waypoint_01,-30.0,-0.03676043610422386,-0.8322438621242686,1.0638120569246137,0.0058981499932997394,0.027579408138990402
3,waypoint_01,-30.0,-0.03676043610422386,-0.8322438621242686,1.0638120569246137,0.013368459804041777,0.019618241116404533
4,waypoint_01,-30.0,-0.03676043610422386,-0.8322438621242686,1.0638120569246137,0.016482057617395185,0.010546736419200897
5,waypoint_01,-30.0,-0.03676043610422386,-0.8322438621242686,1.0638120569246137,86.19898557662964,0.0
6,waypoint_01,-30.0,-0.03676043610422386,-0.8322438621242686,1.0638120569246137,0.009955860150512308,0.010073916986584663
7,waypoint_01,-30.0,-0.03676043610422386,-0.8322438621242686,1.0638120569246137,0.014163536434352864,0.019640658050775528
8,waypoint_01,-30.0,-0.03676043610422386,-0.8322438621242686,1.0638120569246137,0.0128035153466044,0.02325734682381153
9,waypoint_01,-30.0,-0.03676043610422386,-0.8322438621242686,1.0638120569246137,76.91357284784317,0.0
10,waypoint_01,-30.0,-0.03676043610422386,-0.8322438621242686,1.0638120569246137,278.57136726379395,0.0
11,waypoint_01,-30.0,-0.03676043610422386,-0.8322438621242686,1.0638120569246137,428.5317659378052,0.0
12,waypoint_01,-30.0,-0.03676043610422386,-0.8322438621242686,1.0638120569246137,451.5239894390106,0.0
13,waypoint_01,-30.0,-0.03676043610422386,-0.8322438621242686,1.0638120569246137,559.719443321228,0.0
14,waypoint_01,-30.0,-0.03676043610422386,-0.8322438621242686,1.0638120569246137,596.3256359100342,0.0
0,waypoint_01,-15.0,-0.03676043610422386,-0.8322438621242686,1.0638120569246137,19.85950767993927,0.0
1,waypoint_01,-15.0,-0.03676043610422386,-0.8322438621242686,1.0638120569246137,0.002863505415007239,0.025296401232481003
2,waypoint_01,-15.0,-0.03676043610422386,-0.8322438621242686,1.0638120569246137,0.0037261247598507907,0.02480344846844673
3,waypoint_01,-15.0,-0.03676043610422386,-0.8322438621242686,1.0638120569246137,0.002941837919934187,0.018188070505857468
4,waypoint_01,-15.0,-0.03676043610422386,-0.8322438621242686,1.0638120569246137,0.005464481546368916,0.009459886699914932
5,waypoint_01,-15.0,-0.03676043610422386,-0.8322438621242686,1.0638120569246137,0.2710638800635934,0.0010449312394484878
6,waypoint_01,-15.0,-0.03676043610422386,-0.8322438621242686,1.0638120569246137,0.004397893917484907,0.009993190877139568
7,waypoint_01,-15.0,-0.03676043610422386,-0.8322438621242686,1.0638120569246137,0.004887450359092327,0.01728612370789051
8,waypoint_01,-15.0,-0.03676043610422386,-0.8322438621242686,1.0638120569246137,0.004856961368204793,0.012054798193275928
9,waypoint_01,-15.0,-0.03676043610422386,-0.8322438621242686,1.0638120569246137,269.72952485084534,0.0
10,waypoint_01,-15.0,-0.03676043610422386,-0.8322438621242686,1.0638120569246137,347.18042612075806,0.0
11,waypoint_01,-15.0,-0.03676043610422386,-0.8322438621242686,1.0638120569246137,419.0199673175812,0.0
12,waypoint_01,-15.0,-0.03676043610422386,-0.8322438621242686,1.0638120569246137,452.61070132255554,0.0
13,waypoint_01,-15.0,-0.03676043610422386,-0.8322438621242686,1.0638120569246137,561.284065246582,0.0
14,waypoint_01,-15.0,-0.03676043610422386,-0.8322438621242686,1.0638120569246137,589.3049836158752,0.0
0,waypoint_01,0.0,-0.03676043610422386,-0.8322438621242686,1.0638120569246137,185.87113916873932,0.0
1,waypoint_01,0.0,-0.03676043610422386,-0.8322438621242686,1.0638120569246137,0.004105371317564277,0.010586301796138287
2,waypoint_01,0.0,-0.03676043610422386,-0.8322438621242686,1.0638120569246137,0.0031359068088931963,0.019857022911310196
3,waypoint_01,0.0,-0.03676043610422386,-0.8322438621242686,1.0638120569246137,0.0024805847260722658,0.01583997718989849
4,waypoint_01,0.0,-0.03676043610422386,-0.8322438621242686,1.0638120569246137,0.0027268717985862168,0.00820833258330822
5,waypoint_01,0.0,-0.03676043610422386,-0.8322438621242686,1.0638120569246137,0.14571101928595454,0.0005454515339806676
6,waypoint_01,0.0,-0.03676043610422386,-0.8322438621242686,1.0638120569246137,0.0027569262783799786,0.008475523442029953
7,waypoint_01,0.0,-0.03676043610422386,-0.8322438621242686,1.0638120569246137,0.005440699624159606,0.010684306733310223
8,waypoint_01,0.0,-0.03676043610422386,-0.8322438621242686,1.0638120569246137,141.93733036518097,0.0
9,waypoint_01,0.0,-0.03676043610422386,-0.8322438621242686,1.0638120569246137,268.4741020202637,0.0
10,waypoint_01,0.0,-0.03676043610422386,-0.8322438621242686,1.0638120569246137,338.87913823127747,0.0
11,waypoint_01,0.0,-0.03676043610422386,-0.8322438621242686,1.0638120569246137,407.25547075271606,0.0
12,waypoint_01,0.0,-0.03676043610422386,-0.8322438621242686,1.0638120569246137,446.68981432914734,0.0
13,waypoint_01,0.0,-0.03676043610422386,-0.8322438621242686,1.0638120569246137,561.46240234375,0.0
14,waypoint_01,0.0,-0.03676043610422386,-0.8322438621242686,1.0638120569246137,580.6541442871094,0.0
0,waypoint_01,15.0,-0.03676043610422386,-0.8322438621242686,1.0638120569246137,245.8670437335968,0.0
1,waypoint_01,15.0,-0.03676043610422386,-0.8322438621242686,1.0638120569246137,89.03879672288895,0.0
2,waypoint_01,15.0,-0.03676043610422386,-0.8322438621242686,1.0638120569246137,0.005092623268865282,0.010053709149360657
3,waypoint_01,15.0,-0.03676043610422386,-0.8322438621242686,1.0638120569246137,0.00500253099744441,0.012254237197339535
4,waypoint_01,15.0,-0.03676043610422386,-0.8322438621242686,1.0638120569246137,0.0034120730560971424,0.006987185217440128
5,waypoint_01,15.0,-0.03676043610422386,-0.8322438621242686,1.0638120569246137,31.06374479830265,0.0
6,waypoint_01,15.0,-0.03676043610422386,-0.8322438621242686,1.0638120569246137,0.0035683303849509684,0.0028473821002990007
7,waypoint_01,15.0,-0.03676043610422386,-0.8322438621242686,1.0638120569246137,70.3236311674118,0.0
8,waypoint_01,15.0,-0.03676043610422386,-0.8322438621242686,1.0638120569246137,258.91730189323425,0.0
9,waypoint_01,15.0,-0.03676043610422386,-0.8322438621242686,1.0638120569246137,294.99363899230957,0.0
10,waypoint_01,15.0,-0.03676043610422386,-0.8322438621242686,1.0638120569246137,330.1885426044464,0.0
11,waypoint_01,15.0,-0.03676043610422386,-0.8322438621242686,1.0638120569246137,395.4779803752899,0.0
12,waypoint_01,15.0,-0.03676043610422386,-0.8322438621242686,1.0638120569246137,443.4727728366852,0.0
13,waypoint_01,15.0,-0.03676043610422386,-0.8322438621242686,1.0638120569246137,559.5791339874268,0.0
14,waypoint_01,15.0,-0.03676043610422386,-0.8322438621242686,1.0638120569246137,549.216628074646,0.0
0,waypoint_01,30.0,-0.03676043610422386,-0.8322438621242686,1.0638120569246137,258.3981156349182,0.0
1,waypoint_01,30.0,-0.03676043610422386,-0.8322438621242686,1.0638120569246137,129.66202199459076,0.0
2,waypoint_01,30.0,-0.03676043610422386,-0.8322438621242686,1.0638120569246137,75.27410984039307,0.0
3,waypoint_01,30.0,-0.03676043610422386,-0.8322438621242686,1.0638120569246137,0.0019110702851321548,0.00556093268096447
4,waypoint_01,30.0,-0.03676043610422386,-0.8322438621242686,1.0638120569246137,0.003532800974426209,0.0057357135228812695
5,waypoint_01,30.0,-0.03676043610422386,-0.8322438621242686,1.0638120569246137,70.24872303009033,0.0
6,waypoint_01,30.0,-0.03676043610422386,-0.8322438621242686,1.0638120569246137,88.69080990552902,0.0
7,waypoint_01,30.0,-0.03676043610422386,-0.8322438621242686,1.0638120569246137,188.14101815223694,0.0
8,waypoint_01,30.0,-0.03676043610422386,-0.8322438621242686,1.0638120569246137,243.59814822673798,0.0
9,waypoint_01,30.0,-0.03676043610422386,-0.8322438621242686,1.0638120569246137,209.2665135860443,0.0
10,waypoint_01,30.0,-0.03676043610422386,-0.8322438621242686,1.0638120569246137,315.15809893608093,0.0
11,waypoint_01,30.0,-0.03676043610422386,-0.8322438621242686,1.0638120569246137,377.8424859046936,0.0
12,waypoint_01,30.0,-0.03676043610422386,-0.8322438621242686,1.0638120569246137,438.04237246513367,0.0
13,waypoint_01,30.0,-0.03676043610422386,-0.8322438621242686,1.0638120569246137,552.3818135261536,0.0
14,waypoint_01,30.0,-0.03676043610422386,-0.8322438621242686,1.0638120569246137,542.0845150947571,0.0
0,waypoint_02,30.0,-0.016760436104224286,-0.8322438621242686,1.0638120569246137,225.74570775032043,0.0
1,waypoint_02,30.0,-0.016760436104224286,-0.8322438621242686,1.0638120569246137,152.96585857868195,0.0
2,waypoint_02,30.0,-0.016760436104224286,-0.8322438621242686,1.0638120569246137,85.91178804636002,0.0
3,waypoint_02,30.0,-0.016760436104224286,-0.8322438621242686,1.0638120569246137,0.008623537723906338,0.0030776967760175467
4,waypoint_02,30.0,-0.016760436104224286,-0.8322438621242686,1.0638120569246137,0.00784248550189659,0.006280125584453344
5,waypoint_02,30.0,-0.016760436104224286,-0.8322438621242686,1.0638120569246137,128.38329374790192,0.0
6,waypoint_02,30.0,-0.016760436104224286,-0.8322438621242686,1.0638120569246137,76.26336812973022,0.0
7,waypoint_02,30.0,-0.016760436104224286,-0.8322438621242686,1.0638120569246137,167.41544008255005,0.0
8,waypoint_02,30.0,-0.016760436104224286,-0.8322438621242686,1.0638120569246137,251.90004706382751,0.0
9,waypoint_02,30.0,-0.016760436104224286,-0.8322438621242686,1.0638120569246137,306.2138259410858,0.0
10,waypoint_02,30.0,-0.016760436104224286,-0.8322438621242686,1.0638120569246137,308.4125220775604,0.0
11,waypoint_02,30.0,-0.016760436104224286,-0.8322438621242686,1.0638120569246137,362.8460168838501,0.0
12,waypoint_02,30.0,-0.016760436104224286,-0.8322438621242686,1.0638120569246137,427.445650100708,0.0
13,waypoint_02,30.0,-0.016760436104224286,-0.8322438621242686,1.0638120569246137,537.6400351524353,0.0
14,waypoint_02,30.0,-0.016760436104224286,-0.8322438621242686,1.0638120569246137,527.9325842857361,0.0
0,waypoint_02,15.0,-0.016760436104224286,-0.8322438621242686,1.0638120569246137,216.48991107940674,0.0
1,waypoint_02,15.0,-0.016760436104224286,-0.8322438621242686,1.0638120569246137,101.65431350469589,0.0
2,waypoint_02,15.0,-0.016760436104224286,-0.8322438621242686,1.0638120569246137,0.0339813377649989,0.005960520356893539
3,waypoint_02,15.0,-0.016760436104224286,-0.8322438621242686,1.0638120569246137,0.02073042378469836,0.012774658389389515
4,waypoint_02,15.0,-0.016760436104224286,-0.8322438621242686,1.0638120569246137,0.0031432621199201094,0.00826422031968832
5,waypoint_02,15.0,-0.016760436104224286,-0.8322438621242686,1.0638120569246137,173.25754463672638,0.0
6,waypoint_02,15.0,-0.016760436104224286,-0.8322438621242686,1.0638120569246137,0.033001848350977525,0.0029594472143799067
7,waypoint_02,15.0,-0.016760436104224286,-0.8322438621242686,1.0638120569246137,28.747156262397766,0.0
8,waypoint_02,15.0,-0.016760436104224286,-0.8322438621242686,1.0638120569246137,225.16553103923798,0.0
9,waypoint_02,15.0,-0.016760436104224286,-0.8322438621242686,1.0638120569246137,314.7711455821991,0.0
10,waypoint_02,15.0,-0.016760436104224286,-0.8322438621242686,1.0638120569246137,320.2188313007355,0.0
11,waypoint_02,15.0,-0.016760436104224286,-0.8322438621242686,1.0638120569246137,374.8582601547241,0.0
12,waypoint_02,15.0,-0.016760436104224286,-0.8322438621242686,1.0638120569246137,429.4605255126953,0.0
13,waypoint_02,15.0,-0.016760436104224286,-0.8322438621242686,1.0638120569246137,539.2788648605347,0.0
14,waypoint_02,15.0,-0.016760436104224286,-0.8322438621242686,1.0638120569246137,533.7917804718018,0.0
0,waypoint_02,0.0,-0.016760436104224286,-0.8322438621242686,1.0638120569246137,191.27263128757477,0.0
1,waypoint_02,0.0,-0.016760436104224286,-0.8322438621242686,1.0638120569246137,2.1328681614249945,0.0
2,waypoint_02,0.0,-0.016760436104224286,-0.8322438621242686,1.0638120569246137,1.044567092321813,0.009532012045383453
3,waypoint_02,0.0,-0.016760436104224286,-0.8322438621242686,1.0638120569246137,0.004075842298334464,0.01705949753522873
4,waypoint_02,0.0,-0.016760436104224286,-0.8322438621242686,1.0638120569246137,0.003055573870369699,0.009877150878310204
5,waypoint_02,0.0,-0.016760436104224286,-0.8322438621242686,1.0638120569246137,251.12217664718628,0.0
6,waypoint_02,0.0,-0.016760436104224286,-0.8322438621242686,1.0638120569246137,0.011661190001177602,0.007093306630849838
7,waypoint_02,0.0,-0.016760436104224286,-0.8322438621242686,1.0638120569246137,0.011697138688759878,0.011303811334073544
8,waypoint_02,0.0,-0.016760436104224286,-0.8322438621242686,1.0638120569246137,58.04583430290222,0.0
9,waypoint_02,0.0,-0.016760436104224286,-0.8322438621242686,1.0638120569246137,321.77236676216125,0.0
10,waypoint_02,0.0,-0.016760436104224286,-0.8322438621242686,1.0638120569246137,322.63264060020447,0.0
11,waypoint_02,0.0,-0.016760436104224286,-0.8322438621242686,1.0638120569246137,382.87830352783203,0.0
12,waypoint_02,0.0,-0.016760436104224286,-0.8322438621242686,1.0638120569246137,427.15099453926086,0.0
13,waypoint_02,0.0,-0.016760436104224286,-0.8322438621242686,1.0638120569246137,542.8180694580078,0.0
14,waypoint_02,0.0,-0.016760436104224286,-0.8322438621242686,1.0638120569246137,526.0847806930542,0.0
0,waypoint_02,-15.0,-0.016760436104224286,-0.8322438621242686,1.0638120569246137,184.9505603313446,0.0
1,waypoint_02,-15.0,-0.016760436104224286,-0.8322438621242686,1.0638120569246137,0.0135479667733307,0.023560207337141037
2,waypoint_02,-15.0,-0.016760436104224286,-0.8322438621242686,1.0638120569246137,4.803952760994434,0.0
3,waypoint_02,-15.0,-0.016760436104224286,-0.8322438621242686,1.0638120569246137,0.003960906724387314,0.019749242812395096
4,waypoint_02,-15.0,-0.016760436104224286,-0.8322438621242686,1.0638120569246137,0.004747464117826894,0.011296835727989674
5,waypoint_02,-15.0,-0.016760436104224286,-0.8322438621242686,1.0638120569246137,256.850928068161,0.0
6,waypoint_02,-15.0,-0.016760436104224286,-0.8322438621242686,1.0638120569246137,0.0032572438612987753,0.008132229559123516
7,waypoint_02,-15.0,-0.016760436104224286,-0.8322438621242686,1.0638120569246137,0.011058732525270898,0.016264406964182854
8,waypoint_02,-15.0,-0.016760436104224286,-0.8322438621242686,1.0638120569246137,276.28347277641296,0.0
9,waypoint_02,-15.0,-0.016760436104224286,-0.8322438621242686,1.0638120569246137,323.785275220871,0.0
10,waypoint_02,-15.0,-0.016760436104224286,-0.8322438621242686,1.0638120569246137,324.29978251457214,0.0
11,waypoint_02,-15.0,-0.016760436104224286,-0.8322438621242686,1.0638120569246137,390.14700055122375,0.0
12,waypoint_02,-15.0,-0.016760436104224286,-0.8322438621242686,1.0638120569246137,424.3963956832886,0.0
13,waypoint_02,-15.0,-0.016760436104224286,-0.8322438621242686,1.0638120569246137,544.2269444465637,0.0
14,waypoint_02,-15.0,-0.016760436104224286,-0.8322438621242686,1.0638120569246137,528.5336375236511,0.0
0,waypoint_02,-30.0,-0.016760436104224286,-0.8322438621242686,1.0638120569246137,0.14056751388125122,0.012214485555887222
1,waypoint_02,-30.0,-0.016760436104224286,-0.8322438621242686,1.0638120569246137,0.004877394076174824,0.03161852806806564
2,waypoint_02,-30.0,-0.016760436104224286,-0.8322438621242686,1.0638120569246137,29.80000525712967,0.0
3,waypoint_02,-30.0,-0.016760436104224286,-0.8322438621242686,1.0638120569246137,0.004291534423828125,0.021341081708669662
4,waypoint_02,-30.0,-0.016760436104224286,-0.8322438621242686,1.0638120569246137,0.004338055532571161,0.012408428825438023
5,waypoint_02,-30.0,-0.016760436104224286,-0.8322438621242686,1.0638120569246137,241.88248813152313,0.0
6,waypoint_02,-30.0,-0.016760436104224286,-0.8322438621242686,1.0638120569246137,0.00419277102992055,0.00800950825214386
7,waypoint_02,-30.0,-0.016760436104224286,-0.8322438621242686,1.0638120569246137,0.004166284270468168,0.017942629754543304
8,waypoint_02,-30.0,-0.016760436104224286,-0.8322438621242686,1.0638120569246137,278.4026563167572,0.0
9,waypoint_02,-30.0,-0.016760436104224286,-0.8322438621242686,1.0638120569246137,325.4370391368866,0.0
10,waypoint_02,-30.0,-0.016760436104224286,-0.8322438621242686,1.0638120569246137,324.52070713043213,0.0
11,waypoint_02,-30.0,-0.016760436104224286,-0.8322438621242686,1.0638120569246137,400.73949098587036,0.0
12,waypoint_02,-30.0,-0.016760436104224286,-0.8322438621242686,1.0638120569246137,417.40283370018005,0.0
13,waypoint_02,-30.0,-0.016760436104224286,-0.8322438621242686,1.0638120569246137,543.7654852867126,0.0
14,waypoint_02,-30.0,-0.016760436104224286,-0.8322438621242686,1.0638120569246137,527.819573879242,0.0
0,waypoint_03,-30.0,0.00323956389577551,-0.8322438621242686,1.0638120569246137,13.278277590870857,0.0
1,waypoint_03,-30.0,0.00323956389577551,-0.8322438621242686,1.0638120569246137,0.009958257578546181,0.03081628680229187
2,waypoint_03,-30.0,0.00323956389577551,-0.8322438621242686,1.0638120569246137,21.225042641162872,0.0
3,waypoint_03,-30.0,0.00323956389577551,-0.8322438621242686,1.0638120569246137,0.009968063750420697,0.023015417158603668
4,waypoint_03,-30.0,0.00323956389577551,-0.8322438621242686,1.0638120569246137,0.011040382560167927,0.014250320382416248
5,waypoint_03,-30.0,0.00323956389577551,-0.8322438621242686,1.0638120569246137,244.61324512958527,0.0
6,waypoint_03,-30.0,0.00323956389577551,-0.8322438621242686,1.0638120569246137,0.009926035090757068,0.00596735579892993
7,waypoint_03,-30.0,0.00323956389577551,-0.8322438621242686,1.0638120569246137,0.012025204341625795,0.016095934435725212
8,waypoint_03,-30.0,0.00323956389577551,-0.8322438621242686,1.0638120569246137,278.6766588687897,0.0
9,waypoint_03,-30.0,0.00323956389577551,-0.8322438621242686,1.0638120569246137,319.1440999507904,0.0
10,waypoint_03,-30.0,0.00323956389577551,-0.8322438621242686,1.0638120569246137,320.59913873672485,0.0
11,waypoint_03,-30.0,0.00323956389577551,-0.8322438621242686,1.0638120569246137,388.11594247817993,0.0
12,waypoint_03,-30.0,0.00323956389577551,-0.8322438621242686,1.0638120569246137,406.4110219478607,0.0
13,waypoint_03,-30.0,0.00323956389577551,-0.8322438621242686,1.0638120569246137,528.3467173576355,0.0
14,waypoint_03,-30.0,0.00323956389577551,-0.8322438621242686,1.0638120569246137,514.1431093215942,0.0
0,waypoint_03,-15.0,0.00323956389577551,-0.8322438621242686,1.0638120569246137,228.87183725833893,0.0
1,waypoint_03,-15.0,0.00323956389577551,-0.8322438621242686,1.0638120569246137,0.003870632099278737,0.020478423684835434
2,waypoint_03,-15.0,0.00323956389577551,-0.8322438621242686,1.0638120569246137,2.364903688430786,0.0
3,waypoint_03,-15.0,0.00323956389577551,-0.8322438621242686,1.0638120569246137,0.0037716131373599637,0.02121654711663723
4,waypoint_03,-15.0,0.00323956389577551,-0.8322438621242686,1.0638120569246137,0.0050940179789904505,0.013095475733280182
5,waypoint_03,-15.0,0.00323956389577551,-0.8322438621242686,1.0638120569246137,273.3556032180786,0.0
6,waypoint_03,-15.0,0.00323956389577551,-0.8322438621242686,1.0638120569246137,0.004354697921371553,0.006223766598850489
7,waypoint_03,-15.0,0.00323956389577551,-0.8322438621242686,1.0638120569246137,0.0037836050523765152,0.014960553497076035
8,waypoint_03,-15.0,0.00323956389577551,-0.8322438621242686,1.0638120569246137,275.18028020858765,0.0
9,waypoint_03,-15.0,0.00323956389577551,-0.8322438621242686,1.0638120569246137,316.12756848335266,0.0
10,waypoint_03,-15.0,0.00323956389577551,-0.8322438621242686,1.0638120569246137,319.27546858787537,0.0
11,waypoint_03,-15.0,0.00323956389577551,-0.8322438621242686,1.0638120569246137,380.87981939315796,0.0
12,waypoint_03,-15.0,0.00323956389577551,-0.8322438621242686,1.0638120569246137,407.3071777820587,0.0
13,waypoint_03,-15.0,0.00323956389577551,-0.8322438621242686,1.0638120569246137,527.3584127426147,0.0
14,waypoint_03,-15.0,0.00323956389577551,-0.8322438621242686,1.0638120569246137,515.3690576553345,0.0
0,waypoint_03,0.0,0.00323956389577551,-0.8322438621242686,1.0638120569246137,249.28638339042664,0.0
1,waypoint_03,0.0,0.00323956389577551,-0.8322438621242686,1.0638120569246137,29.856516048312187,0.0
2,waypoint_03,0.0,0.00323956389577551,-0.8322438621242686,1.0638120569246137,31.68053925037384,0.0
3,waypoint_03,0.0,0.00323956389577551,-0.8322438621242686,1.0638120569246137,0.0025484034722467186,0.018117228522896767
4,waypoint_03,0.0,0.00323956389577551,-0.8322438621242686,1.0638120569246137,0.002912710215241532,0.011489943601191044
5,waypoint_03,0.0,0.00323956389577551,-0.8322438621242686,1.0638120569246137,233.14175009727478,0.0
6,waypoint_03,0.0,0.00323956389577551,-0.8322438621242686,1.0638120569246137,0.0029210896173026413,0.005574685055762529
7,waypoint_03,0.0,0.00323956389577551,-0.8322438621242686,1.0638120569246137,0.006225701326911803,0.011200671084225178
8,waypoint_03,0.0,0.00323956389577551,-0.8322438621242686,1.0638120569246137,4.538469482213259,0.0
9,waypoint_03,0.0,0.00323956389577551,-0.8322438621242686,1.0638120569246137,310.36537885665894,0.0
10,waypoint_03,0.0,0.00323956389577551,-0.8322438621242686,1.0638120569246137,316.9976472854614,0.0
11,waypoint_03,0.0,0.00323956389577551,-0.8322438621242686,1.0638120569246137,364.65510725975037,0.0
12,waypoint_03,0.0,0.00323956389577551,-0.8322438621242686,1.0638120569246137,407.657653093338,0.0
13,waypoint_03,0.0,0.00323956389577551,-0.8322438621242686,1.0638120569246137,525.111734867096,0.0
14,waypoint_03,0.0,0.00323956389577551,-0.8322438621242686,1.0638120569246137,516.8470144271851,0.0
0,waypoint_03,15.0,0.00323956389577551,-0.8322438621242686,1.0638120569246137,215.4104858636856,0.0
1,waypoint_03,15.0,0.00323956389577551,-0.8322438621242686,1.0638120569246137,130.68002462387085,0.0
2,waypoint_03,15.0,0.00323956389577551,-0.8322438621242686,1.0638120569246137,25.62478557229042,0.0
3,waypoint_03,15.0,0.00323956389577551,-0.8322438621242686,1.0638120569246137,0.004629251634469256,0.012972703203558922
4,waypoint_03,15.0,0.00323956389577551,-0.8322438621242686,1.0638120569246137,0.00370173165720189,0.009461445733904839
5,waypoint_03,15.0,0.00323956389577551,-0.8322438621242686,1.0638120569246137,177.09381878376007,0.0
6,waypoint_03,15.0,0.00323956389577551,-0.8322438621242686,1.0638120569246137,0.004549473942461191,0.0024746509734541178
7,waypoint_03,15.0,0.00323956389577551,-0.8322438621242686,1.0638120569246137,3.73441306874156,0.0
8,waypoint_03,15.0,0.00323956389577551,-0.8322438621242686,1.0638120569246137,189.5635426044464,0.0
9,waypoint_03,15.0,0.00323956389577551,-0.8322438621242686,1.0638120569246137,305.4112493991852,0.0
10,waypoint_03,15.0,0.00323956389577551,-0.8322438621242686,1.0638120569246137,311.1763000488281,0.0
11,waypoint_03,15.0,0.00323956389577551,-0.8322438621242686,1.0638120569246137,353.40628027915955,0.0
12,waypoint_03,15.0,0.00323956389577551,-0.8322438621242686,1.0638120569246137,402.88445353507996,0.0
13,waypoint_03,15.0,0.00323956389577551,-0.8322438621242686,1.0638120569246137,523.6573219299316,0.0
14,waypoint_03,15.0,0.00323956389577551,-0.8322438621242686,1.0638120569246137,513.6334300041199,0.0
0,waypoint_03,30.0,0.00323956389577551,-0.8322438621242686,1.0638120569246137,259.14520025253296,0.0
1,waypoint_03,30.0,0.00323956389577551,-0.8322438621242686,1.0638120569246137,144.8732167482376,0.0
2,waypoint_03,30.0,0.00323956389577551,-0.8322438621242686,1.0638120569246137,93.82003545761108,0.0
3,waypoint_03,30.0,0.00323956389577551,-0.8322438621242686,1.0638120569246137,0.8800640935078263,3.135362476314185e-07
4,waypoint_03,30.0,0.00323956389577551,-0.8322438621242686,1.0638120569246137,0.002551190164012951,0.0066482010297477245
5,waypoint_03,30.0,0.00323956389577551,-0.8322438621242686,1.0638120569246137,89.36019241809845,0.0
6,waypoint_03,30.0,0.00323956389577551,-0.8322438621242686,1.0638120569246137,64.9438351392746,0.0
7,waypoint_03,30.0,0.00323956389577551,-0.8322438621242686,1.0638120569246137,146.33479714393616,0.0
8,waypoint_03,30.0,0.00323956389577551,-0.8322438621242686,1.0638120569246137,259.5698833465576,0.0
9,waypoint_03,30.0,0.00323956389577551,-0.8322438621242686,1.0638120569246137,293.1482791900635,0.0
10,waypoint_03,30.0,0.00323956389577551,-0.8322438621242686,1.0638120569246137,308.25501680374146,0.0
11,waypoint_03,30.0,0.00323956389577551,-0.8322438621242686,1.0638120569246137,332.41724967956543,0.0
12,waypoint_03,30.0,0.00323956389577551,-0.8322438621242686,1.0638120569246137,398.592084646225,0.0
13,waypoint_03,30.0,0.00323956389577551,-0.8322438621242686,1.0638120569246137,517.292857170105,0.0
14,waypoint_03,30.0,0.00323956389577551,-0.8322438621242686,1.0638120569246137,510.0206136703491,0.0
0,waypoint_04,30.0,0.023239563895776028,-0.8322438621242686,1.0638120569246137,257.80826807022095,0.0
1,waypoint_04,30.0,0.023239563895776028,-0.8322438621242686,1.0638120569246137,202.74680852890015,0.0
2,waypoint_04,30.0,0.023239563895776028,-0.8322438621242686,1.0638120569246137,104.40082103013992,0.0
3,waypoint_04,30.0,0.023239563895776028,-0.8322438621242686,1.0638120569246137,5.514053162187338,0.0
4,waypoint_04,30.0,0.023239563895776028,-0.8322438621242686,1.0638120569246137,0.011308715329505503,0.0067601995542645454
5,waypoint_04,30.0,0.023239563895776028,-0.8322438621242686,1.0638120569246137,61.208080500364304,0.0
6,waypoint_04,30.0,0.023239563895776028,-0.8322438621242686,1.0638120569246137,49.90258440375328,0.0
7,waypoint_04,30.0,0.023239563895776028,-0.8322438621242686,1.0638120569246137,125.98530948162079,0.0
8,waypoint_04,30.0,0.023239563895776028,-0.8322438621242686,1.0638120569246137,243.04790794849396,0.0
9,waypoint_04,30.0,0.023239563895776028,-0.8322438621242686,1.0638120569246137,289.6696925163269,0.0
10,waypoint_04,30.0,0.023239563895776028,-0.8322438621242686,1.0638120569246137,306.4658045768738,0.0
11,waypoint_04,30.0,0.023239563895776028,-0.8322438621242686,1.0638120569246137,320.6713795661926,0.0
12,waypoint_04,30.0,0.023239563895776028,-0.8322438621242686,1.0638120569246137,389.42888379096985,0.0
13,waypoint_04,30.0,0.023239563895776028,-0.8322438621242686,1.0638120569246137,505.3170919418335,0.0
14,waypoint_04,30.0,0.023239563895776028,-0.8322438621242686,1.0638120569246137,496.15052342414856,0.0
0,waypoint_04,15.0,0.023239563895776028,-0.8322438621242686,1.0638120569246137,241.44244194030762,0.0
1,waypoint_04,15.0,0.023239563895776028,-0.8322438621242686,1.0638120569246137,129.88656759262085,0.0
2,waypoint_04,15.0,0.023239563895776028,-0.8322438621242686,1.0638120569246137,78.42033356428146,0.0
3,waypoint_04,15.0,0.023239563895776028,-0.8322438621242686,1.0638120569246137,0.0161531879712129,0.012746743857860565
4,waypoint_04,15.0,0.023239563895776028,-0.8322438621242686,1.0638120569246137,0.0014901161193847656,0.010549623519182205
5,waypoint_04,15.0,0.023239563895776028,-0.8322438621242686,1.0638120569246137,192.06129014492035,0.0
6,waypoint_04,15.0,0.023239563895776028,-0.8322438621242686,1.0638120569246137,0.01900456118164584,0.0016074740560725331
7,waypoint_04,15.0,0.023239563895776028,-0.8322438621242686,1.0638120569246137,0.4086093686055392,9.462002026339178e-07
8,waypoint_04,15.0,0.023239563895776028,-0.8322438621242686,1.0638120569246137,153.19807827472687,0.0
9,waypoint_04,15.0,0.023239563895776028,-0.8322438621242686,1.0638120569246137,301.0367751121521,0.0
10,waypoint_04,15.0,0.023239563895776028,-0.8322438621242686,1.0638120569246137,310.61065196990967,0.0
11,waypoint_04,15.0,0.023239563895776028,-0.8322438621242686,1.0638120569246137,335.1013660430908,0.0
12,waypoint_04,15.0,0.023239563895776028,-0.8322438621242686,1.0638120569246137,392.911821603775,0.0
13,waypoint_04,15.0,0.023239563895776028,-0.8322438621242686,1.0638120569246137,507.3537230491638,0.0
14,waypoint_04,15.0,0.023239563895776028,-0.8322438621242686,1.0638120569246137,499.7953772544861,0.0
0,waypoint_04,0.0,0.023239563895776028,-0.8322438621242686,1.0638120569246137,237.18708753585815,0.0
1,waypoint_04,0.0,0.023239563895776028,-0.8322438621242686,1.0638120569246137,164.36423361301422,0.0
2,waypoint_04,0.0,0.023239563895776028,-0.8322438621242686,1.0638120569246137,0.37469997187145054,0.010396858677268028
3,waypoint_04,0.0,0.023239563895776028,-0.8322438621242686,1.0638120569246137,0.0035222260521550197,0.01897355169057846
4,waypoint_04,0.0,0.023239563895776028,-0.8322438621242686,1.0638120569246137,0.003065440751015558,0.013032959774136543
5,waypoint_04,0.0,0.023239563895776028,-0.8322438621242686,1.0638120569246137,229.29036617279053,0.0
6,waypoint_04,0.0,0.023239563895776028,-0.8322438621242686,1.0638120569246137,0.011324079423502553,0.003955252934247255
7,waypoint_04,0.0,0.023239563895776028,-0.8322438621242686,1.0638120569246137,0.011240158528380562,0.010609152726829052
8,waypoint_04,0.0,0.023239563895776028,-0.8322438621242686,1.0638120569246137,0.008659915692987852,0.0032913119066506624
9,waypoint_04,0.0,0.023239563895776028,-0.8322438621242686,1.0638120569246137,304.37853932380676,0.0
10,waypoint_04,0.0,0.023239563895776028,-0.8322438621242686,1.0638120569246137,315.4417872428894,0.0
11,waypoint_04,0.0,0.023239563895776028,-0.8322438621242686,1.0638120569246137,345.6136882305145,0.0
12,waypoint_04,0.0,0.023239563895776028,-0.8322438621242686,1.0638120569246137,392.98534393310547,0.0
13,waypoint_04,0.0,0.023239563895776028,-0.8322438621242686,1.0638120569246137,510.1436972618103,0.0
14,waypoint_04,0.0,0.023239563895776028,-0.8322438621242686,1.0638120569246137,489.8577630519867,0.0
0,waypoint_04,-15.0,0.023239563895776028,-0.8322438621242686,1.0638120569246137,222.9025810956955,0.0
1,waypoint_04,-15.0,0.023239563895776028,-0.8322438621242686,1.0638120569246137,0.08074491779552773,0.012786277569830418
2,waypoint_04,-15.0,0.023239563895776028,-0.8322438621242686,1.0638120569246137,26.128113269805908,0.0
3,waypoint_04,-15.0,0.023239563895776028,-0.8322438621242686,1.0638120569246137,0.004075842298334464,0.022568227723240852
4,waypoint_04,-15.0,0.023239563895776028,-0.8322438621242686,1.0638120569246137,0.003610388603192405,0.014849397353827953
5,waypoint_04,-15.0,0.023239563895776028,-0.8322438621242686,1.0638120569246137,256.00847601890564,0.0
6,waypoint_04,-15.0,0.023239563895776028,-0.8322438621242686,1.0638120569246137,0.007078217095113359,0.004297694191336632
7,waypoint_04,-15.0,0.023239563895776028,-0.8322438621242686,1.0638120569246137,0.00632624050922459,0.013446033000946045
8,waypoint_04,-15.0,0.023239563895776028,-0.8322438621242686,1.0638120569246137,288.20449113845825,0.0
9,waypoint_04,-15.0,0.023239563895776028,-0.8322438621242686,1.0638120569246137,308.17118287086487,0.0
10,waypoint_04,-15.0,0.023239563895776028,-0.8322438621242686,1.0638120569246137,317.04893708229065,0.0
11,waypoint_04,-15.0,0.023239563895776028,-0.8322438621242686,1.0638120569246137,358.4848642349243,0.0
12,waypoint_04,-15.0,0.023239563895776028,-0.8322438621242686,1.0638120569246137,388.22969794273376,0.0
13,waypoint_04,-15.0,0.023239563895776028,-0.8322438621242686,1.0638120569246137,509.90480184555054,0.0
14,waypoint_04,-15.0,0.023239563895776028,-0.8322438621242686,1.0638120569246137,485.26841402053833,0.0
0,waypoint_04,-30.0,0.023239563895776028,-0.8322438621242686,1.0638120569246137,189.81879949569702,0.0
1,waypoint_04,-30.0,0.023239563895776028,-0.8322438621242686,1.0638120569246137,62.39192187786102,0.0
2,waypoint_04,-30.0,0.023239563895776028,-0.8322438621242686,1.0638120569246137,44.626541435718536,0.0
3,waypoint_04,-30.0,0.023239563895776028,-0.8322438621242686,1.0638120569246137,0.0040531158447265625,0.024625660851597786
4,waypoint_04,-30.0,0.023239563895776028,-0.8322438621242686,1.0638120569246137,0.003978805580118205,0.016067281365394592
5,waypoint_04,-30.0,0.023239563895776028,-0.8322438621242686,1.0638120569246137,262.9217505455017,0.0
6,waypoint_04,-30.0,0.023239563895776028,-0.8322438621242686,1.0638120569246137,0.003373637127879192,0.00400501536205411
7,waypoint_04,-30.0,0.023239563895776028,-0.8322438621242686,1.0638120569246137,0.005299641543388134,0.014146537519991398
8,waypoint_04,-30.0,0.023239563895776028,-0.8322438621242686,1.0638120569246137,295.35216093063354,0.0
9,waypoint_04,-30.0,0.023239563895776028,-0.8322438621242686,1.0638120569246137,310.1753294467926,0.0
10,waypoint_04,-30.0,0.023239563895776028,-0.8322438621242686,1.0638120569246137,317.308247089386,0.0
11,waypoint_04,-30.0,0.023239563895776028,-0.8322438621242686,1.0638120569246137,365.4225468635559,0.0
12,waypoint_04,-30.0,0.023239563895776028,-0.8322438621242686,1.0638120569246137,381.7548453807831,0.0
13,waypoint_04,-30.0,0.023239563895776028,-0.8322438621242686,1.0638120569246137,508.5873603820801,0.0
14,waypoint_04,-30.0,0.023239563895776028,-0.8322438621242686,1.0638120569246137,492.6755428314209,0.0
0,waypoint_05,-30.0,0.0432395638957756,-0.8322438621242686,1.0638120569246137,229.75802421569824,0.0
1,waypoint_05,-30.0,0.0432395638957756,-0.8322438621242686,1.0638120569246137,44.40741240978241,0.0
2,waypoint_05,-30.0,0.0432395638957756,-0.8322438621242686,1.0638120569246137,40.341272950172424,0.0
3,waypoint_05,-30.0,0.0432395638957756,-0.8322438621242686,1.0638120569246137,0.010726186701504048,0.026156123727560043
4,waypoint_05,-30.0,0.0432395638957756,-0.8322438621242686,1.0638120569246137,0.011203929716430139,0.01785959117114544
5,waypoint_05,-30.0,0.0432395638957756,-0.8322438621242686,1.0638120569246137,266.0927474498749,0.0
6,waypoint_05,-30.0,0.0432395638957756,-0.8322438621242686,1.0638120569246137,0.008827655619825236,0.0023073593620210886
7,waypoint_05,-30.0,0.0432395638957756,-0.8322438621242686,1.0638120569246137,0.009115297871176153,0.012127425521612167
8,waypoint_05,-30.0,0.0432395638957756,-0.8322438621242686,1.0638120569246137,296.17270827293396,0.0
9,waypoint_05,-30.0,0.0432395638957756,-0.8322438621242686,1.0638120569246137,307.09129571914673,0.0
10,waypoint_05,-30.0,0.0432395638957756,-0.8322438621242686,1.0638120569246137,314.5298957824707,0.0
11,waypoint_05,-30.0,0.0432395638957756,-0.8322438621242686,1.0638120569246137,354.7942638397217,0.0
12,waypoint_05,-30.0,0.0432395638957756,-0.8322438621242686,1.0638120569246137,373.49843978881836,0.0
13,waypoint_05,-30.0,0.0432395638957756,-0.8322438621242686,1.0638120569246137,495.5171048641205,0.0
14,waypoint_05,-30.0,0.0432395638957756,-0.8322438621242686,1.0638120569246137,530.8393239974976,0.0
0,waypoint_05,-15.0,0.0432395638957756,-0.8322438621242686,1.0638120569246137,225.08670389652252,0.0
1,waypoint_05,-15.0,0.0432395638957756,-0.8322438621242686,1.0638120569246137,0.7211122428998351,6.220905390819098e-08
2,waypoint_05,-15.0,0.0432395638957756,-0.8322438621242686,1.0638120569246137,28.858255594968796,0.0
3,waypoint_05,-15.0,0.0432395638957756,-0.8322438621242686,1.0638120569246137,0.004185927082289709,0.023775732144713402
4,waypoint_05,-15.0,0.0432395638957756,-0.8322438621242686,1.0638120569246137,0.003656831268017413,0.016550378873944283
5,waypoint_05,-15.0,0.0432395638957756,-0.8322438621242686,1.0638120569246137,248.40638041496277,0.0
6,waypoint_05,-15.0,0.0432395638957756,-0.8322438621242686,1.0638120569246137,0.0062311801229952835,0.0024127373471856117
7,waypoint_05,-15.0,0.0432395638957756,-0.8322438621242686,1.0638120569246137,0.006205892077559838,0.011775987222790718
8,waypoint_05,-15.0,0.0432395638957756,-0.8322438621242686,1.0638120569246137,290.8099293708801,0.0
9,waypoint_05,-15.0,0.0432395638957756,-0.8322438621242686,1.0638120569246137,304.543673992157,0.0
10,waypoint_05,-15.0,0.0432395638957756,-0.8322438621242686,1.0638120569246137,315.43049216270447,0.0
11,waypoint_05,-15.0,0.0432395638957756,-0.8322438621242686,1.0638120569246137,348.79857301712036,0.0
12,waypoint_05,-15.0,0.0432395638957756,-0.8322438621242686,1.0638120569246137,377.29060649871826,0.0
13,waypoint_05,-15.0,0.0432395638957756,-0.8322438621242686,1.0638120569246137,494.70698833465576,0.0
14,waypoint_05,-15.0,0.0432395638957756,-0.8322438621242686,1.0638120569246137,526.6790390014648,0.0
0,waypoint_05,0.0,0.0432395638957756,-0.8322438621242686,1.0638120569246137,234.39887166023254,0.0
1,waypoint_05,0.0,0.0432395638957756,-0.8322438621242686,1.0638120569246137,137.27429509162903,0.0
2,waypoint_05,0.0,0.0432395638957756,-0.8322438621242686,1.0638120569246137,0.05442958354251459,0.010735995136201382
3,waypoint_05,0.0,0.0432395638957756,-0.8322438621242686,1.0638120569246137,0.004769861334352754,0.019576365128159523
4,waypoint_05,0.0,0.0432395638957756,-0.8322438621242686,1.0638120569246137,0.0048704691835155245,0.014489660039544106
5,waypoint_05,0.0,0.0432395638957756,-0.8322438621242686,1.0638120569246137,218.54306757450104,0.0
6,waypoint_05,0.0,0.0432395638957756,-0.8322438621242686,1.0638120569246137,0.005652561867464101,0.0022671816404908895
7,waypoint_05,0.0,0.0432395638957756,-0.8322438621242686,1.0638120569246137,0.003624753389885882,0.009668968617916107
8,waypoint_05,0.0,0.0432395638957756,-0.8322438621242686,1.0638120569246137,281.020849943161,0.0
9,waypoint_05,0.0,0.0432395638957756,-0.8322438621242686,1.0638120569246137,299.1718649864197,0.0
10,waypoint_05,0.0,0.0432395638957756,-0.8322438621242686,1.0638120569246137,314.00662660598755,0.0
11,waypoint_05,0.0,0.0432395638957756,-0.8322438621242686,1.0638120569246137,328.64293456077576,0.0
12,waypoint_05,0.0,0.0432395638957756,-0.8322438621242686,1.0638120569246137,381.4637064933777,0.0
13,waypoint_05,0.0,0.0432395638957756,-0.8322438621242686,1.0638120569246137,494.26451325416565,0.0
14,waypoint_05,0.0,0.0432395638957756,-0.8322438621242686,1.0638120569246137,504.1840672492981,0.0
0,waypoint_05,15.0,0.0432395638957756,-0.8322438621242686,1.0638120569246137,239.4852638244629,0.0
1,waypoint_05,15.0,0.0432395638957756,-0.8322438621242686,1.0638120569246137,179.16767299175262,0.0
2,waypoint_05,15.0,0.0432395638957756,-0.8322438621242686,1.0638120569246137,73.96844029426575,0.0
3,waypoint_05,15.0,0.0432395638957756,-0.8322438621242686,1.0638120569246137,0.0013953089137430652,0.011894668452441692
4,waypoint_05,15.0,0.0432395638957756,-0.8322438621242686,1.0638120569246137,0.004541310772765428,0.011494678445160389
5,waypoint_05,15.0,0.0432395638957756,-0.8322438621242686,1.0638120569246137,178.49010229110718,0.0
6,waypoint_05,15.0,0.0432395638957756,-0.8322438621242686,1.0638120569246137,47.80310392379761,0.0
7,waypoint_05,15.0,0.0432395638957756,-0.8322438621242686,1.0638120569246137,0.004767523023474496,0.001092580845579505
8,waypoint_05,15.0,0.0432395638957756,-0.8322438621242686,1.0638120569246137,274.9303877353668,0.0
9,waypoint_05,15.0,0.0432395638957756,-0.8322438621242686,1.0638120569246137,293.7586009502411,0.0
10,waypoint_05,15.0,0.0432395638957756,-0.8322438621242686,1.0638120569246137,310.52592396736145,0.0
11,waypoint_05,15.0,0.0432395638957756,-0.8322438621242686,1.0638120569246137,315.0846064090729,0.0
12,waypoint_05,15.0,0.0432395638957756,-0.8322438621242686,1.0638120569246137,381.36231899261475,0.0
13,waypoint_05,15.0,0.0432395638957756,-0.8322438621242686,1.0638120569246137,489.8557662963867,0.0
14,waypoint_05,15.0,0.0432395638957756,-0.8322438621242686,1.0638120569246137,486.40498518943787,0.0
0,waypoint_05,30.0,0.0432395638957756,-0.8322438621242686,1.0638120569246137,260.95670461654663,0.0
1,waypoint_05,30.0,0.0432395638957756,-0.8322438621242686,1.0638120569246137,216.32780134677887,0.0
2,waypoint_05,30.0,0.0432395638957756,-0.8322438621242686,1.0638120569246137,117.47937649488449,0.0
3,waypoint_05,30.0,0.0432395638957756,-0.8322438621242686,1.0638120569246137,24.44278448820114,0.0
4,waypoint_05,30.0,0.0432395638957756,-0.8322438621242686,1.0638120569246137,0.0011246181657043053,0.00648408243432641
5,waypoint_05,30.0,0.0432395638957756,-0.8322438621242686,1.0638120569246137,44.142235070466995,0.0
6,waypoint_05,30.0,0.0432395638957756,-0.8322438621242686,1.0638120569246137,36.67864948511124,0.0
7,waypoint_05,30.0,0.0432395638957756,-0.8322438621242686,1.0638120569246137,105.9379056096077,0.0
8,waypoint_05,30.0,0.0432395638957756,-0.8322438621242686,1.0638120569246137,265.51780104637146,0.0
9,waypoint_05,30.0,0.0432395638957756,-0.8322438621242686,1.0638120569246137,281.5510630607605,0.0
10,waypoint_05,30.0,0.0432395638957756,-0.8322438621242686,1.0638120569246137,307.85098671913147,0.0
11,waypoint_05,30.0,0.0432395638957756,-0.8322438621242686,1.0638120569246137,287.2515618801117,0.0
12,waypoint_05,30.0,0.0432395638957756,-0.8322438621242686,1.0638120569246137,378.17150354385376,0.0
13,waypoint_05,30.0,0.0432395638957756,-0.8322438621242686,1.0638120569246137,484.4450652599335,0.0
14,waypoint_05,30.0,0.0432395638957756,-0.8322438621242686,1.0638120569246137,465.0965631008148,0.0
0,waypoint_06,30.0,0.06323956389577523,-0.8322438621242686,1.0638120569246137,242.14687943458557,0.0
1,waypoint_06,30.0,0.06323956389577523,-0.8322438621242686,1.0638120569246137,246.10288441181183,0.0
2,waypoint_06,30.0,0.06323956389577523,-0.8322438621242686,1.0638120569246137,118.39715391397476,0.0
3,waypoint_06,30.0,0.06323956389577523,-0.8322438621242686,1.0638120569246137,64.9067685008049,0.0
4,waypoint_06,30.0,0.06323956389577523,-0.8322438621242686,1.0638120569246137,0.009071858585230075,0.0055596181191504
5,waypoint_06,30.0,0.06323956389577523,-0.8322438621242686,1.0638120569246137,0.026762420020531863,0.002981092780828476
6,waypoint_06,30.0,0.06323956389577523,-0.8322438621242686,1.0638120569246137,49.432139843702316,0.0
7,waypoint_06,30.0,0.06323956389577523,-0.8322438621242686,1.0638120569246137,88.08271586894989,0.0
8,waypoint_06,30.0,0.06323956389577523,-0.8322438621242686,1.0638120569246137,269.0478265285492,0.0
9,waypoint_06,30.0,0.06323956389577523,-0.8322438621242686,1.0638120569246137,282.5259864330292,0.0
10,waypoint_06,30.0,0.06323956389577523,-0.8322438621242686,1.0638120569246137,308.94309282302856,0.0
11,waypoint_06,30.0,0.06323956389577523,-0.8322438621242686,1.0638120569246137,278.997927904129,0.0
12,waypoint_06,30.0,0.06323956389577523,-0.8322438621242686,1.0638120569246137,372.9073703289032,0.0
13,waypoint_06,30.0,0.06323956389577523,-0.8322438621242686,1.0638120569246137,473.2307493686676,0.0
14,waypoint_06,30.0,0.06323956389577523,-0.8322438621242686,1.0638120569246137,448.7125277519226,0.0
0,waypoint_06,15.0,0.06323956389577523,-0.8322438621242686,1.0638120569246137,290.3442978858948,0.0
1,waypoint_06,15.0,0.06323956389577523,-0.8322438621242686,1.0638120569246137,204.9129605293274,0.0
2,waypoint_06,15.0,0.06323956389577523,-0.8322438621242686,1.0638120569246137,80.45794069766998,0.0
3,waypoint_06,15.0,0.06323956389577523,-0.8322438621242686,1.0638120569246137,0.04868776522926055,0.008438165299594402
4,waypoint_06,15.0,0.06323956389577523,-0.8322438621242686,1.0638120569246137,0.009760066859598737,0.012254691682755947
5,waypoint_06,15.0,0.06323956389577523,-0.8322438621242686,1.0638120569246137,168.19354891777039,0.0
6,waypoint_06,15.0,0.06323956389577523,-0.8322438621242686,1.0638120569246137,194.32443380355835,0.0
7,waypoint_06,15.0,0.06323956389577523,-0.8322438621242686,1.0638120569246137,0.016370029698009603,0.0028479360044002533
8,waypoint_06,15.0,0.06323956389577523,-0.8322438621242686,1.0638120569246137,276.6588032245636,0.0
9,waypoint_06,15.0,0.06323956389577523,-0.8322438621242686,1.0638120569246137,291.59092903137207,0.0
10,waypoint_06,15.0,0.06323956389577523,-0.8322438621242686,1.0638120569246137,311.81809306144714,0.0
11,waypoint_06,15.0,0.06323956389577523,-0.8322438621242686,1.0638120569246137,299.60858821868896,0.0
12,waypoint_06,15.0,0.06323956389577523,-0.8322438621242686,1.0638120569246137,375.5740225315094,0.0
13,waypoint_06,15.0,0.06323956389577523,-0.8322438621242686,1.0638120569246137,473.0731248855591,0.0
14,waypoint_06,15.0,0.06323956389577523,-0.8322438621242686,1.0638120569246137,470.96335887908936,0.0
0,waypoint_06,0.0,0.06323956389577523,-0.8322438621242686,1.0638120569246137,235.44254899024963,0.0
1,waypoint_06,0.0,0.06323956389577523,-0.8322438621242686,1.0638120569246137,190.80081582069397,0.0
2,waypoint_06,0.0,0.06323956389577523,-0.8322438621242686,1.0638120569246137,0.050720434956019744,0.008781527169048786
3,waypoint_06,0.0,0.06323956389577523,-0.8322438621242686,1.0638120569246137,1.2746966676786542,0.009221426211297512
4,waypoint_06,0.0,0.06323956389577523,-0.8322438621242686,1.0638120569246137,0.005441026132757543,0.015839941799640656
5,waypoint_06,0.0,0.06323956389577523,-0.8322438621242686,1.0638120569246137,197.95101881027222,0.0
6,waypoint_06,0.0,0.06323956389577523,-0.8322438621242686,1.0638120569246137,253.50654125213623,0.0
7,waypoint_06,0.0,0.06323956389577523,-0.8322438621242686,1.0638120569246137,0.013873327588953543,0.008474468253552914
8,waypoint_06,0.0,0.06323956389577523,-0.8322438621242686,1.0638120569246137,282.80577063560486,0.0
9,waypoint_06,0.0,0.06323956389577523,-0.8322438621242686,1.0638120569246137,297.14512825012207,0.0
10,waypoint_06,0.0,0.06323956389577523,-0.8322438621242686,1.0638120569246137,315.26657938957214,0.0
11,waypoint_06,0.0,0.06323956389577523,-0.8322438621242686,1.0638120569246137,310.2831542491913,0.0
12,waypoint_06,0.0,0.06323956389577523,-0.8322438621242686,1.0638120569246137,375.55450201034546,0.0
13,waypoint_06,0.0,0.06323956389577523,-0.8322438621242686,1.0638120569246137,478.2341718673706,0.0
14,waypoint_06,0.0,0.06323956389577523,-0.8322438621242686,1.0638120569246137,487.1949851512909,0.0
0,waypoint_06,-15.0,0.06323956389577523,-0.8322438621242686,1.0638120569246137,273.3782231807709,0.0
1,waypoint_06,-15.0,0.06323956389577523,-0.8322438621242686,1.0638120569246137,171.23159766197205,0.0
2,waypoint_06,-15.0,0.06323956389577523,-0.8322438621242686,1.0638120569246137,47.244612127542496,0.0
3,waypoint_06,-15.0,0.06323956389577523,-0.8322438621242686,1.0638120569246137,15.187480486929417,0.0
4,waypoint_06,-15.0,0.06323956389577523,-0.8322438621242686,1.0638120569246137,0.002996875082317274,0.018187930807471275
5,waypoint_06,-15.0,0.06323956389577523,-0.8322438621242686,1.0638120569246137,224.03137385845184,0.0
6,waypoint_06,-15.0,0.06323956389577523,-0.8322438621242686,1.0638120569246137,230.36499321460724,0.0
7,waypoint_06,-15.0,0.06323956389577523,-0.8322438621242686,1.0638120569246137,0.004591975994117092,0.009992780163884163
8,waypoint_06,-15.0,0.06323956389577523,-0.8322438621242686,1.0638120569246137,291.40958189964294,0.0
9,waypoint_06,-15.0,0.06323956389577523,-0.8322438621242686,1.0638120569246137,301.73441767692566,0.0
10,waypoint_06,-15.0,0.06323956389577523,-0.8322438621242686,1.0638120569246137,315.5364692211151,0.0
11,waypoint_06,-15.0,0.06323956389577523,-0.8322438621242686,1.0638120569246137,322.3850429058075,0.0
12,waypoint_06,-15.0,0.06323956389577523,-0.8322438621242686,1.0638120569246137,371.59398198127747,0.0
13,waypoint_06,-15.0,0.06323956389577523,-0.8322438621242686,1.0638120569246137,476.2900769710541,0.0
14,waypoint_06,-15.0,0.06323956389577523,-0.8322438621242686,1.0638120569246137,515.1095390319824,0.0
0,waypoint_06,-30.0,0.06323956389577523,-0.8322438621242686,1.0638120569246137,277.8102457523346,0.0
1,waypoint_06,-30.0,0.06323956389577523,-0.8322438621242686,1.0638120569246137,0.26352255372330546,0.014153491705656052
2,waypoint_06,-30.0,0.06323956389577523,-0.8322438621242686,1.0638120569246137,66.19229167699814,0.0
3,waypoint_06,-30.0,0.06323956389577523,-0.8322438621242686,1.0638120569246137,47.282204031944275,0.0
4,waypoint_06,-30.0,0.06323956389577523,-0.8322438621242686,1.0638120569246137,0.00469630140287336,0.019619060680270195
5,waypoint_06,-30.0,0.06323956389577523,-0.8322438621242686,1.0638120569246137,243.5818761587143,0.0
6,waypoint_06,-30.0,0.06323956389577523,-0.8322438621242686,1.0638120569246137,226.09227895736694,0.0
7,waypoint_06,-30.0,0.06323956389577523,-0.8322438621242686,1.0638120569246137,0.0029614348022732884,0.010073318146169186
8,waypoint_06,-30.0,0.06323956389577523,-0.8322438621242686,1.0638120569246137,299.75324869155884,0.0
9,waypoint_06,-30.0,0.06323956389577523,-0.8322438621242686,1.0638120569246137,302.87399888038635,0.0
10,waypoint_06,-30.0,0.06323956389577523,-0.8322438621242686,1.0638120569246137,312.93606758117676,0.0
11,waypoint_06,-30.0,0.06323956389577523,-0.8322438621242686,1.0638120569246137,330.86544275283813,0.0
12,waypoint_06,-30.0,0.06323956389577523,-0.8322438621242686,1.0638120569246137,368.43806505203247,0.0
13,waypoint_06,-30.0,0.06323956389577523,-0.8322438621242686,1.0638120569246137,475.1511514186859,0.0
14,waypoint_06,-30.0,0.06323956389577523,-0.8322438621242686,1.0638120569246137,559.304416179657,0.0
0,waypoint_07,-30.0,0.08323956389577541,-0.8322438621242686,1.0638120569246137,138.26309144496918,0.0
1,waypoint_07,-30.0,0.08323956389577541,-0.8322438621242686,1.0638120569246137,0.008519920811522752,0.01090817991644144
2,waypoint_07,-30.0,0.08323956389577541,-0.8322438621242686,1.0638120569246137,64.42313641309738,0.0
3,waypoint_07,-30.0,0.08323956389577541,-0.8322438621242686,1.0638120569246137,55.5674284696579,0.0
4,waypoint_07,-30.0,0.08323956389577541,-0.8322438621242686,1.0638120569246137,0.009810714800551068,0.021341819316148758
5,waypoint_07,-30.0,0.08323956389577541,-0.8322438621242686,1.0638120569246137,238.87264728546143,0.0
6,waypoint_07,-30.0,0.08323956389577541,-0.8322438621242686,1.0638120569246137,230.19056022167206,0.0
7,waypoint_07,-30.0,0.08323956389577541,-0.8322438621242686,1.0638120569246137,0.010979405487887561,0.008008355274796486
8,waypoint_07,-30.0,0.08323956389577541,-0.8322438621242686,1.0638120569246137,303.44411730766296,0.0
9,waypoint_07,-30.0,0.08323956389577541,-0.8322438621242686,1.0638120569246137,303.01713943481445,0.0
10,waypoint_07,-30.0,0.08323956389577541,-0.8322438621242686,1.0638120569246137,314.4036829471588,0.0
11,waypoint_07,-30.0,0.08323956389577541,-0.8322438621242686,1.0638120569246137,323.0096995830536,0.0
12,waypoint_07,-30.0,0.08323956389577541,-0.8322438621242686,1.0638120569246137,361.94032430648804,0.0
13,waypoint_07,-30.0,0.08323956389577541,-0.8322438621242686,1.0638120569246137,462.9172086715698,0.0
14,waypoint_07,-30.0,0.08323956389577541,-0.8322438621242686,1.0638120569246137,546.7872619628906,0.0
0,waypoint_07,-15.0,0.08323956389577541,-0.8322438621242686,1.0638120569246137,204.1780948638916,0.0
1,waypoint_07,-15.0,0.08323956389577541,-0.8322438621242686,1.0638120569246137,228.23147475719452,0.0
2,waypoint_07,-15.0,0.08323956389577541,-0.8322438621242686,1.0638120569246137,40.14872387051582,0.0
3,waypoint_07,-15.0,0.08323956389577541,-0.8322438621242686,1.0638120569246137,41.727595031261444,0.0
4,waypoint_07,-15.0,0.08323956389577541,-0.8322438621242686,1.0638120569246137,0.0037132306260900805,0.019749058410525322
5,waypoint_07,-15.0,0.08323956389577541,-0.8322438621242686,1.0638120569246137,218.1607186794281,0.0
6,waypoint_07,-15.0,0.08323956389577541,-0.8322438621242686,1.0638120569246137,259.93773341178894,0.0
7,waypoint_07,-15.0,0.08323956389577541,-0.8322438621242686,1.0638120569246137,0.0029959951461933088,0.008132302202284336
8,waypoint_07,-15.0,0.08323956389577541,-0.8322438621242686,1.0638120569246137,298.85831475257874,0.0
9,waypoint_07,-15.0,0.08323956389577541,-0.8322438621242686,1.0638120569246137,302.4071455001831,0.0
10,waypoint_07,-15.0,0.08323956389577541,-0.8322438621242686,1.0638120569246137,315.98326563835144,0.0
11,waypoint_07,-15.0,0.08323956389577541,-0.8322438621242686,1.0638120569246137,313.48636746406555,0.0
12,waypoint_07,-15.0,0.08323956389577541,-0.8322438621242686,1.0638120569246137,367.8916394710541,0.0
13,waypoint_07,-15.0,0.08323956389577541,-0.8322438621242686,1.0638120569246137,462.9081189632416,0.0
14,waypoint_07,-15.0,0.08323956389577541,-0.8322438621242686,1.0638120569246137,540.389895439148,0.0
0,waypoint_07,0.0,0.08323956389577541,-0.8322438621242686,1.0638120569246137,290.163516998291,0.0
1,waypoint_07,0.0,0.08323956389577541,-0.8322438621242686,1.0638120569246137,197.3130702972412,0.0
2,waypoint_07,0.0,0.08323956389577541,-0.8322438621242686,1.0638120569246137,3.1442244071513414,0.0
3,waypoint_07,0.0,0.08323956389577541,-0.8322438621242686,1.0638120569246137,32.194942235946655,0.0
4,waypoint_07,0.0,0.08323956389577541,-0.8322438621242686,1.0638120569246137,0.0026394832275400404,0.01705920323729515
5,waypoint_07,0.0,0.08323956389577541,-0.8322438621242686,1.0638120569246137,191.18939340114594,0.0
6,waypoint_07,0.0,0.08323956389577541,-0.8322438621242686,1.0638120569246137,256.0833692550659,0.0
7,waypoint_07,0.0,0.08323956389577541,-0.8322438621242686,1.0638120569246137,0.0036149447169009363,0.007094008848071098
8,waypoint_07,0.0,0.08323956389577541,-0.8322438621242686,1.0638120569246137,290.6931936740875,0.0
9,waypoint_07,0.0,0.08323956389577541,-0.8322438621242686,1.0638120569246137,297.9969382286072,0.0
10,waypoint_07,0.0,0.08323956389577541,-0.8322438621242686,1.0638120569246137,317.83199310302734,0.0
11,waypoint_07,0.0,0.08323956389577541,-0.8322438621242686,1.0638120569246137,296.57989740371704,0.0
12,waypoint_07,0.0,0.08323956389577541,-0.8322438621242686,1.0638120569246137,369.81090903282166,0.0
13,waypoint_07,0.0,0.08323956389577541,-0.8322438621242686,1.0638120569246137,462.715744972229,0.0
14,waypoint_07,0.0,0.08323956389577541,-0.8322438621242686,1.0638120569246137,516.6242718696594,0.0
0,waypoint_07,15.0,0.08323956389577541,-0.8322438621242686,1.0638120569246137,210.48909425735474,0.0
1,waypoint_07,15.0,0.08323956389577541,-0.8322438621242686,1.0638120569246137,185.15145778656006,0.0
2,waypoint_07,15.0,0.08323956389577541,-0.8322438621242686,1.0638120569246137,104.64606434106827,0.0
3,waypoint_07,15.0,0.08323956389577541,-0.8322438621242686,1.0638120569246137,0.018142149201594293,0.0059479461051523685
4,waypoint_07,15.0,0.08323956389577541,-0.8322438621242686,1.0638120569246137,0.003637837153291912,0.012771687470376492
5,waypoint_07,15.0,0.08323956389577541,-0.8322438621242686,1.0638120569246137,160.66157817840576,0.0
6,waypoint_07,15.0,0.08323956389577541,-0.8322438621242686,1.0638120569246137,195.2233910560608,0.0
7,waypoint_07,15.0,0.08323956389577541,-0.8322438621242686,1.0638120569246137,0.004001461093139369,0.0029575026128441095
8,waypoint_07,15.0,0.08323956389577541,-0.8322438621242686,1.0638120569246137,284.00760889053345,0.0
9,waypoint_07,15.0,0.08323956389577541,-0.8322438621242686,1.0638120569246137,291.6814386844635,0.0
10,waypoint_07,15.0,0.08323956389577541,-0.8322438621242686,1.0638120569246137,315.4802620410919,0.0
11,waypoint_07,15.0,0.08323956389577541,-0.8322438621242686,1.0638120569246137,281.86318278312683,0.0
12,waypoint_07,15.0,0.08323956389577541,-0.8322438621242686,1.0638120569246137,373.58158826828003,0.0
13,waypoint_07,15.0,0.08323956389577541,-0.8322438621242686,1.0638120569246137,460.12917160987854,0.0
14,waypoint_07,15.0,0.08323956389577541,-0.8322438621242686,1.0638120569246137,493.8892722129822,0.0
0,waypoint_07,30.0,0.08323956389577541,-0.8322438621242686,1.0638120569246137,268.9703702926636,0.0
1,waypoint_07,30.0,0.08323956389577541,-0.8322438621242686,1.0638120569246137,257.8184902667999,0.0
2,waypoint_07,30.0,0.08323956389577541,-0.8322438621242686,1.0638120569246137,135.12933254241943,0.0
3,waypoint_07,30.0,0.08323956389577541,-0.8322438621242686,1.0638120569246137,78.63166183233261,0.0
4,waypoint_07,30.0,0.08323956389577541,-0.8322438621242686,1.0638120569246137,0.005087038971396396,0.0030747700948268175
5,waypoint_07,30.0,0.08323956389577541,-0.8322438621242686,1.0638120569246137,0.0474716471217107,0.0035402243956923485
6,waypoint_07,30.0,0.08323956389577541,-0.8322438621242686,1.0638120569246137,124.60324168205261,0.0
7,waypoint_07,30.0,0.08323956389577541,-0.8322438621242686,1.0638120569246137,75.15675574541092,0.0
8,waypoint_07,30.0,0.08323956389577541,-0.8322438621242686,1.0638120569246137,273.30055832862854,0.0
9,waypoint_07,30.0,0.08323956389577541,-0.8322438621242686,1.0638120569246137,280.49591183662415,0.0
10,waypoint_07,30.0,0.08323956389577541,-0.8322438621242686,1.0638120569246137,314.4414722919464,0.0
11,waypoint_07,30.0,0.08323956389577541,-0.8322438621242686,1.0638120569246137,260.71515679359436,0.0
12,waypoint_07,30.0,0.08323956389577541,-0.8322438621242686,1.0638120569246137,373.50067496299744,0.0
13,waypoint_07,30.0,0.08323956389577541,-0.8322438621242686,1.0638120569246137,453.81274819374084,0.0
14,waypoint_07,30.0,0.08323956389577541,-0.8322438621242686,1.0638120569246137,460.78652143478394,0.0
0,waypoint_08,30.0,0.10323956389577521,-0.8322438621242686,1.0638120569246137,309.8503053188324,0.0
1,waypoint_08,30.0,0.10323956389577521,-0.8322438621242686,1.0638120569246137,262.18634843826294,0.0
2,waypoint_08,30.0,0.10323956389577521,-0.8322438621242686,1.0638120569246137,156.30733966827393,0.0
3,waypoint_08,30.0,0.10323956389577521,-0.8322438621242686,1.0638120569246137,83.87252688407898,0.0
4,waypoint_08,30.0,0.10323956389577521,-0.8322438621242686,1.0638120569246137,0.8503267308697104,2.991209555602836e-07
5,waypoint_08,30.0,0.10323956389577521,-0.8322438621242686,1.0638120569246137,0.019571029042708687,0.004095837473869324
6,waypoint_08,30.0,0.10323956389577521,-0.8322438621242686,1.0638120569246137,89.36319500207901,0.0
7,waypoint_08,30.0,0.10323956389577521,-0.8322438621242686,1.0638120569246137,65.14601409435272,0.0
8,waypoint_08,30.0,0.10323956389577521,-0.8322438621242686,1.0638120569246137,279.272586107254,0.0
9,waypoint_08,30.0,0.10323956389577521,-0.8322438621242686,1.0638120569246137,284.6668064594269,0.0
10,waypoint_08,30.0,0.10323956389577521,-0.8322438621242686,1.0638120569246137,319.35954093933105,0.0
11,waypoint_08,30.0,0.10323956389577521,-0.8322438621242686,1.0638120569246137,258.2138478755951,0.0
12,waypoint_08,30.0,0.10323956389577521,-0.8322438621242686,1.0638120569246137,371.1819052696228,0.0
13,waypoint_08,30.0,0.10323956389577521,-0.8322438621242686,1.0638120569246137,443.4359073638916,0.0
14,waypoint_08,30.0,0.10323956389577521,-0.8322438621242686,1.0638120569246137,442.80320405960083,0.0
0,waypoint_08,15.0,0.10323956389577521,-0.8322438621242686,1.0638120569246137,273.490309715271,0.0
1,waypoint_08,15.0,0.10323956389577521,-0.8322438621242686,1.0638120569246137,234.56153273582458,0.0
2,waypoint_08,15.0,0.10323956389577521,-0.8322438621242686,1.0638120569246137,174.90166425704956,0.0
3,waypoint_08,15.0,0.10323956389577521,-0.8322438621242686,1.0638120569246137,5.528011824935675,0.0
4,waypoint_08,15.0,0.10323956389577521,-0.8322438621242686,1.0638120569246137,0.015503281247220002,0.012974165380001068
5,waypoint_08,15.0,0.10323956389577521,-0.8322438621242686,1.0638120569246137,139.96411859989166,0.0
6,waypoint_08,15.0,0.10323956389577521,-0.8322438621242686,1.0638120569246137,192.1241581439972,0.0
7,waypoint_08,15.0,0.10323956389577521,-0.8322438621242686,1.0638120569246137,0.02340184619242791,0.0024755611084401608
8,waypoint_08,15.0,0.10323956389577521,-0.8322438621242686,1.0638120569246137,291.3200855255127,0.0
9,waypoint_08,15.0,0.10323956389577521,-0.8322438621242686,1.0638120569246137,292.64694452285767,0.0
10,waypoint_08,15.0,0.10323956389577521,-0.8322438621242686,1.0638120569246137,322.48297333717346,0.0
11,waypoint_08,15.0,0.10323956389577521,-0.8322438621242686,1.0638120569246137,277.2897481918335,0.0
12,waypoint_08,15.0,0.10323956389577521,-0.8322438621242686,1.0638120569246137,371.64491415023804,0.0
13,waypoint_08,15.0,0.10323956389577521,-0.8322438621242686,1.0638120569246137,447.82423973083496,0.0
14,waypoint_08,15.0,0.10323956389577521,-0.8322438621242686,1.0638120569246137,460.85673570632935,0.0
0,waypoint_08,0.0,0.10323956389577521,-0.8322438621242686,1.0638120569246137,273.2011079788208,0.0
1,waypoint_08,0.0,0.10323956389577521,-0.8322438621242686,1.0638120569246137,165.97087681293488,0.0
2,waypoint_08,0.0,0.10323956389577521,-0.8322438621242686,1.0638120569246137,113.17206919193268,0.0
3,waypoint_08,0.0,0.10323956389577521,-0.8322438621242686,1.0638120569246137,0.017539572581881657,0.019000614061951637
4,waypoint_08,0.0,0.10323956389577521,-0.8322438621242686,1.0638120569246137,0.004334368441050174,0.01811692863702774
5,waypoint_08,0.0,0.10323956389577521,-0.8322438621242686,1.0638120569246137,161.6387665271759,0.0
6,waypoint_08,0.0,0.10323956389577521,-0.8322438621242686,1.0638120569246137,238.42544853687286,0.0
7,waypoint_08,0.0,0.10323956389577521,-0.8322438621242686,1.0638120569246137,0.010221981938229874,0.005574032664299011
8,waypoint_08,0.0,0.10323956389577521,-0.8322438621242686,1.0638120569246137,297.2828149795532,0.0
9,waypoint_08,0.0,0.10323956389577521,-0.8322438621242686,1.0638120569246137,298.76428842544556,0.0
10,waypoint_08,0.0,0.10323956389577521,-0.8322438621242686,1.0638120569246137,323.40189814567566,0.0
11,waypoint_08,0.0,0.10323956389577521,-0.8322438621242686,1.0638120569246137,289.15461897850037,0.0
12,waypoint_08,0.0,0.10323956389577521,-0.8322438621242686,1.0638120569246137,371.56692147254944,0.0
13,waypoint_08,0.0,0.10323956389577521,-0.8322438621242686,1.0638120569246137,448.6977458000183,0.0
14,waypoint_08,0.0,0.10323956389577521,-0.8322438621242686,1.0638120569246137,472.2282290458679,0.0
0,waypoint_08,-15.0,0.10323956389577521,-0.8322438621242686,1.0638120569246137,242.15373396873474,0.0
1,waypoint_08,-15.0,0.10323956389577521,-0.8322438621242686,1.0638120569246137,241.24567210674286,0.0
2,waypoint_08,-15.0,0.10323956389577521,-0.8322438621242686,1.0638120569246137,0.24608586682006717,0.012581736780703068
3,waypoint_08,-15.0,0.10323956389577521,-0.8322438621242686,1.0638120569246137,0.003846231720672222,0.02611394412815571
4,waypoint_08,-15.0,0.10323956389577521,-0.8322438621242686,1.0638120569246137,0.004866090421273839,0.02121644653379917
5,waypoint_08,-15.0,0.10323956389577521,-0.8322438621242686,1.0638120569246137,185.32408773899078,0.0
6,waypoint_08,-15.0,0.10323956389577521,-0.8322438621242686,1.0638120569246137,268.0836319923401,0.0
7,waypoint_08,-15.0,0.10323956389577521,-0.8322438621242686,1.0638120569246137,0.002124774482581415,0.00622347928583622
8,waypoint_08,-15.0,0.10323956389577521,-0.8322438621242686,1.0638120569246137,306.2133491039276,0.0
9,waypoint_08,-15.0,0.10323956389577521,-0.8322438621242686,1.0638120569246137,303.7391006946564,0.0
10,waypoint_08,-15.0,0.10323956389577521,-0.8322438621242686,1.0638120569246137,321.9431936740875,0.0
11,waypoint_08,-15.0,0.10323956389577521,-0.8322438621242686,1.0638120569246137,306.10427260398865,0.0
12,waypoint_08,-15.0,0.10323956389577521,-0.8322438621242686,1.0638120569246137,365.7067120075226,0.0
13,waypoint_08,-15.0,0.10323956389577521,-0.8322438621242686,1.0638120569246137,449.1279125213623,0.0
14,waypoint_08,-15.0,0.10323956389577521,-0.8322438621242686,1.0638120569246137,498.8563060760498,0.0
0,waypoint_08,-30.0,0.10323956389577521,-0.8322438621242686,1.0638120569246137,166.95760190486908,0.0
1,waypoint_08,-30.0,0.10323956389577521,-0.8322438621242686,1.0638120569246137,163.95102441310883,0.0
2,waypoint_08,-30.0,0.10323956389577521,-0.8322438621242686,1.0638120569246137,74.82999563217163,0.0
3,waypoint_08,-30.0,0.10323956389577521,-0.8322438621242686,1.0638120569246137,0.0031719528124085627,0.029979348182678223
4,waypoint_08,-30.0,0.10323956389577521,-0.8322438621242686,1.0638120569246137,0.0038998932723188773,0.023014606907963753
5,waypoint_08,-30.0,0.10323956389577521,-0.8322438621242686,1.0638120569246137,205.52431046962738,0.0
6,waypoint_08,-30.0,0.10323956389577521,-0.8322438621242686,1.0638120569246137,257.05471634864807,0.0
7,waypoint_08,-30.0,0.10323956389577521,-0.8322438621242686,1.0638120569246137,0.001989081738429377,0.005968169309198856
8,waypoint_08,-30.0,0.10323956389577521,-0.8322438621242686,1.0638120569246137,312.53311038017273,0.0
9,waypoint_08,-30.0,0.10323956389577521,-0.8322438621242686,1.0638120569246137,304.41898107528687,0.0
10,waypoint_08,-30.0,0.10323956389577521,-0.8322438621242686,1.0638120569246137,315.43222069740295,0.0
11,waypoint_08,-30.0,0.10323956389577521,-0.8322438621242686,1.0638120569246137,311.0114634037018,0.0
12,waypoint_08,-30.0,0.10323956389577521,-0.8322438621242686,1.0638120569246137,357.28490352630615,0.0
13,waypoint_08,-30.0,0.10323956389577521,-0.8322438621242686,1.0638120569246137,446.6191530227661,0.0
14,waypoint_08,-30.0,0.10323956389577521,-0.8322438621242686,1.0638120569246137,539.3590927124023,0.0
0,waypoint_09,-30.0,0.12323956389577545,-0.8322438621242686,1.0638120569246137,204.05690371990204,0.0
1,waypoint_09,-30.0,0.12323956389577545,-0.8322438621242686,1.0638120569246137,230.4208278656006,0.0
2,waypoint_09,-30.0,0.12323956389577545,-0.8322438621242686,1.0638120569246137,58.79518762230873,0.0
3,waypoint_09,-30.0,0.12323956389577545,-0.8322438621242686,1.0638120569246137,0.009749687706062105,0.030865250155329704
4,waypoint_09,-30.0,0.12323956389577545,-0.8322438621242686,1.0638120569246137,0.010354752703278791,0.024626273661851883
5,waypoint_09,-30.0,0.12323956389577545,-0.8322438621242686,1.0638120569246137,201.5136331319809,0.0
6,waypoint_09,-30.0,0.12323956389577545,-0.8322438621242686,1.0638120569246137,264.19728994369507,0.0
7,waypoint_09,-30.0,0.12323956389577545,-0.8322438621242686,1.0638120569246137,0.009004063031170517,0.0040041618049144745
8,waypoint_09,-30.0,0.12323956389577545,-0.8322438621242686,1.0638120569246137,319.1530108451843,0.0
9,waypoint_09,-30.0,0.12323956389577545,-0.8322438621242686,1.0638120569246137,308.2975149154663,0.0
10,waypoint_09,-30.0,0.12323956389577545,-0.8322438621242686,1.0638120569246137,318.13371181488037,0.0
11,waypoint_09,-30.0,0.12323956389577545,-0.8322438621242686,1.0638120569246137,308.65442752838135,0.0
12,waypoint_09,-30.0,0.12323956389577545,-0.8322438621242686,1.0638120569246137,346.68511152267456,0.0
13,waypoint_09,-30.0,0.12323956389577545,-0.8322438621242686,1.0638120569246137,435.3715479373932,0.0
14,waypoint_09,-30.0,0.12323956389577545,-0.8322438621242686,1.0638120569246137,530.1623344421387,0.0
0,waypoint_09,-15.0,0.12323956389577545,-0.8322438621242686,1.0638120569246137,244.3712055683136,0.0
1,waypoint_09,-15.0,0.12323956389577545,-0.8322438621242686,1.0638120569246137,270.0152397155762,0.0
2,waypoint_09,-15.0,0.12323956389577545,-0.8322438621242686,1.0638120569246137,0.08657327998662367,0.012771145440638065
3,waypoint_09,-15.0,0.12323956389577545,-0.8322438621242686,1.0638120569246137,0.0035861989999830257,0.026253394782543182
4,waypoint_09,-15.0,0.12323956389577545,-0.8322438621242686,1.0638120569246137,0.002939421619885252,0.022567985579371452
5,waypoint_09,-15.0,0.12323956389577545,-0.8322438621242686,1.0638120569246137,181.25370144844055,0.0
6,waypoint_09,-15.0,0.12323956389577545,-0.8322438621242686,1.0638120569246137,261.82103157043457,0.0
7,waypoint_09,-15.0,0.12323956389577545,-0.8322438621242686,1.0638120569246137,0.004802984221896622,0.004297683481127024
8,waypoint_09,-15.0,0.12323956389577545,-0.8322438621242686,1.0638120569246137,315.6288266181946,0.0
9,waypoint_09,-15.0,0.12323956389577545,-0.8322438621242686,1.0638120569246137,308.37905406951904,0.0
10,waypoint_09,-15.0,0.12323956389577545,-0.8322438621242686,1.0638120569246137,322.51134514808655,0.0
11,waypoint_09,-15.0,0.12323956389577545,-0.8322438621242686,1.0638120569246137,310.39535999298096,0.0
12,waypoint_09,-15.0,0.12323956389577545,-0.8322438621242686,1.0638120569246137,352.9621958732605,0.0
13,waypoint_09,-15.0,0.12323956389577545,-0.8322438621242686,1.0638120569246137,434.9256157875061,0.0
14,waypoint_09,-15.0,0.12323956389577545,-0.8322438621242686,1.0638120569246137,520.8073258399963,0.0
0,waypoint_09,0.0,0.12323956389577545,-0.8322438621242686,1.0638120569246137,234.83116924762726,0.0
1,waypoint_09,0.0,0.12323956389577545,-0.8322438621242686,1.0638120569246137,219.0493494272232,0.0
2,waypoint_09,0.0,0.12323956389577545,-0.8322438621242686,1.0638120569246137,165.75655341148376,0.0
3,waypoint_09,0.0,0.12323956389577545,-0.8322438621242686,1.0638120569246137,0.0024343225959455594,0.017460353672504425
4,waypoint_09,0.0,0.12323956389577545,-0.8322438621242686,1.0638120569246137,0.004184229055681499,0.01897301897406578
5,waypoint_09,0.0,0.12323956389577545,-0.8322438621242686,1.0638120569246137,157.77283906936646,0.0
6,waypoint_09,0.0,0.12323956389577545,-0.8322438621242686,1.0638120569246137,226.92033648490906,0.0
7,waypoint_09,0.0,0.12323956389577545,-0.8322438621242686,1.0638120569246137,0.002021511591010494,0.003955639433115721
8,waypoint_09,0.0,0.12323956389577545,-0.8322438621242686,1.0638120569246137,308.670312166214,0.0
9,waypoint_09,0.0,0.12323956389577545,-0.8322438621242686,1.0638120569246137,304.2188584804535,0.0
10,waypoint_09,0.0,0.12323956389577545,-0.8322438621242686,1.0638120569246137,324.9579668045044,0.0
11,waypoint_09,0.0,0.12323956389577545,-0.8322438621242686,1.0638120569246137,292.89761185646057,0.0
12,waypoint_09,0.0,0.12323956389577545,-0.8322438621242686,1.0638120569246137,356.77531361579895,0.0
13,waypoint_09,0.0,0.12323956389577545,-0.8322438621242686,1.0638120569246137,435.16647815704346,0.0
14,waypoint_09,0.0,0.12323956389577545,-0.8322438621242686,1.0638120569246137,496.6968894004822,0.0
0,waypoint_09,15.0,0.12323956389577545,-0.8322438621242686,1.0638120569246137,228.42535376548767,0.0
1,waypoint_09,15.0,0.12323956389577545,-0.8322438621242686,1.0638120569246137,191.08974933624268,0.0
2,waypoint_09,15.0,0.12323956389577545,-0.8322438621242686,1.0638120569246137,195.21105289459229,0.0
3,waypoint_09,15.0,0.12323956389577545,-0.8322438621242686,1.0638120569246137,28.627248480916023,0.0
4,waypoint_09,15.0,0.12323956389577545,-0.8322438621242686,1.0638120569246137,0.001228781229656306,0.01274214405566454
5,waypoint_09,15.0,0.12323956389577545,-0.8322438621242686,1.0638120569246137,134.23576951026917,0.0
6,waypoint_09,15.0,0.12323956389577545,-0.8322438621242686,1.0638120569246137,182.14207887649536,0.0
7,waypoint_09,15.0,0.12323956389577545,-0.8322438621242686,1.0638120569246137,0.008786783837422263,0.001605777652002871
8,waypoint_09,15.0,0.12323956389577545,-0.8322438621242686,1.0638120569246137,300.34583806991577,0.0
9,waypoint_09,15.0,0.12323956389577545,-0.8322438621242686,1.0638120569246137,297.3293662071228,0.0
10,waypoint_09,15.0,0.12323956389577545,-0.8322438621242686,1.0638120569246137,324.50851798057556,0.0
11,waypoint_09,15.0,0.12323956389577545,-0.8322438621242686,1.0638120569246137,279.5771360397339,0.0
12,waypoint_09,15.0,0.12323956389577545,-0.8322438621242686,1.0638120569246137,358.0729067325592,0.0
13,waypoint_09,15.0,0.12323956389577545,-0.8322438621242686,1.0638120569246137,432.63959884643555,0.0
14,waypoint_09,15.0,0.12323956389577545,-0.8322438621242686,1.0638120569246137,474.0821123123169,0.0
0,waypoint_09,30.0,0.12323956389577545,-0.8322438621242686,1.0638120569246137,297.64941334724426,0.0
1,waypoint_09,30.0,0.12323956389577545,-0.8322438621242686,1.0638120569246137,251.743346452713,0.0
2,waypoint_09,30.0,0.12323956389577545,-0.8322438621242686,1.0638120569246137,168.68576407432556,0.0
3,waypoint_09,30.0,0.12323956389577545,-0.8322438621242686,1.0638120569246137,109.29097980260849,0.0
4,waypoint_09,30.0,0.12323956389577545,-0.8322438621242686,1.0638120569246137,4.815475083887577,0.0
5,waypoint_09,30.0,0.12323956389577545,-0.8322438621242686,1.0638120569246137,0.03999254113296047,0.004642805550247431
6,waypoint_09,30.0,0.12323956389577545,-0.8322438621242686,1.0638120569246137,61.20667606592178,0.0
7,waypoint_09,30.0,0.12323956389577545,-0.8322438621242686,1.0638120569246137,50.09124055504799,0.0
8,waypoint_09,30.0,0.12323956389577545,-0.8322438621242686,1.0638120569246137,291.0861670970917,0.0
9,waypoint_09,30.0,0.12323956389577545,-0.8322438621242686,1.0638120569246137,287.6245677471161,0.0
10,waypoint_09,30.0,0.12323956389577545,-0.8322438621242686,1.0638120569246137,322.0551609992981,0.0
11,waypoint_09,30.0,0.12323956389577545,-0.8322438621242686,1.0638120569246137,256.62344694137573,0.0
12,waypoint_09,30.0,0.12323956389577545,-0.8322438621242686,1.0638120569246137,356.05573654174805,0.0
13,waypoint_09,30.0,0.12323956389577545,-0.8322438621242686,1.0638120569246137,416.09349846839905,0.0
14,waypoint_09,30.0,0.12323956389577545,-0.8322438621242686,1.0638120569246137,442.83413887023926,0.0
0,waypoint_10,30.0,0.14323956389577525,-0.8322438621242686,1.0638120569246137,330.7000994682312,0.0
1,waypoint_10,30.0,0.14323956389577525,-0.8322438621242686,1.0638120569246137,263.6452317237854,0.0
2,waypoint_10,30.0,0.14323956389577525,-0.8322438621242686,1.0638120569246137,219.03085708618164,0.0
3,waypoint_10,30.0,0.14323956389577525,-0.8322438621242686,1.0638120569246137,117.43136495351791,0.0
4,waypoint_10,30.0,0.14323956389577525,-0.8322438621242686,1.0638120569246137,24.276984855532646,0.0
5,waypoint_10,30.0,0.14323956389577525,-0.8322438621242686,1.0638120569246137,0.010468720574863255,0.005178157240152359
6,waypoint_10,30.0,0.14323956389577525,-0.8322438621242686,1.0638120569246137,44.143933802843094,0.0
7,waypoint_10,30.0,0.14323956389577525,-0.8322438621242686,1.0638120569246137,29.186248779296875,0.0
8,waypoint_10,30.0,0.14323956389577525,-0.8322438621242686,1.0638120569246137,301.3873100280762,0.0
9,waypoint_10,30.0,0.14323956389577525,-0.8322438621242686,1.0638120569246137,295.03026604652405,0.0
10,waypoint_10,30.0,0.14323956389577525,-0.8322438621242686,1.0638120569246137,327.96669006347656,0.0
11,waypoint_10,30.0,0.14323956389577525,-0.8322438621242686,1.0638120569246137,256.4793527126312,0.0
12,waypoint_10,30.0,0.14323956389577525,-0.8322438621242686,1.0638120569246137,355.2566170692444,0.0
13,waypoint_10,30.0,0.14323956389577525,-0.8322438621242686,1.0638120569246137,406.58408403396606,0.0
14,waypoint_10,30.0,0.14323956389577525,-0.8322438621242686,1.0638120569246137,412.5956594944,0.0
0,waypoint_10,15.0,0.14323956389577525,-0.8322438621242686,1.0638120569246137,266.12380146980286,0.0
1,waypoint_10,15.0,0.14323956389577525,-0.8322438621242686,1.0638120569246137,287.7865135669708,0.0
2,waypoint_10,15.0,0.14323956389577525,-0.8322438621242686,1.0638120569246137,213.97428214550018,0.0
3,waypoint_10,15.0,0.14323956389577525,-0.8322438621242686,1.0638120569246137,90.04252403974533,0.0
4,waypoint_10,15.0,0.14323956389577525,-0.8322438621242686,1.0638120569246137,0.01243396309291711,0.011891239322721958
5,waypoint_10,15.0,0.14323956389577525,-0.8322438621242686,1.0638120569246137,73.40575754642487,0.0
6,waypoint_10,15.0,0.14323956389577525,-0.8322438621242686,1.0638120569246137,181.28108978271484,0.0
7,waypoint_10,15.0,0.14323956389577525,-0.8322438621242686,1.0638120569246137,44.8698028922081,0.0
8,waypoint_10,15.0,0.14323956389577525,-0.8322438621242686,1.0638120569246137,308.7070882320404,0.0
9,waypoint_10,15.0,0.14323956389577525,-0.8322438621242686,1.0638120569246137,304.01769280433655,0.0
10,waypoint_10,15.0,0.14323956389577525,-0.8322438621242686,1.0638120569246137,330.0211429595947,0.0
11,waypoint_10,15.0,0.14323956389577525,-0.8322438621242686,1.0638120569246137,276.55166387557983,0.0
12,waypoint_10,15.0,0.14323956389577525,-0.8322438621242686,1.0638120569246137,356.94047808647156,0.0
13,waypoint_10,15.0,0.14323956389577525,-0.8322438621242686,1.0638120569246137,409.9086821079254,0.0
14,waypoint_10,15.0,0.14323956389577525,-0.8322438621242686,1.0638120569246137,424.1540729999542,0.0
0,waypoint_10,0.0,0.14323956389577525,-0.8322438621242686,1.0638120569246137,250.43591856956482,0.0
1,waypoint_10,0.0,0.14323956389577525,-0.8322438621242686,1.0638120569246137,225.9197235107422,0.0
2,waypoint_10,0.0,0.14323956389577525,-0.8322438621242686,1.0638120569246137,167.58285462856293,0.0
3,waypoint_10,0.0,0.14323956389577525,-0.8322438621242686,1.0638120569246137,0.12382534623611718,0.0107361925765872
4,waypoint_10,0.0,0.14323956389577525,-0.8322438621242686,1.0638120569246137,0.004948621608491521,0.019576173275709152
5,waypoint_10,0.0,0.14323956389577525,-0.8322438621242686,1.0638120569246137,114.1049861907959,0.0
6,waypoint_10,0.0,0.14323956389577525,-0.8322438621242686,1.0638120569246137,215.77009558677673,0.0
7,waypoint_10,0.0,0.14323956389577525,-0.8322438621242686,1.0638120569246137,0.019115726900054142,0.0022666442673653364
8,waypoint_10,0.0,0.14323956389577525,-0.8322438621242686,1.0638120569246137,316.596657037735,0.0
9,waypoint_10,0.0,0.14323956389577525,-0.8322438621242686,1.0638120569246137,310.0231885910034,0.0
10,waypoint_10,0.0,0.14323956389577525,-0.8322438621242686,1.0638120569246137,331.26792311668396,0.0
11,waypoint_10,0.0,0.14323956389577525,-0.8322438621242686,1.0638120569246137,299.97527599334717,0.0
12,waypoint_10,0.0,0.14323956389577525,-0.8322438621242686,1.0638120569246137,356.8526804447174,0.0
13,waypoint_10,0.0,0.14323956389577525,-0.8322438621242686,1.0638120569246137,411.6615056991577,0.0
14,waypoint_10,0.0,0.14323956389577525,-0.8322438621242686,1.0638120569246137,441.7615234851837,0.0
0,waypoint_10,-15.0,0.14323956389577525,-0.8322438621242686,1.0638120569246137,277.7160108089447,0.0
1,waypoint_10,-15.0,0.14323956389577525,-0.8322438621242686,1.0638120569246137,191.02619588375092,0.0
2,waypoint_10,-15.0,0.14323956389577525,-0.8322438621242686,1.0638120569246137,161.9834452867508,0.0
3,waypoint_10,-15.0,0.14323956389577525,-0.8322438621242686,1.0638120569246137,36.05974838137627,0.0
4,waypoint_10,-15.0,0.14323956389577525,-0.8322438621242686,1.0638120569246137,0.0032428433769382536,0.02377559430897236
5,waypoint_10,-15.0,0.14323956389577525,-0.8322438621242686,1.0638120569246137,114.54811692237854,0.0
6,waypoint_10,-15.0,0.14323956389577525,-0.8322438621242686,1.0638120569246137,243.35557222366333,0.0
7,waypoint_10,-15.0,0.14323956389577525,-0.8322438621242686,1.0638120569246137,0.011324656952638179,0.0024123170878738165
8,waypoint_10,-15.0,0.14323956389577525,-0.8322438621242686,1.0638120569246137,325.27899742126465,0.0
9,waypoint_10,-15.0,0.14323956389577525,-0.8322438621242686,1.0638120569246137,312.66796588897705,0.0
10,waypoint_10,-15.0,0.14323956389577525,-0.8322438621242686,1.0638120569246137,329.56111431121826,0.0
11,waypoint_10,-15.0,0.14323956389577525,-0.8322438621242686,1.0638120569246137,321.13727927207947,0.0
12,waypoint_10,-15.0,0.14323956389577525,-0.8322438621242686,1.0638120569246137,352.46604681015015,0.0
13,waypoint_10,-15.0,0.14323956389577525,-0.8322438621242686,1.0638120569246137,410.9867513179779,0.0
14,waypoint_10,-15.0,0.14323956389577525,-0.8322438621242686,1.0638120569246137,464.5845592021942,0.0
0,waypoint_10,-30.0,0.14323956389577525,-0.8322438621242686,1.0638120569246137,164.61576521396637,0.0
1,waypoint_10,-30.0,0.14323956389577525,-0.8322438621242686,1.0638120569246137,134.95202362537384,0.0
2,waypoint_10,-30.0,0.14323956389577525,-0.8322438621242686,1.0638120569246137,40.916088968515396,0.0
3,waypoint_10,-30.0,0.14323956389577525,-0.8322438621242686,1.0638120569246137,58.94998833537102,0.0
4,waypoint_10,-30.0,0.14323956389577525,-0.8322438621242686,1.0638120569246137,0.005416156909632264,0.026155322790145874
5,waypoint_10,-30.0,0.14323956389577525,-0.8322438621242686,1.0638120569246137,100.1347005367279,0.0
6,waypoint_10,-30.0,0.14323956389577525,-0.8322438621242686,1.0638120569246137,261.86344027519226,0.0
7,waypoint_10,-30.0,0.14323956389577525,-0.8322438621242686,1.0638120569246137,0.0051138563321728725,0.0023078848607838154
8,waypoint_10,-30.0,0.14323956389577525,-0.8322438621242686,1.0638120569246137,330.072283744812,0.0
9,waypoint_10,-30.0,0.14323956389577525,-0.8322438621242686,1.0638120569246137,312.40570545196533,0.0
10,waypoint_10,-30.0,0.14323956389577525,-0.8322438621242686,1.0638120569246137,326.9081115722656,0.0
11,waypoint_10,-30.0,0.14323956389577525,-0.8322438621242686,1.0638120569246137,336.8864953517914,0.0
12,waypoint_10,-30.0,0.14323956389577525,-0.8322438621242686,1.0638120569246137,347.1870422363281,0.0
13,waypoint_10,-30.0,0.14323956389577525,-0.8322438621242686,1.0638120569246137,409.0561270713806,0.0
14,waypoint_10,-30.0,0.14323956389577525,-0.8322438621242686,1.0638120569246137,483.2267761230469,0.0
0,waypoint_11,-30.0,-0.03676043610422386,-0.8068737827527108,1.0638120569246137,0.02304288136656396,0.02912517823278904
1,waypoint_11,-30.0,-0.03676043610422386,-0.8068737827527108,1.0638120569246137,214.86476063728333,0.0
2,waypoint_11,-30.0,-0.03676043610422386,-0.8068737827527108,1.0638120569246137,322.2203850746155,0.0
3,waypoint_11,-30.0,-0.03676043610422386,-0.8068737827527108,1.0638120569246137,351.82517766952515,0.0
4,waypoint_11,-30.0,-0.03676043610422386,-0.8068737827527108,1.0638120569246137,0.008870484634826425,0.010709317401051521
5,waypoint_11,-30.0,-0.03676043610422386,-0.8068737827527108,1.0638120569246137,230.08060455322266,0.0
6,waypoint_11,-30.0,-0.03676043610422386,-0.8068737827527108,1.0638120569246137,237.948939204216,0.0
7,waypoint_11,-30.0,-0.03676043610422386,-0.8068737827527108,1.0638120569246137,0.007668882062716875,0.020199695602059364
8,waypoint_11,-30.0,-0.03676043610422386,-0.8068737827527108,1.0638120569246137,307.67732858657837,0.0
9,waypoint_11,-30.0,-0.03676043610422386,-0.8068737827527108,1.0638120569246137,314.75675106048584,0.0
10,waypoint_11,-30.0,-0.03676043610422386,-0.8068737827527108,1.0638120569246137,326.7396092414856,0.0
11,waypoint_11,-30.0,-0.03676043610422386,-0.8068737827527108,1.0638120569246137,435.46876311302185,0.0
12,waypoint_11,-30.0,-0.03676043610422386,-0.8068737827527108,1.0638120569246137,403.5293459892273,0.0
13,waypoint_11,-30.0,-0.03676043610422386,-0.8068737827527108,1.0638120569246137,523.0813026428223,0.0
14,waypoint_11,-30.0,-0.03676043610422386,-0.8068737827527108,1.0638120569246137,651.2976884841919,0.0
0,waypoint_11,-15.0,-0.03676043610422386,-0.8068737827527108,1.0638120569246137,0.003910355644620722,0.010828504338860512
1,waypoint_11,-15.0,-0.03676043610422386,-0.8068737827527108,1.0638120569246137,67.42803007364273,0.0
2,waypoint_11,-15.0,-0.03676043610422386,-0.8068737827527108,1.0638120569246137,247.146874666214,0.0
3,waypoint_11,-15.0,-0.03676043610422386,-0.8068737827527108,1.0638120569246137,314.3330514431,0.0
4,waypoint_11,-15.0,-0.03676043610422386,-0.8068737827527108,1.0638120569246137,0.00430517229688121,0.009904532693326473
5,waypoint_11,-15.0,-0.03676043610422386,-0.8068737827527108,1.0638120569246137,216.03158116340637,0.0
6,waypoint_11,-15.0,-0.03676043610422386,-0.8068737827527108,1.0638120569246137,228.92743349075317,0.0
7,waypoint_11,-15.0,-0.03676043610422386,-0.8068737827527108,1.0638120569246137,0.0038379384932341054,0.018698640167713165
8,waypoint_11,-15.0,-0.03676043610422386,-0.8068737827527108,1.0638120569246137,296.29144072532654,0.0
9,waypoint_11,-15.0,-0.03676043610422386,-0.8068737827527108,1.0638120569246137,306.1143457889557,0.0
10,waypoint_11,-15.0,-0.03676043610422386,-0.8068737827527108,1.0638120569246137,324.60886240005493,0.0
11,waypoint_11,-15.0,-0.03676043610422386,-0.8068737827527108,1.0638120569246137,417.29357838630676,0.0
12,waypoint_11,-15.0,-0.03676043610422386,-0.8068737827527108,1.0638120569246137,406.5822958946228,0.0
13,waypoint_11,-15.0,-0.03676043610422386,-0.8068737827527108,1.0638120569246137,519.849956035614,0.0
14,waypoint_11,-15.0,-0.03676043610422386,-0.8068737827527108,1.0638120569246137,643.8229084014893,0.0
0,waypoint_11,0.0,-0.03676043610422386,-0.8068737827527108,1.0638120569246137,175.73517560958862,0.0
1,waypoint_11,0.0,-0.03676043610422386,-0.8068737827527108,1.0638120569246137,37.370435893535614,0.0
2,waypoint_11,0.0,-0.03676043610422386,-0.8068737827527108,1.0638120569246137,49.15284737944603,0.0
3,waypoint_11,0.0,-0.03676043610422386,-0.8068737827527108,1.0638120569246137,210.14155447483063,0.0
4,waypoint_11,0.0,-0.03676043610422386,-0.8068737827527108,1.0638120569246137,0.004199484465061687,0.008929438889026642
5,waypoint_11,0.0,-0.03676043610422386,-0.8068737827527108,1.0638120569246137,206.3647210597992,0.0
6,waypoint_11,0.0,-0.03676043610422386,-0.8068737827527108,1.0638120569246137,73.25001806020737,0.0
7,waypoint_11,0.0,-0.03676043610422386,-0.8068737827527108,1.0638120569246137,0.004629480827134103,0.014401419088244438
8,waypoint_11,0.0,-0.03676043610422386,-0.8068737827527108,1.0638120569246137,280.56395053863525,0.0
9,waypoint_11,0.0,-0.03676043610422386,-0.8068737827527108,1.0638120569246137,290.96660017967224,0.0
10,waypoint_11,0.0,-0.03676043610422386,-0.8068737827527108,1.0638120569246137,319.0707862377167,0.0
11,waypoint_11,0.0,-0.03676043610422386,-0.8068737827527108,1.0638120569246137,386.8562579154968,0.0
12,waypoint_11,0.0,-0.03676043610422386,-0.8068737827527108,1.0638120569246137,403.5147428512573,0.0
13,waypoint_11,0.0,-0.03676043610422386,-0.8068737827527108,1.0638120569246137,509.60391759872437,0.0
14,waypoint_11,0.0,-0.03676043610422386,-0.8068737827527108,1.0638120569246137,621.1061477661133,0.0
0,waypoint_11,15.0,-0.03676043610422386,-0.8068737827527108,1.0638120569246137,171.09693586826324,0.0
1,waypoint_11,15.0,-0.03676043610422386,-0.8068737827527108,1.0638120569246137,5.695580504834652,0.0
2,waypoint_11,15.0,-0.03676043610422386,-0.8068737827527108,1.0638120569246137,32.02439099550247,0.0
3,waypoint_11,15.0,-0.03676043610422386,-0.8068737827527108,1.0638120569246137,81.21246099472046,0.0
4,waypoint_11,15.0,-0.03676043610422386,-0.8068737827527108,1.0638120569246137,0.002314625817234628,0.008008559234440327
5,waypoint_11,15.0,-0.03676043610422386,-0.8068737827527108,1.0638120569246137,201.491117477417,0.0
6,waypoint_11,15.0,-0.03676043610422386,-0.8068737827527108,1.0638120569246137,74.6784433722496,0.0
7,waypoint_11,15.0,-0.03676043610422386,-0.8068737827527108,1.0638120569246137,0.5008265725336969,1.1604394103414961e-06
8,waypoint_11,15.0,-0.03676043610422386,-0.8068737827527108,1.0638120569246137,271.2791860103607,0.0
9,waypoint_11,15.0,-0.03676043610422386,-0.8068737827527108,1.0638120569246137,278.0325412750244,0.0
10,waypoint_11,15.0,-0.03676043610422386,-0.8068737827527108,1.0638120569246137,311.6370141506195,0.0
11,waypoint_11,15.0,-0.03676043610422386,-0.8068737827527108,1.0638120569246137,365.97761511802673,0.0
12,waypoint_11,15.0,-0.03676043610422386,-0.8068737827527108,1.0638120569246137,397.5089192390442,0.0
13,waypoint_11,15.0,-0.03676043610422386,-0.8068737827527108,1.0638120569246137,503.06886434555054,0.0
14,waypoint_11,15.0,-0.03676043610422386,-0.8068737827527108,1.0638120569246137,598.3132123947144,0.0
0,waypoint_11,30.0,-0.03676043610422386,-0.8068737827527108,1.0638120569246137,276.151180267334,0.0
1,waypoint_11,30.0,-0.03676043610422386,-0.8068737827527108,1.0638120569246137,133.77287983894348,0.0
2,waypoint_11,30.0,-0.03676043610422386,-0.8068737827527108,1.0638120569246137,0.22049043036531657,7.730799893579388e-07
3,waypoint_11,30.0,-0.03676043610422386,-0.8068737827527108,1.0638120569246137,0.11939796968363225,0.005981968715786934
4,waypoint_11,30.0,-0.03676043610422386,-0.8068737827527108,1.0638120569246137,0.002165544174204115,0.007238279562443495
5,waypoint_11,30.0,-0.03676043610422386,-0.8068737827527108,1.0638120569246137,117.1409860253334,0.0
6,waypoint_11,30.0,-0.03676043610422386,-0.8068737827527108,1.0638120569246137,76.11622661352158,0.0
7,waypoint_11,30.0,-0.03676043610422386,-0.8068737827527108,1.0638120569246137,128.85130941867828,0.0
8,waypoint_11,30.0,-0.03676043610422386,-0.8068737827527108,1.0638120569246137,254.57704067230225,0.0
9,waypoint_11,30.0,-0.03676043610422386,-0.8068737827527108,1.0638120569246137,256.7683756351471,0.0
10,waypoint_11,30.0,-0.03676043610422386,-0.8068737827527108,1.0638120569246137,305.00978231430054,0.0
11,waypoint_11,30.0,-0.03676043610422386,-0.8068737827527108,1.0638120569246137,351.1681258678436,0.0
12,waypoint_11,30.0,-0.03676043610422386,-0.8068737827527108,1.0638120569246137,392.5305902957916,0.0
13,waypoint_11,30.0,-0.03676043610422386,-0.8068737827527108,1.0638120569246137,470.9097146987915,0.0
14,waypoint_11,30.0,-0.03676043610422386,-0.8068737827527108,1.0638120569246137,582.0116400718689,0.0
0,waypoint_12,30.0,-0.016760436104224286,-0.8068737827527108,1.0638120569246137,276.72964334487915,0.0
1,waypoint_12,30.0,-0.016760436104224286,-0.8068737827527108,1.0638120569246137,163.78504037857056,0.0
2,waypoint_12,30.0,-0.016760436104224286,-0.8068737827527108,1.0638120569246137,7.3739574290812016,0.0
3,waypoint_12,30.0,-0.016760436104224286,-0.8068737827527108,1.0638120569246137,0.09327896259492263,0.006512782536447048
4,waypoint_12,30.0,-0.016760436104224286,-0.8068737827527108,1.0638120569246137,0.00822392939880956,0.008286755532026291
5,waypoint_12,30.0,-0.016760436104224286,-0.8068737827527108,1.0638120569246137,121.08927965164185,0.0
6,waypoint_12,30.0,-0.016760436104224286,-0.8068737827527108,1.0638120569246137,77.91794836521149,0.0
7,waypoint_12,30.0,-0.016760436104224286,-0.8068737827527108,1.0638120569246137,104.08589988946915,0.0
8,waypoint_12,30.0,-0.016760436104224286,-0.8068737827527108,1.0638120569246137,254.60267066955566,0.0
9,waypoint_12,30.0,-0.016760436104224286,-0.8068737827527108,1.0638120569246137,254.0060579776764,0.0
10,waypoint_12,30.0,-0.016760436104224286,-0.8068737827527108,1.0638120569246137,302.21009254455566,0.0
11,waypoint_12,30.0,-0.016760436104224286,-0.8068737827527108,1.0638120569246137,340.6755030155182,0.0
12,waypoint_12,30.0,-0.016760436104224286,-0.8068737827527108,1.0638120569246137,384.1642737388611,0.0
13,waypoint_12,30.0,-0.016760436104224286,-0.8068737827527108,1.0638120569246137,456.4047157764435,0.0
14,waypoint_12,30.0,-0.016760436104224286,-0.8068737827527108,1.0638120569246137,563.0385875701904,0.0
0,waypoint_12,15.0,-0.016760436104224286,-0.8068737827527108,1.0638120569246137,221.71534597873688,0.0
1,waypoint_12,15.0,-0.016760436104224286,-0.8068737827527108,1.0638120569246137,102.13342308998108,0.0
2,waypoint_12,15.0,-0.016760436104224286,-0.8068737827527108,1.0638120569246137,0.39485818706452847,0.009335772134363651
3,waypoint_12,15.0,-0.016760436104224286,-0.8068737827527108,1.0638120569246137,69.60315257310867,0.0
4,waypoint_12,15.0,-0.016760436104224286,-0.8068737827527108,1.0638120569246137,0.004107534095965093,0.009524449706077576
5,waypoint_12,15.0,-0.016760436104224286,-0.8068737827527108,1.0638120569246137,158.20184350013733,0.0
6,waypoint_12,15.0,-0.016760436104224286,-0.8068737827527108,1.0638120569246137,76.53342932462692,0.0
7,waypoint_12,15.0,-0.016760436104224286,-0.8068737827527108,1.0638120569246137,19.318753853440285,0.0
8,waypoint_12,15.0,-0.016760436104224286,-0.8068737827527108,1.0638120569246137,268.15512776374817,0.0
9,waypoint_12,15.0,-0.016760436104224286,-0.8068737827527108,1.0638120569246137,275.7672667503357,0.0
10,waypoint_12,15.0,-0.016760436104224286,-0.8068737827527108,1.0638120569246137,307.43294954299927,0.0
11,waypoint_12,15.0,-0.016760436104224286,-0.8068737827527108,1.0638120569246137,368.3323562145233,0.0
12,waypoint_12,15.0,-0.016760436104224286,-0.8068737827527108,1.0638120569246137,388.53687047958374,0.0
13,waypoint_12,15.0,-0.016760436104224286,-0.8068737827527108,1.0638120569246137,458.7598443031311,0.0
14,waypoint_12,15.0,-0.016760436104224286,-0.8068737827527108,1.0638120569246137,579.2818069458008,0.0
0,waypoint_12,0.0,-0.016760436104224286,-0.8068737827527108,1.0638120569246137,247.56868183612823,0.0
1,waypoint_12,0.0,-0.016760436104224286,-0.8068737827527108,1.0638120569246137,0.1718686253298074,0.011876643635332584
2,waypoint_12,0.0,-0.016760436104224286,-0.8068737827527108,1.0638120569246137,8.367739617824554,0.0
3,waypoint_12,0.0,-0.016760436104224286,-0.8068737827527108,1.0638120569246137,64.46177512407303,0.0
4,waypoint_12,0.0,-0.016760436104224286,-0.8068737827527108,1.0638120569246137,0.0028140716494817752,0.010706877335906029
5,waypoint_12,0.0,-0.016760436104224286,-0.8068737827527108,1.0638120569246137,251.09755992889404,0.0
6,waypoint_12,0.0,-0.016760436104224286,-0.8068737827527108,1.0638120569246137,75.21390169858932,0.0
7,waypoint_12,0.0,-0.016760436104224286,-0.8068737827527108,1.0638120569246137,256.21888041496277,0.0
8,waypoint_12,0.0,-0.016760436104224286,-0.8068737827527108,1.0638120569246137,279.8284590244293,0.0
9,waypoint_12,0.0,-0.016760436104224286,-0.8068737827527108,1.0638120569246137,286.53621673583984,0.0
10,waypoint_12,0.0,-0.016760436104224286,-0.8068737827527108,1.0638120569246137,312.97555565834045,0.0
11,waypoint_12,0.0,-0.016760436104224286,-0.8068737827527108,1.0638120569246137,388.6651396751404,0.0
12,waypoint_12,0.0,-0.016760436104224286,-0.8068737827527108,1.0638120569246137,392.66476035118103,0.0
13,waypoint_12,0.0,-0.016760436104224286,-0.8068737827527108,1.0638120569246137,476.00266337394714,0.0
14,waypoint_12,0.0,-0.016760436104224286,-0.8068737827527108,1.0638120569246137,596.5657234191895,0.0
0,waypoint_12,-15.0,-0.016760436104224286,-0.8068737827527108,1.0638120569246137,266.413152217865,0.0
1,waypoint_12,-15.0,-0.016760436104224286,-0.8068737827527108,1.0638120569246137,66.21788442134857,0.0
2,waypoint_12,-15.0,-0.016760436104224286,-0.8068737827527108,1.0638120569246137,16.841059550642967,0.0
3,waypoint_12,-15.0,-0.016760436104224286,-0.8068737827527108,1.0638120569246137,74.65291023254395,0.0
4,waypoint_12,-15.0,-0.016760436104224286,-0.8068737827527108,1.0638120569246137,0.004199907380098011,0.011773764155805111
5,waypoint_12,-15.0,-0.016760436104224286,-0.8068737827527108,1.0638120569246137,268.5757875442505,0.0
6,waypoint_12,-15.0,-0.016760436104224286,-0.8068737827527108,1.0638120569246137,73.4497383236885,0.0
7,waypoint_12,-15.0,-0.016760436104224286,-0.8068737827527108,1.0638120569246137,264.8564279079437,0.0
8,waypoint_12,-15.0,-0.016760436104224286,-0.8068737827527108,1.0638120569246137,295.5390214920044,0.0
9,waypoint_12,-15.0,-0.016760436104224286,-0.8068737827527108,1.0638120569246137,300.44448375701904,0.0
10,waypoint_12,-15.0,-0.016760436104224286,-0.8068737827527108,1.0638120569246137,316.1213994026184,0.0
11,waypoint_12,-15.0,-0.016760436104224286,-0.8068737827527108,1.0638120569246137,478.2591462135315,0.0
12,waypoint_12,-15.0,-0.016760436104224286,-0.8068737827527108,1.0638120569246137,391.1452889442444,0.0
13,waypoint_12,-15.0,-0.016760436104224286,-0.8068737827527108,1.0638120569246137,498.5369145870209,0.0
14,waypoint_12,-15.0,-0.016760436104224286,-0.8068737827527108,1.0638120569246137,626.4916062355042,0.0
0,waypoint_12,-30.0,-0.016760436104224286,-0.8068737827527108,1.0638120569246137,36.320701241493225,0.0
1,waypoint_12,-30.0,-0.016760436104224286,-0.8068737827527108,1.0638120569246137,110.69945245981216,0.0
2,waypoint_12,-30.0,-0.016760436104224286,-0.8068737827527108,1.0638120569246137,111.79282516241074,0.0
3,waypoint_12,-30.0,-0.016760436104224286,-0.8068737827527108,1.0638120569246137,97.04305231571198,0.0
4,waypoint_12,-30.0,-0.016760436104224286,-0.8068737827527108,1.0638120569246137,0.005036504262534436,0.012554815039038658
5,waypoint_12,-30.0,-0.016760436104224286,-0.8068737827527108,1.0638120569246137,262.81243562698364,0.0
6,waypoint_12,-30.0,-0.016760436104224286,-0.8068737827527108,1.0638120569246137,72.09949940443039,0.0
7,waypoint_12,-30.0,-0.016760436104224286,-0.8068737827527108,1.0638120569246137,271.2238132953644,0.0
8,waypoint_12,-30.0,-0.016760436104224286,-0.8068737827527108,1.0638120569246137,311.38983368873596,0.0
9,waypoint_12,-30.0,-0.016760436104224286,-0.8068737827527108,1.0638120569246137,306.2632977962494,0.0
10,waypoint_12,-30.0,-0.016760436104224286,-0.8068737827527108,1.0638120569246137,316.9071078300476,0.0
11,waypoint_12,-30.0,-0.016760436104224286,-0.8068737827527108,1.0638120569246137,487.9120886325836,0.0
12,waypoint_12,-30.0,-0.016760436104224286,-0.8068737827527108,1.0638120569246137,389.9810016155243,0.0
13,waypoint_12,-30.0,-0.016760436104224286,-0.8068737827527108,1.0638120569246137,499.0038871765137,0.0
14,waypoint_12,-30.0,-0.016760436104224286,-0.8068737827527108,1.0638120569246137,642.3448920249939,0.0
0,waypoint_13,-30.0,0.00323956389577551,-0.8068737827527108,1.0638120569246137,0.02331417999812402,0.014891606755554676
1,waypoint_13,-30.0,0.00323956389577551,-0.8068737827527108,1.0638120569246137,99.47944432497025,0.0
2,waypoint_13,-30.0,0.00323956389577551,-0.8068737827527108,1.0638120569246137,109.89147424697876,0.0
3,waypoint_13,-30.0,0.00323956389577551,-0.8068737827527108,1.0638120569246137,94.95411068201065,0.0
4,waypoint_13,-30.0,0.00323956389577551,-0.8068737827527108,1.0638120569246137,0.011409892067604233,0.01438653003424406
5,waypoint_13,-30.0,0.00323956389577551,-0.8068737827527108,1.0638120569246137,265.35966992378235,0.0
6,waypoint_13,-30.0,0.00323956389577551,-0.8068737827527108,1.0638120569246137,79.536072909832,0.0
7,waypoint_13,-30.0,0.00323956389577551,-0.8068737827527108,1.0638120569246137,272.83909916877747,0.0
8,waypoint_13,-30.0,0.00323956389577551,-0.8068737827527108,1.0638120569246137,311.7002248764038,0.0
9,waypoint_13,-30.0,0.00323956389577551,-0.8068737827527108,1.0638120569246137,301.89043283462524,0.0
10,waypoint_13,-30.0,0.00323956389577551,-0.8068737827527108,1.0638120569246137,313.2374882698059,0.0
11,waypoint_13,-30.0,0.00323956389577551,-0.8068737827527108,1.0638120569246137,475.73238611221313,0.0
12,waypoint_13,-30.0,0.00323956389577551,-0.8068737827527108,1.0638120569246137,379.94176149368286,0.0
13,waypoint_13,-30.0,0.00323956389577551,-0.8068737827527108,1.0638120569246137,483.88922214508057,0.0
14,waypoint_13,-30.0,0.00323956389577551,-0.8068737827527108,1.0638120569246137,625.5671977996826,0.0
0,waypoint_13,-15.0,0.00323956389577551,-0.8068737827527108,1.0638120569246137,198.00040125846863,0.0
1,waypoint_13,-15.0,0.00323956389577551,-0.8068737827527108,1.0638120569246137,59.51204523444176,0.0
2,waypoint_13,-15.0,0.00323956389577551,-0.8068737827527108,1.0638120569246137,80.11029660701752,0.0
3,waypoint_13,-15.0,0.00323956389577551,-0.8068737827527108,1.0638120569246137,74.51588660478592,0.0
4,waypoint_13,-15.0,0.00323956389577551,-0.8068737827527108,1.0638120569246137,0.005904170393478125,0.01361237931996584
5,waypoint_13,-15.0,0.00323956389577551,-0.8068737827527108,1.0638120569246137,283.2017242908478,0.0
6,waypoint_13,-15.0,0.00323956389577551,-0.8068737827527108,1.0638120569246137,80.71541786193848,0.0
7,waypoint_13,-15.0,0.00323956389577551,-0.8068737827527108,1.0638120569246137,267.18270778656006,0.0
8,waypoint_13,-15.0,0.00323956389577551,-0.8068737827527108,1.0638120569246137,301.2549579143524,0.0
9,waypoint_13,-15.0,0.00323956389577551,-0.8068737827527108,1.0638120569246137,298.1291711330414,0.0
10,waypoint_13,-15.0,0.00323956389577551,-0.8068737827527108,1.0638120569246137,312.16853857040405,0.0
11,waypoint_13,-15.0,0.00323956389577551,-0.8068737827527108,1.0638120569246137,260.4334056377411,0.0
12,waypoint_13,-15.0,0.00323956389577551,-0.8068737827527108,1.0638120569246137,380.4546296596527,0.0
13,waypoint_13,-15.0,0.00323956389577551,-0.8068737827527108,1.0638120569246137,482.4110269546509,0.0
14,waypoint_13,-15.0,0.00323956389577551,-0.8068737827527108,1.0638120569246137,617.6667809486389,0.0
0,waypoint_13,0.0,0.00323956389577551,-0.8068737827527108,1.0638120569246137,181.52275681495667,0.0
1,waypoint_13,0.0,0.00323956389577551,-0.8068737827527108,1.0638120569246137,0.024419070541625842,0.010496407747268677
2,waypoint_13,0.0,0.00323956389577551,-0.8068737827527108,1.0638120569246137,48.25123026967049,0.0
3,waypoint_13,0.0,0.00323956389577551,-0.8068737827527108,1.0638120569246137,67.39874929189682,0.0
4,waypoint_13,0.0,0.00323956389577551,-0.8068737827527108,1.0638120569246137,0.0032625036965328036,0.012438428588211536
5,waypoint_13,0.0,0.00323956389577551,-0.8068737827527108,1.0638120569246137,222.7133810520172,0.0
6,waypoint_13,0.0,0.00323956389577551,-0.8068737827527108,1.0638120569246137,81.88820630311966,0.0
7,waypoint_13,0.0,0.00323956389577551,-0.8068737827527108,1.0638120569246137,257.43651390075684,0.0
8,waypoint_13,0.0,0.00323956389577551,-0.8068737827527108,1.0638120569246137,287.97563910484314,0.0
9,waypoint_13,0.0,0.00323956389577551,-0.8068737827527108,1.0638120569246137,285.14745831489563,0.0
10,waypoint_13,0.0,0.00323956389577551,-0.8068737827527108,1.0638120569246137,309.01673436164856,0.0
11,waypoint_13,0.0,0.00323956389577551,-0.8068737827527108,1.0638120569246137,409.141480922699,0.0
12,waypoint_13,0.0,0.00323956389577551,-0.8068737827527108,1.0638120569246137,379.52542304992676,0.0
13,waypoint_13,0.0,0.00323956389577551,-0.8068737827527108,1.0638120569246137,477.70458459854126,0.0
14,waypoint_13,0.0,0.00323956389577551,-0.8068737827527108,1.0638120569246137,594.4658517837524,0.0
0,waypoint_13,15.0,0.00323956389577551,-0.8068737827527108,1.0638120569246137,207.48350024223328,0.0
1,waypoint_13,15.0,0.00323956389577551,-0.8068737827527108,1.0638120569246137,129.9416720867157,0.0
2,waypoint_13,15.0,0.00323956389577551,-0.8068737827527108,1.0638120569246137,0.1701027649687603,0.00972957257181406
3,waypoint_13,15.0,0.00323956389577551,-0.8068737827527108,1.0638120569246137,2.7087139897048473,0.0
4,waypoint_13,15.0,0.00323956389577551,-0.8068737827527108,1.0638120569246137,0.0030994415283203125,0.01097993552684784
5,waypoint_13,15.0,0.00323956389577551,-0.8068737827527108,1.0638120569246137,187.4530464410782,0.0
6,waypoint_13,15.0,0.00323956389577551,-0.8068737827527108,1.0638120569246137,83.04513990879059,0.0
7,waypoint_13,15.0,0.00323956389577551,-0.8068737827527108,1.0638120569246137,238.78830671310425,0.0
8,waypoint_13,15.0,0.00323956389577551,-0.8068737827527108,1.0638120569246137,275.28905868530273,0.0
9,waypoint_13,15.0,0.00323956389577551,-0.8068737827527108,1.0638120569246137,273.4187841415405,0.0
10,waypoint_13,15.0,0.00323956389577551,-0.8068737827527108,1.0638120569246137,301.058828830719,0.0
11,waypoint_13,15.0,0.00323956389577551,-0.8068737827527108,1.0638120569246137,408.8912904262543,0.0
12,waypoint_13,15.0,0.00323956389577551,-0.8068737827527108,1.0638120569246137,375.57750940322876,0.0
13,waypoint_13,15.0,0.00323956389577551,-0.8068737827527108,1.0638120569246137,453.3141255378723,0.0
14,waypoint_13,15.0,0.00323956389577551,-0.8068737827527108,1.0638120569246137,572.1829533576965,0.0
0,waypoint_13,30.0,0.00323956389577551,-0.8068737827527108,1.0638120569246137,260.9996497631073,0.0
1,waypoint_13,30.0,0.00323956389577551,-0.8068737827527108,1.0638120569246137,187.81135976314545,0.0
2,waypoint_13,30.0,0.00323956389577551,-0.8068737827527108,1.0638120569246137,26.781445369124413,0.0
3,waypoint_13,30.0,0.00323956389577551,-0.8068737827527108,1.0638120569246137,0.06112926348578185,0.007020169869065285
4,waypoint_13,30.0,0.00323956389577551,-0.8068737827527108,1.0638120569246137,0.0023420909656124422,0.00924007035791874
5,waypoint_13,30.0,0.00323956389577551,-0.8068737827527108,1.0638120569246137,80.2326500415802,0.0
6,waypoint_13,30.0,0.00323956389577551,-0.8068737827527108,1.0638120569246137,5.799237173050642,0.0
7,waypoint_13,30.0,0.00323956389577551,-0.8068737827527108,1.0638120569246137,68.16201657056808,0.0
8,waypoint_13,30.0,0.00323956389577551,-0.8068737827527108,1.0638120569246137,261.2512409687042,0.0
9,waypoint_13,30.0,0.00323956389577551,-0.8068737827527108,1.0638120569246137,248.74788522720337,0.0
10,waypoint_13,30.0,0.00323956389577551,-0.8068737827527108,1.0638120569246137,297.57124185562134,0.0
11,waypoint_13,30.0,0.00323956389577551,-0.8068737827527108,1.0638120569246137,404.56047654151917,0.0
12,waypoint_13,30.0,0.00323956389577551,-0.8068737827527108,1.0638120569246137,363.6839985847473,0.0
13,waypoint_13,30.0,0.00323956389577551,-0.8068737827527108,1.0638120569246137,454.7654688358307,0.0
14,waypoint_13,30.0,0.00323956389577551,-0.8068737827527108,1.0638120569246137,539.6988391876221,0.0
0,waypoint_14,30.0,0.023239563895776028,-0.8068737827527108,1.0638120569246137,240.36243557929993,0.0
1,waypoint_14,30.0,0.023239563895776028,-0.8068737827527108,1.0638120569246137,143.46900582313538,0.0
2,waypoint_14,30.0,0.023239563895776028,-0.8068737827527108,1.0638120569246137,81.26042783260345,0.0
3,waypoint_14,30.0,0.023239563895776028,-0.8068737827527108,1.0638120569246137,0.017624035535845906,0.007500753737986088
4,waypoint_14,30.0,0.023239563895776028,-0.8068737827527108,1.0638120569246137,0.0109374113890226,0.010062138549983501
5,waypoint_14,30.0,0.023239563895776028,-0.8068737827527108,1.0638120569246137,54.54971641302109,0.0
6,waypoint_14,30.0,0.023239563895776028,-0.8068737827527108,1.0638120569246137,14.029337093234062,0.0
7,waypoint_14,30.0,0.023239563895776028,-0.8068737827527108,1.0638120569246137,48.64395782351494,0.0
8,waypoint_14,30.0,0.023239563895776028,-0.8068737827527108,1.0638120569246137,264.3934190273285,0.0
9,waypoint_14,30.0,0.023239563895776028,-0.8068737827527108,1.0638120569246137,252.72583961486816,0.0
10,waypoint_14,30.0,0.023239563895776028,-0.8068737827527108,1.0638120569246137,296.5644299983978,0.0
11,waypoint_14,30.0,0.023239563895776028,-0.8068737827527108,1.0638120569246137,399.6015787124634,0.0
12,waypoint_14,30.0,0.023239563895776028,-0.8068737827527108,1.0638120569246137,358.5798740386963,0.0
13,waypoint_14,30.0,0.023239563895776028,-0.8068737827527108,1.0638120569246137,440.77742099761963,0.0
14,waypoint_14,30.0,0.023239563895776028,-0.8068737827527108,1.0638120569246137,515.5541896820068,0.0
0,waypoint_14,15.0,0.023239563895776028,-0.8068737827527108,1.0638120569246137,243.33970248699188,0.0
1,waypoint_14,15.0,0.023239563895776028,-0.8068737827527108,1.0638120569246137,203.99749279022217,0.0
2,waypoint_14,15.0,0.023239563895776028,-0.8068737827527108,1.0638120569246137,0.05246075670584105,0.010065290145576
3,waypoint_14,15.0,0.023239563895776028,-0.8068737827527108,1.0638120569246137,1.4799055643379688,0.007924317382276058
4,waypoint_14,15.0,0.023239563895776028,-0.8068737827527108,1.0638120569246137,0.00598069573243265,0.012354654259979725
5,waypoint_14,15.0,0.023239563895776028,-0.8068737827527108,1.0638120569246137,183.59796702861786,0.0
6,waypoint_14,15.0,0.023239563895776028,-0.8068737827527108,1.0638120569246137,0.02701377343328204,0.0029003159143030643
7,waypoint_14,15.0,0.023239563895776028,-0.8068737827527108,1.0638120569246137,237.34238743782043,0.0
8,waypoint_14,15.0,0.023239563895776028,-0.8068737827527108,1.0638120569246137,281.86291456222534,0.0
9,waypoint_14,15.0,0.023239563895776028,-0.8068737827527108,1.0638120569246137,273.48390221595764,0.0
10,waypoint_14,15.0,0.023239563895776028,-0.8068737827527108,1.0638120569246137,301.1421859264374,0.0
11,waypoint_14,15.0,0.023239563895776028,-0.8068737827527108,1.0638120569246137,400.05365014076233,0.0
12,waypoint_14,15.0,0.023239563895776028,-0.8068737827527108,1.0638120569246137,365.2404248714447,0.0
13,waypoint_14,15.0,0.023239563895776028,-0.8068737827527108,1.0638120569246137,439.22796845436096,0.0
14,waypoint_14,15.0,0.023239563895776028,-0.8068737827527108,1.0638120569246137,532.9391956329346,0.0
0,waypoint_14,0.0,0.023239563895776028,-0.8068737827527108,1.0638120569246137,235.97343266010284,0.0
1,waypoint_14,0.0,0.023239563895776028,-0.8068737827527108,1.0638120569246137,167.90787875652313,0.0
2,waypoint_14,0.0,0.023239563895776028,-0.8068737827527108,1.0638120569246137,36.529816687107086,0.0
3,waypoint_14,0.0,0.023239563895776028,-0.8068737827527108,1.0638120569246137,51.37363448739052,0.0
4,waypoint_14,0.0,0.023239563895776028,-0.8068737827527108,1.0638120569246137,0.0027418136596679688,0.014114713296294212
5,waypoint_14,0.0,0.023239563895776028,-0.8068737827527108,1.0638120569246137,225.92079639434814,0.0
6,waypoint_14,0.0,0.023239563895776028,-0.8068737827527108,1.0638120569246137,0.020058096197317354,0.004080315586179495
7,waypoint_14,0.0,0.023239563895776028,-0.8068737827527108,1.0638120569246137,250.03421306610107,0.0
8,waypoint_14,0.0,0.023239563895776028,-0.8068737827527108,1.0638120569246137,294.9812412261963,0.0
9,waypoint_14,0.0,0.023239563895776028,-0.8068737827527108,1.0638120569246137,287.46476769447327,0.0
10,waypoint_14,0.0,0.023239563895776028,-0.8068737827527108,1.0638120569246137,306.47239089012146,0.0
11,waypoint_14,0.0,0.023239563895776028,-0.8068737827527108,1.0638120569246137,387.74365186691284,0.0
12,waypoint_14,0.0,0.023239563895776028,-0.8068737827527108,1.0638120569246137,367.70322918891907,0.0
13,waypoint_14,0.0,0.023239563895776028,-0.8068737827527108,1.0638120569246137,446.5791881084442,0.0
14,waypoint_14,0.0,0.023239563895776028,-0.8068737827527108,1.0638120569246137,548.5073924064636,0.0
0,waypoint_14,-15.0,0.023239563895776028,-0.8068737827527108,1.0638120569246137,268.7153220176697,0.0
1,waypoint_14,-15.0,0.023239563895776028,-0.8068737827527108,1.0638120569246137,44.28818076848984,0.0
2,waypoint_14,-15.0,0.023239563895776028,-0.8068737827527108,1.0638120569246137,38.31250220537186,0.0
3,waypoint_14,-15.0,0.023239563895776028,-0.8068737827527108,1.0638120569246137,32.572899013757706,0.0
4,waypoint_14,-15.0,0.023239563895776028,-0.8068737827527108,1.0638120569246137,0.0030515016078425106,0.015416690148413181
5,waypoint_14,-15.0,0.023239563895776028,-0.8068737827527108,1.0638120569246137,257.88962841033936,0.0
6,waypoint_14,-15.0,0.023239563895776028,-0.8068737827527108,1.0638120569246137,0.005224552296567708,0.004128008149564266
7,waypoint_14,-15.0,0.023239563895776028,-0.8068737827527108,1.0638120569246137,260.6688439846039,0.0
8,waypoint_14,-15.0,0.023239563895776028,-0.8068737827527108,1.0638120569246137,309.8194897174835,0.0
9,waypoint_14,-15.0,0.023239563895776028,-0.8068737827527108,1.0638120569246137,302.931547164917,0.0
10,waypoint_14,-15.0,0.023239563895776028,-0.8068737827527108,1.0638120569246137,309.07168984413147,0.0
11,waypoint_14,-15.0,0.023239563895776028,-0.8068737827527108,1.0638120569246137,381.1323642730713,0.0
12,waypoint_14,-15.0,0.023239563895776028,-0.8068737827527108,1.0638120569246137,368.04574728012085,0.0
13,waypoint_14,-15.0,0.023239563895776028,-0.8068737827527108,1.0638120569246137,443.85844469070435,0.0
14,waypoint_14,-15.0,0.023239563895776028,-0.8068737827527108,1.0638120569246137,580.0430774688721,0.0
0,waypoint_14,-30.0,0.023239563895776028,-0.8068737827527108,1.0638120569246137,4.589355085045099,0.0
1,waypoint_14,-30.0,0.023239563895776028,-0.8068737827527108,1.0638120569246137,98.5482707619667,0.0
2,waypoint_14,-30.0,0.023239563895776028,-0.8068737827527108,1.0638120569246137,107.3213517665863,0.0
3,waypoint_14,-30.0,0.023239563895776028,-0.8068737827527108,1.0638120569246137,18.72781850397587,0.0
4,waypoint_14,-30.0,0.023239563895776028,-0.8068737827527108,1.0638120569246137,0.004899197392660426,0.01620296575129032
5,waypoint_14,-30.0,0.023239563895776028,-0.8068737827527108,1.0638120569246137,271.3450789451599,0.0
6,waypoint_14,-30.0,0.023239563895776028,-0.8068737827527108,1.0638120569246137,0.0038633111216768157,0.0037113598082214594
7,waypoint_14,-30.0,0.023239563895776028,-0.8068737827527108,1.0638120569246137,269.4034278392792,0.0
8,waypoint_14,-30.0,0.023239563895776028,-0.8068737827527108,1.0638120569246137,323.46731424331665,0.0
9,waypoint_14,-30.0,0.023239563895776028,-0.8068737827527108,1.0638120569246137,308.4714114665985,0.0
10,waypoint_14,-30.0,0.023239563895776028,-0.8068737827527108,1.0638120569246137,305.7827651500702,0.0
11,waypoint_14,-30.0,0.023239563895776028,-0.8068737827527108,1.0638120569246137,371.7591166496277,0.0
12,waypoint_14,-30.0,0.023239563895776028,-0.8068737827527108,1.0638120569246137,368.15327405929565,0.0
13,waypoint_14,-30.0,0.023239563895776028,-0.8068737827527108,1.0638120569246137,444.19747591018677,0.0
14,waypoint_14,-30.0,0.023239563895776028,-0.8068737827527108,1.0638120569246137,609.7378730773926,0.0
0,waypoint_15,-30.0,0.0432395638957756,-0.8068737827527108,1.0638120569246137,63.90286237001419,0.0
1,waypoint_15,-30.0,0.0432395638957756,-0.8068737827527108,1.0638120569246137,79.17023450136185,0.0
2,waypoint_15,-30.0,0.0432395638957756,-0.8068737827527108,1.0638120569246137,97.14779257774353,0.0
3,waypoint_15,-30.0,0.0432395638957756,-0.8068737827527108,1.0638120569246137,11.333469301462173,0.0
4,waypoint_15,-30.0,0.0432395638957756,-0.8068737827527108,1.0638120569246137,0.011779422493418679,0.018007012084126472
5,waypoint_15,-30.0,0.0432395638957756,-0.8068737827527108,1.0638120569246137,271.93400263786316,0.0
6,waypoint_15,-30.0,0.0432395638957756,-0.8068737827527108,1.0638120569246137,0.012863215488323476,0.002021336229518056
7,waypoint_15,-30.0,0.0432395638957756,-0.8068737827527108,1.0638120569246137,271.5262174606323,0.0
8,waypoint_15,-30.0,0.0432395638957756,-0.8068737827527108,1.0638120569246137,326.26932859420776,0.0
9,waypoint_15,-30.0,0.0432395638957756,-0.8068737827527108,1.0638120569246137,309.00657176971436,0.0
10,waypoint_15,-30.0,0.0432395638957756,-0.8068737827527108,1.0638120569246137,305.6200444698334,0.0
11,waypoint_15,-30.0,0.0432395638957756,-0.8068737827527108,1.0638120569246137,368.5094714164734,0.0
12,waypoint_15,-30.0,0.0432395638957756,-0.8068737827527108,1.0638120569246137,360.0785732269287,0.0
13,waypoint_15,-30.0,0.0432395638957756,-0.8068737827527108,1.0638120569246137,429.45680022239685,0.0
14,waypoint_15,-30.0,0.0432395638957756,-0.8068737827527108,1.0638120569246137,600.6547212600708,0.0
0,waypoint_15,-15.0,0.0432395638957756,-0.8068737827527108,1.0638120569246137,226.84283554553986,0.0
1,waypoint_15,-15.0,0.0432395638957756,-0.8068737827527108,1.0638120569246137,0.09638791379984468,0.013551057316362858
2,waypoint_15,-15.0,0.0432395638957756,-0.8068737827527108,1.0638120569246137,71.07190787792206,0.0
3,waypoint_15,-15.0,0.0432395638957756,-0.8068737827527108,1.0638120569246137,10.384497232735157,0.0
4,waypoint_15,-15.0,0.0432395638957756,-0.8068737827527108,1.0638120569246137,0.003280422106399783,0.01718224212527275
5,waypoint_15,-15.0,0.0432395638957756,-0.8068737827527108,1.0638120569246137,248.48416447639465,0.0
6,waypoint_15,-15.0,0.0432395638957756,-0.8068737827527108,1.0638120569246137,0.007018826636340236,0.0021855481900274754
7,waypoint_15,-15.0,0.0432395638957756,-0.8068737827527108,1.0638120569246137,263.3395195007324,0.0
8,waypoint_15,-15.0,0.0432395638957756,-0.8068737827527108,1.0638120569246137,317.24247336387634,0.0
9,waypoint_15,-15.0,0.0432395638957756,-0.8068737827527108,1.0638120569246137,304.56987023353577,0.0
10,waypoint_15,-15.0,0.0432395638957756,-0.8068737827527108,1.0638120569246137,308.9534640312195,0.0
11,waypoint_15,-15.0,0.0432395638957756,-0.8068737827527108,1.0638120569246137,374.7998774051666,0.0
12,waypoint_15,-15.0,0.0432395638957756,-0.8068737827527108,1.0638120569246137,359.5237731933594,0.0
13,waypoint_15,-15.0,0.0432395638957756,-0.8068737827527108,1.0638120569246137,433.3222806453705,0.0
14,waypoint_15,-15.0,0.0432395638957756,-0.8068737827527108,1.0638120569246137,594.4161415100098,0.0
0,waypoint_15,0.0,0.0432395638957756,-0.8068737827527108,1.0638120569246137,271.7447280883789,0.0
1,waypoint_15,0.0,0.0432395638957756,-0.8068737827527108,1.0638120569246137,172.59591817855835,0.0
2,waypoint_15,0.0,0.0432395638957756,-0.8068737827527108,1.0638120569246137,45.795828104019165,0.0
3,waypoint_15,0.0,0.0432395638957756,-0.8068737827527108,1.0638120569246137,39.491213858127594,0.0
4,waypoint_15,0.0,0.0432395638957756,-0.8068737827527108,1.0638120569246137,0.004414366685523419,0.015724480152130127
5,waypoint_15,0.0,0.0432395638957756,-0.8068737827527108,1.0638120569246137,213.5700136423111,0.0
6,waypoint_15,0.0,0.0432395638957756,-0.8068737827527108,1.0638120569246137,0.0076507567428052425,0.0022311436478048563
7,waypoint_15,0.0,0.0432395638957756,-0.8068737827527108,1.0638120569246137,251.92636251449585,0.0
8,waypoint_15,0.0,0.0432395638957756,-0.8068737827527108,1.0638120569246137,304.8413097858429,0.0
9,waypoint_15,0.0,0.0432395638957756,-0.8068737827527108,1.0638120569246137,294.83941197395325,0.0
10,waypoint_15,0.0,0.0432395638957756,-0.8068737827527108,1.0638120569246137,307.907372713089,0.0
11,waypoint_15,0.0,0.0432395638957756,-0.8068737827527108,1.0638120569246137,380.5672824382782,0.0
12,waypoint_15,0.0,0.0432395638957756,-0.8068737827527108,1.0638120569246137,358.8870167732239,0.0
13,waypoint_15,0.0,0.0432395638957756,-0.8068737827527108,1.0638120569246137,429.4481873512268,0.0
14,waypoint_15,0.0,0.0432395638957756,-0.8068737827527108,1.0638120569246137,571.074903011322,0.0
0,waypoint_15,15.0,0.0432395638957756,-0.8068737827527108,1.0638120569246137,226.2793928384781,0.0
1,waypoint_15,15.0,0.0432395638957756,-0.8068737827527108,1.0638120569246137,197.95621931552887,0.0
2,waypoint_15,15.0,0.0432395638957756,-0.8068737827527108,1.0638120569246137,0.3828123735729605,5.0911609150716686e-08
3,waypoint_15,15.0,0.0432395638957756,-0.8068737827527108,1.0638120569246137,1.3365086633712053,0.008385375142097473
4,waypoint_15,15.0,0.0432395638957756,-0.8068737827527108,1.0638120569246137,0.002666267164386227,0.01362585462629795
5,waypoint_15,15.0,0.0432395638957756,-0.8068737827527108,1.0638120569246137,169.48625445365906,0.0
6,waypoint_15,15.0,0.0432395638957756,-0.8068737827527108,1.0638120569246137,0.005586009137914516,0.0015445814933627844
7,waypoint_15,15.0,0.0432395638957756,-0.8068737827527108,1.0638120569246137,237.8622144460678,0.0
8,waypoint_15,15.0,0.0432395638957756,-0.8068737827527108,1.0638120569246137,288.4957194328308,0.0
9,waypoint_15,15.0,0.0432395638957756,-0.8068737827527108,1.0638120569246137,277.0373821258545,0.0
10,waypoint_15,15.0,0.0432395638957756,-0.8068737827527108,1.0638120569246137,302.768349647522,0.0
11,waypoint_15,15.0,0.0432395638957756,-0.8068737827527108,1.0638120569246137,382.9503357410431,0.0
12,waypoint_15,15.0,0.0432395638957756,-0.8068737827527108,1.0638120569246137,356.6145896911621,0.0
13,waypoint_15,15.0,0.0432395638957756,-0.8068737827527108,1.0638120569246137,426.36892199516296,0.0
14,waypoint_15,15.0,0.0432395638957756,-0.8068737827527108,1.0638120569246137,549.5368838310242,0.0
0,waypoint_15,30.0,0.0432395638957756,-0.8068737827527108,1.0638120569246137,304.37585711479187,0.0
1,waypoint_15,30.0,0.0432395638957756,-0.8068737827527108,1.0638120569246137,181.2279373407364,0.0
2,waypoint_15,30.0,0.0432395638957756,-0.8068737827527108,1.0638120569246137,93.5702696442604,0.0
3,waypoint_15,30.0,0.0432395638957756,-0.8068737827527108,1.0638120569246137,0.005266838343231939,0.007431175094097853
4,waypoint_15,30.0,0.0432395638957756,-0.8068737827527108,1.0638120569246137,0.0016037969317039824,0.010704319924116135
5,waypoint_15,30.0,0.0432395638957756,-0.8068737827527108,1.0638120569246137,39.378758519887924,0.0
6,waypoint_15,30.0,0.0432395638957756,-0.8068737827527108,1.0638120569246137,27.101261541247368,0.0
7,waypoint_15,30.0,0.0432395638957756,-0.8068737827527108,1.0638120569246137,30.4714385420084,0.0
8,waypoint_15,30.0,0.0432395638957756,-0.8068737827527108,1.0638120569246137,271.8927562236786,0.0
9,waypoint_15,30.0,0.0432395638957756,-0.8068737827527108,1.0638120569246137,258.70782136917114,0.0
10,waypoint_15,30.0,0.0432395638957756,-0.8068737827527108,1.0638120569246137,297.8358566761017,0.0
11,waypoint_15,30.0,0.0432395638957756,-0.8068737827527108,1.0638120569246137,379.84195351600647,0.0
12,waypoint_15,30.0,0.0432395638957756,-0.8068737827527108,1.0638120569246137,353.1493842601776,0.0
13,waypoint_15,30.0,0.0432395638957756,-0.8068737827527108,1.0638120569246137,421.8543767929077,0.0
14,waypoint_15,30.0,0.0432395638957756,-0.8068737827527108,1.0638120569246137,529.2031764984131,0.0
0,waypoint_16,30.0,0.06323956389577523,-0.8068737827527108,1.0638120569246137,248.70145320892334,0.0
1,waypoint_16,30.0,0.06323956389577523,-0.8068737827527108,1.0638120569246137,271.29146456718445,0.0
2,waypoint_16,30.0,0.06323956389577523,-0.8068737827527108,1.0638120569246137,99.46966916322708,0.0
3,waypoint_16,30.0,0.06323956389577523,-0.8068737827527108,1.0638120569246137,0.16507456894032657,6.912046046636533e-07
4,waypoint_16,30.0,0.06323956389577523,-0.8068737827527108,1.0638120569246137,0.008870684723660816,0.011107869446277618
5,waypoint_16,30.0,0.06323956389577523,-0.8068737827527108,1.0638120569246137,0.1158655431936495,0.0031311865895986557
6,waypoint_16,30.0,0.06323956389577523,-0.8068737827527108,1.0638120569246137,55.29797822237015,0.0
7,waypoint_16,30.0,0.06323956389577523,-0.8068737827527108,1.0638120569246137,16.26797206699848,0.0
8,waypoint_16,30.0,0.06323956389577523,-0.8068737827527108,1.0638120569246137,279.2583107948303,0.0
9,waypoint_16,30.0,0.06323956389577523,-0.8068737827527108,1.0638120569246137,264.494389295578,0.0
10,waypoint_16,30.0,0.06323956389577523,-0.8068737827527108,1.0638120569246137,299.58656430244446,0.0
11,waypoint_16,30.0,0.06323956389577523,-0.8068737827527108,1.0638120569246137,378.42801213264465,0.0
12,waypoint_16,30.0,0.06323956389577523,-0.8068737827527108,1.0638120569246137,346.94942831993103,0.0
13,waypoint_16,30.0,0.06323956389577523,-0.8068737827527108,1.0638120569246137,409.0706408023834,0.0
14,waypoint_16,30.0,0.06323956389577523,-0.8068737827527108,1.0638120569246137,505.959153175354,0.0
0,waypoint_16,15.0,0.06323956389577523,-0.8068737827527108,1.0638120569246137,263.37146759033203,0.0
1,waypoint_16,15.0,0.06323956389577523,-0.8068737827527108,1.0638120569246137,195.48237323760986,0.0
2,waypoint_16,15.0,0.06323956389577523,-0.8068737827527108,1.0638120569246137,135.22596657276154,0.0
3,waypoint_16,15.0,0.06323956389577523,-0.8068737827527108,1.0638120569246137,0.013537473023461644,0.016920655965805054
4,waypoint_16,15.0,0.06323956389577523,-0.8068737827527108,1.0638120569246137,0.002989753738802392,0.014766687527298927
5,waypoint_16,15.0,0.06323956389577523,-0.8068737827527108,1.0638120569246137,156.50981664657593,0.0
6,waypoint_16,15.0,0.06323956389577523,-0.8068737827527108,1.0638120569246137,124.33145940303802,0.0
7,waypoint_16,15.0,0.06323956389577523,-0.8068737827527108,1.0638120569246137,234.5718890428543,0.0
8,waypoint_16,15.0,0.06323956389577523,-0.8068737827527108,1.0638120569246137,293.10140013694763,0.0
9,waypoint_16,15.0,0.06323956389577523,-0.8068737827527108,1.0638120569246137,282.05406665802,0.0
10,waypoint_16,15.0,0.06323956389577523,-0.8068737827527108,1.0638120569246137,304.8707842826843,0.0
11,waypoint_16,15.0,0.06323956389577523,-0.8068737827527108,1.0638120569246137,379.4882595539093,0.0
12,waypoint_16,15.0,0.06323956389577523,-0.8068737827527108,1.0638120569246137,351.27395391464233,0.0
13,waypoint_16,15.0,0.06323956389577523,-0.8068737827527108,1.0638120569246137,411.7124676704407,0.0
14,waypoint_16,15.0,0.06323956389577523,-0.8068737827527108,1.0638120569246137,513.5162472724915,0.0
0,waypoint_16,0.0,0.06323956389577523,-0.8068737827527108,1.0638120569246137,225.77610611915588,0.0
1,waypoint_16,0.0,0.06323956389577523,-0.8068737827527108,1.0638120569246137,149.6407389640808,0.0
2,waypoint_16,0.0,0.06323956389577523,-0.8068737827527108,1.0638120569246137,34.27191078662872,0.0
3,waypoint_16,0.0,0.06323956389577523,-0.8068737827527108,1.0638120569246137,0.002941837919934187,0.022882042452692986
4,waypoint_16,0.0,0.06323956389577523,-0.8068737827527108,1.0638120569246137,0.002985591891047079,0.01725335419178009
5,waypoint_16,0.0,0.06323956389577523,-0.8068737827527108,1.0638120569246137,190.86827337741852,0.0
6,waypoint_16,0.0,0.06323956389577523,-0.8068737827527108,1.0638120569246137,0.028144417228759266,0.00035993600613437593
7,waypoint_16,0.0,0.06323956389577523,-0.8068737827527108,1.0638120569246137,243.1028038263321,0.0
8,waypoint_16,0.0,0.06323956389577523,-0.8068737827527108,1.0638120569246137,310.2368712425232,0.0
9,waypoint_16,0.0,0.06323956389577523,-0.8068737827527108,1.0638120569246137,295.5929636955261,0.0
10,waypoint_16,0.0,0.06323956389577523,-0.8068737827527108,1.0638120569246137,309.282124042511,0.0
11,waypoint_16,0.0,0.06323956389577523,-0.8068737827527108,1.0638120569246137,372.1561133861542,0.0
12,waypoint_16,0.0,0.06323956389577523,-0.8068737827527108,1.0638120569246137,354.31089997291565,0.0
13,waypoint_16,0.0,0.06323956389577523,-0.8068737827527108,1.0638120569246137,411.13153100013733,0.0
14,waypoint_16,0.0,0.06323956389577523,-0.8068737827527108,1.0638120569246137,530.6585431098938,0.0
0,waypoint_16,-15.0,0.06323956389577523,-0.8068737827527108,1.0638120569246137,252.02417373657227,0.0
1,waypoint_16,-15.0,0.06323956389577523,-0.8068737827527108,1.0638120569246137,264.9375796318054,0.0
2,waypoint_16,-15.0,0.06323956389577523,-0.8068737827527108,1.0638120569246137,49.907177686691284,0.0
3,waypoint_16,-15.0,0.06323956389577523,-0.8068737827527108,1.0638120569246137,0.004649162292480469,0.026360146701335907
4,waypoint_16,-15.0,0.06323956389577523,-0.8068737827527108,1.0638120569246137,0.003764541816053679,0.018902359530329704
5,waypoint_16,-15.0,0.06323956389577523,-0.8068737827527108,1.0638120569246137,220.7070291042328,0.0
6,waypoint_16,-15.0,0.06323956389577523,-0.8068737827527108,1.0638120569246137,0.6875784602016211,0.0010175432544201612
7,waypoint_16,-15.0,0.06323956389577523,-0.8068737827527108,1.0638120569246137,251.08125805854797,0.0
8,waypoint_16,-15.0,0.06323956389577523,-0.8068737827527108,1.0638120569246137,323.56512546539307,0.0
9,waypoint_16,-15.0,0.06323956389577523,-0.8068737827527108,1.0638120569246137,306.9344162940979,0.0
10,waypoint_16,-15.0,0.06323956389577523,-0.8068737827527108,1.0638120569246137,308.5947632789612,0.0
11,waypoint_16,-15.0,0.06323956389577523,-0.8068737827527108,1.0638120569246137,368.2989478111267,0.0
12,waypoint_16,-15.0,0.06323956389577523,-0.8068737827527108,1.0638120569246137,353.1203866004944,0.0
13,waypoint_16,-15.0,0.06323956389577523,-0.8068737827527108,1.0638120569246137,415.9961938858032,0.0
14,waypoint_16,-15.0,0.06323956389577523,-0.8068737827527108,1.0638120569246137,546.3431477546692,0.0
0,waypoint_16,-30.0,0.06323956389577523,-0.8068737827527108,1.0638120569246137,156.90740942955017,0.0
1,waypoint_16,-30.0,0.06323956389577523,-0.8068737827527108,1.0638120569246137,56.214578449726105,0.0
2,waypoint_16,-30.0,0.06323956389577523,-0.8068737827527108,1.0638120569246137,90.86751937866211,0.0
3,waypoint_16,-30.0,0.06323956389577523,-0.8068737827527108,1.0638120569246137,0.004306409664422972,0.028231896460056305
4,waypoint_16,-30.0,0.06323956389577523,-0.8068737827527108,1.0638120569246137,0.004511484803515486,0.01979374885559082
5,waypoint_16,-30.0,0.06323956389577523,-0.8068737827527108,1.0638120569246137,244.06787753105164,0.0
6,waypoint_16,-30.0,0.06323956389577523,-0.8068737827527108,1.0638120569246137,101.38070583343506,0.0
7,waypoint_16,-30.0,0.06323956389577523,-0.8068737827527108,1.0638120569246137,256.98840618133545,0.0
8,waypoint_16,-30.0,0.06323956389577523,-0.8068737827527108,1.0638120569246137,333.72995257377625,0.0
9,waypoint_16,-30.0,0.06323956389577523,-0.8068737827527108,1.0638120569246137,311.7666244506836,0.0
10,waypoint_16,-30.0,0.06323956389577523,-0.8068737827527108,1.0638120569246137,303.6891520023346,0.0
11,waypoint_16,-30.0,0.06323956389577523,-0.8068737827527108,1.0638120569246137,362.1727228164673,0.0
12,waypoint_16,-30.0,0.06323956389577523,-0.8068737827527108,1.0638120569246137,353.3059060573578,0.0
13,waypoint_16,-30.0,0.06323956389577523,-0.8068737827527108,1.0638120569246137,417.8135097026825,0.0
14,waypoint_16,-30.0,0.06323956389577523,-0.8068737827527108,1.0638120569246137,563.7733936309814,0.0
0,waypoint_17,-30.0,0.08323956389577541,-0.8068737827527108,1.0638120569246137,82.21359550952911,0.0
1,waypoint_17,-30.0,0.08323956389577541,-0.8068737827527108,1.0638120569246137,34.39289703965187,0.0
2,waypoint_17,-30.0,0.08323956389577541,-0.8068737827527108,1.0638120569246137,79.82460409402847,0.0
3,waypoint_17,-30.0,0.08323956389577541,-0.8068737827527108,1.0638120569246137,0.008885691386240069,0.029710892587900162
4,waypoint_17,-30.0,0.08323956389577541,-0.8068737827527108,1.0638120569246137,0.01012928260024637,0.02156219258904457
5,waypoint_17,-30.0,0.08323956389577541,-0.8068737827527108,1.0638120569246137,238.39008808135986,0.0
6,waypoint_17,-30.0,0.08323956389577541,-0.8068737827527108,1.0638120569246137,171.17944359779358,0.0
7,waypoint_17,-30.0,0.08323956389577541,-0.8068737827527108,1.0638120569246137,260.2027654647827,0.0
8,waypoint_17,-30.0,0.08323956389577541,-0.8068737827527108,1.0638120569246137,338.8102054595947,0.0
9,waypoint_17,-30.0,0.08323956389577541,-0.8068737827527108,1.0638120569246137,314.7678077220917,0.0
10,waypoint_17,-30.0,0.08323956389577541,-0.8068737827527108,1.0638120569246137,304.6649694442749,0.0
11,waypoint_17,-30.0,0.08323956389577541,-0.8068737827527108,1.0638120569246137,362.2286021709442,0.0
12,waypoint_17,-30.0,0.08323956389577541,-0.8068737827527108,1.0638120569246137,344.3491756916046,0.0
13,waypoint_17,-30.0,0.08323956389577541,-0.8068737827527108,1.0638120569246137,402.0642638206482,0.0
14,waypoint_17,-30.0,0.08323956389577541,-0.8068737827527108,1.0638120569246137,542.3091053962708,0.0
0,waypoint_17,-15.0,0.08323956389577541,-0.8068737827527108,1.0638120569246137,237.40577697753906,0.0
1,waypoint_17,-15.0,0.08323956389577541,-0.8068737827527108,1.0638120569246137,8.03371611982584,0.0
2,waypoint_17,-15.0,0.08323956389577541,-0.8068737827527108,1.0638120569246137,63.824720680713654,0.0
3,waypoint_17,-15.0,0.08323956389577541,-0.8068737827527108,1.0638120569246137,0.0032340669804398203,0.02746218629181385
4,waypoint_17,-15.0,0.08323956389577541,-0.8068737827527108,1.0638120569246137,0.0037494116895686602,0.02056773193180561
5,waypoint_17,-15.0,0.08323956389577541,-0.8068737827527108,1.0638120569246137,213.87286484241486,0.0
6,waypoint_17,-15.0,0.08323956389577541,-0.8068737827527108,1.0638120569246137,110.3949099779129,0.0
7,waypoint_17,-15.0,0.08323956389577541,-0.8068737827527108,1.0638120569246137,255.63794374465942,0.0
8,waypoint_17,-15.0,0.08323956389577541,-0.8068737827527108,1.0638120569246137,331.17032051086426,0.0
9,waypoint_17,-15.0,0.08323956389577541,-0.8068737827527108,1.0638120569246137,310.9201192855835,0.0
10,waypoint_17,-15.0,0.08323956389577541,-0.8068737827527108,1.0638120569246137,309.58905816078186,0.0
11,waypoint_17,-15.0,0.08323956389577541,-0.8068737827527108,1.0638120569246137,366.1814033985138,0.0
12,waypoint_17,-15.0,0.08323956389577541,-0.8068737827527108,1.0638120569246137,347.4620282649994,0.0
13,waypoint_17,-15.0,0.08323956389577541,-0.8068737827527108,1.0638120569246137,400.9533226490021,0.0
14,waypoint_17,-15.0,0.08323956389577541,-0.8068737827527108,1.0638120569246137,533.8742733001709,0.0
0,waypoint_17,0.0,0.08323956389577541,-0.8068737827527108,1.0638120569246137,242.95926094055176,0.0
1,waypoint_17,0.0,0.08323956389577541,-0.8068737827527108,1.0638120569246137,228.19368541240692,0.0
2,waypoint_17,0.0,0.08323956389577541,-0.8068737827527108,1.0638120569246137,0.2413370821159333,0.011870592832565308
3,waypoint_17,0.0,0.08323956389577541,-0.8068737827527108,1.0638120569246137,0.0022649765014648438,0.02333567477762699
4,waypoint_17,0.0,0.08323956389577541,-0.8068737827527108,1.0638120569246137,0.004273698777979007,0.018684279173612595
5,waypoint_17,0.0,0.08323956389577541,-0.8068737827527108,1.0638120569246137,183.1885278224945,0.0
6,waypoint_17,0.0,0.08323956389577541,-0.8068737827527108,1.0638120569246137,0.11771571007557213,0.0015353310154750943
7,waypoint_17,0.0,0.08323956389577541,-0.8068737827527108,1.0638120569246137,246.7724084854126,0.0
8,waypoint_17,0.0,0.08323956389577541,-0.8068737827527108,1.0638120569246137,320.5049932003021,0.0
9,waypoint_17,0.0,0.08323956389577541,-0.8068737827527108,1.0638120569246137,301.18390917778015,0.0
10,waypoint_17,0.0,0.08323956389577541,-0.8068737827527108,1.0638120569246137,311.3245666027069,0.0
11,waypoint_17,0.0,0.08323956389577541,-0.8068737827527108,1.0638120569246137,373.94869327545166,0.0
12,waypoint_17,0.0,0.08323956389577541,-0.8068737827527108,1.0638120569246137,347.5256860256195,0.0
13,waypoint_17,0.0,0.08323956389577541,-0.8068737827527108,1.0638120569246137,401.51333808898926,0.0
14,waypoint_17,0.0,0.08323956389577541,-0.8068737827527108,1.0638120569246137,512.8673315048218,0.0
0,waypoint_17,15.0,0.08323956389577541,-0.8068737827527108,1.0638120569246137,237.37993836402893,0.0
1,waypoint_17,15.0,0.08323956389577541,-0.8068737827527108,1.0638120569246137,190.44095277786255,0.0
2,waypoint_17,15.0,0.08323956389577541,-0.8068737827527108,1.0638120569246137,124.912329018116,0.0
3,waypoint_17,15.0,0.08323956389577541,-0.8068737827527108,1.0638120569246137,0.0020230486370564904,0.01601632684469223
4,waypoint_17,15.0,0.08323956389577541,-0.8068737827527108,1.0638120569246137,0.0018668722532311222,0.015743855386972427
5,waypoint_17,15.0,0.08323956389577541,-0.8068737827527108,1.0638120569246137,148.7601101398468,0.0
6,waypoint_17,15.0,0.08323956389577541,-0.8068737827527108,1.0638120569246137,0.013570181181421503,0.0018161803018301725
7,waypoint_17,15.0,0.08323956389577541,-0.8068737827527108,1.0638120569246137,235.97495257854462,0.0
8,waypoint_17,15.0,0.08323956389577541,-0.8068737827527108,1.0638120569246137,304.32263016700745,0.0
9,waypoint_17,15.0,0.08323956389577541,-0.8068737827527108,1.0638120569246137,287.0517075061798,0.0
10,waypoint_17,15.0,0.08323956389577541,-0.8068737827527108,1.0638120569246137,308.0660402774811,0.0
11,waypoint_17,15.0,0.08323956389577541,-0.8068737827527108,1.0638120569246137,381.09010457992554,0.0
12,waypoint_17,15.0,0.08323956389577541,-0.8068737827527108,1.0638120569246137,343.33473443984985,0.0
13,waypoint_17,15.0,0.08323956389577541,-0.8068737827527108,1.0638120569246137,395.66120505332947,0.0
14,waypoint_17,15.0,0.08323956389577541,-0.8068737827527108,1.0638120569246137,491.2687838077545,0.0
0,waypoint_17,30.0,0.08323956389577541,-0.8068737827527108,1.0638120569246137,323.7931430339813,0.0
1,waypoint_17,30.0,0.08323956389577541,-0.8068737827527108,1.0638120569246137,227.42752730846405,0.0
2,waypoint_17,30.0,0.08323956389577541,-0.8068737827527108,1.0638120569246137,162.01640665531158,0.0
3,waypoint_17,30.0,0.08323956389577541,-0.8068737827527108,1.0638120569246137,24.46233481168747,0.0
4,waypoint_17,30.0,0.08323956389577541,-0.8068737827527108,1.0638120569246137,0.002999244998136419,0.01118610892444849
5,waypoint_17,30.0,0.08323956389577541,-0.8068737827527108,1.0638120569246137,0.1626757439225912,0.0037160045467317104
6,waypoint_17,30.0,0.08323956389577541,-0.8068737827527108,1.0638120569246137,0.022546795662492514,0.002882211934775114
7,waypoint_17,30.0,0.08323956389577541,-0.8068737827527108,1.0638120569246137,7.37522030249238,0.0
8,waypoint_17,30.0,0.08323956389577541,-0.8068737827527108,1.0638120569246137,290.692001581192,0.0
9,waypoint_17,30.0,0.08323956389577541,-0.8068737827527108,1.0638120569246137,272.18097448349,0.0
10,waypoint_17,30.0,0.08323956389577541,-0.8068737827527108,1.0638120569246137,302.96140909194946,0.0
11,waypoint_17,30.0,0.08323956389577541,-0.8068737827527108,1.0638120569246137,376.9736886024475,0.0
12,waypoint_17,30.0,0.08323956389577541,-0.8068737827527108,1.0638120569246137,338.0366563796997,0.0
13,waypoint_17,30.0,0.08323956389577541,-0.8068737827527108,1.0638120569246137,393.9427435398102,0.0
14,waypoint_17,30.0,0.08323956389577541,-0.8068737827527108,1.0638120569246137,455.36887645721436,0.0
0,waypoint_18,30.0,0.10323956389577521,-0.8068737827527108,1.0638120569246137,276.41761302948,0.0
1,waypoint_18,30.0,0.10323956389577521,-0.8068737827527108,1.0638120569246137,273.89952540397644,0.0
2,waypoint_18,30.0,0.10323956389577521,-0.8068737827527108,1.0638120569246137,168.13857853412628,0.0
3,waypoint_18,30.0,0.10323956389577521,-0.8068737827527108,1.0638120569246137,26.973901316523552,0.0
4,waypoint_18,30.0,0.10323956389577521,-0.8068737827527108,1.0638120569246137,0.00967671803664416,0.010809395462274551
5,waypoint_18,30.0,0.10323956389577521,-0.8068737827527108,1.0638120569246137,0.1304681209148839,0.004297321662306786
6,waypoint_18,30.0,0.10323956389577521,-0.8068737827527108,1.0638120569246137,0.012159532161604147,0.00386485131457448
7,waypoint_18,30.0,0.10323956389577521,-0.8068737827527108,1.0638120569246137,1.4254587003961205,2.3987775421119295e-05
8,waypoint_18,30.0,0.10323956389577521,-0.8068737827527108,1.0638120569246137,300.6115257740021,0.0
9,waypoint_18,30.0,0.10323956389577521,-0.8068737827527108,1.0638120569246137,280.9600234031677,0.0
10,waypoint_18,30.0,0.10323956389577521,-0.8068737827527108,1.0638120569246137,306.6534399986267,0.0
11,waypoint_18,30.0,0.10323956389577521,-0.8068737827527108,1.0638120569246137,379.29603457450867,0.0
12,waypoint_18,30.0,0.10323956389577521,-0.8068737827527108,1.0638120569246137,334.0529501438141,0.0
13,waypoint_18,30.0,0.10323956389577521,-0.8068737827527108,1.0638120569246137,381.2660872936249,0.0
14,waypoint_18,30.0,0.10323956389577521,-0.8068737827527108,1.0638120569246137,433.5196614265442,0.0
0,waypoint_18,15.0,0.10323956389577521,-0.8068737827527108,1.0638120569246137,272.67757058143616,0.0
1,waypoint_18,15.0,0.10323956389577521,-0.8068737827527108,1.0638120569246137,209.61062610149384,0.0
2,waypoint_18,15.0,0.10323956389577521,-0.8068737827527108,1.0638120569246137,138.91899585723877,0.0
3,waypoint_18,15.0,0.10323956389577521,-0.8068737827527108,1.0638120569246137,0.01315413919655839,0.014168454334139824
4,waypoint_18,15.0,0.10323956389577521,-0.8068737827527108,1.0638120569246137,0.004399856607051333,0.016515111550688744
5,waypoint_18,15.0,0.10323956389577521,-0.8068737827527108,1.0638120569246137,124.21108037233353,0.0
6,waypoint_18,15.0,0.10323956389577521,-0.8068737827527108,1.0638120569246137,0.0023224788492370863,0.0032977259252220392
7,waypoint_18,15.0,0.10323956389577521,-0.8068737827527108,1.0638120569246137,0.01852767491072882,0.004200410097837448
8,waypoint_18,15.0,0.10323956389577521,-0.8068737827527108,1.0638120569246137,313.2250905036926,0.0
9,waypoint_18,15.0,0.10323956389577521,-0.8068737827527108,1.0638120569246137,297.23310470581055,0.0
10,waypoint_18,15.0,0.10323956389577521,-0.8068737827527108,1.0638120569246137,310.45687198638916,0.0
11,waypoint_18,15.0,0.10323956389577521,-0.8068737827527108,1.0638120569246137,378.5940110683441,0.0
12,waypoint_18,15.0,0.10323956389577521,-0.8068737827527108,1.0638120569246137,339.7735059261322,0.0
13,waypoint_18,15.0,0.10323956389577521,-0.8068737827527108,1.0638120569246137,385.82512736320496,0.0
14,waypoint_18,15.0,0.10323956389577521,-0.8068737827527108,1.0638120569246137,456.2870264053345,0.0
0,waypoint_18,0.0,0.10323956389577521,-0.8068737827527108,1.0638120569246137,200.7666677236557,0.0
1,waypoint_18,0.0,0.10323956389577521,-0.8068737827527108,1.0638120569246137,284.873902797699,0.0
2,waypoint_18,0.0,0.10323956389577521,-0.8068737827527108,1.0638120569246137,0.05938692993368022,0.008049865253269672
3,waypoint_18,0.0,0.10323956389577521,-0.8068737827527108,1.0638120569246137,0.0028435852073016576,0.023412713780999184
4,waypoint_18,0.0,0.10323956389577521,-0.8068737827527108,1.0638120569246137,0.004226469627610641,0.019994907081127167
5,waypoint_18,0.0,0.10323956389577521,-0.8068737827527108,1.0638120569246137,150.16397833824158,0.0
6,waypoint_18,0.0,0.10323956389577521,-0.8068737827527108,1.0638120569246137,0.007367147645709338,0.003403634065762162
7,waypoint_18,0.0,0.10323956389577521,-0.8068737827527108,1.0638120569246137,0.014928435120964423,0.005887228529900312
8,waypoint_18,0.0,0.10323956389577521,-0.8068737827527108,1.0638120569246137,328.42403650283813,0.0
9,waypoint_18,0.0,0.10323956389577521,-0.8068737827527108,1.0638120569246137,307.5368106365204,0.0
10,waypoint_18,0.0,0.10323956389577521,-0.8068737827527108,1.0638120569246137,313.66753578186035,0.0
11,waypoint_18,0.0,0.10323956389577521,-0.8068737827527108,1.0638120569246137,375.0786781311035,0.0
12,waypoint_18,0.0,0.10323956389577521,-0.8068737827527108,1.0638120569246137,343.61305832862854,0.0
13,waypoint_18,0.0,0.10323956389577521,-0.8068737827527108,1.0638120569246137,388.9940083026886,0.0
14,waypoint_18,0.0,0.10323956389577521,-0.8068737827527108,1.0638120569246137,464.6350145339966,0.0
0,waypoint_18,-15.0,0.10323956389577521,-0.8068737827527108,1.0638120569246137,244.42532658576965,0.0
1,waypoint_18,-15.0,0.10323956389577521,-0.8068737827527108,1.0638120569246137,232.5257956981659,0.0
2,waypoint_18,-15.0,0.10323956389577521,-0.8068737827527108,1.0638120569246137,56.46069347858429,0.0
3,waypoint_18,-15.0,0.10323956389577521,-0.8068737827527108,1.0638120569246137,0.0041019084164872766,0.028347058221697807
4,waypoint_18,-15.0,0.10323956389577521,-0.8068737827527108,1.0638120569246137,0.004782135420100531,0.022165779024362564
5,waypoint_18,-15.0,0.10323956389577521,-0.8068737827527108,1.0638120569246137,177.23655700683594,0.0
6,waypoint_18,-15.0,0.10323956389577521,-0.8068737827527108,1.0638120569246137,0.007665923476452008,0.004155880771577358
7,waypoint_18,-15.0,0.10323956389577521,-0.8068737827527108,1.0638120569246137,0.004406714651850052,0.006137180607765913
8,waypoint_18,-15.0,0.10323956389577521,-0.8068737827527108,1.0638120569246137,339.02639150619507,0.0
9,waypoint_18,-15.0,0.10323956389577521,-0.8068737827527108,1.0638120569246137,316.3590133190155,0.0
10,waypoint_18,-15.0,0.10323956389577521,-0.8068737827527108,1.0638120569246137,314.7006332874298,0.0
11,waypoint_18,-15.0,0.10323956389577521,-0.8068737827527108,1.0638120569246137,369.17605996131897,0.0
12,waypoint_18,-15.0,0.10323956389577521,-0.8068737827527108,1.0638120569246137,341.78465604782104,0.0
13,waypoint_18,-15.0,0.10323956389577521,-0.8068737827527108,1.0638120569246137,367.3765957355499,0.0
14,waypoint_18,-15.0,0.10323956389577521,-0.8068737827527108,1.0638120569246137,493.11941862106323,0.0
0,waypoint_18,-30.0,0.10323956389577521,-0.8068737827527108,1.0638120569246137,192.86204874515533,0.0
1,waypoint_18,-30.0,0.10323956389577521,-0.8068737827527108,1.0638120569246137,0.04226675446261652,0.014737311750650406
2,waypoint_18,-30.0,0.10323956389577521,-0.8068737827527108,1.0638120569246137,105.75825721025467,0.0
3,waypoint_18,-30.0,0.10323956389577521,-0.8068737827527108,1.0638120569246137,0.004726464339910308,0.031057072803378105
4,waypoint_18,-30.0,0.10323956389577521,-0.8068737827527108,1.0638120569246137,0.0041791313378780615,0.023301996290683746
5,waypoint_18,-30.0,0.10323956389577521,-0.8068737827527108,1.0638120569246137,201.0621726512909,0.0
6,waypoint_18,-30.0,0.10323956389577521,-0.8068737827527108,1.0638120569246137,0.0036743979308084818,0.005110069643706083
7,waypoint_18,-30.0,0.10323956389577521,-0.8068737827527108,1.0638120569246137,0.0033948495001823176,0.005701387766748667
8,waypoint_18,-30.0,0.10323956389577521,-0.8068737827527108,1.0638120569246137,346.0058867931366,0.0
9,waypoint_18,-30.0,0.10323956389577521,-0.8068737827527108,1.0638120569246137,319.33948397636414,0.0
10,waypoint_18,-30.0,0.10323956389577521,-0.8068737827527108,1.0638120569246137,313.5886788368225,0.0
11,waypoint_18,-30.0,0.10323956389577521,-0.8068737827527108,1.0638120569246137,363.1570339202881,0.0
12,waypoint_18,-30.0,0.10323956389577521,-0.8068737827527108,1.0638120569246137,338.1637632846832,0.0
13,waypoint_18,-30.0,0.10323956389577521,-0.8068737827527108,1.0638120569246137,369.11407113075256,0.0
14,waypoint_18,-30.0,0.10323956389577521,-0.8068737827527108,1.0638120569246137,527.2491574287415,0.0
0,waypoint_19,-30.0,0.12323956389577545,-0.8068737827527108,1.0638120569246137,141.67332649230957,0.0
1,waypoint_19,-30.0,0.12323956389577545,-0.8068737827527108,1.0638120569246137,5.4998863488435745,0.0
2,waypoint_19,-30.0,0.12323956389577545,-0.8068737827527108,1.0638120569246137,95.15293687582016,0.0
3,waypoint_19,-30.0,0.12323956389577545,-0.8068737827527108,1.0638120569246137,0.009344822501589078,0.03223123028874397
4,waypoint_19,-30.0,0.12323956389577545,-0.8068737827527108,1.0638120569246137,0.010144178304472007,0.025005627423524857
5,waypoint_19,-30.0,0.12323956389577545,-0.8068737827527108,1.0638120569246137,196.01447880268097,0.0
6,waypoint_19,-30.0,0.12323956389577545,-0.8068737827527108,1.0638120569246137,0.01027843427436892,0.006978291552513838
7,waypoint_19,-30.0,0.12323956389577545,-0.8068737827527108,1.0638120569246137,0.010700330676627345,0.003710341639816761
8,waypoint_19,-30.0,0.12323956389577545,-0.8068737827527108,1.0638120569246137,352.92524099349976,0.0
9,waypoint_19,-30.0,0.12323956389577545,-0.8068737827527108,1.0638120569246137,324.62236285209656,0.0
10,waypoint_19,-30.0,0.12323956389577545,-0.8068737827527108,1.0638120569246137,317.0720934867859,0.0
11,waypoint_19,-30.0,0.12323956389577545,-0.8068737827527108,1.0638120569246137,363.9090955257416,0.0
12,waypoint_19,-30.0,0.12323956389577545,-0.8068737827527108,1.0638120569246137,333.8477313518524,0.0
13,waypoint_19,-30.0,0.12323956389577545,-0.8068737827527108,1.0638120569246137,358.3594858646393,0.0
14,waypoint_19,-30.0,0.12323956389577545,-0.8068737827527108,1.0638120569246137,510.85877418518066,0.0
0,waypoint_19,-15.0,0.12323956389577545,-0.8068737827527108,1.0638120569246137,257.67675042152405,0.0
1,waypoint_19,-15.0,0.12323956389577545,-0.8068737827527108,1.0638120569246137,215.26913344860077,0.0
2,waypoint_19,-15.0,0.12323956389577545,-0.8068737827527108,1.0638120569246137,40.644872933626175,0.0
3,waypoint_19,-15.0,0.12323956389577545,-0.8068737827527108,1.0638120569246137,0.00381655945602688,0.02895403653383255
4,waypoint_19,-15.0,0.12323956389577545,-0.8068737827527108,1.0638120569246137,0.003524242856656201,0.02367948554456234
5,waypoint_19,-15.0,0.12323956389577545,-0.8068737827527108,1.0638120569246137,172.12888598442078,0.0
6,waypoint_19,-15.0,0.12323956389577545,-0.8068737827527108,1.0638120569246137,0.004797022484126501,0.006087949965149164
7,waypoint_19,-15.0,0.12323956389577545,-0.8068737827527108,1.0638120569246137,0.0037225772757665254,0.004128109663724899
8,waypoint_19,-15.0,0.12323956389577545,-0.8068737827527108,1.0638120569246137,347.74136543273926,0.0
9,waypoint_19,-15.0,0.12323956389577545,-0.8068737827527108,1.0638120569246137,322.4639892578125,0.0
10,waypoint_19,-15.0,0.12323956389577545,-0.8068737827527108,1.0638120569246137,317.8967535495758,0.0
11,waypoint_19,-15.0,0.12323956389577545,-0.8068737827527108,1.0638120569246137,368.16829442977905,0.0
12,waypoint_19,-15.0,0.12323956389577545,-0.8068737827527108,1.0638120569246137,338.111013174057,0.0
13,waypoint_19,-15.0,0.12323956389577545,-0.8068737827527108,1.0638120569246137,355.90261220932007,0.0
14,waypoint_19,-15.0,0.12323956389577545,-0.8068737827527108,1.0638120569246137,504.59837913513184,0.0
0,waypoint_19,0.0,0.12323956389577545,-0.8068737827527108,1.0638120569246137,252.76830792427063,0.0
1,waypoint_19,0.0,0.12323956389577545,-0.8068737827527108,1.0638120569246137,214.7628664970398,0.0
2,waypoint_19,0.0,0.12323956389577545,-0.8068737827527108,1.0638120569246137,5.743419751524925,0.0
3,waypoint_19,0.0,0.12323956389577545,-0.8068737827527108,1.0638120569246137,0.002939421619885252,0.022992078214883804
4,waypoint_19,0.0,0.12323956389577545,-0.8068737827527108,1.0638120569246137,0.0032625036965328036,0.021157028153538704
5,waypoint_19,0.0,0.12323956389577545,-0.8068737827527108,1.0638120569246137,145.19958198070526,0.0
6,waypoint_19,0.0,0.12323956389577545,-0.8068737827527108,1.0638120569246137,0.0038527209653693717,0.0052698515355587006
7,waypoint_19,0.0,0.12323956389577545,-0.8068737827527108,1.0638120569246137,0.002254166929560597,0.004080045036971569
8,waypoint_19,0.0,0.12323956389577545,-0.8068737827527108,1.0638120569246137,338.8397693634033,0.0
9,waypoint_19,0.0,0.12323956389577545,-0.8068737827527108,1.0638120569246137,314.7026598453522,0.0
10,waypoint_19,0.0,0.12323956389577545,-0.8068737827527108,1.0638120569246137,318.2815909385681,0.0
11,waypoint_19,0.0,0.12323956389577545,-0.8068737827527108,1.0638120569246137,377.9771029949188,0.0
12,waypoint_19,0.0,0.12323956389577545,-0.8068737827527108,1.0638120569246137,340.3836190700531,0.0
13,waypoint_19,0.0,0.12323956389577545,-0.8068737827527108,1.0638120569246137,350.5620062351227,0.0
14,waypoint_19,0.0,0.12323956389577545,-0.8068737827527108,1.0638120569246137,454.23203706741333,0.0
0,waypoint_19,15.0,0.12323956389577545,-0.8068737827527108,1.0638120569246137,300.6299138069153,0.0
1,waypoint_19,15.0,0.12323956389577545,-0.8068737827527108,1.0638120569246137,249.28246438503265,0.0
2,waypoint_19,15.0,0.12323956389577545,-0.8068737827527108,1.0638120569246137,205.078125,0.0
3,waypoint_19,15.0,0.12323956389577545,-0.8068737827527108,1.0638120569246137,0.0037621816773025785,0.010594693012535572
4,waypoint_19,15.0,0.12323956389577545,-0.8068737827527108,1.0638120569246137,0.00384438408218557,0.01702423393726349
5,waypoint_19,15.0,0.12323956389577545,-0.8068737827527108,1.0638120569246137,119.73187327384949,0.0
6,waypoint_19,15.0,0.12323956389577545,-0.8068737827527108,1.0638120569246137,0.005162107299838681,0.004871492274105549
7,waypoint_19,15.0,0.12323956389577545,-0.8068737827527108,1.0638120569246137,0.001722631623124471,0.0028995084576308727
8,waypoint_19,15.0,0.12323956389577545,-0.8068737827527108,1.0638120569246137,324.39476251602173,0.0
9,waypoint_19,15.0,0.12323956389577545,-0.8068737827527108,1.0638120569246137,302.0053803920746,0.0
10,waypoint_19,15.0,0.12323956389577545,-0.8068737827527108,1.0638120569246137,316.623717546463,0.0
11,waypoint_19,15.0,0.12323956389577545,-0.8068737827527108,1.0638120569246137,382.46092200279236,0.0
12,waypoint_19,15.0,0.12323956389577545,-0.8068737827527108,1.0638120569246137,337.73407340049744,0.0
13,waypoint_19,15.0,0.12323956389577545,-0.8068737827527108,1.0638120569246137,343.91728043556213,0.0
14,waypoint_19,15.0,0.12323956389577545,-0.8068737827527108,1.0638120569246137,428.6159574985504,0.0
0,waypoint_19,30.0,0.12323956389577545,-0.8068737827527108,1.0638120569246137,279.63361144065857,0.0
1,waypoint_19,30.0,0.12323956389577545,-0.8068737827527108,1.0638120569246137,247.22450971603394,0.0
2,waypoint_19,30.0,0.12323956389577545,-0.8068737827527108,1.0638120569246137,182.72273242473602,0.0
3,waypoint_19,30.0,0.12323956389577545,-0.8068737827527108,1.0638120569246137,104.7264039516449,0.0
4,waypoint_19,30.0,0.12323956389577545,-0.8068737827527108,1.0638120569246137,0.004523674306255998,0.009743942879140377
5,waypoint_19,30.0,0.12323956389577545,-0.8068737827527108,1.0638120569246137,0.1804942003218457,0.004871119279414415
6,waypoint_19,30.0,0.12323956389577545,-0.8068737827527108,1.0638120569246137,0.003868336989398813,0.00498980563133955
7,waypoint_19,30.0,0.12323956389577545,-0.8068737827527108,1.0638120569246137,29.235389083623886,0.0
8,waypoint_19,30.0,0.12323956389577545,-0.8068737827527108,1.0638120569246137,313.3588433265686,0.0
9,waypoint_19,30.0,0.12323956389577545,-0.8068737827527108,1.0638120569246137,289.53471779823303,0.0
10,waypoint_19,30.0,0.12323956389577545,-0.8068737827527108,1.0638120569246137,311.74805760383606,0.0
11,waypoint_19,30.0,0.12323956389577545,-0.8068737827527108,1.0638120569246137,382.64816999435425,0.0
12,waypoint_19,30.0,0.12323956389577545,-0.8068737827527108,1.0638120569246137,332.84908533096313,0.0
13,waypoint_19,30.0,0.12323956389577545,-0.8068737827527108,1.0638120569246137,343.6231315135956,0.0
14,waypoint_19,30.0,0.12323956389577545,-0.8068737827527108,1.0638120569246137,406.6052436828613,0.0
0,waypoint_20,30.0,0.14323956389577525,-0.8068737827527108,1.0638120569246137,277.3667573928833,0.0
1,waypoint_20,30.0,0.14323956389577525,-0.8068737827527108,1.0638120569246137,266.40358567237854,0.0
2,waypoint_20,30.0,0.14323956389577525,-0.8068737827527108,1.0638120569246137,233.04274678230286,0.0
3,waypoint_20,30.0,0.14323956389577525,-0.8068737827527108,1.0638120569246137,89.4084945321083,0.0
4,waypoint_20,30.0,0.14323956389577525,-0.8068737827527108,1.0638120569246137,0.009148099707090296,0.007428579498082399
5,waypoint_20,30.0,0.14323956389577525,-0.8068737827527108,1.0638120569246137,0.14390851720236242,0.005434019025415182
6,waypoint_20,30.0,0.14323956389577525,-0.8068737827527108,1.0638120569246137,0.008713510396773927,0.006129344459623098
7,waypoint_20,30.0,0.14323956389577525,-0.8068737827527108,1.0638120569246137,21.465230733156204,0.0
8,waypoint_20,30.0,0.14323956389577525,-0.8068737827527108,1.0638120569246137,325.10074973106384,0.0
9,waypoint_20,30.0,0.14323956389577525,-0.8068737827527108,1.0638120569246137,300.241619348526,0.0
10,waypoint_20,30.0,0.14323956389577525,-0.8068737827527108,1.0638120569246137,317.4690306186676,0.0
11,waypoint_20,30.0,0.14323956389577525,-0.8068737827527108,1.0638120569246137,386.1960470676422,0.0
12,waypoint_20,30.0,0.14323956389577525,-0.8068737827527108,1.0638120569246137,330.76635003089905,0.0
13,waypoint_20,30.0,0.14323956389577525,-0.8068737827527108,1.0638120569246137,335.81873774528503,0.0
14,waypoint_20,30.0,0.14323956389577525,-0.8068737827527108,1.0638120569246137,392.84732937812805,0.0
0,waypoint_20,15.0,0.14323956389577525,-0.8068737827527108,1.0638120569246137,282.23931789398193,0.0
1,waypoint_20,15.0,0.14323956389577525,-0.8068737827527108,1.0638120569246137,304.0858805179596,0.0
2,waypoint_20,15.0,0.14323956389577525,-0.8068737827527108,1.0638120569246137,174.48675632476807,0.0
3,waypoint_20,15.0,0.14323956389577525,-0.8068737827527108,1.0638120569246137,0.35482776002027094,1.2377429925436445e-07
4,waypoint_20,15.0,0.14323956389577525,-0.8068737827527108,1.0638120569246137,0.01076651915354887,0.017196638509631157
5,waypoint_20,15.0,0.14323956389577525,-0.8068737827527108,1.0638120569246137,99.36535358428955,0.0
6,waypoint_20,15.0,0.14323956389577525,-0.8068737827527108,1.0638120569246137,0.004215553872199962,0.006451000925153494
7,waypoint_20,15.0,0.14323956389577525,-0.8068737827527108,1.0638120569246137,0.020943341951351613,0.0011255400022491813
8,waypoint_20,15.0,0.14323956389577525,-0.8068737827527108,1.0638120569246137,335.33334732055664,0.0
9,waypoint_20,15.0,0.14323956389577525,-0.8068737827527108,1.0638120569246137,311.8143677711487,0.0
10,waypoint_20,15.0,0.14323956389577525,-0.8068737827527108,1.0638120569246137,320.5385208129883,0.0
11,waypoint_20,15.0,0.14323956389577525,-0.8068737827527108,1.0638120569246137,386.2206041812897,0.0
12,waypoint_20,15.0,0.14323956389577525,-0.8068737827527108,1.0638120569246137,336.6652727127075,0.0
13,waypoint_20,15.0,0.14323956389577525,-0.8068737827527108,1.0638120569246137,348.2222259044647,0.0
14,waypoint_20,15.0,0.14323956389577525,-0.8068737827527108,1.0638120569246137,414.8438572883606,0.0
0,waypoint_20,0.0,0.14323956389577525,-0.8068737827527108,1.0638120569246137,223.30591082572937,0.0
1,waypoint_20,0.0,0.14323956389577525,-0.8068737827527108,1.0638120569246137,252.20611691474915,0.0
2,waypoint_20,0.0,0.14323956389577525,-0.8068737827527108,1.0638120569246137,190.8407211303711,0.0
3,waypoint_20,0.0,0.14323956389577525,-0.8068737827527108,1.0638120569246137,0.016889478501980193,0.021895430982112885
4,waypoint_20,0.0,0.14323956389577525,-0.8068737827527108,1.0638120569246137,0.003305774725959054,0.022134995087981224
5,waypoint_20,0.0,0.14323956389577525,-0.8068737827527108,1.0638120569246137,119.89588290452957,0.0
6,waypoint_20,0.0,0.14323956389577525,-0.8068737827527108,1.0638120569246137,0.004145416369283339,0.0071145654655992985
7,waypoint_20,0.0,0.14323956389577525,-0.8068737827527108,1.0638120569246137,0.022989182980381884,0.0022302893921732903
8,waypoint_20,0.0,0.14323956389577525,-0.8068737827527108,1.0638120569246137,348.068505525589,0.0
9,waypoint_20,0.0,0.14323956389577525,-0.8068737827527108,1.0638120569246137,322.69248366355896,0.0
10,waypoint_20,0.0,0.14323956389577525,-0.8068737827527108,1.0638120569246137,322.3104774951935,0.0
11,waypoint_20,0.0,0.14323956389577525,-0.8068737827527108,1.0638120569246137,382.0914328098297,0.0
12,waypoint_20,0.0,0.14323956389577525,-0.8068737827527108,1.0638120569246137,337.32783794403076,0.0
13,waypoint_20,0.0,0.14323956389577525,-0.8068737827527108,1.0638120569246137,353.08200120925903,0.0
14,waypoint_20,0.0,0.14323956389577525,-0.8068737827527108,1.0638120569246137,433.57253074645996,0.0
0,waypoint_20,-15.0,0.14323956389577525,-0.8068737827527108,1.0638120569246137,269.7840929031372,0.0
1,waypoint_20,-15.0,0.14323956389577525,-0.8068737827527108,1.0638120569246137,223.0549454689026,0.0
2,waypoint_20,-15.0,0.14323956389577525,-0.8068737827527108,1.0638120569246137,162.31097280979156,0.0
3,waypoint_20,-15.0,0.14323956389577525,-0.8068737827527108,1.0638120569246137,0.004158679075771943,0.02920367568731308
4,waypoint_20,-15.0,0.14323956389577525,-0.8068737827527108,1.0638120569246137,0.003964492861996405,0.025087056681513786
5,waypoint_20,-15.0,0.14323956389577525,-0.8068737827527108,1.0638120569246137,111.40906810760498,0.0
6,waypoint_20,-15.0,0.14323956389577525,-0.8068737827527108,1.0638120569246137,0.0034903086998383515,0.008008047938346863
7,waypoint_20,-15.0,0.14323956389577525,-0.8068737827527108,1.0638120569246137,0.00937764980335487,0.0021850361954420805
8,waypoint_20,-15.0,0.14323956389577525,-0.8068737827527108,1.0638120569246137,357.1111857891083,0.0
9,waypoint_20,-15.0,0.14323956389577525,-0.8068737827527108,1.0638120569246137,329.3508291244507,0.0
10,waypoint_20,-15.0,0.14323956389577525,-0.8068737827527108,1.0638120569246137,322.432279586792,0.0
11,waypoint_20,-15.0,0.14323956389577525,-0.8068737827527108,1.0638120569246137,363.5600805282593,0.0
12,waypoint_20,-15.0,0.14323956389577525,-0.8068737827527108,1.0638120569246137,336.7462158203125,0.0
13,waypoint_20,-15.0,0.14323956389577525,-0.8068737827527108,1.0638120569246137,352.7998626232147,0.0
14,waypoint_20,-15.0,0.14323956389577525,-0.8068737827527108,1.0638120569246137,467.1955406665802,0.0
0,waypoint_20,-30.0,0.14323956389577525,-0.8068737827527108,1.0638120569246137,165.5156910419464,0.0
1,waypoint_20,-30.0,0.14323956389577525,-0.8068737827527108,1.0638120569246137,54.18232083320618,0.0
2,waypoint_20,-30.0,0.14323956389577525,-0.8068737827527108,1.0638120569246137,76.06393098831177,0.0
3,waypoint_20,-30.0,0.14323956389577525,-0.8068737827527108,1.0638120569246137,0.0045798715291311964,0.033178627490997314
4,waypoint_20,-30.0,0.14323956389577525,-0.8068737827527108,1.0638120569246137,0.004504786375036929,0.026654792949557304
5,waypoint_20,-30.0,0.14323956389577525,-0.8068737827527108,1.0638120569246137,105.89607805013657,0.0
6,waypoint_20,-30.0,0.14323956389577525,-0.8068737827527108,1.0638120569246137,0.0046489949454553425,0.00884905457496643
7,waypoint_20,-30.0,0.14323956389577525,-0.8068737827527108,1.0638120569246137,0.009073339242604561,0.0020219250582158566
8,waypoint_20,-30.0,0.14323956389577525,-0.8068737827527108,1.0638120569246137,361.3876402378082,0.0
9,waypoint_20,-30.0,0.14323956389577525,-0.8068737827527108,1.0638120569246137,331.34159445762634,0.0
10,waypoint_20,-30.0,0.14323956389577525,-0.8068737827527108,1.0638120569246137,321.1160898208618,0.0
11,waypoint_20,-30.0,0.14323956389577525,-0.8068737827527108,1.0638120569246137,357.76999592781067,0.0
12,waypoint_20,-30.0,0.14323956389577525,-0.8068737827527108,1.0638120569246137,333.17235112190247,0.0
13,waypoint_20,-30.0,0.14323956389577525,-0.8068737827527108,1.0638120569246137,357.88366198539734,0.0
14,waypoint_20,-30.0,0.14323956389577525,-0.8068737827527108,1.0638120569246137,493.6356246471405,0.0
0,waypoint_21,-30.0,-0.03676043610422386,-0.7819241070227957,1.0638120569246137,0.012134193639212754,0.03386496752500534
1,waypoint_21,-30.0,-0.03676043610422386,-0.7819241070227957,1.0638120569246137,0.013003788808418903,0.03518616408109665
2,waypoint_21,-30.0,-0.03676043610422386,-0.7819241070227957,1.0638120569246137,347.14391827583313,0.0
3,waypoint_21,-30.0,-0.03676043610422386,-0.7819241070227957,1.0638120569246137,0.014169868336466607,0.01971205696463585
4,waypoint_21,-30.0,-0.03676043610422386,-0.7819241070227957,1.0638120569246137,0.00938427729124669,0.010728960856795311
5,waypoint_21,-30.0,-0.03676043610422386,-0.7819241070227957,1.0638120569246137,242.2439455986023,0.0
6,waypoint_21,-30.0,-0.03676043610422386,-0.7819241070227957,1.0638120569246137,0.011249823728576303,0.00968114659190178
7,waypoint_21,-30.0,-0.03676043610422386,-0.7819241070227957,1.0638120569246137,0.0161302050400991,0.02051377482712269
8,waypoint_21,-30.0,-0.03676043610422386,-0.7819241070227957,1.0638120569246137,339.73684906959534,0.0
9,waypoint_21,-30.0,-0.03676043610422386,-0.7819241070227957,1.0638120569246137,323.2080936431885,0.0
10,waypoint_21,-30.0,-0.03676043610422386,-0.7819241070227957,1.0638120569246137,322.48812913894653,0.0
11,waypoint_21,-30.0,-0.03676043610422386,-0.7819241070227957,1.0638120569246137,357.28082060813904,0.0
12,waypoint_21,-30.0,-0.03676043610422386,-0.7819241070227957,1.0638120569246137,394.52922344207764,0.0
13,waypoint_21,-30.0,-0.03676043610422386,-0.7819241070227957,1.0638120569246137,456.2620520591736,0.0
14,waypoint_21,-30.0,-0.03676043610422386,-0.7819241070227957,1.0638120569246137,672.9620099067688,0.0
0,waypoint_21,-15.0,-0.03676043610422386,-0.7819241070227957,1.0638120569246137,0.0030157830224197824,0.023056726902723312
1,waypoint_21,-15.0,-0.03676043610422386,-0.7819241070227957,1.0638120569246137,0.003508076360958512,0.031849417835474014
2,waypoint_21,-15.0,-0.03676043610422386,-0.7819241070227957,1.0638120569246137,302.5437891483307,0.0
3,waypoint_21,-15.0,-0.03676043610422386,-0.7819241070227957,1.0638120569246137,0.003932099843950709,0.019297126680612564
4,waypoint_21,-15.0,-0.03676043610422386,-0.7819241070227957,1.0638120569246137,0.004095407348359004,0.0101889967918396
5,waypoint_21,-15.0,-0.03676043610422386,-0.7819241070227957,1.0638120569246137,224.57854449748993,0.0
6,waypoint_21,-15.0,-0.03676043610422386,-0.7819241070227957,1.0638120569246137,0.0035801338071905775,0.010142723098397255
7,waypoint_21,-15.0,-0.03676043610422386,-0.7819241070227957,1.0638120569246137,0.0028506844955700217,0.019639741629362106
8,waypoint_21,-15.0,-0.03676043610422386,-0.7819241070227957,1.0638120569246137,326.9926607608795,0.0
9,waypoint_21,-15.0,-0.03676043610422386,-0.7819241070227957,1.0638120569246137,311.36563420295715,0.0
10,waypoint_21,-15.0,-0.03676043610422386,-0.7819241070227957,1.0638120569246137,319.3144500255585,0.0
11,waypoint_21,-15.0,-0.03676043610422386,-0.7819241070227957,1.0638120569246137,361.5743815898895,0.0
12,waypoint_21,-15.0,-0.03676043610422386,-0.7819241070227957,1.0638120569246137,394.28040385246277,0.0
13,waypoint_21,-15.0,-0.03676043610422386,-0.7819241070227957,1.0638120569246137,455.13513684272766,0.0
14,waypoint_21,-15.0,-0.03676043610422386,-0.7819241070227957,1.0638120569246137,665.7702922821045,0.0
0,waypoint_21,0.0,-0.03676043610422386,-0.7819241070227957,1.0638120569246137,22.390881553292274,0.0
1,waypoint_21,0.0,-0.03676043610422386,-0.7819241070227957,1.0638120569246137,0.003775849563680822,0.025780024006962776
2,waypoint_21,0.0,-0.03676043610422386,-0.7819241070227957,1.0638120569246137,120.74244767427444,0.0
3,waypoint_21,0.0,-0.03676043610422386,-0.7819241070227957,1.0638120569246137,0.0028435852073016576,0.01821795105934143
4,waypoint_21,0.0,-0.03676043610422386,-0.7819241070227957,1.0638120569246137,0.004661372713599121,0.009459384717047215
5,waypoint_21,0.0,-0.03676043610422386,-0.7819241070227957,1.0638120569246137,210.37697792053223,0.0
6,waypoint_21,0.0,-0.03676043610422386,-0.7819241070227957,1.0638120569246137,0.004083054136572173,0.009743976406753063
7,waypoint_21,0.0,-0.03676043610422386,-0.7819241070227957,1.0638120569246137,0.006070939889468718,0.016703588888049126
8,waypoint_21,0.0,-0.03676043610422386,-0.7819241070227957,1.0638120569246137,307.2649836540222,0.0
9,waypoint_21,0.0,-0.03676043610422386,-0.7819241070227957,1.0638120569246137,291.5664613246918,0.0
10,waypoint_21,0.0,-0.03676043610422386,-0.7819241070227957,1.0638120569246137,312.0390772819519,0.0
11,waypoint_21,0.0,-0.03676043610422386,-0.7819241070227957,1.0638120569246137,360.58008670806885,0.0
12,waypoint_21,0.0,-0.03676043610422386,-0.7819241070227957,1.0638120569246137,389.2943263053894,0.0
13,waypoint_21,0.0,-0.03676043610422386,-0.7819241070227957,1.0638120569246137,446.86034321784973,0.0
14,waypoint_21,0.0,-0.03676043610422386,-0.7819241070227957,1.0638120569246137,639.9484276771545,0.0
0,waypoint_21,15.0,-0.03676043610422386,-0.7819241070227957,1.0638120569246137,249.6563345193863,0.0
1,waypoint_21,15.0,-0.03676043610422386,-0.7819241070227957,1.0638120569246137,0.004110560439585242,0.013829282484948635
2,waypoint_21,15.0,-0.03676043610422386,-0.7819241070227957,1.0638120569246137,51.41398683190346,0.0
3,waypoint_21,15.0,-0.03676043610422386,-0.7819241070227957,1.0638120569246137,0.00440268149759504,0.01648961380124092
4,waypoint_21,15.0,-0.03676043610422386,-0.7819241070227957,1.0638120569246137,0.0023752281776978634,0.008771730586886406
5,waypoint_21,15.0,-0.03676043610422386,-0.7819241070227957,1.0638120569246137,202.13288068771362,0.0
6,waypoint_21,15.0,-0.03676043610422386,-0.7819241070227957,1.0638120569246137,0.003951730832341127,0.00784263201057911
7,waypoint_21,15.0,-0.03676043610422386,-0.7819241070227957,1.0638120569246137,0.003709192014866858,0.009398216381669044
8,waypoint_21,15.0,-0.03676043610422386,-0.7819241070227957,1.0638120569246137,287.1243357658386,0.0
9,waypoint_21,15.0,-0.03676043610422386,-0.7819241070227957,1.0638120569246137,275.41422843933105,0.0
10,waypoint_21,15.0,-0.03676043610422386,-0.7819241070227957,1.0638120569246137,301.8415570259094,0.0
11,waypoint_21,15.0,-0.03676043610422386,-0.7819241070227957,1.0638120569246137,347.66367077827454,0.0
12,waypoint_21,15.0,-0.03676043610422386,-0.7819241070227957,1.0638120569246137,382.65690207481384,0.0
13,waypoint_21,15.0,-0.03676043610422386,-0.7819241070227957,1.0638120569246137,434.4044625759125,0.0
14,waypoint_21,15.0,-0.03676043610422386,-0.7819241070227957,1.0638120569246137,616.8319582939148,0.0
0,waypoint_21,30.0,-0.03676043610422386,-0.7819241070227957,1.0638120569246137,248.3101487159729,0.0
1,waypoint_21,30.0,-0.03676043610422386,-0.7819241070227957,1.0638120569246137,121.93439900875092,0.0
2,waypoint_21,30.0,-0.03676043610422386,-0.7819241070227957,1.0638120569246137,0.25344511959701777,0.008823072537779808
3,waypoint_21,30.0,-0.03676043610422386,-0.7819241070227957,1.0638120569246137,0.003053247610296239,0.014112942852079868
4,waypoint_21,30.0,-0.03676043610422386,-0.7819241070227957,1.0638120569246137,0.004144987542531453,0.00829726830124855
5,waypoint_21,30.0,-0.03676043610422386,-0.7819241070227957,1.0638120569246137,198.50623607635498,0.0
6,waypoint_21,30.0,-0.03676043610422386,-0.7819241070227957,1.0638120569246137,0.0027883195343747502,0.002391203073784709
7,waypoint_21,30.0,-0.03676043610422386,-0.7819241070227957,1.0638120569246137,54.263047873973846,0.0
8,waypoint_21,30.0,-0.03676043610422386,-0.7819241070227957,1.0638120569246137,267.2116458415985,0.0
9,waypoint_21,30.0,-0.03676043610422386,-0.7819241070227957,1.0638120569246137,247.6225048303604,0.0
10,waypoint_21,30.0,-0.03676043610422386,-0.7819241070227957,1.0638120569246137,295.76557874679565,0.0
11,waypoint_21,30.0,-0.03676043610422386,-0.7819241070227957,1.0638120569246137,337.2883200645447,0.0
12,waypoint_21,30.0,-0.03676043610422386,-0.7819241070227957,1.0638120569246137,376.9128620624542,0.0
13,waypoint_21,30.0,-0.03676043610422386,-0.7819241070227957,1.0638120569246137,422.4303662776947,0.0
14,waypoint_21,30.0,-0.03676043610422386,-0.7819241070227957,1.0638120569246137,590.6781554222107,0.0
0,waypoint_22,30.0,-0.016760436104224286,-0.7819241070227957,1.0638120569246137,249.37963485717773,0.0
1,waypoint_22,30.0,-0.016760436104224286,-0.7819241070227957,1.0638120569246137,133.12171399593353,0.0
2,waypoint_22,30.0,-0.016760436104224286,-0.7819241070227957,1.0638120569246137,0.041762232285691425,0.009229142218828201
3,waypoint_22,30.0,-0.016760436104224286,-0.7819241070227957,1.0638120569246137,0.009968063750420697,0.0148311210796237
4,waypoint_22,30.0,-0.016760436104224286,-0.7819241070227957,1.0638120569246137,0.008301110028696712,0.009646348655223846
5,waypoint_22,30.0,-0.016760436104224286,-0.7819241070227957,1.0638120569246137,181.16888403892517,0.0
6,waypoint_22,30.0,-0.016760436104224286,-0.7819241070227957,1.0638120569246137,0.013126061276125256,0.0027592245023697615
7,waypoint_22,30.0,-0.016760436104224286,-0.7819241070227957,1.0638120569246137,25.52870102226734,0.0
8,waypoint_22,30.0,-0.016760436104224286,-0.7819241070227957,1.0638120569246137,267.51476526260376,0.0
9,waypoint_22,30.0,-0.016760436104224286,-0.7819241070227957,1.0638120569246137,249.30401146411896,0.0
10,waypoint_22,30.0,-0.016760436104224286,-0.7819241070227957,1.0638120569246137,290.1625335216522,0.0
11,waypoint_22,30.0,-0.016760436104224286,-0.7819241070227957,1.0638120569246137,331.6054344177246,0.0
12,waypoint_22,30.0,-0.016760436104224286,-0.7819241070227957,1.0638120569246137,365.84600806236267,0.0
13,waypoint_22,30.0,-0.016760436104224286,-0.7819241070227957,1.0638120569246137,409.8057746887207,0.0
14,waypoint_22,30.0,-0.016760436104224286,-0.7819241070227957,1.0638120569246137,565.1630759239197,0.0
0,waypoint_22,15.0,-0.016760436104224286,-0.7819241070227957,1.0638120569246137,262.01656460762024,0.0
1,waypoint_22,15.0,-0.016760436104224286,-0.7819241070227957,1.0638120569246137,134.48181748390198,0.0
2,waypoint_22,15.0,-0.016760436104224286,-0.7819241070227957,1.0638120569246137,31.79048001766205,0.0
3,waypoint_22,15.0,-0.016760436104224286,-0.7819241070227957,1.0638120569246137,0.0026226043701171875,0.01775064319372177
4,waypoint_22,15.0,-0.016760436104224286,-0.7819241070227957,1.0638120569246137,0.0015960249584168196,0.01044366043061018
5,waypoint_22,15.0,-0.016760436104224286,-0.7819241070227957,1.0638120569246137,178.78399789333344,0.0
6,waypoint_22,15.0,-0.016760436104224286,-0.7819241070227957,1.0638120569246137,0.02624948501761537,0.0065099759958684444
7,waypoint_22,15.0,-0.016760436104224286,-0.7819241070227957,1.0638120569246137,0.005590026376012247,0.010279654525220394
8,waypoint_22,15.0,-0.016760436104224286,-0.7819241070227957,1.0638120569246137,289.28226232528687,0.0
9,waypoint_22,15.0,-0.016760436104224286,-0.7819241070227957,1.0638120569246137,274.3323743343353,0.0
10,waypoint_22,15.0,-0.016760436104224286,-0.7819241070227957,1.0638120569246137,297.2892224788666,0.0
11,waypoint_22,15.0,-0.016760436104224286,-0.7819241070227957,1.0638120569246137,336.00184321403503,0.0
12,waypoint_22,15.0,-0.016760436104224286,-0.7819241070227957,1.0638120569246137,371.14834785461426,0.0
13,waypoint_22,15.0,-0.016760436104224286,-0.7819241070227957,1.0638120569246137,418.74054074287415,0.0
14,waypoint_22,15.0,-0.016760436104224286,-0.7819241070227957,1.0638120569246137,582.9986333847046,0.0
0,waypoint_22,0.0,-0.016760436104224286,-0.7819241070227957,1.0638120569246137,223.12059998512268,0.0
1,waypoint_22,0.0,-0.016760436104224286,-0.7819241070227957,1.0638120569246137,54.80886623263359,0.0
2,waypoint_22,0.0,-0.016760436104224286,-0.7819241070227957,1.0638120569246137,25.010593235492706,0.0
3,waypoint_22,0.0,-0.016760436104224286,-0.7819241070227957,1.0638120569246137,0.0034897998375527095,0.019791223108768463
4,waypoint_22,0.0,-0.016760436104224286,-0.7819241070227957,1.0638120569246137,0.004474717115954263,0.011300791054964066
5,waypoint_22,0.0,-0.016760436104224286,-0.7819241070227957,1.0638120569246137,169.1363900899887,0.0
6,waypoint_22,0.0,-0.016760436104224286,-0.7819241070227957,1.0638120569246137,0.00375584704670473,0.00790753960609436
7,waypoint_22,0.0,-0.016760436104224286,-0.7819241070227957,1.0638120569246137,0.013328907698451076,0.015787623822689056
8,waypoint_22,0.0,-0.016760436104224286,-0.7819241070227957,1.0638120569246137,310.0202679634094,0.0
9,waypoint_22,0.0,-0.016760436104224286,-0.7819241070227957,1.0638120569246137,290.70937633514404,0.0
10,waypoint_22,0.0,-0.016760436104224286,-0.7819241070227957,1.0638120569246137,306.9835603237152,0.0
11,waypoint_22,0.0,-0.016760436104224286,-0.7819241070227957,1.0638120569246137,331.8912386894226,0.0
12,waypoint_22,0.0,-0.016760436104224286,-0.7819241070227957,1.0638120569246137,374.5250999927521,0.0
13,waypoint_22,0.0,-0.016760436104224286,-0.7819241070227957,1.0638120569246137,426.08076333999634,0.0
14,waypoint_22,0.0,-0.016760436104224286,-0.7819241070227957,1.0638120569246137,602.033257484436,0.0
0,waypoint_22,-15.0,-0.016760436104224286,-0.7819241070227957,1.0638120569246137,183.02641808986664,0.0
1,waypoint_22,-15.0,-0.016760436104224286,-0.7819241070227957,1.0638120569246137,83.77869427204132,0.0
2,waypoint_22,-15.0,-0.016760436104224286,-0.7819241070227957,1.0638120569246137,45.48341780900955,0.0
3,waypoint_22,-15.0,-0.016760436104224286,-0.7819241070227957,1.0638120569246137,0.0037012516713730292,0.021028293296694756
4,waypoint_22,-15.0,-0.016760436104224286,-0.7819241070227957,1.0638120569246137,0.006248261342989281,0.012061637826263905
5,waypoint_22,-15.0,-0.016760436104224286,-0.7819241070227957,1.0638120569246137,159.91900861263275,0.0
6,waypoint_22,-15.0,-0.016760436104224286,-0.7819241070227957,1.0638120569246137,0.004571354565996444,0.008058174513280392
7,waypoint_22,-15.0,-0.016760436104224286,-0.7819241070227957,1.0638120569246137,0.0036135090795141878,0.017977602779865265
8,waypoint_22,-15.0,-0.016760436104224286,-0.7819241070227957,1.0638120569246137,330.099880695343,0.0
9,waypoint_22,-15.0,-0.016760436104224286,-0.7819241070227957,1.0638120569246137,305.41133880615234,0.0
10,waypoint_22,-15.0,-0.016760436104224286,-0.7819241070227957,1.0638120569246137,312.10511922836304,0.0
11,waypoint_22,-15.0,-0.016760436104224286,-0.7819241070227957,1.0638120569246137,331.4330279827118,0.0
12,waypoint_22,-15.0,-0.016760436104224286,-0.7819241070227957,1.0638120569246137,374.0188479423523,0.0
13,waypoint_22,-15.0,-0.016760436104224286,-0.7819241070227957,1.0638120569246137,431.687593460083,0.0
14,waypoint_22,-15.0,-0.016760436104224286,-0.7819241070227957,1.0638120569246137,627.9078722000122,0.0
0,waypoint_22,-30.0,-0.016760436104224286,-0.7819241070227957,1.0638120569246137,66.75776094198227,0.0
1,waypoint_22,-30.0,-0.016760436104224286,-0.7819241070227957,1.0638120569246137,148.41102063655853,0.0
2,waypoint_22,-30.0,-0.016760436104224286,-0.7819241070227957,1.0638120569246137,186.98565661907196,0.0
3,waypoint_22,-30.0,-0.016760436104224286,-0.7819241070227957,1.0638120569246137,0.00462310799775878,0.021499233320355415
4,waypoint_22,-30.0,-0.016760436104224286,-0.7819241070227957,1.0638120569246137,0.004554980478133075,0.012536418624222279
5,waypoint_22,-30.0,-0.016760436104224286,-0.7819241070227957,1.0638120569246137,151.86728537082672,0.0
6,waypoint_22,-30.0,-0.016760436104224286,-0.7819241070227957,1.0638120569246137,0.003669955503937672,0.007512872107326984
7,waypoint_22,-30.0,-0.016760436104224286,-0.7819241070227957,1.0638120569246137,0.003316238689876627,0.018438126891851425
8,waypoint_22,-30.0,-0.016760436104224286,-0.7819241070227957,1.0638120569246137,342.35820174217224,0.0
9,waypoint_22,-30.0,-0.016760436104224286,-0.7819241070227957,1.0638120569246137,305.541068315506,0.0
10,waypoint_22,-30.0,-0.016760436104224286,-0.7819241070227957,1.0638120569246137,314.7932291030884,0.0
11,waypoint_22,-30.0,-0.016760436104224286,-0.7819241070227957,1.0638120569246137,328.52742075920105,0.0
12,waypoint_22,-30.0,-0.016760436104224286,-0.7819241070227957,1.0638120569246137,377.88125872612,0.0
13,waypoint_22,-30.0,-0.016760436104224286,-0.7819241070227957,1.0638120569246137,434.31463837623596,0.0
14,waypoint_22,-30.0,-0.016760436104224286,-0.7819241070227957,1.0638120569246137,658.5023403167725,0.0
0,waypoint_23,-30.0,0.00323956389577551,-0.7819241070227957,1.0638120569246137,42.913105338811874,0.0
1,waypoint_23,-30.0,0.00323956389577551,-0.7819241070227957,1.0638120569246137,133.1535428762436,0.0
2,waypoint_23,-30.0,0.00323956389577551,-0.7819241070227957,1.0638120569246137,175.7081151008606,0.0
3,waypoint_23,-30.0,0.00323956389577551,-0.7819241070227957,1.0638120569246137,0.010673726137611084,0.023280484601855278
4,waypoint_23,-30.0,0.00323956389577551,-0.7819241070227957,1.0638120569246137,0.010050587661680765,0.014336067251861095
5,waypoint_23,-30.0,0.00323956389577551,-0.7819241070227957,1.0638120569246137,151.60734951496124,0.0
6,waypoint_23,-30.0,0.00323956389577551,-0.7819241070227957,1.0638120569246137,0.00982142228167504,0.005402720533311367
7,waypoint_23,-30.0,0.00323956389577551,-0.7819241070227957,1.0638120569246137,0.010921707144007087,0.016284430399537086
8,waypoint_23,-30.0,0.00323956389577551,-0.7819241070227957,1.0638120569246137,343.01209449768066,0.0
9,waypoint_23,-30.0,0.00323956389577551,-0.7819241070227957,1.0638120569246137,314.82118368148804,0.0
10,waypoint_23,-30.0,0.00323956389577551,-0.7819241070227957,1.0638120569246137,310.49326062202454,0.0
11,waypoint_23,-30.0,0.00323956389577551,-0.7819241070227957,1.0638120569246137,316.15063548088074,0.0
12,waypoint_23,-30.0,0.00323956389577551,-0.7819241070227957,1.0638120569246137,367.72504448890686,0.0
13,waypoint_23,-30.0,0.00323956389577551,-0.7819241070227957,1.0638120569246137,421.0062325000763,0.0
14,waypoint_23,-30.0,0.00323956389577551,-0.7819241070227957,1.0638120569246137,653.0248522758484,0.0
0,waypoint_23,-15.0,0.00323956389577551,-0.7819241070227957,1.0638120569246137,7.387612946331501,0.0
1,waypoint_23,-15.0,0.00323956389577551,-0.7819241070227957,1.0638120569246137,88.49938213825226,0.0
2,waypoint_23,-15.0,0.00323956389577551,-0.7819241070227957,1.0638120569246137,126.74465775489807,0.0
3,waypoint_23,-15.0,0.00323956389577551,-0.7819241070227957,1.0638120569246137,0.00440268149759504,0.02271416410803795
4,waypoint_23,-15.0,0.00323956389577551,-0.7819241070227957,1.0638120569246137,0.004676971002481878,0.013909760862588882
5,waypoint_23,-15.0,0.00323956389577551,-0.7819241070227957,1.0638120569246137,159.34760868549347,0.0
6,waypoint_23,-15.0,0.00323956389577551,-0.7819241070227957,1.0638120569246137,0.004278359938325593,0.005973211023956537
7,waypoint_23,-15.0,0.00323956389577551,-0.7819241070227957,1.0638120569246137,0.00417811997976969,0.016155347228050232
8,waypoint_23,-15.0,0.00323956389577551,-0.7819241070227957,1.0638120569246137,332.72770047187805,0.0
9,waypoint_23,-15.0,0.00323956389577551,-0.7819241070227957,1.0638120569246137,313.24586272239685,0.0
10,waypoint_23,-15.0,0.00323956389577551,-0.7819241070227957,1.0638120569246137,309.47861075401306,0.0
11,waypoint_23,-15.0,0.00323956389577551,-0.7819241070227957,1.0638120569246137,312.5040829181671,0.0
12,waypoint_23,-15.0,0.00323956389577551,-0.7819241070227957,1.0638120569246137,366.2088215351105,0.0
13,waypoint_23,-15.0,0.00323956389577551,-0.7819241070227957,1.0638120569246137,421.0370182991028,0.0
14,waypoint_23,-15.0,0.00323956389577551,-0.7819241070227957,1.0638120569246137,643.1983709335327,0.0
0,waypoint_23,0.0,0.00323956389577551,-0.7819241070227957,1.0638120569246137,236.30747199058533,0.0
1,waypoint_23,0.0,0.00323956389577551,-0.7819241070227957,1.0638120569246137,38.859471678733826,0.0
2,waypoint_23,0.0,0.00323956389577551,-0.7819241070227957,1.0638120569246137,73.88651371002197,0.0
3,waypoint_23,0.0,0.00323956389577551,-0.7819241070227957,1.0638120569246137,0.00381655945602688,0.02127438224852085
4,waypoint_23,0.0,0.00323956389577551,-0.7819241070227957,1.0638120569246137,0.0033569640436326154,0.013103988021612167
5,waypoint_23,0.0,0.00323956389577551,-0.7819241070227957,1.0638120569246137,168.07053983211517,0.0
6,waypoint_23,0.0,0.00323956389577551,-0.7819241070227957,1.0638120569246137,0.002409669605185627,0.006010566372424364
7,waypoint_23,0.0,0.00323956389577551,-0.7819241070227957,1.0638120569246137,0.003118593213002896,0.0145646957680583
8,waypoint_23,0.0,0.00323956389577551,-0.7819241070227957,1.0638120569246137,314.32509422302246,0.0
9,waypoint_23,0.0,0.00323956389577551,-0.7819241070227957,1.0638120569246137,298.4418570995331,0.0
10,waypoint_23,0.0,0.00323956389577551,-0.7819241070227957,1.0638120569246137,303.4827411174774,0.0
11,waypoint_23,0.0,0.00323956389577551,-0.7819241070227957,1.0638120569246137,302.7186691761017,0.0
12,waypoint_23,0.0,0.00323956389577551,-0.7819241070227957,1.0638120569246137,361.89568042755127,0.0
13,waypoint_23,0.0,0.00323956389577551,-0.7819241070227957,1.0638120569246137,412.18122839927673,0.0
14,waypoint_23,0.0,0.00323956389577551,-0.7819241070227957,1.0638120569246137,616.6043281555176,0.0
0,waypoint_23,15.0,0.00323956389577551,-0.7819241070227957,1.0638120569246137,220.74155509471893,0.0
1,waypoint_23,15.0,0.00323956389577551,-0.7819241070227957,1.0638120569246137,7.816063240170479,0.0
2,waypoint_23,15.0,0.00323956389577551,-0.7819241070227957,1.0638120569246137,48.47412556409836,0.0
3,waypoint_23,15.0,0.00323956389577551,-0.7819241070227957,1.0638120569246137,0.002431401981084491,0.01886162906885147
4,waypoint_23,15.0,0.00323956389577551,-0.7819241070227957,1.0638120569246137,0.00384438408218557,0.012066605500876904
5,waypoint_23,15.0,0.00323956389577551,-0.7819241070227957,1.0638120569246137,176.68882012367249,0.0
6,waypoint_23,15.0,0.00323956389577551,-0.7819241070227957,1.0638120569246137,0.0024340072286577197,0.005036175716668367
7,waypoint_23,15.0,0.00323956389577551,-0.7819241070227957,1.0638120569246137,0.0039191340874822345,0.01032928191125393
8,waypoint_23,15.0,0.00323956389577551,-0.7819241070227957,1.0638120569246137,292.00610518455505,0.0
9,waypoint_23,15.0,0.00323956389577551,-0.7819241070227957,1.0638120569246137,282.4086844921112,0.0
10,waypoint_23,15.0,0.00323956389577551,-0.7819241070227957,1.0638120569246137,295.88592052459717,0.0
11,waypoint_23,15.0,0.00323956389577551,-0.7819241070227957,1.0638120569246137,287.9096269607544,0.0
12,waypoint_23,15.0,0.00323956389577551,-0.7819241070227957,1.0638120569246137,356.48152232170105,0.0
13,waypoint_23,15.0,0.00323956389577551,-0.7819241070227957,1.0638120569246137,410.08418798446655,0.0
14,waypoint_23,15.0,0.00323956389577551,-0.7819241070227957,1.0638120569246137,593.0579304695129,0.0
0,waypoint_23,30.0,0.00323956389577551,-0.7819241070227957,1.0638120569246137,257.7821910381317,0.0
1,waypoint_23,30.0,0.00323956389577551,-0.7819241070227957,1.0638120569246137,176.52706801891327,0.0
2,waypoint_23,30.0,0.00323956389577551,-0.7819241070227957,1.0638120569246137,0.020370493075461127,0.008160552941262722
3,waypoint_23,30.0,0.00323956389577551,-0.7819241070227957,1.0638120569246137,0.002939421619885252,0.015291561372578144
4,waypoint_23,30.0,0.00323956389577551,-0.7819241070227957,1.0638120569246137,0.0010062422006740235,0.010929672047495842
5,waypoint_23,30.0,0.00323956389577551,-0.7819241070227957,1.0638120569246137,165.85060954093933,0.0
6,waypoint_23,30.0,0.00323956389577551,-0.7819241070227957,1.0638120569246137,45.34362629055977,0.0
7,waypoint_23,30.0,0.00323956389577551,-0.7819241070227957,1.0638120569246137,0.4716723633464426,2.277394560223911e-05
8,waypoint_23,30.0,0.00323956389577551,-0.7819241070227957,1.0638120569246137,271.33995294570923,0.0
9,waypoint_23,30.0,0.00323956389577551,-0.7819241070227957,1.0638120569246137,256.90603256225586,0.0
10,waypoint_23,30.0,0.00323956389577551,-0.7819241070227957,1.0638120569246137,287.88313269615173,0.0
11,waypoint_23,30.0,0.00323956389577551,-0.7819241070227957,1.0638120569246137,269.19013261795044,0.0
12,waypoint_23,30.0,0.00323956389577551,-0.7819241070227957,1.0638120569246137,348.80515933036804,0.0
13,waypoint_23,30.0,0.00323956389577551,-0.7819241070227957,1.0638120569246137,401.11732482910156,0.0
14,waypoint_23,30.0,0.00323956389577551,-0.7819241070227957,1.0638120569246137,570.9457397460938,0.0
0,waypoint_24,30.0,0.023239563895776028,-0.7819241070227957,1.0638120569246137,313.9289617538452,0.0
1,waypoint_24,30.0,0.023239563895776028,-0.7819241070227957,1.0638120569246137,210.12908220291138,0.0
2,waypoint_24,30.0,0.023239563895776028,-0.7819241070227957,1.0638120569246137,1.0014467407017946,1.8960223542308086e-06
3,waypoint_24,30.0,0.023239563895776028,-0.7819241070227957,1.0638120569246137,0.008382032319786958,0.01541762426495552
4,waypoint_24,30.0,0.023239563895776028,-0.7819241070227957,1.0638120569246137,0.007690847269259393,0.012123173102736473
5,waypoint_24,30.0,0.023239563895776028,-0.7819241070227957,1.0638120569246137,149.21338856220245,0.0
6,waypoint_24,30.0,0.023239563895776028,-0.7819241070227957,1.0638120569246137,88.6230617761612,0.0
7,waypoint_24,30.0,0.023239563895776028,-0.7819241070227957,1.0638120569246137,0.011628810170805082,0.001988073345273733
8,waypoint_24,30.0,0.023239563895776028,-0.7819241070227957,1.0638120569246137,278.4736156463623,0.0
9,waypoint_24,30.0,0.023239563895776028,-0.7819241070227957,1.0638120569246137,259.18304920196533,0.0
10,waypoint_24,30.0,0.023239563895776028,-0.7819241070227957,1.0638120569246137,289.0816628932953,0.0
11,waypoint_24,30.0,0.023239563895776028,-0.7819241070227957,1.0638120569246137,263.9433741569519,0.0
12,waypoint_24,30.0,0.023239563895776028,-0.7819241070227957,1.0638120569246137,340.06211161613464,0.0
13,waypoint_24,30.0,0.023239563895776028,-0.7819241070227957,1.0638120569246137,390.1572525501251,0.0
14,waypoint_24,30.0,0.023239563895776028,-0.7819241070227957,1.0638120569246137,552.57248878479,0.0
0,waypoint_24,15.0,0.023239563895776028,-0.7819241070227957,1.0638120569246137,300.89521408081055,0.0
1,waypoint_24,15.0,0.023239563895776028,-0.7819241070227957,1.0638120569246137,205.92288672924042,0.0
2,waypoint_24,15.0,0.023239563895776028,-0.7819241070227957,1.0638120569246137,0.01415331098542083,0.019157540053129196
3,waypoint_24,15.0,0.023239563895776028,-0.7819241070227957,1.0638120569246137,0.0034796046293195104,0.019785774871706963
4,waypoint_24,15.0,0.023239563895776028,-0.7819241070227957,1.0638120569246137,0.0022992255708231824,0.013626438565552235
5,waypoint_24,15.0,0.023239563895776028,-0.7819241070227957,1.0638120569246137,151.52809023857117,0.0
6,waypoint_24,15.0,0.023239563895776028,-0.7819241070227957,1.0638120569246137,0.017360818674205802,0.0034663367550820112
7,waypoint_24,15.0,0.023239563895776028,-0.7819241070227957,1.0638120569246137,0.009542824955133256,0.009839245118200779
8,waypoint_24,15.0,0.023239563895776028,-0.7819241070227957,1.0638120569246137,295.5159544944763,0.0
9,waypoint_24,15.0,0.023239563895776028,-0.7819241070227957,1.0638120569246137,283.3140194416046,0.0
10,waypoint_24,15.0,0.023239563895776028,-0.7819241070227957,1.0638120569246137,295.97559571266174,0.0
11,waypoint_24,15.0,0.023239563895776028,-0.7819241070227957,1.0638120569246137,283.7139070034027,0.0
12,waypoint_24,15.0,0.023239563895776028,-0.7819241070227957,1.0638120569246137,348.5977053642273,0.0
13,waypoint_24,15.0,0.023239563895776028,-0.7819241070227957,1.0638120569246137,400.31734108924866,0.0
14,waypoint_24,15.0,0.023239563895776028,-0.7819241070227957,1.0638120569246137,564.0161633491516,0.0
0,waypoint_24,0.0,0.023239563895776028,-0.7819241070227957,1.0638120569246137,237.84245550632477,0.0
1,waypoint_24,0.0,0.023239563895776028,-0.7819241070227957,1.0638120569246137,0.04696921678259969,0.01286590751260519
2,waypoint_24,0.0,0.023239563895776028,-0.7819241070227957,1.0638120569246137,0.004599995918397326,0.02655627392232418
3,waypoint_24,0.0,0.023239563895776028,-0.7819241070227957,1.0638120569246137,0.004805479875358287,0.022646404802799225
4,waypoint_24,0.0,0.023239563895776028,-0.7819241070227957,1.0638120569246137,0.0026334191716159694,0.014863187447190285
5,waypoint_24,0.0,0.023239563895776028,-0.7819241070227957,1.0638120569246137,152.1085798740387,0.0
6,waypoint_24,0.0,0.023239563895776028,-0.7819241070227957,1.0638120569246137,0.009058386240212712,0.004074317403137684
7,waypoint_24,0.0,0.023239563895776028,-0.7819241070227957,1.0638120569246137,0.008750165761739481,0.013112884014844894
8,waypoint_24,0.0,0.023239563895776028,-0.7819241070227957,1.0638120569246137,318.50966811180115,0.0
9,waypoint_24,0.0,0.023239563895776028,-0.7819241070227957,1.0638120569246137,300.1576066017151,0.0
10,waypoint_24,0.0,0.023239563895776028,-0.7819241070227957,1.0638120569246137,300.5828261375427,0.0
11,waypoint_24,0.0,0.023239563895776028,-0.7819241070227957,1.0638120569246137,297.79502749443054,0.0
12,waypoint_24,0.0,0.023239563895776028,-0.7819241070227957,1.0638120569246137,353.9769649505615,0.0
13,waypoint_24,0.0,0.023239563895776028,-0.7819241070227957,1.0638120569246137,405.79283237457275,0.0
14,waypoint_24,0.0,0.023239563895776028,-0.7819241070227957,1.0638120569246137,577.7753591537476,0.0
0,waypoint_24,-15.0,0.023239563895776028,-0.7819241070227957,1.0638120569246137,243.09395253658295,0.0
1,waypoint_24,-15.0,0.023239563895776028,-0.7819241070227957,1.0638120569246137,74.23773407936096,0.0
2,waypoint_24,-15.0,0.023239563895776028,-0.7819241070227957,1.0638120569246137,0.003933906555175781,0.030774716287851334
3,waypoint_24,-15.0,0.023239563895776028,-0.7819241070227957,1.0638120569246137,0.0050011103667202406,0.024341745302081108
4,waypoint_24,-15.0,0.023239563895776028,-0.7819241070227957,1.0638120569246137,0.004199484465061687,0.01573318988084793
5,waypoint_24,-15.0,0.023239563895776028,-0.7819241070227957,1.0638120569246137,154.79758381843567,0.0
6,waypoint_24,-15.0,0.023239563895776028,-0.7819241070227957,1.0638120569246137,0.0036525711948343087,0.003911977633833885
7,waypoint_24,-15.0,0.023239563895776028,-0.7819241070227957,1.0638120569246137,0.004505662673182087,0.014218442142009735
8,waypoint_24,-15.0,0.023239563895776028,-0.7819241070227957,1.0638120569246137,336.7132842540741,0.0
9,waypoint_24,-15.0,0.023239563895776028,-0.7819241070227957,1.0638120569246137,317.5323009490967,0.0
10,waypoint_24,-15.0,0.023239563895776028,-0.7819241070227957,1.0638120569246137,305.271178483963,0.0
11,waypoint_24,-15.0,0.023239563895776028,-0.7819241070227957,1.0638120569246137,318.7270164489746,0.0
12,waypoint_24,-15.0,0.023239563895776028,-0.7819241070227957,1.0638120569246137,355.23030161857605,0.0
13,waypoint_24,-15.0,0.023239563895776028,-0.7819241070227957,1.0638120569246137,412.1535122394562,0.0
14,waypoint_24,-15.0,0.023239563895776028,-0.7819241070227957,1.0638120569246137,591.7131900787354,0.0
0,waypoint_24,-30.0,0.023239563895776028,-0.7819241070227957,1.0638120569246137,0.043572585127549246,0.01544236671179533
1,waypoint_24,-30.0,0.023239563895776028,-0.7819241070227957,1.0638120569246137,131.40837848186493,0.0
2,waypoint_24,-30.0,0.023239563895776028,-0.7819241070227957,1.0638120569246137,0.004868645191891119,0.03302556648850441
3,waypoint_24,-30.0,0.023239563895776028,-0.7819241070227957,1.0638120569246137,0.0055313626035058405,0.02504451386630535
4,waypoint_24,-30.0,0.023239563895776028,-0.7819241070227957,1.0638120569246137,0.004320000698498916,0.016129136085510254
5,waypoint_24,-30.0,0.023239563895776028,-0.7819241070227957,1.0638120569246137,158.99191796779633,0.0
6,waypoint_24,-30.0,0.023239563895776028,-0.7819241070227957,1.0638120569246137,0.003537888915161602,0.0034060117322951555
7,waypoint_24,-30.0,0.023239563895776028,-0.7819241070227957,1.0638120569246137,0.0022850163077237085,0.014090146869421005
8,waypoint_24,-30.0,0.023239563895776028,-0.7819241070227957,1.0638120569246137,345.94956040382385,0.0
9,waypoint_24,-30.0,0.023239563895776028,-0.7819241070227957,1.0638120569246137,324.99396800994873,0.0
10,waypoint_24,-30.0,0.023239563895776028,-0.7819241070227957,1.0638120569246137,307.00579285621643,0.0
11,waypoint_24,-30.0,0.023239563895776028,-0.7819241070227957,1.0638120569246137,332.56182074546814,0.0
12,waypoint_24,-30.0,0.023239563895776028,-0.7819241070227957,1.0638120569246137,358.20096731185913,0.0
13,waypoint_24,-30.0,0.023239563895776028,-0.7819241070227957,1.0638120569246137,412.5223159790039,0.0
14,waypoint_24,-30.0,0.023239563895776028,-0.7819241070227957,1.0638120569246137,609.4834804534912,0.0
0,waypoint_25,-30.0,0.0432395638957756,-0.7819241070227957,1.0638120569246137,4.695175681263208,0.0
1,waypoint_25,-30.0,0.0432395638957756,-0.7819241070227957,1.0638120569246137,113.05062472820282,0.0
2,waypoint_25,-30.0,0.0432395638957756,-0.7819241070227957,1.0638120569246137,0.009902267265715636,0.03424821421504021
3,waypoint_25,-30.0,0.0432395638957756,-0.7819241070227957,1.0638120569246137,0.011690414794429671,0.026782136410474777
4,waypoint_25,-30.0,0.0432395638957756,-0.7819241070227957,1.0638120569246137,0.011219773114135023,0.017921842634677887
5,waypoint_25,-30.0,0.0432395638957756,-0.7819241070227957,1.0638120569246137,156.39054775238037,0.0
6,waypoint_25,-30.0,0.0432395638957756,-0.7819241070227957,1.0638120569246137,0.011566536159079988,0.0017422435339540243
7,waypoint_25,-30.0,0.0432395638957756,-0.7819241070227957,1.0638120569246137,0.010710857168305665,0.01187923178076744
8,waypoint_25,-30.0,0.0432395638957756,-0.7819241070227957,1.0638120569246137,348.781019449234,0.0
9,waypoint_25,-30.0,0.0432395638957756,-0.7819241070227957,1.0638120569246137,321.3278353214264,0.0
10,waypoint_25,-30.0,0.0432395638957756,-0.7819241070227957,1.0638120569246137,306.035578250885,0.0
11,waypoint_25,-30.0,0.0432395638957756,-0.7819241070227957,1.0638120569246137,325.0245451927185,0.0
12,waypoint_25,-30.0,0.0432395638957756,-0.7819241070227957,1.0638120569246137,349.8895466327667,0.0
13,waypoint_25,-30.0,0.0432395638957756,-0.7819241070227957,1.0638120569246137,400.45830607414246,0.0
14,waypoint_25,-30.0,0.0432395638957756,-0.7819241070227957,1.0638120569246137,597.5837111473083,0.0
0,waypoint_25,-15.0,0.0432395638957756,-0.7819241070227957,1.0638120569246137,216.98477864265442,0.0
1,waypoint_25,-15.0,0.0432395638957756,-0.7819241070227957,1.0638120569246137,57.051897048950195,0.0
2,waypoint_25,-15.0,0.0432395638957756,-0.7819241070227957,1.0638120569246137,0.003933906555175781,0.03144346550107002
3,waypoint_25,-15.0,0.0432395638957756,-0.7819241070227957,1.0638120569246137,0.004598451141646365,0.025893516838550568
4,waypoint_25,-15.0,0.0432395638957756,-0.7819241070227957,1.0638120569246137,0.005021315246267477,0.0175301656126976
5,waypoint_25,-15.0,0.0432395638957756,-0.7819241070227957,1.0638120569246137,152.14870870113373,0.0
6,waypoint_25,-15.0,0.0432395638957756,-0.7819241070227957,1.0638120569246137,0.007029558673821157,0.0019409682136029005
7,waypoint_25,-15.0,0.0432395638957756,-0.7819241070227957,1.0638120569246137,0.004975671345164301,0.012204358354210854
8,waypoint_25,-15.0,0.0432395638957756,-0.7819241070227957,1.0638120569246137,340.2775526046753,0.0
9,waypoint_25,-15.0,0.0432395638957756,-0.7819241070227957,1.0638120569246137,317.3508942127228,0.0
10,waypoint_25,-15.0,0.0432395638957756,-0.7819241070227957,1.0638120569246137,304.8086166381836,0.0
11,waypoint_25,-15.0,0.0432395638957756,-0.7819241070227957,1.0638120569246137,317.1989321708679,0.0
12,waypoint_25,-15.0,0.0432395638957756,-0.7819241070227957,1.0638120569246137,348.4944701194763,0.0
13,waypoint_25,-15.0,0.0432395638957756,-0.7819241070227957,1.0638120569246137,395.2457904815674,0.0
14,waypoint_25,-15.0,0.0432395638957756,-0.7819241070227957,1.0638120569246137,594.2139029502869,0.0
0,waypoint_25,0.0,0.0432395638957756,-0.7819241070227957,1.0638120569246137,265.70799946784973,0.0
1,waypoint_25,0.0,0.0432395638957756,-0.7819241070227957,1.0638120569246137,0.020183808373985812,0.0026013299357146025
2,waypoint_25,0.0,0.0432395638957756,-0.7819241070227957,1.0638120569246137,0.0025484034722467186,0.02630143240094185
3,waypoint_25,0.0,0.0432395638957756,-0.7819241070227957,1.0638120569246137,0.0043702848415705375,0.023879677057266235
4,waypoint_25,0.0,0.0432395638957756,-0.7819241070227957,1.0638120569246137,0.0036039868973603006,0.016571177169680595
5,waypoint_25,0.0,0.0432395638957756,-0.7819241070227957,1.0638120569246137,149.28385615348816,0.0
6,waypoint_25,0.0,0.0432395638957756,-0.7819241070227957,1.0638120569246137,0.005383924872148782,0.0021176699083298445
7,waypoint_25,0.0,0.0432395638957756,-0.7819241070227957,1.0638120569246137,0.0029098214326950256,0.011490942910313606
8,waypoint_25,0.0,0.0432395638957756,-0.7819241070227957,1.0638120569246137,323.85024428367615,0.0
9,waypoint_25,0.0,0.0432395638957756,-0.7819241070227957,1.0638120569246137,299.7291684150696,0.0
10,waypoint_25,0.0,0.0432395638957756,-0.7819241070227957,1.0638120569246137,302.3260235786438,0.0
11,waypoint_25,0.0,0.0432395638957756,-0.7819241070227957,1.0638120569246137,300.7652759552002,0.0
12,waypoint_25,0.0,0.0432395638957756,-0.7819241070227957,1.0638120569246137,345.9658622741699,0.0
13,waypoint_25,0.0,0.0432395638957756,-0.7819241070227957,1.0638120569246137,393.23294162750244,0.0
14,waypoint_25,0.0,0.0432395638957756,-0.7819241070227957,1.0638120569246137,567.2521591186523,0.0
0,waypoint_25,15.0,0.0432395638957756,-0.7819241070227957,1.0638120569246137,253.282368183136,0.0
1,waypoint_25,15.0,0.0432395638957756,-0.7819241070227957,1.0638120569246137,252.77134776115417,0.0
2,waypoint_25,15.0,0.0432395638957756,-0.7819241070227957,1.0638120569246137,0.0025678466499812203,0.0168562363833189
3,waypoint_25,15.0,0.0432395638957756,-0.7819241070227957,1.0638120569246137,0.002431401981084491,0.020475134253501892
4,waypoint_25,15.0,0.0432395638957756,-0.7819241070227957,1.0638120569246137,0.002744403900578618,0.01510700024664402
5,waypoint_25,15.0,0.0432395638957756,-0.7819241070227957,1.0638120569246137,148.32203090190887,0.0
6,waypoint_25,15.0,0.0432395638957756,-0.7819241070227957,1.0638120569246137,0.003981638201366877,0.0018607532838359475
7,waypoint_25,15.0,0.0432395638957756,-0.7819241070227957,1.0638120569246137,0.003550295559762162,0.008976862765848637
8,waypoint_25,15.0,0.0432395638957756,-0.7819241070227957,1.0638120569246137,302.8457760810852,0.0
9,waypoint_25,15.0,0.0432395638957756,-0.7819241070227957,1.0638120569246137,280.08902072906494,0.0
10,waypoint_25,15.0,0.0432395638957756,-0.7819241070227957,1.0638120569246137,295.504629611969,0.0
11,waypoint_25,15.0,0.0432395638957756,-0.7819241070227957,1.0638120569246137,283.3727300167084,0.0
12,waypoint_25,15.0,0.0432395638957756,-0.7819241070227957,1.0638120569246137,341.729611158371,0.0
13,waypoint_25,15.0,0.0432395638957756,-0.7819241070227957,1.0638120569246137,389.1538083553314,0.0
14,waypoint_25,15.0,0.0432395638957756,-0.7819241070227957,1.0638120569246137,543.940007686615,0.0
0,waypoint_25,30.0,0.0432395638957756,-0.7819241070227957,1.0638120569246137,288.19504380226135,0.0
1,waypoint_25,30.0,0.0432395638957756,-0.7819241070227957,1.0638120569246137,201.74965262413025,0.0
2,waypoint_25,30.0,0.0432395638957756,-0.7819241070227957,1.0638120569246137,16.076458618044853,0.0
3,waypoint_25,30.0,0.0432395638957756,-0.7819241070227957,1.0638120569246137,0.000476837158203125,0.015092180110514164
4,waypoint_25,30.0,0.0432395638957756,-0.7819241070227957,1.0638120569246137,0.0028516944894363405,0.013195397332310677
5,waypoint_25,30.0,0.0432395638957756,-0.7819241070227957,1.0638120569246137,134.39932465553284,0.0
6,waypoint_25,30.0,0.0432395638957756,-0.7819241070227957,1.0638120569246137,93.29082071781158,0.0
7,waypoint_25,30.0,0.0432395638957756,-0.7819241070227957,1.0638120569246137,0.0021633161395584466,0.0020757962483912706
8,waypoint_25,30.0,0.0432395638957756,-0.7819241070227957,1.0638120569246137,285.83866357803345,0.0
9,waypoint_25,30.0,0.0432395638957756,-0.7819241070227957,1.0638120569246137,258.02120566368103,0.0
10,waypoint_25,30.0,0.0432395638957756,-0.7819241070227957,1.0638120569246137,287.17339038848877,0.0
11,waypoint_25,30.0,0.0432395638957756,-0.7819241070227957,1.0638120569246137,263.0138099193573,0.0
12,waypoint_25,30.0,0.0432395638957756,-0.7819241070227957,1.0638120569246137,328.9412260055542,0.0
13,waypoint_25,30.0,0.0432395638957756,-0.7819241070227957,1.0638120569246137,381.00939989089966,0.0
14,waypoint_25,30.0,0.0432395638957756,-0.7819241070227957,1.0638120569246137,502.9510259628296,0.0
0,waypoint_26,30.0,0.06323956389577523,-0.7819241070227957,1.0638120569246137,263.5098695755005,0.0
1,waypoint_26,30.0,0.06323956389577523,-0.7819241070227957,1.0638120569246137,197.93546199798584,0.0
2,waypoint_26,30.0,0.06323956389577523,-0.7819241070227957,1.0638120569246137,140.40569961071014,0.0
3,waypoint_26,30.0,0.06323956389577523,-0.7819241070227957,1.0638120569246137,0.008289975085062906,0.01412724144756794
4,waypoint_26,30.0,0.06323956389577523,-0.7819241070227957,1.0638120569246137,0.010928963092737831,0.014113054610788822
5,waypoint_26,30.0,0.06323956389577523,-0.7819241070227957,1.0638120569246137,97.88015484809875,0.0
6,waypoint_26,30.0,0.06323956389577523,-0.7819241070227957,1.0638120569246137,107.87859559059143,0.0
7,waypoint_26,30.0,0.06323956389577523,-0.7819241070227957,1.0638120569246137,0.008990653441287577,0.0024106898345053196
8,waypoint_26,30.0,0.06323956389577523,-0.7819241070227957,1.0638120569246137,294.1533625125885,0.0
9,waypoint_26,30.0,0.06323956389577523,-0.7819241070227957,1.0638120569246137,259.70399379730225,0.0
10,waypoint_26,30.0,0.06323956389577523,-0.7819241070227957,1.0638120569246137,290.77744483947754,0.0
11,waypoint_26,30.0,0.06323956389577523,-0.7819241070227957,1.0638120569246137,258.0002248287201,0.0
12,waypoint_26,30.0,0.06323956389577523,-0.7819241070227957,1.0638120569246137,325.70141553878784,0.0
13,waypoint_26,30.0,0.06323956389577523,-0.7819241070227957,1.0638120569246137,372.2083568572998,0.0
14,waypoint_26,30.0,0.06323956389577523,-0.7819241070227957,1.0638120569246137,486.72252893447876,0.0
0,waypoint_26,15.0,0.06323956389577523,-0.7819241070227957,1.0638120569246137,240.42028188705444,0.0
1,waypoint_26,15.0,0.06323956389577523,-0.7819241070227957,1.0638120569246137,206.59232139587402,0.0
2,waypoint_26,15.0,0.06323956389577523,-0.7819241070227957,1.0638120569246137,0.08290523692267016,0.011210767552256584
3,waypoint_26,15.0,0.06323956389577523,-0.7819241070227957,1.0638120569246137,0.004636919584299903,0.020867180079221725
4,waypoint_26,15.0,0.06323956389577523,-0.7819241070227957,1.0638120569246137,0.002457562459312612,0.016489440575242043
5,waypoint_26,15.0,0.06323956389577523,-0.7819241070227957,1.0638120569246137,123.02293628454208,0.0
6,waypoint_26,15.0,0.06323956389577523,-0.7819241070227957,1.0638120569246137,137.5708281993866,0.0
7,waypoint_26,15.0,0.06323956389577523,-0.7819241070227957,1.0638120569246137,0.012596111446327996,0.007841624319553375
8,waypoint_26,15.0,0.06323956389577523,-0.7819241070227957,1.0638120569246137,309.9726736545563,0.0
9,waypoint_26,15.0,0.06323956389577523,-0.7819241070227957,1.0638120569246137,284.69088673591614,0.0
10,waypoint_26,15.0,0.06323956389577523,-0.7819241070227957,1.0638120569246137,296.3341772556305,0.0
11,waypoint_26,15.0,0.06323956389577523,-0.7819241070227957,1.0638120569246137,283.7454080581665,0.0
12,waypoint_26,15.0,0.06323956389577523,-0.7819241070227957,1.0638120569246137,332.5919508934021,0.0
13,waypoint_26,15.0,0.06323956389577523,-0.7819241070227957,1.0638120569246137,381.23589754104614,0.0
14,waypoint_26,15.0,0.06323956389577523,-0.7819241070227957,1.0638120569246137,497.45720624923706,0.0
0,waypoint_26,0.0,0.06323956389577523,-0.7819241070227957,1.0638120569246137,284.00716185569763,0.0
1,waypoint_26,0.0,0.06323956389577523,-0.7819241070227957,1.0638120569246137,210.2707475423813,0.0
2,waypoint_26,0.0,0.06323956389577523,-0.7819241070227957,1.0638120569246137,62.93760985136032,0.0
3,waypoint_26,0.0,0.06323956389577523,-0.7819241070227957,1.0638120569246137,0.0034052984574373113,0.024939972907304764
4,waypoint_26,0.0,0.06323956389577523,-0.7819241070227957,1.0638120569246137,0.004709898348664865,0.01821795292198658
5,waypoint_26,0.0,0.06323956389577523,-0.7819241070227957,1.0638120569246137,133.22804868221283,0.0
6,waypoint_26,0.0,0.06323956389577523,-0.7819241070227957,1.0638120569246137,2.179583767428994,0.0
7,waypoint_26,0.0,0.06323956389577523,-0.7819241070227957,1.0638120569246137,0.0037942697872495046,0.009743839502334595
8,waypoint_26,0.0,0.06323956389577523,-0.7819241070227957,1.0638120569246137,329.79223132133484,0.0
9,waypoint_26,0.0,0.06323956389577523,-0.7819241070227957,1.0638120569246137,304.3685257434845,0.0
10,waypoint_26,0.0,0.06323956389577523,-0.7819241070227957,1.0638120569246137,301.1409342288971,0.0
11,waypoint_26,0.0,0.06323956389577523,-0.7819241070227957,1.0638120569246137,302.5516867637634,0.0
12,waypoint_26,0.0,0.06323956389577523,-0.7819241070227957,1.0638120569246137,337.98518776893616,0.0
13,waypoint_26,0.0,0.06323956389577523,-0.7819241070227957,1.0638120569246137,386.72128319740295,0.0
14,waypoint_26,0.0,0.06323956389577523,-0.7819241070227957,1.0638120569246137,515.4524445533752,0.0
0,waypoint_26,-15.0,0.06323956389577523,-0.7819241070227957,1.0638120569246137,251.64496898651123,0.0
1,waypoint_26,-15.0,0.06323956389577523,-0.7819241070227957,1.0638120569246137,243.87319386005402,0.0
2,waypoint_26,-15.0,0.06323956389577523,-0.7819241070227957,1.0638120569246137,71.8272253870964,0.0
3,waypoint_26,-15.0,0.06323956389577523,-0.7819241070227957,1.0638120569246137,0.003881173142872285,0.02734680473804474
4,waypoint_26,-15.0,0.06323956389577523,-0.7819241070227957,1.0638120569246137,0.004759422608913155,0.019297301769256592
5,waypoint_26,-15.0,0.06323956389577523,-0.7819241070227957,1.0638120569246137,146.84194326400757,0.0
6,waypoint_26,-15.0,0.06323956389577523,-0.7819241070227957,1.0638120569246137,47.94252663850784,0.0
7,waypoint_26,-15.0,0.06323956389577523,-0.7819241070227957,1.0638120569246137,0.005466614311444573,0.010142410174012184
8,waypoint_26,-15.0,0.06323956389577523,-0.7819241070227957,1.0638120569246137,344.8448181152344,0.0
9,waypoint_26,-15.0,0.06323956389577523,-0.7819241070227957,1.0638120569246137,324.9802589416504,0.0
10,waypoint_26,-15.0,0.06323956389577523,-0.7819241070227957,1.0638120569246137,305.2242398262024,0.0
11,waypoint_26,-15.0,0.06323956389577523,-0.7819241070227957,1.0638120569246137,319.81998682022095,0.0
12,waypoint_26,-15.0,0.06323956389577523,-0.7819241070227957,1.0638120569246137,337.19974756240845,0.0
13,waypoint_26,-15.0,0.06323956389577523,-0.7819241070227957,1.0638120569246137,387.39171624183655,0.0
14,waypoint_26,-15.0,0.06323956389577523,-0.7819241070227957,1.0638120569246137,548.2479929924011,0.0
0,waypoint_26,-30.0,0.06323956389577523,-0.7819241070227957,1.0638120569246137,193.3096945285797,0.0
1,waypoint_26,-30.0,0.06323956389577523,-0.7819241070227957,1.0638120569246137,0.01025910023599863,0.033701274544000626
2,waypoint_26,-30.0,0.06323956389577523,-0.7819241070227957,1.0638120569246137,140.22408425807953,0.0
3,waypoint_26,-30.0,0.06323956389577523,-0.7819241070227957,1.0638120569246137,0.0040478530536347535,0.02847343310713768
4,waypoint_26,-30.0,0.06323956389577523,-0.7819241070227957,1.0638120569246137,0.004456020178622566,0.019711654633283615
5,waypoint_26,-30.0,0.06323956389577523,-0.7819241070227957,1.0638120569246137,161.6538017988205,0.0
6,waypoint_26,-30.0,0.06323956389577523,-0.7819241070227957,1.0638120569246137,0.14132844808045775,0.0016232726629823446
7,waypoint_26,-30.0,0.06323956389577523,-0.7819241070227957,1.0638120569246137,0.0030282737952802563,0.009680449962615967
8,waypoint_26,-30.0,0.06323956389577523,-0.7819241070227957,1.0638120569246137,353.3158600330353,0.0
9,waypoint_26,-30.0,0.06323956389577523,-0.7819241070227957,1.0638120569246137,337.84207701683044,0.0
10,waypoint_26,-30.0,0.06323956389577523,-0.7819241070227957,1.0638120569246137,306.3104748725891,0.0
11,waypoint_26,-30.0,0.06323956389577523,-0.7819241070227957,1.0638120569246137,326.09817385673523,0.0
12,waypoint_26,-30.0,0.06323956389577523,-0.7819241070227957,1.0638120569246137,339.2152488231659,0.0
13,waypoint_26,-30.0,0.06323956389577523,-0.7819241070227957,1.0638120569246137,391.37178659439087,0.0
14,waypoint_26,-30.0,0.06323956389577523,-0.7819241070227957,1.0638120569246137,590.0909900665283,0.0
0,waypoint_27,-30.0,0.08323956389577541,-0.7819241070227957,1.0638120569246137,186.42479181289673,0.0
1,waypoint_27,-30.0,0.08323956389577541,-0.7819241070227957,1.0638120569246137,0.012587168384925462,0.030730335041880608
2,waypoint_27,-30.0,0.08323956389577541,-0.7819241070227957,1.0638120569246137,124.9765157699585,0.0
3,waypoint_27,-30.0,0.08323956389577541,-0.7819241070227957,1.0638120569246137,0.009363053322886117,0.03009905107319355
4,waypoint_27,-30.0,0.08323956389577541,-0.7819241070227957,1.0638120569246137,0.008699011232238263,0.021500134840607643
5,waypoint_27,-30.0,0.08323956389577541,-0.7819241070227957,1.0638120569246137,157.41443634033203,0.0
6,waypoint_27,-30.0,0.08323956389577541,-0.7819241070227957,1.0638120569246137,0.0141714035635232,0.003443770343437791
7,waypoint_27,-30.0,0.08323956389577541,-0.7819241070227957,1.0638120569246137,0.008912093107937835,0.007511692587286234
8,waypoint_27,-30.0,0.08323956389577541,-0.7819241070227957,1.0638120569246137,358.223021030426,0.0
9,waypoint_27,-30.0,0.08323956389577541,-0.7819241070227957,1.0638120569246137,338.0911946296692,0.0
10,waypoint_27,-30.0,0.08323956389577541,-0.7819241070227957,1.0638120569246137,307.9625964164734,0.0
11,waypoint_27,-30.0,0.08323956389577541,-0.7819241070227957,1.0638120569246137,323.65649938583374,0.0
12,waypoint_27,-30.0,0.08323956389577541,-0.7819241070227957,1.0638120569246137,332.4654996395111,0.0
13,waypoint_27,-30.0,0.08323956389577541,-0.7819241070227957,1.0638120569246137,381.0676336288452,0.0
14,waypoint_27,-30.0,0.08323956389577541,-0.7819241070227957,1.0638120569246137,585.2239727973938,0.0
0,waypoint_27,-15.0,0.08323956389577541,-0.7819241070227957,1.0638120569246137,253.96105647087097,0.0
1,waypoint_27,-15.0,0.08323956389577541,-0.7819241070227957,1.0638120569246137,0.0053205285439617,0.014127117581665516
2,waypoint_27,-15.0,0.08323956389577541,-0.7819241070227957,1.0638120569246137,84.54745262861252,0.0
3,waypoint_27,-15.0,0.08323956389577541,-0.7819241070227957,1.0638120569246137,0.0036393016671354417,0.02867143601179123
4,waypoint_27,-15.0,0.08323956389577541,-0.7819241070227957,1.0638120569246137,0.0045553706513601355,0.021028263494372368
5,waypoint_27,-15.0,0.08323956389577541,-0.7819241070227957,1.0638120569246137,142.607644200325,0.0
6,waypoint_27,-15.0,0.08323956389577541,-0.7819241070227957,1.0638120569246137,0.004084719421371119,0.002510602818801999
7,waypoint_27,-15.0,0.08323956389577541,-0.7819241070227957,1.0638120569246137,0.00285963528767752,0.008058329112827778
8,waypoint_27,-15.0,0.08323956389577541,-0.7819241070227957,1.0638120569246137,350.6651520729065,0.0
9,waypoint_27,-15.0,0.08323956389577541,-0.7819241070227957,1.0638120569246137,326.44596695899963,0.0
10,waypoint_27,-15.0,0.08323956389577541,-0.7819241070227957,1.0638120569246137,307.5293004512787,0.0
11,waypoint_27,-15.0,0.08323956389577541,-0.7819241070227957,1.0638120569246137,329.0274739265442,0.0
12,waypoint_27,-15.0,0.08323956389577541,-0.7819241070227957,1.0638120569246137,331.74753189086914,0.0
13,waypoint_27,-15.0,0.08323956389577541,-0.7819241070227957,1.0638120569246137,381.53889775276184,0.0
14,waypoint_27,-15.0,0.08323956389577541,-0.7819241070227957,1.0638120569246137,573.8205313682556,0.0
0,waypoint_27,0.0,0.08323956389577541,-0.7819241070227957,1.0638120569246137,289.05200958251953,0.0
1,waypoint_27,0.0,0.08323956389577541,-0.7819241070227957,1.0638120569246137,226.26908123493195,0.0
2,waypoint_27,0.0,0.08323956389577541,-0.7819241070227957,1.0638120569246137,51.61302164196968,0.0
3,waypoint_27,0.0,0.08323956389577541,-0.7819241070227957,1.0638120569246137,0.0035543564536055783,0.025781624019145966
4,waypoint_27,0.0,0.08323956389577541,-0.7819241070227957,1.0638120569246137,0.003306312237327802,0.01979113183915615
5,waypoint_27,0.0,0.08323956389577541,-0.7819241070227957,1.0638120569246137,129.0878802537918,0.0
6,waypoint_27,0.0,0.08323956389577541,-0.7819241070227957,1.0638120569246137,0.004884405370830791,0.001805978361517191
7,waypoint_27,0.0,0.08323956389577541,-0.7819241070227957,1.0638120569246137,0.003409990085856407,0.007907657884061337
8,waypoint_27,0.0,0.08323956389577541,-0.7819241070227957,1.0638120569246137,337.13528513908386,0.0
9,waypoint_27,0.0,0.08323956389577541,-0.7819241070227957,1.0638120569246137,307.9054057598114,0.0
10,waypoint_27,0.0,0.08323956389577541,-0.7819241070227957,1.0638120569246137,305.7801127433777,0.0
11,waypoint_27,0.0,0.08323956389577541,-0.7819241070227957,1.0638120569246137,308.14820528030396,0.0
12,waypoint_27,0.0,0.08323956389577541,-0.7819241070227957,1.0638120569246137,327.98975706100464,0.0
13,waypoint_27,0.0,0.08323956389577541,-0.7819241070227957,1.0638120569246137,375.5374848842621,0.0
14,waypoint_27,0.0,0.08323956389577541,-0.7819241070227957,1.0638120569246137,548.7843751907349,0.0
0,waypoint_27,15.0,0.08323956389577541,-0.7819241070227957,1.0638120569246137,286.6070568561554,0.0
1,waypoint_27,15.0,0.08323956389577541,-0.7819241070227957,1.0638120569246137,231.97346925735474,0.0
2,waypoint_27,15.0,0.08323956389577541,-0.7819241070227957,1.0638120569246137,0.4237940302118659,5.115952550482916e-09
3,waypoint_27,15.0,0.08323956389577541,-0.7819241070227957,1.0638120569246137,0.003602014658099506,0.020873770117759705
4,waypoint_27,15.0,0.08323956389577541,-0.7819241070227957,1.0638120569246137,0.0027855207918037195,0.017750438302755356
5,waypoint_27,15.0,0.08323956389577541,-0.7819241070227957,1.0638120569246137,119.03388053178787,0.0
6,waypoint_27,15.0,0.08323956389577541,-0.7819241070227957,1.0638120569246137,0.014790789464314003,0.0019704445730894804
7,waypoint_27,15.0,0.08323956389577541,-0.7819241070227957,1.0638120569246137,0.002986521394632291,0.006510332692414522
8,waypoint_27,15.0,0.08323956389577541,-0.7819241070227957,1.0638120569246137,319.00179386138916,0.0
9,waypoint_27,15.0,0.08323956389577541,-0.7819241070227957,1.0638120569246137,288.21322321891785,0.0
10,waypoint_27,15.0,0.08323956389577541,-0.7819241070227957,1.0638120569246137,300.7347583770752,0.0
11,waypoint_27,15.0,0.08323956389577541,-0.7819241070227957,1.0638120569246137,289.0145778656006,0.0
12,waypoint_27,15.0,0.08323956389577541,-0.7819241070227957,1.0638120569246137,321.9444751739502,0.0
13,waypoint_27,15.0,0.08323956389577541,-0.7819241070227957,1.0638120569246137,376.80983543395996,0.0
14,waypoint_27,15.0,0.08323956389577541,-0.7819241070227957,1.0638120569246137,520.9765434265137,0.0
0,waypoint_27,30.0,0.08323956389577541,-0.7819241070227957,1.0638120569246137,292.79953241348267,0.0
1,waypoint_27,30.0,0.08323956389577541,-0.7819241070227957,1.0638120569246137,279.0640592575073,0.0
2,waypoint_27,30.0,0.08323956389577541,-0.7819241070227957,1.0638120569246137,155.6227058172226,0.0
3,waypoint_27,30.0,0.08323956389577541,-0.7819241070227957,1.0638120569246137,0.003873843525070697,0.012159670703113079
4,waypoint_27,30.0,0.08323956389577541,-0.7819241070227957,1.0638120569246137,0.0021981106783641735,0.014830377884209156
5,waypoint_27,30.0,0.08323956389577541,-0.7819241070227957,1.0638120569246137,78.86552810668945,0.0
6,waypoint_27,30.0,0.08323956389577541,-0.7819241070227957,1.0638120569246137,0.005197665359446546,0.002955063246190548
7,waypoint_27,30.0,0.08323956389577541,-0.7819241070227957,1.0638120569246137,0.0018602146383273066,0.0025532711297273636
8,waypoint_27,30.0,0.08323956389577541,-0.7819241070227957,1.0638120569246137,302.9078543186188,0.0
9,waypoint_27,30.0,0.08323956389577541,-0.7819241070227957,1.0638120569246137,265.45968651771545,0.0
10,waypoint_27,30.0,0.08323956389577541,-0.7819241070227957,1.0638120569246137,294.66360807418823,0.0
11,waypoint_27,30.0,0.08323956389577541,-0.7819241070227957,1.0638120569246137,268.8858211040497,0.0
12,waypoint_27,30.0,0.08323956389577541,-0.7819241070227957,1.0638120569246137,315.5917227268219,0.0
13,waypoint_27,30.0,0.08323956389577541,-0.7819241070227957,1.0638120569246137,370.614618062973,0.0
14,waypoint_27,30.0,0.08323956389577541,-0.7819241070227957,1.0638120569246137,496.11175060272217,0.0
0,waypoint_28,30.0,0.10323956389577521,-0.7819241070227957,1.0638120569246137,298.6660301685333,0.0
1,waypoint_28,30.0,0.10323956389577521,-0.7819241070227957,1.0638120569246137,297.57940769195557,0.0
2,waypoint_28,30.0,0.10323956389577521,-0.7819241070227957,1.0638120569246137,164.83323276042938,0.0
3,waypoint_28,30.0,0.10323956389577521,-0.7819241070227957,1.0638120569246137,0.010855247637664434,0.008144194260239601
4,waypoint_28,30.0,0.10323956389577521,-0.7819241070227957,1.0638120569246137,0.011191079465788789,0.015291597694158554
5,waypoint_28,30.0,0.10323956389577521,-0.7819241070227957,1.0638120569246137,60.26154011487961,0.0
6,waypoint_28,30.0,0.10323956389577521,-0.7819241070227957,1.0638120569246137,0.01072172472049715,0.0041473545134067535
7,waypoint_28,30.0,0.10323956389577521,-0.7819241070227957,1.0638120569246137,59.982240200042725,0.0
8,waypoint_28,30.0,0.10323956389577521,-0.7819241070227957,1.0638120569246137,313.019335269928,0.0
9,waypoint_28,30.0,0.10323956389577521,-0.7819241070227957,1.0638120569246137,271.90107107162476,0.0
10,waypoint_28,30.0,0.10323956389577521,-0.7819241070227957,1.0638120569246137,299.24720525741577,0.0
11,waypoint_28,30.0,0.10323956389577521,-0.7819241070227957,1.0638120569246137,269.5448100566864,0.0
12,waypoint_28,30.0,0.10323956389577521,-0.7819241070227957,1.0638120569246137,311.13433837890625,0.0
13,waypoint_28,30.0,0.10323956389577521,-0.7819241070227957,1.0638120569246137,363.37989568710327,0.0
14,waypoint_28,30.0,0.10323956389577521,-0.7819241070227957,1.0638120569246137,454.8567235469818,0.0
0,waypoint_28,15.0,0.10323956389577521,-0.7819241070227957,1.0638120569246137,215.6984508037567,0.0
1,waypoint_28,15.0,0.10323956389577521,-0.7819241070227957,1.0638120569246137,234.67014729976654,0.0
2,waypoint_28,15.0,0.10323956389577521,-0.7819241070227957,1.0638120569246137,137.66300678253174,0.0
3,waypoint_28,15.0,0.10323956389577521,-0.7819241070227957,1.0638120569246137,0.012287812751310412,0.020370561629533768
4,waypoint_28,15.0,0.10323956389577521,-0.7819241070227957,1.0638120569246137,0.0045798715291311964,0.01886138878762722
5,waypoint_28,15.0,0.10323956389577521,-0.7819241070227957,1.0638120569246137,97.61398285627365,0.0
6,waypoint_28,15.0,0.10323956389577521,-0.7819241070227957,1.0638120569246137,0.004226055807521334,0.0036149288062006235
7,waypoint_28,15.0,0.10323956389577521,-0.7819241070227957,1.0638120569246137,0.02076253258564975,0.005035665817558765
8,waypoint_28,15.0,0.10323956389577521,-0.7819241070227957,1.0638120569246137,328.28986644744873,0.0
9,waypoint_28,15.0,0.10323956389577521,-0.7819241070227957,1.0638120569246137,293.1916117668152,0.0
10,waypoint_28,15.0,0.10323956389577521,-0.7819241070227957,1.0638120569246137,303.713321685791,0.0
11,waypoint_28,15.0,0.10323956389577521,-0.7819241070227957,1.0638120569246137,293.17706823349,0.0
12,waypoint_28,15.0,0.10323956389577521,-0.7819241070227957,1.0638120569246137,316.89897179603577,0.0
13,waypoint_28,15.0,0.10323956389577521,-0.7819241070227957,1.0638120569246137,369.7696030139923,0.0
14,waypoint_28,15.0,0.10323956389577521,-0.7819241070227957,1.0638120569246137,472.1144139766693,0.0
0,waypoint_28,0.0,0.10323956389577521,-0.7819241070227957,1.0638120569246137,254.78559732437134,0.0
1,waypoint_28,0.0,0.10323956389577521,-0.7819241070227957,1.0638120569246137,215.1130735874176,0.0
2,waypoint_28,0.0,0.10323956389577521,-0.7819241070227957,1.0638120569246137,34.88942235708237,0.0
3,waypoint_28,0.0,0.10323956389577521,-0.7819241070227957,1.0638120569246137,0.0040810687096382026,0.026346266269683838
4,waypoint_28,0.0,0.10323956389577521,-0.7819241070227957,1.0638120569246137,0.00302343050861964,0.02127419412136078
5,waypoint_28,0.0,0.10323956389577521,-0.7819241070227957,1.0638120569246137,116.76789075136185,0.0
6,waypoint_28,0.0,0.10323956389577521,-0.7819241070227957,1.0638120569246137,0.005545814929064363,0.003753145458176732
7,waypoint_28,0.0,0.10323956389577521,-0.7819241070227957,1.0638120569246137,0.007173794983827975,0.006010308861732483
8,waypoint_28,0.0,0.10323956389577521,-0.7819241070227957,1.0638120569246137,344.9489176273346,0.0
9,waypoint_28,0.0,0.10323956389577521,-0.7819241070227957,1.0638120569246137,312.6792907714844,0.0
10,waypoint_28,0.0,0.10323956389577521,-0.7819241070227957,1.0638120569246137,308.0660104751587,0.0
11,waypoint_28,0.0,0.10323956389577521,-0.7819241070227957,1.0638120569246137,314.2845332622528,0.0
12,waypoint_28,0.0,0.10323956389577521,-0.7819241070227957,1.0638120569246137,323.35931062698364,0.0
13,waypoint_28,0.0,0.10323956389577521,-0.7819241070227957,1.0638120569246137,372.4261522293091,0.0
14,waypoint_28,0.0,0.10323956389577521,-0.7819241070227957,1.0638120569246137,492.03693866729736,0.0
0,waypoint_28,-15.0,0.10323956389577521,-0.7819241070227957,1.0638120569246137,255.83958625793457,0.0
1,waypoint_28,-15.0,0.10323956389577521,-0.7819241070227957,1.0638120569246137,248.41080605983734,0.0
2,waypoint_28,-15.0,0.10323956389577521,-0.7819241070227957,1.0638120569246137,85.5041891336441,0.0
3,waypoint_28,-15.0,0.10323956389577521,-0.7819241070227957,1.0638120569246137,0.003814697265625,0.029830044135451317
4,waypoint_28,-15.0,0.10323956389577521,-0.7819241070227957,1.0638120569246137,0.00442200598627096,0.02271413616836071
5,waypoint_28,-15.0,0.10323956389577521,-0.7819241070227957,1.0638120569246137,139.63039219379425,0.0
6,waypoint_28,-15.0,0.10323956389577521,-0.7819241070227957,1.0638120569246137,0.004915124918625224,0.004434175323694944
7,waypoint_28,-15.0,0.10323956389577521,-0.7819241070227957,1.0638120569246137,0.004792246727447491,0.00597298052161932
8,waypoint_28,-15.0,0.10323956389577521,-0.7819241070227957,1.0638120569246137,358.0486476421356,0.0
9,waypoint_28,-15.0,0.10323956389577521,-0.7819241070227957,1.0638120569246137,330.05425333976746,0.0
10,waypoint_28,-15.0,0.10323956389577521,-0.7819241070227957,1.0638120569246137,310.55471301078796,0.0
11,waypoint_28,-15.0,0.10323956389577521,-0.7819241070227957,1.0638120569246137,337.13430166244507,0.0
12,waypoint_28,-15.0,0.10323956389577521,-0.7819241070227957,1.0638120569246137,321.7872977256775,0.0
13,waypoint_28,-15.0,0.10323956389577521,-0.7819241070227957,1.0638120569246137,370.5151379108429,0.0
14,waypoint_28,-15.0,0.10323956389577521,-0.7819241070227957,1.0638120569246137,513.7872695922852,0.0
0,waypoint_28,-30.0,0.10323956389577521,-0.7819241070227957,1.0638120569246137,146.2392508983612,0.0
1,waypoint_28,-30.0,0.10323956389577521,-0.7819241070227957,1.0638120569246137,40.767017751932144,0.0
2,waypoint_28,-30.0,0.10323956389577521,-0.7819241070227957,1.0638120569246137,140.05349576473236,0.0
3,waypoint_28,-30.0,0.10323956389577521,-0.7819241070227957,1.0638120569246137,0.005321863682183903,0.03162779286503792
4,waypoint_28,-30.0,0.10323956389577521,-0.7819241070227957,1.0638120569246137,0.0046830441533529665,0.02327972836792469
5,waypoint_28,-30.0,0.10323956389577521,-0.7819241070227957,1.0638120569246137,162.7824902534485,0.0
6,waypoint_28,-30.0,0.10323956389577521,-0.7819241070227957,1.0638120569246137,0.005993606464471668,0.0052390992641448975
7,waypoint_28,-30.0,0.10323956389577521,-0.7819241070227957,1.0638120569246137,0.005272068847261835,0.005403763614594936
8,waypoint_28,-30.0,0.10323956389577521,-0.7819241070227957,1.0638120569246137,365.2113974094391,0.0
9,waypoint_28,-30.0,0.10323956389577521,-0.7819241070227957,1.0638120569246137,341.2049114704132,0.0
10,waypoint_28,-30.0,0.10323956389577521,-0.7819241070227957,1.0638120569246137,310.8116686344147,0.0
11,waypoint_28,-30.0,0.10323956389577521,-0.7819241070227957,1.0638120569246137,339.7161662578583,0.0
12,waypoint_28,-30.0,0.10323956389577521,-0.7819241070227957,1.0638120569246137,324.5407044887543,0.0
13,waypoint_28,-30.0,0.10323956389577521,-0.7819241070227957,1.0638120569246137,363.11304569244385,0.0
14,waypoint_28,-30.0,0.10323956389577521,-0.7819241070227957,1.0638120569246137,537.0383262634277,0.0
0,waypoint_29,-30.0,0.12323956389577545,-0.7819241070227957,1.0638120569246137,188.58107924461365,0.0
1,waypoint_29,-30.0,0.12323956389577545,-0.7819241070227957,1.0638120569246137,0.0276426781056216,0.01543333288282156
2,waypoint_29,-30.0,0.12323956389577545,-0.7819241070227957,1.0638120569246137,125.45932829380035,0.0
3,waypoint_29,-30.0,0.12323956389577545,-0.7819241070227957,1.0638120569246137,0.0109153015728225,0.03302638605237007
4,waypoint_29,-30.0,0.12323956389577545,-0.7819241070227957,1.0638120569246137,0.00988862393569434,0.025045381858944893
5,waypoint_29,-30.0,0.12323956389577545,-0.7819241070227957,1.0638120569246137,157.86725282669067,0.0
6,waypoint_29,-30.0,0.12323956389577545,-0.7819241070227957,1.0638120569246137,0.011396770787541755,0.007077322807163
7,waypoint_29,-30.0,0.12323956389577545,-0.7819241070227957,1.0638120569246137,0.010204238606092986,0.0034050457179546356
8,waypoint_29,-30.0,0.12323956389577545,-0.7819241070227957,1.0638120569246137,371.72672152519226,0.0
9,waypoint_29,-30.0,0.12323956389577545,-0.7819241070227957,1.0638120569246137,343.5375988483429,0.0
10,waypoint_29,-30.0,0.12323956389577545,-0.7819241070227957,1.0638120569246137,314.7125542163849,0.0
11,waypoint_29,-30.0,0.12323956389577545,-0.7819241070227957,1.0638120569246137,335.9760642051697,0.0
12,waypoint_29,-30.0,0.12323956389577545,-0.7819241070227957,1.0638120569246137,319.49174404144287,0.0
13,waypoint_29,-30.0,0.12323956389577545,-0.7819241070227957,1.0638120569246137,353.87083888053894,0.0
14,waypoint_29,-30.0,0.12323956389577545,-0.7819241070227957,1.0638120569246137,521.6386914253235,0.0
0,waypoint_29,-15.0,0.12323956389577545,-0.7819241070227957,1.0638120569246137,214.61302042007446,0.0
1,waypoint_29,-15.0,0.12323956389577545,-0.7819241070227957,1.0638120569246137,265.2762830257416,0.0
2,waypoint_29,-15.0,0.12323956389577545,-0.7819241070227957,1.0638120569246137,70.9250271320343,0.0
3,waypoint_29,-15.0,0.12323956389577545,-0.7819241070227957,1.0638120569246137,0.003198720833097468,0.030774235725402832
4,waypoint_29,-15.0,0.12323956389577545,-0.7819241070227957,1.0638120569246137,0.006186261543916771,0.02434166893362999
5,waypoint_29,-15.0,0.12323956389577545,-0.7819241070227957,1.0638120569246137,134.80696082115173,0.0
6,waypoint_29,-15.0,0.12323956389577545,-0.7819241070227957,1.0638120569246137,0.003731960077857366,0.006371768657118082
7,waypoint_29,-15.0,0.12323956389577545,-0.7819241070227957,1.0638120569246137,0.004612168140738504,0.003912053070962429
8,waypoint_29,-15.0,0.12323956389577545,-0.7819241070227957,1.0638120569246137,366.0809397697449,0.0
9,waypoint_29,-15.0,0.12323956389577545,-0.7819241070227957,1.0638120569246137,333.5995376110077,0.0
10,waypoint_29,-15.0,0.12323956389577545,-0.7819241070227957,1.0638120569246137,314.5798146724701,0.0
11,waypoint_29,-15.0,0.12323956389577545,-0.7819241070227957,1.0638120569246137,337.4478220939636,0.0
12,waypoint_29,-15.0,0.12323956389577545,-0.7819241070227957,1.0638120569246137,319.07936930656433,0.0
13,waypoint_29,-15.0,0.12323956389577545,-0.7819241070227957,1.0638120569246137,353.37361693382263,0.0
14,waypoint_29,-15.0,0.12323956389577545,-0.7819241070227957,1.0638120569246137,510.4302167892456,0.0
0,waypoint_29,0.0,0.12323956389577545,-0.7819241070227957,1.0638120569246137,259.71025228500366,0.0
1,waypoint_29,0.0,0.12323956389577545,-0.7819241070227957,1.0638120569246137,227.57463157176971,0.0
2,waypoint_29,0.0,0.12323956389577545,-0.7819241070227957,1.0638120569246137,0.1555202470626682,0.01283526886254549
3,waypoint_29,0.0,0.12323956389577545,-0.7819241070227957,1.0638120569246137,0.0027210026019020006,0.026555048301815987
4,waypoint_29,0.0,0.12323956389577545,-0.7819241070227957,1.0638120569246137,0.003586694219848141,0.02264617383480072
5,waypoint_29,0.0,0.12323956389577545,-0.7819241070227957,1.0638120569246137,112.19069361686707,0.0
6,waypoint_29,0.0,0.12323956389577545,-0.7819241070227957,1.0638120569246137,0.003300161552033387,0.005681110545992851
7,waypoint_29,0.0,0.12323956389577545,-0.7819241070227957,1.0638120569246137,0.004246282060194062,0.004074351862072945
8,waypoint_29,0.0,0.12323956389577545,-0.7819241070227957,1.0638120569246137,355.0183176994324,0.0
9,waypoint_29,0.0,0.12323956389577545,-0.7819241070227957,1.0638120569246137,317.5475001335144,0.0
10,waypoint_29,0.0,0.12323956389577545,-0.7819241070227957,1.0638120569246137,312.959223985672,0.0
11,waypoint_29,0.0,0.12323956389577545,-0.7819241070227957,1.0638120569246137,317.6201581954956,0.0
12,waypoint_29,0.0,0.12323956389577545,-0.7819241070227957,1.0638120569246137,316.03795289993286,0.0
13,waypoint_29,0.0,0.12323956389577545,-0.7819241070227957,1.0638120569246137,351.39942169189453,0.0
14,waypoint_29,0.0,0.12323956389577545,-0.7819241070227957,1.0638120569246137,480.8940589427948,0.0
0,waypoint_29,15.0,0.12323956389577545,-0.7819241070227957,1.0638120569246137,304.5367896556854,0.0
1,waypoint_29,15.0,0.12323956389577545,-0.7819241070227957,1.0638120569246137,255.89480996131897,0.0
2,waypoint_29,15.0,0.12323956389577545,-0.7819241070227957,1.0638120569246137,158.527672290802,0.0
3,waypoint_29,15.0,0.12323956389577545,-0.7819241070227957,1.0638120569246137,0.0027210026019020006,0.019150665029883385
4,waypoint_29,15.0,0.12323956389577545,-0.7819241070227957,1.0638120569246137,0.0031359068088931963,0.01978532038629055
5,waypoint_29,15.0,0.12323956389577545,-0.7819241070227957,1.0638120569246137,94.4036990404129,0.0
6,waypoint_29,15.0,0.12323956389577545,-0.7819241070227957,1.0638120569246137,0.002906690951931523,0.005337817594408989
7,waypoint_29,15.0,0.12323956389577545,-0.7819241070227957,1.0638120569246137,0.002034008502960205,0.003466543508693576
8,waypoint_29,15.0,0.12323956389577545,-0.7819241070227957,1.0638120569246137,341.2865996360779,0.0
9,waypoint_29,15.0,0.12323956389577545,-0.7819241070227957,1.0638120569246137,297.249436378479,0.0
10,waypoint_29,15.0,0.12323956389577545,-0.7819241070227957,1.0638120569246137,309.0181052684784,0.0
11,waypoint_29,15.0,0.12323956389577545,-0.7819241070227957,1.0638120569246137,298.15590381622314,0.0
12,waypoint_29,15.0,0.12323956389577545,-0.7819241070227957,1.0638120569246137,309.7066581249237,0.0
13,waypoint_29,15.0,0.12323956389577545,-0.7819241070227957,1.0638120569246137,350.7603108882904,0.0
14,waypoint_29,15.0,0.12323956389577545,-0.7819241070227957,1.0638120569246137,454.58316802978516,0.0
0,waypoint_29,30.0,0.12323956389577545,-0.7819241070227957,1.0638120569246137,274.1674482822418,0.0
1,waypoint_29,30.0,0.12323956389577545,-0.7819241070227957,1.0638120569246137,290.7041013240814,0.0
2,waypoint_29,30.0,0.12323956389577545,-0.7819241070227957,1.0638120569246137,228.58285903930664,0.0
3,waypoint_29,30.0,0.12323956389577545,-0.7819241070227957,1.0638120569246137,1.0495140450075269,3.4673837490117876e-06
4,waypoint_29,30.0,0.12323956389577545,-0.7819241070227957,1.0638120569246137,0.0025033950805664062,0.01541699655354023
5,waypoint_29,30.0,0.12323956389577545,-0.7819241070227957,1.0638120569246137,43.306078761816025,0.0
6,waypoint_29,30.0,0.12323956389577545,-0.7819241070227957,1.0638120569246137,0.004309811629354954,0.0055106100626289845
7,waypoint_29,30.0,0.12323956389577545,-0.7819241070227957,1.0638120569246137,63.35758417844772,0.0
8,waypoint_29,30.0,0.12323956389577545,-0.7819241070227957,1.0638120569246137,327.93691754341125,0.0
9,waypoint_29,30.0,0.12323956389577545,-0.7819241070227957,1.0638120569246137,281.0913622379303,0.0
10,waypoint_29,30.0,0.12323956389577545,-0.7819241070227957,1.0638120569246137,302.72719264030457,0.0
11,waypoint_29,30.0,0.12323956389577545,-0.7819241070227957,1.0638120569246137,270.7812786102295,0.0
12,waypoint_29,30.0,0.12323956389577545,-0.7819241070227957,1.0638120569246137,304.4433295726776,0.0
13,waypoint_29,30.0,0.12323956389577545,-0.7819241070227957,1.0638120569246137,346.3151752948761,0.0
14,waypoint_29,30.0,0.12323956389577545,-0.7819241070227957,1.0638120569246137,424.64679479599,0.0
0,waypoint_30,30.0,0.14323956389577525,-0.7819241070227957,1.0638120569246137,300.0352382659912,0.0
1,waypoint_30,30.0,0.14323956389577525,-0.7819241070227957,1.0638120569246137,283.60050916671753,0.0
2,waypoint_30,30.0,0.14323956389577525,-0.7819241070227957,1.0638120569246137,222.95309603214264,0.0
3,waypoint_30,30.0,0.14323956389577525,-0.7819241070227957,1.0638120569246137,16.283594071865082,0.0
4,waypoint_30,30.0,0.14323956389577525,-0.7819241070227957,1.0638120569246137,0.0092125337687321,0.015091381967067719
5,waypoint_30,30.0,0.14323956389577525,-0.7819241070227957,1.0638120569246137,4.626207519322634,0.0
6,waypoint_30,30.0,0.14323956389577525,-0.7819241070227957,1.0638120569246137,0.009404805496160407,0.006909859832376242
7,waypoint_30,30.0,0.14323956389577525,-0.7819241070227957,1.0638120569246137,105.24214059114456,0.0
8,waypoint_30,30.0,0.14323956389577525,-0.7819241070227957,1.0638120569246137,339.5465612411499,0.0
9,waypoint_30,30.0,0.14323956389577525,-0.7819241070227957,1.0638120569246137,289.28473591804504,0.0
10,waypoint_30,30.0,0.14323956389577525,-0.7819241070227957,1.0638120569246137,309.3787729740143,0.0
11,waypoint_30,30.0,0.14323956389577525,-0.7819241070227957,1.0638120569246137,269.09977197647095,0.0
12,waypoint_30,30.0,0.14323956389577525,-0.7819241070227957,1.0638120569246137,303.12493443489075,0.0
13,waypoint_30,30.0,0.14323956389577525,-0.7819241070227957,1.0638120569246137,339.00701999664307,0.0
14,waypoint_30,30.0,0.14323956389577525,-0.7819241070227957,1.0638120569246137,410.55843234062195,0.0
0,waypoint_30,15.0,0.14323956389577525,-0.7819241070227957,1.0638120569246137,336.4206850528717,0.0
1,waypoint_30,15.0,0.14323956389577525,-0.7819241070227957,1.0638120569246137,273.93290400505066,0.0
2,waypoint_30,15.0,0.14323956389577525,-0.7819241070227957,1.0638120569246137,240.85843563079834,0.0
3,waypoint_30,15.0,0.14323956389577525,-0.7819241070227957,1.0638120569246137,0.005761645297752693,0.016850857064127922
4,waypoint_30,15.0,0.14323956389577525,-0.7819241070227957,1.0638120569246137,0.003868336989398813,0.020474815741181374
5,waypoint_30,15.0,0.14323956389577525,-0.7819241070227957,1.0638120569246137,93.39189529418945,0.0
6,waypoint_30,15.0,0.14323956389577525,-0.7819241070227957,1.0638120569246137,0.0017923563291333267,0.007064812816679478
7,waypoint_30,15.0,0.14323956389577525,-0.7819241070227957,1.0638120569246137,0.014252436812967062,0.001860284130088985
8,waypoint_30,15.0,0.14323956389577525,-0.7819241070227957,1.0638120569246137,351.77379846572876,0.0
9,waypoint_30,15.0,0.14323956389577525,-0.7819241070227957,1.0638120569246137,304.8432171344757,0.0
10,waypoint_30,15.0,0.14323956389577525,-0.7819241070227957,1.0638120569246137,314.04927372932434,0.0
11,waypoint_30,15.0,0.14323956389577525,-0.7819241070227957,1.0638120569246137,294.011652469635,0.0
12,waypoint_30,15.0,0.14323956389577525,-0.7819241070227957,1.0638120569246137,307.9182803630829,0.0
13,waypoint_30,15.0,0.14323956389577525,-0.7819241070227957,1.0638120569246137,344.44618225097656,0.0
14,waypoint_30,15.0,0.14323956389577525,-0.7819241070227957,1.0638120569246137,433.175653219223,0.0
0,waypoint_30,0.0,0.14323956389577525,-0.7819241070227957,1.0638120569246137,286.05353832244873,0.0
1,waypoint_30,0.0,0.14323956389577525,-0.7819241070227957,1.0638120569246137,203.44723761081696,0.0
2,waypoint_30,0.0,0.14323956389577525,-0.7819241070227957,1.0638120569246137,270.80732583999634,0.0
3,waypoint_30,0.0,0.14323956389577525,-0.7819241070227957,1.0638120569246137,0.0027210026019020006,0.026299910619854927
4,waypoint_30,0.0,0.14323956389577525,-0.7819241070227957,1.0638120569246137,0.004323288976593176,0.023879660293459892
5,waypoint_30,0.0,0.14323956389577525,-0.7819241070227957,1.0638120569246137,128.22115421295166,0.0
6,waypoint_30,0.0,0.14323956389577525,-0.7819241070227957,1.0638120569246137,0.003941124759876402,0.007584894075989723
7,waypoint_30,0.0,0.14323956389577525,-0.7819241070227957,1.0638120569246137,0.015656887626391836,0.0021174883004277945
8,waypoint_30,0.0,0.14323956389577525,-0.7819241070227957,1.0638120569246137,367.022305727005,0.0
9,waypoint_30,0.0,0.14323956389577525,-0.7819241070227957,1.0638120569246137,322.9506313800812,0.0
10,waypoint_30,0.0,0.14323956389577525,-0.7819241070227957,1.0638120569246137,317.02080368995667,0.0
11,waypoint_30,0.0,0.14323956389577525,-0.7819241070227957,1.0638120569246137,314.0159845352173,0.0
12,waypoint_30,0.0,0.14323956389577525,-0.7819241070227957,1.0638120569246137,311.5866482257843,0.0
13,waypoint_30,0.0,0.14323956389577525,-0.7819241070227957,1.0638120569246137,349.5757579803467,0.0
14,waypoint_30,0.0,0.14323956389577525,-0.7819241070227957,1.0638120569246137,438.5211765766144,0.0
0,waypoint_30,-15.0,0.14323956389577525,-0.7819241070227957,1.0638120569246137,262.6166641712189,0.0
1,waypoint_30,-15.0,0.14323956389577525,-0.7819241070227957,1.0638120569246137,258.87325406074524,0.0
2,waypoint_30,-15.0,0.14323956389577525,-0.7819241070227957,1.0638120569246137,53.224414587020874,0.0
3,waypoint_30,-15.0,0.14323956389577525,-0.7819241070227957,1.0638120569246137,0.004298151907278225,0.03144288808107376
4,waypoint_30,-15.0,0.14323956389577525,-0.7819241070227957,1.0638120569246137,0.005771502856077859,0.025893637910485268
5,waypoint_30,-15.0,0.14323956389577525,-0.7819241070227957,1.0638120569246137,164.05053436756134,0.0
6,waypoint_30,-15.0,0.14323956389577525,-0.7819241070227957,1.0638120569246137,0.0047732119128340855,0.008292241021990776
7,waypoint_30,-15.0,0.14323956389577525,-0.7819241070227957,1.0638120569246137,0.007480575732188299,0.0019404932390898466
8,waypoint_30,-15.0,0.14323956389577525,-0.7819241070227957,1.0638120569246137,378.5233199596405,0.0
9,waypoint_30,-15.0,0.14323956389577525,-0.7819241070227957,1.0638120569246137,337.9991054534912,0.0
10,waypoint_30,-15.0,0.14323956389577525,-0.7819241070227957,1.0638120569246137,318.5338079929352,0.0
11,waypoint_30,-15.0,0.14323956389577525,-0.7819241070227957,1.0638120569246137,338.1769359111786,0.0
12,waypoint_30,-15.0,0.14323956389577525,-0.7819241070227957,1.0638120569246137,317.0422911643982,0.0
13,waypoint_30,-15.0,0.14323956389577525,-0.7819241070227957,1.0638120569246137,349.6185541152954,0.0
14,waypoint_30,-15.0,0.14323956389577525,-0.7819241070227957,1.0638120569246137,475.70472955703735,0.0
0,waypoint_30,-30.0,0.14323956389577525,-0.7819241070227957,1.0638120569246137,148.24946224689484,0.0
1,waypoint_30,-30.0,0.14323956389577525,-0.7819241070227957,1.0638120569246137,6.033207755535841,0.0
2,waypoint_30,-30.0,0.14323956389577525,-0.7819241070227957,1.0638120569246137,108.41486603021622,0.0
3,waypoint_30,-30.0,0.14323956389577525,-0.7819241070227957,1.0638120569246137,0.005860685632796958,0.03424781188368797
4,waypoint_30,-30.0,0.14323956389577525,-0.7819241070227957,1.0638120569246137,0.004747464117826894,0.02678137645125389
5,waypoint_30,-30.0,0.14323956389577525,-0.7819241070227957,1.0638120569246137,196.53436541557312,0.0
6,waypoint_30,-30.0,0.14323956389577525,-0.7819241070227957,1.0638120569246137,0.004858075499214465,0.008909232914447784
7,waypoint_30,-30.0,0.14323956389577525,-0.7819241070227957,1.0638120569246137,0.007458459094777936,0.0017427935963496566
8,waypoint_30,-30.0,0.14323956389577525,-0.7819241070227957,1.0638120569246137,383.2619786262512,0.0
9,waypoint_30,-30.0,0.14323956389577525,-0.7819241070227957,1.0638120569246137,346.78956866264343,0.0
10,waypoint_30,-30.0,0.14323956389577525,-0.7819241070227957,1.0638120569246137,318.0495500564575,0.0
11,waypoint_30,-30.0,0.14323956389577525,-0.7819241070227957,1.0638120569246137,353.38979959487915,0.0
12,waypoint_30,-30.0,0.14323956389577525,-0.7819241070227957,1.0638120569246137,316.38503074645996,0.0
13,waypoint_30,-30.0,0.14323956389577525,-0.7819241070227957,1.0638120569246137,343.83970499038696,0.0
14,waypoint_30,-30.0,0.14323956389577525,-0.7819241070227957,1.0638120569246137,508.68499279022217,0.0
0,waypoint_31,-30.0,-0.03676043610422386,-0.7565540276512385,1.0638120569246137,146.8258947134018,0.0
1,waypoint_31,-30.0,-0.03676043610422386,-0.7565540276512385,1.0638120569246137,0.014133215699985158,0.03598713129758835
2,waypoint_31,-30.0,-0.03676043610422386,-0.7565540276512385,1.0638120569246137,350.38039088249207,0.0
3,waypoint_31,-30.0,-0.03676043610422386,-0.7565540276512385,1.0638120569246137,0.018045939214061946,0.019401490688323975
4,waypoint_31,-30.0,-0.03676043610422386,-0.7565540276512385,1.0638120569246137,0.012531867469078861,0.010620883665978909
5,waypoint_31,-30.0,-0.03676043610422386,-0.7565540276512385,1.0638120569246137,330.88600635528564,0.0
6,waypoint_31,-30.0,-0.03676043610422386,-0.7565540276512385,1.0638120569246137,0.005806029548693914,0.009383250959217548
7,waypoint_31,-30.0,-0.03676043610422386,-0.7565540276512385,1.0638120569246137,0.02183255674026441,0.020648851990699768
8,waypoint_31,-30.0,-0.03676043610422386,-0.7565540276512385,1.0638120569246137,365.8990263938904,0.0
9,waypoint_31,-30.0,-0.03676043610422386,-0.7565540276512385,1.0638120569246137,367.76214838027954,0.0
10,waypoint_31,-30.0,-0.03676043610422386,-0.7565540276512385,1.0638120569246137,320.07643580436707,0.0
11,waypoint_31,-30.0,-0.03676043610422386,-0.7565540276512385,1.0638120569246137,449.45937395095825,0.0
12,waypoint_31,-30.0,-0.03676043610422386,-0.7565540276512385,1.0638120569246137,387.2736990451813,0.0
13,waypoint_31,-30.0,-0.03676043610422386,-0.7565540276512385,1.0638120569246137,443.7086284160614,0.0
14,waypoint_31,-30.0,-0.03676043610422386,-0.7565540276512385,1.0638120569246137,672.9515194892883,0.0
0,waypoint_31,-15.0,-0.03676043610422386,-0.7565540276512385,1.0638120569246137,69.59590315818787,0.0
1,waypoint_31,-15.0,-0.03676043610422386,-0.7565540276512385,1.0638120569246137,0.0033127530514320824,0.03370277211070061
2,waypoint_31,-15.0,-0.03676043610422386,-0.7565540276512385,1.0638120569246137,326.8432319164276,0.0
3,waypoint_31,-15.0,-0.03676043610422386,-0.7565540276512385,1.0638120569246137,0.004979753157385858,0.01943252980709076
4,waypoint_31,-15.0,-0.03676043610422386,-0.7565540276512385,1.0638120569246137,0.004105371317564277,0.010341993533074856
5,waypoint_31,-15.0,-0.03676043610422386,-0.7565540276512385,1.0638120569246137,304.3024241924286,0.0
6,waypoint_31,-15.0,-0.03676043610422386,-0.7565540276512385,1.0638120569246137,0.00432041815656703,0.010028043761849403
7,waypoint_31,-15.0,-0.03676043610422386,-0.7565540276512385,1.0638120569246137,0.004400518719194224,0.02026565559208393
8,waypoint_31,-15.0,-0.03676043610422386,-0.7565540276512385,1.0638120569246137,351.86687111854553,0.0
9,waypoint_31,-15.0,-0.03676043610422386,-0.7565540276512385,1.0638120569246137,349.4459092617035,0.0
10,waypoint_31,-15.0,-0.03676043610422386,-0.7565540276512385,1.0638120569246137,317.7390694618225,0.0
11,waypoint_31,-15.0,-0.03676043610422386,-0.7565540276512385,1.0638120569246137,424.3231415748596,0.0
12,waypoint_31,-15.0,-0.03676043610422386,-0.7565540276512385,1.0638120569246137,380.66357374191284,0.0
13,waypoint_31,-15.0,-0.03676043610422386,-0.7565540276512385,1.0638120569246137,442.85282492637634,0.0
14,waypoint_31,-15.0,-0.03676043610422386,-0.7565540276512385,1.0638120569246137,661.0125303268433,0.0
0,waypoint_31,0.0,-0.03676043610422386,-0.7565540276512385,1.0638120569246137,0.02558643427619245,0.012827293947339058
1,waypoint_31,0.0,-0.03676043610422386,-0.7565540276512385,1.0638120569246137,0.003546351081240573,0.029406514018774033
2,waypoint_31,0.0,-0.03676043610422386,-0.7565540276512385,1.0638120569246137,127.890944480896,0.0
3,waypoint_31,0.0,-0.03676043610422386,-0.7565540276512385,1.0638120569246137,0.0051356932999624405,0.018856585025787354
4,waypoint_31,0.0,-0.03676043610422386,-0.7565540276512385,1.0638120569246137,0.005029798558098264,0.009846905246376991
5,waypoint_31,0.0,-0.03676043610422386,-0.7565540276512385,1.0638120569246137,275.1699984073639,0.0
6,waypoint_31,0.0,-0.03676043610422386,-0.7565540276512385,1.0638120569246137,0.0038212565414141864,0.009986517950892448
7,waypoint_31,0.0,-0.03676043610422386,-0.7565540276512385,1.0638120569246137,0.003811501755990321,0.018287351354956627
8,waypoint_31,0.0,-0.03676043610422386,-0.7565540276512385,1.0638120569246137,328.88856530189514,0.0
9,waypoint_31,0.0,-0.03676043610422386,-0.7565540276512385,1.0638120569246137,321.6513991355896,0.0
10,waypoint_31,0.0,-0.03676043610422386,-0.7565540276512385,1.0638120569246137,309.1611862182617,0.0
11,waypoint_31,0.0,-0.03676043610422386,-0.7565540276512385,1.0638120569246137,395.01094818115234,0.0
12,waypoint_31,0.0,-0.03676043610422386,-0.7565540276512385,1.0638120569246137,372.71952629089355,0.0
13,waypoint_31,0.0,-0.03676043610422386,-0.7565540276512385,1.0638120569246137,429.32891845703125,0.0
14,waypoint_31,0.0,-0.03676043610422386,-0.7565540276512385,1.0638120569246137,634.5707774162292,0.0
0,waypoint_31,15.0,-0.03676043610422386,-0.7565540276512385,1.0638120569246137,206.86207711696625,0.0
1,waypoint_31,15.0,-0.03676043610422386,-0.7565540276512385,1.0638120569246137,0.0031291019695345312,0.021972861140966415
2,waypoint_31,15.0,-0.03676043610422386,-0.7565540276512385,1.0638120569246137,63.924163579940796,0.0
3,waypoint_31,15.0,-0.03676043610422386,-0.7565540276512385,1.0638120569246137,0.004185927082289709,0.017729494720697403
4,waypoint_31,15.0,-0.03676043610422386,-0.7565540276512385,1.0638120569246137,0.00278296897704422,0.00936246756464243
5,waypoint_31,15.0,-0.03676043610422386,-0.7565540276512385,1.0638120569246137,245.46770751476288,0.0
6,waypoint_31,15.0,-0.03676043610422386,-0.7565540276512385,1.0638120569246137,0.004028789135190891,0.008813600987195969
7,waypoint_31,15.0,-0.03676043610422386,-0.7565540276512385,1.0638120569246137,0.00317294143314939,0.013598138466477394
8,waypoint_31,15.0,-0.03676043610422386,-0.7565540276512385,1.0638120569246137,303.7317991256714,0.0
9,waypoint_31,15.0,-0.03676043610422386,-0.7565540276512385,1.0638120569246137,304.45218086242676,0.0
10,waypoint_31,15.0,-0.03676043610422386,-0.7565540276512385,1.0638120569246137,296.461284160614,0.0
11,waypoint_31,15.0,-0.03676043610422386,-0.7565540276512385,1.0638120569246137,373.3694553375244,0.0
12,waypoint_31,15.0,-0.03676043610422386,-0.7565540276512385,1.0638120569246137,361.16427183151245,0.0
13,waypoint_31,15.0,-0.03676043610422386,-0.7565540276512385,1.0638120569246137,418.35278272628784,0.0
14,waypoint_31,15.0,-0.03676043610422386,-0.7565540276512385,1.0638120569246137,615.0546073913574,0.0
0,waypoint_31,30.0,-0.03676043610422386,-0.7565540276512385,1.0638120569246137,253.60846519470215,0.0
1,waypoint_31,30.0,-0.03676043610422386,-0.7565540276512385,1.0638120569246137,0.004259960405761376,0.0032337799202650785
2,waypoint_31,30.0,-0.03676043610422386,-0.7565540276512385,1.0638120569246137,52.231308072805405,0.0
3,waypoint_31,30.0,-0.03676043610422386,-0.7565540276512385,1.0638120569246137,0.003504023197820061,0.016180653125047684
4,waypoint_31,30.0,-0.03676043610422386,-0.7565540276512385,1.0638120569246137,0.004610795713233529,0.009102973155677319
5,waypoint_31,30.0,-0.03676043610422386,-0.7565540276512385,1.0638120569246137,218.52491796016693,0.0
6,waypoint_31,30.0,-0.03676043610422386,-0.7565540276512385,1.0638120569246137,0.003276934421592159,0.005654506850987673
7,waypoint_31,30.0,-0.03676043610422386,-0.7565540276512385,1.0638120569246137,0.3469205112196505,0.00017084703722503036
8,waypoint_31,30.0,-0.03676043610422386,-0.7565540276512385,1.0638120569246137,279.94316816329956,0.0
9,waypoint_31,30.0,-0.03676043610422386,-0.7565540276512385,1.0638120569246137,272.26534485816956,0.0
10,waypoint_31,30.0,-0.03676043610422386,-0.7565540276512385,1.0638120569246137,290.507435798645,0.0
11,waypoint_31,30.0,-0.03676043610422386,-0.7565540276512385,1.0638120569246137,359.2243194580078,0.0
12,waypoint_31,30.0,-0.03676043610422386,-0.7565540276512385,1.0638120569246137,348.2414186000824,0.0
13,waypoint_31,30.0,-0.03676043610422386,-0.7565540276512385,1.0638120569246137,410.2485775947571,0.0
14,waypoint_31,30.0,-0.03676043610422386,-0.7565540276512385,1.0638120569246137,593.7711000442505,0.0
0,waypoint_32,30.0,-0.016760436104224286,-0.7565540276512385,1.0638120569246137,277.8489887714386,0.0
1,waypoint_32,30.0,-0.016760436104224286,-0.7565540276512385,1.0638120569246137,7.776985876262188,0.0
2,waypoint_32,30.0,-0.016760436104224286,-0.7565540276512385,1.0638120569246137,46.21046781539917,0.0
3,waypoint_32,30.0,-0.016760436104224286,-0.7565540276512385,1.0638120569246137,0.009443903763894923,0.01727434992790222
4,waypoint_32,30.0,-0.016760436104224286,-0.7565540276512385,1.0638120569246137,0.011854733202198986,0.010656801983714104
5,waypoint_32,30.0,-0.016760436104224286,-0.7565540276512385,1.0638120569246137,197.45208323001862,0.0
6,waypoint_32,30.0,-0.016760436104224286,-0.7565540276512385,1.0638120569246137,0.00997487768472638,0.004714141599833965
7,waypoint_32,30.0,-0.016760436104224286,-0.7565540276512385,1.0638120569246137,0.015290210285456851,0.0035664227325469255
8,waypoint_32,30.0,-0.016760436104224286,-0.7565540276512385,1.0638120569246137,283.8902473449707,0.0
9,waypoint_32,30.0,-0.016760436104224286,-0.7565540276512385,1.0638120569246137,269.84483003616333,0.0
10,waypoint_32,30.0,-0.016760436104224286,-0.7565540276512385,1.0638120569246137,285.9608829021454,0.0
11,waypoint_32,30.0,-0.016760436104224286,-0.7565540276512385,1.0638120569246137,349.4459390640259,0.0
12,waypoint_32,30.0,-0.016760436104224286,-0.7565540276512385,1.0638120569246137,339.62252736091614,0.0
13,waypoint_32,30.0,-0.016760436104224286,-0.7565540276512385,1.0638120569246137,398.2942998409271,0.0
14,waypoint_32,30.0,-0.016760436104224286,-0.7565540276512385,1.0638120569246137,577.6000022888184,0.0
0,waypoint_32,15.0,-0.016760436104224286,-0.7565540276512385,1.0638120569246137,250.78853964805603,0.0
1,waypoint_32,15.0,-0.016760436104224286,-0.7565540276512385,1.0638120569246137,33.98248180747032,0.0
2,waypoint_32,15.0,-0.016760436104224286,-0.7565540276512385,1.0638120569246137,33.38823467493057,0.0
3,waypoint_32,15.0,-0.016760436104224286,-0.7565540276512385,1.0638120569246137,0.0031719528124085627,0.019186658784747124
4,waypoint_32,15.0,-0.016760436104224286,-0.7565540276512385,1.0638120569246137,0.0029224515856185462,0.01113766897469759
5,waypoint_32,15.0,-0.016760436104224286,-0.7565540276512385,1.0638120569246137,225.15971958637238,0.0
6,waypoint_32,15.0,-0.016760436104224286,-0.7565540276512385,1.0638120569246137,0.013942320038040634,0.007202983368188143
7,waypoint_32,15.0,-0.016760436104224286,-0.7565540276512385,1.0638120569246137,0.014587666555598844,0.013345430605113506
8,waypoint_32,15.0,-0.016760436104224286,-0.7565540276512385,1.0638120569246137,305.68841099739075,0.0
9,waypoint_32,15.0,-0.016760436104224286,-0.7565540276512385,1.0638120569246137,299.23826456069946,0.0
10,waypoint_32,15.0,-0.016760436104224286,-0.7565540276512385,1.0638120569246137,292.9348349571228,0.0
11,waypoint_32,15.0,-0.016760436104224286,-0.7565540276512385,1.0638120569246137,380.3624212741852,0.0
12,waypoint_32,15.0,-0.016760436104224286,-0.7565540276512385,1.0638120569246137,347.68837690353394,0.0
13,waypoint_32,15.0,-0.016760436104224286,-0.7565540276512385,1.0638120569246137,407.0814251899719,0.0
14,waypoint_32,15.0,-0.016760436104224286,-0.7565540276512385,1.0638120569246137,595.7992672920227,0.0
0,waypoint_32,0.0,-0.016760436104224286,-0.7565540276512385,1.0638120569246137,279.3075144290924,0.0
1,waypoint_32,0.0,-0.016760436104224286,-0.7565540276512385,1.0638120569246137,81.67560398578644,0.0
2,waypoint_32,0.0,-0.016760436104224286,-0.7565540276512385,1.0638120569246137,40.146492421627045,0.0
3,waypoint_32,0.0,-0.016760436104224286,-0.7565540276512385,1.0638120569246137,0.004461996013560565,0.020527483895421028
4,waypoint_32,0.0,-0.016760436104224286,-0.7565540276512385,1.0638120569246137,0.003798364105023211,0.011718539521098137
5,waypoint_32,0.0,-0.016760436104224286,-0.7565540276512385,1.0638120569246137,255.92786073684692,0.0
6,waypoint_32,0.0,-0.016760436104224286,-0.7565540276512385,1.0638120569246137,0.004438276846485678,0.00801160465925932
7,waypoint_32,0.0,-0.016760436104224286,-0.7565540276512385,1.0638120569246137,0.007162457677623024,0.016978388652205467
8,waypoint_32,0.0,-0.016760436104224286,-0.7565540276512385,1.0638120569246137,331.1823904514313,0.0
9,waypoint_32,0.0,-0.016760436104224286,-0.7565540276512385,1.0638120569246137,323.5330283641815,0.0
10,waypoint_32,0.0,-0.016760436104224286,-0.7565540276512385,1.0638120569246137,303.47898602485657,0.0
11,waypoint_32,0.0,-0.016760436104224286,-0.7565540276512385,1.0638120569246137,434.8050355911255,0.0
12,waypoint_32,0.0,-0.016760436104224286,-0.7565540276512385,1.0638120569246137,358.87467861175537,0.0
13,waypoint_32,0.0,-0.016760436104224286,-0.7565540276512385,1.0638120569246137,415.4706299304962,0.0
14,waypoint_32,0.0,-0.016760436104224286,-0.7565540276512385,1.0638120569246137,613.2028698921204,0.0
0,waypoint_32,-15.0,-0.016760436104224286,-0.7565540276512385,1.0638120569246137,218.70407462120056,0.0
1,waypoint_32,-15.0,-0.016760436104224286,-0.7565540276512385,1.0638120569246137,116.67405813932419,0.0
2,waypoint_32,-15.0,-0.016760436104224286,-0.7565540276512385,1.0638120569246137,141.92010462284088,0.0
3,waypoint_32,-15.0,-0.016760436104224286,-0.7565540276512385,1.0638120569246137,0.0045126662371330895,0.021201178431510925
4,waypoint_32,-15.0,-0.016760436104224286,-0.7565540276512385,1.0638120569246137,0.003921242750948295,0.012193297035992146
5,waypoint_32,-15.0,-0.016760436104224286,-0.7565540276512385,1.0638120569246137,286.22108697891235,0.0
6,waypoint_32,-15.0,-0.016760436104224286,-0.7565540276512385,1.0638120569246137,0.004137749783694744,0.007877688854932785
7,waypoint_32,-15.0,-0.016760436104224286,-0.7565540276512385,1.0638120569246137,0.004433343292475911,0.01838579587638378
8,waypoint_32,-15.0,-0.016760436104224286,-0.7565540276512385,1.0638120569246137,353.3112704753876,0.0
9,waypoint_32,-15.0,-0.016760436104224286,-0.7565540276512385,1.0638120569246137,350.34456849098206,0.0
10,waypoint_32,-15.0,-0.016760436104224286,-0.7565540276512385,1.0638120569246137,308.5857033729553,0.0
11,waypoint_32,-15.0,-0.016760436104224286,-0.7565540276512385,1.0638120569246137,464.06662464141846,0.0
12,waypoint_32,-15.0,-0.016760436104224286,-0.7565540276512385,1.0638120569246137,368.4941530227661,0.0
13,waypoint_32,-15.0,-0.016760436104224286,-0.7565540276512385,1.0638120569246137,428.1699061393738,0.0
14,waypoint_32,-15.0,-0.016760436104224286,-0.7565540276512385,1.0638120569246137,640.2991414070129,0.0
0,waypoint_32,-30.0,-0.016760436104224286,-0.7565540276512385,1.0638120569246137,109.76850241422653,0.0
1,waypoint_32,-30.0,-0.016760436104224286,-0.7565540276512385,1.0638120569246137,190.86766242980957,0.0
2,waypoint_32,-30.0,-0.016760436104224286,-0.7565540276512385,1.0638120569246137,237.98920214176178,0.0
3,waypoint_32,-30.0,-0.016760436104224286,-0.7565540276512385,1.0638120569246137,0.0055313626035058405,0.021188603714108467
4,waypoint_32,-30.0,-0.016760436104224286,-0.7565540276512385,1.0638120569246137,0.005156749011803186,0.012369503267109394
5,waypoint_32,-30.0,-0.016760436104224286,-0.7565540276512385,1.0638120569246137,313.91116976737976,0.0
6,waypoint_32,-30.0,-0.016760436104224286,-0.7565540276512385,1.0638120569246137,0.0033768887988117058,0.007192608434706926
7,waypoint_32,-30.0,-0.016760436104224286,-0.7565540276512385,1.0638120569246137,0.0036596693462342955,0.018435614183545113
8,waypoint_32,-30.0,-0.016760436104224286,-0.7565540276512385,1.0638120569246137,367.1072721481323,0.0
9,waypoint_32,-30.0,-0.016760436104224286,-0.7565540276512385,1.0638120569246137,369.6215748786926,0.0
10,waypoint_32,-30.0,-0.016760436104224286,-0.7565540276512385,1.0638120569246137,312.6005232334137,0.0
11,waypoint_32,-30.0,-0.016760436104224286,-0.7565540276512385,1.0638120569246137,471.00356221199036,0.0
12,waypoint_32,-30.0,-0.016760436104224286,-0.7565540276512385,1.0638120569246137,372.0899820327759,0.0
13,waypoint_32,-30.0,-0.016760436104224286,-0.7565540276512385,1.0638120569246137,429.3553829193115,0.0
14,waypoint_32,-30.0,-0.016760436104224286,-0.7565540276512385,1.0638120569246137,667.5042510032654,0.0
0,waypoint_33,-30.0,0.00323956389577551,-0.7565540276512385,1.0638120569246137,74.06532764434814,0.0
1,waypoint_33,-30.0,0.00323956389577551,-0.7565540276512385,1.0638120569246137,176.0103553533554,0.0
2,waypoint_33,-30.0,0.00323956389577551,-0.7565540276512385,1.0638120569246137,229.07166182994843,0.0
3,waypoint_33,-30.0,0.00323956389577551,-0.7565540276512385,1.0638120569246137,0.010673726137611084,0.022989321500062943
4,waypoint_33,-30.0,0.00323956389577551,-0.7565540276512385,1.0638120569246137,0.011484377864690032,0.014116533100605011
5,waypoint_33,-30.0,0.00323956389577551,-0.7565540276512385,1.0638120569246137,297.5364625453949,0.0
6,waypoint_33,-30.0,0.00323956389577551,-0.7565540276512385,1.0638120569246137,0.009895988114294596,0.005076117813587189
7,waypoint_33,-30.0,0.00323956389577551,-0.7565540276512385,1.0638120569246137,0.010721256330725737,0.016172660514712334
8,waypoint_33,-30.0,0.00323956389577551,-0.7565540276512385,1.0638120569246137,368.1727349758148,0.0
9,waypoint_33,-30.0,0.00323956389577551,-0.7565540276512385,1.0638120569246137,365.84553122520447,0.0
10,waypoint_33,-30.0,0.00323956389577551,-0.7565540276512385,1.0638120569246137,309.12360548973083,0.0
11,waypoint_33,-30.0,0.00323956389577551,-0.7565540276512385,1.0638120569246137,455.5068016052246,0.0
12,waypoint_33,-30.0,0.00323956389577551,-0.7565540276512385,1.0638120569246137,361.1990511417389,0.0
13,waypoint_33,-30.0,0.00323956389577551,-0.7565540276512385,1.0638120569246137,415.83114862442017,0.0
14,waypoint_33,-30.0,0.00323956389577551,-0.7565540276512385,1.0638120569246137,663.864254951477,0.0
0,waypoint_33,-15.0,0.00323956389577551,-0.7565540276512385,1.0638120569246137,0.15851881471462548,0.014911004342138767
1,waypoint_33,-15.0,0.00323956389577551,-0.7565540276512385,1.0638120569246137,121.10384553670883,0.0
2,waypoint_33,-15.0,0.00323956389577551,-0.7565540276512385,1.0638120569246137,181.6854029893875,0.0
3,waypoint_33,-15.0,0.00323956389577551,-0.7565540276512385,1.0638120569246137,0.004108831490157172,0.022945014759898186
4,waypoint_33,-15.0,0.00323956389577551,-0.7565540276512385,1.0638120569246137,0.005344845249055652,0.014026039279997349
5,waypoint_33,-15.0,0.00323956389577551,-0.7565540276512385,1.0638120569246137,268.6673402786255,0.0
6,waypoint_33,-15.0,0.00323956389577551,-0.7565540276512385,1.0638120569246137,0.003668380259114201,0.005746577866375446
7,waypoint_33,-15.0,0.00323956389577551,-0.7565540276512385,1.0638120569246137,0.005208953552937601,0.016386210918426514
8,waypoint_33,-15.0,0.00323956389577551,-0.7565540276512385,1.0638120569246137,355.0228774547577,0.0
9,waypoint_33,-15.0,0.00323956389577551,-0.7565540276512385,1.0638120569246137,348.23140501976013,0.0
10,waypoint_33,-15.0,0.00323956389577551,-0.7565540276512385,1.0638120569246137,306.18560314178467,0.0
11,waypoint_33,-15.0,0.00323956389577551,-0.7565540276512385,1.0638120569246137,455.15650510787964,0.0
12,waypoint_33,-15.0,0.00323956389577551,-0.7565540276512385,1.0638120569246137,359.92738604545593,0.0
13,waypoint_33,-15.0,0.00323956389577551,-0.7565540276512385,1.0638120569246137,414.6440029144287,0.0
14,waypoint_33,-15.0,0.00323956389577551,-0.7565540276512385,1.0638120569246137,646.6514468193054,0.0
0,waypoint_33,0.0,0.00323956389577551,-0.7565540276512385,1.0638120569246137,237.43142187595367,0.0
1,waypoint_33,0.0,0.00323956389577551,-0.7565540276512385,1.0638120569246137,71.43372297286987,0.0
2,waypoint_33,0.0,0.00323956389577551,-0.7565540276512385,1.0638120569246137,127.29412317276001,0.0
3,waypoint_33,0.0,0.00323956389577551,-0.7565540276512385,1.0638120569246137,0.0035543564536055783,0.022133180871605873
4,waypoint_33,0.0,0.00323956389577551,-0.7565540276512385,1.0638120569246137,0.004568998519971501,0.013558829203248024
5,waypoint_33,0.0,0.00323956389577551,-0.7565540276512385,1.0638120569246137,237.1547818183899,0.0
6,waypoint_33,0.0,0.00323956389577551,-0.7565540276512385,1.0638120569246137,0.001985076323762769,0.006002204027026892
7,waypoint_33,0.0,0.00323956389577551,-0.7565540276512385,1.0638120569246137,0.0020820482404815266,0.015441031195223331
8,waypoint_33,0.0,0.00323956389577551,-0.7565540276512385,1.0638120569246137,334.71524715423584,0.0
9,waypoint_33,0.0,0.00323956389577551,-0.7565540276512385,1.0638120569246137,323.46606254577637,0.0
10,waypoint_33,0.0,0.00323956389577551,-0.7565540276512385,1.0638120569246137,300.0416159629822,0.0
11,waypoint_33,0.0,0.00323956389577551,-0.7565540276512385,1.0638120569246137,430.95648288726807,0.0
12,waypoint_33,0.0,0.00323956389577551,-0.7565540276512385,1.0638120569246137,351.444274187088,0.0
13,waypoint_33,0.0,0.00323956389577551,-0.7565540276512385,1.0638120569246137,404.04012799263,0.0
14,waypoint_33,0.0,0.00323956389577551,-0.7565540276512385,1.0638120569246137,622.202455997467,0.0
0,waypoint_33,15.0,0.00323956389577551,-0.7565540276512385,1.0638120569246137,232.43115842342377,0.0
1,waypoint_33,15.0,0.00323956389577551,-0.7565540276512385,1.0638120569246137,0.1409744145348668,0.012262970209121704
2,waypoint_33,15.0,0.00323956389577551,-0.7565540276512385,1.0638120569246137,61.86072528362274,0.0
3,waypoint_33,15.0,0.00323956389577551,-0.7565540276512385,1.0638120569246137,0.002384185791015625,0.020531315356492996
4,waypoint_33,15.0,0.00323956389577551,-0.7565540276512385,1.0638120569246137,0.00296169719149475,0.012872472405433655
5,waypoint_33,15.0,0.00323956389577551,-0.7565540276512385,1.0638120569246137,205.17845451831818,0.0
6,waypoint_33,15.0,0.00323956389577551,-0.7565540276512385,1.0638120569246137,0.005119623438076815,0.005500254686921835
7,waypoint_33,15.0,0.00323956389577551,-0.7565540276512385,1.0638120569246137,0.004302232355257729,0.012634058482944965
8,waypoint_33,15.0,0.00323956389577551,-0.7565540276512385,1.0638120569246137,309.9362254142761,0.0
9,waypoint_33,15.0,0.00323956389577551,-0.7565540276512385,1.0638120569246137,300.9352385997772,0.0
10,waypoint_33,15.0,0.00323956389577551,-0.7565540276512385,1.0638120569246137,291.7907238006592,0.0
11,waypoint_33,15.0,0.00323956389577551,-0.7565540276512385,1.0638120569246137,412.23689913749695,0.0
12,waypoint_33,15.0,0.00323956389577551,-0.7565540276512385,1.0638120569246137,339.62640166282654,0.0
13,waypoint_33,15.0,0.00323956389577551,-0.7565540276512385,1.0638120569246137,399.03512597084045,0.0
14,waypoint_33,15.0,0.00323956389577551,-0.7565540276512385,1.0638120569246137,592.159628868103,0.0
0,waypoint_33,30.0,0.00323956389577551,-0.7565540276512385,1.0638120569246137,243.7567114830017,0.0
1,waypoint_33,30.0,0.00323956389577551,-0.7565540276512385,1.0638120569246137,152.99102663993835,0.0
2,waypoint_33,30.0,0.00323956389577551,-0.7565540276512385,1.0638120569246137,37.41500526666641,0.0
3,waypoint_33,30.0,0.00323956389577551,-0.7565540276512385,1.0638120569246137,0.0035222260521550197,0.018189670518040657
4,waypoint_33,30.0,0.00323956389577551,-0.7565540276512385,1.0638120569246137,0.005105512627778808,0.012160605750977993
5,waypoint_33,30.0,0.00323956389577551,-0.7565540276512385,1.0638120569246137,176.56007409095764,0.0
6,waypoint_33,30.0,0.00323956389577551,-0.7565540276512385,1.0638120569246137,0.00235795914704795,0.0035561854019761086
7,waypoint_33,30.0,0.00323956389577551,-0.7565540276512385,1.0638120569246137,0.002339058028155705,0.005849002860486507
8,waypoint_33,30.0,0.00323956389577551,-0.7565540276512385,1.0638120569246137,290.40729999542236,0.0
9,waypoint_33,30.0,0.00323956389577551,-0.7565540276512385,1.0638120569246137,274.1806209087372,0.0
10,waypoint_33,30.0,0.00323956389577551,-0.7565540276512385,1.0638120569246137,279.8354923725128,0.0
11,waypoint_33,30.0,0.00323956389577551,-0.7565540276512385,1.0638120569246137,382.3724389076233,0.0
12,waypoint_33,30.0,0.00323956389577551,-0.7565540276512385,1.0638120569246137,327.7778923511505,0.0
13,waypoint_33,30.0,0.00323956389577551,-0.7565540276512385,1.0638120569246137,388.1874084472656,0.0
14,waypoint_33,30.0,0.00323956389577551,-0.7565540276512385,1.0638120569246137,567.3601627349854,0.0
0,waypoint_34,30.0,0.023239563895776028,-0.7565540276512385,1.0638120569246137,260.51339507102966,0.0
1,waypoint_34,30.0,0.023239563895776028,-0.7565540276512385,1.0638120569246137,234.37485098838806,0.0
2,waypoint_34,30.0,0.023239563895776028,-0.7565540276512385,1.0638120569246137,0.26937821530736983,0.010495835915207863
3,waypoint_34,30.0,0.023239563895776028,-0.7565540276512385,1.0638120569246137,0.009879278877633624,0.018881773576140404
4,waypoint_34,30.0,0.023239563895776028,-0.7565540276512385,1.0638120569246137,0.00947994976741029,0.01359790563583374
5,waypoint_34,30.0,0.023239563895776028,-0.7565540276512385,1.0638120569246137,155.88019788265228,0.0
6,waypoint_34,30.0,0.023239563895776028,-0.7565540276512385,1.0638120569246137,43.57815161347389,0.0
7,waypoint_34,30.0,0.023239563895776028,-0.7565540276512385,1.0638120569246137,0.012009913007204887,0.00644310237839818
8,waypoint_34,30.0,0.023239563895776028,-0.7565540276512385,1.0638120569246137,296.3641583919525,0.0
9,waypoint_34,30.0,0.023239563895776028,-0.7565540276512385,1.0638120569246137,274.400532245636,0.0
10,waypoint_34,30.0,0.023239563895776028,-0.7565540276512385,1.0638120569246137,279.73294258117676,0.0
11,waypoint_34,30.0,0.023239563895776028,-0.7565540276512385,1.0638120569246137,372.10482358932495,0.0
12,waypoint_34,30.0,0.023239563895776028,-0.7565540276512385,1.0638120569246137,321.3210999965668,0.0
13,waypoint_34,30.0,0.023239563895776028,-0.7565540276512385,1.0638120569246137,378.3208727836609,0.0
14,waypoint_34,30.0,0.023239563895776028,-0.7565540276512385,1.0638120569246137,527.0910263061523,0.0
0,waypoint_34,15.0,0.023239563895776028,-0.7565540276512385,1.0638120569246137,246.4819699525833,0.0
1,waypoint_34,15.0,0.023239563895776028,-0.7565540276512385,1.0638120569246137,219.4242775440216,0.0
2,waypoint_34,15.0,0.023239563895776028,-0.7565540276512385,1.0638120569246137,52.70809307694435,0.0
3,waypoint_34,15.0,0.023239563895776028,-0.7565540276512385,1.0638120569246137,0.0030994415283203125,0.021737033501267433
4,waypoint_34,15.0,0.023239563895776028,-0.7565540276512385,1.0638120569246137,0.004473129138204968,0.014557210728526115
5,waypoint_34,15.0,0.023239563895776028,-0.7565540276512385,1.0638120569246137,185.64479053020477,0.0
6,waypoint_34,15.0,0.023239563895776028,-0.7565540276512385,1.0638120569246137,0.02473585664120037,0.0037435386329889297
7,waypoint_34,15.0,0.023239563895776028,-0.7565540276512385,1.0638120569246137,0.022180945961736143,0.01158690731972456
8,waypoint_34,15.0,0.023239563895776028,-0.7565540276512385,1.0638120569246137,314.80666995048523,0.0
9,waypoint_34,15.0,0.023239563895776028,-0.7565540276512385,1.0638120569246137,302.92338132858276,0.0
10,waypoint_34,15.0,0.023239563895776028,-0.7565540276512385,1.0638120569246137,287.5213921070099,0.0
11,waypoint_34,15.0,0.023239563895776028,-0.7565540276512385,1.0638120569246137,401.5602469444275,0.0
12,waypoint_34,15.0,0.023239563895776028,-0.7565540276512385,1.0638120569246137,330.9444487094879,0.0
13,waypoint_34,15.0,0.023239563895776028,-0.7565540276512385,1.0638120569246137,387.119323015213,0.0
14,waypoint_34,15.0,0.023239563895776028,-0.7565540276512385,1.0638120569246137,544.0728664398193,0.0
0,waypoint_34,0.0,0.023239563895776028,-0.7565540276512385,1.0638120569246137,246.35359644889832,0.0
1,waypoint_34,0.0,0.023239563895776028,-0.7565540276512385,1.0638120569246137,54.141104221343994,0.0
2,waypoint_34,0.0,0.023239563895776028,-0.7565540276512385,1.0638120569246137,47.34421521425247,0.0
3,waypoint_34,0.0,0.023239563895776028,-0.7565540276512385,1.0638120569246137,0.004212998646835331,0.023657698184251785
4,waypoint_34,0.0,0.023239563895776028,-0.7565540276512385,1.0638120569246137,0.0027804144338006154,0.015364926308393478
5,waypoint_34,0.0,0.023239563895776028,-0.7565540276512385,1.0638120569246137,218.9691960811615,0.0
6,waypoint_34,0.0,0.023239563895776028,-0.7565540276512385,1.0638120569246137,0.003966566509916447,0.003976387903094292
7,waypoint_34,0.0,0.023239563895776028,-0.7565540276512385,1.0638120569246137,0.004805716798728099,0.01373383030295372
8,waypoint_34,0.0,0.023239563895776028,-0.7565540276512385,1.0638120569246137,338.1752073764801,0.0
9,waypoint_34,0.0,0.023239563895776028,-0.7565540276512385,1.0638120569246137,325.2720534801483,0.0
10,waypoint_34,0.0,0.023239563895776028,-0.7565540276512385,1.0638120569246137,295.2025234699249,0.0
11,waypoint_34,0.0,0.023239563895776028,-0.7565540276512385,1.0638120569246137,423.92221093177795,0.0
12,waypoint_34,0.0,0.023239563895776028,-0.7565540276512385,1.0638120569246137,341.05926752090454,0.0
13,waypoint_34,0.0,0.023239563895776028,-0.7565540276512385,1.0638120569246137,394.34948563575745,0.0
14,waypoint_34,0.0,0.023239563895776028,-0.7565540276512385,1.0638120569246137,557.0032000541687,0.0
0,waypoint_34,-15.0,0.023239563895776028,-0.7565540276512385,1.0638120569246137,217.51144528388977,0.0
1,waypoint_34,-15.0,0.023239563895776028,-0.7565540276512385,1.0638120569246137,105.613574385643,0.0
2,waypoint_34,-15.0,0.023239563895776028,-0.7565540276512385,1.0638120569246137,135.98667085170746,0.0
3,waypoint_34,-15.0,0.023239563895776028,-0.7565540276512385,1.0638120569246137,0.005119064098835224,0.024654192849993706
4,waypoint_34,-15.0,0.023239563895776028,-0.7565540276512385,1.0638120569246137,0.004981536221748684,0.015843255445361137
5,waypoint_34,-15.0,0.023239563895776028,-0.7565540276512385,1.0638120569246137,251.78036093711853,0.0
6,waypoint_34,-15.0,0.023239563895776028,-0.7565540276512385,1.0638120569246137,0.0039846049730840605,0.003657017834484577
7,waypoint_34,-15.0,0.023239563895776028,-0.7565540276512385,1.0638120569246137,0.00472834290121682,0.01430606935173273
8,waypoint_34,-15.0,0.023239563895776028,-0.7565540276512385,1.0638120569246137,357.4546277523041,0.0
9,waypoint_34,-15.0,0.023239563895776028,-0.7565540276512385,1.0638120569246137,349.08756613731384,0.0
10,waypoint_34,-15.0,0.023239563895776028,-0.7565540276512385,1.0638120569246137,301.9632399082184,0.0
11,waypoint_34,-15.0,0.023239563895776028,-0.7565540276512385,1.0638120569246137,451.290488243103,0.0
12,waypoint_34,-15.0,0.023239563895776028,-0.7565540276512385,1.0638120569246137,343.73706579208374,0.0
13,waypoint_34,-15.0,0.023239563895776028,-0.7565540276512385,1.0638120569246137,403.6919176578522,0.0
14,waypoint_34,-15.0,0.023239563895776028,-0.7565540276512385,1.0638120569246137,595.8684682846069,0.0
0,waypoint_34,-30.0,0.023239563895776028,-0.7565540276512385,1.0638120569246137,46.66946828365326,0.0
1,waypoint_34,-30.0,0.023239563895776028,-0.7565540276512385,1.0638120569246137,164.8789346218109,0.0
2,waypoint_34,-30.0,0.023239563895776028,-0.7565540276512385,1.0638120569246137,208.58831703662872,0.0
3,waypoint_34,-30.0,0.023239563895776028,-0.7565540276512385,1.0638120569246137,0.004396221356728347,0.024793947115540504
4,waypoint_34,-30.0,0.023239563895776028,-0.7565540276512385,1.0638120569246137,0.004928118414682103,0.015866346657276154
5,waypoint_34,-30.0,0.023239563895776028,-0.7565540276512385,1.0638120569246137,281.8516194820404,0.0
6,waypoint_34,-30.0,0.023239563895776028,-0.7565540276512385,1.0638120569246137,0.0034438128295732895,0.0030876854434609413
7,waypoint_34,-30.0,0.023239563895776028,-0.7565540276512385,1.0638120569246137,0.002227091272288817,0.013894372619688511
8,waypoint_34,-30.0,0.023239563895776028,-0.7565540276512385,1.0638120569246137,369.8980212211609,0.0
9,waypoint_34,-30.0,0.023239563895776028,-0.7565540276512385,1.0638120569246137,364.93194103240967,0.0
10,waypoint_34,-30.0,0.023239563895776028,-0.7565540276512385,1.0638120569246137,306.1826527118683,0.0
11,waypoint_34,-30.0,0.023239563895776028,-0.7565540276512385,1.0638120569246137,462.5595808029175,0.0
12,waypoint_34,-30.0,0.023239563895776028,-0.7565540276512385,1.0638120569246137,349.8271703720093,0.0
13,waypoint_34,-30.0,0.023239563895776028,-0.7565540276512385,1.0638120569246137,403.69126200675964,0.0
14,waypoint_34,-30.0,0.023239563895776028,-0.7565540276512385,1.0638120569246137,628.6649107933044,0.0
0,waypoint_35,-30.0,0.0432395638957756,-0.7565540276512385,1.0638120569246137,0.020253304683137685,0.015929749235510826
1,waypoint_35,-30.0,0.0432395638957756,-0.7565540276512385,1.0638120569246137,145.0037658214569,0.0
2,waypoint_35,-30.0,0.0432395638957756,-0.7565540276512385,1.0638120569246137,197.48732447624207,0.0
3,waypoint_35,-30.0,0.0432395638957756,-0.7565540276512385,1.0638120569246137,0.010144002771994565,0.026595959439873695
4,waypoint_35,-30.0,0.0432395638957756,-0.7565540276512385,1.0638120569246137,0.010795683010655921,0.01762770116329193
5,waypoint_35,-30.0,0.0432395638957756,-0.7565540276512385,1.0638120569246137,266.9853866100311,0.0
6,waypoint_35,-30.0,0.0432395638957756,-0.7565540276512385,1.0638120569246137,0.012042065463901963,0.0014672542456537485
7,waypoint_35,-30.0,0.0432395638957756,-0.7565540276512385,1.0638120569246137,0.010035404557129368,0.011622119694948196
8,waypoint_35,-30.0,0.0432395638957756,-0.7565540276512385,1.0638120569246137,371.8685209751129,0.0
9,waypoint_35,-30.0,0.0432395638957756,-0.7565540276512385,1.0638120569246137,362.69038915634155,0.0
10,waypoint_35,-30.0,0.0432395638957756,-0.7565540276512385,1.0638120569246137,305.23544549942017,0.0
11,waypoint_35,-30.0,0.0432395638957756,-0.7565540276512385,1.0638120569246137,475.4694700241089,0.0
12,waypoint_35,-30.0,0.0432395638957756,-0.7565540276512385,1.0638120569246137,340.4198884963989,0.0
13,waypoint_35,-30.0,0.0432395638957756,-0.7565540276512385,1.0638120569246137,391.84969663619995,0.0
14,waypoint_35,-30.0,0.0432395638957756,-0.7565540276512385,1.0638120569246137,624.6625781059265,0.0
0,waypoint_35,-15.0,0.0432395638957756,-0.7565540276512385,1.0638120569246137,202.81526446342468,0.0
1,waypoint_35,-15.0,0.0432395638957756,-0.7565540276512385,1.0638120569246137,87.34172582626343,0.0
2,waypoint_35,-15.0,0.0432395638957756,-0.7565540276512385,1.0638120569246137,143.54565739631653,0.0
3,waypoint_35,-15.0,0.0432395638957756,-0.7565540276512385,1.0638120569246137,0.002831063738994999,0.026314275339245796
4,waypoint_35,-15.0,0.0432395638957756,-0.7565540276512385,1.0638120569246137,0.003846231720672222,0.017645450308918953
5,waypoint_35,-15.0,0.0432395638957756,-0.7565540276512385,1.0638120569246137,235.6986403465271,0.0
6,waypoint_35,-15.0,0.0432395638957756,-0.7565540276512385,1.0638120569246137,0.005781650543212891,0.0016812148969620466
7,waypoint_35,-15.0,0.0432395638957756,-0.7565540276512385,1.0638120569246137,0.006744640813849401,0.012177987955510616
8,waypoint_35,-15.0,0.0432395638957756,-0.7565540276512385,1.0638120569246137,361.5829646587372,0.0
9,waypoint_35,-15.0,0.0432395638957756,-0.7565540276512385,1.0638120569246137,348.8863706588745,0.0
10,waypoint_35,-15.0,0.0432395638957756,-0.7565540276512385,1.0638120569246137,302.8298318386078,0.0
11,waypoint_35,-15.0,0.0432395638957756,-0.7565540276512385,1.0638120569246137,456.09983801841736,0.0
12,waypoint_35,-15.0,0.0432395638957756,-0.7565540276512385,1.0638120569246137,337.79823780059814,0.0
13,waypoint_35,-15.0,0.0432395638957756,-0.7565540276512385,1.0638120569246137,391.22602343559265,0.0
14,waypoint_35,-15.0,0.0432395638957756,-0.7565540276512385,1.0638120569246137,616.1686182022095,0.0
0,waypoint_35,0.0,0.0432395638957756,-0.7565540276512385,1.0638120569246137,274.45513010025024,0.0
1,waypoint_35,0.0,0.0432395638957756,-0.7565540276512385,1.0638120569246137,31.436335295438766,0.0
2,waypoint_35,0.0,0.0432395638957756,-0.7565540276512385,1.0638120569246137,91.26884490251541,0.0
3,waypoint_35,0.0,0.0432395638957756,-0.7565540276512385,1.0638120569246137,0.0032186508178710938,0.02507949434220791
4,waypoint_35,0.0,0.0432395638957756,-0.7565540276512385,1.0638120569246137,0.0047223284127539955,0.017132872715592384
5,waypoint_35,0.0,0.0432395638957756,-0.7565540276512385,1.0638120569246137,201.52251422405243,0.0
6,waypoint_35,0.0,0.0432395638957756,-0.7565540276512385,1.0638120569246137,0.00761239425628446,0.0019486561650410295
7,waypoint_35,0.0,0.0432395638957756,-0.7565540276512385,1.0638120569246137,0.002713364438022836,0.011903579346835613
8,waypoint_35,0.0,0.0432395638957756,-0.7565540276512385,1.0638120569246137,344.8018729686737,0.0
9,waypoint_35,0.0,0.0432395638957756,-0.7565540276512385,1.0638120569246137,326.92742347717285,0.0
10,waypoint_35,0.0,0.0432395638957756,-0.7565540276512385,1.0638120569246137,298.23678731918335,0.0
11,waypoint_35,0.0,0.0432395638957756,-0.7565540276512385,1.0638120569246137,428.782194852829,0.0
12,waypoint_35,0.0,0.0432395638957756,-0.7565540276512385,1.0638120569246137,329.813688993454,0.0
13,waypoint_35,0.0,0.0432395638957756,-0.7565540276512385,1.0638120569246137,387.7760171890259,0.0
14,waypoint_35,0.0,0.0432395638957756,-0.7565540276512385,1.0638120569246137,588.9913439750671,0.0
0,waypoint_35,15.0,0.0432395638957756,-0.7565540276512385,1.0638120569246137,221.8715250492096,0.0
1,waypoint_35,15.0,0.0432395638957756,-0.7565540276512385,1.0638120569246137,20.490186288952827,0.0
2,waypoint_35,15.0,0.0432395638957756,-0.7565540276512385,1.0638120569246137,60.03518030047417,0.0
3,waypoint_35,15.0,0.0432395638957756,-0.7565540276512385,1.0638120569246137,0.0034897998375527095,0.022769751027226448
4,waypoint_35,15.0,0.0432395638957756,-0.7565540276512385,1.0638120569246137,0.004075842298334464,0.016180751845240593
5,waypoint_35,15.0,0.0432395638957756,-0.7565540276512385,1.0638120569246137,166.69811308383942,0.0
6,waypoint_35,15.0,0.0432395638957756,-0.7565540276512385,1.0638120569246137,0.006243964435270755,0.0019973970483988523
7,waypoint_35,15.0,0.0432395638957756,-0.7565540276512385,1.0638120569246137,0.003560506456778967,0.01029107253998518
8,waypoint_35,15.0,0.0432395638957756,-0.7565540276512385,1.0638120569246137,323.27020168304443,0.0
9,waypoint_35,15.0,0.0432395638957756,-0.7565540276512385,1.0638120569246137,304.3161928653717,0.0
10,waypoint_35,15.0,0.0432395638957756,-0.7565540276512385,1.0638120569246137,289.9070084095001,0.0
11,waypoint_35,15.0,0.0432395638957756,-0.7565540276512385,1.0638120569246137,404.9880802631378,0.0
12,waypoint_35,15.0,0.0432395638957756,-0.7565540276512385,1.0638120569246137,313.49703669548035,0.0
13,waypoint_35,15.0,0.0432395638957756,-0.7565540276512385,1.0638120569246137,381.2898099422455,0.0
14,waypoint_35,15.0,0.0432395638957756,-0.7565540276512385,1.0638120569246137,566.4253830909729,0.0
0,waypoint_35,30.0,0.0432395638957756,-0.7565540276512385,1.0638120569246137,251.09946727752686,0.0
1,waypoint_35,30.0,0.0432395638957756,-0.7565540276512385,1.0638120569246137,220.40805220603943,0.0
2,waypoint_35,30.0,0.0432395638957756,-0.7565540276512385,1.0638120569246137,0.06122589547885582,0.010766841471195221
3,waypoint_35,30.0,0.0432395638957756,-0.7565540276512385,1.0638120569246137,0.002396076979493955,0.019288184121251106
4,waypoint_35,30.0,0.0432395638957756,-0.7565540276512385,1.0638120569246137,0.0019369217625353485,0.014945034869015217
5,waypoint_35,30.0,0.0432395638957756,-0.7565540276512385,1.0638120569246137,135.52512228488922,0.0
6,waypoint_35,30.0,0.0432395638957756,-0.7565540276512385,1.0638120569246137,132.60518014431,0.0
7,waypoint_35,30.0,0.0432395638957756,-0.7565540276512385,1.0638120569246137,0.0036972000998503063,0.00628060195595026
8,waypoint_35,30.0,0.0432395638957756,-0.7565540276512385,1.0638120569246137,304.5197129249573,0.0
9,waypoint_35,30.0,0.0432395638957756,-0.7565540276512385,1.0638120569246137,278.626024723053,0.0
10,waypoint_35,30.0,0.0432395638957756,-0.7565540276512385,1.0638120569246137,281.01518750190735,0.0
11,waypoint_35,30.0,0.0432395638957756,-0.7565540276512385,1.0638120569246137,376.7785131931305,0.0
12,waypoint_35,30.0,0.0432395638957756,-0.7565540276512385,1.0638120569246137,312.25571036338806,0.0
13,waypoint_35,30.0,0.0432395638957756,-0.7565540276512385,1.0638120569246137,373.64181876182556,0.0
14,waypoint_35,30.0,0.0432395638957756,-0.7565540276512385,1.0638120569246137,537.3231172561646,0.0
0,waypoint_36,30.0,0.06323956389577523,-0.7565540276512385,1.0638120569246137,303.6903142929077,0.0
1,waypoint_36,30.0,0.06323956389577523,-0.7565540276512385,1.0638120569246137,258.38741660118103,0.0
2,waypoint_36,30.0,0.06323956389577523,-0.7565540276512385,1.0638120569246137,0.48455456271767616,6.649188577512177e-08
3,waypoint_36,30.0,0.06323956389577523,-0.7565540276512385,1.0638120569246137,0.009258503268938512,0.01932593248784542
4,waypoint_36,30.0,0.06323956389577523,-0.7565540276512385,1.0638120569246137,0.010818694136105478,0.0161809790879488
5,waypoint_36,30.0,0.06323956389577523,-0.7565540276512385,1.0638120569246137,116.87019467353821,0.0
6,waypoint_36,30.0,0.06323956389577523,-0.7565540276512385,1.0638120569246137,183.9439570903778,0.0
7,waypoint_36,30.0,0.06323956389577523,-0.7565540276512385,1.0638120569246137,0.00960090801527258,0.005654190666973591
8,waypoint_36,30.0,0.06323956389577523,-0.7565540276512385,1.0638120569246137,312.61059641838074,0.0
9,waypoint_36,30.0,0.06323956389577523,-0.7565540276512385,1.0638120569246137,282.90897607803345,0.0
10,waypoint_36,30.0,0.06323956389577523,-0.7565540276512385,1.0638120569246137,283.343106508255,0.0
11,waypoint_36,30.0,0.06323956389577523,-0.7565540276512385,1.0638120569246137,367.32691526412964,0.0
12,waypoint_36,30.0,0.06323956389577523,-0.7565540276512385,1.0638120569246137,303.6749064922333,0.0
13,waypoint_36,30.0,0.06323956389577523,-0.7565540276512385,1.0638120569246137,364.0506863594055,0.0
14,waypoint_36,30.0,0.06323956389577523,-0.7565540276512385,1.0638120569246137,503.1818747520447,0.0
0,waypoint_36,15.0,0.06323956389577523,-0.7565540276512385,1.0638120569246137,259.0028941631317,0.0
1,waypoint_36,15.0,0.06323956389577523,-0.7565540276512385,1.0638120569246137,263.33391666412354,0.0
2,waypoint_36,15.0,0.06323956389577523,-0.7565540276512385,1.0638120569246137,0.01567953404446598,0.02141699567437172
3,waypoint_36,15.0,0.06323956389577523,-0.7565540276512385,1.0638120569246137,0.00290048728857073,0.023585809394717216
4,waypoint_36,15.0,0.06323956389577523,-0.7565540276512385,1.0638120569246137,0.0034596375826367876,0.01772940903902054
5,waypoint_36,15.0,0.06323956389577523,-0.7565540276512385,1.0638120569246137,148.45265448093414,0.0
6,waypoint_36,15.0,0.06323956389577523,-0.7565540276512385,1.0638120569246137,180.0595074892044,0.0
7,waypoint_36,15.0,0.06323956389577523,-0.7565540276512385,1.0638120569246137,0.010988050235027913,0.008813544176518917
8,waypoint_36,15.0,0.06323956389577523,-0.7565540276512385,1.0638120569246137,329.54755425453186,0.0
9,waypoint_36,15.0,0.06323956389577523,-0.7565540276512385,1.0638120569246137,305.18385767936707,0.0
10,waypoint_36,15.0,0.06323956389577523,-0.7565540276512385,1.0638120569246137,289.843887090683,0.0
11,waypoint_36,15.0,0.06323956389577523,-0.7565540276512385,1.0638120569246137,395.33355832099915,0.0
12,waypoint_36,15.0,0.06323956389577523,-0.7565540276512385,1.0638120569246137,307.8390955924988,0.0
13,waypoint_36,15.0,0.06323956389577523,-0.7565540276512385,1.0638120569246137,372.0783591270447,0.0
14,waypoint_36,15.0,0.06323956389577523,-0.7565540276512385,1.0638120569246137,515.3616666793823,0.0
0,waypoint_36,0.0,0.06323956389577523,-0.7565540276512385,1.0638120569246137,275.60973167419434,0.0
1,waypoint_36,0.0,0.06323956389577523,-0.7565540276512385,1.0638120569246137,0.4106156702619046,0.011756427586078644
2,waypoint_36,0.0,0.06323956389577523,-0.7565540276512385,1.0638120569246137,0.003860982815240277,0.02921520359814167
3,waypoint_36,0.0,0.06323956389577523,-0.7565540276512385,1.0638120569246137,0.0033906608223333023,0.02637127786874771
4,waypoint_36,0.0,0.06323956389577523,-0.7565540276512385,1.0638120569246137,0.0054706542869098485,0.018856683745980263
5,waypoint_36,0.0,0.06323956389577523,-0.7565540276512385,1.0638120569246137,184.96648967266083,0.0
6,waypoint_36,0.0,0.06323956389577523,-0.7565540276512385,1.0638120569246137,0.31903048511594534,3.860650394926779e-05
7,waypoint_36,0.0,0.06323956389577523,-0.7565540276512385,1.0638120569246137,0.004069735950906761,0.009986118413507938
8,waypoint_36,0.0,0.06323956389577523,-0.7565540276512385,1.0638120569246137,350.9744107723236,0.0
9,waypoint_36,0.0,0.06323956389577523,-0.7565540276512385,1.0638120569246137,328.8562595844269,0.0
10,waypoint_36,0.0,0.06323956389577523,-0.7565540276512385,1.0638120569246137,296.55784368515015,0.0
11,waypoint_36,0.0,0.06323956389577523,-0.7565540276512385,1.0638120569246137,418.9870357513428,0.0
12,waypoint_36,0.0,0.06323956389577523,-0.7565540276512385,1.0638120569246137,321.09948992729187,0.0
13,waypoint_36,0.0,0.06323956389577523,-0.7565540276512385,1.0638120569246137,376.97675824165344,0.0
14,waypoint_36,0.0,0.06323956389577523,-0.7565540276512385,1.0638120569246137,534.259021282196,0.0
0,waypoint_36,-15.0,0.06323956389577523,-0.7565540276512385,1.0638120569246137,248.67510795593262,0.0
1,waypoint_36,-15.0,0.06323956389577523,-0.7565540276512385,1.0638120569246137,67.9839476943016,0.0
2,waypoint_36,-15.0,0.06323956389577523,-0.7565540276512385,1.0638120569246137,0.005586326096818084,0.03369688242673874
3,waypoint_36,-15.0,0.06323956389577523,-0.7565540276512385,1.0638120569246137,0.0047936364353518,0.027906471863389015
4,waypoint_36,-15.0,0.06323956389577523,-0.7565540276512385,1.0638120569246137,0.004318355422583409,0.019432557746767998
5,waypoint_36,-15.0,0.06323956389577523,-0.7565540276512385,1.0638120569246137,220.56856751441956,0.0
6,waypoint_36,-15.0,0.06323956389577523,-0.7565540276512385,1.0638120569246137,0.025625075068091974,0.0011991675710305572
7,waypoint_36,-15.0,0.06323956389577523,-0.7565540276512385,1.0638120569246137,0.0041602338569646236,0.010027782991528511
8,waypoint_36,-15.0,0.06323956389577523,-0.7565540276512385,1.0638120569246137,368.45862865448,0.0
9,waypoint_36,-15.0,0.06323956389577523,-0.7565540276512385,1.0638120569246137,350.3389358520508,0.0
10,waypoint_36,-15.0,0.06323956389577523,-0.7565540276512385,1.0638120569246137,302.22102999687195,0.0
11,waypoint_36,-15.0,0.06323956389577523,-0.7565540276512385,1.0638120569246137,450.94242691993713,0.0
12,waypoint_36,-15.0,0.06323956389577523,-0.7565540276512385,1.0638120569246137,327.0716965198517,0.0
13,waypoint_36,-15.0,0.06323956389577523,-0.7565540276512385,1.0638120569246137,378.52510809898376,0.0
14,waypoint_36,-15.0,0.06323956389577523,-0.7565540276512385,1.0638120569246137,555.0522804260254,0.0
0,waypoint_36,-30.0,0.06323956389577523,-0.7565540276512385,1.0638120569246137,5.963635630905628,0.0
1,waypoint_36,-30.0,0.06323956389577523,-0.7565540276512385,1.0638120569246137,123.7853467464447,0.0
2,waypoint_36,-30.0,0.06323956389577523,-0.7565540276512385,1.0638120569246137,0.007886755156505387,0.03609798848628998
3,waypoint_36,-30.0,0.06323956389577523,-0.7565540276512385,1.0638120569246137,0.005119064098835224,0.028377199545502663
4,waypoint_36,-30.0,0.06323956389577523,-0.7565540276512385,1.0638120569246137,0.004780649305757834,0.01940072514116764
5,waypoint_36,-30.0,0.06323956389577523,-0.7565540276512385,1.0638120569246137,253.0325949192047,0.0
6,waypoint_36,-30.0,0.06323956389577523,-0.7565540276512385,1.0638120569246137,0.003473736796877347,0.0019822122994810343
7,waypoint_36,-30.0,0.06323956389577523,-0.7565540276512385,1.0638120569246137,0.0026291261292499257,0.009382613003253937
8,waypoint_36,-30.0,0.06323956389577523,-0.7565540276512385,1.0638120569246137,377.7008354663849,0.0
9,waypoint_36,-30.0,0.06323956389577523,-0.7565540276512385,1.0638120569246137,362.3015284538269,0.0
10,waypoint_36,-30.0,0.06323956389577523,-0.7565540276512385,1.0638120569246137,305.23911118507385,0.0
11,waypoint_36,-30.0,0.06323956389577523,-0.7565540276512385,1.0638120569246137,475.2327799797058,0.0
12,waypoint_36,-30.0,0.06323956389577523,-0.7565540276512385,1.0638120569246137,333.061158657074,0.0
13,waypoint_36,-30.0,0.06323956389577523,-0.7565540276512385,1.0638120569246137,383.2625448703766,0.0
14,waypoint_36,-30.0,0.06323956389577523,-0.7565540276512385,1.0638120569246137,583.3306312561035,0.0
0,waypoint_37,-30.0,0.08323956389577541,-0.7565540276512385,1.0638120569246137,99.03156757354736,0.0
1,waypoint_37,-30.0,0.08323956389577541,-0.7565540276512385,1.0638120569246137,100.46304017305374,0.0
2,waypoint_37,-30.0,0.08323956389577541,-0.7565540276512385,1.0638120569246137,0.8683169144205749,0.037165746092796326
3,waypoint_37,-30.0,0.08323956389577541,-0.7565540276512385,1.0638120569246137,0.9283482213504612,0.03020162135362625
4,waypoint_37,-30.0,0.08323956389577541,-0.7565540276512385,1.0638120569246137,0.9450444485992193,0.021270904690027237
5,waypoint_37,-30.0,0.08323956389577541,-0.7565540276512385,1.0638120569246137,240.3174191713333,0.0
6,waypoint_37,-30.0,0.08323956389577541,-0.7565540276512385,1.0638120569246137,1.3354201801121235,0.003628198057413101
7,waypoint_37,-30.0,0.08323956389577541,-0.7565540276512385,1.0638120569246137,0.9601706406101584,0.0070833368226885796
8,waypoint_37,-30.0,0.08323956389577541,-0.7565540276512385,1.0638120569246137,382.20658898353577,0.0
9,waypoint_37,-30.0,0.08323956389577541,-0.7565540276512385,1.0638120569246137,361.9862198829651,0.0
10,waypoint_37,-30.0,0.08323956389577541,-0.7565540276512385,1.0638120569246137,306.7513406276703,0.0
11,waypoint_37,-30.0,0.08323956389577541,-0.7565540276512385,1.0638120569246137,467.5598740577698,0.0
12,waypoint_37,-30.0,0.08323956389577541,-0.7565540276512385,1.0638120569246137,326.2486457824707,0.0
13,waypoint_37,-30.0,0.08323956389577541,-0.7565540276512385,1.0638120569246137,371.89120054244995,0.0
14,waypoint_37,-30.0,0.08323956389577541,-0.7565540276512385,1.0638120569246137,563.3193254470825,0.0
0,waypoint_37,-15.0,0.08323956389577541,-0.7565540276512385,1.0638120569246137,127.598837018013,0.0
1,waypoint_37,-15.0,0.08323956389577541,-0.7565540276512385,1.0638120569246137,84.21505987644196,0.0
2,waypoint_37,-15.0,0.08323956389577541,-0.7565540276512385,1.0638120569246137,4.6954285353422165,0.0
3,waypoint_37,-15.0,0.08323956389577541,-0.7565540276512385,1.0638120569246137,5.206375848501921,0.0
4,waypoint_37,-15.0,0.08323956389577541,-0.7565540276512385,1.0638120569246137,6.584173068404198,0.0
5,waypoint_37,-15.0,0.08323956389577541,-0.7565540276512385,1.0638120569246137,232.99190402030945,0.0
6,waypoint_37,-15.0,0.08323956389577541,-0.7565540276512385,1.0638120569246137,11.408530175685883,0.0
7,waypoint_37,-15.0,0.08323956389577541,-0.7565540276512385,1.0638120569246137,16.6163370013237,0.0
8,waypoint_37,-15.0,0.08323956389577541,-0.7565540276512385,1.0638120569246137,380.8806538581848,0.0
9,waypoint_37,-15.0,0.08323956389577541,-0.7565540276512385,1.0638120569246137,359.6162497997284,0.0
10,waypoint_37,-15.0,0.08323956389577541,-0.7565540276512385,1.0638120569246137,305.8280348777771,0.0
11,waypoint_37,-15.0,0.08323956389577541,-0.7565540276512385,1.0638120569246137,463.4042978286743,0.0
12,waypoint_37,-15.0,0.08323956389577541,-0.7565540276512385,1.0638120569246137,324.0872323513031,0.0
13,waypoint_37,-15.0,0.08323956389577541,-0.7565540276512385,1.0638120569246137,373.0493187904358,0.0
14,waypoint_37,-15.0,0.08323956389577541,-0.7565540276512385,1.0638120569246137,564.0242695808411,0.0
0,waypoint_37,0.0,0.08323956389577541,-0.7565540276512385,1.0638120569246137,238.22461068630219,0.0
1,waypoint_37,0.0,0.08323956389577541,-0.7565540276512385,1.0638120569246137,5.9072719886898994,0.0
2,waypoint_37,0.0,0.08323956389577541,-0.7565540276512385,1.0638120569246137,0.33502213773317635,0.028476784005761147
3,waypoint_37,0.0,0.08323956389577541,-0.7565540276512385,1.0638120569246137,0.3981681657023728,0.027514267712831497
4,waypoint_37,0.0,0.08323956389577541,-0.7565540276512385,1.0638120569246137,0.42873501661233604,0.02053910680115223
5,waypoint_37,0.0,0.08323956389577541,-0.7565540276512385,1.0638120569246137,169.71303522586823,0.0
6,waypoint_37,0.0,0.08323956389577541,-0.7565540276512385,1.0638120569246137,0.6643126253038645,0.002073910553008318
7,waypoint_37,0.0,0.08323956389577541,-0.7565540276512385,1.0638120569246137,1.0426882654428482,0.008074019104242325
8,waypoint_37,0.0,0.08323956389577541,-0.7565540276512385,1.0638120569246137,360.53597927093506,0.0
9,waypoint_37,0.0,0.08323956389577541,-0.7565540276512385,1.0638120569246137,333.0729007720947,0.0
10,waypoint_37,0.0,0.08323956389577541,-0.7565540276512385,1.0638120569246137,301.65567994117737,0.0
11,waypoint_37,0.0,0.08323956389577541,-0.7565540276512385,1.0638120569246137,418.6795651912689,0.0
12,waypoint_37,0.0,0.08323956389577541,-0.7565540276512385,1.0638120569246137,311.6498589515686,0.0
13,waypoint_37,0.0,0.08323956389577541,-0.7565540276512385,1.0638120569246137,369.2212402820587,0.0
14,waypoint_37,0.0,0.08323956389577541,-0.7565540276512385,1.0638120569246137,537.3932719230652,0.0
0,waypoint_37,15.0,0.08323956389577541,-0.7565540276512385,1.0638120569246137,272.4197208881378,0.0
1,waypoint_37,15.0,0.08323956389577541,-0.7565540276512385,1.0638120569246137,11.387981474399567,0.0
2,waypoint_37,15.0,0.08323956389577541,-0.7565540276512385,1.0638120569246137,6.832328159362078,0.0
3,waypoint_37,15.0,0.08323956389577541,-0.7565540276512385,1.0638120569246137,6.881955545395613,0.0
4,waypoint_37,15.0,0.08323956389577541,-0.7565540276512385,1.0638120569246137,7.7423350885510445,0.0
5,waypoint_37,15.0,0.08323956389577541,-0.7565540276512385,1.0638120569246137,160.76360642910004,0.0
6,waypoint_37,15.0,0.08323956389577541,-0.7565540276512385,1.0638120569246137,3.3466981258243322,0.0
7,waypoint_37,15.0,0.08323956389577541,-0.7565540276512385,1.0638120569246137,15.917463228106499,0.0
8,waypoint_37,15.0,0.08323956389577541,-0.7565540276512385,1.0638120569246137,356.6385805606842,0.0
9,waypoint_37,15.0,0.08323956389577541,-0.7565540276512385,1.0638120569246137,327.77002453804016,0.0
10,waypoint_37,15.0,0.08323956389577541,-0.7565540276512385,1.0638120569246137,299.2297112941742,0.0
11,waypoint_37,15.0,0.08323956389577541,-0.7565540276512385,1.0638120569246137,412.5608801841736,0.0
12,waypoint_37,15.0,0.08323956389577541,-0.7565540276512385,1.0638120569246137,309.731125831604,0.0
13,waypoint_37,15.0,0.08323956389577541,-0.7565540276512385,1.0638120569246137,368.7360882759094,0.0
14,waypoint_37,15.0,0.08323956389577541,-0.7565540276512385,1.0638120569246137,530.3194522857666,0.0
0,waypoint_37,30.0,0.08323956389577541,-0.7565540276512385,1.0638120569246137,261.959046125412,0.0
1,waypoint_37,30.0,0.08323956389577541,-0.7565540276512385,1.0638120569246137,271.63198590278625,0.0
2,waypoint_37,30.0,0.08323956389577541,-0.7565540276512385,1.0638120569246137,25.10032057762146,0.0
3,waypoint_37,30.0,0.08323956389577541,-0.7565540276512385,1.0638120569246137,0.004733974947157549,0.018872492015361786
4,waypoint_37,30.0,0.08323956389577541,-0.7565540276512385,1.0638120569246137,0.0029490749966498697,0.017273858189582825
5,waypoint_37,30.0,0.08323956389577541,-0.7565540276512385,1.0638120569246137,99.07816350460052,0.0
6,waypoint_37,30.0,0.08323956389577541,-0.7565540276512385,1.0638120569246137,0.015105310922081117,0.0030158525332808495
7,waypoint_37,30.0,0.08323956389577541,-0.7565540276512385,1.0638120569246137,0.022059226466808468,0.004715071991086006
8,waypoint_37,30.0,0.08323956389577541,-0.7565540276512385,1.0638120569246137,329.8038840293884,0.0
9,waypoint_37,30.0,0.08323956389577541,-0.7565540276512385,1.0638120569246137,288.93619775772095,0.0
10,waypoint_37,30.0,0.08323956389577541,-0.7565540276512385,1.0638120569246137,286.91428899765015,0.0
11,waypoint_37,30.0,0.08323956389577541,-0.7565540276512385,1.0638120569246137,367.86288022994995,0.0
12,waypoint_37,30.0,0.08323956389577541,-0.7565540276512385,1.0638120569246137,295.15936970710754,0.0
13,waypoint_37,30.0,0.08323956389577541,-0.7565540276512385,1.0638120569246137,355.3123474121094,0.0
14,waypoint_37,30.0,0.08323956389577541,-0.7565540276512385,1.0638120569246137,475.5505919456482,0.0
0,waypoint_38,30.0,0.10323956389577521,-0.7565540276512385,1.0638120569246137,297.74796962738037,0.0
1,waypoint_38,30.0,0.10323956389577521,-0.7565540276512385,1.0638120569246137,227.50841081142426,0.0
2,waypoint_38,30.0,0.10323956389577521,-0.7565540276512385,1.0638120569246137,199.07847046852112,0.0
3,waypoint_38,30.0,0.10323956389577521,-0.7565540276512385,1.0638120569246137,0.009286090062232688,0.017733175307512283
4,waypoint_38,30.0,0.10323956389577521,-0.7565540276512385,1.0638120569246137,0.009554793905408587,0.01818985678255558
5,waypoint_38,30.0,0.10323956389577521,-0.7565540276512385,1.0638120569246137,82.53270387649536,0.0
6,waypoint_38,30.0,0.10323956389577521,-0.7565540276512385,1.0638120569246137,0.010964835382765159,0.004391895141452551
7,waypoint_38,30.0,0.10323956389577521,-0.7565540276512385,1.0638120569246137,0.009986560144170653,0.003555541392415762
8,waypoint_38,30.0,0.10323956389577521,-0.7565540276512385,1.0638120569246137,338.91230821609497,0.0
9,waypoint_38,30.0,0.10323956389577521,-0.7565540276512385,1.0638120569246137,294.97021436691284,0.0
10,waypoint_38,30.0,0.10323956389577521,-0.7565540276512385,1.0638120569246137,291.56938195228577,0.0
11,waypoint_38,30.0,0.10323956389577521,-0.7565540276512385,1.0638120569246137,361.27644777297974,0.0
12,waypoint_38,30.0,0.10323956389577521,-0.7565540276512385,1.0638120569246137,293.52521896362305,0.0
13,waypoint_38,30.0,0.10323956389577521,-0.7565540276512385,1.0638120569246137,347.6351201534271,0.0
14,waypoint_38,30.0,0.10323956389577521,-0.7565540276512385,1.0638120569246137,449.0416944026947,0.0
0,waypoint_38,15.0,0.10323956389577521,-0.7565540276512385,1.0638120569246137,273.96976947784424,0.0
1,waypoint_38,15.0,0.10323956389577521,-0.7565540276512385,1.0638120569246137,257.4627995491028,0.0
2,waypoint_38,15.0,0.10323956389577521,-0.7565540276512385,1.0638120569246137,198.88563454151154,0.0
3,waypoint_38,15.0,0.10323956389577521,-0.7565540276512385,1.0638120569246137,0.0031831336855248082,0.02431955374777317
4,waypoint_38,15.0,0.10323956389577521,-0.7565540276512385,1.0638120569246137,0.002182702246500412,0.020531155169010162
5,waypoint_38,15.0,0.10323956389577521,-0.7565540276512385,1.0638120569246137,115.79844355583191,0.0
6,waypoint_38,15.0,0.10323956389577521,-0.7565540276512385,1.0638120569246137,0.0038464700082840864,0.0039045033045113087
7,waypoint_38,15.0,0.10323956389577521,-0.7565540276512385,1.0638120569246137,0.01534437615191564,0.005500256549566984
8,waypoint_38,15.0,0.10323956389577521,-0.7565540276512385,1.0638120569246137,352.2844612598419,0.0
9,waypoint_38,15.0,0.10323956389577521,-0.7565540276512385,1.0638120569246137,314.42758440971375,0.0
10,waypoint_38,15.0,0.10323956389577521,-0.7565540276512385,1.0638120569246137,297.3482608795166,0.0
11,waypoint_38,15.0,0.10323956389577521,-0.7565540276512385,1.0638120569246137,387.7839744091034,0.0
12,waypoint_38,15.0,0.10323956389577521,-0.7565540276512385,1.0638120569246137,300.38052797317505,0.0
13,waypoint_38,15.0,0.10323956389577521,-0.7565540276512385,1.0638120569246137,353.28203439712524,0.0
14,waypoint_38,15.0,0.10323956389577521,-0.7565540276512385,1.0638120569246137,470.7835912704468,0.0
0,waypoint_38,0.0,0.10323956389577521,-0.7565540276512385,1.0638120569246137,281.16971254348755,0.0
1,waypoint_38,0.0,0.10323956389577521,-0.7565540276512385,1.0638120569246137,248.1515258550644,0.0
2,waypoint_38,0.0,0.10323956389577521,-0.7565540276512385,1.0638120569246137,68.05189698934555,0.0
3,waypoint_38,0.0,0.10323956389577521,-0.7565540276512385,1.0638120569246137,0.003741349019037443,0.028413664549589157
4,waypoint_38,0.0,0.10323956389577521,-0.7565540276512385,1.0638120569246137,0.0028541851406771457,0.022133249789476395
5,waypoint_38,0.0,0.10323956389577521,-0.7565540276512385,1.0638120569246137,155.99937736988068,0.0
6,waypoint_38,0.0,0.10323956389577521,-0.7565540276512385,1.0638120569246137,0.004206623088975903,0.004057825077325106
7,waypoint_38,0.0,0.10323956389577521,-0.7565540276512385,1.0638120569246137,0.004481466930883471,0.0060020252130925655
8,waypoint_38,0.0,0.10323956389577521,-0.7565540276512385,1.0638120569246137,371.00180983543396,0.0
9,waypoint_38,0.0,0.10323956389577521,-0.7565540276512385,1.0638120569246137,336.6788327693939,0.0
10,waypoint_38,0.0,0.10323956389577521,-0.7565540276512385,1.0638120569246137,302.9794991016388,0.0
11,waypoint_38,0.0,0.10323956389577521,-0.7565540276512385,1.0638120569246137,409.5476567745209,0.0
12,waypoint_38,0.0,0.10323956389577521,-0.7565540276512385,1.0638120569246137,309.90177392959595,0.0
13,waypoint_38,0.0,0.10323956389577521,-0.7565540276512385,1.0638120569246137,359.0562045574188,0.0
14,waypoint_38,0.0,0.10323956389577521,-0.7565540276512385,1.0638120569246137,470.5401062965393,0.0
0,waypoint_38,-15.0,0.10323956389577521,-0.7565540276512385,1.0638120569246137,254.0666162967682,0.0
1,waypoint_38,-15.0,0.10323956389577521,-0.7565540276512385,1.0638120569246137,5.526531022042036,0.0
2,waypoint_38,-15.0,0.10323956389577521,-0.7565540276512385,1.0638120569246137,109.99917984008789,0.0
3,waypoint_38,-15.0,0.10323956389577521,-0.7565540276512385,1.0638120569246137,0.004005502887594048,0.03077986277639866
4,waypoint_38,-15.0,0.10323956389577521,-0.7565540276512385,1.0638120569246137,0.005846118710906012,0.022945046424865723
5,waypoint_38,-15.0,0.10323956389577521,-0.7565540276512385,1.0638120569246137,194.2805051803589,0.0
6,waypoint_38,-15.0,0.10323956389577521,-0.7565540276512385,1.0638120569246137,0.005795119704998797,0.004653725307434797
7,waypoint_38,-15.0,0.10323956389577521,-0.7565540276512385,1.0638120569246137,0.003559171318556764,0.0057463389821350574
8,waypoint_38,-15.0,0.10323956389577521,-0.7565540276512385,1.0638120569246137,386.6756558418274,0.0
9,waypoint_38,-15.0,0.10323956389577521,-0.7565540276512385,1.0638120569246137,355.7747006416321,0.0
10,waypoint_38,-15.0,0.10323956389577521,-0.7565540276512385,1.0638120569246137,307.1625530719757,0.0
11,waypoint_38,-15.0,0.10323956389577521,-0.7565540276512385,1.0638120569246137,440.80644845962524,0.0
12,waypoint_38,-15.0,0.10323956389577521,-0.7565540276512385,1.0638120569246137,316.57713651657104,0.0
13,waypoint_38,-15.0,0.10323956389577521,-0.7565540276512385,1.0638120569246137,362.06650733947754,0.0
14,waypoint_38,-15.0,0.10323956389577521,-0.7565540276512385,1.0638120569246137,512.9181742668152,0.0
0,waypoint_38,-30.0,0.10323956389577521,-0.7565540276512385,1.0638120569246137,97.50036895275116,0.0
1,waypoint_38,-30.0,0.10323956389577521,-0.7565540276512385,1.0638120569246137,71.5235248208046,0.0
2,waypoint_38,-30.0,0.10323956389577521,-0.7565540276512385,1.0638120569246137,176.6233593225479,0.0
3,waypoint_38,-30.0,0.10323956389577521,-0.7565540276512385,1.0638120569246137,0.005602836608886719,0.03180040046572685
4,waypoint_38,-30.0,0.10323956389577521,-0.7565540276512385,1.0638120569246137,0.0049068053158407565,0.02298855595290661
5,waypoint_38,-30.0,0.10323956389577521,-0.7565540276512385,1.0638120569246137,228.92425954341888,0.0
6,waypoint_38,-30.0,0.10323956389577521,-0.7565540276512385,1.0638120569246137,0.004902119599137222,0.00530290650203824
7,waypoint_38,-30.0,0.10323956389577521,-0.7565540276512385,1.0638120569246137,0.0026588552373141283,0.005076996982097626
8,waypoint_38,-30.0,0.10323956389577521,-0.7565540276512385,1.0638120569246137,392.1601176261902,0.0
9,waypoint_38,-30.0,0.10323956389577521,-0.7565540276512385,1.0638120569246137,364.2934560775757,0.0
10,waypoint_38,-30.0,0.10323956389577521,-0.7565540276512385,1.0638120569246137,309.0403079986572,0.0
11,waypoint_38,-30.0,0.10323956389577521,-0.7565540276512385,1.0638120569246137,442.3113167285919,0.0
12,waypoint_38,-30.0,0.10323956389577521,-0.7565540276512385,1.0638120569246137,319.7919428348541,0.0
13,waypoint_38,-30.0,0.10323956389577521,-0.7565540276512385,1.0638120569246137,362.36846446990967,0.0
14,waypoint_38,-30.0,0.10323956389577521,-0.7565540276512385,1.0638120569246137,546.211838722229,0.0
0,waypoint_39,-30.0,0.12323956389577545,-0.7565540276512385,1.0638120569246137,134.81253385543823,0.0
1,waypoint_39,-30.0,0.12323956389577545,-0.7565540276512385,1.0638120569246137,45.24540901184082,0.0
2,waypoint_39,-30.0,0.12323956389577545,-0.7565540276512385,1.0638120569246137,159.33847427368164,0.0
3,waypoint_39,-30.0,0.12323956389577545,-0.7565540276512385,1.0638120569246137,2.24745343439281,0.0
4,waypoint_39,-30.0,0.12323956389577545,-0.7565540276512385,1.0638120569246137,2.793653169646859,0.0
5,waypoint_39,-30.0,0.12323956389577545,-0.7565540276512385,1.0638120569246137,219.66582536697388,0.0
6,waypoint_39,-30.0,0.12323956389577545,-0.7565540276512385,1.0638120569246137,2.59187794290483,0.0
7,waypoint_39,-30.0,0.12323956389577545,-0.7565540276512385,1.0638120569246137,1.9126521656289697,0.0
8,waypoint_39,-30.0,0.12323956389577545,-0.7565540276512385,1.0638120569246137,398.9262580871582,0.0
9,waypoint_39,-30.0,0.12323956389577545,-0.7565540276512385,1.0638120569246137,367.0409917831421,0.0
10,waypoint_39,-30.0,0.12323956389577545,-0.7565540276512385,1.0638120569246137,312.83462047576904,0.0
11,waypoint_39,-30.0,0.12323956389577545,-0.7565540276512385,1.0638120569246137,435.77948212623596,0.0
12,waypoint_39,-30.0,0.12323956389577545,-0.7565540276512385,1.0638120569246137,313.937246799469,0.0
13,waypoint_39,-30.0,0.12323956389577545,-0.7565540276512385,1.0638120569246137,354.4069230556488,0.0
14,waypoint_39,-30.0,0.12323956389577545,-0.7565540276512385,1.0638120569246137,535.94571352005,0.0
0,waypoint_39,-15.0,0.12323956389577545,-0.7565540276512385,1.0638120569246137,244.4770187139511,0.0
1,waypoint_39,-15.0,0.12323956389577545,-0.7565540276512385,1.0638120569246137,6.770074833184481,0.0
2,waypoint_39,-15.0,0.12323956389577545,-0.7565540276512385,1.0638120569246137,102.61964052915573,0.0
3,waypoint_39,-15.0,0.12323956389577545,-0.7565540276512385,1.0638120569246137,0.580209365580231,0.03199675306677818
4,waypoint_39,-15.0,0.12323956389577545,-0.7565540276512385,1.0638120569246137,0.5870500463061035,0.02464056946337223
5,waypoint_39,-15.0,0.12323956389577545,-0.7565540276512385,1.0638120569246137,183.725044131279,0.0
6,waypoint_39,-15.0,0.12323956389577545,-0.7565540276512385,1.0638120569246137,0.8589813369326293,0.006555795203894377
7,waypoint_39,-15.0,0.12323956389577545,-0.7565540276512385,1.0638120569246137,1.175243523903191,0.0036707064136862755
8,waypoint_39,-15.0,0.12323956389577545,-0.7565540276512385,1.0638120569246137,394.9953615665436,0.0
9,waypoint_39,-15.0,0.12323956389577545,-0.7565540276512385,1.0638120569246137,360.5024218559265,0.0
10,waypoint_39,-15.0,0.12323956389577545,-0.7565540276512385,1.0638120569246137,311.51634454727173,0.0
11,waypoint_39,-15.0,0.12323956389577545,-0.7565540276512385,1.0638120569246137,434.4448447227478,0.0
12,waypoint_39,-15.0,0.12323956389577545,-0.7565540276512385,1.0638120569246137,312.1148347854614,0.0
13,waypoint_39,-15.0,0.12323956389577545,-0.7565540276512385,1.0638120569246137,354.4738292694092,0.0
14,waypoint_39,-15.0,0.12323956389577545,-0.7565540276512385,1.0638120569246137,532.1652293205261,0.0
0,waypoint_39,0.0,0.12323956389577545,-0.7565540276512385,1.0638120569246137,209.22759175300598,0.0
1,waypoint_39,0.0,0.12323956389577545,-0.7565540276512385,1.0638120569246137,11.236165650188923,0.0
2,waypoint_39,0.0,0.12323956389577545,-0.7565540276512385,1.0638120569246137,87.31894940137863,0.0
3,waypoint_39,0.0,0.12323956389577545,-0.7565540276512385,1.0638120569246137,6.1140041798353195,0.0
4,waypoint_39,0.0,0.12323956389577545,-0.7565540276512385,1.0638120569246137,7.17072794213891,0.0
5,waypoint_39,0.0,0.12323956389577545,-0.7565540276512385,1.0638120569246137,174.77315664291382,0.0
6,waypoint_39,0.0,0.12323956389577545,-0.7565540276512385,1.0638120569246137,11.681281961500645,0.0
7,waypoint_39,0.0,0.12323956389577545,-0.7565540276512385,1.0638120569246137,17.139775678515434,0.0
8,waypoint_39,0.0,0.12323956389577545,-0.7565540276512385,1.0638120569246137,392.59469509124756,0.0
9,waypoint_39,0.0,0.12323956389577545,-0.7565540276512385,1.0638120569246137,356.9752871990204,0.0
10,waypoint_39,0.0,0.12323956389577545,-0.7565540276512385,1.0638120569246137,310.8946979045868,0.0
11,waypoint_39,0.0,0.12323956389577545,-0.7565540276512385,1.0638120569246137,429.4649362564087,0.0
12,waypoint_39,0.0,0.12323956389577545,-0.7565540276512385,1.0638120569246137,311.7651045322418,0.0
13,waypoint_39,0.0,0.12323956389577545,-0.7565540276512385,1.0638120569246137,351.8274128437042,0.0
14,waypoint_39,0.0,0.12323956389577545,-0.7565540276512385,1.0638120569246137,525.5125164985657,0.0
0,waypoint_39,15.0,0.12323956389577545,-0.7565540276512385,1.0638120569246137,279.5746326446533,0.0
1,waypoint_39,15.0,0.12323956389577545,-0.7565540276512385,1.0638120569246137,234.71613228321075,0.0
2,waypoint_39,15.0,0.12323956389577545,-0.7565540276512385,1.0638120569246137,3.4382808953523636,0.0
3,waypoint_39,15.0,0.12323956389577545,-0.7565540276512385,1.0638120569246137,0.27941237203776836,0.02406751550734043
4,waypoint_39,15.0,0.12323956389577545,-0.7565540276512385,1.0638120569246137,0.34034435520879924,0.021758420392870903
5,waypoint_39,15.0,0.12323956389577545,-0.7565540276512385,1.0638120569246137,102.39099711179733,0.0
6,waypoint_39,15.0,0.12323956389577545,-0.7565540276512385,1.0638120569246137,0.6469590007327497,0.005738245788961649
7,waypoint_39,15.0,0.12323956389577545,-0.7565540276512385,1.0638120569246137,0.6210909341461957,0.0038134607020765543
8,waypoint_39,15.0,0.12323956389577545,-0.7565540276512385,1.0638120569246137,367.2502934932709,0.0
9,waypoint_39,15.0,0.12323956389577545,-0.7565540276512385,1.0638120569246137,325.03530383110046,0.0
10,waypoint_39,15.0,0.12323956389577545,-0.7565540276512385,1.0638120569246137,303.97966504096985,0.0
11,waypoint_39,15.0,0.12323956389577545,-0.7565540276512385,1.0638120569246137,389.4364833831787,0.0
12,waypoint_39,15.0,0.12323956389577545,-0.7565540276512385,1.0638120569246137,293.94882917404175,0.0
13,waypoint_39,15.0,0.12323956389577545,-0.7565540276512385,1.0638120569246137,348.26740622520447,0.0
14,waypoint_39,15.0,0.12323956389577545,-0.7565540276512385,1.0638120569246137,484.0773642063141,0.0
0,waypoint_39,30.0,0.12323956389577545,-0.7565540276512385,1.0638120569246137,248.58728051185608,0.0
1,waypoint_39,30.0,0.12323956389577545,-0.7565540276512385,1.0638120569246137,271.47698402404785,0.0
2,waypoint_39,30.0,0.12323956389577545,-0.7565540276512385,1.0638120569246137,8.484278805553913,0.0
3,waypoint_39,30.0,0.12323956389577545,-0.7565540276512385,1.0638120569246137,7.417209912091494,0.0
4,waypoint_39,30.0,0.12323956389577545,-0.7565540276512385,1.0638120569246137,7.434891536831856,0.0
5,waypoint_39,30.0,0.12323956389577545,-0.7565540276512385,1.0638120569246137,93.90496462583542,0.0
6,waypoint_39,30.0,0.12323956389577545,-0.7565540276512385,1.0638120569246137,8.458441123366356,0.0
7,waypoint_39,30.0,0.12323956389577545,-0.7565540276512385,1.0638120569246137,15.11415746062994,0.0
8,waypoint_39,30.0,0.12323956389577545,-0.7565540276512385,1.0638120569246137,363.74732851982117,0.0
9,waypoint_39,30.0,0.12323956389577545,-0.7565540276512385,1.0638120569246137,320.2807605266571,0.0
10,waypoint_39,30.0,0.12323956389577545,-0.7565540276512385,1.0638120569246137,301.84128880500793,0.0
11,waypoint_39,30.0,0.12323956389577545,-0.7565540276512385,1.0638120569246137,381.3798129558563,0.0
12,waypoint_39,30.0,0.12323956389577545,-0.7565540276512385,1.0638120569246137,287.719190120697,0.0
13,waypoint_39,30.0,0.12323956389577545,-0.7565540276512385,1.0638120569246137,347.451388835907,0.0
14,waypoint_39,30.0,0.12323956389577545,-0.7565540276512385,1.0638120569246137,478.05288434028625,0.0
0,waypoint_40,30.0,0.14323956389577525,-0.7565540276512385,1.0638120569246137,333.7683975696564,0.0
1,waypoint_40,30.0,0.14323956389577525,-0.7565540276512385,1.0638120569246137,288.8301908969879,0.0
2,waypoint_40,30.0,0.14323956389577525,-0.7565540276512385,1.0638120569246137,214.54711258411407,0.0
3,waypoint_40,30.0,0.14323956389577525,-0.7565540276512385,1.0638120569246137,0.01160194915428292,0.01141122356057167
4,waypoint_40,30.0,0.14323956389577525,-0.7565540276512385,1.0638120569246137,0.009290871275879908,0.019287731498479843
5,waypoint_40,30.0,0.14323956389577525,-0.7565540276512385,1.0638120569246137,57.55719169974327,0.0
6,waypoint_40,30.0,0.14323956389577525,-0.7565540276512385,1.0638120569246137,0.009262063940695953,0.007522036321461201
7,waypoint_40,30.0,0.14323956389577525,-0.7565540276512385,1.0638120569246137,124.90642070770264,0.0
8,waypoint_40,30.0,0.14323956389577525,-0.7565540276512385,1.0638120569246137,366.86232686042786,0.0
9,waypoint_40,30.0,0.14323956389577525,-0.7565540276512385,1.0638120569246137,316.4800703525543,0.0
10,waypoint_40,30.0,0.14323956389577525,-0.7565540276512385,1.0638120569246137,302.9051125049591,0.0
11,waypoint_40,30.0,0.14323956389577525,-0.7565540276512385,1.0638120569246137,354.7949492931366,0.0
12,waypoint_40,30.0,0.14323956389577525,-0.7565540276512385,1.0638120569246137,283.2431495189667,0.0
13,waypoint_40,30.0,0.14323956389577525,-0.7565540276512385,1.0638120569246137,338.0734622478485,0.0
14,waypoint_40,30.0,0.14323956389577525,-0.7565540276512385,1.0638120569246137,427.94111371040344,0.0
0,waypoint_40,15.0,0.14323956389577525,-0.7565540276512385,1.0638120569246137,303.4883141517639,0.0
1,waypoint_40,15.0,0.14323956389577525,-0.7565540276512385,1.0638120569246137,307.931512594223,0.0
2,waypoint_40,15.0,0.14323956389577525,-0.7565540276512385,1.0638120569246137,244.8795735836029,0.0
3,waypoint_40,15.0,0.14323956389577525,-0.7565540276512385,1.0638120569246137,0.3685103147290647,0.023235905915498734
4,waypoint_40,15.0,0.14323956389577525,-0.7565540276512385,1.0638120569246137,0.225042924284935,0.0227834302932024
5,waypoint_40,15.0,0.14323956389577525,-0.7565540276512385,1.0638120569246137,91.99418127536774,0.0
6,waypoint_40,15.0,0.14323956389577525,-0.7565540276512385,1.0638120569246137,0.21169675164856017,0.0075608897022902966
7,waypoint_40,15.0,0.14323956389577525,-0.7565540276512385,1.0638120569246137,1.0419783648103476,0.0019706322345882654
8,waypoint_40,15.0,0.14323956389577525,-0.7565540276512385,1.0638120569246137,378.4085512161255,0.0
9,waypoint_40,15.0,0.14323956389577525,-0.7565540276512385,1.0638120569246137,331.4679265022278,0.0
10,waypoint_40,15.0,0.14323956389577525,-0.7565540276512385,1.0638120569246137,307.954341173172,0.0
11,waypoint_40,15.0,0.14323956389577525,-0.7565540276512385,1.0638120569246137,381.9847106933594,0.0
12,waypoint_40,15.0,0.14323956389577525,-0.7565540276512385,1.0638120569246137,289.20209407806396,0.0
13,waypoint_40,15.0,0.14323956389577525,-0.7565540276512385,1.0638120569246137,342.75707602500916,0.0
14,waypoint_40,15.0,0.14323956389577525,-0.7565540276512385,1.0638120569246137,447.5475549697876,0.0
0,waypoint_40,0.0,0.14323956389577525,-0.7565540276512385,1.0638120569246137,302.49324440956116,0.0
1,waypoint_40,0.0,0.14323956389577525,-0.7565540276512385,1.0638120569246137,256.07094168663025,0.0
2,waypoint_40,0.0,0.14323956389577525,-0.7565540276512385,1.0638120569246137,197.12786376476288,0.0
3,waypoint_40,0.0,0.14323956389577525,-0.7565540276512385,1.0638120569246137,7.353717926889658,0.0
4,waypoint_40,0.0,0.14323956389577525,-0.7565540276512385,1.0638120569246137,7.461195811629295,0.0
5,waypoint_40,0.0,0.14323956389577525,-0.7565540276512385,1.0638120569246137,103.38377952575684,0.0
6,waypoint_40,0.0,0.14323956389577525,-0.7565540276512385,1.0638120569246137,9.079858660697937,0.0
7,waypoint_40,0.0,0.14323956389577525,-0.7565540276512385,1.0638120569246137,11.018725112080574,0.0
8,waypoint_40,0.0,0.14323956389577525,-0.7565540276512385,1.0638120569246137,382.2193443775177,0.0
9,waypoint_40,0.0,0.14323956389577525,-0.7565540276512385,1.0638120569246137,336.5591764450073,0.0
10,waypoint_40,0.0,0.14323956389577525,-0.7565540276512385,1.0638120569246137,309.6809685230255,0.0
11,waypoint_40,0.0,0.14323956389577525,-0.7565540276512385,1.0638120569246137,388.00564408302307,0.0
12,waypoint_40,0.0,0.14323956389577525,-0.7565540276512385,1.0638120569246137,293.36076974868774,0.0
13,waypoint_40,0.0,0.14323956389577525,-0.7565540276512385,1.0638120569246137,342.2884941101074,0.0
14,waypoint_40,0.0,0.14323956389577525,-0.7565540276512385,1.0638120569246137,452.7619481086731,0.0
0,waypoint_40,-15.0,0.14323956389577525,-0.7565540276512385,1.0638120569246137,220.11256217956543,0.0
1,waypoint_40,-15.0,0.14323956389577525,-0.7565540276512385,1.0638120569246137,214.6025449037552,0.0
2,waypoint_40,-15.0,0.14323956389577525,-0.7565540276512385,1.0638120569246137,113.42597007751465,0.0
3,waypoint_40,-15.0,0.14323956389577525,-0.7565540276512385,1.0638120569246137,0.35100203240290284,0.03299681469798088
4,waypoint_40,-15.0,0.14323956389577525,-0.7565540276512385,1.0638120569246137,0.4138137155678123,0.02633116953074932
5,waypoint_40,-15.0,0.14323956389577525,-0.7565540276512385,1.0638120569246137,174.9432235956192,0.0
6,waypoint_40,-15.0,0.14323956389577525,-0.7565540276512385,1.0638120569246137,0.8007936994545162,0.008486246690154076
7,waypoint_40,-15.0,0.14323956389577525,-0.7565540276512385,1.0638120569246137,1.1116500245407224,0.0016737739788368344
8,waypoint_40,-15.0,0.14323956389577525,-0.7565540276512385,1.0638120569246137,406.9916009902954,0.0
9,waypoint_40,-15.0,0.14323956389577525,-0.7565540276512385,1.0638120569246137,368.2526648044586,0.0
10,waypoint_40,-15.0,0.14323956389577525,-0.7565540276512385,1.0638120569246137,314.9999678134918,0.0
11,waypoint_40,-15.0,0.14323956389577525,-0.7565540276512385,1.0638120569246137,439.40988183021545,0.0
12,waypoint_40,-15.0,0.14323956389577525,-0.7565540276512385,1.0638120569246137,309.4392120838165,0.0
13,waypoint_40,-15.0,0.14323956389577525,-0.7565540276512385,1.0638120569246137,346.7899262905121,0.0
14,waypoint_40,-15.0,0.14323956389577525,-0.7565540276512385,1.0638120569246137,490.8931851387024,0.0
0,waypoint_40,-30.0,0.14323956389577525,-0.7565540276512385,1.0638120569246137,247.51649796962738,0.0
1,waypoint_40,-30.0,0.14323956389577525,-0.7565540276512385,1.0638120569246137,252.48834490776062,0.0
2,waypoint_40,-30.0,0.14323956389577525,-0.7565540276512385,1.0638120569246137,126.51161849498749,0.0
3,waypoint_40,-30.0,0.14323956389577525,-0.7565540276512385,1.0638120569246137,5.357428453862667,0.0
4,waypoint_40,-30.0,0.14323956389577525,-0.7565540276512385,1.0638120569246137,6.510643754154444,0.0
5,waypoint_40,-30.0,0.14323956389577525,-0.7565540276512385,1.0638120569246137,184.02400612831116,0.0
6,waypoint_40,-30.0,0.14323956389577525,-0.7565540276512385,1.0638120569246137,10.982424020767212,0.0
7,waypoint_40,-30.0,0.14323956389577525,-0.7565540276512385,1.0638120569246137,11.705860495567322,0.0
8,waypoint_40,-30.0,0.14323956389577525,-0.7565540276512385,1.0638120569246137,408.0985188484192,0.0
9,waypoint_40,-30.0,0.14323956389577525,-0.7565540276512385,1.0638120569246137,370.0253367424011,0.0
10,waypoint_40,-30.0,0.14323956389577525,-0.7565540276512385,1.0638120569246137,315.8159852027893,0.0
11,waypoint_40,-30.0,0.14323956389577525,-0.7565540276512385,1.0638120569246137,445.4406201839447,0.0
12,waypoint_40,-30.0,0.14323956389577525,-0.7565540276512385,1.0638120569246137,308.84498357772827,0.0
13,waypoint_40,-30.0,0.14323956389577525,-0.7565540276512385,1.0638120569246137,347.7805256843567,0.0
14,waypoint_40,-30.0,0.14323956389577525,-0.7565540276512385,1.0638120569246137,500.10836124420166,0.0
0,waypoint_41,-30.0,-0.03676043610422386,-0.7304170035653912,1.056401224630453,196.5445727109909,0.0
1,waypoint_41,-30.0,-0.03676043610422386,-0.7304170035653912,1.056401224630453,294.01519894599915,0.0
2,waypoint_41,-30.0,-0.03676043610422386,-0.7304170035653912,1.056401224630453,366.0169541835785,0.0
3,waypoint_41,-30.0,-0.03676043610422386,-0.7304170035653912,1.056401224630453,1.4513673959299922,0.018850332126021385
4,waypoint_41,-30.0,-0.03676043610422386,-0.7304170035653912,1.056401224630453,0.6397782708518207,0.010354159399867058
5,waypoint_41,-30.0,-0.03676043610422386,-0.7304170035653912,1.056401224630453,343.13687682151794,0.0
6,waypoint_41,-30.0,-0.03676043610422386,-0.7304170035653912,1.056401224630453,0.3930098609998822,0.00902577955275774
7,waypoint_41,-30.0,-0.03676043610422386,-0.7304170035653912,1.056401224630453,0.7728030905127525,0.02063482627272606
8,waypoint_41,-30.0,-0.03676043610422386,-0.7304170035653912,1.056401224630453,387.7428472042084,0.0
9,waypoint_41,-30.0,-0.03676043610422386,-0.7304170035653912,1.056401224630453,391.1280930042267,0.0
10,waypoint_41,-30.0,-0.03676043610422386,-0.7304170035653912,1.056401224630453,312.5420808792114,0.0
11,waypoint_41,-30.0,-0.03676043610422386,-0.7304170035653912,1.056401224630453,566.8719410896301,0.0
12,waypoint_41,-30.0,-0.03676043610422386,-0.7304170035653912,1.056401224630453,380.81252574920654,0.0
13,waypoint_41,-30.0,-0.03676043610422386,-0.7304170035653912,1.056401224630453,432.65530467033386,0.0
14,waypoint_41,-30.0,-0.03676043610422386,-0.7304170035653912,1.056401224630453,665.5965447425842,0.0
0,waypoint_41,-15.0,-0.03676043610422386,-0.7304170035653912,1.056401224630453,181.20816349983215,0.0
1,waypoint_41,-15.0,-0.03676043610422386,-0.7304170035653912,1.056401224630453,286.1720621585846,0.0
2,waypoint_41,-15.0,-0.03676043610422386,-0.7304170035653912,1.056401224630453,358.74760150909424,0.0
3,waypoint_41,-15.0,-0.03676043610422386,-0.7304170035653912,1.056401224630453,5.835406947880983,0.0
4,waypoint_41,-15.0,-0.03676043610422386,-0.7304170035653912,1.056401224630453,9.130268357694149,0.0
5,waypoint_41,-15.0,-0.03676043610422386,-0.7304170035653912,1.056401224630453,336.8774950504303,0.0
6,waypoint_41,-15.0,-0.03676043610422386,-0.7304170035653912,1.056401224630453,16.87634363770485,0.0
7,waypoint_41,-15.0,-0.03676043610422386,-0.7304170035653912,1.056401224630453,18.740296363830566,0.0
8,waypoint_41,-15.0,-0.03676043610422386,-0.7304170035653912,1.056401224630453,385.64199209213257,0.0
9,waypoint_41,-15.0,-0.03676043610422386,-0.7304170035653912,1.056401224630453,387.38158345222473,0.0
10,waypoint_41,-15.0,-0.03676043610422386,-0.7304170035653912,1.056401224630453,310.3555142879486,0.0
11,waypoint_41,-15.0,-0.03676043610422386,-0.7304170035653912,1.056401224630453,560.1940751075745,0.0
12,waypoint_41,-15.0,-0.03676043610422386,-0.7304170035653912,1.056401224630453,378.21638584136963,0.0
13,waypoint_41,-15.0,-0.03676043610422386,-0.7304170035653912,1.056401224630453,433.88524651527405,0.0
14,waypoint_41,-15.0,-0.03676043610422386,-0.7304170035653912,1.056401224630453,665.6199097633362,0.0
0,waypoint_41,0.0,-0.03676043610422386,-0.7304170035653912,1.056401224630453,51.696307957172394,0.0
1,waypoint_41,0.0,-0.03676043610422386,-0.7304170035653912,1.056401224630453,153.02138030529022,0.0
2,waypoint_41,0.0,-0.03676043610422386,-0.7304170035653912,1.056401224630453,303.95469069480896,0.0
3,waypoint_41,0.0,-0.03676043610422386,-0.7304170035653912,1.056401224630453,0.4794011474587023,0.019252575933933258
4,waypoint_41,0.0,-0.03676043610422386,-0.7304170035653912,1.056401224630453,0.5074181826785207,0.010113425552845001
5,waypoint_41,0.0,-0.03676043610422386,-0.7304170035653912,1.056401224630453,281.7251980304718,0.0
6,waypoint_41,0.0,-0.03676043610422386,-0.7304170035653912,1.056401224630453,1.0615577921271324,0.010149963200092316
7,waypoint_41,0.0,-0.03676043610422386,-0.7304170035653912,1.056401224630453,0.7957163616083562,0.019671844318509102
8,waypoint_41,0.0,-0.03676043610422386,-0.7304170035653912,1.056401224630453,355.5523157119751,0.0
9,waypoint_41,0.0,-0.03676043610422386,-0.7304170035653912,1.056401224630453,347.00870513916016,0.0
10,waypoint_41,0.0,-0.03676043610422386,-0.7304170035653912,1.056401224630453,299.86023902893066,0.0
11,waypoint_41,0.0,-0.03676043610422386,-0.7304170035653912,1.056401224630453,508.53991508483887,0.0
12,waypoint_41,0.0,-0.03676043610422386,-0.7304170035653912,1.056401224630453,363.3665144443512,0.0
13,waypoint_41,0.0,-0.03676043610422386,-0.7304170035653912,1.056401224630453,426.09888315200806,0.0
14,waypoint_41,0.0,-0.03676043610422386,-0.7304170035653912,1.056401224630453,638.5636329650879,0.0
0,waypoint_41,15.0,-0.03676043610422386,-0.7304170035653912,1.056401224630453,39.354465901851654,0.0
1,waypoint_41,15.0,-0.03676043610422386,-0.7304170035653912,1.056401224630453,146.53724431991577,0.0
2,waypoint_41,15.0,-0.03676043610422386,-0.7304170035653912,1.056401224630453,308.3283305168152,0.0
3,waypoint_41,15.0,-0.03676043610422386,-0.7304170035653912,1.056401224630453,7.726351264864206,0.0
4,waypoint_41,15.0,-0.03676043610422386,-0.7304170035653912,1.056401224630453,9.570496156811714,0.0
5,waypoint_41,15.0,-0.03676043610422386,-0.7304170035653912,1.056401224630453,274.3644416332245,0.0
6,waypoint_41,15.0,-0.03676043610422386,-0.7304170035653912,1.056401224630453,16.19262434542179,0.0
7,waypoint_41,15.0,-0.03676043610422386,-0.7304170035653912,1.056401224630453,16.98523387312889,0.0
8,waypoint_41,15.0,-0.03676043610422386,-0.7304170035653912,1.056401224630453,349.7687578201294,0.0
9,waypoint_41,15.0,-0.03676043610422386,-0.7304170035653912,1.056401224630453,340.26575088500977,0.0
10,waypoint_41,15.0,-0.03676043610422386,-0.7304170035653912,1.056401224630453,295.8928942680359,0.0
11,waypoint_41,15.0,-0.03676043610422386,-0.7304170035653912,1.056401224630453,503.08525562286377,0.0
12,waypoint_41,15.0,-0.03676043610422386,-0.7304170035653912,1.056401224630453,358.3436906337738,0.0
13,waypoint_41,15.0,-0.03676043610422386,-0.7304170035653912,1.056401224630453,425.4561960697174,0.0
14,waypoint_41,15.0,-0.03676043610422386,-0.7304170035653912,1.056401224630453,631.7390203475952,0.0
0,waypoint_41,30.0,-0.03676043610422386,-0.7304170035653912,1.056401224630453,109.76200550794601,0.0
1,waypoint_41,30.0,-0.03676043610422386,-0.7304170035653912,1.056401224630453,41.412968188524246,0.0
2,waypoint_41,30.0,-0.03676043610422386,-0.7304170035653912,1.056401224630453,70.80594450235367,0.0
3,waypoint_41,30.0,-0.03676043610422386,-0.7304170035653912,1.056401224630453,0.3388232726138085,0.017852002754807472
4,waypoint_41,30.0,-0.03676043610422386,-0.7304170035653912,1.056401224630453,0.44764994527213275,0.009792620316147804
5,waypoint_41,30.0,-0.03676043610422386,-0.7304170035653912,1.056401224630453,220.06894648075104,0.0
6,waypoint_41,30.0,-0.03676043610422386,-0.7304170035653912,1.056401224630453,0.4744002362713218,0.007710709236562252
7,waypoint_41,30.0,-0.03676043610422386,-0.7304170035653912,1.056401224630453,0.25503014330752194,0.010425505228340626
8,waypoint_41,30.0,-0.03676043610422386,-0.7304170035653912,1.056401224630453,307.60765075683594,0.0
9,waypoint_41,30.0,-0.03676043610422386,-0.7304170035653912,1.056401224630453,294.6339249610901,0.0
10,waypoint_41,30.0,-0.03676043610422386,-0.7304170035653912,1.056401224630453,279.19843792915344,0.0
11,waypoint_41,30.0,-0.03676043610422386,-0.7304170035653912,1.056401224630453,452.7326822280884,0.0
12,waypoint_41,30.0,-0.03676043610422386,-0.7304170035653912,1.056401224630453,337.3940587043762,0.0
13,waypoint_41,30.0,-0.03676043610422386,-0.7304170035653912,1.056401224630453,408.7606966495514,0.0
14,waypoint_41,30.0,-0.03676043610422386,-0.7304170035653912,1.056401224630453,590.2372002601624,0.0
0,waypoint_42,30.0,-0.016760436104224286,-0.7304170035653912,1.056401224630453,174.73779618740082,0.0
1,waypoint_42,30.0,-0.016760436104224286,-0.7304170035653912,1.056401224630453,14.082089997828007,0.0
2,waypoint_42,30.0,-0.016760436104224286,-0.7304170035653912,1.056401224630453,73.26418906450272,0.0
3,waypoint_42,30.0,-0.016760436104224286,-0.7304170035653912,1.056401224630453,0.854921992868185,0.019291382282972336
4,waypoint_42,30.0,-0.016760436104224286,-0.7304170035653912,1.056401224630453,0.9475412662141025,0.01158568449318409
5,waypoint_42,30.0,-0.016760436104224286,-0.7304170035653912,1.056401224630453,198.78040254116058,0.0
6,waypoint_42,30.0,-0.016760436104224286,-0.7304170035653912,1.056401224630453,1.1520753614604473,0.006179326213896275
7,waypoint_42,30.0,-0.016760436104224286,-0.7304170035653912,1.056401224630453,1.0717154946178198,0.010800881311297417
8,waypoint_42,30.0,-0.016760436104224286,-0.7304170035653912,1.056401224630453,311.38449907302856,0.0
9,waypoint_42,30.0,-0.016760436104224286,-0.7304170035653912,1.056401224630453,291.7553186416626,0.0
10,waypoint_42,30.0,-0.016760436104224286,-0.7304170035653912,1.056401224630453,271.5807259082794,0.0
11,waypoint_42,30.0,-0.016760436104224286,-0.7304170035653912,1.056401224630453,442.09885597229004,0.0
12,waypoint_42,30.0,-0.016760436104224286,-0.7304170035653912,1.056401224630453,323.67825508117676,0.0
13,waypoint_42,30.0,-0.016760436104224286,-0.7304170035653912,1.056401224630453,394.3747878074646,0.0
14,waypoint_42,30.0,-0.016760436104224286,-0.7304170035653912,1.056401224630453,573.9092230796814,0.0
0,waypoint_42,15.0,-0.016760436104224286,-0.7304170035653912,1.056401224630453,223.69351983070374,0.0
1,waypoint_42,15.0,-0.016760436104224286,-0.7304170035653912,1.056401224630453,39.874449372291565,0.0
2,waypoint_42,15.0,-0.016760436104224286,-0.7304170035653912,1.056401224630453,70.94951719045639,0.0
3,waypoint_42,15.0,-0.016760436104224286,-0.7304170035653912,1.056401224630453,6.970789283514023,0.0
4,waypoint_42,15.0,-0.016760436104224286,-0.7304170035653912,1.056401224630453,7.4568381533026695,0.0
5,waypoint_42,15.0,-0.016760436104224286,-0.7304170035653912,1.056401224630453,205.47404885292053,0.0
6,waypoint_42,15.0,-0.016760436104224286,-0.7304170035653912,1.056401224630453,13.732977211475372,0.0
7,waypoint_42,15.0,-0.016760436104224286,-0.7304170035653912,1.056401224630453,14.847181737422943,0.0
8,waypoint_42,15.0,-0.016760436104224286,-0.7304170035653912,1.056401224630453,317.6266551017761,0.0
9,waypoint_42,15.0,-0.016760436104224286,-0.7304170035653912,1.056401224630453,298.22826385498047,0.0
10,waypoint_42,15.0,-0.016760436104224286,-0.7304170035653912,1.056401224630453,277.7957320213318,0.0
11,waypoint_42,15.0,-0.016760436104224286,-0.7304170035653912,1.056401224630453,447.4828839302063,0.0
12,waypoint_42,15.0,-0.016760436104224286,-0.7304170035653912,1.056401224630453,328.9073407649994,0.0
13,waypoint_42,15.0,-0.016760436104224286,-0.7304170035653912,1.056401224630453,398.2887268066406,0.0
14,waypoint_42,15.0,-0.016760436104224286,-0.7304170035653912,1.056401224630453,577.9846906661987,0.0
0,waypoint_42,0.0,-0.016760436104224286,-0.7304170035653912,1.056401224630453,32.75876119732857,0.0
1,waypoint_42,0.0,-0.016760436104224286,-0.7304170035653912,1.056401224630453,107.44448751211166,0.0
2,waypoint_42,0.0,-0.016760436104224286,-0.7304170035653912,1.056401224630453,78.59332114458084,0.0
3,waypoint_42,0.0,-0.016760436104224286,-0.7304170035653912,1.056401224630453,0.3636308538261801,0.021003980189561844
4,waypoint_42,0.0,-0.016760436104224286,-0.7304170035653912,1.056401224630453,0.4843877686653286,0.011999155394732952
5,waypoint_42,0.0,-0.016760436104224286,-0.7304170035653912,1.056401224630453,262.3066306114197,0.0
6,waypoint_42,0.0,-0.016760436104224286,-0.7304170035653912,1.056401224630453,1.2800886761397123,0.00793188065290451
7,waypoint_42,0.0,-0.016760436104224286,-0.7304170035653912,1.056401224630453,1.6709977062419057,0.0
8,waypoint_42,0.0,-0.016760436104224286,-0.7304170035653912,1.056401224630453,358.2301437854767,0.0
9,waypoint_42,0.0,-0.016760436104224286,-0.7304170035653912,1.056401224630453,347.1779227256775,0.0
10,waypoint_42,0.0,-0.016760436104224286,-0.7304170035653912,1.056401224630453,291.8691337108612,0.0
11,waypoint_42,0.0,-0.016760436104224286,-0.7304170035653912,1.056401224630453,497.003436088562,0.0
12,waypoint_42,0.0,-0.016760436104224286,-0.7304170035653912,1.056401224630453,348.0789065361023,0.0
13,waypoint_42,0.0,-0.016760436104224286,-0.7304170035653912,1.056401224630453,410.351037979126,0.0
14,waypoint_42,0.0,-0.016760436104224286,-0.7304170035653912,1.056401224630453,611.5328669548035,0.0
0,waypoint_42,-15.0,-0.016760436104224286,-0.7304170035653912,1.056401224630453,83.04314315319061,0.0
1,waypoint_42,-15.0,-0.016760436104224286,-0.7304170035653912,1.056401224630453,173.93453419208527,0.0
2,waypoint_42,-15.0,-0.016760436104224286,-0.7304170035653912,1.056401224630453,237.5093400478363,0.0
3,waypoint_42,-15.0,-0.016760436104224286,-0.7304170035653912,1.056401224630453,0.4850338737014681,0.021088361740112305
4,waypoint_42,-15.0,-0.016760436104224286,-0.7304170035653912,1.056401224630453,0.5940782721154392,0.012150253169238567
5,waypoint_42,-15.0,-0.016760436104224286,-0.7304170035653912,1.056401224630453,295.5165207386017,0.0
6,waypoint_42,-15.0,-0.016760436104224286,-0.7304170035653912,1.056401224630453,1.1018036166206002,0.007614202331751585
7,waypoint_42,-15.0,-0.016760436104224286,-0.7304170035653912,1.056401224630453,0.8762706420384347,0.018619205802679062
8,waypoint_42,-15.0,-0.016760436104224286,-0.7304170035653912,1.056401224630453,381.8283975124359,0.0
9,waypoint_42,-15.0,-0.016760436104224286,-0.7304170035653912,1.056401224630453,373.2390105724335,0.0
10,waypoint_42,-15.0,-0.016760436104224286,-0.7304170035653912,1.056401224630453,300.91285705566406,0.0
11,waypoint_42,-15.0,-0.016760436104224286,-0.7304170035653912,1.056401224630453,527.3044109344482,0.0
12,waypoint_42,-15.0,-0.016760436104224286,-0.7304170035653912,1.056401224630453,356.4149737358093,0.0
13,waypoint_42,-15.0,-0.016760436104224286,-0.7304170035653912,1.056401224630453,414.0204191207886,0.0
14,waypoint_42,-15.0,-0.016760436104224286,-0.7304170035653912,1.056401224630453,637.826681137085,0.0
0,waypoint_42,-30.0,-0.016760436104224286,-0.7304170035653912,1.056401224630453,102.48072445392609,0.0
1,waypoint_42,-30.0,-0.016760436104224286,-0.7304170035653912,1.056401224630453,182.25699663162231,0.0
2,waypoint_42,-30.0,-0.016760436104224286,-0.7304170035653912,1.056401224630453,239.8931086063385,0.0
3,waypoint_42,-30.0,-0.016760436104224286,-0.7304170035653912,1.056401224630453,7.110272534191608,0.0
4,waypoint_42,-30.0,-0.016760436104224286,-0.7304170035653912,1.056401224630453,9.59916040301323,0.0
5,waypoint_42,-30.0,-0.016760436104224286,-0.7304170035653912,1.056401224630453,302.95848846435547,0.0
6,waypoint_42,-30.0,-0.016760436104224286,-0.7304170035653912,1.056401224630453,16.986267641186714,0.0
7,waypoint_42,-30.0,-0.016760436104224286,-0.7304170035653912,1.056401224630453,18.61575059592724,0.0
8,waypoint_42,-30.0,-0.016760436104224286,-0.7304170035653912,1.056401224630453,384.6416473388672,0.0
9,waypoint_42,-30.0,-0.016760436104224286,-0.7304170035653912,1.056401224630453,378.6598742008209,0.0
10,waypoint_42,-30.0,-0.016760436104224286,-0.7304170035653912,1.056401224630453,303.4304082393646,0.0
11,waypoint_42,-30.0,-0.016760436104224286,-0.7304170035653912,1.056401224630453,534.1024994850159,0.0
12,waypoint_42,-30.0,-0.016760436104224286,-0.7304170035653912,1.056401224630453,356.8178415298462,0.0
13,waypoint_42,-30.0,-0.016760436104224286,-0.7304170035653912,1.056401224630453,415.54197669029236,0.0
14,waypoint_42,-30.0,-0.016760436104224286,-0.7304170035653912,1.056401224630453,647.6143598556519,0.0
0,waypoint_43,-30.0,0.00323956389577551,-0.7304170035653912,1.056401224630453,114.81265723705292,0.0
1,waypoint_43,-30.0,0.00323956389577551,-0.7304170035653912,1.056401224630453,214.67357873916626,0.0
2,waypoint_43,-30.0,0.00323956389577551,-0.7304170035653912,1.056401224630453,280.0838351249695,0.0
3,waypoint_43,-30.0,0.00323956389577551,-0.7304170035653912,1.056401224630453,1.0751534719020128,0.02245447039604187
4,waypoint_43,-30.0,0.00323956389577551,-0.7304170035653912,1.056401224630453,1.0952848242595792,0.013742594979703426
5,waypoint_43,-30.0,0.00323956389577551,-0.7304170035653912,1.056401224630453,309.7846806049347,0.0
6,waypoint_43,-30.0,0.00323956389577551,-0.7304170035653912,1.056401224630453,1.0650416370481253,0.00459744967520237
7,waypoint_43,-30.0,0.00323956389577551,-0.7304170035653912,1.056401224630453,1.2106276117265224,0.015829389914870262
8,waypoint_43,-30.0,0.00323956389577551,-0.7304170035653912,1.056401224630453,390.4073238372803,0.0
9,waypoint_43,-30.0,0.00323956389577551,-0.7304170035653912,1.056401224630453,381.29186630249023,0.0
10,waypoint_43,-30.0,0.00323956389577551,-0.7304170035653912,1.056401224630453,303.6731779575348,0.0
11,waypoint_43,-30.0,0.00323956389577551,-0.7304170035653912,1.056401224630453,539.3482446670532,0.0
12,waypoint_43,-30.0,0.00323956389577551,-0.7304170035653912,1.056401224630453,353.36795449256897,0.0
13,waypoint_43,-30.0,0.00323956389577551,-0.7304170035653912,1.056401224630453,401.26529335975647,0.0
14,waypoint_43,-30.0,0.00323956389577551,-0.7304170035653912,1.056401224630453,635.9156966209412,0.0
0,waypoint_43,-15.0,0.00323956389577551,-0.7304170035653912,1.056401224630453,98.36966544389725,0.0
1,waypoint_43,-15.0,0.00323956389577551,-0.7304170035653912,1.056401224630453,207.60585367679596,0.0
2,waypoint_43,-15.0,0.00323956389577551,-0.7304170035653912,1.056401224630453,272.6292908191681,0.0
3,waypoint_43,-15.0,0.00323956389577551,-0.7304170035653912,1.056401224630453,5.861571989953518,0.0
4,waypoint_43,-15.0,0.00323956389577551,-0.7304170035653912,1.056401224630453,8.114238269627094,0.0
5,waypoint_43,-15.0,0.00323956389577551,-0.7304170035653912,1.056401224630453,302.9099702835083,0.0
6,waypoint_43,-15.0,0.00323956389577551,-0.7304170035653912,1.056401224630453,16.36143960058689,0.0
7,waypoint_43,-15.0,0.00323956389577551,-0.7304170035653912,1.056401224630453,17.443669959902763,0.0
8,waypoint_43,-15.0,0.00323956389577551,-0.7304170035653912,1.056401224630453,388.24954628944397,0.0
9,waypoint_43,-15.0,0.00323956389577551,-0.7304170035653912,1.056401224630453,378.9733350276947,0.0
10,waypoint_43,-15.0,0.00323956389577551,-0.7304170035653912,1.056401224630453,301.7577528953552,0.0
11,waypoint_43,-15.0,0.00323956389577551,-0.7304170035653912,1.056401224630453,535.2514982223511,0.0
12,waypoint_43,-15.0,0.00323956389577551,-0.7304170035653912,1.056401224630453,351.4001667499542,0.0
13,waypoint_43,-15.0,0.00323956389577551,-0.7304170035653912,1.056401224630453,402.3452699184418,0.0
14,waypoint_43,-15.0,0.00323956389577551,-0.7304170035653912,1.056401224630453,635.8659267425537,0.0
0,waypoint_43,0.0,0.00323956389577551,-0.7304170035653912,1.056401224630453,1.2817702954635024,0.0013023004867136478
1,waypoint_43,0.0,0.00323956389577551,-0.7304170035653912,1.056401224630453,106.56850039958954,0.0
2,waypoint_43,0.0,0.00323956389577551,-0.7304170035653912,1.056401224630453,158.57239067554474,0.0
3,waypoint_43,0.0,0.00323956389577551,-0.7304170035653912,1.056401224630453,0.46277858200483024,0.02270541526377201
4,waypoint_43,0.0,0.00323956389577551,-0.7304170035653912,1.056401224630453,0.4810267419088632,0.013839351013302803
5,waypoint_43,0.0,0.00323956389577551,-0.7304170035653912,1.056401224630453,243.34374070167542,0.0
6,waypoint_43,0.0,0.00323956389577551,-0.7304170035653912,1.056401224630453,1.123478403314948,0.0059563517570495605
7,waypoint_43,0.0,0.00323956389577551,-0.7304170035653912,1.056401224630453,1.0334013495594263,0.01618061773478985
8,waypoint_43,0.0,0.00323956389577551,-0.7304170035653912,1.056401224630453,364.3328845500946,0.0
9,waypoint_43,0.0,0.00323956389577551,-0.7304170035653912,1.056401224630453,346.9347953796387,0.0
10,waypoint_43,0.0,0.00323956389577551,-0.7304170035653912,1.056401224630453,292.79595613479614,0.0
11,waypoint_43,0.0,0.00323956389577551,-0.7304170035653912,1.056401224630453,492.37874150276184,0.0
12,waypoint_43,0.0,0.00323956389577551,-0.7304170035653912,1.056401224630453,339.8967385292053,0.0
13,waypoint_43,0.0,0.00323956389577551,-0.7304170035653912,1.056401224630453,397.75362610816956,0.0
14,waypoint_43,0.0,0.00323956389577551,-0.7304170035653912,1.056401224630453,608.2260012626648,0.0
0,waypoint_43,15.0,0.00323956389577551,-0.7304170035653912,1.056401224630453,20.032014697790146,0.0
1,waypoint_43,15.0,0.00323956389577551,-0.7304170035653912,1.056401224630453,93.24964135885239,0.0
2,waypoint_43,15.0,0.00323956389577551,-0.7304170035653912,1.056401224630453,155.4907113313675,0.0
3,waypoint_43,15.0,0.00323956389577551,-0.7304170035653912,1.056401224630453,7.1505228988826275,0.0
4,waypoint_43,15.0,0.00323956389577551,-0.7304170035653912,1.056401224630453,8.773920126259327,0.0
5,waypoint_43,15.0,0.00323956389577551,-0.7304170035653912,1.056401224630453,235.40613055229187,0.0
6,waypoint_43,15.0,0.00323956389577551,-0.7304170035653912,1.056401224630453,15.970004722476006,0.0
7,waypoint_43,15.0,0.00323956389577551,-0.7304170035653912,1.056401224630453,16.820117831230164,0.0
8,waypoint_43,15.0,0.00323956389577551,-0.7304170035653912,1.056401224630453,359.14960503578186,0.0
9,waypoint_43,15.0,0.00323956389577551,-0.7304170035653912,1.056401224630453,340.53394198417664,0.0
10,waypoint_43,15.0,0.00323956389577551,-0.7304170035653912,1.056401224630453,291.416198015213,0.0
11,waypoint_43,15.0,0.00323956389577551,-0.7304170035653912,1.056401224630453,484.1053783893585,0.0
12,waypoint_43,15.0,0.00323956389577551,-0.7304170035653912,1.056401224630453,336.551696062088,0.0
13,waypoint_43,15.0,0.00323956389577551,-0.7304170035653912,1.056401224630453,395.00054717063904,0.0
14,waypoint_43,15.0,0.00323956389577551,-0.7304170035653912,1.056401224630453,601.5905141830444,0.0
0,waypoint_43,30.0,0.00323956389577551,-0.7304170035653912,1.056401224630453,259.24235582351685,0.0
1,waypoint_43,30.0,0.00323956389577551,-0.7304170035653912,1.056401224630453,1.1024713749065995,0.008070447482168674
2,waypoint_43,30.0,0.00323956389577551,-0.7304170035653912,1.056401224630453,72.93088734149933,0.0
3,waypoint_43,30.0,0.00323956389577551,-0.7304170035653912,1.056401224630453,0.33423572313040495,0.020488092675805092
4,waypoint_43,30.0,0.00323956389577551,-0.7304170035653912,1.056401224630453,0.38640398997813463,0.013182721100747585
5,waypoint_43,30.0,0.00323956389577551,-0.7304170035653912,1.056401224630453,177.6629239320755,0.0
6,waypoint_43,30.0,0.00323956389577551,-0.7304170035653912,1.056401224630453,0.19343732856214046,0.004800721537321806
7,waypoint_43,30.0,0.00323956389577551,-0.7304170035653912,1.056401224630453,0.274350109975785,0.010665664449334145
8,waypoint_43,30.0,0.00323956389577551,-0.7304170035653912,1.056401224630453,325.3830671310425,0.0
9,waypoint_43,30.0,0.00323956389577551,-0.7304170035653912,1.056401224630453,295.9798574447632,0.0
10,waypoint_43,30.0,0.00323956389577551,-0.7304170035653912,1.056401224630453,269.5937156677246,0.0
11,waypoint_43,30.0,0.00323956389577551,-0.7304170035653912,1.056401224630453,436.07601523399353,0.0
12,waypoint_43,30.0,0.00323956389577551,-0.7304170035653912,1.056401224630453,316.95830821990967,0.0
13,waypoint_43,30.0,0.00323956389577551,-0.7304170035653912,1.056401224630453,378.60849499702454,0.0
14,waypoint_43,30.0,0.00323956389577551,-0.7304170035653912,1.056401224630453,557.8406453132629,0.0
0,waypoint_44,30.0,0.023239563895776028,-0.7304170035653912,1.056401224630453,292.22196340560913,0.0
1,waypoint_44,30.0,0.023239563895776028,-0.7304170035653912,1.056401224630453,5.915102548897266,0.0
2,waypoint_44,30.0,0.023239563895776028,-0.7304170035653912,1.056401224630453,64.88212943077087,0.0
3,waypoint_44,30.0,0.023239563895776028,-0.7304170035653912,1.056401224630453,3.2164996955543756,0.0
4,waypoint_44,30.0,0.023239563895776028,-0.7304170035653912,1.056401224630453,3.6146328784525394,0.0
5,waypoint_44,30.0,0.023239563895776028,-0.7304170035653912,1.056401224630453,157.0936143398285,0.0
6,waypoint_44,30.0,0.023239563895776028,-0.7304170035653912,1.056401224630453,2.6006337720900774,0.0
7,waypoint_44,30.0,0.023239563895776028,-0.7304170035653912,1.056401224630453,2.6916477363556623,0.0
8,waypoint_44,30.0,0.023239563895776028,-0.7304170035653912,1.056401224630453,330.6473195552826,0.0
9,waypoint_44,30.0,0.023239563895776028,-0.7304170035653912,1.056401224630453,297.38277196884155,0.0
10,waypoint_44,30.0,0.023239563895776028,-0.7304170035653912,1.056401224630453,269.2819833755493,0.0
11,waypoint_44,30.0,0.023239563895776028,-0.7304170035653912,1.056401224630453,426.1983633041382,0.0
12,waypoint_44,30.0,0.023239563895776028,-0.7304170035653912,1.056401224630453,306.13139271736145,0.0
13,waypoint_44,30.0,0.023239563895776028,-0.7304170035653912,1.056401224630453,366.5301501750946,0.0
14,waypoint_44,30.0,0.023239563895776028,-0.7304170035653912,1.056401224630453,542.8441762924194,0.0
0,waypoint_44,15.0,0.023239563895776028,-0.7304170035653912,1.056401224630453,300.8629381656647,0.0
1,waypoint_44,15.0,0.023239563895776028,-0.7304170035653912,1.056401224630453,36.528054624795914,0.0
2,waypoint_44,15.0,0.023239563895776028,-0.7304170035653912,1.056401224630453,70.2473372220993,0.0
3,waypoint_44,15.0,0.023239563895776028,-0.7304170035653912,1.056401224630453,0.4334069381002337,0.023287173360586166
4,waypoint_44,15.0,0.023239563895776028,-0.7304170035653912,1.056401224630453,0.49102422781288624,0.015272698365151882
5,waypoint_44,15.0,0.023239563895776028,-0.7304170035653912,1.056401224630453,188.68833780288696,0.0
6,waypoint_44,15.0,0.023239563895776028,-0.7304170035653912,1.056401224630453,0.6855430547147989,0.0039049701299518347
7,waypoint_44,15.0,0.023239563895776028,-0.7304170035653912,1.056401224630453,0.6619211053475738,0.012924796901643276
8,waypoint_44,15.0,0.023239563895776028,-0.7304170035653912,1.056401224630453,348.3898341655731,0.0
9,waypoint_44,15.0,0.023239563895776028,-0.7304170035653912,1.056401224630453,321.8354880809784,0.0
10,waypoint_44,15.0,0.023239563895776028,-0.7304170035653912,1.056401224630453,277.86433696746826,0.0
11,waypoint_44,15.0,0.023239563895776028,-0.7304170035653912,1.056401224630453,455.99496364593506,0.0
12,waypoint_44,15.0,0.023239563895776028,-0.7304170035653912,1.056401224630453,314.86776471138,0.0
13,waypoint_44,15.0,0.023239563895776028,-0.7304170035653912,1.056401224630453,375.23746490478516,0.0
14,waypoint_44,15.0,0.023239563895776028,-0.7304170035653912,1.056401224630453,559.302806854248,0.0
0,waypoint_44,0.0,0.023239563895776028,-0.7304170035653912,1.056401224630453,257.18954205513,0.0
1,waypoint_44,0.0,0.023239563895776028,-0.7304170035653912,1.056401224630453,62.00144439935684,0.0
2,waypoint_44,0.0,0.023239563895776028,-0.7304170035653912,1.056401224630453,70.46378403902054,0.0
3,waypoint_44,0.0,0.023239563895776028,-0.7304170035653912,1.056401224630453,6.901819724589586,0.0
4,waypoint_44,0.0,0.023239563895776028,-0.7304170035653912,1.056401224630453,7.760068401694298,0.0
5,waypoint_44,0.0,0.023239563895776028,-0.7304170035653912,1.056401224630453,197.30176031589508,0.0
6,waypoint_44,0.0,0.023239563895776028,-0.7304170035653912,1.056401224630453,13.242009095847607,0.0
7,waypoint_44,0.0,0.023239563895776028,-0.7304170035653912,1.056401224630453,14.393890276551247,0.0
8,waypoint_44,0.0,0.023239563895776028,-0.7304170035653912,1.056401224630453,354.14978861808777,0.0
9,waypoint_44,0.0,0.023239563895776028,-0.7304170035653912,1.056401224630453,327.9912769794464,0.0
10,waypoint_44,0.0,0.023239563895776028,-0.7304170035653912,1.056401224630453,280.9654772281647,0.0
11,waypoint_44,0.0,0.023239563895776028,-0.7304170035653912,1.056401224630453,462.7723693847656,0.0
12,waypoint_44,0.0,0.023239563895776028,-0.7304170035653912,1.056401224630453,319.2506730556488,0.0
13,waypoint_44,0.0,0.023239563895776028,-0.7304170035653912,1.056401224630453,375.6316602230072,0.0
14,waypoint_44,0.0,0.023239563895776028,-0.7304170035653912,1.056401224630453,563.9399886131287,0.0
0,waypoint_44,-15.0,0.023239563895776028,-0.7304170035653912,1.056401224630453,261.1845135688782,0.0
1,waypoint_44,-15.0,0.023239563895776028,-0.7304170035653912,1.056401224630453,144.42317187786102,0.0
2,waypoint_44,-15.0,0.023239563895776028,-0.7304170035653912,1.056401224630453,185.68545579910278,0.0
3,waypoint_44,-15.0,0.023239563895776028,-0.7304170035653912,1.056401224630453,0.46012390521354973,0.024664390832185745
4,waypoint_44,-15.0,0.023239563895776028,-0.7304170035653912,1.056401224630453,0.4927586414851248,0.015742208808660507
5,waypoint_44,-15.0,0.023239563895776028,-0.7304170035653912,1.056401224630453,260.9303891658783,0.0
6,waypoint_44,-15.0,0.023239563895776028,-0.7304170035653912,1.056401224630453,1.5245027607306838,0.0
7,waypoint_44,-15.0,0.023239563895776028,-0.7304170035653912,1.056401224630453,0.7630850886926055,0.01420406624674797
8,waypoint_44,-15.0,0.023239563895776028,-0.7304170035653912,1.056401224630453,388.5641396045685,0.0
9,waypoint_44,-15.0,0.023239563895776028,-0.7304170035653912,1.056401224630453,370.92727422714233,0.0
10,waypoint_44,-15.0,0.023239563895776028,-0.7304170035653912,1.056401224630453,294.8068380355835,0.0
11,waypoint_44,-15.0,0.023239563895776028,-0.7304170035653912,1.056401224630453,512.834370136261,0.0
12,waypoint_44,-15.0,0.023239563895776028,-0.7304170035653912,1.056401224630453,336.8101418018341,0.0
13,waypoint_44,-15.0,0.023239563895776028,-0.7304170035653912,1.056401224630453,387.9428207874298,0.0
14,waypoint_44,-15.0,0.023239563895776028,-0.7304170035653912,1.056401224630453,604.0483117103577,0.0
0,waypoint_44,-30.0,0.023239563895776028,-0.7304170035653912,1.056401224630453,106.05622828006744,0.0
1,waypoint_44,-30.0,0.023239563895776028,-0.7304170035653912,1.056401224630453,200.92251896858215,0.0
2,waypoint_44,-30.0,0.023239563895776028,-0.7304170035653912,1.056401224630453,248.98403882980347,0.0
3,waypoint_44,-30.0,0.023239563895776028,-0.7304170035653912,1.056401224630453,0.5119916750118136,0.024204833433032036
4,waypoint_44,-30.0,0.023239563895776028,-0.7304170035653912,1.056401224630453,0.5762990331277251,0.01534475851804018
5,waypoint_44,-30.0,0.023239563895776028,-0.7304170035653912,1.056401224630453,294.00166869163513,0.0
6,waypoint_44,-30.0,0.023239563895776028,-0.7304170035653912,1.056401224630453,1.1523084249347448,0.0027403864078223705
7,waypoint_44,-30.0,0.023239563895776028,-0.7304170035653912,1.056401224630453,1.3861568877473474,0.013586461544036865
8,waypoint_44,-30.0,0.023239563895776028,-0.7304170035653912,1.056401224630453,395.08286118507385,0.0
9,waypoint_44,-30.0,0.023239563895776028,-0.7304170035653912,1.056401224630453,378.4559965133667,0.0
10,waypoint_44,-30.0,0.023239563895776028,-0.7304170035653912,1.056401224630453,298.1709837913513,0.0
11,waypoint_44,-30.0,0.023239563895776028,-0.7304170035653912,1.056401224630453,530.3598046302795,0.0
12,waypoint_44,-30.0,0.023239563895776028,-0.7304170035653912,1.056401224630453,343.85499358177185,0.0
13,waypoint_44,-30.0,0.023239563895776028,-0.7304170035653912,1.056401224630453,391.5233016014099,0.0
14,waypoint_44,-30.0,0.023239563895776028,-0.7304170035653912,1.056401224630453,611.2616062164307,0.0
0,waypoint_45,-30.0,0.0432395638957756,-0.7304170035653912,1.056401224630453,49.40355941653252,0.0
1,waypoint_45,-30.0,0.0432395638957756,-0.7304170035653912,1.056401224630453,181.87668919563293,0.0
2,waypoint_45,-30.0,0.0432395638957756,-0.7304170035653912,1.056401224630453,235.45965552330017,0.0
3,waypoint_45,-30.0,0.0432395638957756,-0.7304170035653912,1.056401224630453,0.9706029086373746,0.026147181168198586
4,waypoint_45,-30.0,0.0432395638957756,-0.7304170035653912,1.056401224630453,0.9705324191600084,0.01712775230407715
5,waypoint_45,-30.0,0.0432395638957756,-0.7304170035653912,1.056401224630453,279.15626764297485,0.0
6,waypoint_45,-30.0,0.0432395638957756,-0.7304170035653912,1.056401224630453,1.4005191624164581,0.0011346052633598447
7,waypoint_45,-30.0,0.0432395638957756,-0.7304170035653912,1.056401224630453,1.0068611009046435,0.011148017831146717
8,waypoint_45,-30.0,0.0432395638957756,-0.7304170035653912,1.056401224630453,398.57104420661926,0.0
9,waypoint_45,-30.0,0.0432395638957756,-0.7304170035653912,1.056401224630453,377.38606333732605,0.0
10,waypoint_45,-30.0,0.0432395638957756,-0.7304170035653912,1.056401224630453,294.39041018486023,0.0
11,waypoint_45,-30.0,0.0432395638957756,-0.7304170035653912,1.056401224630453,528.5129547119141,0.0
12,waypoint_45,-30.0,0.0432395638957756,-0.7304170035653912,1.056401224630453,332.77592062950134,0.0
13,waypoint_45,-30.0,0.0432395638957756,-0.7304170035653912,1.056401224630453,380.8175027370453,0.0
14,waypoint_45,-30.0,0.0432395638957756,-0.7304170035653912,1.056401224630453,607.5936555862427,0.0
0,waypoint_45,-15.0,0.0432395638957756,-0.7304170035653912,1.056401224630453,38.62563520669937,0.0
1,waypoint_45,-15.0,0.0432395638957756,-0.7304170035653912,1.056401224630453,170.19909620285034,0.0
2,waypoint_45,-15.0,0.0432395638957756,-0.7304170035653912,1.056401224630453,233.53111743927002,0.0
3,waypoint_45,-15.0,0.0432395638957756,-0.7304170035653912,1.056401224630453,5.2823880687355995,0.0
4,waypoint_45,-15.0,0.0432395638957756,-0.7304170035653912,1.056401224630453,7.0564597845077515,0.0
5,waypoint_45,-15.0,0.0432395638957756,-0.7304170035653912,1.056401224630453,271.59395813941956,0.0
6,waypoint_45,-15.0,0.0432395638957756,-0.7304170035653912,1.056401224630453,16.873586922883987,0.0
7,waypoint_45,-15.0,0.0432395638957756,-0.7304170035653912,1.056401224630453,17.535772174596786,0.0
8,waypoint_45,-15.0,0.0432395638957756,-0.7304170035653912,1.056401224630453,396.6214060783386,0.0
9,waypoint_45,-15.0,0.0432395638957756,-0.7304170035653912,1.056401224630453,375.54803490638733,0.0
10,waypoint_45,-15.0,0.0432395638957756,-0.7304170035653912,1.056401224630453,296.83738946914673,0.0
11,waypoint_45,-15.0,0.0432395638957756,-0.7304170035653912,1.056401224630453,524.271547794342,0.0
12,waypoint_45,-15.0,0.0432395638957756,-0.7304170035653912,1.056401224630453,333.0595791339874,0.0
13,waypoint_45,-15.0,0.0432395638957756,-0.7304170035653912,1.056401224630453,379.6813189983368,0.0
14,waypoint_45,-15.0,0.0432395638957756,-0.7304170035653912,1.056401224630453,603.3118367195129,0.0
0,waypoint_45,0.0,0.0432395638957756,-0.7304170035653912,1.056401224630453,116.10329151153564,0.0
1,waypoint_45,0.0,0.0432395638957756,-0.7304170035653912,1.056401224630453,72.40232080221176,0.0
2,waypoint_45,0.0,0.0432395638957756,-0.7304170035653912,1.056401224630453,119.01775747537613,0.0
3,waypoint_45,0.0,0.0432395638957756,-0.7304170035653912,1.056401224630453,0.4465938836801797,0.025949370115995407
4,waypoint_45,0.0,0.0432395638957756,-0.7304170035653912,1.056401224630453,0.46924842172302306,0.01747271977365017
5,waypoint_45,0.0,0.0432395638957756,-0.7304170035653912,1.056401224630453,207.30748772621155,0.0
6,waypoint_45,0.0,0.0432395638957756,-0.7304170035653912,1.056401224630453,1.330002211034298,0.0018135474529117346
7,waypoint_45,0.0,0.0432395638957756,-0.7304170035653912,1.056401224630453,1.0452131973579526,0.01221894845366478
8,waypoint_45,0.0,0.0432395638957756,-0.7304170035653912,1.056401224630453,378.2331943511963,0.0
9,waypoint_45,0.0,0.0432395638957756,-0.7304170035653912,1.056401224630453,349.3664860725403,0.0
10,waypoint_45,0.0,0.0432395638957756,-0.7304170035653912,1.056401224630453,287.9548370838165,0.0
11,waypoint_45,0.0,0.0432395638957756,-0.7304170035653912,1.056401224630453,477.8195321559906,0.0
12,waypoint_45,0.0,0.0432395638957756,-0.7304170035653912,1.056401224630453,319.7735548019409,0.0
13,waypoint_45,0.0,0.0432395638957756,-0.7304170035653912,1.056401224630453,374.6984302997589,0.0
14,waypoint_45,0.0,0.0432395638957756,-0.7304170035653912,1.056401224630453,575.0194191932678,0.0
0,waypoint_45,15.0,0.0432395638957756,-0.7304170035653912,1.056401224630453,157.31410682201385,0.0
1,waypoint_45,15.0,0.0432395638957756,-0.7304170035653912,1.056401224630453,56.498028337955475,0.0
2,waypoint_45,15.0,0.0432395638957756,-0.7304170035653912,1.056401224630453,115.1052862405777,0.0
3,waypoint_45,15.0,0.0432395638957756,-0.7304170035653912,1.056401224630453,6.726713851094246,0.0
4,waypoint_45,15.0,0.0432395638957756,-0.7304170035653912,1.056401224630453,8.023295551538467,0.0
5,waypoint_45,15.0,0.0432395638957756,-0.7304170035653912,1.056401224630453,198.51145148277283,0.0
6,waypoint_45,15.0,0.0432395638957756,-0.7304170035653912,1.056401224630453,10.561858303844929,0.0
7,waypoint_45,15.0,0.0432395638957756,-0.7304170035653912,1.056401224630453,16.38610288500786,0.0
8,waypoint_45,15.0,0.0432395638957756,-0.7304170035653912,1.056401224630453,373.64670634269714,0.0
9,waypoint_45,15.0,0.0432395638957756,-0.7304170035653912,1.056401224630453,343.4286117553711,0.0
10,waypoint_45,15.0,0.0432395638957756,-0.7304170035653912,1.056401224630453,285.89287400245667,0.0
11,waypoint_45,15.0,0.0432395638957756,-0.7304170035653912,1.056401224630453,471.54855728149414,0.0
12,waypoint_45,15.0,0.0432395638957756,-0.7304170035653912,1.056401224630453,315.0383234024048,0.0
13,waypoint_45,15.0,0.0432395638957756,-0.7304170035653912,1.056401224630453,374.24567341804504,0.0
14,waypoint_45,15.0,0.0432395638957756,-0.7304170035653912,1.056401224630453,569.0196752548218,0.0
0,waypoint_45,30.0,0.0432395638957756,-0.7304170035653912,1.056401224630453,260.90505719184875,0.0
1,waypoint_45,30.0,0.0432395638957756,-0.7304170035653912,1.056401224630453,274.93301033973694,0.0
2,waypoint_45,30.0,0.0432395638957756,-0.7304170035653912,1.056401224630453,52.66207456588745,0.0
3,waypoint_45,30.0,0.0432395638957756,-0.7304170035653912,1.056401224630453,0.0040618715502205305,0.02247007191181183
4,waypoint_45,30.0,0.0432395638957756,-0.7304170035653912,1.056401224630453,0.003457583261479158,0.016353165730834007
5,waypoint_45,30.0,0.0432395638957756,-0.7304170035653912,1.056401224630453,136.1341029405594,0.0
6,waypoint_45,30.0,0.0432395638957756,-0.7304170035653912,1.056401224630453,105.96850514411926,0.0
7,waypoint_45,30.0,0.0432395638957756,-0.7304170035653912,1.056401224630453,0.02042426058324054,0.008867543190717697
8,waypoint_45,30.0,0.0432395638957756,-0.7304170035653912,1.056401224630453,343.7577188014984,0.0
9,waypoint_45,30.0,0.0432395638957756,-0.7304170035653912,1.056401224630453,302.2410571575165,0.0
10,waypoint_45,30.0,0.0432395638957756,-0.7304170035653912,1.056401224630453,270.45801281929016,0.0
11,waypoint_45,30.0,0.0432395638957756,-0.7304170035653912,1.056401224630453,426.0636568069458,0.0
12,waypoint_45,30.0,0.0432395638957756,-0.7304170035653912,1.056401224630453,298.01082611083984,0.0
13,waypoint_45,30.0,0.0432395638957756,-0.7304170035653912,1.056401224630453,355.93271255493164,0.0
14,waypoint_45,30.0,0.0432395638957756,-0.7304170035653912,1.056401224630453,517.6994204521179,0.0
0,waypoint_46,30.0,0.06323956389577523,-0.7304170035653912,1.056401224630453,320.8782374858856,0.0
1,waypoint_46,30.0,0.06323956389577523,-0.7304170035653912,1.056401224630453,250.20945072174072,0.0
2,waypoint_46,30.0,0.06323956389577523,-0.7304170035653912,1.056401224630453,37.2244156897068,0.0
3,waypoint_46,30.0,0.06323956389577523,-0.7304170035653912,1.056401224630453,0.00988862393569434,0.023131435737013817
4,waypoint_46,30.0,0.06323956389577523,-0.7304170035653912,1.056401224630453,0.008976586286735255,0.01783328503370285
5,waypoint_46,30.0,0.06323956389577523,-0.7304170035653912,1.056401224630453,115.89545011520386,0.0
6,waypoint_46,30.0,0.06323956389577523,-0.7304170035653912,1.056401224630453,243.6075359582901,0.0
7,waypoint_46,30.0,0.06323956389577523,-0.7304170035653912,1.056401224630453,0.008540539965906646,0.0076350560411810875
8,waypoint_46,30.0,0.06323956389577523,-0.7304170035653912,1.056401224630453,351.74018144607544,0.0
9,waypoint_46,30.0,0.06323956389577523,-0.7304170035653912,1.056401224630453,305.929958820343,0.0
10,waypoint_46,30.0,0.06323956389577523,-0.7304170035653912,1.056401224630453,272.0086872577667,0.0
11,waypoint_46,30.0,0.06323956389577523,-0.7304170035653912,1.056401224630453,417.8122282028198,0.0
12,waypoint_46,30.0,0.06323956389577523,-0.7304170035653912,1.056401224630453,289.9266183376312,0.0
13,waypoint_46,30.0,0.06323956389577523,-0.7304170035653912,1.056401224630453,345.18542885780334,0.0
14,waypoint_46,30.0,0.06323956389577523,-0.7304170035653912,1.056401224630453,502.1592974662781,0.0
0,waypoint_46,15.0,0.06323956389577523,-0.7304170035653912,1.056401224630453,267.14614033699036,0.0
1,waypoint_46,15.0,0.06323956389577523,-0.7304170035653912,1.056401224630453,270.5187499523163,0.0
2,waypoint_46,15.0,0.06323956389577523,-0.7304170035653912,1.056401224630453,84.18561518192291,0.0
3,waypoint_46,15.0,0.06323956389577523,-0.7304170035653912,1.056401224630453,0.0028832880616391776,0.02576049230992794
4,waypoint_46,15.0,0.06323956389577523,-0.7304170035653912,1.056401224630453,0.003002204948643339,0.01869453489780426
5,waypoint_46,15.0,0.06323956389577523,-0.7304170035653912,1.056401224630453,151.01443231105804,0.0
6,waypoint_46,15.0,0.06323956389577523,-0.7304170035653912,1.056401224630453,171.27743363380432,0.0
7,waypoint_46,15.0,0.06323956389577523,-0.7304170035653912,1.056401224630453,0.005669514848705148,0.009501557797193527
8,waypoint_46,15.0,0.06323956389577523,-0.7304170035653912,1.056401224630453,367.8783178329468,0.0
9,waypoint_46,15.0,0.06323956389577523,-0.7304170035653912,1.056401224630453,327.46583223342896,0.0
10,waypoint_46,15.0,0.06323956389577523,-0.7304170035653912,1.056401224630453,278.8490951061249,0.0
11,waypoint_46,15.0,0.06323956389577523,-0.7304170035653912,1.056401224630453,444.69958543777466,0.0
12,waypoint_46,15.0,0.06323956389577523,-0.7304170035653912,1.056401224630453,298.88442158699036,0.0
13,waypoint_46,15.0,0.06323956389577523,-0.7304170035653912,1.056401224630453,353.91607880592346,0.0
14,waypoint_46,15.0,0.06323956389577523,-0.7304170035653912,1.056401224630453,521.4043855667114,0.0
0,waypoint_46,0.0,0.06323956389577523,-0.7304170035653912,1.056401224630453,276.9293189048767,0.0
1,waypoint_46,0.0,0.06323956389577523,-0.7304170035653912,1.056401224630453,280.160516500473,0.0
2,waypoint_46,0.0,0.06323956389577523,-0.7304170035653912,1.056401224630453,95.9196612238884,0.0
3,waypoint_46,0.0,0.06323956389577523,-0.7304170035653912,1.056401224630453,0.003504023197820061,0.02743382193148136
4,waypoint_46,0.0,0.06323956389577523,-0.7304170035653912,1.056401224630453,0.004412354428495746,0.019242877140641212
5,waypoint_46,0.0,0.06323956389577523,-0.7304170035653912,1.056401224630453,190.58239459991455,0.0
6,waypoint_46,0.0,0.06323956389577523,-0.7304170035653912,1.056401224630453,56.52482062578201,0.0
7,waypoint_46,0.0,0.06323956389577523,-0.7304170035653912,1.056401224630453,0.0030830012747173896,0.010089575313031673
8,waypoint_46,0.0,0.06323956389577523,-0.7304170035653912,1.056401224630453,387.32993602752686,0.0
9,waypoint_46,0.0,0.06323956389577523,-0.7304170035653912,1.056401224630453,351.27314925193787,0.0
10,waypoint_46,0.0,0.06323956389577523,-0.7304170035653912,1.056401224630453,287.38707304000854,0.0
11,waypoint_46,0.0,0.06323956389577523,-0.7304170035653912,1.056401224630453,468.56075525283813,0.0
12,waypoint_46,0.0,0.06323956389577523,-0.7304170035653912,1.056401224630453,312.4169111251831,0.0
13,waypoint_46,0.0,0.06323956389577523,-0.7304170035653912,1.056401224630453,359.10651087760925,0.0
14,waypoint_46,0.0,0.06323956389577523,-0.7304170035653912,1.056401224630453,518.6750292778015,0.0
0,waypoint_46,-15.0,0.06323956389577523,-0.7304170035653912,1.056401224630453,256.4086616039276,0.0
1,waypoint_46,-15.0,0.06323956389577523,-0.7304170035653912,1.056401224630453,139.10922408103943,0.0
2,waypoint_46,-15.0,0.06323956389577523,-0.7304170035653912,1.056401224630453,157.9441875219345,0.0
3,waypoint_46,-15.0,0.06323956389577523,-0.7304170035653912,1.056401224630453,0.45569692156277597,0.028130553662776947
4,waypoint_46,-15.0,0.06323956389577523,-0.7304170035653912,1.056401224630453,0.5099567933939397,0.019300008192658424
5,waypoint_46,-15.0,0.06323956389577523,-0.7304170035653912,1.056401224630453,229.35184836387634,0.0
6,waypoint_46,-15.0,0.06323956389577523,-0.7304170035653912,1.056401224630453,0.44446351239457726,0.0011673308908939362
7,waypoint_46,-15.0,0.06323956389577523,-0.7304170035653912,1.056401224630453,0.12403704749885947,0.009803775697946548
8,waypoint_46,-15.0,0.06323956389577523,-0.7304170035653912,1.056401224630453,399.43668246269226,0.0
9,waypoint_46,-15.0,0.06323956389577523,-0.7304170035653912,1.056401224630453,371.5760111808777,0.0
10,waypoint_46,-15.0,0.06323956389577523,-0.7304170035653912,1.056401224630453,294.0812110900879,0.0
11,waypoint_46,-15.0,0.06323956389577523,-0.7304170035653912,1.056401224630453,494.2828118801117,0.0
12,waypoint_46,-15.0,0.06323956389577523,-0.7304170035653912,1.056401224630453,320.2863335609436,0.0
13,waypoint_46,-15.0,0.06323956389577523,-0.7304170035653912,1.056401224630453,363.53492736816406,0.0
14,waypoint_46,-15.0,0.06323956389577523,-0.7304170035653912,1.056401224630453,547.5447177886963,0.0
0,waypoint_46,-30.0,0.06323956389577523,-0.7304170035653912,1.056401224630453,273.4081745147705,0.0
1,waypoint_46,-30.0,0.06323956389577523,-0.7304170035653912,1.056401224630453,159.21808779239655,0.0
2,waypoint_46,-30.0,0.06323956389577523,-0.7304170035653912,1.056401224630453,163.84126245975494,0.0
3,waypoint_46,-30.0,0.06323956389577523,-0.7304170035653912,1.056401224630453,5.812164396047592,0.0
4,waypoint_46,-30.0,0.06323956389577523,-0.7304170035653912,1.056401224630453,7.521352265030146,0.0
5,waypoint_46,-30.0,0.06323956389577523,-0.7304170035653912,1.056401224630453,238.23432624340057,0.0
6,waypoint_46,-30.0,0.06323956389577523,-0.7304170035653912,1.056401224630453,10.578365996479988,0.0
7,waypoint_46,-30.0,0.06323956389577523,-0.7304170035653912,1.056401224630453,16.7952049523592,0.0
8,waypoint_46,-30.0,0.06323956389577523,-0.7304170035653912,1.056401224630453,401.7142057418823,0.0
9,waypoint_46,-30.0,0.06323956389577523,-0.7304170035653912,1.056401224630453,374.5134174823761,0.0
10,waypoint_46,-30.0,0.06323956389577523,-0.7304170035653912,1.056401224630453,296.47350311279297,0.0
11,waypoint_46,-30.0,0.06323956389577523,-0.7304170035653912,1.056401224630453,497.5321888923645,0.0
12,waypoint_46,-30.0,0.06323956389577523,-0.7304170035653912,1.056401224630453,322.92935252189636,0.0
13,waypoint_46,-30.0,0.06323956389577523,-0.7304170035653912,1.056401224630453,361.95504665374756,0.0
14,waypoint_46,-30.0,0.06323956389577523,-0.7304170035653912,1.056401224630453,546.8515157699585,0.0
0,waypoint_47,-30.0,0.08323956389577541,-0.7304170035653912,1.056401224630453,158.1212282180786,0.0
1,waypoint_47,-30.0,0.08323956389577541,-0.7304170035653912,1.056401224630453,138.58211040496826,0.0
2,waypoint_47,-30.0,0.08323956389577541,-0.7304170035653912,1.056401224630453,196.30756974220276,0.0
3,waypoint_47,-30.0,0.08323956389577541,-0.7304170035653912,1.056401224630453,1.042395131662488,0.02987334132194519
4,waypoint_47,-30.0,0.08323956389577541,-0.7304170035653912,1.056401224630453,1.0784293990582228,0.02064504846930504
5,waypoint_47,-30.0,0.08323956389577541,-0.7304170035653912,1.056401224630453,252.27123498916626,0.0
6,waypoint_47,-30.0,0.08323956389577541,-0.7304170035653912,1.056401224630453,1.3500138884410262,0.0036759397480636835
7,waypoint_47,-30.0,0.08323956389577541,-0.7304170035653912,1.056401224630453,0.9753139456734061,0.006697585806250572
8,waypoint_47,-30.0,0.08323956389577541,-0.7304170035653912,1.056401224630453,434.8345100879669,0.0
9,waypoint_47,-30.0,0.08323956389577541,-0.7304170035653912,1.056401224630453,379.7791302204132,0.0
10,waypoint_47,-30.0,0.08323956389577541,-0.7304170035653912,1.056401224630453,299.51488971710205,0.0
11,waypoint_47,-30.0,0.08323956389577541,-0.7304170035653912,1.056401224630453,498.2067942619324,0.0
12,waypoint_47,-30.0,0.08323956389577541,-0.7304170035653912,1.056401224630453,318.15293431282043,0.0
13,waypoint_47,-30.0,0.08323956389577541,-0.7304170035653912,1.056401224630453,356.39721155166626,0.0
14,waypoint_47,-30.0,0.08323956389577541,-0.7304170035653912,1.056401224630453,539.2491817474365,0.0
0,waypoint_47,-15.0,0.08323956389577541,-0.7304170035653912,1.056401224630453,201.8759697675705,0.0
1,waypoint_47,-15.0,0.08323956389577541,-0.7304170035653912,1.056401224630453,124.17101114988327,0.0
2,waypoint_47,-15.0,0.08323956389577541,-0.7304170035653912,1.056401224630453,192.1890377998352,0.0
3,waypoint_47,-15.0,0.08323956389577541,-0.7304170035653912,1.056401224630453,4.861372988671064,0.0
4,waypoint_47,-15.0,0.08323956389577541,-0.7304170035653912,1.056401224630453,6.191924214363098,0.0
5,waypoint_47,-15.0,0.08323956389577541,-0.7304170035653912,1.056401224630453,244.06148493289948,0.0
6,waypoint_47,-15.0,0.08323956389577541,-0.7304170035653912,1.056401224630453,10.849553160369396,0.0
7,waypoint_47,-15.0,0.08323956389577541,-0.7304170035653912,1.056401224630453,16.56898483633995,0.0
8,waypoint_47,-15.0,0.08323956389577541,-0.7304170035653912,1.056401224630453,432.8623116016388,0.0
9,waypoint_47,-15.0,0.08323956389577541,-0.7304170035653912,1.056401224630453,377.5818347930908,0.0
10,waypoint_47,-15.0,0.08323956389577541,-0.7304170035653912,1.056401224630453,298.00930619239807,0.0
11,waypoint_47,-15.0,0.08323956389577541,-0.7304170035653912,1.056401224630453,497.70301580429077,0.0
12,waypoint_47,-15.0,0.08323956389577541,-0.7304170035653912,1.056401224630453,315.2945041656494,0.0
13,waypoint_47,-15.0,0.08323956389577541,-0.7304170035653912,1.056401224630453,357.6173186302185,0.0
14,waypoint_47,-15.0,0.08323956389577541,-0.7304170035653912,1.056401224630453,538.9737486839294,0.0
0,waypoint_47,0.0,0.08323956389577541,-0.7304170035653912,1.056401224630453,279.4288396835327,0.0
1,waypoint_47,0.0,0.08323956389577541,-0.7304170035653912,1.056401224630453,11.509334668517113,0.0
2,waypoint_47,0.0,0.08323956389577541,-0.7304170035653912,1.056401224630453,101.81961953639984,0.0
3,waypoint_47,0.0,0.08323956389577541,-0.7304170035653912,1.056401224630453,0.4469536943361163,0.02882891334593296
4,waypoint_47,0.0,0.08323956389577541,-0.7304170035653912,1.056401224630453,0.47022735816426575,0.020998042076826096
5,waypoint_47,0.0,0.08323956389577541,-0.7304170035653912,1.056401224630453,175.04507303237915,0.0
6,waypoint_47,0.0,0.08323956389577541,-0.7304170035653912,1.056401224630453,0.676996074616909,0.0023299576714634895
7,waypoint_47,0.0,0.08323956389577541,-0.7304170035653912,1.056401224630453,1.202370971441269,0.008055740967392921
8,waypoint_47,0.0,0.08323956389577541,-0.7304170035653912,1.056401224630453,416.4784252643585,0.0
9,waypoint_47,0.0,0.08323956389577541,-0.7304170035653912,1.056401224630453,357.10620880126953,0.0
10,waypoint_47,0.0,0.08323956389577541,-0.7304170035653912,1.056401224630453,291.9369339942932,0.0
11,waypoint_47,0.0,0.08323956389577541,-0.7304170035653912,1.056401224630453,474.5940864086151,0.0
12,waypoint_47,0.0,0.08323956389577541,-0.7304170035653912,1.056401224630453,305.8221936225891,0.0
13,waypoint_47,0.0,0.08323956389577541,-0.7304170035653912,1.056401224630453,351.30560398101807,0.0
14,waypoint_47,0.0,0.08323956389577541,-0.7304170035653912,1.056401224630453,504.5003890991211,0.0
0,waypoint_47,15.0,0.08323956389577541,-0.7304170035653912,1.056401224630453,285.89099645614624,0.0
1,waypoint_47,15.0,0.08323956389577541,-0.7304170035653912,1.056401224630453,5.129912402480841,0.0
2,waypoint_47,15.0,0.08323956389577541,-0.7304170035653912,1.056401224630453,95.1414480805397,0.0
3,waypoint_47,15.0,0.08323956389577541,-0.7304170035653912,1.056401224630453,6.494603119790554,0.0
4,waypoint_47,15.0,0.08323956389577541,-0.7304170035653912,1.056401224630453,7.4224709533154964,0.0
5,waypoint_47,15.0,0.08323956389577541,-0.7304170035653912,1.056401224630453,165.19759595394135,0.0
6,waypoint_47,15.0,0.08323956389577541,-0.7304170035653912,1.056401224630453,3.3441083505749702,0.0
7,waypoint_47,15.0,0.08323956389577541,-0.7304170035653912,1.056401224630453,16.135701909661293,0.0
8,waypoint_47,15.0,0.08323956389577541,-0.7304170035653912,1.056401224630453,412.14773058891296,0.0
9,waypoint_47,15.0,0.08323956389577541,-0.7304170035653912,1.056401224630453,351.8140912055969,0.0
10,waypoint_47,15.0,0.08323956389577541,-0.7304170035653912,1.056401224630453,288.957417011261,0.0
11,waypoint_47,15.0,0.08323956389577541,-0.7304170035653912,1.056401224630453,468.0023789405823,0.0
12,waypoint_47,15.0,0.08323956389577541,-0.7304170035653912,1.056401224630453,301.61160230636597,0.0
13,waypoint_47,15.0,0.08323956389577541,-0.7304170035653912,1.056401224630453,352.2559106349945,0.0
14,waypoint_47,15.0,0.08323956389577541,-0.7304170035653912,1.056401224630453,500.29683113098145,0.0
0,waypoint_47,30.0,0.08323956389577541,-0.7304170035653912,1.056401224630453,222.5273847579956,0.0
1,waypoint_47,30.0,0.08323956389577541,-0.7304170035653912,1.056401224630453,145.12740075588226,0.0
2,waypoint_47,30.0,0.08323956389577541,-0.7304170035653912,1.056401224630453,7.7745807357132435,0.0
3,waypoint_47,30.0,0.08323956389577541,-0.7304170035653912,1.056401224630453,0.29087692382745445,0.02350453846156597
4,waypoint_47,30.0,0.08323956389577541,-0.7304170035653912,1.056401224630453,0.33538538264110684,0.019233524799346924
5,waypoint_47,30.0,0.08323956389577541,-0.7304170035653912,1.056401224630453,96.28935158252716,0.0
6,waypoint_47,30.0,0.08323956389577541,-0.7304170035653912,1.056401224630453,1.2212347937747836,0.003045074176043272
7,waypoint_47,30.0,0.08323956389577541,-0.7304170035653912,1.056401224630453,0.5954555817879736,0.0062988693825900555
8,waypoint_47,30.0,0.08323956389577541,-0.7304170035653912,1.056401224630453,382.72789120674133,0.0
9,waypoint_47,30.0,0.08323956389577541,-0.7304170035653912,1.056401224630453,317.6928162574768,0.0
10,waypoint_47,30.0,0.08323956389577541,-0.7304170035653912,1.056401224630453,274.8159170150757,0.0
11,waypoint_47,30.0,0.08323956389577541,-0.7304170035653912,1.056401224630453,421.8807816505432,0.0
12,waypoint_47,30.0,0.08323956389577541,-0.7304170035653912,1.056401224630453,283.15338492393494,0.0
13,waypoint_47,30.0,0.08323956389577541,-0.7304170035653912,1.056401224630453,336.749404668808,0.0
14,waypoint_47,30.0,0.08323956389577541,-0.7304170035653912,1.056401224630453,464.20830488204956,0.0
0,waypoint_48,30.0,0.10323956389577521,-0.7304170035653912,1.056401224630453,331.6837251186371,0.0
1,waypoint_48,30.0,0.10323956389577521,-0.7304170035653912,1.056401224630453,238.3762151002884,0.0
2,waypoint_48,30.0,0.10323956389577521,-0.7304170035653912,1.056401224630453,0.9211378055624664,0.0011254820274189115
3,waypoint_48,30.0,0.10323956389577521,-0.7304170035653912,1.056401224630453,0.7736182888038456,0.02345092222094536
4,waypoint_48,30.0,0.10323956389577521,-0.7304170035653912,1.056401224630453,0.836874358355999,0.020540058612823486
5,waypoint_48,30.0,0.10323956389577521,-0.7304170035653912,1.056401224630453,79.55270260572433,0.0
6,waypoint_48,30.0,0.10323956389577521,-0.7304170035653912,1.056401224630453,1.3150970917195082,0.0047182063572108746
7,waypoint_48,30.0,0.10323956389577521,-0.7304170035653912,1.056401224630453,1.107215415686369,0.004667862318456173
8,waypoint_48,30.0,0.10323956389577521,-0.7304170035653912,1.056401224630453,390.2023732662201,0.0
9,waypoint_48,30.0,0.10323956389577521,-0.7304170035653912,1.056401224630453,323.0368494987488,0.0
10,waypoint_48,30.0,0.10323956389577521,-0.7304170035653912,1.056401224630453,278.716504573822,0.0
11,waypoint_48,30.0,0.10323956389577521,-0.7304170035653912,1.056401224630453,411.6179943084717,0.0
12,waypoint_48,30.0,0.10323956389577521,-0.7304170035653912,1.056401224630453,279.39069271087646,0.0
13,waypoint_48,30.0,0.10323956389577521,-0.7304170035653912,1.056401224630453,326.8788754940033,0.0
14,waypoint_48,30.0,0.10323956389577521,-0.7304170035653912,1.056401224630453,448.14974069595337,0.0
0,waypoint_48,15.0,0.10323956389577521,-0.7304170035653912,1.056401224630453,291.7094826698303,0.0
1,waypoint_48,15.0,0.10323956389577521,-0.7304170035653912,1.056401224630453,261.796236038208,0.0
2,waypoint_48,15.0,0.10323956389577521,-0.7304170035653912,1.056401224630453,17.74613745510578,0.0
3,waypoint_48,15.0,0.10323956389577521,-0.7304170035653912,1.056401224630453,7.1141645312309265,0.0
4,waypoint_48,15.0,0.10323956389577521,-0.7304170035653912,1.056401224630453,6.914730649441481,0.0
5,waypoint_48,15.0,0.10323956389577521,-0.7304170035653912,1.056401224630453,86.56731992959976,0.0
6,waypoint_48,15.0,0.10323956389577521,-0.7304170035653912,1.056401224630453,7.024372927844524,0.0
7,waypoint_48,15.0,0.10323956389577521,-0.7304170035653912,1.056401224630453,13.510061427950859,0.0
8,waypoint_48,15.0,0.10323956389577521,-0.7304170035653912,1.056401224630453,394.5545256137848,0.0
9,waypoint_48,15.0,0.10323956389577521,-0.7304170035653912,1.056401224630453,329.0318250656128,0.0
10,waypoint_48,15.0,0.10323956389577521,-0.7304170035653912,1.056401224630453,280.84099292755127,0.0
11,waypoint_48,15.0,0.10323956389577521,-0.7304170035653912,1.056401224630453,417.08987951278687,0.0
12,waypoint_48,15.0,0.10323956389577521,-0.7304170035653912,1.056401224630453,281.6430330276489,0.0
13,waypoint_48,15.0,0.10323956389577521,-0.7304170035653912,1.056401224630453,330.8965861797333,0.0
14,waypoint_48,15.0,0.10323956389577521,-0.7304170035653912,1.056401224630453,453.7147879600525,0.0
0,waypoint_48,0.0,0.10323956389577521,-0.7304170035653912,1.056401224630453,273.99742603302,0.0
1,waypoint_48,0.0,0.10323956389577521,-0.7304170035653912,1.056401224630453,259.7172260284424,0.0
2,waypoint_48,0.0,0.10323956389577521,-0.7304170035653912,1.056401224630453,103.18687558174133,0.0
3,waypoint_48,0.0,0.10323956389577521,-0.7304170035653912,1.056401224630453,0.18660853675100952,0.030050454661250114
4,waypoint_48,0.0,0.10323956389577521,-0.7304170035653912,1.056401224630453,0.24570725508965552,0.022704586386680603
5,waypoint_48,0.0,0.10323956389577521,-0.7304170035653912,1.056401224630453,160.98815202713013,0.0
6,waypoint_48,0.0,0.10323956389577521,-0.7304170035653912,1.056401224630453,1.3855916913598776,0.004332478158175945
7,waypoint_48,0.0,0.10323956389577521,-0.7304170035653912,1.056401224630453,1.4519795076921582,0.005864166188985109
8,waypoint_48,0.0,0.10323956389577521,-0.7304170035653912,1.056401224630453,422.10644483566284,0.0
9,waypoint_48,0.0,0.10323956389577521,-0.7304170035653912,1.056401224630453,363.55075240135193,0.0
10,waypoint_48,0.0,0.10323956389577521,-0.7304170035653912,1.056401224630453,292.19385981559753,0.0
11,waypoint_48,0.0,0.10323956389577521,-0.7304170035653912,1.056401224630453,465.03713726997375,0.0
12,waypoint_48,0.0,0.10323956389577521,-0.7304170035653912,1.056401224630453,299.08522963523865,0.0
13,waypoint_48,0.0,0.10323956389577521,-0.7304170035653912,1.056401224630453,340.46489000320435,0.0
14,waypoint_48,0.0,0.10323956389577521,-0.7304170035653912,1.056401224630453,481.2794625759125,0.0
0,waypoint_48,-15.0,0.10323956389577521,-0.7304170035653912,1.056401224630453,231.2079817056656,0.0
1,waypoint_48,-15.0,0.10323956389577521,-0.7304170035653912,1.056401224630453,290.2962565422058,0.0
2,waypoint_48,-15.0,0.10323956389577521,-0.7304170035653912,1.056401224630453,114.3859475851059,0.0
3,waypoint_48,-15.0,0.10323956389577521,-0.7304170035653912,1.056401224630453,6.327821873128414,0.0
4,waypoint_48,-15.0,0.10323956389577521,-0.7304170035653912,1.056401224630453,7.247758563607931,0.0
5,waypoint_48,-15.0,0.10323956389577521,-0.7304170035653912,1.056401224630453,171.51233553886414,0.0
6,waypoint_48,-15.0,0.10323956389577521,-0.7304170035653912,1.056401224630453,10.564782656729221,0.0
7,waypoint_48,-15.0,0.10323956389577521,-0.7304170035653912,1.056401224630453,15.569931827485561,0.0
8,waypoint_48,-15.0,0.10323956389577521,-0.7304170035653912,1.056401224630453,425.8211851119995,0.0
9,waypoint_48,-15.0,0.10323956389577521,-0.7304170035653912,1.056401224630453,368.1412935256958,0.0
10,waypoint_48,-15.0,0.10323956389577521,-0.7304170035653912,1.056401224630453,294.44730281829834,0.0
11,waypoint_48,-15.0,0.10323956389577521,-0.7304170035653912,1.056401224630453,472.1030592918396,0.0
12,waypoint_48,-15.0,0.10323956389577521,-0.7304170035653912,1.056401224630453,301.76910758018494,0.0
13,waypoint_48,-15.0,0.10323956389577521,-0.7304170035653912,1.056401224630453,343.18506717681885,0.0
14,waypoint_48,-15.0,0.10323956389577521,-0.7304170035653912,1.056401224630453,489.58486318588257,0.0
0,waypoint_48,-30.0,0.10323956389577521,-0.7304170035653912,1.056401224630453,130.71881234645844,0.0
1,waypoint_48,-30.0,0.10323956389577521,-0.7304170035653912,1.056401224630453,121.16219848394394,0.0
2,waypoint_48,-30.0,0.10323956389577521,-0.7304170035653912,1.056401224630453,210.91336011886597,0.0
3,waypoint_48,-30.0,0.10323956389577521,-0.7304170035653912,1.056401224630453,0.5852600443176925,0.031628742814064026
4,waypoint_48,-30.0,0.10323956389577521,-0.7304170035653912,1.056401224630453,0.5889579188078642,0.022383518517017365
5,waypoint_48,-30.0,0.10323956389577521,-0.7304170035653912,1.056401224630453,240.62354862689972,0.0
6,waypoint_48,-30.0,0.10323956389577521,-0.7304170035653912,1.056401224630453,1.1779502965509892,0.00530351884663105
7,waypoint_48,-30.0,0.10323956389577521,-0.7304170035653912,1.056401224630453,1.2485543265938759,0.004661710001528263
8,waypoint_48,-30.0,0.10323956389577521,-0.7304170035653912,1.056401224630453,466.20848774909973,0.0
9,waypoint_48,-30.0,0.10323956389577521,-0.7304170035653912,1.056401224630453,413.83472084999084,0.0
10,waypoint_48,-30.0,0.10323956389577521,-0.7304170035653912,1.056401224630453,301.0781705379486,0.0
11,waypoint_48,-30.0,0.10323956389577521,-0.7304170035653912,1.056401224630453,498.15821647644043,0.0
12,waypoint_48,-30.0,0.10323956389577521,-0.7304170035653912,1.056401224630453,312.05305457115173,0.0
13,waypoint_48,-30.0,0.10323956389577521,-0.7304170035653912,1.056401224630453,347.41345047950745,0.0
14,waypoint_48,-30.0,0.10323956389577521,-0.7304170035653912,1.056401224630453,516.6928172111511,0.0
0,waypoint_49,-30.0,0.12323956389577545,-0.7304170035653912,1.056401224630453,169.19775307178497,0.0
1,waypoint_49,-30.0,0.12323956389577545,-0.7304170035653912,1.056401224630453,84.20752733945847,0.0
2,waypoint_49,-30.0,0.12323956389577545,-0.7304170035653912,1.056401224630453,194.2853480577469,0.0
3,waypoint_49,-30.0,0.12323956389577545,-0.7304170035653912,1.056401224630453,1.099022221751511,0.0334731824696064
4,waypoint_49,-30.0,0.12323956389577545,-0.7304170035653912,1.056401224630453,1.0999480728060007,0.024299858137965202
5,waypoint_49,-30.0,0.12323956389577545,-0.7304170035653912,1.056401224630453,230.47809302806854,0.0
6,waypoint_49,-30.0,0.12323956389577545,-0.7304170035653912,1.056401224630453,1.1442096438258886,0.007072525564581156
7,waypoint_49,-30.0,0.12323956389577545,-0.7304170035653912,1.056401224630453,1.153046265244484,0.002632426330819726
8,waypoint_49,-30.0,0.12323956389577545,-0.7304170035653912,1.056401224630453,480.45313358306885,0.0
9,waypoint_49,-30.0,0.12323956389577545,-0.7304170035653912,1.056401224630453,437.0099604129791,0.0
10,waypoint_49,-30.0,0.12323956389577545,-0.7304170035653912,1.056401224630453,304.242342710495,0.0
11,waypoint_49,-30.0,0.12323956389577545,-0.7304170035653912,1.056401224630453,493.71057748794556,0.0
12,waypoint_49,-30.0,0.12323956389577545,-0.7304170035653912,1.056401224630453,306.9073557853699,0.0
13,waypoint_49,-30.0,0.12323956389577545,-0.7304170035653912,1.056401224630453,338.4559750556946,0.0
14,waypoint_49,-30.0,0.12323956389577545,-0.7304170035653912,1.056401224630453,506.6319704055786,0.0
0,waypoint_49,-15.0,0.12323956389577545,-0.7304170035653912,1.056401224630453,201.50689780712128,0.0
1,waypoint_49,-15.0,0.12323956389577545,-0.7304170035653912,1.056401224630453,67.4654021859169,0.0
2,waypoint_49,-15.0,0.12323956389577545,-0.7304170035653912,1.056401224630453,184.4867467880249,0.0
3,waypoint_49,-15.0,0.12323956389577545,-0.7304170035653912,1.056401224630453,4.639692604541779,0.0
4,waypoint_49,-15.0,0.12323956389577545,-0.7304170035653912,1.056401224630453,5.603141151368618,0.0
5,waypoint_49,-15.0,0.12323956389577545,-0.7304170035653912,1.056401224630453,221.73382341861725,0.0
6,waypoint_49,-15.0,0.12323956389577545,-0.7304170035653912,1.056401224630453,10.688004083931446,0.0
7,waypoint_49,-15.0,0.12323956389577545,-0.7304170035653912,1.056401224630453,17.056811600923538,0.0
8,waypoint_49,-15.0,0.12323956389577545,-0.7304170035653912,1.056401224630453,477.85481810569763,0.0
9,waypoint_49,-15.0,0.12323956389577545,-0.7304170035653912,1.056401224630453,434.3431890010834,0.0
10,waypoint_49,-15.0,0.12323956389577545,-0.7304170035653912,1.056401224630453,302.98686027526855,0.0
11,waypoint_49,-15.0,0.12323956389577545,-0.7304170035653912,1.056401224630453,493.2645857334137,0.0
12,waypoint_49,-15.0,0.12323956389577545,-0.7304170035653912,1.056401224630453,305.69562315940857,0.0
13,waypoint_49,-15.0,0.12323956389577545,-0.7304170035653912,1.056401224630453,339.6696746349335,0.0
14,waypoint_49,-15.0,0.12323956389577545,-0.7304170035653912,1.056401224630453,506.1908960342407,0.0
0,waypoint_49,0.0,0.12323956389577545,-0.7304170035653912,1.056401224630453,236.17573082447052,0.0
1,waypoint_49,0.0,0.12323956389577545,-0.7304170035653912,1.056401224630453,60.94661355018616,0.0
2,waypoint_49,0.0,0.12323956389577545,-0.7304170035653912,1.056401224630453,87.42184191942215,0.0
3,waypoint_49,0.0,0.12323956389577545,-0.7304170035653912,1.056401224630453,0.43491137330420315,0.031086960807442665
4,waypoint_49,0.0,0.12323956389577545,-0.7304170035653912,1.056401224630453,0.46668079448863864,0.024361761286854744
5,waypoint_49,0.0,0.12323956389577545,-0.7304170035653912,1.056401224630453,148.81984889507294,0.0
6,waypoint_49,0.0,0.12323956389577545,-0.7304170035653912,1.056401224630453,0.5203793407417834,0.006279374472796917
7,waypoint_49,0.0,0.12323956389577545,-0.7304170035653912,1.056401224630453,1.0745652252808213,0.0038585802540183067
8,waypoint_49,0.0,0.12323956389577545,-0.7304170035653912,1.056401224630453,460.62055230140686,0.0
9,waypoint_49,0.0,0.12323956389577545,-0.7304170035653912,1.056401224630453,416.4348840713501,0.0
10,waypoint_49,0.0,0.12323956389577545,-0.7304170035653912,1.056401224630453,297.39728569984436,0.0
11,waypoint_49,0.0,0.12323956389577545,-0.7304170035653912,1.056401224630453,470.6549346446991,0.0
12,waypoint_49,0.0,0.12323956389577545,-0.7304170035653912,1.056401224630453,295.95842957496643,0.0
13,waypoint_49,0.0,0.12323956389577545,-0.7304170035653912,1.056401224630453,334.56945419311523,0.0
14,waypoint_49,0.0,0.12323956389577545,-0.7304170035653912,1.056401224630453,471.36253118515015,0.0
0,waypoint_49,15.0,0.12323956389577545,-0.7304170035653912,1.056401224630453,268.04861426353455,0.0
1,waypoint_49,15.0,0.12323956389577545,-0.7304170035653912,1.056401224630453,99.11376237869263,0.0
2,waypoint_49,15.0,0.12323956389577545,-0.7304170035653912,1.056401224630453,70.56558132171631,0.0
3,waypoint_49,15.0,0.12323956389577545,-0.7304170035653912,1.056401224630453,6.366131827235222,0.0
4,waypoint_49,15.0,0.12323956389577545,-0.7304170035653912,1.056401224630453,6.928413175046444,0.0
5,waypoint_49,15.0,0.12323956389577545,-0.7304170035653912,1.056401224630453,138.01288604736328,0.0
6,waypoint_49,15.0,0.12323956389577545,-0.7304170035653912,1.056401224630453,10.261237621307373,0.0
7,waypoint_49,15.0,0.12323956389577545,-0.7304170035653912,1.056401224630453,16.109829768538475,0.0
8,waypoint_49,15.0,0.12323956389577545,-0.7304170035653912,1.056401224630453,455.9880495071411,0.0
9,waypoint_49,15.0,0.12323956389577545,-0.7304170035653912,1.056401224630453,407.81235694885254,0.0
10,waypoint_49,15.0,0.12323956389577545,-0.7304170035653912,1.056401224630453,295.07312178611755,0.0
11,waypoint_49,15.0,0.12323956389577545,-0.7304170035653912,1.056401224630453,463.7252688407898,0.0
12,waypoint_49,15.0,0.12323956389577545,-0.7304170035653912,1.056401224630453,291.6375696659088,0.0
13,waypoint_49,15.0,0.12323956389577545,-0.7304170035653912,1.056401224630453,336.86375617980957,0.0
14,waypoint_49,15.0,0.12323956389577545,-0.7304170035653912,1.056401224630453,466.9841527938843,0.0
0,waypoint_49,30.0,0.12323956389577545,-0.7304170035653912,1.056401224630453,351.0003387928009,0.0
1,waypoint_49,30.0,0.12323956389577545,-0.7304170035653912,1.056401224630453,338.8521075248718,0.0
2,waypoint_49,30.0,0.12323956389577545,-0.7304170035653912,1.056401224630453,17.237136140465736,0.0
3,waypoint_49,30.0,0.12323956389577545,-0.7304170035653912,1.056401224630453,0.2703839272726327,0.02286202646791935
4,waypoint_49,30.0,0.12323956389577545,-0.7304170035653912,1.056401224630453,0.3192548465449363,0.021588429808616638
5,waypoint_49,30.0,0.12323956389577545,-0.7304170035653912,1.056401224630453,65.043143928051,0.0
6,waypoint_49,30.0,0.12323956389577545,-0.7304170035653912,1.056401224630453,0.7526022382080555,0.006321186199784279
7,waypoint_49,30.0,0.12323956389577545,-0.7304170035653912,1.056401224630453,0.8907719748094678,0.003242354840040207
8,waypoint_49,30.0,0.12323956389577545,-0.7304170035653912,1.056401224630453,419.1147983074188,0.0
9,waypoint_49,30.0,0.12323956389577545,-0.7304170035653912,1.056401224630453,365.59784412384033,0.0
10,waypoint_49,30.0,0.12323956389577545,-0.7304170035653912,1.056401224630453,282.83947706222534,0.0
11,waypoint_49,30.0,0.12323956389577545,-0.7304170035653912,1.056401224630453,415.34191370010376,0.0
12,waypoint_49,30.0,0.12323956389577545,-0.7304170035653912,1.056401224630453,273.00959825515747,0.0
13,waypoint_49,30.0,0.12323956389577545,-0.7304170035653912,1.056401224630453,325.0047564506531,0.0
14,waypoint_49,30.0,0.12323956389577545,-0.7304170035653912,1.056401224630453,430.51016330718994,0.0
0,waypoint_50,30.0,0.14323956389577525,-0.7304170035653912,1.056401224630453,252.97755002975464,0.0
1,waypoint_50,30.0,0.14323956389577525,-0.7304170035653912,1.056401224630453,270.1493501663208,0.0
2,waypoint_50,30.0,0.14323956389577525,-0.7304170035653912,1.056401224630453,216.71989560127258,0.0
3,waypoint_50,30.0,0.14323956389577525,-0.7304170035653912,1.056401224630453,0.00961465593718458,0.02153320051729679
4,waypoint_50,30.0,0.14323956389577525,-0.7304170035653912,1.056401224630453,0.009548098205414135,0.02247016318142414
5,waypoint_50,30.0,0.14323956389577525,-0.7304170035653912,1.056401224630453,54.573796689510345,0.0
6,waypoint_50,30.0,0.14323956389577525,-0.7304170035653912,1.056401224630453,0.011193946193088777,0.008049778640270233
7,waypoint_50,30.0,0.14323956389577525,-0.7304170035653912,1.056401224630453,111.0222265124321,0.0
8,waypoint_50,30.0,0.14323956389577525,-0.7304170035653912,1.056401224630453,425.36938190460205,0.0
9,waypoint_50,30.0,0.14323956389577525,-0.7304170035653912,1.056401224630453,370.05990743637085,0.0
10,waypoint_50,30.0,0.14323956389577525,-0.7304170035653912,1.056401224630453,289.6198630332947,0.0
11,waypoint_50,30.0,0.14323956389577525,-0.7304170035653912,1.056401224630453,406.5636694431305,0.0
12,waypoint_50,30.0,0.14323956389577525,-0.7304170035653912,1.056401224630453,271.35545015335083,0.0
13,waypoint_50,30.0,0.14323956389577525,-0.7304170035653912,1.056401224630453,318.4998333454132,0.0
14,waypoint_50,30.0,0.14323956389577525,-0.7304170035653912,1.056401224630453,413.1983518600464,0.0
0,waypoint_50,15.0,0.14323956389577525,-0.7304170035653912,1.056401224630453,301.6122281551361,0.0
1,waypoint_50,15.0,0.14323956389577525,-0.7304170035653912,1.056401224630453,269.09002661705017,0.0
2,waypoint_50,15.0,0.14323956389577525,-0.7304170035653912,1.056401224630453,213.1027728319168,0.0
3,waypoint_50,15.0,0.14323956389577525,-0.7304170035653912,1.056401224630453,0.26295011048205197,0.0278624240309
4,waypoint_50,15.0,0.14323956389577525,-0.7304170035653912,1.056401224630453,0.2620767627377063,0.02461106888949871
5,waypoint_50,15.0,0.14323956389577525,-0.7304170035653912,1.056401224630453,92.8848460316658,0.0
6,waypoint_50,15.0,0.14323956389577525,-0.7304170035653912,1.056401224630453,0.2252290869364515,0.007974362000823021
7,waypoint_50,15.0,0.14323956389577525,-0.7304170035653912,1.056401224630453,1.0724723106250167,0.0019763228483498096
8,waypoint_50,15.0,0.14323956389577525,-0.7304170035653912,1.056401224630453,442.1886205673218,0.0
9,waypoint_50,15.0,0.14323956389577525,-0.7304170035653912,1.056401224630453,388.77078890800476,0.0
10,waypoint_50,15.0,0.14323956389577525,-0.7304170035653912,1.056401224630453,295.31070590019226,0.0
11,waypoint_50,15.0,0.14323956389577525,-0.7304170035653912,1.056401224630453,437.04742193222046,0.0
12,waypoint_50,15.0,0.14323956389577525,-0.7304170035653912,1.056401224630453,279.3329358100891,0.0
13,waypoint_50,15.0,0.14323956389577525,-0.7304170035653912,1.056401224630453,323.92075657844543,0.0
14,waypoint_50,15.0,0.14323956389577525,-0.7304170035653912,1.056401224630453,430.7250678539276,0.0
0,waypoint_50,0.0,0.14323956389577525,-0.7304170035653912,1.056401224630453,259.3621015548706,0.0
1,waypoint_50,0.0,0.14323956389577525,-0.7304170035653912,1.056401224630453,297.3957657814026,0.0
2,waypoint_50,0.0,0.14323956389577525,-0.7304170035653912,1.056401224630453,237.23465204238892,0.0
3,waypoint_50,0.0,0.14323956389577525,-0.7304170035653912,1.056401224630453,7.067758124321699,0.0
4,waypoint_50,0.0,0.14323956389577525,-0.7304170035653912,1.056401224630453,7.063915487378836,0.0
5,waypoint_50,0.0,0.14323956389577525,-0.7304170035653912,1.056401224630453,105.1001250743866,0.0
6,waypoint_50,0.0,0.14323956389577525,-0.7304170035653912,1.056401224630453,8.983622305095196,0.0
7,waypoint_50,0.0,0.14323956389577525,-0.7304170035653912,1.056401224630453,11.990352533757687,0.0
8,waypoint_50,0.0,0.14323956389577525,-0.7304170035653912,1.056401224630453,446.37608528137207,0.0
9,waypoint_50,0.0,0.14323956389577525,-0.7304170035653912,1.056401224630453,393.7666714191437,0.0
10,waypoint_50,0.0,0.14323956389577525,-0.7304170035653912,1.056401224630453,297.2569167613983,0.0
11,waypoint_50,0.0,0.14323956389577525,-0.7304170035653912,1.056401224630453,444.0450668334961,0.0
12,waypoint_50,0.0,0.14323956389577525,-0.7304170035653912,1.056401224630453,282.20388293266296,0.0
13,waypoint_50,0.0,0.14323956389577525,-0.7304170035653912,1.056401224630453,326.2934684753418,0.0
14,waypoint_50,0.0,0.14323956389577525,-0.7304170035653912,1.056401224630453,438.8955533504486,0.0
0,waypoint_50,-15.0,0.14323956389577525,-0.7304170035653912,1.056401224630453,244.40710246562958,0.0
1,waypoint_50,-15.0,0.14323956389577525,-0.7304170035653912,1.056401224630453,222.1507579088211,0.0
2,waypoint_50,-15.0,0.14323956389577525,-0.7304170035653912,1.056401224630453,125.35819411277771,0.0
3,waypoint_50,-15.0,0.14323956389577525,-0.7304170035653912,1.056401224630453,0.4246746248099953,0.03413916751742363
4,waypoint_50,-15.0,0.14323956389577525,-0.7304170035653912,1.056401224630453,0.4918760387226939,0.026421749964356422
5,waypoint_50,-15.0,0.14323956389577525,-0.7304170035653912,1.056401224630453,182.47583508491516,0.0
6,waypoint_50,-15.0,0.14323956389577525,-0.7304170035653912,1.056401224630453,0.9034299291670322,0.008544601500034332
7,waypoint_50,-15.0,0.14323956389577525,-0.7304170035653912,1.056401224630453,1.3357731513679028,0.0014025113778188825
8,waypoint_50,-15.0,0.14323956389577525,-0.7304170035653912,1.056401224630453,470.75340151786804,0.0
9,waypoint_50,-15.0,0.14323956389577525,-0.7304170035653912,1.056401224630453,422.9365587234497,0.0
10,waypoint_50,-15.0,0.14323956389577525,-0.7304170035653912,1.056401224630453,304.3983280658722,0.0
11,waypoint_50,-15.0,0.14323956389577525,-0.7304170035653912,1.056401224630453,495.31692266464233,0.0
12,waypoint_50,-15.0,0.14323956389577525,-0.7304170035653912,1.056401224630453,298.5399067401886,0.0
13,waypoint_50,-15.0,0.14323956389577525,-0.7304170035653912,1.056401224630453,332.5353264808655,0.0
14,waypoint_50,-15.0,0.14323956389577525,-0.7304170035653912,1.056401224630453,478.97735238075256,0.0
0,waypoint_50,-30.0,0.14323956389577525,-0.7304170035653912,1.056401224630453,208.23471248149872,0.0
1,waypoint_50,-30.0,0.14323956389577525,-0.7304170035653912,1.056401224630453,260.0460946559906,0.0
2,waypoint_50,-30.0,0.14323956389577525,-0.7304170035653912,1.056401224630453,142.68699288368225,0.0
3,waypoint_50,-30.0,0.14323956389577525,-0.7304170035653912,1.056401224630453,5.309680011123419,0.0
4,waypoint_50,-30.0,0.14323956389577525,-0.7304170035653912,1.056401224630453,6.200482603162527,0.0
5,waypoint_50,-30.0,0.14323956389577525,-0.7304170035653912,1.056401224630453,192.55438446998596,0.0
6,waypoint_50,-30.0,0.14323956389577525,-0.7304170035653912,1.056401224630453,10.921495035290718,0.0
7,waypoint_50,-30.0,0.14323956389577525,-0.7304170035653912,1.056401224630453,12.828009203076363,0.0
8,waypoint_50,-30.0,0.14323956389577525,-0.7304170035653912,1.056401224630453,473.42368960380554,0.0
9,waypoint_50,-30.0,0.14323956389577525,-0.7304170035653912,1.056401224630453,426.2109398841858,0.0
10,waypoint_50,-30.0,0.14323956389577525,-0.7304170035653912,1.056401224630453,306.05918169021606,0.0
11,waypoint_50,-30.0,0.14323956389577525,-0.7304170035653912,1.056401224630453,501.60521268844604,0.0
12,waypoint_50,-30.0,0.14323956389577525,-0.7304170035653912,1.056401224630453,299.20151829719543,0.0
13,waypoint_50,-30.0,0.14323956389577525,-0.7304170035653912,1.056401224630453,331.4746618270874,0.0
14,waypoint_50,-30.0,0.14323956389577525,-0.7304170035653912,1.056401224630453,478.5262644290924,0.0
0,waypoint_51,-30.0,-0.03676043610422386,-0.7050469241938334,1.043684508641266,0.37420447915792465,0.041999563574790955
1,waypoint_51,-30.0,-0.03676043610422386,-0.7050469241938334,1.043684508641266,316.6292607784271,0.0
2,waypoint_51,-30.0,-0.03676043610422386,-0.7050469241938334,1.043684508641266,350.001722574234,0.0
3,waypoint_51,-30.0,-0.03676043610422386,-0.7050469241938334,1.043684508641266,1.4614121755585074,0.01794724352657795
4,waypoint_51,-30.0,-0.03676043610422386,-0.7050469241938334,1.043684508641266,0.6329581956379116,0.009876572526991367
5,waypoint_51,-30.0,-0.03676043610422386,-0.7050469241938334,1.043684508641266,349.80449080467224,0.0
6,waypoint_51,-30.0,-0.03676043610422386,-0.7050469241938334,1.043684508641266,0.34348588087596,0.008566156961023808
7,waypoint_51,-30.0,-0.03676043610422386,-0.7050469241938334,1.043684508641266,0.7083837408572435,0.02044263482093811
8,waypoint_51,-30.0,-0.03676043610422386,-0.7050469241938334,1.043684508641266,489.63940143585205,0.0
9,waypoint_51,-30.0,-0.03676043610422386,-0.7050469241938334,1.043684508641266,471.7377722263336,0.0
10,waypoint_51,-30.0,-0.03676043610422386,-0.7050469241938334,1.043684508641266,305.7904839515686,0.0
11,waypoint_51,-30.0,-0.03676043610422386,-0.7050469241938334,1.043684508641266,631.9587826728821,0.0
12,waypoint_51,-30.0,-0.03676043610422386,-0.7050469241938334,1.043684508641266,366.2112057209015,0.0
13,waypoint_51,-30.0,-0.03676043610422386,-0.7050469241938334,1.043684508641266,418.0845618247986,0.0
14,waypoint_51,-30.0,-0.03676043610422386,-0.7050469241938334,1.043684508641266,638.8218998908997,0.0
0,waypoint_51,-15.0,-0.03676043610422386,-0.7050469241938334,1.043684508641266,4.304166883230209,0.0
1,waypoint_51,-15.0,-0.03676043610422386,-0.7050469241938334,1.043684508641266,311.79192662239075,0.0
2,waypoint_51,-15.0,-0.03676043610422386,-0.7050469241938334,1.043684508641266,345.7387387752533,0.0
3,waypoint_51,-15.0,-0.03676043610422386,-0.7050469241938334,1.043684508641266,5.567868705838919,0.0
4,waypoint_51,-15.0,-0.03676043610422386,-0.7050469241938334,1.043684508641266,8.908553048968315,0.0
5,waypoint_51,-15.0,-0.03676043610422386,-0.7050469241938334,1.043684508641266,342.4300253391266,0.0
6,waypoint_51,-15.0,-0.03676043610422386,-0.7050469241938334,1.043684508641266,17.17493124306202,0.0
7,waypoint_51,-15.0,-0.03676043610422386,-0.7050469241938334,1.043684508641266,18.653729930520058,0.0
8,waypoint_51,-15.0,-0.03676043610422386,-0.7050469241938334,1.043684508641266,486.23496294021606,0.0
9,waypoint_51,-15.0,-0.03676043610422386,-0.7050469241938334,1.043684508641266,463.6624753475189,0.0
10,waypoint_51,-15.0,-0.03676043610422386,-0.7050469241938334,1.043684508641266,303.38579416275024,0.0
11,waypoint_51,-15.0,-0.03676043610422386,-0.7050469241938334,1.043684508641266,625.5916357040405,0.0
12,waypoint_51,-15.0,-0.03676043610422386,-0.7050469241938334,1.043684508641266,366.91999435424805,0.0
13,waypoint_51,-15.0,-0.03676043610422386,-0.7050469241938334,1.043684508641266,416.628360748291,0.0
14,waypoint_51,-15.0,-0.03676043610422386,-0.7050469241938334,1.043684508641266,634.1606378555298,0.0
0,waypoint_51,0.0,-0.03676043610422386,-0.7050469241938334,1.043684508641266,0.38334037526510656,0.03231590613722801
1,waypoint_51,0.0,-0.03676043610422386,-0.7050469241938334,1.043684508641266,259.28422808647156,0.0
2,waypoint_51,0.0,-0.03676043610422386,-0.7050469241938334,1.043684508641266,295.78596353530884,0.0
3,waypoint_51,0.0,-0.03676043610422386,-0.7050469241938334,1.043684508641266,0.5209596711210907,0.019293848425149918
4,waypoint_51,0.0,-0.03676043610422386,-0.7050469241938334,1.043684508641266,0.5353072192519903,0.010195649228990078
5,waypoint_51,0.0,-0.03676043610422386,-0.7050469241938334,1.043684508641266,283.2891345024109,0.0
6,waypoint_51,0.0,-0.03676043610422386,-0.7050469241938334,1.043684508641266,1.1738527100533247,0.01007793378084898
7,waypoint_51,0.0,-0.03676043610422386,-0.7050469241938334,1.043684508641266,1.0304177412763238,0.02050197497010231
8,waypoint_51,0.0,-0.03676043610422386,-0.7050469241938334,1.043684508641266,463.259220123291,0.0
9,waypoint_51,0.0,-0.03676043610422386,-0.7050469241938334,1.043684508641266,438.7894570827484,0.0
10,waypoint_51,0.0,-0.03676043610422386,-0.7050469241938334,1.043684508641266,293.88391971588135,0.0
11,waypoint_51,0.0,-0.03676043610422386,-0.7050469241938334,1.043684508641266,570.2816843986511,0.0
12,waypoint_51,0.0,-0.03676043610422386,-0.7050469241938334,1.043684508641266,349.7629165649414,0.0
13,waypoint_51,0.0,-0.03676043610422386,-0.7050469241938334,1.043684508641266,409.01121497154236,0.0
14,waypoint_51,0.0,-0.03676043610422386,-0.7050469241938334,1.043684508641266,606.8356037139893,0.0
0,waypoint_51,15.0,-0.03676043610422386,-0.7050469241938334,1.043684508641266,6.3499705865979195,0.0
1,waypoint_51,15.0,-0.03676043610422386,-0.7050469241938334,1.043684508641266,259.02560353279114,0.0
2,waypoint_51,15.0,-0.03676043610422386,-0.7050469241938334,1.043684508641266,296.5144217014313,0.0
3,waypoint_51,15.0,-0.03676043610422386,-0.7050469241938334,1.043684508641266,7.430933881551027,0.0
4,waypoint_51,15.0,-0.03676043610422386,-0.7050469241938334,1.043684508641266,9.477007202804089,0.0
5,waypoint_51,15.0,-0.03676043610422386,-0.7050469241938334,1.043684508641266,274.88887310028076,0.0
6,waypoint_51,15.0,-0.03676043610422386,-0.7050469241938334,1.043684508641266,16.457702964544296,0.0
7,waypoint_51,15.0,-0.03676043610422386,-0.7050469241938334,1.043684508641266,17.38588511943817,0.0
8,waypoint_51,15.0,-0.03676043610422386,-0.7050469241938334,1.043684508641266,457.08370208740234,0.0
9,waypoint_51,15.0,-0.03676043610422386,-0.7050469241938334,1.043684508641266,430.6674897670746,0.0
10,waypoint_51,15.0,-0.03676043610422386,-0.7050469241938334,1.043684508641266,288.5056734085083,0.0
11,waypoint_51,15.0,-0.03676043610422386,-0.7050469241938334,1.043684508641266,565.636396408081,0.0
12,waypoint_51,15.0,-0.03676043610422386,-0.7050469241938334,1.043684508641266,344.0994322299957,0.0
13,waypoint_51,15.0,-0.03676043610422386,-0.7050469241938334,1.043684508641266,407.837837934494,0.0
14,waypoint_51,15.0,-0.03676043610422386,-0.7050469241938334,1.043684508641266,601.1371612548828,0.0
0,waypoint_51,30.0,-0.03676043610422386,-0.7050469241938334,1.043684508641266,8.28380323946476,0.0
1,waypoint_51,30.0,-0.03676043610422386,-0.7050469241938334,1.043684508641266,81.97241276502609,0.0
2,waypoint_51,30.0,-0.03676043610422386,-0.7050469241938334,1.043684508641266,102.09257900714874,0.0
3,waypoint_51,30.0,-0.03676043610422386,-0.7050469241938334,1.043684508641266,0.3397104446776211,0.01897018775343895
4,waypoint_51,30.0,-0.03676043610422386,-0.7050469241938334,1.043684508641266,0.43033668771386147,0.010262788273394108
5,waypoint_51,30.0,-0.03676043610422386,-0.7050469241938334,1.043684508641266,219.78048980236053,0.0
6,waypoint_51,30.0,-0.03676043610422386,-0.7050469241938334,1.043684508641266,0.4324197070673108,0.008870928548276424
7,waypoint_51,30.0,-0.03676043610422386,-0.7050469241938334,1.043684508641266,0.34134878660552204,0.014841553755104542
8,waypoint_51,30.0,-0.03676043610422386,-0.7050469241938334,1.043684508641266,413.6153757572174,0.0
9,waypoint_51,30.0,-0.03676043610422386,-0.7050469241938334,1.043684508641266,370.5696761608124,0.0
10,waypoint_51,30.0,-0.03676043610422386,-0.7050469241938334,1.043684508641266,262.999564409256,0.0
11,waypoint_51,30.0,-0.03676043610422386,-0.7050469241938334,1.043684508641266,515.2533054351807,0.0
12,waypoint_51,30.0,-0.03676043610422386,-0.7050469241938334,1.043684508641266,322.3276138305664,0.0
13,waypoint_51,30.0,-0.03676043610422386,-0.7050469241938334,1.043684508641266,386.17393374443054,0.0
14,waypoint_51,30.0,-0.03676043610422386,-0.7050469241938334,1.043684508641266,557.9797029495239,0.0
0,waypoint_52,30.0,-0.016760436104224286,-0.7050469241938334,1.043684508641266,107.9402044415474,0.0
1,waypoint_52,30.0,-0.016760436104224286,-0.7050469241938334,1.043684508641266,67.7434578537941,0.0
2,waypoint_52,30.0,-0.016760436104224286,-0.7050469241938334,1.043684508641266,99.67513382434845,0.0
3,waypoint_52,30.0,-0.016760436104224286,-0.7050469241938334,1.043684508641266,0.8733333670534194,0.0206171702593565
4,waypoint_52,30.0,-0.016760436104224286,-0.7050469241938334,1.043684508641266,0.9485995396971703,0.012163246981799603
5,waypoint_52,30.0,-0.016760436104224286,-0.7050469241938334,1.043684508641266,198.50550591945648,0.0
6,waypoint_52,30.0,-0.016760436104224286,-0.7050469241938334,1.043684508641266,1.1575977550819516,0.0070188301615417
7,waypoint_52,30.0,-0.016760436104224286,-0.7050469241938334,1.043684508641266,1.1248239316046238,0.014050248079001904
8,waypoint_52,30.0,-0.016760436104224286,-0.7050469241938334,1.043684508641266,412.95433044433594,0.0
9,waypoint_52,30.0,-0.016760436104224286,-0.7050469241938334,1.043684508641266,367.4566447734833,0.0
10,waypoint_52,30.0,-0.016760436104224286,-0.7050469241938334,1.043684508641266,262.0711326599121,0.0
11,waypoint_52,30.0,-0.016760436104224286,-0.7050469241938334,1.043684508641266,500.766396522522,0.0
12,waypoint_52,30.0,-0.016760436104224286,-0.7050469241938334,1.043684508641266,308.21987986564636,0.0
13,waypoint_52,30.0,-0.016760436104224286,-0.7050469241938334,1.043684508641266,371.74224853515625,0.0
14,waypoint_52,30.0,-0.016760436104224286,-0.7050469241938334,1.043684508641266,540.4770374298096,0.0
0,waypoint_52,15.0,-0.016760436104224286,-0.7050469241938334,1.043684508641266,74.82670247554779,0.0
1,waypoint_52,15.0,-0.016760436104224286,-0.7050469241938334,1.043684508641266,80.8444619178772,0.0
2,waypoint_52,15.0,-0.016760436104224286,-0.7050469241938334,1.043684508641266,94.9215516448021,0.0
3,waypoint_52,15.0,-0.016760436104224286,-0.7050469241938334,1.043684508641266,6.685025058686733,0.0
4,waypoint_52,15.0,-0.016760436104224286,-0.7050469241938334,1.043684508641266,7.322666700929403,0.0
5,waypoint_52,15.0,-0.016760436104224286,-0.7050469241938334,1.043684508641266,205.0984799861908,0.0
6,waypoint_52,15.0,-0.016760436104224286,-0.7050469241938334,1.043684508641266,13.204327784478664,0.0
7,waypoint_52,15.0,-0.016760436104224286,-0.7050469241938334,1.043684508641266,14.152970165014267,0.0
8,waypoint_52,15.0,-0.016760436104224286,-0.7050469241938334,1.043684508641266,418.69428753852844,0.0
9,waypoint_52,15.0,-0.016760436104224286,-0.7050469241938334,1.043684508641266,374.4748532772064,0.0
10,waypoint_52,15.0,-0.016760436104224286,-0.7050469241938334,1.043684508641266,264.3067240715027,0.0
11,waypoint_52,15.0,-0.016760436104224286,-0.7050469241938334,1.043684508641266,506.78539276123047,0.0
12,waypoint_52,15.0,-0.016760436104224286,-0.7050469241938334,1.043684508641266,311.9695484638214,0.0
13,waypoint_52,15.0,-0.016760436104224286,-0.7050469241938334,1.043684508641266,375.6862282752991,0.0
14,waypoint_52,15.0,-0.016760436104224286,-0.7050469241938334,1.043684508641266,546.8765497207642,0.0
0,waypoint_52,0.0,-0.016760436104224286,-0.7050469241938334,1.043684508641266,0.34808009513653815,0.029355136677622795
1,waypoint_52,0.0,-0.016760436104224286,-0.7050469241938334,1.043684508641266,136.09950244426727,0.0
2,waypoint_52,0.0,-0.016760436104224286,-0.7050469241938334,1.043684508641266,141.95767045021057,0.0
3,waypoint_52,0.0,-0.016760436104224286,-0.7050469241938334,1.043684508641266,0.38521987153217196,0.021089769899845123
4,waypoint_52,0.0,-0.016760436104224286,-0.7050469241938334,1.043684508641266,0.5067542660981417,0.012051855213940144
5,waypoint_52,0.0,-0.016760436104224286,-0.7050469241938334,1.043684508641266,263.65789771080017,0.0
6,waypoint_52,0.0,-0.016760436104224286,-0.7050469241938334,1.043684508641266,1.024091150611639,0.007815726101398468
7,waypoint_52,0.0,-0.016760436104224286,-0.7050469241938334,1.043684508641266,0.8531637722626328,0.018413715064525604
8,waypoint_52,0.0,-0.016760436104224286,-0.7050469241938334,1.043684508641266,458.917498588562,0.0
9,waypoint_52,0.0,-0.016760436104224286,-0.7050469241938334,1.043684508641266,419.5103645324707,0.0
10,waypoint_52,0.0,-0.016760436104224286,-0.7050469241938334,1.043684508641266,281.36399388313293,0.0
11,waypoint_52,0.0,-0.016760436104224286,-0.7050469241938334,1.043684508641266,555.4232597351074,0.0
12,waypoint_52,0.0,-0.016760436104224286,-0.7050469241938334,1.043684508641266,334.3605101108551,0.0
13,waypoint_52,0.0,-0.016760436104224286,-0.7050469241938334,1.043684508641266,389.62507247924805,0.0
14,waypoint_52,0.0,-0.016760436104224286,-0.7050469241938334,1.043684508641266,584.0709805488586,0.0
0,waypoint_52,-15.0,-0.016760436104224286,-0.7050469241938334,1.043684508641266,6.4970022067427635,0.0
1,waypoint_52,-15.0,-0.016760436104224286,-0.7050469241938334,1.043684508641266,141.2656307220459,0.0
2,waypoint_52,-15.0,-0.016760436104224286,-0.7050469241938334,1.043684508641266,142.19611883163452,0.0
3,waypoint_52,-15.0,-0.016760436104224286,-0.7050469241938334,1.043684508641266,7.26143317297101,0.0
4,waypoint_52,-15.0,-0.016760436104224286,-0.7050469241938334,1.043684508641266,9.380963630974293,0.0
5,waypoint_52,-15.0,-0.016760436104224286,-0.7050469241938334,1.043684508641266,272.15903997421265,0.0
6,waypoint_52,-15.0,-0.016760436104224286,-0.7050469241938334,1.043684508641266,15.213049948215485,0.0
7,waypoint_52,-15.0,-0.016760436104224286,-0.7050469241938334,1.043684508641266,16.73780381679535,0.0
8,waypoint_52,-15.0,-0.016760436104224286,-0.7050469241938334,1.043684508641266,464.31756019592285,0.0
9,waypoint_52,-15.0,-0.016760436104224286,-0.7050469241938334,1.043684508641266,424.856960773468,0.0
10,waypoint_52,-15.0,-0.016760436104224286,-0.7050469241938334,1.043684508641266,284.94611382484436,0.0
11,waypoint_52,-15.0,-0.016760436104224286,-0.7050469241938334,1.043684508641266,561.7144107818604,0.0
12,waypoint_52,-15.0,-0.016760436104224286,-0.7050469241938334,1.043684508641266,338.70673179626465,0.0
13,waypoint_52,-15.0,-0.016760436104224286,-0.7050469241938334,1.043684508641266,390.05252718925476,0.0
14,waypoint_52,-15.0,-0.016760436104224286,-0.7050469241938334,1.043684508641266,587.933599948883,0.0
0,waypoint_52,-30.0,-0.016760436104224286,-0.7050469241938334,1.043684508641266,0.3316374495625496,0.04189152643084526
1,waypoint_52,-30.0,-0.016760436104224286,-0.7050469241938334,1.043684508641266,227.79667377471924,0.0
2,waypoint_52,-30.0,-0.016760436104224286,-0.7050469241938334,1.043684508641266,269.71155405044556,0.0
3,waypoint_52,-30.0,-0.016760436104224286,-0.7050469241938334,1.043684508641266,0.5970917991362512,0.019632307812571526
4,waypoint_52,-30.0,-0.016760436104224286,-0.7050469241938334,1.043684508641266,0.5894126370549202,0.011419130489230156
5,waypoint_52,-30.0,-0.016760436104224286,-0.7050469241938334,1.043684508641266,332.5628638267517,0.0
6,waypoint_52,-30.0,-0.016760436104224286,-0.7050469241938334,1.043684508641266,1.289800857193768,0.00633260840550065
7,waypoint_52,-30.0,-0.016760436104224286,-0.7050469241938334,1.043684508641266,1.241458347067237,0.017972616478800774
8,waypoint_52,-30.0,-0.016760436104224286,-0.7050469241938334,1.043684508641266,492.58360266685486,0.0
9,waypoint_52,-30.0,-0.016760436104224286,-0.7050469241938334,1.043684508641266,460.1844549179077,0.0
10,waypoint_52,-30.0,-0.016760436104224286,-0.7050469241938334,1.043684508641266,301.5090227127075,0.0
11,waypoint_52,-30.0,-0.016760436104224286,-0.7050469241938334,1.043684508641266,595.8067774772644,0.0
12,waypoint_52,-30.0,-0.016760436104224286,-0.7050469241938334,1.043684508641266,353.3359169960022,0.0
13,waypoint_52,-30.0,-0.016760436104224286,-0.7050469241938334,1.043684508641266,399.0235924720764,0.0
14,waypoint_52,-30.0,-0.016760436104224286,-0.7050469241938334,1.043684508641266,625.8453130722046,0.0
0,waypoint_53,-30.0,0.00323956389577551,-0.7050469241938334,1.043684508641266,1.248848857358098,0.04093562811613083
1,waypoint_53,-30.0,0.00323956389577551,-0.7050469241938334,1.043684508641266,214.2186462879181,0.0
2,waypoint_53,-30.0,0.00323956389577551,-0.7050469241938334,1.043684508641266,265.53186774253845,0.0
3,waypoint_53,-30.0,0.00323956389577551,-0.7050469241938334,1.043684508641266,1.1216247221454978,0.021512210369110107
4,waypoint_53,-30.0,0.00323956389577551,-0.7050469241938334,1.043684508641266,1.1209945660084486,0.013045665808022022
5,waypoint_53,-30.0,0.00323956389577551,-0.7050469241938334,1.043684508641266,316.0732686519623,0.0
6,waypoint_53,-30.0,0.00323956389577551,-0.7050469241938334,1.043684508641266,1.1455570347607136,0.004178230185061693
7,waypoint_53,-30.0,0.00323956389577551,-0.7050469241938334,1.043684508641266,1.2547466903924942,0.015423018485307693
8,waypoint_53,-30.0,0.00323956389577551,-0.7050469241938334,1.043684508641266,490.1045560836792,0.0
9,waypoint_53,-30.0,0.00323956389577551,-0.7050469241938334,1.043684508641266,454.1727900505066,0.0
10,waypoint_53,-30.0,0.00323956389577551,-0.7050469241938334,1.043684508641266,295.8988845348358,0.0
11,waypoint_53,-30.0,0.00323956389577551,-0.7050469241938334,1.043684508641266,577.7785181999207,0.0
12,waypoint_53,-30.0,0.00323956389577551,-0.7050469241938334,1.043684508641266,341.43444895744324,0.0
13,waypoint_53,-30.0,0.00323956389577551,-0.7050469241938334,1.043684508641266,385.400265455246,0.0
14,waypoint_53,-30.0,0.00323956389577551,-0.7050469241938334,1.043684508641266,611.1019849777222,0.0
0,waypoint_53,-15.0,0.00323956389577551,-0.7050469241938334,1.043684508641266,4.259580746293068,0.0
1,waypoint_53,-15.0,0.00323956389577551,-0.7050469241938334,1.043684508641266,210.42494475841522,0.0
2,waypoint_53,-15.0,0.00323956389577551,-0.7050469241938334,1.043684508641266,256.41435384750366,0.0
3,waypoint_53,-15.0,0.00323956389577551,-0.7050469241938334,1.043684508641266,5.533371120691299,0.0
4,waypoint_53,-15.0,0.00323956389577551,-0.7050469241938334,1.043684508641266,7.802901789546013,0.0
5,waypoint_53,-15.0,0.00323956389577551,-0.7050469241938334,1.043684508641266,308.3215653896332,0.0
6,waypoint_53,-15.0,0.00323956389577551,-0.7050469241938334,1.043684508641266,16.910603269934654,0.0
7,waypoint_53,-15.0,0.00323956389577551,-0.7050469241938334,1.043684508641266,18.439866602420807,0.0
8,waypoint_53,-15.0,0.00323956389577551,-0.7050469241938334,1.043684508641266,486.86835169792175,0.0
9,waypoint_53,-15.0,0.00323956389577551,-0.7050469241938334,1.043684508641266,446.54691219329834,0.0
10,waypoint_53,-15.0,0.00323956389577551,-0.7050469241938334,1.043684508641266,294.8838770389557,0.0
11,waypoint_53,-15.0,0.00323956389577551,-0.7050469241938334,1.043684508641266,577.8015851974487,0.0
12,waypoint_53,-15.0,0.00323956389577551,-0.7050469241938334,1.043684508641266,341.2824869155884,0.0
13,waypoint_53,-15.0,0.00323956389577551,-0.7050469241938334,1.043684508641266,384.1458559036255,0.0
14,waypoint_53,-15.0,0.00323956389577551,-0.7050469241938334,1.043684508641266,605.9572100639343,0.0
0,waypoint_53,0.0,0.00323956389577551,-0.7050469241938334,1.043684508641266,0.32692428794689476,0.02358594909310341
1,waypoint_53,0.0,0.00323956389577551,-0.7050469241938334,1.043684508641266,122.60446697473526,0.0
2,waypoint_53,0.0,0.00323956389577551,-0.7050469241938334,1.043684508641266,199.5580792427063,0.0
3,waypoint_53,0.0,0.00323956389577551,-0.7050469241938334,1.043684508641266,0.5005663842894137,0.022856665775179863
4,waypoint_53,0.0,0.00323956389577551,-0.7050469241938334,1.043684508641266,0.5159006686881185,0.013868752866983414
5,waypoint_53,0.0,0.00323956389577551,-0.7050469241938334,1.043684508641266,244.54282224178314,0.0
6,waypoint_53,0.0,0.00323956389577551,-0.7050469241938334,1.043684508641266,1.2190520064905286,0.00575763126835227
7,waypoint_53,0.0,0.00323956389577551,-0.7050469241938334,1.043684508641266,1.020375406369567,0.016525154933333397
8,waypoint_53,0.0,0.00323956389577551,-0.7050469241938334,1.043684508641266,464.03929591178894,0.0
9,waypoint_53,0.0,0.00323956389577551,-0.7050469241938334,1.043684508641266,430.01726269721985,0.0
10,waypoint_53,0.0,0.00323956389577551,-0.7050469241938334,1.043684508641266,281.0857892036438,0.0
11,waypoint_53,0.0,0.00323956389577551,-0.7050469241938334,1.043684508641266,547.4755167961121,0.0
12,waypoint_53,0.0,0.00323956389577551,-0.7050469241938334,1.043684508641266,327.11854577064514,0.0
13,waypoint_53,0.0,0.00323956389577551,-0.7050469241938334,1.043684508641266,377.9774010181427,0.0
14,waypoint_53,0.0,0.00323956389577551,-0.7050469241938334,1.043684508641266,571.3838934898376,0.0
0,waypoint_53,15.0,0.00323956389577551,-0.7050469241938334,1.043684508641266,6.8094003945589066,0.0
1,waypoint_53,15.0,0.00323956389577551,-0.7050469241938334,1.043684508641266,116.74448102712631,0.0
2,waypoint_53,15.0,0.00323956389577551,-0.7050469241938334,1.043684508641266,199.95509088039398,0.0
3,waypoint_53,15.0,0.00323956389577551,-0.7050469241938334,1.043684508641266,6.802897434681654,0.0
4,waypoint_53,15.0,0.00323956389577551,-0.7050469241938334,1.043684508641266,8.565022610127926,0.0
5,waypoint_53,15.0,0.00323956389577551,-0.7050469241938334,1.043684508641266,235.8734905719757,0.0
6,waypoint_53,15.0,0.00323956389577551,-0.7050469241938334,1.043684508641266,16.124151647090912,0.0
7,waypoint_53,15.0,0.00323956389577551,-0.7050469241938334,1.043684508641266,17.055051401257515,0.0
8,waypoint_53,15.0,0.00323956389577551,-0.7050469241938334,1.043684508641266,458.2849442958832,0.0
9,waypoint_53,15.0,0.00323956389577551,-0.7050469241938334,1.043684508641266,423.1930375099182,0.0
10,waypoint_53,15.0,0.00323956389577551,-0.7050469241938334,1.043684508641266,277.89032459259033,0.0
11,waypoint_53,15.0,0.00323956389577551,-0.7050469241938334,1.043684508641266,542.2748923301697,0.0
12,waypoint_53,15.0,0.00323956389577551,-0.7050469241938334,1.043684508641266,322.83350825309753,0.0
13,waypoint_53,15.0,0.00323956389577551,-0.7050469241938334,1.043684508641266,378.4431517124176,0.0
14,waypoint_53,15.0,0.00323956389577551,-0.7050469241938334,1.043684508641266,567.1597719192505,0.0
0,waypoint_53,30.0,0.00323956389577551,-0.7050469241938334,1.043684508641266,183.78089368343353,0.0
1,waypoint_53,30.0,0.00323956389577551,-0.7050469241938334,1.043684508641266,50.31726136803627,0.0
2,waypoint_53,30.0,0.00323956389577551,-0.7050469241938334,1.043684508641266,103.81970554590225,0.0
3,waypoint_53,30.0,0.00323956389577551,-0.7050469241938334,1.043684508641266,0.3444580070208758,0.022043442353606224
4,waypoint_53,30.0,0.00323956389577551,-0.7050469241938334,1.043684508641266,0.3763590648304671,0.013864352367818356
5,waypoint_53,30.0,0.00323956389577551,-0.7050469241938334,1.043684508641266,177.51912772655487,0.0
6,waypoint_53,30.0,0.00323956389577551,-0.7050469241938334,1.043684508641266,0.09161431808024645,0.0054223681800067425
7,waypoint_53,30.0,0.00323956389577551,-0.7050469241938334,1.043684508641266,0.34334941301494837,0.01319865882396698
8,waypoint_53,30.0,0.00323956389577551,-0.7050469241938334,1.043684508641266,413.2618308067322,0.0
9,waypoint_53,30.0,0.00323956389577551,-0.7050469241938334,1.043684508641266,366.5790259838104,0.0
10,waypoint_53,30.0,0.00323956389577551,-0.7050469241938334,1.043684508641266,258.5718631744385,0.0
11,waypoint_53,30.0,0.00323956389577551,-0.7050469241938334,1.043684508641266,493.65395307540894,0.0
12,waypoint_53,30.0,0.00323956389577551,-0.7050469241938334,1.043684508641266,299.1935908794403,0.0
13,waypoint_53,30.0,0.00323956389577551,-0.7050469241938334,1.043684508641266,358.3180606365204,0.0
14,waypoint_53,30.0,0.00323956389577551,-0.7050469241938334,1.043684508641266,530.2010178565979,0.0
0,waypoint_54,30.0,0.023239563895776028,-0.7050469241938334,1.043684508641266,353.5969853401184,0.0
1,waypoint_54,30.0,0.023239563895776028,-0.7050469241938334,1.043684508641266,18.953535705804825,0.0
2,waypoint_54,30.0,0.023239563895776028,-0.7050469241938334,1.043684508641266,100.15717893838882,0.0
3,waypoint_54,30.0,0.023239563895776028,-0.7050469241938334,1.043684508641266,0.8478182135149837,0.023484235629439354
4,waypoint_54,30.0,0.023239563895776028,-0.7050469241938334,1.043684508641266,0.9148475946858525,0.01569463685154915
5,waypoint_54,30.0,0.023239563895776028,-0.7050469241938334,1.043684508641266,156.83692693710327,0.0
6,waypoint_54,30.0,0.023239563895776028,-0.7050469241938334,1.043684508641266,1.0721264407038689,0.0035553714260458946
7,waypoint_54,30.0,0.023239563895776028,-0.7050469241938334,1.043684508641266,1.1872651521116495,0.011781730689108372
8,waypoint_54,30.0,0.023239563895776028,-0.7050469241938334,1.043684508641266,414.5794212818146,0.0
9,waypoint_54,30.0,0.023239563895776028,-0.7050469241938334,1.043684508641266,365.708589553833,0.0
10,waypoint_54,30.0,0.023239563895776028,-0.7050469241938334,1.043684508641266,255.1175057888031,0.0
11,waypoint_54,30.0,0.023239563895776028,-0.7050469241938334,1.043684508641266,482.67480731010437,0.0
12,waypoint_54,30.0,0.023239563895776028,-0.7050469241938334,1.043684508641266,288.61531615257263,0.0
13,waypoint_54,30.0,0.023239563895776028,-0.7050469241938334,1.043684508641266,347.696453332901,0.0
14,waypoint_54,30.0,0.023239563895776028,-0.7050469241938334,1.043684508641266,514.2529010772705,0.0
0,waypoint_54,15.0,0.023239563895776028,-0.7050469241938334,1.043684508641266,308.61449241638184,0.0
1,waypoint_54,15.0,0.023239563895776028,-0.7050469241938334,1.043684508641266,43.43113675713539,0.0
2,waypoint_54,15.0,0.023239563895776028,-0.7050469241938334,1.043684508641266,103.40765863656998,0.0
3,waypoint_54,15.0,0.023239563895776028,-0.7050469241938334,1.043684508641266,6.567790638655424,0.0
4,waypoint_54,15.0,0.023239563895776028,-0.7050469241938334,1.043684508641266,7.039611227810383,0.0
5,waypoint_54,15.0,0.023239563895776028,-0.7050469241938334,1.043684508641266,163.69883716106415,0.0
6,waypoint_54,15.0,0.023239563895776028,-0.7050469241938334,1.043684508641266,12.922670692205429,0.0
7,waypoint_54,15.0,0.023239563895776028,-0.7050469241938334,1.043684508641266,13.621075078845024,0.0
8,waypoint_54,15.0,0.023239563895776028,-0.7050469241938334,1.043684508641266,420.61156034469604,0.0
9,waypoint_54,15.0,0.023239563895776028,-0.7050469241938334,1.043684508641266,372.65920639038086,0.0
10,waypoint_54,15.0,0.023239563895776028,-0.7050469241938334,1.043684508641266,258.48016142845154,0.0
11,waypoint_54,15.0,0.023239563895776028,-0.7050469241938334,1.043684508641266,488.0508482456207,0.0
12,waypoint_54,15.0,0.023239563895776028,-0.7050469241938334,1.043684508641266,293.5580015182495,0.0
13,waypoint_54,15.0,0.023239563895776028,-0.7050469241938334,1.043684508641266,351.7293632030487,0.0
14,waypoint_54,15.0,0.023239563895776028,-0.7050469241938334,1.043684508641266,519.298255443573,0.0
0,waypoint_54,0.0,0.023239563895776028,-0.7050469241938334,1.043684508641266,286.53502464294434,0.0
1,waypoint_54,0.0,0.023239563895776028,-0.7050469241938334,1.043684508641266,130.7196319103241,0.0
2,waypoint_54,0.0,0.023239563895776028,-0.7050469241938334,1.043684508641266,136.67333126068115,0.0
3,waypoint_54,0.0,0.023239563895776028,-0.7050469241938334,1.043684508641266,0.24928987841121852,0.024608194828033447
4,waypoint_54,0.0,0.023239563895776028,-0.7050469241938334,1.043684508641266,0.30137901194393635,0.015690786764025688
5,waypoint_54,0.0,0.023239563895776028,-0.7050469241938334,1.043684508641266,225.98864138126373,0.0
6,waypoint_54,0.0,0.023239563895776028,-0.7050469241938334,1.043684508641266,1.4558262191712856,0.0035551844630390406
7,waypoint_54,0.0,0.023239563895776028,-0.7050469241938334,1.043684508641266,1.2832292122766376,0.014316851273179054
8,waypoint_54,0.0,0.023239563895776028,-0.7050469241938334,1.043684508641266,458.957701921463,0.0
9,waypoint_54,0.0,0.023239563895776028,-0.7050469241938334,1.043684508641266,412.9800498485565,0.0
10,waypoint_54,0.0,0.023239563895776028,-0.7050469241938334,1.043684508641266,274.14393424987793,0.0
11,waypoint_54,0.0,0.023239563895776028,-0.7050469241938334,1.043684508641266,536.8887782096863,0.0
12,waypoint_54,0.0,0.023239563895776028,-0.7050469241938334,1.043684508641266,313.25459480285645,0.0
13,waypoint_54,0.0,0.023239563895776028,-0.7050469241938334,1.043684508641266,364.5530641078949,0.0
14,waypoint_54,0.0,0.023239563895776028,-0.7050469241938334,1.043684508641266,559.1835379600525,0.0
0,waypoint_54,-15.0,0.023239563895776028,-0.7050469241938334,1.043684508641266,243.54632198810577,0.0
1,waypoint_54,-15.0,0.023239563895776028,-0.7050469241938334,1.043684508641266,144.70277726650238,0.0
2,waypoint_54,-15.0,0.023239563895776028,-0.7050469241938334,1.043684508641266,139.8199051618576,0.0
3,waypoint_54,-15.0,0.023239563895776028,-0.7050469241938334,1.043684508641266,6.659971084445715,0.0
4,waypoint_54,-15.0,0.023239563895776028,-0.7050469241938334,1.043684508641266,8.387761190533638,0.0
5,waypoint_54,-15.0,0.023239563895776028,-0.7050469241938334,1.043684508641266,235.15936732292175,0.0
6,waypoint_54,-15.0,0.023239563895776028,-0.7050469241938334,1.043684508641266,15.642436221241951,0.0
7,waypoint_54,-15.0,0.023239563895776028,-0.7050469241938334,1.043684508641266,16.447648406028748,0.0
8,waypoint_54,-15.0,0.023239563895776028,-0.7050469241938334,1.043684508641266,463.8780951499939,0.0
9,waypoint_54,-15.0,0.023239563895776028,-0.7050469241938334,1.043684508641266,418.71535778045654,0.0
10,waypoint_54,-15.0,0.023239563895776028,-0.7050469241938334,1.043684508641266,278.5128653049469,0.0
11,waypoint_54,-15.0,0.023239563895776028,-0.7050469241938334,1.043684508641266,544.4466471672058,0.0
12,waypoint_54,-15.0,0.023239563895776028,-0.7050469241938334,1.043684508641266,317.1270787715912,0.0
13,waypoint_54,-15.0,0.023239563895776028,-0.7050469241938334,1.043684508641266,364.3532693386078,0.0
14,waypoint_54,-15.0,0.023239563895776028,-0.7050469241938334,1.043684508641266,562.6479983329773,0.0
0,waypoint_54,-30.0,0.023239563895776028,-0.7050469241938334,1.043684508641266,304.9302399158478,0.0
1,waypoint_54,-30.0,0.023239563895776028,-0.7050469241938334,1.043684508641266,236.78871989250183,0.0
2,waypoint_54,-30.0,0.023239563895776028,-0.7050469241938334,1.043684508641266,260.2391839027405,0.0
3,waypoint_54,-30.0,0.023239563895776028,-0.7050469241938334,1.043684508641266,0.5993361119180918,0.02328423038125038
4,waypoint_54,-30.0,0.023239563895776028,-0.7050469241938334,1.043684508641266,0.5980184068903327,0.014573234133422375
5,waypoint_54,-30.0,0.023239563895776028,-0.7050469241938334,1.043684508641266,300.17930269241333,0.0
6,waypoint_54,-30.0,0.023239563895776028,-0.7050469241938334,1.043684508641266,1.3987637357786298,0.0023489752784371376
7,waypoint_54,-30.0,0.023239563895776028,-0.7050469241938334,1.043684508641266,1.274383976124227,0.013132072053849697
8,waypoint_54,-30.0,0.023239563895776028,-0.7050469241938334,1.043684508641266,487.39585280418396,0.0
9,waypoint_54,-30.0,0.023239563895776028,-0.7050469241938334,1.043684508641266,456.89505338668823,0.0
10,waypoint_54,-30.0,0.023239563895776028,-0.7050469241938334,1.043684508641266,292.69006848335266,0.0
11,waypoint_54,-30.0,0.023239563895776028,-0.7050469241938334,1.043684508641266,592.635989189148,0.0
12,waypoint_54,-30.0,0.023239563895776028,-0.7050469241938334,1.043684508641266,334.2908024787903,0.0
13,waypoint_54,-30.0,0.023239563895776028,-0.7050469241938334,1.043684508641266,373.3927011489868,0.0
14,waypoint_54,-30.0,0.023239563895776028,-0.7050469241938334,1.043684508641266,600.376546382904,0.0
0,waypoint_55,-30.0,0.0432395638957756,-0.7050469241938334,1.043684508641266,96.7717096209526,0.0
1,waypoint_55,-30.0,0.0432395638957756,-0.7050469241938334,1.043684508641266,220.1250046491623,0.0
2,waypoint_55,-30.0,0.0432395638957756,-0.7050469241938334,1.043684508641266,257.67409801483154,0.0
3,waypoint_55,-30.0,0.0432395638957756,-0.7050469241938334,1.043684508641266,0.43333336361683905,0.02521112561225891
4,waypoint_55,-30.0,0.0432395638957756,-0.7050469241938334,1.043684508641266,0.43856227421201766,0.01622435636818409
5,waypoint_55,-30.0,0.0432395638957756,-0.7050469241938334,1.043684508641266,285.05513072013855,0.0
6,waypoint_55,-30.0,0.0432395638957756,-0.7050469241938334,1.043684508641266,1.3187419390305877,0.0009356332011520863
7,waypoint_55,-30.0,0.0432395638957756,-0.7050469241938334,1.043684508641266,0.4464307567104697,0.010759728960692883
8,waypoint_55,-30.0,0.0432395638957756,-0.7050469241938334,1.043684508641266,486.4841401576996,0.0
9,waypoint_55,-30.0,0.0432395638957756,-0.7050469241938334,1.043684508641266,457.6464295387268,0.0
10,waypoint_55,-30.0,0.0432395638957756,-0.7050469241938334,1.043684508641266,291.0294234752655,0.0
11,waypoint_55,-30.0,0.0432395638957756,-0.7050469241938334,1.043684508641266,580.0591707229614,0.0
12,waypoint_55,-30.0,0.0432395638957756,-0.7050469241938334,1.043684508641266,324.9525725841522,0.0
13,waypoint_55,-30.0,0.0432395638957756,-0.7050469241938334,1.043684508641266,360.20419001579285,0.0
14,waypoint_55,-30.0,0.0432395638957756,-0.7050469241938334,1.043684508641266,585.4149460792542,0.0
0,waypoint_55,-15.0,0.0432395638957756,-0.7050469241938334,1.043684508641266,85.64648032188416,0.0
1,waypoint_55,-15.0,0.0432395638957756,-0.7050469241938334,1.043684508641266,211.27626299858093,0.0
2,waypoint_55,-15.0,0.0432395638957756,-0.7050469241938334,1.043684508641266,247.76574969291687,0.0
3,waypoint_55,-15.0,0.0432395638957756,-0.7050469241938334,1.043684508641266,5.245734937489033,0.0
4,waypoint_55,-15.0,0.0432395638957756,-0.7050469241938334,1.043684508641266,6.929161958396435,0.0
5,waypoint_55,-15.0,0.0432395638957756,-0.7050469241938334,1.043684508641266,276.7517566680908,0.0
6,waypoint_55,-15.0,0.0432395638957756,-0.7050469241938334,1.043684508641266,16.495389863848686,0.0
7,waypoint_55,-15.0,0.0432395638957756,-0.7050469241938334,1.043684508641266,17.567982897162437,0.0
8,waypoint_55,-15.0,0.0432395638957756,-0.7050469241938334,1.043684508641266,483.5748076438904,0.0
9,waypoint_55,-15.0,0.0432395638957756,-0.7050469241938334,1.043684508641266,450.1812160015106,0.0
10,waypoint_55,-15.0,0.0432395638957756,-0.7050469241938334,1.043684508641266,288.6722981929779,0.0
11,waypoint_55,-15.0,0.0432395638957756,-0.7050469241938334,1.043684508641266,575.2400159835815,0.0
12,waypoint_55,-15.0,0.0432395638957756,-0.7050469241938334,1.043684508641266,320.5811381340027,0.0
13,waypoint_55,-15.0,0.0432395638957756,-0.7050469241938334,1.043684508641266,361.2805902957916,0.0
14,waypoint_55,-15.0,0.0432395638957756,-0.7050469241938334,1.043684508641266,585.3019952774048,0.0
0,waypoint_55,0.0,0.0432395638957756,-0.7050469241938334,1.043684508641266,11.905145831406116,0.0
1,waypoint_55,0.0,0.0432395638957756,-0.7050469241938334,1.043684508641266,108.91725867986679,0.0
2,waypoint_55,0.0,0.0432395638957756,-0.7050469241938334,1.043684508641266,162.8328114748001,0.0
3,waypoint_55,0.0,0.0432395638957756,-0.7050469241938334,1.043684508641266,0.35348624805919826,0.026320811361074448
4,waypoint_55,0.0,0.0432395638957756,-0.7050469241938334,1.043684508641266,0.3621610812842846,0.017492622137069702
5,waypoint_55,0.0,0.0432395638957756,-0.7050469241938334,1.043684508641266,208.14168453216553,0.0
6,waypoint_55,0.0,0.0432395638957756,-0.7050469241938334,1.043684508641266,1.453000702895224,0.0016201790422201157
7,waypoint_55,0.0,0.0432395638957756,-0.7050469241938334,1.043684508641266,1.2300551170483232,0.012232237495481968
8,waypoint_55,0.0,0.0432395638957756,-0.7050469241938334,1.043684508641266,463.0809426307678,0.0
9,waypoint_55,0.0,0.0432395638957756,-0.7050469241938334,1.043684508641266,425.8526861667633,0.0
10,waypoint_55,0.0,0.0432395638957756,-0.7050469241938334,1.043684508641266,278.5315215587616,0.0
11,waypoint_55,0.0,0.0432395638957756,-0.7050469241938334,1.043684508641266,529.8569202423096,0.0
12,waypoint_55,0.0,0.0432395638957756,-0.7050469241938334,1.043684508641266,307.14941024780273,0.0
13,waypoint_55,0.0,0.0432395638957756,-0.7050469241938334,1.043684508641266,354.0831506252289,0.0
14,waypoint_55,0.0,0.0432395638957756,-0.7050469241938334,1.043684508641266,547.2689270973206,0.0
0,waypoint_55,15.0,0.0432395638957756,-0.7050469241938334,1.043684508641266,45.64647749066353,0.0
1,waypoint_55,15.0,0.0432395638957756,-0.7050469241938334,1.043684508641266,95.94418108463287,0.0
2,waypoint_55,15.0,0.0432395638957756,-0.7050469241938334,1.043684508641266,160.46415269374847,0.0
3,waypoint_55,15.0,0.0432395638957756,-0.7050469241938334,1.043684508641266,6.403345614671707,0.0
4,waypoint_55,15.0,0.0432395638957756,-0.7050469241938334,1.043684508641266,7.782956585288048,0.0
5,waypoint_55,15.0,0.0432395638957756,-0.7050469241938334,1.043684508641266,198.764830827713,0.0
6,waypoint_55,15.0,0.0432395638957756,-0.7050469241938334,1.043684508641266,9.83958225697279,0.0
7,waypoint_55,15.0,0.0432395638957756,-0.7050469241938334,1.043684508641266,16.76521822810173,0.0
8,waypoint_55,15.0,0.0432395638957756,-0.7050469241938334,1.043684508641266,457.6873779296875,0.0
9,waypoint_55,15.0,0.0432395638957756,-0.7050469241938334,1.043684508641266,417.7650809288025,0.0
10,waypoint_55,15.0,0.0432395638957756,-0.7050469241938334,1.043684508641266,274.5736241340637,0.0
11,waypoint_55,15.0,0.0432395638957756,-0.7050469241938334,1.043684508641266,522.7767825126648,0.0
12,waypoint_55,15.0,0.0432395638957756,-0.7050469241938334,1.043684508641266,301.3405203819275,0.0
13,waypoint_55,15.0,0.0432395638957756,-0.7050469241938334,1.043684508641266,354.3643653392792,0.0
14,waypoint_55,15.0,0.0432395638957756,-0.7050469241938334,1.043684508641266,543.0982708930969,0.0
0,waypoint_55,30.0,0.0432395638957756,-0.7050469241938334,1.043684508641266,314.37182426452637,0.0
1,waypoint_55,30.0,0.0432395638957756,-0.7050469241938334,1.043684508641266,0.012906711162941065,0.008279859088361263
2,waypoint_55,30.0,0.0432395638957756,-0.7050469241938334,1.043684508641266,90.88664501905441,0.0
3,waypoint_55,30.0,0.0432395638957756,-0.7050469241938334,1.043684508641266,0.004033785899082432,0.02465616539120674
4,waypoint_55,30.0,0.0432395638957756,-0.7050469241938334,1.043684508641266,0.006051853233657312,0.017305780202150345
5,waypoint_55,30.0,0.0432395638957756,-0.7050469241938334,1.043684508641266,136.51801645755768,0.0
6,waypoint_55,30.0,0.0432395638957756,-0.7050469241938334,1.043684508641266,57.86636099219322,0.0
7,waypoint_55,30.0,0.0432395638957756,-0.7050469241938334,1.043684508641266,0.018706177797866985,0.010385086759924889
8,waypoint_55,30.0,0.0432395638957756,-0.7050469241938334,1.043684508641266,415.558397769928,0.0
9,waypoint_55,30.0,0.0432395638957756,-0.7050469241938334,1.043684508641266,367.8024709224701,0.0
10,waypoint_55,30.0,0.0432395638957756,-0.7050469241938334,1.043684508641266,255.0874948501587,0.0
11,waypoint_55,30.0,0.0432395638957756,-0.7050469241938334,1.043684508641266,475.6942391395569,0.0
12,waypoint_55,30.0,0.0432395638957756,-0.7050469241938334,1.043684508641266,277.6675522327423,0.0
13,waypoint_55,30.0,0.0432395638957756,-0.7050469241938334,1.043684508641266,337.8692865371704,0.0
14,waypoint_55,30.0,0.0432395638957756,-0.7050469241938334,1.043684508641266,501.19900703430176,0.0
0,waypoint_56,30.0,0.06323956389577523,-0.7050469241938334,1.043684508641266,363.17384243011475,0.0
1,waypoint_56,30.0,0.06323956389577523,-0.7050469241938334,1.043684508641266,22.64379896223545,0.0
2,waypoint_56,30.0,0.06323956389577523,-0.7050469241938334,1.043684508641266,79.10996675491333,0.0
3,waypoint_56,30.0,0.06323956389577523,-0.7050469241938334,1.043684508641266,0.011612355592660606,0.0257358867675066
4,waypoint_56,30.0,0.06323956389577523,-0.7050469241938334,1.043684508641266,0.011640620869002305,0.018954044207930565
5,waypoint_56,30.0,0.06323956389577523,-0.7050469241938334,1.043684508641266,116.71773344278336,0.0
6,waypoint_56,30.0,0.06323956389577523,-0.7050469241938334,1.043684508641266,209.83055233955383,0.0
7,waypoint_56,30.0,0.06323956389577523,-0.7050469241938334,1.043684508641266,0.009902850251819473,0.00878975261002779
8,waypoint_56,30.0,0.06323956389577523,-0.7050469241938334,1.043684508641266,418.34965348243713,0.0
9,waypoint_56,30.0,0.06323956389577523,-0.7050469241938334,1.043684508641266,367.9996132850647,0.0
10,waypoint_56,30.0,0.06323956389577523,-0.7050469241938334,1.043684508641266,255.54287433624268,0.0
11,waypoint_56,30.0,0.06323956389577523,-0.7050469241938334,1.043684508641266,465.43294191360474,0.0
12,waypoint_56,30.0,0.06323956389577523,-0.7050469241938334,1.043684508641266,269.5167362689972,0.0
13,waypoint_56,30.0,0.06323956389577523,-0.7050469241938334,1.043684508641266,325.03312826156616,0.0
14,waypoint_56,30.0,0.06323956389577523,-0.7050469241938334,1.043684508641266,476.6477048397064,0.0
0,waypoint_56,15.0,0.06323956389577523,-0.7050469241938334,1.043684508641266,312.29305267333984,0.0
1,waypoint_56,15.0,0.06323956389577523,-0.7050469241938334,1.043684508641266,33.080749213695526,0.0
2,waypoint_56,15.0,0.06323956389577523,-0.7050469241938334,1.043684508641266,113.81106823682785,0.0
3,waypoint_56,15.0,0.06323956389577523,-0.7050469241938334,1.043684508641266,0.00442200598627096,0.027214955538511276
4,waypoint_56,15.0,0.06323956389577523,-0.7050469241938334,1.043684508641266,0.0027650387437461177,0.019259383901953697
5,waypoint_56,15.0,0.06323956389577523,-0.7050469241938334,1.043684508641266,150.48357844352722,0.0
6,waypoint_56,15.0,0.06323956389577523,-0.7050469241938334,1.043684508641266,132.73751735687256,0.0
7,waypoint_56,15.0,0.06323956389577523,-0.7050469241938334,1.043684508641266,0.003602269089242327,0.009883026592433453
8,waypoint_56,15.0,0.06323956389577523,-0.7050469241938334,1.043684508641266,437.5055134296417,0.0
9,waypoint_56,15.0,0.06323956389577523,-0.7050469241938334,1.043684508641266,391.0347521305084,0.0
10,waypoint_56,15.0,0.06323956389577523,-0.7050469241938334,1.043684508641266,264.03525471687317,0.0
11,waypoint_56,15.0,0.06323956389577523,-0.7050469241938334,1.043684508641266,493.588387966156,0.0
12,waypoint_56,15.0,0.06323956389577523,-0.7050469241938334,1.043684508641266,276.0326564311981,0.0
13,waypoint_56,15.0,0.06323956389577523,-0.7050469241938334,1.043684508641266,335.20475029945374,0.0
14,waypoint_56,15.0,0.06323956389577523,-0.7050469241938334,1.043684508641266,502.2773742675781,0.0
0,waypoint_56,0.0,0.06323956389577523,-0.7050469241938334,1.043684508641266,253.93146276474,0.0
1,waypoint_56,0.0,0.06323956389577523,-0.7050469241938334,1.043684508641266,89.52173590660095,0.0
2,waypoint_56,0.0,0.06323956389577523,-0.7050469241938334,1.043684508641266,131.70534372329712,0.0
3,waypoint_56,0.0,0.06323956389577523,-0.7050469241938334,1.043684508641266,0.004266627001925372,0.027973394840955734
4,waypoint_56,0.0,0.06323956389577523,-0.7050469241938334,1.043684508641266,0.003668955287139397,0.01928679831326008
5,waypoint_56,0.0,0.06323956389577523,-0.7050469241938334,1.043684508641266,191.19508564472198,0.0
6,waypoint_56,0.0,0.06323956389577523,-0.7050469241938334,1.043684508641266,75.99107921123505,0.0
7,waypoint_56,0.0,0.06323956389577523,-0.7050469241938334,1.043684508641266,0.0011546236464710091,0.010026704519987106
8,waypoint_56,0.0,0.06323956389577523,-0.7050469241938334,1.043684508641266,460.0992202758789,0.0
9,waypoint_56,0.0,0.06323956389577523,-0.7050469241938334,1.043684508641266,416.42963886260986,0.0
10,waypoint_56,0.0,0.06323956389577523,-0.7050469241938334,1.043684508641266,273.49671721458435,0.0
11,waypoint_56,0.0,0.06323956389577523,-0.7050469241938334,1.043684508641266,520.5873847007751,0.0
12,waypoint_56,0.0,0.06323956389577523,-0.7050469241938334,1.043684508641266,296.6659367084503,0.0
13,waypoint_56,0.0,0.06323956389577523,-0.7050469241938334,1.043684508641266,341.279000043869,0.0
14,waypoint_56,0.0,0.06323956389577523,-0.7050469241938334,1.043684508641266,507.879376411438,0.0
0,waypoint_56,-15.0,0.06323956389577523,-0.7050469241938334,1.043684508641266,267.3819363117218,0.0
1,waypoint_56,-15.0,0.06323956389577523,-0.7050469241938334,1.043684508641266,144.60894465446472,0.0
2,waypoint_56,-15.0,0.06323956389577523,-0.7050469241938334,1.043684508641266,202.61657238006592,0.0
3,waypoint_56,-15.0,0.06323956389577523,-0.7050469241938334,1.043684508641266,0.4297086561564356,0.027914278209209442
4,waypoint_56,-15.0,0.06323956389577523,-0.7050469241938334,1.043684508641266,0.42861056863330305,0.01884489320218563
5,waypoint_56,-15.0,0.06323956389577523,-0.7050469241938334,1.043684508641266,232.34155774116516,0.0
6,waypoint_56,-15.0,0.06323956389577523,-0.7050469241938334,1.043684508641266,1.2598062166944146,0.0013308001216500998
7,waypoint_56,-15.0,0.06323956389577523,-0.7050469241938334,1.043684508641266,0.4727398918475956,0.009486903436481953
8,waypoint_56,-15.0,0.06323956389577523,-0.7050469241938334,1.043684508641266,473.12337160110474,0.0
9,waypoint_56,-15.0,0.06323956389577523,-0.7050469241938334,1.043684508641266,435.18149852752686,0.0
10,waypoint_56,-15.0,0.06323956389577523,-0.7050469241938334,1.043684508641266,283.07586908340454,0.0
11,waypoint_56,-15.0,0.06323956389577523,-0.7050469241938334,1.043684508641266,550.9423017501831,0.0
12,waypoint_56,-15.0,0.06323956389577523,-0.7050469241938334,1.043684508641266,305.32217025756836,0.0
13,waypoint_56,-15.0,0.06323956389577523,-0.7050469241938334,1.043684508641266,346.46767377853394,0.0
14,waypoint_56,-15.0,0.06323956389577523,-0.7050469241938334,1.043684508641266,538.4567379951477,0.0
0,waypoint_56,-30.0,0.06323956389577523,-0.7050469241938334,1.043684508641266,229.87519204616547,0.0
1,waypoint_56,-30.0,0.06323956389577523,-0.7050469241938334,1.043684508641266,159.87896919250488,0.0
2,waypoint_56,-30.0,0.06323956389577523,-0.7050469241938334,1.043684508641266,206.23590052127838,0.0
3,waypoint_56,-30.0,0.06323956389577523,-0.7050469241938334,1.043684508641266,5.569287575781345,0.0
4,waypoint_56,-30.0,0.06323956389577523,-0.7050469241938334,1.043684508641266,7.1215457282960415,0.0
5,waypoint_56,-30.0,0.06323956389577523,-0.7050469241938334,1.043684508641266,241.76526069641113,0.0
6,waypoint_56,-30.0,0.06323956389577523,-0.7050469241938334,1.043684508641266,11.677289381623268,0.0
7,waypoint_56,-30.0,0.06323956389577523,-0.7050469241938334,1.043684508641266,16.223851591348648,0.0
8,waypoint_56,-30.0,0.06323956389577523,-0.7050469241938334,1.043684508641266,476.20344161987305,0.0
9,waypoint_56,-30.0,0.06323956389577523,-0.7050469241938334,1.043684508641266,438.8470649719238,0.0
10,waypoint_56,-30.0,0.06323956389577523,-0.7050469241938334,1.043684508641266,286.2795889377594,0.0
11,waypoint_56,-30.0,0.06323956389577523,-0.7050469241938334,1.043684508641266,557.6394200325012,0.0
12,waypoint_56,-30.0,0.06323956389577523,-0.7050469241938334,1.043684508641266,310.28011441230774,0.0
13,waypoint_56,-30.0,0.06323956389577523,-0.7050469241938334,1.043684508641266,344.83182430267334,0.0
14,waypoint_56,-30.0,0.06323956389577523,-0.7050469241938334,1.043684508641266,537.6657843589783,0.0
0,waypoint_57,-30.0,0.08323956389577541,-0.7050469241938334,1.043684508641266,179.17366325855255,0.0
1,waypoint_57,-30.0,0.08323956389577541,-0.7050469241938334,1.043684508641266,178.48379909992218,0.0
2,waypoint_57,-30.0,0.08323956389577541,-0.7050469241938334,1.043684508641266,239.54591155052185,0.0
3,waypoint_57,-30.0,0.08323956389577541,-0.7050469241938334,1.043684508641266,1.0889681288972497,0.02916405349969864
4,waypoint_57,-30.0,0.08323956389577541,-0.7050469241938334,1.043684508641266,1.1337966425344348,0.019704394042491913
5,waypoint_57,-30.0,0.08323956389577541,-0.7050469241938334,1.043684508641266,257.63773918151855,0.0
6,waypoint_57,-30.0,0.08323956389577541,-0.7050469241938334,1.043684508641266,1.3036387972533703,0.003641578834503889
7,waypoint_57,-30.0,0.08323956389577541,-0.7050469241938334,1.043684508641266,1.21531100012362,0.0062487381510436535
8,waypoint_57,-30.0,0.08323956389577541,-0.7050469241938334,1.043684508641266,488.85801434516907,0.0
9,waypoint_57,-30.0,0.08323956389577541,-0.7050469241938334,1.043684508641266,442.79706478118896,0.0
10,waypoint_57,-30.0,0.08323956389577541,-0.7050469241938334,1.043684508641266,289.98303413391113,0.0
11,waypoint_57,-30.0,0.08323956389577541,-0.7050469241938334,1.043684508641266,563.2613897323608,0.0
12,waypoint_57,-30.0,0.08323956389577541,-0.7050469241938334,1.043684508641266,309.211790561676,0.0
13,waypoint_57,-30.0,0.08323956389577541,-0.7050469241938334,1.043684508641266,339.1493558883667,0.0
14,waypoint_57,-30.0,0.08323956389577541,-0.7050469241938334,1.043684508641266,527.9207229614258,0.0
0,waypoint_57,-15.0,0.08323956389577541,-0.7050469241938334,1.043684508641266,195.16004621982574,0.0
1,waypoint_57,-15.0,0.08323956389577541,-0.7050469241938334,1.043684508641266,163.4303480386734,0.0
2,waypoint_57,-15.0,0.08323956389577541,-0.7050469241938334,1.043684508641266,236.80557310581207,0.0
3,waypoint_57,-15.0,0.08323956389577541,-0.7050469241938334,1.043684508641266,4.599437117576599,0.0
4,waypoint_57,-15.0,0.08323956389577541,-0.7050469241938334,1.043684508641266,5.836872849613428,0.0
5,waypoint_57,-15.0,0.08323956389577541,-0.7050469241938334,1.043684508641266,248.76458942890167,0.0
6,waypoint_57,-15.0,0.08323956389577541,-0.7050469241938334,1.043684508641266,11.20801828801632,0.0
7,waypoint_57,-15.0,0.08323956389577541,-0.7050469241938334,1.043684508641266,16.52216538786888,0.0
8,waypoint_57,-15.0,0.08323956389577541,-0.7050469241938334,1.043684508641266,486.1372709274292,0.0
9,waypoint_57,-15.0,0.08323956389577541,-0.7050469241938334,1.043684508641266,439.6611750125885,0.0
10,waypoint_57,-15.0,0.08323956389577541,-0.7050469241938334,1.043684508641266,287.85938024520874,0.0
11,waypoint_57,-15.0,0.08323956389577541,-0.7050469241938334,1.043684508641266,558.4324598312378,0.0
12,waypoint_57,-15.0,0.08323956389577541,-0.7050469241938334,1.043684508641266,305.9808015823364,0.0
13,waypoint_57,-15.0,0.08323956389577541,-0.7050469241938334,1.043684508641266,340.5684232711792,0.0
14,waypoint_57,-15.0,0.08323956389577541,-0.7050469241938334,1.043684508641266,528.5253524780273,0.0
0,waypoint_57,0.0,0.08323956389577541,-0.7050469241938334,1.043684508641266,236.57219111919403,0.0
1,waypoint_57,0.0,0.08323956389577541,-0.7050469241938334,1.043684508641266,66.55631214380264,0.0
2,waypoint_57,0.0,0.08323956389577541,-0.7050469241938334,1.043684508641266,126.62002444267273,0.0
3,waypoint_57,0.0,0.08323956389577541,-0.7050469241938334,1.043684508641266,0.4889309639111161,0.02957058697938919
4,waypoint_57,0.0,0.08323956389577541,-0.7050469241938334,1.043684508641266,0.5102517898194492,0.021081889048218727
5,waypoint_57,0.0,0.08323956389577541,-0.7050469241938334,1.043684508641266,175.3946989774704,0.0
6,waypoint_57,0.0,0.08323956389577541,-0.7050469241938334,1.043684508641266,0.6696387426927686,0.0025417516008019447
7,waypoint_57,0.0,0.08323956389577541,-0.7050469241938334,1.043684508641266,1.2288569705560803,0.007907925173640251
8,waypoint_57,0.0,0.08323956389577541,-0.7050469241938334,1.043684508641266,464.01554346084595,0.0
9,waypoint_57,0.0,0.08323956389577541,-0.7050469241938334,1.043684508641266,418.7891185283661,0.0
10,waypoint_57,0.0,0.08323956389577541,-0.7050469241938334,1.043684508641266,279.2249619960785,0.0
11,waypoint_57,0.0,0.08323956389577541,-0.7050469241938334,1.043684508641266,513.7423872947693,0.0
12,waypoint_57,0.0,0.08323956389577541,-0.7050469241938334,1.043684508641266,290.42336344718933,0.0
13,waypoint_57,0.0,0.08323956389577541,-0.7050469241938334,1.043684508641266,331.0994505882263,0.0
14,waypoint_57,0.0,0.08323956389577541,-0.7050469241938334,1.043684508641266,493.26056241989136,0.0
0,waypoint_57,15.0,0.08323956389577541,-0.7050469241938334,1.043684508641266,288.008451461792,0.0
1,waypoint_57,15.0,0.08323956389577541,-0.7050469241938334,1.043684508641266,52.472006529569626,0.0
2,waypoint_57,15.0,0.08323956389577541,-0.7050469241938334,1.043684508641266,122.20417708158493,0.0
3,waypoint_57,15.0,0.08323956389577541,-0.7050469241938334,1.043684508641266,6.12196559086442,0.0
4,waypoint_57,15.0,0.08323956389577541,-0.7050469241938334,1.043684508641266,7.092997897416353,0.0
5,waypoint_57,15.0,0.08323956389577541,-0.7050469241938334,1.043684508641266,165.16104340553284,0.0
6,waypoint_57,15.0,0.08323956389577541,-0.7050469241938334,1.043684508641266,5.259403493255377,0.0
7,waypoint_57,15.0,0.08323956389577541,-0.7050469241938334,1.043684508641266,16.27287082374096,0.0
8,waypoint_57,15.0,0.08323956389577541,-0.7050469241938334,1.043684508641266,459.0477645397186,0.0
9,waypoint_57,15.0,0.08323956389577541,-0.7050469241938334,1.043684508641266,412.90128231048584,0.0
10,waypoint_57,15.0,0.08323956389577541,-0.7050469241938334,1.043684508641266,275.3097712993622,0.0
11,waypoint_57,15.0,0.08323956389577541,-0.7050469241938334,1.043684508641266,506.68948888778687,0.0
12,waypoint_57,15.0,0.08323956389577541,-0.7050469241938334,1.043684508641266,286.7757976055145,0.0
13,waypoint_57,15.0,0.08323956389577541,-0.7050469241938334,1.043684508641266,332.18926191329956,0.0
14,waypoint_57,15.0,0.08323956389577541,-0.7050469241938334,1.043684508641266,489.06370997428894,0.0
0,waypoint_57,30.0,0.08323956389577541,-0.7050469241938334,1.043684508641266,357.8636348247528,0.0
1,waypoint_57,30.0,0.08323956389577541,-0.7050469241938334,1.043684508641266,156.57371282577515,0.0
2,waypoint_57,30.0,0.08323956389577541,-0.7050469241938334,1.043684508641266,64.58301842212677,0.0
3,waypoint_57,30.0,0.08323956389577541,-0.7050469241938334,1.043684508641266,0.3224742249585688,0.026624418795108795
4,waypoint_57,30.0,0.08323956389577541,-0.7050469241938334,1.043684508641266,0.3488506772555411,0.0205509252846241
5,waypoint_57,30.0,0.08323956389577541,-0.7050469241938334,1.043684508641266,97.70569205284119,0.0
6,waypoint_57,30.0,0.08323956389577541,-0.7050469241938334,1.043684508641266,1.4501821715384722,0.0030918524134904146
7,waypoint_57,30.0,0.08323956389577541,-0.7050469241938334,1.043684508641266,0.7923375233076513,0.007169038988649845
8,waypoint_57,30.0,0.08323956389577541,-0.7050469241938334,1.043684508641266,422.80393838882446,0.0
9,waypoint_57,30.0,0.08323956389577541,-0.7050469241938334,1.043684508641266,370.1445162296295,0.0
10,waypoint_57,30.0,0.08323956389577541,-0.7050469241938334,1.043684508641266,257.77047872543335,0.0
11,waypoint_57,30.0,0.08323956389577541,-0.7050469241938334,1.043684508641266,458.51439237594604,0.0
12,waypoint_57,30.0,0.08323956389577541,-0.7050469241938334,1.043684508641266,266.12234115600586,0.0
13,waypoint_57,30.0,0.08323956389577541,-0.7050469241938334,1.043684508641266,316.8967068195343,0.0
14,waypoint_57,30.0,0.08323956389577541,-0.7050469241938334,1.043684508641266,450.15501976013184,0.0
0,waypoint_58,30.0,0.10323956389577521,-0.7050469241938334,1.043684508641266,319.17858123779297,0.0
1,waypoint_58,30.0,0.10323956389577521,-0.7050469241938334,1.043684508641266,254.82505559921265,0.0
2,waypoint_58,30.0,0.10323956389577521,-0.7050469241938334,1.043684508641266,45.534368604421616,0.0
3,waypoint_58,30.0,0.10323956389577521,-0.7050469241938334,1.043684508641266,0.7982623064890504,0.02723749540746212
4,waypoint_58,30.0,0.10323956389577521,-0.7050469241938334,1.043684508641266,0.8592602680437267,0.02210494503378868
5,waypoint_58,30.0,0.10323956389577521,-0.7050469241938334,1.043684508641266,79.92992550134659,0.0
6,waypoint_58,30.0,0.10323956389577521,-0.7050469241938334,1.043684508641266,1.184756518341601,0.004898225422948599
7,waypoint_58,30.0,0.10323956389577521,-0.7050469241938334,1.043684508641266,1.1286381632089615,0.005276527721434832
8,waypoint_58,30.0,0.10323956389577521,-0.7050469241938334,1.043684508641266,427.0092844963074,0.0
9,waypoint_58,30.0,0.10323956389577521,-0.7050469241938334,1.043684508641266,372.5490868091583,0.0
10,waypoint_58,30.0,0.10323956389577521,-0.7050469241938334,1.043684508641266,261.8452310562134,0.0
11,waypoint_58,30.0,0.10323956389577521,-0.7050469241938334,1.043684508641266,448.70316982269287,0.0
12,waypoint_58,30.0,0.10323956389577521,-0.7050469241938334,1.043684508641266,258.3734095096588,0.0
13,waypoint_58,30.0,0.10323956389577521,-0.7050469241938334,1.043684508641266,310.72521209716797,0.0
14,waypoint_58,30.0,0.10323956389577521,-0.7050469241938334,1.043684508641266,434.1409504413605,0.0
0,waypoint_58,15.0,0.10323956389577521,-0.7050469241938334,1.043684508641266,340.36871790885925,0.0
1,waypoint_58,15.0,0.10323956389577521,-0.7050469241938334,1.043684508641266,291.7344868183136,0.0
2,waypoint_58,15.0,0.10323956389577521,-0.7050469241938334,1.043684508641266,64.00992721319199,0.0
3,waypoint_58,15.0,0.10323956389577521,-0.7050469241938334,1.043684508641266,6.6778333857655525,0.0
4,waypoint_58,15.0,0.10323956389577521,-0.7050469241938334,1.043684508641266,6.610317621380091,0.0
5,waypoint_58,15.0,0.10323956389577521,-0.7050469241938334,1.043684508641266,88.08192610740662,0.0
6,waypoint_58,15.0,0.10323956389577521,-0.7050469241938334,1.043684508641266,7.108450401574373,0.0
7,waypoint_58,15.0,0.10323956389577521,-0.7050469241938334,1.043684508641266,12.97452487051487,0.0
8,waypoint_58,15.0,0.10323956389577521,-0.7050469241938334,1.043684508641266,432.0600628852844,0.0
9,waypoint_58,15.0,0.10323956389577521,-0.7050469241938334,1.043684508641266,378.00097465515137,0.0
10,waypoint_58,15.0,0.10323956389577521,-0.7050469241938334,1.043684508641266,265.2171850204468,0.0
11,waypoint_58,15.0,0.10323956389577521,-0.7050469241938334,1.043684508641266,454.21960949897766,0.0
12,waypoint_58,15.0,0.10323956389577521,-0.7050469241938334,1.043684508641266,263.93866539001465,0.0
13,waypoint_58,15.0,0.10323956389577521,-0.7050469241938334,1.043684508641266,312.88737058639526,0.0
14,waypoint_58,15.0,0.10323956389577521,-0.7050469241938334,1.043684508641266,439.29728865623474,0.0
0,waypoint_58,0.0,0.10323956389577521,-0.7050469241938334,1.043684508641266,282.56693482398987,0.0
1,waypoint_58,0.0,0.10323956389577521,-0.7050469241938334,1.043684508641266,277.75946259498596,0.0
2,waypoint_58,0.0,0.10323956389577521,-0.7050469241938334,1.043684508641266,143.39835941791534,0.0
3,waypoint_58,0.0,0.10323956389577521,-0.7050469241938334,1.043684508641266,0.2533134538680315,0.031049326062202454
4,waypoint_58,0.0,0.10323956389577521,-0.7050469241938334,1.043684508641266,0.2721090568229556,0.02285882830619812
5,waypoint_58,0.0,0.10323956389577521,-0.7050469241938334,1.043684508641266,161.07358038425446,0.0
6,waypoint_58,0.0,0.10323956389577521,-0.7050469241938334,1.043684508641266,1.3638836098834872,0.004520133603364229
7,waypoint_58,0.0,0.10323956389577521,-0.7050469241938334,1.043684508641266,1.4090959448367357,0.005677708424627781
8,waypoint_58,0.0,0.10323956389577521,-0.7050469241938334,1.043684508641266,465.7786190509796,0.0
9,waypoint_58,0.0,0.10323956389577521,-0.7050469241938334,1.043684508641266,416.03851318359375,0.0
10,waypoint_58,0.0,0.10323956389577521,-0.7050469241938334,1.043684508641266,277.18043327331543,0.0
11,waypoint_58,0.0,0.10323956389577521,-0.7050469241938334,1.043684508641266,506.0102343559265,0.0
12,waypoint_58,0.0,0.10323956389577521,-0.7050469241938334,1.043684508641266,283.9626371860504,0.0
13,waypoint_58,0.0,0.10323956389577521,-0.7050469241938334,1.043684508641266,323.5616981983185,0.0
14,waypoint_58,0.0,0.10323956389577521,-0.7050469241938334,1.043684508641266,465.47412872314453,0.0
0,waypoint_58,-15.0,0.10323956389577521,-0.7050469241938334,1.043684508641266,289.07254338264465,0.0
1,waypoint_58,-15.0,0.10323956389577521,-0.7050469241938334,1.043684508641266,233.90285670757294,0.0
2,waypoint_58,-15.0,0.10323956389577521,-0.7050469241938334,1.043684508641266,151.69160068035126,0.0
3,waypoint_58,-15.0,0.10323956389577521,-0.7050469241938334,1.043684508641266,6.036130245774984,0.0
4,waypoint_58,-15.0,0.10323956389577521,-0.7050469241938334,1.043684508641266,6.9284201599657536,0.0
5,waypoint_58,-15.0,0.10323956389577521,-0.7050469241938334,1.043684508641266,171.96162045001984,0.0
6,waypoint_58,-15.0,0.10323956389577521,-0.7050469241938334,1.043684508641266,11.199833825230598,0.0
7,waypoint_58,-15.0,0.10323956389577521,-0.7050469241938334,1.043684508641266,15.489191748201847,0.0
8,waypoint_58,-15.0,0.10323956389577521,-0.7050469241938334,1.043684508641266,470.15365958213806,0.0
9,waypoint_58,-15.0,0.10323956389577521,-0.7050469241938334,1.043684508641266,420.99881172180176,0.0
10,waypoint_58,-15.0,0.10323956389577521,-0.7050469241938334,1.043684508641266,280.5456519126892,0.0
11,waypoint_58,-15.0,0.10323956389577521,-0.7050469241938334,1.043684508641266,512.9663944244385,0.0
12,waypoint_58,-15.0,0.10323956389577521,-0.7050469241938334,1.043684508641266,286.11570596694946,0.0
13,waypoint_58,-15.0,0.10323956389577521,-0.7050469241938334,1.043684508641266,326.3092637062073,0.0
14,waypoint_58,-15.0,0.10323956389577521,-0.7050469241938334,1.043684508641266,473.5284447669983,0.0
0,waypoint_58,-30.0,0.10323956389577521,-0.7050469241938334,1.043684508641266,125.0343769788742,0.0
1,waypoint_58,-30.0,0.10323956389577521,-0.7050469241938334,1.043684508641266,159.99732911586761,0.0
2,waypoint_58,-30.0,0.10323956389577521,-0.7050469241938334,1.043684508641266,243.02160739898682,0.0
3,waypoint_58,-30.0,0.10323956389577521,-0.7050469241938334,1.043684508641266,0.6124807987362146,0.031040526926517487
4,waypoint_58,-30.0,0.10323956389577521,-0.7050469241938334,1.043684508641266,0.6228254060260952,0.0214315764605999
5,waypoint_58,-30.0,0.10323956389577521,-0.7050469241938334,1.043684508641266,245.67358195781708,0.0
6,waypoint_58,-30.0,0.10323956389577521,-0.7050469241938334,1.043684508641266,1.0108599672093987,0.00518112163990736
7,waypoint_58,-30.0,0.10323956389577521,-0.7050469241938334,1.043684508641266,1.3440215261653066,0.004261254332959652
8,waypoint_58,-30.0,0.10323956389577521,-0.7050469241938334,1.043684508641266,491.9363558292389,0.0
9,waypoint_58,-30.0,0.10323956389577521,-0.7050469241938334,1.043684508641266,450.64112544059753,0.0
10,waypoint_58,-30.0,0.10323956389577521,-0.7050469241938334,1.043684508641266,290.7707691192627,0.0
11,waypoint_58,-30.0,0.10323956389577521,-0.7050469241938334,1.043684508641266,556.9499135017395,0.0
12,waypoint_58,-30.0,0.10323956389577521,-0.7050469241938334,1.043684508641266,299.9642491340637,0.0
13,waypoint_58,-30.0,0.10323956389577521,-0.7050469241938334,1.043684508641266,329.30803298950195,0.0
14,waypoint_58,-30.0,0.10323956389577521,-0.7050469241938334,1.043684508641266,505.37997484207153,0.0
0,waypoint_59,-30.0,0.12323956389577545,-0.7050469241938334,1.043684508641266,95.17526626586914,0.0
1,waypoint_59,-30.0,0.12323956389577545,-0.7050469241938334,1.043684508641266,132.16261565685272,0.0
2,waypoint_59,-30.0,0.12323956389577545,-0.7050469241938334,1.043684508641266,231.78644478321075,0.0
3,waypoint_59,-30.0,0.12323956389577545,-0.7050469241938334,1.043684508641266,1.2334835482761264,0.03306412696838379
4,waypoint_59,-30.0,0.12323956389577545,-0.7050469241938334,1.043684508641266,1.2320940149948,0.023372188210487366
5,waypoint_59,-30.0,0.12323956389577545,-0.7050469241938334,1.043684508641266,235.13978719711304,0.0
6,waypoint_59,-30.0,0.12323956389577545,-0.7050469241938334,1.043684508641266,1.2607628013938665,0.006829770747572184
7,waypoint_59,-30.0,0.12323956389577545,-0.7050469241938334,1.043684508641266,1.1417026398703456,0.0022821826860308647
8,waypoint_59,-30.0,0.12323956389577545,-0.7050469241938334,1.043684508641266,494.3999946117401,0.0
9,waypoint_59,-30.0,0.12323956389577545,-0.7050469241938334,1.043684508641266,452.48669385910034,0.0
10,waypoint_59,-30.0,0.12323956389577545,-0.7050469241938334,1.043684508641266,293.70877146720886,0.0
11,waypoint_59,-30.0,0.12323956389577545,-0.7050469241938334,1.043684508641266,547.2588539123535,0.0
12,waypoint_59,-30.0,0.12323956389577545,-0.7050469241938334,1.043684508641266,294.3630814552307,0.0
13,waypoint_59,-30.0,0.12323956389577545,-0.7050469241938334,1.043684508641266,321.6918110847473,0.0
14,waypoint_59,-30.0,0.12323956389577545,-0.7050469241938334,1.043684508641266,495.1232969760895,0.0
0,waypoint_59,-15.0,0.12323956389577545,-0.7050469241938334,1.043684508641266,56.7513182759285,0.0
1,waypoint_59,-15.0,0.12323956389577545,-0.7050469241938334,1.043684508641266,115.778349339962,0.0
2,waypoint_59,-15.0,0.12323956389577545,-0.7050469241938334,1.043684508641266,223.70077669620514,0.0
3,waypoint_59,-15.0,0.12323956389577545,-0.7050469241938334,1.043684508641266,4.289759788662195,0.0
4,waypoint_59,-15.0,0.12323956389577545,-0.7050469241938334,1.043684508641266,5.1531316712498665,0.0
5,waypoint_59,-15.0,0.12323956389577545,-0.7050469241938334,1.043684508641266,225.78735649585724,0.0
6,waypoint_59,-15.0,0.12323956389577545,-0.7050469241938334,1.043684508641266,10.422327555716038,0.0
7,waypoint_59,-15.0,0.12323956389577545,-0.7050469241938334,1.043684508641266,17.18459278345108,0.0
8,waypoint_59,-15.0,0.12323956389577545,-0.7050469241938334,1.043684508641266,492.09779500961304,0.0
9,waypoint_59,-15.0,0.12323956389577545,-0.7050469241938334,1.043684508641266,446.61107659339905,0.0
10,waypoint_59,-15.0,0.12323956389577545,-0.7050469241938334,1.043684508641266,291.86365008354187,0.0
11,waypoint_59,-15.0,0.12323956389577545,-0.7050469241938334,1.043684508641266,542.9749488830566,0.0
12,waypoint_59,-15.0,0.12323956389577545,-0.7050469241938334,1.043684508641266,293.9324378967285,0.0
13,waypoint_59,-15.0,0.12323956389577545,-0.7050469241938334,1.043684508641266,320.8961486816406,0.0
14,waypoint_59,-15.0,0.12323956389577545,-0.7050469241938334,1.043684508641266,488.36347460746765,0.0
0,waypoint_59,0.0,0.12323956389577545,-0.7050469241938334,1.043684508641266,120.46083807945251,0.0
1,waypoint_59,0.0,0.12323956389577545,-0.7050469241938334,1.043684508641266,1.612513093277812,0.0
2,waypoint_59,0.0,0.12323956389577545,-0.7050469241938334,1.043684508641266,130.81860542297363,0.0
3,waypoint_59,0.0,0.12323956389577545,-0.7050469241938334,1.043684508641266,0.4862737550865859,0.03239188343286514
4,waypoint_59,0.0,0.12323956389577545,-0.7050469241938334,1.043684508641266,0.514721788931638,0.024607829749584198
5,waypoint_59,0.0,0.12323956389577545,-0.7050469241938334,1.043684508641266,148.6181765794754,0.0
6,waypoint_59,0.0,0.12323956389577545,-0.7050469241938334,1.043684508641266,0.5445500137284398,0.0064322915859520435
7,waypoint_59,0.0,0.12323956389577545,-0.7050469241938334,1.043684508641266,1.2962005566805601,0.0036319380160421133
8,waypoint_59,0.0,0.12323956389577545,-0.7050469241938334,1.043684508641266,471.9328582286835,0.0
9,waypoint_59,0.0,0.12323956389577545,-0.7050469241938334,1.043684508641266,425.0850975513458,0.0
10,waypoint_59,0.0,0.12323956389577545,-0.7050469241938334,1.043684508641266,283.4335267543793,0.0
11,waypoint_59,0.0,0.12323956389577545,-0.7050469241938334,1.043684508641266,499.8912811279297,0.0
12,waypoint_59,0.0,0.12323956389577545,-0.7050469241938334,1.043684508641266,280.85657954216003,0.0
13,waypoint_59,0.0,0.12323956389577545,-0.7050469241938334,1.043684508641266,316.5395259857178,0.0
14,waypoint_59,0.0,0.12323956389577545,-0.7050469241938334,1.043684508641266,455.3768038749695,0.0
0,waypoint_59,15.0,0.12323956389577545,-0.7050469241938334,1.043684508641266,99.47884827852249,0.0
1,waypoint_59,15.0,0.12323956389577545,-0.7050469241938334,1.043684508641266,23.620471358299255,0.0
2,waypoint_59,15.0,0.12323956389577545,-0.7050469241938334,1.043684508641266,118.9662367105484,0.0
3,waypoint_59,15.0,0.12323956389577545,-0.7050469241938334,1.043684508641266,5.999884568154812,0.0
4,waypoint_59,15.0,0.12323956389577545,-0.7050469241938334,1.043684508641266,6.578859407454729,0.0
5,waypoint_59,15.0,0.12323956389577545,-0.7050469241938334,1.043684508641266,137.56699860095978,0.0
6,waypoint_59,15.0,0.12323956389577545,-0.7050469241938334,1.043684508641266,10.324573144316673,0.0
7,waypoint_59,15.0,0.12323956389577545,-0.7050469241938334,1.043684508641266,16.312722116708755,0.0
8,waypoint_59,15.0,0.12323956389577545,-0.7050469241938334,1.043684508641266,467.40201115608215,0.0
9,waypoint_59,15.0,0.12323956389577545,-0.7050469241938334,1.043684508641266,419.68515515327454,0.0
10,waypoint_59,15.0,0.12323956389577545,-0.7050469241938334,1.043684508641266,281.4832627773285,0.0
11,waypoint_59,15.0,0.12323956389577545,-0.7050469241938334,1.043684508641266,492.84425377845764,0.0
12,waypoint_59,15.0,0.12323956389577545,-0.7050469241938334,1.043684508641266,275.8868932723999,0.0
13,waypoint_59,15.0,0.12323956389577545,-0.7050469241938334,1.043684508641266,316.792756319046,0.0
14,waypoint_59,15.0,0.12323956389577545,-0.7050469241938334,1.043684508641266,450.9645700454712,0.0
0,waypoint_59,30.0,0.12323956389577545,-0.7050469241938334,1.043684508641266,254.2559802532196,0.0
1,waypoint_59,30.0,0.12323956389577545,-0.7050469241938334,1.043684508641266,260.25086641311646,0.0
2,waypoint_59,30.0,0.12323956389577545,-0.7050469241938334,1.043684508641266,13.252779841423035,0.0
3,waypoint_59,30.0,0.12323956389577545,-0.7050469241938334,1.043684508641266,0.3058149595744908,0.027465082705020905
4,waypoint_59,30.0,0.12323956389577545,-0.7050469241938334,1.043684508641266,0.3394048835616559,0.02342885173857212
5,waypoint_59,30.0,0.12323956389577545,-0.7050469241938334,1.043684508641266,65.23837894201279,0.0
6,waypoint_59,30.0,0.12323956389577545,-0.7050469241938334,1.043684508641266,0.6746731232851744,0.006597995292395353
7,waypoint_59,30.0,0.12323956389577545,-0.7050469241938334,1.043684508641266,0.7970542064867914,0.0036866969894617796
8,waypoint_59,30.0,0.12323956389577545,-0.7050469241938334,1.043684508641266,432.1063458919525,0.0
9,waypoint_59,30.0,0.12323956389577545,-0.7050469241938334,1.043684508641266,375.9351074695587,0.0
10,waypoint_59,30.0,0.12323956389577545,-0.7050469241938334,1.043684508641266,267.1155631542206,0.0
11,waypoint_59,30.0,0.12323956389577545,-0.7050469241938334,1.043684508641266,444.04029846191406,0.0
12,waypoint_59,30.0,0.12323956389577545,-0.7050469241938334,1.043684508641266,255.1371157169342,0.0
13,waypoint_59,30.0,0.12323956389577545,-0.7050469241938334,1.043684508641266,302.8923571109772,0.0
14,waypoint_59,30.0,0.12323956389577545,-0.7050469241938334,1.043684508641266,409.9663197994232,0.0
0,waypoint_60,30.0,0.14323956389577525,-0.7050469241938334,1.043684508641266,303.343802690506,0.0
1,waypoint_60,30.0,0.14323956389577525,-0.7050469241938334,1.043684508641266,344.47091817855835,0.0
2,waypoint_60,30.0,0.14323956389577525,-0.7050469241938334,1.043684508641266,0.015766301658004522,0.0030441172420978546
3,waypoint_60,30.0,0.14323956389577525,-0.7050469241938334,1.043684508641266,0.010566677701717708,0.027242545038461685
4,waypoint_60,30.0,0.14323956389577525,-0.7050469241938334,1.043684508641266,0.010546654266363475,0.02465640939772129
5,waypoint_60,30.0,0.14323956389577525,-0.7050469241938334,1.043684508641266,56.365951895713806,0.0
6,waypoint_60,30.0,0.14323956389577525,-0.7050469241938334,1.043684508641266,0.009809673429117538,0.008426382206380367
7,waypoint_60,30.0,0.14323956389577525,-0.7050469241938334,1.043684508641266,66.43310189247131,0.0
8,waypoint_60,30.0,0.14323956389577525,-0.7050469241938334,1.043684508641266,438.6010766029358,0.0
9,waypoint_60,30.0,0.14323956389577525,-0.7050469241938334,1.043684508641266,380.34236431121826,0.0
10,waypoint_60,30.0,0.14323956389577525,-0.7050469241938334,1.043684508641266,272.6515233516693,0.0
11,waypoint_60,30.0,0.14323956389577525,-0.7050469241938334,1.043684508641266,437.86364793777466,0.0
12,waypoint_60,30.0,0.14323956389577525,-0.7050469241938334,1.043684508641266,254.6924352645874,0.0
13,waypoint_60,30.0,0.14323956389577525,-0.7050469241938334,1.043684508641266,299.05033111572266,0.0
14,waypoint_60,30.0,0.14323956389577525,-0.7050469241938334,1.043684508641266,385.0705921649933,0.0
0,waypoint_60,15.0,0.14323956389577525,-0.7050469241938334,1.043684508641266,242.52736568450928,0.0
1,waypoint_60,15.0,0.14323956389577525,-0.7050469241938334,1.043684508641266,277.3823142051697,0.0
2,waypoint_60,15.0,0.14323956389577525,-0.7050469241938334,1.043684508641266,56.016046553850174,0.0
3,waypoint_60,15.0,0.14323956389577525,-0.7050469241938334,1.043684508641266,0.5783282686024904,0.031113401055336
4,waypoint_60,15.0,0.14323956389577525,-0.7050469241938334,1.043684508641266,0.448242062702775,0.02581067383289337
5,waypoint_60,15.0,0.14323956389577525,-0.7050469241938334,1.043684508641266,92.14341640472412,0.0
6,waypoint_60,15.0,0.14323956389577525,-0.7050469241938334,1.043684508641266,0.6847053300589323,0.008248117752373219
7,waypoint_60,15.0,0.14323956389577525,-0.7050469241938334,1.043684508641266,1.8326068529859185,0.0
8,waypoint_60,15.0,0.14323956389577525,-0.7050469241938334,1.043684508641266,454.94675636291504,0.0
9,waypoint_60,15.0,0.14323956389577525,-0.7050469241938334,1.043684508641266,399.4958996772766,0.0
10,waypoint_60,15.0,0.14323956389577525,-0.7050469241938334,1.043684508641266,279.97785806655884,0.0
11,waypoint_60,15.0,0.14323956389577525,-0.7050469241938334,1.043684508641266,464.12551403045654,0.0
12,waypoint_60,15.0,0.14323956389577525,-0.7050469241938334,1.043684508641266,262.15288043022156,0.0
13,waypoint_60,15.0,0.14323956389577525,-0.7050469241938334,1.043684508641266,306.5585196018219,0.0
14,waypoint_60,15.0,0.14323956389577525,-0.7050469241938334,1.043684508641266,408.37371349334717,0.0
0,waypoint_60,0.0,0.14323956389577525,-0.7050469241938334,1.043684508641266,286.8819236755371,0.0
1,waypoint_60,0.0,0.14323956389577525,-0.7050469241938334,1.043684508641266,241.18705093860626,0.0
2,waypoint_60,0.0,0.14323956389577525,-0.7050469241938334,1.043684508641266,105.51263391971588,0.0
3,waypoint_60,0.0,0.14323956389577525,-0.7050469241938334,1.043684508641266,0.4421887861099094,0.03354750946164131
4,waypoint_60,0.0,0.14323956389577525,-0.7050469241938334,1.043684508641266,0.39572681998834014,0.02632153406739235
5,waypoint_60,0.0,0.14323956389577525,-0.7050469241938334,1.043684508641266,138.4560614824295,0.0
6,waypoint_60,0.0,0.14323956389577525,-0.7050469241938334,1.043684508641266,0.6481098243966699,0.008329185657203197
7,waypoint_60,0.0,0.14323956389577525,-0.7050469241938334,1.043684508641266,0.9749349555931985,0.0015277829952538013
8,waypoint_60,0.0,0.14323956389577525,-0.7050469241938334,1.043684508641266,473.84801506996155,0.0
9,waypoint_60,0.0,0.14323956389577525,-0.7050469241938334,1.043684508641266,421.63383960723877,0.0
10,waypoint_60,0.0,0.14323956389577525,-0.7050469241938334,1.043684508641266,285.7230603694916,0.0
11,waypoint_60,0.0,0.14323956389577525,-0.7050469241938334,1.043684508641266,491.71122908592224,0.0
12,waypoint_60,0.0,0.14323956389577525,-0.7050469241938334,1.043684508641266,276.49080753326416,0.0
13,waypoint_60,0.0,0.14323956389577525,-0.7050469241938334,1.043684508641266,308.8551163673401,0.0
14,waypoint_60,0.0,0.14323956389577525,-0.7050469241938334,1.043684508641266,425.527423620224,0.0
0,waypoint_60,-15.0,0.14323956389577525,-0.7050469241938334,1.043684508641266,245.10546028614044,0.0
1,waypoint_60,-15.0,0.14323956389577525,-0.7050469241938334,1.043684508641266,270.1307237148285,0.0
2,waypoint_60,-15.0,0.14323956389577525,-0.7050469241938334,1.043684508641266,120.95300108194351,0.0
3,waypoint_60,-15.0,0.14323956389577525,-0.7050469241938334,1.043684508641266,5.777875427156687,0.0
4,waypoint_60,-15.0,0.14323956389577525,-0.7050469241938334,1.043684508641266,6.373417563736439,0.0
5,waypoint_60,-15.0,0.14323956389577525,-0.7050469241938334,1.043684508641266,150.01073479652405,0.0
6,waypoint_60,-15.0,0.14323956389577525,-0.7050469241938334,1.043684508641266,10.40742639452219,0.0
7,waypoint_60,-15.0,0.14323956389577525,-0.7050469241938334,1.043684508641266,9.611286222934723,0.0
8,waypoint_60,-15.0,0.14323956389577525,-0.7050469241938334,1.043684508641266,477.8347611427307,0.0
9,waypoint_60,-15.0,0.14323956389577525,-0.7050469241938334,1.043684508641266,426.71656608581543,0.0
10,waypoint_60,-15.0,0.14323956389577525,-0.7050469241938334,1.043684508641266,288.3903980255127,0.0
11,waypoint_60,-15.0,0.14323956389577525,-0.7050469241938334,1.043684508641266,498.75760078430176,0.0
12,waypoint_60,-15.0,0.14323956389577525,-0.7050469241938334,1.043684508641266,279.38535809516907,0.0
13,waypoint_60,-15.0,0.14323956389577525,-0.7050469241938334,1.043684508641266,311.19832396507263,0.0
14,waypoint_60,-15.0,0.14323956389577525,-0.7050469241938334,1.043684508641266,433.300644159317,0.0
0,waypoint_60,-30.0,0.14323956389577525,-0.7050469241938334,1.043684508641266,260.2849304676056,0.0
1,waypoint_60,-30.0,0.14323956389577525,-0.7050469241938334,1.043684508641266,99.78621453046799,0.0
2,waypoint_60,-30.0,0.14323956389577525,-0.7050469241938334,1.043684508641266,218.4479534626007,0.0
3,waypoint_60,-30.0,0.14323956389577525,-0.7050469241938334,1.043684508641266,0.6757735391147435,0.03484729677438736
4,waypoint_60,-30.0,0.14323956389577525,-0.7050469241938334,1.043684508641266,0.6690180744044483,0.025187375023961067
5,waypoint_60,-30.0,0.14323956389577525,-0.7050469241938334,1.043684508641266,226.14583373069763,0.0
6,waypoint_60,-30.0,0.14323956389577525,-0.7050469241938334,1.043684508641266,0.788018514867872,0.008328231051564217
7,waypoint_60,-30.0,0.14323956389577525,-0.7050469241938334,1.043684508641266,1.218669698573649,0.0009502981556579471
8,waypoint_60,-30.0,0.14323956389577525,-0.7050469241938334,1.043684508641266,497.77254462242126,0.0
9,waypoint_60,-30.0,0.14323956389577525,-0.7050469241938334,1.043684508641266,452.01465487480164,0.0
10,waypoint_60,-30.0,0.14323956389577525,-0.7050469241938334,1.043684508641266,296.57015204429626,0.0
11,waypoint_60,-30.0,0.14323956389577525,-0.7050469241938334,1.043684508641266,540.4289364814758,0.0
12,waypoint_60,-30.0,0.14323956389577525,-0.7050469241938334,1.043684508641266,292.054146528244,0.0
13,waypoint_60,-30.0,0.14323956389577525,-0.7050469241938334,1.043684508641266,317.46768951416016,0.0
14,waypoint_60,-30.0,0.14323956389577525,-0.7050469241938334,1.043684508641266,459.6695899963379,0.0
0,waypoint_61,-30.0,-0.03676043610422386,-0.6888739146935746,1.0242258486310418,0.5035835201852024,0.04310911148786545
1,waypoint_61,-30.0,-0.03676043610422386,-0.6888739146935746,1.0242258486310418,359.3905568122864,0.0
2,waypoint_61,-30.0,-0.03676043610422386,-0.6888739146935746,1.0242258486310418,355.92374205589294,0.0
3,waypoint_61,-30.0,-0.03676043610422386,-0.6888739146935746,1.0242258486310418,1.452960423193872,0.01705981232225895
4,waypoint_61,-30.0,-0.03676043610422386,-0.6888739146935746,1.0242258486310418,0.6862476002424955,0.009373915381729603
5,waypoint_61,-30.0,-0.03676043610422386,-0.6888739146935746,1.0242258486310418,353.93399000167847,0.0
6,waypoint_61,-30.0,-0.03676043610422386,-0.6888739146935746,1.0242258486310418,0.21646807726938277,0.008169225417077541
7,waypoint_61,-30.0,-0.03676043610422386,-0.6888739146935746,1.0242258486310418,0.39593596011400223,0.020197514444589615
8,waypoint_61,-30.0,-0.03676043610422386,-0.6888739146935746,1.0242258486310418,494.5835471153259,0.0
9,waypoint_61,-30.0,-0.03676043610422386,-0.6888739146935746,1.0242258486310418,480.24842143058777,0.0
10,waypoint_61,-30.0,-0.03676043610422386,-0.6888739146935746,1.0242258486310418,293.69112849235535,0.0
11,waypoint_61,-30.0,-0.03676043610422386,-0.6888739146935746,1.0242258486310418,645.2276706695557,0.0
12,waypoint_61,-30.0,-0.03676043610422386,-0.6888739146935746,1.0242258486310418,359.89752411842346,0.0
13,waypoint_61,-30.0,-0.03676043610422386,-0.6888739146935746,1.0242258486310418,401.1106491088867,0.0
14,waypoint_61,-30.0,-0.03676043610422386,-0.6888739146935746,1.0242258486310418,615.119993686676,0.0
0,waypoint_61,-15.0,-0.03676043610422386,-0.6888739146935746,1.0242258486310418,3.957184962928295,0.0
1,waypoint_61,-15.0,-0.03676043610422386,-0.6888739146935746,1.0242258486310418,356.65762424468994,0.0
2,waypoint_61,-15.0,-0.03676043610422386,-0.6888739146935746,1.0242258486310418,352.885901927948,0.0
3,waypoint_61,-15.0,-0.03676043610422386,-0.6888739146935746,1.0242258486310418,5.534910596907139,0.0
4,waypoint_61,-15.0,-0.03676043610422386,-0.6888739146935746,1.0242258486310418,8.739324286580086,0.0
5,waypoint_61,-15.0,-0.03676043610422386,-0.6888739146935746,1.0242258486310418,346.0545539855957,0.0
6,waypoint_61,-15.0,-0.03676043610422386,-0.6888739146935746,1.0242258486310418,17.56526157259941,0.0
7,waypoint_61,-15.0,-0.03676043610422386,-0.6888739146935746,1.0242258486310418,19.403472542762756,0.0
8,waypoint_61,-15.0,-0.03676043610422386,-0.6888739146935746,1.0242258486310418,491.08046293258667,0.0
9,waypoint_61,-15.0,-0.03676043610422386,-0.6888739146935746,1.0242258486310418,476.25166177749634,0.0
10,waypoint_61,-15.0,-0.03676043610422386,-0.6888739146935746,1.0242258486310418,291.04605317115784,0.0
11,waypoint_61,-15.0,-0.03676043610422386,-0.6888739146935746,1.0242258486310418,638.81516456604,0.0
12,waypoint_61,-15.0,-0.03676043610422386,-0.6888739146935746,1.0242258486310418,355.90896010398865,0.0
13,waypoint_61,-15.0,-0.03676043610422386,-0.6888739146935746,1.0242258486310418,399.9515175819397,0.0
14,waypoint_61,-15.0,-0.03676043610422386,-0.6888739146935746,1.0242258486310418,609.9854707717896,0.0
0,waypoint_61,0.0,-0.03676043610422386,-0.6888739146935746,1.0242258486310418,0.41266257176175714,0.0362633541226387
1,waypoint_61,0.0,-0.03676043610422386,-0.6888739146935746,1.0242258486310418,301.99769139289856,0.0
2,waypoint_61,0.0,-0.03676043610422386,-0.6888739146935746,1.0242258486310418,302.56444215774536,0.0
3,waypoint_61,0.0,-0.03676043610422386,-0.6888739146935746,1.0242258486310418,0.5574522074311972,0.019081732258200645
4,waypoint_61,0.0,-0.03676043610422386,-0.6888739146935746,1.0242258486310418,0.5705092335119843,0.010106682777404785
5,waypoint_61,0.0,-0.03676043610422386,-0.6888739146935746,1.0242258486310418,283.3966016769409,0.0
6,waypoint_61,0.0,-0.03676043610422386,-0.6888739146935746,1.0242258486310418,1.234649564139545,0.00993738230317831
7,waypoint_61,0.0,-0.03676043610422386,-0.6888739146935746,1.0242258486310418,0.9917563293129206,0.020906414836645126
8,waypoint_61,0.0,-0.03676043610422386,-0.6888739146935746,1.0242258486310418,471.5113341808319,0.0
9,waypoint_61,0.0,-0.03676043610422386,-0.6888739146935746,1.0242258486310418,441.1620795726776,0.0
10,waypoint_61,0.0,-0.03676043610422386,-0.6888739146935746,1.0242258486310418,277.56890654563904,0.0
11,waypoint_61,0.0,-0.03676043610422386,-0.6888739146935746,1.0242258486310418,583.0729603767395,0.0
12,waypoint_61,0.0,-0.03676043610422386,-0.6888739146935746,1.0242258486310418,333.84403586387634,0.0
13,waypoint_61,0.0,-0.03676043610422386,-0.6888739146935746,1.0242258486310418,394.745796918869,0.0
14,waypoint_61,0.0,-0.03676043610422386,-0.6888739146935746,1.0242258486310418,581.6208720207214,0.0
0,waypoint_61,15.0,-0.03676043610422386,-0.6888739146935746,1.0242258486310418,6.135138217359781,0.0
1,waypoint_61,15.0,-0.03676043610422386,-0.6888739146935746,1.0242258486310418,303.82058024406433,0.0
2,waypoint_61,15.0,-0.03676043610422386,-0.6888739146935746,1.0242258486310418,302.93524265289307,0.0
3,waypoint_61,15.0,-0.03676043610422386,-0.6888739146935746,1.0242258486310418,7.320939563214779,0.0
4,waypoint_61,15.0,-0.03676043610422386,-0.6888739146935746,1.0242258486310418,9.500164538621902,0.0
5,waypoint_61,15.0,-0.03676043610422386,-0.6888739146935746,1.0242258486310418,274.91554617881775,0.0
6,waypoint_61,15.0,-0.03676043610422386,-0.6888739146935746,1.0242258486310418,16.668042168021202,0.0
7,waypoint_61,15.0,-0.03676043610422386,-0.6888739146935746,1.0242258486310418,17.554499208927155,0.0
8,waypoint_61,15.0,-0.03676043610422386,-0.6888739146935746,1.0242258486310418,465.9379720687866,0.0
9,waypoint_61,15.0,-0.03676043610422386,-0.6888739146935746,1.0242258486310418,426.98001861572266,0.0
10,waypoint_61,15.0,-0.03676043610422386,-0.6888739146935746,1.0242258486310418,275.65881609916687,0.0
11,waypoint_61,15.0,-0.03676043610422386,-0.6888739146935746,1.0242258486310418,576.7080187797546,0.0
12,waypoint_61,15.0,-0.03676043610422386,-0.6888739146935746,1.0242258486310418,331.22679591178894,0.0
13,waypoint_61,15.0,-0.03676043610422386,-0.6888739146935746,1.0242258486310418,394.147127866745,0.0
14,waypoint_61,15.0,-0.03676043610422386,-0.6888739146935746,1.0242258486310418,575.8610963821411,0.0
0,waypoint_61,30.0,-0.03676043610422386,-0.6888739146935746,1.0242258486310418,0.22744944726582617,0.015443745069205761
1,waypoint_61,30.0,-0.03676043610422386,-0.6888739146935746,1.0242258486310418,109.80766266584396,0.0
2,waypoint_61,30.0,-0.03676043610422386,-0.6888739146935746,1.0242258486310418,278.43692898750305,0.0
3,waypoint_61,30.0,-0.03676043610422386,-0.6888739146935746,1.0242258486310418,0.35768921952694654,0.019502690061926842
4,waypoint_61,30.0,-0.03676043610422386,-0.6888739146935746,1.0242258486310418,0.42926918831653893,0.010472048074007034
5,waypoint_61,30.0,-0.03676043610422386,-0.6888739146935746,1.0242258486310418,219.33114528656006,0.0
6,waypoint_61,30.0,-0.03676043610422386,-0.6888739146935746,1.0242258486310418,0.5063280113972723,0.009433231316506863
7,waypoint_61,30.0,-0.03676043610422386,-0.6888739146935746,1.0242258486310418,0.5825165426358581,0.016989832744002342
8,waypoint_61,30.0,-0.03676043610422386,-0.6888739146935746,1.0242258486310418,418.1533753871918,0.0
9,waypoint_61,30.0,-0.03676043610422386,-0.6888739146935746,1.0242258486310418,371.80614471435547,0.0
10,waypoint_61,30.0,-0.03676043610422386,-0.6888739146935746,1.0242258486310418,248.41542541980743,0.0
11,waypoint_61,30.0,-0.03676043610422386,-0.6888739146935746,1.0242258486310418,529.3180346488953,0.0
12,waypoint_61,30.0,-0.03676043610422386,-0.6888739146935746,1.0242258486310418,309.2215359210968,0.0
13,waypoint_61,30.0,-0.03676043610422386,-0.6888739146935746,1.0242258486310418,374.23864006996155,0.0
14,waypoint_61,30.0,-0.03676043610422386,-0.6888739146935746,1.0242258486310418,535.8508229255676,0.0
0,waypoint_62,30.0,-0.016760436104224286,-0.6888739146935746,1.0242258486310418,3.3075534738600254,0.0
1,waypoint_62,30.0,-0.016760436104224286,-0.6888739146935746,1.0242258486310418,97.09327667951584,0.0
2,waypoint_62,30.0,-0.016760436104224286,-0.6888739146935746,1.0242258486310418,231.21382296085358,0.0
3,waypoint_62,30.0,-0.016760436104224286,-0.6888739146935746,1.0242258486310418,0.8887260337360203,0.021266259253025055
4,waypoint_62,30.0,-0.016760436104224286,-0.6888739146935746,1.0242258486310418,0.9563962230458856,0.012420660816133022
5,waypoint_62,30.0,-0.016760436104224286,-0.6888739146935746,1.0242258486310418,198.4632909297943,0.0
6,waypoint_62,30.0,-0.016760436104224286,-0.6888739146935746,1.0242258486310418,1.1598070850595832,0.0074136327020823956
7,waypoint_62,30.0,-0.016760436104224286,-0.6888739146935746,1.0242258486310418,1.158074359409511,0.015697306022047997
8,waypoint_62,30.0,-0.016760436104224286,-0.6888739146935746,1.0242258486310418,417.16134548187256,0.0
9,waypoint_62,30.0,-0.016760436104224286,-0.6888739146935746,1.0242258486310418,369.30200457572937,0.0
10,waypoint_62,30.0,-0.016760436104224286,-0.6888739146935746,1.0242258486310418,246.20407819747925,0.0
11,waypoint_62,30.0,-0.016760436104224286,-0.6888739146935746,1.0242258486310418,516.6494250297546,0.0
12,waypoint_62,30.0,-0.016760436104224286,-0.6888739146935746,1.0242258486310418,296.8725264072418,0.0
13,waypoint_62,30.0,-0.016760436104224286,-0.6888739146935746,1.0242258486310418,360.6300950050354,0.0
14,waypoint_62,30.0,-0.016760436104224286,-0.6888739146935746,1.0242258486310418,519.0431475639343,0.0
0,waypoint_62,15.0,-0.016760436104224286,-0.6888739146935746,1.0242258486310418,3.5171308554708958,0.0
1,waypoint_62,15.0,-0.016760436104224286,-0.6888739146935746,1.0242258486310418,103.88857871294022,0.0
2,waypoint_62,15.0,-0.016760436104224286,-0.6888739146935746,1.0242258486310418,228.539377450943,0.0
3,waypoint_62,15.0,-0.016760436104224286,-0.6888739146935746,1.0242258486310418,6.59266347065568,0.0
4,waypoint_62,15.0,-0.016760436104224286,-0.6888739146935746,1.0242258486310418,7.297765929251909,0.0
5,waypoint_62,15.0,-0.016760436104224286,-0.6888739146935746,1.0242258486310418,204.67500388622284,0.0
6,waypoint_62,15.0,-0.016760436104224286,-0.6888739146935746,1.0242258486310418,12.987067922949791,0.0
7,waypoint_62,15.0,-0.016760436104224286,-0.6888739146935746,1.0242258486310418,13.870651833713055,0.0
8,waypoint_62,15.0,-0.016760436104224286,-0.6888739146935746,1.0242258486310418,422.9787588119507,0.0
9,waypoint_62,15.0,-0.016760436104224286,-0.6888739146935746,1.0242258486310418,376.2243390083313,0.0
10,waypoint_62,15.0,-0.016760436104224286,-0.6888739146935746,1.0242258486310418,248.84183704853058,0.0
11,waypoint_62,15.0,-0.016760436104224286,-0.6888739146935746,1.0242258486310418,521.919846534729,0.0
12,waypoint_62,15.0,-0.016760436104224286,-0.6888739146935746,1.0242258486310418,300.39629340171814,0.0
13,waypoint_62,15.0,-0.016760436104224286,-0.6888739146935746,1.0242258486310418,362.1160089969635,0.0
14,waypoint_62,15.0,-0.016760436104224286,-0.6888739146935746,1.0242258486310418,524.0727066993713,0.0
0,waypoint_62,0.0,-0.016760436104224286,-0.6888739146935746,1.0242258486310418,0.652159214951098,0.034457363188266754
1,waypoint_62,0.0,-0.016760436104224286,-0.6888739146935746,1.0242258486310418,164.78228569030762,0.0
2,waypoint_62,0.0,-0.016760436104224286,-0.6888739146935746,1.0242258486310418,280.4841101169586,0.0
3,waypoint_62,0.0,-0.016760436104224286,-0.6888739146935746,1.0242258486310418,0.4109728033654392,0.02089652046561241
4,waypoint_62,0.0,-0.016760436104224286,-0.6888739146935746,1.0242258486310418,0.5220962921157479,0.011920932680368423
5,waypoint_62,0.0,-0.016760436104224286,-0.6888739146935746,1.0242258486310418,263.6371850967407,0.0
6,waypoint_62,0.0,-0.016760436104224286,-0.6888739146935746,1.0242258486310418,0.961613142862916,0.007651995401829481
7,waypoint_62,0.0,-0.016760436104224286,-0.6888739146935746,1.0242258486310418,0.8475980721414089,0.01867680996656418
8,waypoint_62,0.0,-0.016760436104224286,-0.6888739146935746,1.0242258486310418,463.4528160095215,0.0
9,waypoint_62,0.0,-0.016760436104224286,-0.6888739146935746,1.0242258486310418,420.6086993217468,0.0
10,waypoint_62,0.0,-0.016760436104224286,-0.6888739146935746,1.0242258486310418,265.1905119419098,0.0
11,waypoint_62,0.0,-0.016760436104224286,-0.6888739146935746,1.0242258486310418,571.1195468902588,0.0
12,waypoint_62,0.0,-0.016760436104224286,-0.6888739146935746,1.0242258486310418,320.7690119743347,0.0
13,waypoint_62,0.0,-0.016760436104224286,-0.6888739146935746,1.0242258486310418,373.00488352775574,0.0
14,waypoint_62,0.0,-0.016760436104224286,-0.6888739146935746,1.0242258486310418,560.1165890693665,0.0
0,waypoint_62,-15.0,-0.016760436104224286,-0.6888739146935746,1.0242258486310418,6.3048722222447395,0.0
1,waypoint_62,-15.0,-0.016760436104224286,-0.6888739146935746,1.0242258486310418,168.73326897621155,0.0
2,waypoint_62,-15.0,-0.016760436104224286,-0.6888739146935746,1.0242258486310418,275.1535475254059,0.0
3,waypoint_62,-15.0,-0.016760436104224286,-0.6888739146935746,1.0242258486310418,7.150358520448208,0.0
4,waypoint_62,-15.0,-0.016760436104224286,-0.6888739146935746,1.0242258486310418,9.369666688144207,0.0
5,waypoint_62,-15.0,-0.016760436104224286,-0.6888739146935746,1.0242258486310418,272.5672125816345,0.0
6,waypoint_62,-15.0,-0.016760436104224286,-0.6888739146935746,1.0242258486310418,15.622440725564957,0.0
7,waypoint_62,-15.0,-0.016760436104224286,-0.6888739146935746,1.0242258486310418,16.963867470622063,0.0
8,waypoint_62,-15.0,-0.016760436104224286,-0.6888739146935746,1.0242258486310418,469.1578447818756,0.0
9,waypoint_62,-15.0,-0.016760436104224286,-0.6888739146935746,1.0242258486310418,427.9535412788391,0.0
10,waypoint_62,-15.0,-0.016760436104224286,-0.6888739146935746,1.0242258486310418,268.2846188545227,0.0
11,waypoint_62,-15.0,-0.016760436104224286,-0.6888739146935746,1.0242258486310418,578.6081552505493,0.0
12,waypoint_62,-15.0,-0.016760436104224286,-0.6888739146935746,1.0242258486310418,324.0596055984497,0.0
13,waypoint_62,-15.0,-0.016760436104224286,-0.6888739146935746,1.0242258486310418,372.64013290405273,0.0
14,waypoint_62,-15.0,-0.016760436104224286,-0.6888739146935746,1.0242258486310418,564.0844702720642,0.0
0,waypoint_62,-30.0,-0.016760436104224286,-0.6888739146935746,1.0242258486310418,0.5435554776340723,0.04346594214439392
1,waypoint_62,-30.0,-0.016760436104224286,-0.6888739146935746,1.0242258486310418,253.10662388801575,0.0
2,waypoint_62,-30.0,-0.016760436104224286,-0.6888739146935746,1.0242258486310418,301.6233742237091,0.0
3,waypoint_62,-30.0,-0.016760436104224286,-0.6888739146935746,1.0242258486310418,0.6196440081112087,0.018712535500526428
4,waypoint_62,-30.0,-0.016760436104224286,-0.6888739146935746,1.0242258486310418,0.6182250799611211,0.01081066858023405
5,waypoint_62,-30.0,-0.016760436104224286,-0.6888739146935746,1.0242258486310418,336.637943983078,0.0
6,waypoint_62,-30.0,-0.016760436104224286,-0.6888739146935746,1.0242258486310418,1.3863422209396958,0.005977564491331577
7,waypoint_62,-30.0,-0.016760436104224286,-0.6888739146935746,1.0242258486310418,1.1753876460716128,0.017653880640864372
8,waypoint_62,-30.0,-0.016760436104224286,-0.6888739146935746,1.0242258486310418,494.0301477909088,0.0
9,waypoint_62,-30.0,-0.016760436104224286,-0.6888739146935746,1.0242258486310418,453.47461104393005,0.0
10,waypoint_62,-30.0,-0.016760436104224286,-0.6888739146935746,1.0242258486310418,292.17904806137085,0.0
11,waypoint_62,-30.0,-0.016760436104224286,-0.6888739146935746,1.0242258486310418,630.7746767997742,0.0
12,waypoint_62,-30.0,-0.016760436104224286,-0.6888739146935746,1.0242258486310418,342.31358766555786,0.0
13,waypoint_62,-30.0,-0.016760436104224286,-0.6888739146935746,1.0242258486310418,389.00214433670044,0.0
14,waypoint_62,-30.0,-0.016760436104224286,-0.6888739146935746,1.0242258486310418,601.8038392066956,0.0
0,waypoint_63,-30.0,0.00323956389577551,-0.6888739146935746,1.0242258486310418,1.2019521091133356,0.043125227093696594
1,waypoint_63,-30.0,0.00323956389577551,-0.6888739146935746,1.0242258486310418,248.81678819656372,0.0
2,waypoint_63,-30.0,0.00323956389577551,-0.6888739146935746,1.0242258486310418,302.8699457645416,0.0
3,waypoint_63,-30.0,0.00323956389577551,-0.6888739146935746,1.0242258486310418,1.135369180701673,0.0205844696611166
4,waypoint_63,-30.0,0.00323956389577551,-0.6888739146935746,1.0242258486310418,1.1327837128192186,0.012341746129095554
5,waypoint_63,-30.0,0.00323956389577551,-0.6888739146935746,1.0242258486310418,319.8806941509247,0.0
6,waypoint_63,-30.0,0.00323956389577551,-0.6888739146935746,1.0242258486310418,1.152170356363058,0.003864358412101865
7,waypoint_63,-30.0,0.00323956389577551,-0.6888739146935746,1.0242258486310418,1.2283552205190063,0.015046663582324982
8,waypoint_63,-30.0,0.00323956389577551,-0.6888739146935746,1.0242258486310418,491.6824996471405,0.0
9,waypoint_63,-30.0,0.00323956389577551,-0.6888739146935746,1.0242258486310418,448.8857388496399,0.0
10,waypoint_63,-30.0,0.00323956389577551,-0.6888739146935746,1.0242258486310418,284.85381603240967,0.0
11,waypoint_63,-30.0,0.00323956389577551,-0.6888739146935746,1.0242258486310418,616.9464588165283,0.0
12,waypoint_63,-30.0,0.00323956389577551,-0.6888739146935746,1.0242258486310418,330.169677734375,0.0
13,waypoint_63,-30.0,0.00323956389577551,-0.6888739146935746,1.0242258486310418,374.7008144855499,0.0
14,waypoint_63,-30.0,0.00323956389577551,-0.6888739146935746,1.0242258486310418,587.6591205596924,0.0
0,waypoint_63,-15.0,0.00323956389577551,-0.6888739146935746,1.0242258486310418,4.072695039212704,0.0
1,waypoint_63,-15.0,0.00323956389577551,-0.6888739146935746,1.0242258486310418,240.96834659576416,0.0
2,waypoint_63,-15.0,0.00323956389577551,-0.6888739146935746,1.0242258486310418,298.0523407459259,0.0
3,waypoint_63,-15.0,0.00323956389577551,-0.6888739146935746,1.0242258486310418,5.37716643884778,0.0
4,waypoint_63,-15.0,0.00323956389577551,-0.6888739146935746,1.0242258486310418,7.589200511574745,0.0
5,waypoint_63,-15.0,0.00323956389577551,-0.6888739146935746,1.0242258486310418,311.4851117134094,0.0
6,waypoint_63,-15.0,0.00323956389577551,-0.6888739146935746,1.0242258486310418,17.175612971186638,0.0
7,waypoint_63,-15.0,0.00323956389577551,-0.6888739146935746,1.0242258486310418,18.80006492137909,0.0
8,waypoint_63,-15.0,0.00323956389577551,-0.6888739146935746,1.0242258486310418,488.4529113769531,0.0
9,waypoint_63,-15.0,0.00323956389577551,-0.6888739146935746,1.0242258486310418,445.33565640449524,0.0
10,waypoint_63,-15.0,0.00323956389577551,-0.6888739146935746,1.0242258486310418,284.4136655330658,0.0
11,waypoint_63,-15.0,0.00323956389577551,-0.6888739146935746,1.0242258486310418,611.5344762802124,0.0
12,waypoint_63,-15.0,0.00323956389577551,-0.6888739146935746,1.0242258486310418,330.0592303276062,0.0
13,waypoint_63,-15.0,0.00323956389577551,-0.6888739146935746,1.0242258486310418,375.95292925834656,0.0
14,waypoint_63,-15.0,0.00323956389577551,-0.6888739146935746,1.0242258486310418,587.5751972198486,0.0
0,waypoint_63,0.0,0.00323956389577551,-0.6888739146935746,1.0242258486310418,0.3734965284820646,0.030991367995738983
1,waypoint_63,0.0,0.00323956389577551,-0.6888739146935746,1.0242258486310418,156.0298353433609,0.0
2,waypoint_63,0.0,0.00323956389577551,-0.6888739146935746,1.0242258486310418,262.3220682144165,0.0
3,waypoint_63,0.0,0.00323956389577551,-0.6888739146935746,1.0242258486310418,0.5357876652851701,0.02269623428583145
4,waypoint_63,0.0,0.00323956389577551,-0.6888739146935746,1.0242258486310418,0.5563139566220343,0.013699410483241081
5,waypoint_63,0.0,0.00323956389577551,-0.6888739146935746,1.0242258486310418,244.33240294456482,0.0
6,waypoint_63,0.0,0.00323956389577551,-0.6888739146935746,1.0242258486310418,1.271889079362154,0.005570190493017435
7,waypoint_63,0.0,0.00323956389577551,-0.6888739146935746,1.0242258486310418,1.0516783222556114,0.016622595489025116
8,waypoint_63,0.0,0.00323956389577551,-0.6888739146935746,1.0242258486310418,467.57829189300537,0.0
9,waypoint_63,0.0,0.00323956389577551,-0.6888739146935746,1.0242258486310418,420.6226170063019,0.0
10,waypoint_63,0.0,0.00323956389577551,-0.6888739146935746,1.0242258486310418,263.6493742465973,0.0
11,waypoint_63,0.0,0.00323956389577551,-0.6888739146935746,1.0242258486310418,562.5401735305786,0.0
12,waypoint_63,0.0,0.00323956389577551,-0.6888739146935746,1.0242258486310418,309.73586440086365,0.0
13,waypoint_63,0.0,0.00323956389577551,-0.6888739146935746,1.0242258486310418,369.3186938762665,0.0
14,waypoint_63,0.0,0.00323956389577551,-0.6888739146935746,1.0242258486310418,552.7406930923462,0.0
0,waypoint_63,15.0,0.00323956389577551,-0.6888739146935746,1.0242258486310418,6.415239535272121,0.0
1,waypoint_63,15.0,0.00323956389577551,-0.6888739146935746,1.0242258486310418,152.08759903907776,0.0
2,waypoint_63,15.0,0.00323956389577551,-0.6888739146935746,1.0242258486310418,271.0850238800049,0.0
3,waypoint_63,15.0,0.00323956389577551,-0.6888739146935746,1.0242258486310418,6.670508533716202,0.0
4,waypoint_63,15.0,0.00323956389577551,-0.6888739146935746,1.0242258486310418,8.527576923370361,0.0
5,waypoint_63,15.0,0.00323956389577551,-0.6888739146935746,1.0242258486310418,235.32918095588684,0.0
6,waypoint_63,15.0,0.00323956389577551,-0.6888739146935746,1.0242258486310418,16.27996377646923,0.0
7,waypoint_63,15.0,0.00323956389577551,-0.6888739146935746,1.0242258486310418,17.261885106563568,0.0
8,waypoint_63,15.0,0.00323956389577551,-0.6888739146935746,1.0242258486310418,461.96800470352173,0.0
9,waypoint_63,15.0,0.00323956389577551,-0.6888739146935746,1.0242258486310418,413.8790965080261,0.0
10,waypoint_63,15.0,0.00323956389577551,-0.6888739146935746,1.0242258486310418,260.76215505599976,0.0
11,waypoint_63,15.0,0.00323956389577551,-0.6888739146935746,1.0242258486310418,555.4181337356567,0.0
12,waypoint_63,15.0,0.00323956389577551,-0.6888739146935746,1.0242258486310418,305.0965368747711,0.0
13,waypoint_63,15.0,0.00323956389577551,-0.6888739146935746,1.0242258486310418,366.70443415641785,0.0
14,waypoint_63,15.0,0.00323956389577551,-0.6888739146935746,1.0242258486310418,545.6415414810181,0.0
0,waypoint_63,30.0,0.00323956389577551,-0.6888739146935746,1.0242258486310418,114.82585966587067,0.0
1,waypoint_63,30.0,0.00323956389577551,-0.6888739146935746,1.0242258486310418,82.80396461486816,0.0
2,waypoint_63,30.0,0.00323956389577551,-0.6888739146935746,1.0242258486310418,192.09478795528412,0.0
3,waypoint_63,30.0,0.00323956389577551,-0.6888739146935746,1.0242258486310418,0.360725010978058,0.02282264269888401
4,waypoint_63,30.0,0.00323956389577551,-0.6888739146935746,1.0242258486310418,0.38415391463786364,0.01417013630270958
5,waypoint_63,30.0,0.00323956389577551,-0.6888739146935746,1.0242258486310418,177.8833419084549,0.0
6,waypoint_63,30.0,0.00323956389577551,-0.6888739146935746,1.0242258486310418,0.32651133369654417,0.005702243186533451
7,waypoint_63,30.0,0.00323956389577551,-0.6888739146935746,1.0242258486310418,0.5651756655424833,0.014494390226900578
8,waypoint_63,30.0,0.00323956389577551,-0.6888739146935746,1.0242258486310418,415.3364896774292,0.0
9,waypoint_63,30.0,0.00323956389577551,-0.6888739146935746,1.0242258486310418,370.6508278846741,0.0
10,waypoint_63,30.0,0.00323956389577551,-0.6888739146935746,1.0242258486310418,240.30649662017822,0.0
11,waypoint_63,30.0,0.00323956389577551,-0.6888739146935746,1.0242258486310418,508.99243354797363,0.0
12,waypoint_63,30.0,0.00323956389577551,-0.6888739146935746,1.0242258486310418,286.38049960136414,0.0
13,waypoint_63,30.0,0.00323956389577551,-0.6888739146935746,1.0242258486310418,346.28063440322876,0.0
14,waypoint_63,30.0,0.00323956389577551,-0.6888739146935746,1.0242258486310418,510.04719734191895,0.0
0,waypoint_64,30.0,0.023239563895776028,-0.6888739146935746,1.0242258486310418,338.27081322669983,0.0
1,waypoint_64,30.0,0.023239563895776028,-0.6888739146935746,1.0242258486310418,64.57211077213287,0.0
2,waypoint_64,30.0,0.023239563895776028,-0.6888739146935746,1.0242258486310418,124.76027756929398,0.0
3,waypoint_64,30.0,0.023239563895776028,-0.6888739146935746,1.0242258486310418,0.8653935510665178,0.02443583682179451
4,waypoint_64,30.0,0.023239563895776028,-0.6888739146935746,1.0242258486310418,0.9251674637198448,0.016065260395407677
5,waypoint_64,30.0,0.023239563895776028,-0.6888739146935746,1.0242258486310418,157.73442387580872,0.0
6,waypoint_64,30.0,0.023239563895776028,-0.6888739146935746,1.0242258486310418,1.0666190646588802,0.0037275245413184166
7,waypoint_64,30.0,0.023239563895776028,-0.6888739146935746,1.0242258486310418,1.211146591231227,0.012762991711497307
8,waypoint_64,30.0,0.023239563895776028,-0.6888739146935746,1.0242258486310418,416.2953197956085,0.0
9,waypoint_64,30.0,0.023239563895776028,-0.6888739146935746,1.0242258486310418,369.5824146270752,0.0
10,waypoint_64,30.0,0.023239563895776028,-0.6888739146935746,1.0242258486310418,236.0648810863495,0.0
11,waypoint_64,30.0,0.023239563895776028,-0.6888739146935746,1.0242258486310418,498.4036684036255,0.0
12,waypoint_64,30.0,0.023239563895776028,-0.6888739146935746,1.0242258486310418,271.8002200126648,0.0
13,waypoint_64,30.0,0.023239563895776028,-0.6888739146935746,1.0242258486310418,335.1190686225891,0.0
14,waypoint_64,30.0,0.023239563895776028,-0.6888739146935746,1.0242258486310418,493.739515542984,0.0
0,waypoint_64,15.0,0.023239563895776028,-0.6888739146935746,1.0242258486310418,292.66032576560974,0.0
1,waypoint_64,15.0,0.023239563895776028,-0.6888739146935746,1.0242258486310418,78.94723117351532,0.0
2,waypoint_64,15.0,0.023239563895776028,-0.6888739146935746,1.0242258486310418,124.93177503347397,0.0
3,waypoint_64,15.0,0.023239563895776028,-0.6888739146935746,1.0242258486310418,6.460094824433327,0.0
4,waypoint_64,15.0,0.023239563895776028,-0.6888739146935746,1.0242258486310418,6.983668077737093,0.0
5,waypoint_64,15.0,0.023239563895776028,-0.6888739146935746,1.0242258486310418,163.89523446559906,0.0
6,waypoint_64,15.0,0.023239563895776028,-0.6888739146935746,1.0242258486310418,12.651930563151836,0.0
7,waypoint_64,15.0,0.023239563895776028,-0.6888739146935746,1.0242258486310418,13.40548601001501,0.0
8,waypoint_64,15.0,0.023239563895776028,-0.6888739146935746,1.0242258486310418,421.86710238456726,0.0
9,waypoint_64,15.0,0.023239563895776028,-0.6888739146935746,1.0242258486310418,376.3740658760071,0.0
10,waypoint_64,15.0,0.023239563895776028,-0.6888739146935746,1.0242258486310418,239.62698876857758,0.0
11,waypoint_64,15.0,0.023239563895776028,-0.6888739146935746,1.0242258486310418,504.38809394836426,0.0
12,waypoint_64,15.0,0.023239563895776028,-0.6888739146935746,1.0242258486310418,279.28096055984497,0.0
13,waypoint_64,15.0,0.023239563895776028,-0.6888739146935746,1.0242258486310418,335.5196714401245,0.0
14,waypoint_64,15.0,0.023239563895776028,-0.6888739146935746,1.0242258486310418,498.82832169532776,0.0
0,waypoint_64,0.0,0.023239563895776028,-0.6888739146935746,1.0242258486310418,316.68978929519653,0.0
1,waypoint_64,0.0,0.023239563895776028,-0.6888739146935746,1.0242258486310418,166.39405488967896,0.0
2,waypoint_64,0.0,0.023239563895776028,-0.6888739146935746,1.0242258486310418,170.68609595298767,0.0
3,waypoint_64,0.0,0.023239563895776028,-0.6888739146935746,1.0242258486310418,0.40229957085102797,0.024511782452464104
4,waypoint_64,0.0,0.023239563895776028,-0.6888739146935746,1.0242258486310418,0.44831601553596556,0.015501650981605053
5,waypoint_64,0.0,0.023239563895776028,-0.6888739146935746,1.0242258486310418,225.58872401714325,0.0
6,waypoint_64,0.0,0.023239563895776028,-0.6888739146935746,1.0242258486310418,1.482129911892116,0.003361842129379511
7,waypoint_64,0.0,0.023239563895776028,-0.6888739146935746,1.0242258486310418,0.8517258684150875,0.01429977361112833
8,waypoint_64,0.0,0.023239563895776028,-0.6888739146935746,1.0242258486310418,460.9760046005249,0.0
9,waypoint_64,0.0,0.023239563895776028,-0.6888739146935746,1.0242258486310418,416.8150722980499,0.0
10,waypoint_64,0.0,0.023239563895776028,-0.6888739146935746,1.0242258486310418,258.136510848999,0.0
11,waypoint_64,0.0,0.023239563895776028,-0.6888739146935746,1.0242258486310418,553.0859231948853,0.0
12,waypoint_64,0.0,0.023239563895776028,-0.6888739146935746,1.0242258486310418,297.92943596839905,0.0
13,waypoint_64,0.0,0.023239563895776028,-0.6888739146935746,1.0242258486310418,345.8991050720215,0.0
14,waypoint_64,0.0,0.023239563895776028,-0.6888739146935746,1.0242258486310418,537.6061797142029,0.0
0,waypoint_64,-15.0,0.023239563895776028,-0.6888739146935746,1.0242258486310418,309.7253739833832,0.0
1,waypoint_64,-15.0,0.023239563895776028,-0.6888739146935746,1.0242258486310418,177.43416130542755,0.0
2,waypoint_64,-15.0,0.023239563895776028,-0.6888739146935746,1.0242258486310418,172.87972569465637,0.0
3,waypoint_64,-15.0,0.023239563895776028,-0.6888739146935746,1.0242258486310418,6.5664867870509624,0.0
4,waypoint_64,-15.0,0.023239563895776028,-0.6888739146935746,1.0242258486310418,8.363964036107063,0.0
5,waypoint_64,-15.0,0.023239563895776028,-0.6888739146935746,1.0242258486310418,235.17681658267975,0.0
6,waypoint_64,-15.0,0.023239563895776028,-0.6888739146935746,1.0242258486310418,15.49447700381279,0.0
7,waypoint_64,-15.0,0.023239563895776028,-0.6888739146935746,1.0242258486310418,16.58172719180584,0.0
8,waypoint_64,-15.0,0.023239563895776028,-0.6888739146935746,1.0242258486310418,465.9755527973175,0.0
9,waypoint_64,-15.0,0.023239563895776028,-0.6888739146935746,1.0242258486310418,422.7011203765869,0.0
10,waypoint_64,-15.0,0.023239563895776028,-0.6888739146935746,1.0242258486310418,262.32174038887024,0.0
11,waypoint_64,-15.0,0.023239563895776028,-0.6888739146935746,1.0242258486310418,560.2474212646484,0.0
12,waypoint_64,-15.0,0.023239563895776028,-0.6888739146935746,1.0242258486310418,302.969366312027,0.0
13,waypoint_64,-15.0,0.023239563895776028,-0.6888739146935746,1.0242258486310418,345.94348073005676,0.0
14,waypoint_64,-15.0,0.023239563895776028,-0.6888739146935746,1.0242258486310418,541.4502620697021,0.0
0,waypoint_64,-30.0,0.023239563895776028,-0.6888739146935746,1.0242258486310418,4.253276623785496,0.0
1,waypoint_64,-30.0,0.023239563895776028,-0.6888739146935746,1.0242258486310418,253.49584221839905,0.0
2,waypoint_64,-30.0,0.023239563895776028,-0.6888739146935746,1.0242258486310418,274.8849093914032,0.0
3,waypoint_64,-30.0,0.023239563895776028,-0.6888739146935746,1.0242258486310418,0.62727858312428,0.022363383322954178
4,waypoint_64,-30.0,0.023239563895776028,-0.6888739146935746,1.0242258486310418,0.6299017113633454,0.013794103637337685
5,waypoint_64,-30.0,0.023239563895776028,-0.6888739146935746,1.0242258486310418,303.7327826023102,0.0
6,waypoint_64,-30.0,0.023239563895776028,-0.6888739146935746,1.0242258486310418,1.4541462296620011,0.002094411524012685
7,waypoint_64,-30.0,0.023239563895776028,-0.6888739146935746,1.0242258486310418,1.32293242495507,0.012740597128868103
8,waypoint_64,-30.0,0.023239563895776028,-0.6888739146935746,1.0242258486310418,490.53749442100525,0.0
9,waypoint_64,-30.0,0.023239563895776028,-0.6888739146935746,1.0242258486310418,460.7570469379425,0.0
10,waypoint_64,-30.0,0.023239563895776028,-0.6888739146935746,1.0242258486310418,277.6206135749817,0.0
11,waypoint_64,-30.0,0.023239563895776028,-0.6888739146935746,1.0242258486310418,605.0325632095337,0.0
12,waypoint_64,-30.0,0.023239563895776028,-0.6888739146935746,1.0242258486310418,316.44564867019653,0.0
13,waypoint_64,-30.0,0.023239563895776028,-0.6888739146935746,1.0242258486310418,361.97829246520996,0.0
14,waypoint_64,-30.0,0.023239563895776028,-0.6888739146935746,1.0242258486310418,578.9527297019958,0.0
0,waypoint_65,-30.0,0.0432395638957756,-0.6888739146935746,1.0242258486310418,0.16733875963836908,0.03962811455130577
1,waypoint_65,-30.0,0.0432395638957756,-0.6888739146935746,1.0242258486310418,253.30191850662231,0.0
2,waypoint_65,-30.0,0.0432395638957756,-0.6888739146935746,1.0242258486310418,274.7122049331665,0.0
3,waypoint_65,-30.0,0.0432395638957756,-0.6888739146935746,1.0242258486310418,0.14984981680754572,0.024298371747136116
4,waypoint_65,-30.0,0.0432395638957756,-0.6888739146935746,1.0242258486310418,0.1517965574748814,0.015361759811639786
5,waypoint_65,-30.0,0.0432395638957756,-0.6888739146935746,1.0242258486310418,288.34864497184753,0.0
6,waypoint_65,-30.0,0.0432395638957756,-0.6888739146935746,1.0242258486310418,1.3686353340744972,0.000872315838932991
7,waypoint_65,-30.0,0.0432395638957756,-0.6888739146935746,1.0242258486310418,0.15572793199680746,0.010388362221419811
8,waypoint_65,-30.0,0.0432395638957756,-0.6888739146935746,1.0242258486310418,489.3675148487091,0.0
9,waypoint_65,-30.0,0.0432395638957756,-0.6888739146935746,1.0242258486310418,460.4746401309967,0.0
10,waypoint_65,-30.0,0.0432395638957756,-0.6888739146935746,1.0242258486310418,274.8908996582031,0.0
11,waypoint_65,-30.0,0.0432395638957756,-0.6888739146935746,1.0242258486310418,595.3181982040405,0.0
12,waypoint_65,-30.0,0.0432395638957756,-0.6888739146935746,1.0242258486310418,306.8825900554657,0.0
13,waypoint_65,-30.0,0.0432395638957756,-0.6888739146935746,1.0242258486310418,348.035603761673,0.0
14,waypoint_65,-30.0,0.0432395638957756,-0.6888739146935746,1.0242258486310418,578.0134201049805,0.0
0,waypoint_65,-15.0,0.0432395638957756,-0.6888739146935746,1.0242258486310418,4.213322885334492,0.0
1,waypoint_65,-15.0,0.0432395638957756,-0.6888739146935746,1.0242258486310418,241.84809625148773,0.0
2,waypoint_65,-15.0,0.0432395638957756,-0.6888739146935746,1.0242258486310418,267.1443223953247,0.0
3,waypoint_65,-15.0,0.0432395638957756,-0.6888739146935746,1.0242258486310418,5.3377109579741955,0.0
4,waypoint_65,-15.0,0.0432395638957756,-0.6888739146935746,1.0242258486310418,6.947891321033239,0.0
5,waypoint_65,-15.0,0.0432395638957756,-0.6888739146935746,1.0242258486310418,279.3760895729065,0.0
6,waypoint_65,-15.0,0.0432395638957756,-0.6888739146935746,1.0242258486310418,12.271396815776825,0.0
7,waypoint_65,-15.0,0.0432395638957756,-0.6888739146935746,1.0242258486310418,17.906036227941513,0.0
8,waypoint_65,-15.0,0.0432395638957756,-0.6888739146935746,1.0242258486310418,486.3935708999634,0.0
9,waypoint_65,-15.0,0.0432395638957756,-0.6888739146935746,1.0242258486310418,454.52815294265747,0.0
10,waypoint_65,-15.0,0.0432395638957756,-0.6888739146935746,1.0242258486310418,272.1670866012573,0.0
11,waypoint_65,-15.0,0.0432395638957756,-0.6888739146935746,1.0242258486310418,590.5177593231201,0.0
12,waypoint_65,-15.0,0.0432395638957756,-0.6888739146935746,1.0242258486310418,304.2183220386505,0.0
13,waypoint_65,-15.0,0.0432395638957756,-0.6888739146935746,1.0242258486310418,349.4696319103241,0.0
14,waypoint_65,-15.0,0.0432395638957756,-0.6888739146935746,1.0242258486310418,577.3622989654541,0.0
0,waypoint_65,0.0,0.0432395638957756,-0.6888739146935746,1.0242258486310418,0.43067874503321946,0.01391525287181139
1,waypoint_65,0.0,0.0432395638957756,-0.6888739146935746,1.0242258486310418,151.6588032245636,0.0
2,waypoint_65,0.0,0.0432395638957756,-0.6888739146935746,1.0242258486310418,197.62808084487915,0.0
3,waypoint_65,0.0,0.0432395638957756,-0.6888739146935746,1.0242258486310418,0.39905551238916814,0.026298992335796356
4,waypoint_65,0.0,0.0432395638957756,-0.6888739146935746,1.0242258486310418,0.4157714720349759,0.017282500863075256
5,waypoint_65,0.0,0.0432395638957756,-0.6888739146935746,1.0242258486310418,207.5701504945755,0.0
6,waypoint_65,0.0,0.0432395638957756,-0.6888739146935746,1.0242258486310418,1.4602246228605509,0.001469807350076735
7,waypoint_65,0.0,0.0432395638957756,-0.6888739146935746,1.0242258486310418,1.3967975974082947,0.012149857357144356
8,waypoint_65,0.0,0.0432395638957756,-0.6888739146935746,1.0242258486310418,464.13546800613403,0.0
9,waypoint_65,0.0,0.0432395638957756,-0.6888739146935746,1.0242258486310418,424.6034026145935,0.0
10,waypoint_65,0.0,0.0432395638957756,-0.6888739146935746,1.0242258486310418,260.3047788143158,0.0
11,waypoint_65,0.0,0.0432395638957756,-0.6888739146935746,1.0242258486310418,545.7932949066162,0.0
12,waypoint_65,0.0,0.0432395638957756,-0.6888739146935746,1.0242258486310418,287.95984387397766,0.0
13,waypoint_65,0.0,0.0432395638957756,-0.6888739146935746,1.0242258486310418,344.8169231414795,0.0
14,waypoint_65,0.0,0.0432395638957756,-0.6888739146935746,1.0242258486310418,547.4070906639099,0.0
0,waypoint_65,15.0,0.0432395638957756,-0.6888739146935746,1.0242258486310418,15.749946236610413,0.0
1,waypoint_65,15.0,0.0432395638957756,-0.6888739146935746,1.0242258486310418,139.98673856258392,0.0
2,waypoint_65,15.0,0.0432395638957756,-0.6888739146935746,1.0242258486310418,196.04244828224182,0.0
3,waypoint_65,15.0,0.0432395638957756,-0.6888739146935746,1.0242258486310418,6.254986859858036,0.0
4,waypoint_65,15.0,0.0432395638957756,-0.6888739146935746,1.0242258486310418,7.6882666908204556,0.0
5,waypoint_65,15.0,0.0432395638957756,-0.6888739146935746,1.0242258486310418,197.92723655700684,0.0
6,waypoint_65,15.0,0.0432395638957756,-0.6888739146935746,1.0242258486310418,9.442320093512535,0.0
7,waypoint_65,15.0,0.0432395638957756,-0.6888739146935746,1.0242258486310418,17.069457098841667,0.0
8,waypoint_65,15.0,0.0432395638957756,-0.6888739146935746,1.0242258486310418,459.1059982776642,0.0
9,waypoint_65,15.0,0.0432395638957756,-0.6888739146935746,1.0242258486310418,418.27481985092163,0.0
10,waypoint_65,15.0,0.0432395638957756,-0.6888739146935746,1.0242258486310418,256.1550736427307,0.0
11,waypoint_65,15.0,0.0432395638957756,-0.6888739146935746,1.0242258486310418,538.6251211166382,0.0
12,waypoint_65,15.0,0.0432395638957756,-0.6888739146935746,1.0242258486310418,284.2339277267456,0.0
13,waypoint_65,15.0,0.0432395638957756,-0.6888739146935746,1.0242258486310418,340.26429057121277,0.0
14,waypoint_65,15.0,0.0432395638957756,-0.6888739146935746,1.0242258486310418,541.7213439941406,0.0
0,waypoint_65,30.0,0.0432395638957756,-0.6888739146935746,1.0242258486310418,370.03782391548157,0.0
1,waypoint_65,30.0,0.0432395638957756,-0.6888739146935746,1.0242258486310418,41.766103357076645,0.0
2,waypoint_65,30.0,0.0432395638957756,-0.6888739146935746,1.0242258486310418,117.10841208696365,0.0
3,waypoint_65,30.0,0.0432395638957756,-0.6888739146935746,1.0242258486310418,0.003851770088658668,0.025802019983530045
4,waypoint_65,30.0,0.0432395638957756,-0.6888739146935746,1.0242258486310418,0.004589170657709474,0.01774907112121582
5,waypoint_65,30.0,0.0432395638957756,-0.6888739146935746,1.0242258486310418,138.15541565418243,0.0
6,waypoint_65,30.0,0.0432395638957756,-0.6888739146935746,1.0242258486310418,34.77556258440018,0.0
7,waypoint_65,30.0,0.0432395638957756,-0.6888739146935746,1.0242258486310418,0.01856973540270701,0.011146136559545994
8,waypoint_65,30.0,0.0432395638957756,-0.6888739146935746,1.0242258486310418,419.8758006095886,0.0
9,waypoint_65,30.0,0.0432395638957756,-0.6888739146935746,1.0242258486310418,364.5860552787781,0.0
10,waypoint_65,30.0,0.0432395638957756,-0.6888739146935746,1.0242258486310418,235.13343930244446,0.0
11,waypoint_65,30.0,0.0432395638957756,-0.6888739146935746,1.0242258486310418,490.6790852546692,0.0
12,waypoint_65,30.0,0.0432395638957756,-0.6888739146935746,1.0242258486310418,259.17938351631165,0.0
13,waypoint_65,30.0,0.0432395638957756,-0.6888739146935746,1.0242258486310418,321.0408687591553,0.0
14,waypoint_65,30.0,0.0432395638957756,-0.6888739146935746,1.0242258486310418,498.62003326416016,0.0
0,waypoint_66,30.0,0.06323956389577523,-0.6888739146935746,1.0242258486310418,340.30333161354065,0.0
1,waypoint_66,30.0,0.06323956389577523,-0.6888739146935746,1.0242258486310418,0.021303219909896143,0.013927280902862549
2,waypoint_66,30.0,0.06323956389577523,-0.6888739146935746,1.0242258486310418,106.73163086175919,0.0
3,waypoint_66,30.0,0.06323956389577523,-0.6888739146935746,1.0242258486310418,0.010316253792552743,0.02712401933968067
4,waypoint_66,30.0,0.06323956389577523,-0.6888739146935746,1.0242258486310418,0.009965390745492186,0.019488614052534103
5,waypoint_66,30.0,0.06323956389577523,-0.6888739146935746,1.0242258486310418,119.3956732749939,0.0
6,waypoint_66,30.0,0.06323956389577523,-0.6888739146935746,1.0242258486310418,327.7546167373657,0.0
7,waypoint_66,30.0,0.06323956389577523,-0.6888739146935746,1.0242258486310418,0.011734699910448398,0.009355015121400356
8,waypoint_66,30.0,0.06323956389577523,-0.6888739146935746,1.0242258486310418,422.59863018989563,0.0
9,waypoint_66,30.0,0.06323956389577523,-0.6888739146935746,1.0242258486310418,365.1337921619415,0.0
10,waypoint_66,30.0,0.06323956389577523,-0.6888739146935746,1.0242258486310418,235.14758050441742,0.0
11,waypoint_66,30.0,0.06323956389577523,-0.6888739146935746,1.0242258486310418,479.70065474510193,0.0
12,waypoint_66,30.0,0.06323956389577523,-0.6888739146935746,1.0242258486310418,250.29593706130981,0.0
13,waypoint_66,30.0,0.06323956389577523,-0.6888739146935746,1.0242258486310418,308.83464217185974,0.0
14,waypoint_66,30.0,0.06323956389577523,-0.6888739146935746,1.0242258486310418,476.55075788497925,0.0
0,waypoint_66,15.0,0.06323956389577523,-0.6888739146935746,1.0242258486310418,332.01533555984497,0.0
1,waypoint_66,15.0,0.06323956389577523,-0.6888739146935746,1.0242258486310418,70.43184340000153,0.0
2,waypoint_66,15.0,0.06323956389577523,-0.6888739146935746,1.0242258486310418,139.62361216545105,0.0
3,waypoint_66,15.0,0.06323956389577523,-0.6888739146935746,1.0242258486310418,0.005235717708274024,0.02790946140885353
4,waypoint_66,15.0,0.06323956389577523,-0.6888739146935746,1.0242258486310418,0.0050688486226135865,0.019422659650444984
5,waypoint_66,15.0,0.06323956389577523,-0.6888739146935746,1.0242258486310418,149.86735582351685,0.0
6,waypoint_66,15.0,0.06323956389577523,-0.6888739146935746,1.0242258486310418,164.60469365119934,0.0
7,waypoint_66,15.0,0.06323956389577523,-0.6888739146935746,1.0242258486310418,0.006148241482151207,0.010028662160038948
8,waypoint_66,15.0,0.06323956389577523,-0.6888739146935746,1.0242258486310418,442.15652346611023,0.0
9,waypoint_66,15.0,0.06323956389577523,-0.6888739146935746,1.0242258486310418,387.0345652103424,0.0
10,waypoint_66,15.0,0.06323956389577523,-0.6888739146935746,1.0242258486310418,245.27153372764587,0.0
11,waypoint_66,15.0,0.06323956389577523,-0.6888739146935746,1.0242258486310418,508.84687900543213,0.0
12,waypoint_66,15.0,0.06323956389577523,-0.6888739146935746,1.0242258486310418,262.61672377586365,0.0
13,waypoint_66,15.0,0.06323956389577523,-0.6888739146935746,1.0242258486310418,316.2185549736023,0.0
14,waypoint_66,15.0,0.06323956389577523,-0.6888739146935746,1.0242258486310418,502.2982954978943,0.0
0,waypoint_66,0.0,0.06323956389577523,-0.6888739146935746,1.0242258486310418,9.327162057161331,0.0
1,waypoint_66,0.0,0.06323956389577523,-0.6888739146935746,1.0242258486310418,123.51993471384048,0.0
2,waypoint_66,0.0,0.06323956389577523,-0.6888739146935746,1.0242258486310418,176.54795944690704,0.0
3,waypoint_66,0.0,0.06323956389577523,-0.6888739146935746,1.0242258486310418,0.0043702848415705375,0.028059445321559906
4,waypoint_66,0.0,0.06323956389577523,-0.6888739146935746,1.0242258486310418,0.0046434274736384396,0.01907726563513279
5,waypoint_66,0.0,0.06323956389577523,-0.6888739146935746,1.0242258486310418,190.47090411186218,0.0
6,waypoint_66,0.0,0.06323956389577523,-0.6888739146935746,1.0242258486310418,135.99319756031036,0.0
7,waypoint_66,0.0,0.06323956389577523,-0.6888739146935746,1.0242258486310418,0.00611674067840795,0.009894908405840397
8,waypoint_66,0.0,0.06323956389577523,-0.6888739146935746,1.0242258486310418,464.0401601791382,0.0
9,waypoint_66,0.0,0.06323956389577523,-0.6888739146935746,1.0242258486310418,412.6797020435333,0.0
10,waypoint_66,0.0,0.06323956389577523,-0.6888739146935746,1.0242258486310418,256.25935196876526,0.0
11,waypoint_66,0.0,0.06323956389577523,-0.6888739146935746,1.0242258486310418,531.2874913215637,0.0
12,waypoint_66,0.0,0.06323956389577523,-0.6888739146935746,1.0242258486310418,280.1103889942169,0.0
13,waypoint_66,0.0,0.06323956389577523,-0.6888739146935746,1.0242258486310418,320.85850834846497,0.0
14,waypoint_66,0.0,0.06323956389577523,-0.6888739146935746,1.0242258486310418,527.5295376777649,0.0
0,waypoint_66,-15.0,0.06323956389577523,-0.6888739146935746,1.0242258486310418,0.027272626539343037,0.023745518177747726
1,waypoint_66,-15.0,0.06323956389577523,-0.6888739146935746,1.0242258486310418,179.51519787311554,0.0
2,waypoint_66,-15.0,0.06323956389577523,-0.6888739146935746,1.0242258486310418,227.9265969991684,0.0
3,waypoint_66,-15.0,0.06323956389577523,-0.6888739146935746,1.0242258486310418,0.004075842298334464,0.027477746829390526
4,waypoint_66,-15.0,0.06323956389577523,-0.6888739146935746,1.0242258486310418,0.004865725259151077,0.018270978704094887
5,waypoint_66,-15.0,0.06323956389577523,-0.6888739146935746,1.0242258486310418,233.12240839004517,0.0
6,waypoint_66,-15.0,0.06323956389577523,-0.6888739146935746,1.0242258486310418,113.86946588754654,0.0
7,waypoint_66,-15.0,0.06323956389577523,-0.6888739146935746,1.0242258486310418,0.0035700954867934342,0.009182908572256565
8,waypoint_66,-15.0,0.06323956389577523,-0.6888739146935746,1.0242258486310418,477.7109920978546,0.0
9,waypoint_66,-15.0,0.06323956389577523,-0.6888739146935746,1.0242258486310418,432.3437213897705,0.0
10,waypoint_66,-15.0,0.06323956389577523,-0.6888739146935746,1.0242258486310418,266.5156126022339,0.0
11,waypoint_66,-15.0,0.06323956389577523,-0.6888739146935746,1.0242258486310418,588.0482792854309,0.0
12,waypoint_66,-15.0,0.06323956389577523,-0.6888739146935746,1.0242258486310418,294.19660568237305,0.0
13,waypoint_66,-15.0,0.06323956389577523,-0.6888739146935746,1.0242258486310418,327.1506130695343,0.0
14,waypoint_66,-15.0,0.06323956389577523,-0.6888739146935746,1.0242258486310418,558.4345459938049,0.0
0,waypoint_66,-30.0,0.06323956389577523,-0.6888739146935746,1.0242258486310418,0.0040810687096382026,0.03558808192610741
1,waypoint_66,-30.0,0.06323956389577523,-0.6888739146935746,1.0242258486310418,236.63382232189178,0.0
2,waypoint_66,-30.0,0.06323956389577523,-0.6888739146935746,1.0242258486310418,252.25448608398438,0.0
3,waypoint_66,-30.0,0.06323956389577523,-0.6888739146935746,1.0242258486310418,0.00442200598627096,0.026273684576153755
4,waypoint_66,-30.0,0.06323956389577523,-0.6888739146935746,1.0242258486310418,0.005098201199871255,0.016989605501294136
5,waypoint_66,-30.0,0.06323956389577523,-0.6888739146935746,1.0242258486310418,273.84844422340393,0.0
6,waypoint_66,-30.0,0.06323956389577523,-0.6888739146935746,1.0242258486310418,113.20789158344269,0.0
7,waypoint_66,-30.0,0.06323956389577523,-0.6888739146935746,1.0242258486310418,0.0037190936836850597,0.008146940730512142
8,waypoint_66,-30.0,0.06323956389577523,-0.6888739146935746,1.0242258486310418,492.03675985336304,0.0
9,waypoint_66,-30.0,0.06323956389577523,-0.6888739146935746,1.0242258486310418,442.8364038467407,0.0
10,waypoint_66,-30.0,0.06323956389577523,-0.6888739146935746,1.0242258486310418,270.78911662101746,0.0
11,waypoint_66,-30.0,0.06323956389577523,-0.6888739146935746,1.0242258486310418,40.234241634607315,0.0
12,waypoint_66,-30.0,0.06323956389577523,-0.6888739146935746,1.0242258486310418,306.98010325431824,0.0
13,waypoint_66,-30.0,0.06323956389577523,-0.6888739146935746,1.0242258486310418,328.09990644454956,0.0
14,waypoint_66,-30.0,0.06323956389577523,-0.6888739146935746,1.0242258486310418,591.7781591415405,0.0
0,waypoint_67,-30.0,0.08323956389577541,-0.6888739146935746,1.0242258486310418,0.011973859727731906,0.028637994080781937
1,waypoint_67,-30.0,0.08323956389577541,-0.6888739146935746,1.0242258486310418,213.61792087554932,0.0
2,waypoint_67,-30.0,0.08323956389577541,-0.6888739146935746,1.0242258486310418,250.1310408115387,0.0
3,waypoint_67,-30.0,0.08323956389577541,-0.6888739146935746,1.0242258486310418,0.01062033697962761,0.02830495312809944
4,waypoint_67,-30.0,0.08323956389577541,-0.6888739146935746,1.0242258486310418,0.010936762009805534,0.018703049048781395
5,waypoint_67,-30.0,0.08323956389577541,-0.6888739146935746,1.0242258486310418,260.3580057621002,0.0
6,waypoint_67,-30.0,0.08323956389577541,-0.6888739146935746,1.0242258486310418,168.97335648536682,0.0
7,waypoint_67,-30.0,0.08323956389577541,-0.6888739146935746,1.0242258486310418,0.010527944141358603,0.005996841937303543
8,waypoint_67,-30.0,0.08323956389577541,-0.6888739146935746,1.0242258486310418,492.96337366104126,0.0
9,waypoint_67,-30.0,0.08323956389577541,-0.6888739146935746,1.0242258486310418,441.58121943473816,0.0
10,waypoint_67,-30.0,0.08323956389577541,-0.6888739146935746,1.0242258486310418,268.4473395347595,0.0
11,waypoint_67,-30.0,0.08323956389577541,-0.6888739146935746,1.0242258486310418,0.01942928611242678,0.014038478955626488
12,waypoint_67,-30.0,0.08323956389577541,-0.6888739146935746,1.0242258486310418,298.09948801994324,0.0
13,waypoint_67,-30.0,0.08323956389577541,-0.6888739146935746,1.0242258486310418,316.66669249534607,0.0
14,waypoint_67,-30.0,0.08323956389577541,-0.6888739146935746,1.0242258486310418,594.1216945648193,0.0
0,waypoint_67,-15.0,0.08323956389577541,-0.6888739146935746,1.0242258486310418,0.30391887412406504,1.8672757562399056e-07
1,waypoint_67,-15.0,0.08323956389577541,-0.6888739146935746,1.0242258486310418,158.5267186164856,0.0
2,waypoint_67,-15.0,0.08323956389577541,-0.6888739146935746,1.0242258486310418,212.11709082126617,0.0
3,waypoint_67,-15.0,0.08323956389577541,-0.6888739146935746,1.0242258486310418,0.004978326160198776,0.029374079778790474
4,waypoint_67,-15.0,0.08323956389577541,-0.6888739146935746,1.0242258486310418,0.004663277650251985,0.020043540745973587
5,waypoint_67,-15.0,0.08323956389577541,-0.6888739146935746,1.0242258486310418,218.47355365753174,0.0
6,waypoint_67,-15.0,0.08323956389577541,-0.6888739146935746,1.0242258486310418,145.92450857162476,0.0
7,waypoint_67,-15.0,0.08323956389577541,-0.6888739146935746,1.0242258486310418,0.0043761806409747805,0.006968666799366474
8,waypoint_67,-15.0,0.08323956389577541,-0.6888739146935746,1.0242258486310418,486.05576157569885,0.0
9,waypoint_67,-15.0,0.08323956389577541,-0.6888739146935746,1.0242258486310418,433.03707242012024,0.0
10,waypoint_67,-15.0,0.08323956389577541,-0.6888739146935746,1.0242258486310418,267.42058992385864,0.0
11,waypoint_67,-15.0,0.08323956389577541,-0.6888739146935746,1.0242258486310418,103.27516496181488,0.0
12,waypoint_67,-15.0,0.08323956389577541,-0.6888739146935746,1.0242258486310418,290.2753949165344,0.0
13,waypoint_67,-15.0,0.08323956389577541,-0.6888739146935746,1.0242258486310418,316.0218596458435,0.0
14,waypoint_67,-15.0,0.08323956389577541,-0.6888739146935746,1.0242258486310418,585.5664014816284,0.0
0,waypoint_67,0.0,0.08323956389577541,-0.6888739146935746,1.0242258486310418,245.26722729206085,0.0
1,waypoint_67,0.0,0.08323956389577541,-0.6888739146935746,1.0242258486310418,97.66658395528793,0.0
2,waypoint_67,0.0,0.08323956389577541,-0.6888739146935746,1.0242258486310418,165.69314897060394,0.0
3,waypoint_67,0.0,0.08323956389577541,-0.6888739146935746,1.0242258486310418,0.005332534328772454,0.02977992407977581
4,waypoint_67,0.0,0.08323956389577541,-0.6888739146935746,1.0242258486310418,0.004699326382251456,0.020882301032543182
5,waypoint_67,0.0,0.08323956389577541,-0.6888739146935746,1.0242258486310418,174.5554357767105,0.0
6,waypoint_67,0.0,0.08323956389577541,-0.6888739146935746,1.0242258486310418,177.75776982307434,0.0
7,waypoint_67,0.0,0.08323956389577541,-0.6888739146935746,1.0242258486310418,0.002625312163218041,0.007693958003073931
8,waypoint_67,0.0,0.08323956389577541,-0.6888739146935746,1.0242258486310418,470.60465812683105,0.0
9,waypoint_67,0.0,0.08323956389577541,-0.6888739146935746,1.0242258486310418,416.91699624061584,0.0
10,waypoint_67,0.0,0.08323956389577541,-0.6888739146935746,1.0242258486310418,256.26474618911743,0.0
11,waypoint_67,0.0,0.08323956389577541,-0.6888739146935746,1.0242258486310418,233.95171761512756,0.0
12,waypoint_67,0.0,0.08323956389577541,-0.6888739146935746,1.0242258486310418,272.9019820690155,0.0
13,waypoint_67,0.0,0.08323956389577541,-0.6888739146935746,1.0242258486310418,310.1494014263153,0.0
14,waypoint_67,0.0,0.08323956389577541,-0.6888739146935746,1.0242258486310418,560.1632595062256,0.0
0,waypoint_67,15.0,0.08323956389577541,-0.6888739146935746,1.0242258486310418,284.10306572914124,0.0
1,waypoint_67,15.0,0.08323956389577541,-0.6888739146935746,1.0242258486310418,43.98699849843979,0.0
2,waypoint_67,15.0,0.08323956389577541,-0.6888739146935746,1.0242258486310418,124.47723001241684,0.0
3,waypoint_67,15.0,0.08323956389577541,-0.6888739146935746,1.0242258486310418,0.0027906178274861304,0.029391642659902573
4,waypoint_67,15.0,0.08323956389577541,-0.6888739146935746,1.0242258486310418,0.0045553706513601355,0.02120506949722767
5,waypoint_67,15.0,0.08323956389577541,-0.6888739146935746,1.0242258486310418,132.64918327331543,0.0
6,waypoint_67,15.0,0.08323956389577541,-0.6888739146935746,1.0242258486310418,245.00273168087006,0.0
7,waypoint_67,15.0,0.08323956389577541,-0.6888739146935746,1.0242258486310418,0.004134749815420946,0.007945637218654156
8,waypoint_67,15.0,0.08323956389577541,-0.6888739146935746,1.0242258486310418,447.5436806678772,0.0
9,waypoint_67,15.0,0.08323956389577541,-0.6888739146935746,1.0242258486310418,394.8063850402832,0.0
10,waypoint_67,15.0,0.08323956389577541,-0.6888739146935746,1.0242258486310418,245.9198236465454,0.0
11,waypoint_67,15.0,0.08323956389577541,-0.6888739146935746,1.0242258486310418,267.7834630012512,0.0
12,waypoint_67,15.0,0.08323956389577541,-0.6888739146935746,1.0242258486310418,255.28481602668762,0.0
13,waypoint_67,15.0,0.08323956389577541,-0.6888739146935746,1.0242258486310418,300.12741684913635,0.0
14,waypoint_67,15.0,0.08323956389577541,-0.6888739146935746,1.0242258486310418,536.7538928985596,0.0
0,waypoint_67,30.0,0.08323956389577541,-0.6888739146935746,1.0242258486310418,350.98016262054443,0.0
1,waypoint_67,30.0,0.08323956389577541,-0.6888739146935746,1.0242258486310418,3.5033123567700386,0.0
2,waypoint_67,30.0,0.08323956389577541,-0.6888739146935746,1.0242258486310418,94.25077587366104,0.0
3,waypoint_67,30.0,0.08323956389577541,-0.6888739146935746,1.0242258486310418,0.004306409664422972,0.02828304097056389
4,waypoint_67,30.0,0.08323956389577541,-0.6888739146935746,1.0242258486310418,0.004266627001925372,0.021177172660827637
5,waypoint_67,30.0,0.08323956389577541,-0.6888739146935746,1.0242258486310418,101.8429696559906,0.0
6,waypoint_67,30.0,0.08323956389577541,-0.6888739146935746,1.0242258486310418,331.33694529533386,0.0
7,waypoint_67,30.0,0.08323956389577541,-0.6888739146935746,1.0242258486310418,0.0029421776162052993,0.007507446687668562
8,waypoint_67,30.0,0.08323956389577541,-0.6888739146935746,1.0242258486310418,425.58977007865906,0.0
9,waypoint_67,30.0,0.08323956389577541,-0.6888739146935746,1.0242258486310418,372.25690484046936,0.0
10,waypoint_67,30.0,0.08323956389577541,-0.6888739146935746,1.0242258486310418,234.26620662212372,0.0
11,waypoint_67,30.0,0.08323956389577541,-0.6888739146935746,1.0242258486310418,258.8207721710205,0.0
12,waypoint_67,30.0,0.08323956389577541,-0.6888739146935746,1.0242258486310418,248.12930822372437,0.0
13,waypoint_67,30.0,0.08323956389577541,-0.6888739146935746,1.0242258486310418,293.51407289505005,0.0
14,waypoint_67,30.0,0.08323956389577541,-0.6888739146935746,1.0242258486310418,517.490029335022,0.0
0,waypoint_68,30.0,0.10323956389577521,-0.6888739146935746,1.0242258486310418,388.6362314224243,0.0
1,waypoint_68,30.0,0.10323956389577521,-0.6888739146935746,1.0242258486310418,104.79613393545151,0.0
2,waypoint_68,30.0,0.10323956389577521,-0.6888739146935746,1.0242258486310418,78.95800471305847,0.0
3,waypoint_68,30.0,0.10323956389577521,-0.6888739146935746,1.0242258486310418,0.8349580457434058,0.029293136671185493
4,waypoint_68,30.0,0.10323956389577521,-0.6888739146935746,1.0242258486310418,0.8908884483389556,0.022891631349921227
5,waypoint_68,30.0,0.10323956389577521,-0.6888739146935746,1.0242258486310418,86.14251762628555,0.0
6,waypoint_68,30.0,0.10323956389577521,-0.6888739146935746,1.0242258486310418,361.9225323200226,0.0
7,waypoint_68,30.0,0.10323956389577521,-0.6888739146935746,1.0242258486310418,1.1242908658459783,0.005545451771467924
8,waypoint_68,30.0,0.10323956389577521,-0.6888739146935746,1.0242258486310418,430.0495982170105,0.0
9,waypoint_68,30.0,0.10323956389577521,-0.6888739146935746,1.0242258486310418,374.7754096984863,0.0
10,waypoint_68,30.0,0.10323956389577521,-0.6888739146935746,1.0242258486310418,238.09805512428284,0.0
11,waypoint_68,30.0,0.10323956389577521,-0.6888739146935746,1.0242258486310418,253.87459993362427,0.0
12,waypoint_68,30.0,0.10323956389577521,-0.6888739146935746,1.0242258486310418,235.80047488212585,0.0
13,waypoint_68,30.0,0.10323956389577521,-0.6888739146935746,1.0242258486310418,284.18394923210144,0.0
14,waypoint_68,30.0,0.10323956389577521,-0.6888739146935746,1.0242258486310418,503.728449344635,0.0
0,waypoint_68,15.0,0.10323956389577521,-0.6888739146935746,1.0242258486310418,342.51418709754944,0.0
1,waypoint_68,15.0,0.10323956389577521,-0.6888739146935746,1.0242258486310418,81.22027665376663,0.0
2,waypoint_68,15.0,0.10323956389577521,-0.6888739146935746,1.0242258486310418,90.01078456640244,0.0
3,waypoint_68,15.0,0.10323956389577521,-0.6888739146935746,1.0242258486310418,6.542172282934189,0.0
4,waypoint_68,15.0,0.10323956389577521,-0.6888739146935746,1.0242258486310418,6.515037268400192,0.0
5,waypoint_68,15.0,0.10323956389577521,-0.6888739146935746,1.0242258486310418,91.92575514316559,0.0
6,waypoint_68,15.0,0.10323956389577521,-0.6888739146935746,1.0242258486310418,355.2406430244446,0.0
7,waypoint_68,15.0,0.10323956389577521,-0.6888739146935746,1.0242258486310418,12.948431074619293,0.0
8,waypoint_68,15.0,0.10323956389577521,-0.6888739146935746,1.0242258486310418,434.639036655426,0.0
9,waypoint_68,15.0,0.10323956389577521,-0.6888739146935746,1.0242258486310418,380.39085268974304,0.0
10,waypoint_68,15.0,0.10323956389577521,-0.6888739146935746,1.0242258486310418,241.9162094593048,0.0
11,waypoint_68,15.0,0.10323956389577521,-0.6888739146935746,1.0242258486310418,255.97181916236877,0.0
12,waypoint_68,15.0,0.10323956389577521,-0.6888739146935746,1.0242258486310418,243.23326349258423,0.0
13,waypoint_68,15.0,0.10323956389577521,-0.6888739146935746,1.0242258486310418,286.2877547740936,0.0
14,waypoint_68,15.0,0.10323956389577521,-0.6888739146935746,1.0242258486310418,508.2801580429077,0.0
0,waypoint_68,0.0,0.10323956389577521,-0.6888739146935746,1.0242258486310418,272.2246050834656,0.0
1,waypoint_68,0.0,0.10323956389577521,-0.6888739146935746,1.0242258486310418,72.34019041061401,0.0
2,waypoint_68,0.0,0.10323956389577521,-0.6888739146935746,1.0242258486310418,172.41130769252777,0.0
3,waypoint_68,0.0,0.10323956389577521,-0.6888739146935746,1.0242258486310418,0.4183490527793765,0.03144315630197525
4,waypoint_68,0.0,0.10323956389577521,-0.6888739146935746,1.0242258486310418,0.41884928941726685,0.022706007584929466
5,waypoint_68,0.0,0.10323956389577521,-0.6888739146935746,1.0242258486310418,160.15267372131348,0.0
6,waypoint_68,0.0,0.10323956389577521,-0.6888739146935746,1.0242258486310418,203.67136597633362,0.0
7,waypoint_68,0.0,0.10323956389577521,-0.6888739146935746,1.0242258486310418,1.1976993409916759,0.0054882606491446495
8,waypoint_68,0.0,0.10323956389577521,-0.6888739146935746,1.0242258486310418,468.3836102485657,0.0
9,waypoint_68,0.0,0.10323956389577521,-0.6888739146935746,1.0242258486310418,416.77215695381165,0.0
10,waypoint_68,0.0,0.10323956389577521,-0.6888739146935746,1.0242258486310418,256.1592757701874,0.0
11,waypoint_68,0.0,0.10323956389577521,-0.6888739146935746,1.0242258486310418,264.58314061164856,0.0
12,waypoint_68,0.0,0.10323956389577521,-0.6888739146935746,1.0242258486310418,265.22570848464966,0.0
13,waypoint_68,0.0,0.10323956389577521,-0.6888739146935746,1.0242258486310418,300.4627525806427,0.0
14,waypoint_68,0.0,0.10323956389577521,-0.6888739146935746,1.0242258486310418,528.191864490509,0.0
0,waypoint_68,-15.0,0.10323956389577521,-0.6888739146935746,1.0242258486310418,300.75445771217346,0.0
1,waypoint_68,-15.0,0.10323956389577521,-0.6888739146935746,1.0242258486310418,91.69210493564606,0.0
2,waypoint_68,-15.0,0.10323956389577521,-0.6888739146935746,1.0242258486310418,178.37277054786682,0.0
3,waypoint_68,-15.0,0.10323956389577521,-0.6888739146935746,1.0242258486310418,5.943054333329201,0.0
4,waypoint_68,-15.0,0.10323956389577521,-0.6888739146935746,1.0242258486310418,6.833156570792198,0.0
5,waypoint_68,-15.0,0.10323956389577521,-0.6888739146935746,1.0242258486310418,171.28096520900726,0.0
6,waypoint_68,-15.0,0.10323956389577521,-0.6888739146935746,1.0242258486310418,202.15311646461487,0.0
7,waypoint_68,-15.0,0.10323956389577521,-0.6888739146935746,1.0242258486310418,15.268026851117611,0.0
8,waypoint_68,-15.0,0.10323956389577521,-0.6888739146935746,1.0242258486310418,472.80585765838623,0.0
9,waypoint_68,-15.0,0.10323956389577521,-0.6888739146935746,1.0242258486310418,421.76103591918945,0.0
10,waypoint_68,-15.0,0.10323956389577521,-0.6888739146935746,1.0242258486310418,260.0102424621582,0.0
11,waypoint_68,-15.0,0.10323956389577521,-0.6888739146935746,1.0242258486310418,265.8675014972687,0.0
12,waypoint_68,-15.0,0.10323956389577521,-0.6888739146935746,1.0242258486310418,271.0663080215454,0.0
13,waypoint_68,-15.0,0.10323956389577521,-0.6888739146935746,1.0242258486310418,300.5187213420868,0.0
14,waypoint_68,-15.0,0.10323956389577521,-0.6888739146935746,1.0242258486310418,535.283088684082,0.0
0,waypoint_68,-30.0,0.10323956389577521,-0.6888739146935746,1.0242258486310418,75.89862495660782,0.0
1,waypoint_68,-30.0,0.10323956389577521,-0.6888739146935746,1.0242258486310418,192.50178337097168,0.0
2,waypoint_68,-30.0,0.10323956389577521,-0.6888739146935746,1.0242258486310418,253.57621908187866,0.0
3,waypoint_68,-30.0,0.10323956389577521,-0.6888739146935746,1.0242258486310418,0.6173651199787855,0.03036520816385746
4,waypoint_68,-30.0,0.10323956389577521,-0.6888739146935746,1.0242258486310418,0.6415226380340755,0.02050129510462284
5,waypoint_68,-30.0,0.10323956389577521,-0.6888739146935746,1.0242258486310418,248.0870634317398,0.0
6,waypoint_68,-30.0,0.10323956389577521,-0.6888739146935746,1.0242258486310418,3.7196010816842318,0.0
7,waypoint_68,-30.0,0.10323956389577521,-0.6888739146935746,1.0242258486310418,1.3604947598651052,0.003950232174247503
8,waypoint_68,-30.0,0.10323956389577521,-0.6888739146935746,1.0242258486310418,494.7616457939148,0.0
9,waypoint_68,-30.0,0.10323956389577521,-0.6888739146935746,1.0242258486310418,453.26584577560425,0.0
10,waypoint_68,-30.0,0.10323956389577521,-0.6888739146935746,1.0242258486310418,270.61814069747925,0.0
11,waypoint_68,-30.0,0.10323956389577521,-0.6888739146935746,1.0242258486310418,276.9237756729126,0.0
12,waypoint_68,-30.0,0.10323956389577521,-0.6888739146935746,1.0242258486310418,288.6337339878082,0.0
13,waypoint_68,-30.0,0.10323956389577521,-0.6888739146935746,1.0242258486310418,308.0267310142517,0.0
14,waypoint_68,-30.0,0.10323956389577521,-0.6888739146935746,1.0242258486310418,569.4147944450378,0.0
0,waypoint_69,-30.0,0.12323956389577545,-0.6888739146935746,1.0242258486310418,24.048959836363792,0.0
1,waypoint_69,-30.0,0.12323956389577545,-0.6888739146935746,1.0242258486310418,168.16209256649017,0.0
2,waypoint_69,-30.0,0.12323956389577545,-0.6888739146935746,1.0242258486310418,255.051851272583,0.0
3,waypoint_69,-30.0,0.12323956389577545,-0.6888739146935746,1.0242258486310418,1.227479544468224,0.032516419887542725
4,waypoint_69,-30.0,0.12323956389577545,-0.6888739146935746,1.0242258486310418,1.2318643275648355,0.022455090656876564
5,waypoint_69,-30.0,0.12323956389577545,-0.6888739146935746,1.0242258486310418,237.2482419013977,0.0
6,waypoint_69,-30.0,0.12323956389577545,-0.6888739146935746,1.0242258486310418,1.1990121565759182,0.006534989923238754
7,waypoint_69,-30.0,0.12323956389577545,-0.6888739146935746,1.0242258486310418,1.1624456383287907,0.0020272135734558105
8,waypoint_69,-30.0,0.12323956389577545,-0.6888739146935746,1.0242258486310418,497.25133180618286,0.0
9,waypoint_69,-30.0,0.12323956389577545,-0.6888739146935746,1.0242258486310418,454.2430341243744,0.0
10,waypoint_69,-30.0,0.12323956389577545,-0.6888739146935746,1.0242258486310418,273.5111117362976,0.0
11,waypoint_69,-30.0,0.12323956389577545,-0.6888739146935746,1.0242258486310418,271.9708979129791,0.0
12,waypoint_69,-30.0,0.12323956389577545,-0.6888739146935746,1.0242258486310418,283.2654118537903,0.0
13,waypoint_69,-30.0,0.12323956389577545,-0.6888739146935746,1.0242258486310418,299.5230555534363,0.0
14,waypoint_69,-30.0,0.12323956389577545,-0.6888739146935746,1.0242258486310418,556.2483072280884,0.0
0,waypoint_69,-15.0,0.12323956389577545,-0.6888739146935746,1.0242258486310418,23.303832858800888,0.0
1,waypoint_69,-15.0,0.12323956389577545,-0.6888739146935746,1.0242258486310418,151.0331779718399,0.0
2,waypoint_69,-15.0,0.12323956389577545,-0.6888739146935746,1.0242258486310418,246.18667364120483,0.0
3,waypoint_69,-15.0,0.12323956389577545,-0.6888739146935746,1.0242258486310418,4.168572369962931,0.0
4,waypoint_69,-15.0,0.12323956389577545,-0.6888739146935746,1.0242258486310418,5.026056431233883,0.0
5,waypoint_69,-15.0,0.12323956389577545,-0.6888739146935746,1.0242258486310418,227.22305357456207,0.0
6,waypoint_69,-15.0,0.12323956389577545,-0.6888739146935746,1.0242258486310418,10.265789926052094,0.0
7,waypoint_69,-15.0,0.12323956389577545,-0.6888739146935746,1.0242258486310418,17.424555495381355,0.0
8,waypoint_69,-15.0,0.12323956389577545,-0.6888739146935746,1.0242258486310418,494.8998689651489,0.0
9,waypoint_69,-15.0,0.12323956389577545,-0.6888739146935746,1.0242258486310418,448.37015867233276,0.0
10,waypoint_69,-15.0,0.12323956389577545,-0.6888739146935746,1.0242258486310418,271.4885175228119,0.0
11,waypoint_69,-15.0,0.12323956389577545,-0.6888739146935746,1.0242258486310418,271.8564569950104,0.0
12,waypoint_69,-15.0,0.12323956389577545,-0.6888739146935746,1.0242258486310418,282.0322513580322,0.0
13,waypoint_69,-15.0,0.12323956389577545,-0.6888739146935746,1.0242258486310418,298.663467168808,0.0
14,waypoint_69,-15.0,0.12323956389577545,-0.6888739146935746,1.0242258486310418,555.8894872665405,0.0
0,waypoint_69,0.0,0.12323956389577545,-0.6888739146935746,1.0242258486310418,67.67887622117996,0.0
1,waypoint_69,0.0,0.12323956389577545,-0.6888739146935746,1.0242258486310418,41.509952396154404,0.0
2,waypoint_69,0.0,0.12323956389577545,-0.6888739146935746,1.0242258486310418,165.38526117801666,0.0
3,waypoint_69,0.0,0.12323956389577545,-0.6888739146935746,1.0242258486310418,0.5061998963356018,0.03298516198992729
4,waypoint_69,0.0,0.12323956389577545,-0.6888739146935746,1.0242258486310418,0.5416421918198466,0.02450409345328808
5,waypoint_69,0.0,0.12323956389577545,-0.6888739146935746,1.0242258486310418,147.67161011695862,0.0
6,waypoint_69,0.0,0.12323956389577545,-0.6888739146935746,1.0242258486310418,0.5856515490449965,0.006440714467316866
7,waypoint_69,0.0,0.12323956389577545,-0.6888739146935746,1.0242258486310418,1.3723626034334302,0.0034471554681658745
8,waypoint_69,0.0,0.12323956389577545,-0.6888739146935746,1.0242258486310418,476.9892990589142,0.0
9,waypoint_69,0.0,0.12323956389577545,-0.6888739146935746,1.0242258486310418,425.54667592048645,0.0
10,waypoint_69,0.0,0.12323956389577545,-0.6888739146935746,1.0242258486310418,262.48759031295776,0.0
11,waypoint_69,0.0,0.12323956389577545,-0.6888739146935746,1.0242258486310418,261.57346367836,0.0
12,waypoint_69,0.0,0.12323956389577545,-0.6888739146935746,1.0242258486310418,261.8752717971802,0.0
13,waypoint_69,0.0,0.12323956389577545,-0.6888739146935746,1.0242258486310418,295.63769698143005,0.0
14,waypoint_69,0.0,0.12323956389577545,-0.6888739146935746,1.0242258486310418,526.4135003089905,0.0
0,waypoint_69,15.0,0.12323956389577545,-0.6888739146935746,1.0242258486310418,80.39507269859314,0.0
1,waypoint_69,15.0,0.12323956389577545,-0.6888739146935746,1.0242258486310418,31.92310407757759,0.0
2,waypoint_69,15.0,0.12323956389577545,-0.6888739146935746,1.0242258486310418,155.18534183502197,0.0
3,waypoint_69,15.0,0.12323956389577545,-0.6888739146935746,1.0242258486310418,5.839642137289047,0.0
4,waypoint_69,15.0,0.12323956389577545,-0.6888739146935746,1.0242258486310418,6.432290654629469,0.0
5,waypoint_69,15.0,0.12323956389577545,-0.6888739146935746,1.0242258486310418,136.6083174943924,0.0
6,waypoint_69,15.0,0.12323956389577545,-0.6888739146935746,1.0242258486310418,10.423734784126282,0.0
7,waypoint_69,15.0,0.12323956389577545,-0.6888739146935746,1.0242258486310418,16.425548121333122,0.0
8,waypoint_69,15.0,0.12323956389577545,-0.6888739146935746,1.0242258486310418,472.4864363670349,0.0
9,waypoint_69,15.0,0.12323956389577545,-0.6888739146935746,1.0242258486310418,420.21140456199646,0.0
10,waypoint_69,15.0,0.12323956389577545,-0.6888739146935746,1.0242258486310418,259.6239447593689,0.0
11,waypoint_69,15.0,0.12323956389577545,-0.6888739146935746,1.0242258486310418,259.31084156036377,0.0
12,waypoint_69,15.0,0.12323956389577545,-0.6888739146935746,1.0242258486310418,256.1446726322174,0.0
13,waypoint_69,15.0,0.12323956389577545,-0.6888739146935746,1.0242258486310418,290.19472002983093,0.0
14,waypoint_69,15.0,0.12323956389577545,-0.6888739146935746,1.0242258486310418,519.5502042770386,0.0
0,waypoint_69,30.0,0.12323956389577545,-0.6888739146935746,1.0242258486310418,164.1014814376831,0.0
1,waypoint_69,30.0,0.12323956389577545,-0.6888739146935746,1.0242258486310418,67.15819984674454,0.0
2,waypoint_69,30.0,0.12323956389577545,-0.6888739146935746,1.0242258486310418,61.4582858979702,0.0
3,waypoint_69,30.0,0.12323956389577545,-0.6888739146935746,1.0242258486310418,1.2779710814356804,0.029959434643387794
4,waypoint_69,30.0,0.12323956389577545,-0.6888739146935746,1.0242258486310418,0.8007721626199782,0.02437761053442955
5,waypoint_69,30.0,0.12323956389577545,-0.6888739146935746,1.0242258486310418,73.46466183662415,0.0
6,waypoint_69,30.0,0.12323956389577545,-0.6888739146935746,1.0242258486310418,1.8984981579706073,0.0
7,waypoint_69,30.0,0.12323956389577545,-0.6888739146935746,1.0242258486310418,1.779687125235796,0.0
8,waypoint_69,30.0,0.12323956389577545,-0.6888739146935746,1.0242258486310418,432.8960180282593,0.0
9,waypoint_69,30.0,0.12323956389577545,-0.6888739146935746,1.0242258486310418,371.5297281742096,0.0
10,waypoint_69,30.0,0.12323956389577545,-0.6888739146935746,1.0242258486310418,242.68589913845062,0.0
11,waypoint_69,30.0,0.12323956389577545,-0.6888739146935746,1.0242258486310418,247.43840098381042,0.0
12,waypoint_69,30.0,0.12323956389577545,-0.6888739146935746,1.0242258486310418,236.01078987121582,0.0
13,waypoint_69,30.0,0.12323956389577545,-0.6888739146935746,1.0242258486310418,279.4511318206787,0.0
14,waypoint_69,30.0,0.12323956389577545,-0.6888739146935746,1.0242258486310418,484.52967405319214,0.0
0,waypoint_70,30.0,0.14323956389577525,-0.6888739146935746,1.0242258486310418,375.128298997879,0.0
1,waypoint_70,30.0,0.14323956389577525,-0.6888739146935746,1.0242258486310418,345.8165228366852,0.0
2,waypoint_70,30.0,0.14323956389577525,-0.6888739146935746,1.0242258486310418,36.32736951112747,0.0
3,waypoint_70,30.0,0.14323956389577525,-0.6888739146935746,1.0242258486310418,0.009549400601827074,0.030283700674772263
4,waypoint_70,30.0,0.14323956389577525,-0.6888739146935746,1.0242258486310418,0.010604268027236685,0.02580247074365616
5,waypoint_70,30.0,0.14323956389577525,-0.6888739146935746,1.0242258486310418,66.46402925252914,0.0
6,waypoint_70,30.0,0.14323956389577525,-0.6888739146935746,1.0242258486310418,0.009660469913796987,0.008595817722380161
7,waypoint_70,30.0,0.14323956389577525,-0.6888739146935746,1.0242258486310418,37.89915516972542,0.0
8,waypoint_70,30.0,0.14323956389577525,-0.6888739146935746,1.0242258486310418,440.4573142528534,0.0
9,waypoint_70,30.0,0.14323956389577525,-0.6888739146935746,1.0242258486310418,376.58417224884033,0.0
10,waypoint_70,30.0,0.14323956389577525,-0.6888739146935746,1.0242258486310418,247.94873595237732,0.0
11,waypoint_70,30.0,0.14323956389577525,-0.6888739146935746,1.0242258486310418,244.82931196689606,0.0
12,waypoint_70,30.0,0.14323956389577525,-0.6888739146935746,1.0242258486310418,234.46692526340485,0.0
13,waypoint_70,30.0,0.14323956389577525,-0.6888739146935746,1.0242258486310418,275.83521604537964,0.0
14,waypoint_70,30.0,0.14323956389577525,-0.6888739146935746,1.0242258486310418,470.56177258491516,0.0
0,waypoint_70,15.0,0.14323956389577525,-0.6888739146935746,1.0242258486310418,287.6993715763092,0.0
1,waypoint_70,15.0,0.14323956389577525,-0.6888739146935746,1.0242258486310418,262.0759904384613,0.0
2,waypoint_70,15.0,0.14323956389577525,-0.6888739146935746,1.0242258486310418,87.52839267253876,0.0
3,waypoint_70,15.0,0.14323956389577525,-0.6888739146935746,1.0242258486310418,0.5567017360590398,0.03289409726858139
4,waypoint_70,15.0,0.14323956389577525,-0.6888739146935746,1.0242258486310418,0.4245185700710863,0.02633771300315857
5,waypoint_70,15.0,0.14323956389577525,-0.6888739146935746,1.0242258486310418,93.66647899150848,0.0
6,waypoint_70,15.0,0.14323956389577525,-0.6888739146935746,1.0242258486310418,0.6611598073504865,0.008332353085279465
7,waypoint_70,15.0,0.14323956389577525,-0.6888739146935746,1.0242258486310418,1.237893826328218,0.0018527723150327802
8,waypoint_70,15.0,0.14323956389577525,-0.6888739146935746,1.0242258486310418,456.2014639377594,0.0
9,waypoint_70,15.0,0.14323956389577525,-0.6888739146935746,1.0242258486310418,395.740270614624,0.0
10,waypoint_70,15.0,0.14323956389577525,-0.6888739146935746,1.0242258486310418,256.06465339660645,0.0
11,waypoint_70,15.0,0.14323956389577525,-0.6888739146935746,1.0242258486310418,248.8444447517395,0.0
12,waypoint_70,15.0,0.14323956389577525,-0.6888739146935746,1.0242258486310418,241.3129061460495,0.0
13,waypoint_70,15.0,0.14323956389577525,-0.6888739146935746,1.0242258486310418,285.6546640396118,0.0
14,waypoint_70,15.0,0.14323956389577525,-0.6888739146935746,1.0242258486310418,483.501136302948,0.0
0,waypoint_70,0.0,0.14323956389577525,-0.6888739146935746,1.0242258486310418,309.05771255493164,0.0
1,waypoint_70,0.0,0.14323956389577525,-0.6888739146935746,1.0242258486310418,293.19486021995544,0.0
2,waypoint_70,0.0,0.14323956389577525,-0.6888739146935746,1.0242258486310418,102.20454633235931,0.0
3,waypoint_70,0.0,0.14323956389577525,-0.6888739146935746,1.0242258486310418,6.257247179746628,0.0
4,waypoint_70,0.0,0.14323956389577525,-0.6888739146935746,1.0242258486310418,6.482925266027451,0.0
5,waypoint_70,0.0,0.14323956389577525,-0.6888739146935746,1.0242258486310418,104.34041917324066,0.0
6,waypoint_70,0.0,0.14323956389577525,-0.6888739146935746,1.0242258486310418,9.467311203479767,0.0
7,waypoint_70,0.0,0.14323956389577525,-0.6888739146935746,1.0242258486310418,14.094293117523193,0.0
8,waypoint_70,0.0,0.14323956389577525,-0.6888739146935746,1.0242258486310418,460.46870946884155,0.0
9,waypoint_70,0.0,0.14323956389577525,-0.6888739146935746,1.0242258486310418,400.90611577033997,0.0
10,waypoint_70,0.0,0.14323956389577525,-0.6888739146935746,1.0242258486310418,258.9670419692993,0.0
11,waypoint_70,0.0,0.14323956389577525,-0.6888739146935746,1.0242258486310418,250.33870339393616,0.0
12,waypoint_70,0.0,0.14323956389577525,-0.6888739146935746,1.0242258486310418,245.01439929008484,0.0
13,waypoint_70,0.0,0.14323956389577525,-0.6888739146935746,1.0242258486310418,285.22995114326477,0.0
14,waypoint_70,0.0,0.14323956389577525,-0.6888739146935746,1.0242258486310418,489.33953046798706,0.0
0,waypoint_70,-15.0,0.14323956389577525,-0.6888739146935746,1.0242258486310418,263.3856534957886,0.0
1,waypoint_70,-15.0,0.14323956389577525,-0.6888739146935746,1.0242258486310418,301.2987971305847,0.0
2,waypoint_70,-15.0,0.14323956389577525,-0.6888739146935746,1.0242258486310418,197.12024927139282,0.0
3,waypoint_70,-15.0,0.14323956389577525,-0.6888739146935746,1.0242258486310418,0.5685941432602704,0.03484160453081131
4,waypoint_70,-15.0,0.14323956389577525,-0.6888739146935746,1.0242258486310418,0.5699133034795523,0.02559923194348812
5,waypoint_70,-15.0,0.14323956389577525,-0.6888739146935746,1.0242258486310418,183.781236410141,0.0
6,waypoint_70,-15.0,0.14323956389577525,-0.6888739146935746,1.0242258486310418,0.9036693372763693,0.008234226144850254
7,waypoint_70,-15.0,0.14323956389577525,-0.6888739146935746,1.0242258486310418,0.97199238371104,0.0009535719291307032
8,waypoint_70,-15.0,0.14323956389577525,-0.6888739146935746,1.0242258486310418,484.4760000705719,0.0
9,waypoint_70,-15.0,0.14323956389577525,-0.6888739146935746,1.0242258486310418,435.8648359775543,0.0
10,waypoint_70,-15.0,0.14323956389577525,-0.6888739146935746,1.0242258486310418,269.5446014404297,0.0
11,waypoint_70,-15.0,0.14323956389577525,-0.6888739146935746,1.0242258486310418,264.57005739212036,0.0
12,waypoint_70,-15.0,0.14323956389577525,-0.6888739146935746,1.0242258486310418,274.88240599632263,0.0
13,waypoint_70,-15.0,0.14323956389577525,-0.6888739146935746,1.0242258486310418,287.99107670783997,0.0
14,waypoint_70,-15.0,0.14323956389577525,-0.6888739146935746,1.0242258486310418,528.1720757484436,0.0
0,waypoint_70,-30.0,0.14323956389577525,-0.6888739146935746,1.0242258486310418,296.6352701187134,0.0
1,waypoint_70,-30.0,0.14323956389577525,-0.6888739146935746,1.0242258486310418,315.3221011161804,0.0
2,waypoint_70,-30.0,0.14323956389577525,-0.6888739146935746,1.0242258486310418,208.2836925983429,0.0
3,waypoint_70,-30.0,0.14323956389577525,-0.6888739146935746,1.0242258486310418,5.0008874386549,0.0
4,waypoint_70,-30.0,0.14323956389577525,-0.6888739146935746,1.0242258486310418,5.7757338508963585,0.0
5,waypoint_70,-30.0,0.14323956389577525,-0.6888739146935746,1.0242258486310418,194.9005126953125,0.0
6,waypoint_70,-30.0,0.14323956389577525,-0.6888739146935746,1.0242258486310418,10.850691236555576,0.0
7,waypoint_70,-30.0,0.14323956389577525,-0.6888739146935746,1.0242258486310418,14.724708162248135,0.0
8,waypoint_70,-30.0,0.14323956389577525,-0.6888739146935746,1.0242258486310418,487.1996343135834,0.0
9,waypoint_70,-30.0,0.14323956389577525,-0.6888739146935746,1.0242258486310418,438.91313672065735,0.0
10,waypoint_70,-30.0,0.14323956389577525,-0.6888739146935746,1.0242258486310418,272.4718451499939,0.0
11,waypoint_70,-30.0,0.14323956389577525,-0.6888739146935746,1.0242258486310418,265.9401595592499,0.0
12,waypoint_70,-30.0,0.14323956389577525,-0.6888739146935746,1.0242258486310418,276.6464948654175,0.0
13,waypoint_70,-30.0,0.14323956389577525,-0.6888739146935746,1.0242258486310418,292.94049739837646,0.0
14,waypoint_70,-30.0,0.14323956389577525,-0.6888739146935746,1.0242258486310418,528.3502340316772,0.0
