Env_ID,Waypoint,Angle_X,Pos_X,Pos_Y,Pos_Z,Error_mm,Manipulability_Index
0,waypoint_01,-30.0,0.06323956389577612,-0.8322438621242686,1.0638120569246137,4780.917167663574,0.0
1,waypoint_01,-30.0,0.06323956389577612,-0.8322438621242686,1.0638120569246137,3260.617971420288,0.0
2,waypoint_01,-30.0,0.06323956389577612,-0.8322438621242686,1.0638120569246137,3199.751615524292,0.0
3,waypoint_01,-30.0,0.06323956389577612,-0.8322438621242686,1.0638120569246137,1341.289758682251,0.0
4,waypoint_01,-30.0,0.06323956389577612,-0.8322438621242686,1.0638120569246137,1506.9966316223145,0.0
5,waypoint_01,-30.0,0.06323956389577612,-0.8322438621242686,1.0638120569246137,2333.2760334014893,0.0
6,waypoint_01,-30.0,0.06323956389577612,-0.8322438621242686,1.0638120569246137,1760.598063468933,0.0
7,waypoint_01,-30.0,0.06323956389577612,-0.8322438621242686,1.0638120569246137,1498.3028173446655,0.0
8,waypoint_01,-30.0,0.06323956389577612,-0.8322438621242686,1.0638120569246137,394.6005403995514,0.0
9,waypoint_01,-30.0,0.06323956389577612,-0.8322438621242686,1.0638120569246137,343.95912289619446,0.0
10,waypoint_01,-30.0,0.06323956389577612,-0.8322438621242686,1.0638120569246137,398.14212918281555,0.0
11,waypoint_01,-30.0,0.06323956389577612,-0.8322438621242686,1.0638120569246137,439.2453730106354,0.0
12,waypoint_01,-30.0,0.06323956389577612,-0.8322438621242686,1.0638120569246137,487.1639311313629,0.0
13,waypoint_01,-30.0,0.06323956389577612,-0.8322438621242686,1.0638120569246137,512.5802159309387,0.0
14,waypoint_01,-30.0,0.06323956389577612,-0.8322438621242686,1.0638120569246137,641.4430737495422,0.0
0,waypoint_01,-15.0,0.06323956389577612,-0.8322438621242686,1.0638120569246137,4616.890430450439,0.0
1,waypoint_01,-15.0,0.06323956389577612,-0.8322438621242686,1.0638120569246137,3262.7668380737305,0.0
2,waypoint_01,-15.0,0.06323956389577612,-0.8322438621242686,1.0638120569246137,3178.3769130706787,0.0
3,waypoint_01,-15.0,0.06323956389577612,-0.8322438621242686,1.0638120569246137,1427.4307489395142,0.0
4,waypoint_01,-15.0,0.06323956389577612,-0.8322438621242686,1.0638120569246137,1504.2346715927124,0.0
5,waypoint_01,-15.0,0.06323956389577612,-0.8322438621242686,1.0638120569246137,2299.4840145111084,0.0
6,waypoint_01,-15.0,0.06323956389577612,-0.8322438621242686,1.0638120569246137,2540.255546569824,0.0
7,waypoint_01,-15.0,0.06323956389577612,-0.8322438621242686,1.0638120569246137,1692.4827098846436,0.0
8,waypoint_01,-15.0,0.06323956389577612,-0.8322438621242686,1.0638120569246137,389.94064927101135,0.0
9,waypoint_01,-15.0,0.06323956389577612,-0.8322438621242686,1.0638120569246137,343.97223591804504,0.0
10,waypoint_01,-15.0,0.06323956389577612,-0.8322438621242686,1.0638120569246137,415.95613956451416,0.0
11,waypoint_01,-15.0,0.06323956389577612,-0.8322438621242686,1.0638120569246137,429.0179908275604,0.0
12,waypoint_01,-15.0,0.06323956389577612,-0.8322438621242686,1.0638120569246137,486.1687123775482,0.0
13,waypoint_01,-15.0,0.06323956389577612,-0.8322438621242686,1.0638120569246137,512.5963091850281,0.0
14,waypoint_01,-15.0,0.06323956389577612,-0.8322438621242686,1.0638120569246137,663.6321544647217,0.0
0,waypoint_01,0.0,0.06323956389577612,-0.8322438621242686,1.0638120569246137,4476.576328277588,0.0
1,waypoint_01,0.0,0.06323956389577612,-0.8322438621242686,1.0638120569246137,3265.2595043182373,0.0
2,waypoint_01,0.0,0.06323956389577612,-0.8322438621242686,1.0638120569246137,3167.0188903808594,0.0
3,waypoint_01,0.0,0.06323956389577612,-0.8322438621242686,1.0638120569246137,1499.7572898864746,0.0
4,waypoint_01,0.0,0.06323956389577612,-0.8322438621242686,1.0638120569246137,1522.2022533416748,0.0
5,waypoint_01,0.0,0.06323956389577612,-0.8322438621242686,1.0638120569246137,1857.0129871368408,0.0
6,waypoint_01,0.0,0.06323956389577612,-0.8322438621242686,1.0638120569246137,2697.3276138305664,0.0
7,waypoint_01,0.0,0.06323956389577612,-0.8322438621242686,1.0638120569246137,1712.1858596801758,0.0
8,waypoint_01,0.0,0.06323956389577612,-0.8322438621242686,1.0638120569246137,471.26561403274536,0.0
9,waypoint_01,0.0,0.06323956389577612,-0.8322438621242686,1.0638120569246137,866.3858771324158,0.0
10,waypoint_01,0.0,0.06323956389577612,-0.8322438621242686,1.0638120569246137,834.1332674026489,0.0
11,waypoint_01,0.0,0.06323956389577612,-0.8322438621242686,1.0638120569246137,538.7623310089111,0.0
12,waypoint_01,0.0,0.06323956389577612,-0.8322438621242686,1.0638120569246137,491.03009700775146,0.0
13,waypoint_01,0.0,0.06323956389577612,-0.8322438621242686,1.0638120569246137,506.503164768219,0.0
14,waypoint_01,0.0,0.06323956389577612,-0.8322438621242686,1.0638120569246137,642.6689028739929,0.0
0,waypoint_01,15.0,0.06323956389577612,-0.8322438621242686,1.0638120569246137,4414.642810821533,0.0
1,waypoint_01,15.0,0.06323956389577612,-0.8322438621242686,1.0638120569246137,3273.7550735473633,0.0
2,waypoint_01,15.0,0.06323956389577612,-0.8322438621242686,1.0638120569246137,3136.2740993499756,0.0
3,waypoint_01,15.0,0.06323956389577612,-0.8322438621242686,1.0638120569246137,1485.9657287597656,0.0
4,waypoint_01,15.0,0.06323956389577612,-0.8322438621242686,1.0638120569246137,1548.9161014556885,0.0
5,waypoint_01,15.0,0.06323956389577612,-0.8322438621242686,1.0638120569246137,1807.054042816162,0.0
6,waypoint_01,15.0,0.06323956389577612,-0.8322438621242686,1.0638120569246137,2705.094337463379,0.0
7,waypoint_01,15.0,0.06323956389577612,-0.8322438621242686,1.0638120569246137,1708.6492776870728,0.0
8,waypoint_01,15.0,0.06323956389577612,-0.8322438621242686,1.0638120569246137,438.66726756095886,0.0
9,waypoint_01,15.0,0.06323956389577612,-0.8322438621242686,1.0638120569246137,995.0909614562988,0.0
10,waypoint_01,15.0,0.06323956389577612,-0.8322438621242686,1.0638120569246137,689.4974112510681,0.0
11,waypoint_01,15.0,0.06323956389577612,-0.8322438621242686,1.0638120569246137,569.7275400161743,0.0
12,waypoint_01,15.0,0.06323956389577612,-0.8322438621242686,1.0638120569246137,572.076141834259,0.0
13,waypoint_01,15.0,0.06323956389577612,-0.8322438621242686,1.0638120569246137,505.62554597854614,0.0
14,waypoint_01,15.0,0.06323956389577612,-0.8322438621242686,1.0638120569246137,806.0099482536316,0.0
0,waypoint_01,30.0,0.06323956389577612,-0.8322438621242686,1.0638120569246137,4325.434684753418,0.0
1,waypoint_01,30.0,0.06323956389577612,-0.8322438621242686,1.0638120569246137,3278.9223194122314,0.0
2,waypoint_01,30.0,0.06323956389577612,-0.8322438621242686,1.0638120569246137,3129.009008407593,0.0
3,waypoint_01,30.0,0.06323956389577612,-0.8322438621242686,1.0638120569246137,1483.025074005127,0.0
4,waypoint_01,30.0,0.06323956389577612,-0.8322438621242686,1.0638120569246137,1549.4011640548706,0.0
5,waypoint_01,30.0,0.06323956389577612,-0.8322438621242686,1.0638120569246137,1899.8174667358398,0.0
6,waypoint_01,30.0,0.06323956389577612,-0.8322438621242686,1.0638120569246137,2718.331813812256,0.0
7,waypoint_01,30.0,0.06323956389577612,-0.8322438621242686,1.0638120569246137,1660.733938217163,0.0
8,waypoint_01,30.0,0.06323956389577612,-0.8322438621242686,1.0638120569246137,519.7824239730835,0.0
9,waypoint_01,30.0,0.06323956389577612,-0.8322438621242686,1.0638120569246137,959.3596458435059,0.0
10,waypoint_01,30.0,0.06323956389577612,-0.8322438621242686,1.0638120569246137,696.9128251075745,0.0
11,waypoint_01,30.0,0.06323956389577612,-0.8322438621242686,1.0638120569246137,576.858639717102,0.0
12,waypoint_01,30.0,0.06323956389577612,-0.8322438621242686,1.0638120569246137,571.769654750824,0.0
13,waypoint_01,30.0,0.06323956389577612,-0.8322438621242686,1.0638120569246137,653.6862850189209,0.0
14,waypoint_01,30.0,0.06323956389577612,-0.8322438621242686,1.0638120569246137,722.0646142959595,0.0
0,waypoint_02,30.0,0.08323956389577569,-0.8322438621242686,1.0638120569246137,4343.405723571777,0.0
1,waypoint_02,30.0,0.08323956389577569,-0.8322438621242686,1.0638120569246137,3282.3264598846436,0.0
2,waypoint_02,30.0,0.08323956389577569,-0.8322438621242686,1.0638120569246137,3105.342388153076,0.0
3,waypoint_02,30.0,0.08323956389577569,-0.8322438621242686,1.0638120569246137,1463.9626741409302,0.0
4,waypoint_02,30.0,0.08323956389577569,-0.8322438621242686,1.0638120569246137,1529.9952030181885,0.0
5,waypoint_02,30.0,0.08323956389577569,-0.8322438621242686,1.0638120569246137,1890.0198936462402,0.0
6,waypoint_02,30.0,0.08323956389577569,-0.8322438621242686,1.0638120569246137,2703.1562328338623,0.0
7,waypoint_02,30.0,0.08323956389577569,-0.8322438621242686,1.0638120569246137,1592.2356843948364,0.0
8,waypoint_02,30.0,0.08323956389577569,-0.8322438621242686,1.0638120569246137,524.7052907943726,0.0
9,waypoint_02,30.0,0.08323956389577569,-0.8322438621242686,1.0638120569246137,974.631130695343,0.0
10,waypoint_02,30.0,0.08323956389577569,-0.8322438621242686,1.0638120569246137,710.6781601905823,0.0
11,waypoint_02,30.0,0.08323956389577569,-0.8322438621242686,1.0638120569246137,587.8127217292786,0.0
12,waypoint_02,30.0,0.08323956389577569,-0.8322438621242686,1.0638120569246137,585.6428742408752,0.0
13,waypoint_02,30.0,0.08323956389577569,-0.8322438621242686,1.0638120569246137,663.0933284759521,0.0
14,waypoint_02,30.0,0.08323956389577569,-0.8322438621242686,1.0638120569246137,700.2801895141602,0.0
0,waypoint_02,15.0,0.08323956389577569,-0.8322438621242686,1.0638120569246137,4367.099761962891,0.0
1,waypoint_02,15.0,0.08323956389577569,-0.8322438621242686,1.0638120569246137,3270.5647945404053,0.0
2,waypoint_02,15.0,0.08323956389577569,-0.8322438621242686,1.0638120569246137,3139.66703414917,0.0
3,waypoint_02,15.0,0.08323956389577569,-0.8322438621242686,1.0638120569246137,1508.1623792648315,0.0
4,waypoint_02,15.0,0.08323956389577569,-0.8322438621242686,1.0638120569246137,1529.4572114944458,0.0
5,waypoint_02,15.0,0.08323956389577569,-0.8322438621242686,1.0638120569246137,1797.351360321045,0.0
6,waypoint_02,15.0,0.08323956389577569,-0.8322438621242686,1.0638120569246137,2673.74324798584,0.0
7,waypoint_02,15.0,0.08323956389577569,-0.8322438621242686,1.0638120569246137,1634.9071264266968,0.0
8,waypoint_02,15.0,0.08323956389577569,-0.8322438621242686,1.0638120569246137,473.5775887966156,0.0
9,waypoint_02,15.0,0.08323956389577569,-0.8322438621242686,1.0638120569246137,1010.3487968444824,0.0
10,waypoint_02,15.0,0.08323956389577569,-0.8322438621242686,1.0638120569246137,701.7254829406738,0.0
11,waypoint_02,15.0,0.08323956389577569,-0.8322438621242686,1.0638120569246137,628.8058161735535,0.0
12,waypoint_02,15.0,0.08323956389577569,-0.8322438621242686,1.0638120569246137,595.5533981323242,0.0
13,waypoint_02,15.0,0.08323956389577569,-0.8322438621242686,1.0638120569246137,690.6777620315552,0.0
14,waypoint_02,15.0,0.08323956389577569,-0.8322438621242686,1.0638120569246137,855.7490706443787,0.0
0,waypoint_02,0.0,0.08323956389577569,-0.8322438621242686,1.0638120569246137,4479.378700256348,0.0
1,waypoint_02,0.0,0.08323956389577569,-0.8322438621242686,1.0638120569246137,3268.6357498168945,0.0
2,waypoint_02,0.0,0.08323956389577569,-0.8322438621242686,1.0638120569246137,3128.913640975952,0.0
3,waypoint_02,0.0,0.08323956389577569,-0.8322438621242686,1.0638120569246137,1433.5130453109741,0.0
4,waypoint_02,0.0,0.08323956389577569,-0.8322438621242686,1.0638120569246137,1529.4444561004639,0.0
5,waypoint_02,0.0,0.08323956389577569,-0.8322438621242686,1.0638120569246137,1867.0239448547363,0.0
6,waypoint_02,0.0,0.08323956389577569,-0.8322438621242686,1.0638120569246137,2680.9821128845215,0.0
7,waypoint_02,0.0,0.08323956389577569,-0.8322438621242686,1.0638120569246137,1753.9501190185547,0.0
8,waypoint_02,0.0,0.08323956389577569,-0.8322438621242686,1.0638120569246137,477.4397909641266,0.0
9,waypoint_02,0.0,0.08323956389577569,-0.8322438621242686,1.0638120569246137,1092.077612876892,0.0
10,waypoint_02,0.0,0.08323956389577569,-0.8322438621242686,1.0638120569246137,771.3488340377808,0.0
11,waypoint_02,0.0,0.08323956389577569,-0.8322438621242686,1.0638120569246137,653.0996561050415,0.0
12,waypoint_02,0.0,0.08323956389577569,-0.8322438621242686,1.0638120569246137,754.0996074676514,0.0
13,waypoint_02,0.0,0.08323956389577569,-0.8322438621242686,1.0638120569246137,726.5145778656006,0.0
14,waypoint_02,0.0,0.08323956389577569,-0.8322438621242686,1.0638120569246137,863.202691078186,0.0
0,waypoint_02,-15.0,0.08323956389577569,-0.8322438621242686,1.0638120569246137,4666.688442230225,0.0
1,waypoint_02,-15.0,0.08323956389577569,-0.8322438621242686,1.0638120569246137,3266.716241836548,0.0
2,waypoint_02,-15.0,0.08323956389577569,-0.8322438621242686,1.0638120569246137,3129.1966438293457,0.0
3,waypoint_02,-15.0,0.08323956389577569,-0.8322438621242686,1.0638120569246137,1469.1821336746216,0.0
4,waypoint_02,-15.0,0.08323956389577569,-0.8322438621242686,1.0638120569246137,1528.8230180740356,0.0
5,waypoint_02,-15.0,0.08323956389577569,-0.8322438621242686,1.0638120569246137,2298.370122909546,0.0
6,waypoint_02,-15.0,0.08323956389577569,-0.8322438621242686,1.0638120569246137,2660.278797149658,0.0
7,waypoint_02,-15.0,0.08323956389577569,-0.8322438621242686,1.0638120569246137,1834.516167640686,0.0
8,waypoint_02,-15.0,0.08323956389577569,-0.8322438621242686,1.0638120569246137,448.00829887390137,0.0
9,waypoint_02,-15.0,0.08323956389577569,-0.8322438621242686,1.0638120569246137,1153.5435914993286,0.0
10,waypoint_02,-15.0,0.08323956389577569,-0.8322438621242686,1.0638120569246137,884.5841884613037,0.0
11,waypoint_02,-15.0,0.08323956389577569,-0.8322438621242686,1.0638120569246137,670.8660125732422,0.0
12,waypoint_02,-15.0,0.08323956389577569,-0.8322438621242686,1.0638120569246137,823.3423233032227,0.0
13,waypoint_02,-15.0,0.08323956389577569,-0.8322438621242686,1.0638120569246137,748.2412457466125,0.0
14,waypoint_02,-15.0,0.08323956389577569,-0.8322438621242686,1.0638120569246137,892.7651047706604,0.0
0,waypoint_02,-30.0,0.08323956389577569,-0.8322438621242686,1.0638120569246137,4786.221504211426,0.0
1,waypoint_02,-30.0,0.08323956389577569,-0.8322438621242686,1.0638120569246137,3265.2993202209473,0.0
2,waypoint_02,-30.0,0.08323956389577569,-0.8322438621242686,1.0638120569246137,3156.9814682006836,0.0
3,waypoint_02,-30.0,0.08323956389577569,-0.8322438621242686,1.0638120569246137,1332.66019821167,0.0
4,waypoint_02,-30.0,0.08323956389577569,-0.8322438621242686,1.0638120569246137,1529.3874740600586,0.0
5,waypoint_02,-30.0,0.08323956389577569,-0.8322438621242686,1.0638120569246137,2327.7640342712402,0.0
6,waypoint_02,-30.0,0.08323956389577569,-0.8322438621242686,1.0638120569246137,2685.2810382843018,0.0
7,waypoint_02,-30.0,0.08323956389577569,-0.8322438621242686,1.0638120569246137,1951.8920183181763,0.0
8,waypoint_02,-30.0,0.08323956389577569,-0.8322438621242686,1.0638120569246137,433.14504623413086,0.0
9,waypoint_02,-30.0,0.08323956389577569,-0.8322438621242686,1.0638120569246137,1178.337812423706,0.0
10,waypoint_02,-30.0,0.08323956389577569,-0.8322438621242686,1.0638120569246137,952.036440372467,0.0
11,waypoint_02,-30.0,0.08323956389577569,-0.8322438621242686,1.0638120569246137,694.3290829658508,0.0
12,waypoint_02,-30.0,0.08323956389577569,-0.8322438621242686,1.0638120569246137,885.7974410057068,0.0
13,waypoint_02,-30.0,0.08323956389577569,-0.8322438621242686,1.0638120569246137,789.4893288612366,0.0
14,waypoint_02,-30.0,0.08323956389577569,-0.8322438621242686,1.0638120569246137,888.973593711853,0.0
0,waypoint_03,-30.0,0.10323956389577549,-0.8322438621242686,1.0638120569246137,4795.938968658447,0.0
1,waypoint_03,-30.0,0.10323956389577549,-0.8322438621242686,1.0638120569246137,3266.2100791931152,0.0
2,waypoint_03,-30.0,0.10323956389577549,-0.8322438621242686,1.0638120569246137,3247.084379196167,0.0
3,waypoint_03,-30.0,0.10323956389577549,-0.8322438621242686,1.0638120569246137,1296.743631362915,0.0
4,waypoint_03,-30.0,0.10323956389577549,-0.8322438621242686,1.0638120569246137,1510.0210905075073,0.0
5,waypoint_03,-30.0,0.10323956389577549,-0.8322438621242686,1.0638120569246137,2323.6348628997803,0.0
6,waypoint_03,-30.0,0.10323956389577549,-0.8322438621242686,1.0638120569246137,2666.7838096618652,0.0
7,waypoint_03,-30.0,0.10323956389577549,-0.8322438621242686,1.0638120569246137,1775.523066520691,0.0
8,waypoint_03,-30.0,0.10323956389577549,-0.8322438621242686,1.0638120569246137,447.13300466537476,0.0
9,waypoint_03,-30.0,0.10323956389577549,-0.8322438621242686,1.0638120569246137,1192.4636363983154,0.0
10,waypoint_03,-30.0,0.10323956389577549,-0.8322438621242686,1.0638120569246137,963.3457660675049,0.0
11,waypoint_03,-30.0,0.10323956389577549,-0.8322438621242686,1.0638120569246137,704.861581325531,0.0
12,waypoint_03,-30.0,0.10323956389577549,-0.8322438621242686,1.0638120569246137,896.0661292076111,0.0
13,waypoint_03,-30.0,0.10323956389577549,-0.8322438621242686,1.0638120569246137,797.4878549575806,0.0
14,waypoint_03,-30.0,0.10323956389577549,-0.8322438621242686,1.0638120569246137,924.5143532752991,0.0
0,waypoint_03,-15.0,0.10323956389577549,-0.8322438621242686,1.0638120569246137,4712.890625,0.0
1,waypoint_03,-15.0,0.10323956389577549,-0.8322438621242686,1.0638120569246137,3268.209457397461,0.0
2,waypoint_03,-15.0,0.10323956389577549,-0.8322438621242686,1.0638120569246137,3231.121778488159,0.0
3,waypoint_03,-15.0,0.10323956389577549,-0.8322438621242686,1.0638120569246137,1369.1588640213013,0.0
4,waypoint_03,-15.0,0.10323956389577549,-0.8322438621242686,1.0638120569246137,1510.2012157440186,0.0
5,waypoint_03,-15.0,0.10323956389577549,-0.8322438621242686,1.0638120569246137,2292.1037673950195,0.0
6,waypoint_03,-15.0,0.10323956389577549,-0.8322438621242686,1.0638120569246137,2647.498846054077,0.0
7,waypoint_03,-15.0,0.10323956389577549,-0.8322438621242686,1.0638120569246137,1644.524097442627,0.0
8,waypoint_03,-15.0,0.10323956389577549,-0.8322438621242686,1.0638120569246137,447.52442836761475,0.0
9,waypoint_03,-15.0,0.10323956389577549,-0.8322438621242686,1.0638120569246137,1155.4278135299683,0.0
10,waypoint_03,-15.0,0.10323956389577549,-0.8322438621242686,1.0638120569246137,930.8272004127502,0.0
11,waypoint_03,-15.0,0.10323956389577549,-0.8322438621242686,1.0638120569246137,703.4319043159485,0.0
12,waypoint_03,-15.0,0.10323956389577549,-0.8322438621242686,1.0638120569246137,864.1989231109619,0.0
13,waypoint_03,-15.0,0.10323956389577549,-0.8322438621242686,1.0638120569246137,780.0214290618896,0.0
14,waypoint_03,-15.0,0.10323956389577549,-0.8322438621242686,1.0638120569246137,915.5555963516235,0.0
0,waypoint_03,0.0,0.10323956389577549,-0.8322438621242686,1.0638120569246137,4466.719627380371,0.0
1,waypoint_03,0.0,0.10323956389577549,-0.8322438621242686,1.0638120569246137,3271.0816860198975,0.0
2,waypoint_03,0.0,0.10323956389577549,-0.8322438621242686,1.0638120569246137,3192.030906677246,0.0
3,waypoint_03,0.0,0.10323956389577549,-0.8322438621242686,1.0638120569246137,1428.1809329986572,0.0
4,waypoint_03,0.0,0.10323956389577549,-0.8322438621242686,1.0638120569246137,1510.493278503418,0.0
5,waypoint_03,0.0,0.10323956389577549,-0.8322438621242686,1.0638120569246137,1905.7221412658691,0.0
6,waypoint_03,0.0,0.10323956389577549,-0.8322438621242686,1.0638120569246137,2661.0941886901855,0.0
7,waypoint_03,0.0,0.10323956389577549,-0.8322438621242686,1.0638120569246137,1782.248854637146,0.0
8,waypoint_03,0.0,0.10323956389577549,-0.8322438621242686,1.0638120569246137,486.691951751709,0.0
9,waypoint_03,0.0,0.10323956389577549,-0.8322438621242686,1.0638120569246137,1143.1056261062622,0.0
10,waypoint_03,0.0,0.10323956389577549,-0.8322438621242686,1.0638120569246137,852.9720902442932,0.0
11,waypoint_03,0.0,0.10323956389577549,-0.8322438621242686,1.0638120569246137,673.1446981430054,0.0
12,waypoint_03,0.0,0.10323956389577549,-0.8322438621242686,1.0638120569246137,934.9381327629089,0.0
13,waypoint_03,0.0,0.10323956389577549,-0.8322438621242686,1.0638120569246137,734.785795211792,0.0
14,waypoint_03,0.0,0.10323956389577549,-0.8322438621242686,1.0638120569246137,797.4002361297607,0.0
0,waypoint_03,15.0,0.10323956389577549,-0.8322438621242686,1.0638120569246137,4423.874855041504,0.0
1,waypoint_03,15.0,0.10323956389577549,-0.8322438621242686,1.0638120569246137,3274.2233276367188,0.0
2,waypoint_03,15.0,0.10323956389577549,-0.8322438621242686,1.0638120569246137,3077.948808670044,0.0
3,waypoint_03,15.0,0.10323956389577549,-0.8322438621242686,1.0638120569246137,1438.8587474822998,0.0
4,waypoint_03,15.0,0.10323956389577549,-0.8322438621242686,1.0638120569246137,1511.91246509552,0.0
5,waypoint_03,15.0,0.10323956389577549,-0.8322438621242686,1.0638120569246137,1780.6196212768555,0.0
6,waypoint_03,15.0,0.10323956389577549,-0.8322438621242686,1.0638120569246137,2660.027265548706,0.0
7,waypoint_03,15.0,0.10323956389577549,-0.8322438621242686,1.0638120569246137,1572.5880861282349,0.0
8,waypoint_03,15.0,0.10323956389577549,-0.8322438621242686,1.0638120569246137,481.8320870399475,0.0
9,waypoint_03,15.0,0.10323956389577549,-0.8322438621242686,1.0638120569246137,1043.6921119689941,0.0
10,waypoint_03,15.0,0.10323956389577549,-0.8322438621242686,1.0638120569246137,732.9739332199097,0.0
11,waypoint_03,15.0,0.10323956389577549,-0.8322438621242686,1.0638120569246137,638.3816003799438,0.0
12,waypoint_03,15.0,0.10323956389577549,-0.8322438621242686,1.0638120569246137,934.9395036697388,0.0
13,waypoint_03,15.0,0.10323956389577549,-0.8322438621242686,1.0638120569246137,699.7026801109314,0.0
14,waypoint_03,15.0,0.10323956389577549,-0.8322438621242686,1.0638120569246137,817.2773122787476,0.0
0,waypoint_03,30.0,0.10323956389577549,-0.8322438621242686,1.0638120569246137,4327.140808105469,0.0
1,waypoint_03,30.0,0.10323956389577549,-0.8322438621242686,1.0638120569246137,3276.8077850341797,0.0
2,waypoint_03,30.0,0.10323956389577549,-0.8322438621242686,1.0638120569246137,3320.007085800171,0.0
3,waypoint_03,30.0,0.10323956389577549,-0.8322438621242686,1.0638120569246137,1421.5010404586792,0.0
4,waypoint_03,30.0,0.10323956389577549,-0.8322438621242686,1.0638120569246137,1513.5338306427002,0.0
5,waypoint_03,30.0,0.10323956389577549,-0.8322438621242686,1.0638120569246137,1866.338610649109,0.0
6,waypoint_03,30.0,0.10323956389577549,-0.8322438621242686,1.0638120569246137,2663.372039794922,0.0
7,waypoint_03,30.0,0.10323956389577549,-0.8322438621242686,1.0638120569246137,1623.1716871261597,0.0
8,waypoint_03,30.0,0.10323956389577549,-0.8322438621242686,1.0638120569246137,534.0933203697205,0.0
9,waypoint_03,30.0,0.10323956389577549,-0.8322438621242686,1.0638120569246137,993.0568933486938,0.0
10,waypoint_03,30.0,0.10323956389577549,-0.8322438621242686,1.0638120569246137,726.8503308296204,0.0
11,waypoint_03,30.0,0.10323956389577549,-0.8322438621242686,1.0638120569246137,621.4981079101562,0.0
12,waypoint_03,30.0,0.10323956389577549,-0.8322438621242686,1.0638120569246137,797.1833348274231,0.0
13,waypoint_03,30.0,0.10323956389577549,-0.8322438621242686,1.0638120569246137,678.5666942596436,0.0
14,waypoint_03,30.0,0.10323956389577549,-0.8322438621242686,1.0638120569246137,680.4986596107483,0.0
0,waypoint_04,30.0,0.123239563895776,-0.8322438621242686,1.0638120569246137,4255.964756011963,0.0
1,waypoint_04,30.0,0.123239563895776,-0.8322438621242686,1.0638120569246137,3277.534008026123,0.0
2,waypoint_04,30.0,0.123239563895776,-0.8322438621242686,1.0638120569246137,3244.607448577881,0.0
3,waypoint_04,30.0,0.123239563895776,-0.8322438621242686,1.0638120569246137,1433.961272239685,0.0
4,waypoint_04,30.0,0.123239563895776,-0.8322438621242686,1.0638120569246137,1494.1534996032715,0.0
5,waypoint_04,30.0,0.123239563895776,-0.8322438621242686,1.0638120569246137,1856.8718433380127,0.0
6,waypoint_04,30.0,0.123239563895776,-0.8322438621242686,1.0638120569246137,2631.605625152588,0.0
7,waypoint_04,30.0,0.123239563895776,-0.8322438621242686,1.0638120569246137,1274.7220993041992,0.0
8,waypoint_04,30.0,0.123239563895776,-0.8322438621242686,1.0638120569246137,539.84135389328,0.0
9,waypoint_04,30.0,0.123239563895776,-0.8322438621242686,1.0638120569246137,1012.3844146728516,0.0
10,waypoint_04,30.0,0.123239563895776,-0.8322438621242686,1.0638120569246137,741.5626049041748,0.0
11,waypoint_04,30.0,0.123239563895776,-0.8322438621242686,1.0638120569246137,634.4229578971863,0.0
12,waypoint_04,30.0,0.123239563895776,-0.8322438621242686,1.0638120569246137,807.5133562088013,0.0
13,waypoint_04,30.0,0.123239563895776,-0.8322438621242686,1.0638120569246137,694.7750449180603,0.0
14,waypoint_04,30.0,0.123239563895776,-0.8322438621242686,1.0638120569246137,668.0305600166321,0.0
0,waypoint_04,15.0,0.123239563895776,-0.8322438621242686,1.0638120569246137,4105.6952476501465,0.0
1,waypoint_04,15.0,0.123239563895776,-0.8322438621242686,1.0638120569246137,3275.1336097717285,0.0
2,waypoint_04,15.0,0.123239563895776,-0.8322438621242686,1.0638120569246137,3291.7373180389404,0.0
3,waypoint_04,15.0,0.123239563895776,-0.8322438621242686,1.0638120569246137,1422.4328994750977,0.0
4,waypoint_04,15.0,0.123239563895776,-0.8322438621242686,1.0638120569246137,1496.9041347503662,0.0
5,waypoint_04,15.0,0.123239563895776,-0.8322438621242686,1.0638120569246137,1771.2963819503784,0.0
6,waypoint_04,15.0,0.123239563895776,-0.8322438621242686,1.0638120569246137,2633.841037750244,0.0
7,waypoint_04,15.0,0.123239563895776,-0.8322438621242686,1.0638120569246137,1609.3907356262207,0.0
8,waypoint_04,15.0,0.123239563895776,-0.8322438621242686,1.0638120569246137,502.47812271118164,0.0
9,waypoint_04,15.0,0.123239563895776,-0.8322438621242686,1.0638120569246137,1049.1890907287598,0.0
10,waypoint_04,15.0,0.123239563895776,-0.8322438621242686,1.0638120569246137,764.0309929847717,0.0
11,waypoint_04,15.0,0.123239563895776,-0.8322438621242686,1.0638120569246137,655.3767919540405,0.0
12,waypoint_04,15.0,0.123239563895776,-0.8322438621242686,1.0638120569246137,808.9544177055359,0.0
13,waypoint_04,15.0,0.123239563895776,-0.8322438621242686,1.0638120569246137,770.8480954170227,0.0
14,waypoint_04,15.0,0.123239563895776,-0.8322438621242686,1.0638120569246137,828.1076550483704,0.0
0,waypoint_04,0.0,0.123239563895776,-0.8322438621242686,1.0638120569246137,4126.657485961914,0.0
1,waypoint_04,0.0,0.123239563895776,-0.8322438621242686,1.0638120569246137,3272.2556591033936,0.0
2,waypoint_04,0.0,0.123239563895776,-0.8322438621242686,1.0638120569246137,3318.8557624816895,0.0
3,waypoint_04,0.0,0.123239563895776,-0.8322438621242686,1.0638120569246137,1398.59139919281,0.0
4,waypoint_04,0.0,0.123239563895776,-0.8322438621242686,1.0638120569246137,1497.2914457321167,0.0
5,waypoint_04,0.0,0.123239563895776,-0.8322438621242686,1.0638120569246137,1912.3141765594482,0.0
6,waypoint_04,0.0,0.123239563895776,-0.8322438621242686,1.0638120569246137,2644.334077835083,0.0
7,waypoint_04,0.0,0.123239563895776,-0.8322438621242686,1.0638120569246137,1806.2978982925415,0.0
8,waypoint_04,0.0,0.123239563895776,-0.8322438621242686,1.0638120569246137,501.95515155792236,0.0
9,waypoint_04,0.0,0.123239563895776,-0.8322438621242686,1.0638120569246137,1129.839539527893,0.0
10,waypoint_04,0.0,0.123239563895776,-0.8322438621242686,1.0638120569246137,972.183883190155,0.0
11,waypoint_04,0.0,0.123239563895776,-0.8322438621242686,1.0638120569246137,674.5437979698181,0.0
12,waypoint_04,0.0,0.123239563895776,-0.8322438621242686,1.0638120569246137,807.9499006271362,0.0
13,waypoint_04,0.0,0.123239563895776,-0.8322438621242686,1.0638120569246137,799.7715473175049,0.0
14,waypoint_04,0.0,0.123239563895776,-0.8322438621242686,1.0638120569246137,857.6918840408325,0.0
0,waypoint_04,-15.0,0.123239563895776,-0.8322438621242686,1.0638120569246137,4111.719608306885,0.0
1,waypoint_04,-15.0,0.123239563895776,-0.8322438621242686,1.0638120569246137,3269.5515155792236,0.0
2,waypoint_04,-15.0,0.123239563895776,-0.8322438621242686,1.0638120569246137,3239.110231399536,0.0
3,waypoint_04,-15.0,0.123239563895776,-0.8322438621242686,1.0638120569246137,1380.8658123016357,0.0
4,waypoint_04,-15.0,0.123239563895776,-0.8322438621242686,1.0638120569246137,1498.4939098358154,0.0
5,waypoint_04,-15.0,0.123239563895776,-0.8322438621242686,1.0638120569246137,2291.5079593658447,0.0
6,waypoint_04,-15.0,0.123239563895776,-0.8322438621242686,1.0638120569246137,2619.098663330078,0.0
7,waypoint_04,-15.0,0.123239563895776,-0.8322438621242686,1.0638120569246137,1922.2652912139893,0.0
8,waypoint_04,-15.0,0.123239563895776,-0.8322438621242686,1.0638120569246137,491.62110686302185,0.0
9,waypoint_04,-15.0,0.123239563895776,-0.8322438621242686,1.0638120569246137,1179.8880100250244,0.0
10,waypoint_04,-15.0,0.123239563895776,-0.8322438621242686,1.0638120569246137,1020.9546089172363,0.0
11,waypoint_04,-15.0,0.123239563895776,-0.8322438621242686,1.0638120569246137,685.6743693351746,0.0
12,waypoint_04,-15.0,0.123239563895776,-0.8322438621242686,1.0638120569246137,591.1778807640076,0.0
13,waypoint_04,-15.0,0.123239563895776,-0.8322438621242686,1.0638120569246137,818.9477324485779,0.0
14,waypoint_04,-15.0,0.123239563895776,-0.8322438621242686,1.0638120569246137,892.1809792518616,0.0
0,waypoint_04,-30.0,0.123239563895776,-0.8322438621242686,1.0638120569246137,4079.2312622070312,0.0
1,waypoint_04,-30.0,0.123239563895776,-0.8322438621242686,1.0638120569246137,3268.0633068084717,0.0
2,waypoint_04,-30.0,0.123239563895776,-0.8322438621242686,1.0638120569246137,3213.6337757110596,0.0
3,waypoint_04,-30.0,0.123239563895776,-0.8322438621242686,1.0638120569246137,1280.4042100906372,0.0
4,waypoint_04,-30.0,0.123239563895776,-0.8322438621242686,1.0638120569246137,1505.0235986709595,0.0
5,waypoint_04,-30.0,0.123239563895776,-0.8322438621242686,1.0638120569246137,2316.6136741638184,0.0
6,waypoint_04,-30.0,0.123239563895776,-0.8322438621242686,1.0638120569246137,2647.1824645996094,0.0
7,waypoint_04,-30.0,0.123239563895776,-0.8322438621242686,1.0638120569246137,1873.6867904663086,0.0
8,waypoint_04,-30.0,0.123239563895776,-0.8322438621242686,1.0638120569246137,478.49321365356445,0.0
9,waypoint_04,-30.0,0.123239563895776,-0.8322438621242686,1.0638120569246137,1206.8259716033936,0.0
10,waypoint_04,-30.0,0.123239563895776,-0.8322438621242686,1.0638120569246137,1028.5531282424927,0.0
11,waypoint_04,-30.0,0.123239563895776,-0.8322438621242686,1.0638120569246137,715.6678438186646,0.0
12,waypoint_04,-30.0,0.123239563895776,-0.8322438621242686,1.0638120569246137,568.3859586715698,0.0
13,waypoint_04,-30.0,0.123239563895776,-0.8322438621242686,1.0638120569246137,1022.334098815918,0.0
14,waypoint_04,-30.0,0.123239563895776,-0.8322438621242686,1.0638120569246137,973.5598564147949,0.0
0,waypoint_05,-30.0,0.14323956389577558,-0.8322438621242686,1.0638120569246137,4100.192070007324,0.0
1,waypoint_05,-30.0,0.14323956389577558,-0.8322438621242686,1.0638120569246137,3268.6820030212402,0.0
2,waypoint_05,-30.0,0.14323956389577558,-0.8322438621242686,1.0638120569246137,3192.167043685913,0.0
3,waypoint_05,-30.0,0.14323956389577558,-0.8322438621242686,1.0638120569246137,1260.7877254486084,0.0
4,waypoint_05,-30.0,0.14323956389577558,-0.8322438621242686,1.0638120569246137,1485.5562448501587,0.0
5,waypoint_05,-30.0,0.14323956389577558,-0.8322438621242686,1.0638120569246137,2312.603235244751,0.0
6,waypoint_05,-30.0,0.14323956389577558,-0.8322438621242686,1.0638120569246137,2629.728078842163,0.0
7,waypoint_05,-30.0,0.14323956389577558,-0.8322438621242686,1.0638120569246137,1843.6747789382935,0.0
8,waypoint_05,-30.0,0.14323956389577558,-0.8322438621242686,1.0638120569246137,492.13555455207825,0.0
9,waypoint_05,-30.0,0.14323956389577558,-0.8322438621242686,1.0638120569246137,1221.2733030319214,0.0
10,waypoint_05,-30.0,0.14323956389577558,-0.8322438621242686,1.0638120569246137,1044.0672636032104,0.0
11,waypoint_05,-30.0,0.14323956389577558,-0.8322438621242686,1.0638120569246137,726.9929647445679,0.0
12,waypoint_05,-30.0,0.14323956389577558,-0.8322438621242686,1.0638120569246137,573.5925436019897,0.0
13,waypoint_05,-30.0,0.14323956389577558,-0.8322438621242686,1.0638120569246137,981.5988540649414,0.0
14,waypoint_05,-30.0,0.14323956389577558,-0.8322438621242686,1.0638120569246137,939.3486380577087,0.0
0,waypoint_05,-15.0,0.14323956389577558,-0.8322438621242686,1.0638120569246137,4115.901947021484,0.0
1,waypoint_05,-15.0,0.14323956389577558,-0.8322438621242686,1.0638120569246137,3270.165205001831,0.0
2,waypoint_05,-15.0,0.14323956389577558,-0.8322438621242686,1.0638120569246137,3163.0752086639404,0.0
3,waypoint_05,-15.0,0.14323956389577558,-0.8322438621242686,1.0638120569246137,1408.178448677063,0.0
4,waypoint_05,-15.0,0.14323956389577558,-0.8322438621242686,1.0638120569246137,1485.0852489471436,0.0
5,waypoint_05,-15.0,0.14323956389577558,-0.8322438621242686,1.0638120569246137,2288.2490158081055,0.0
6,waypoint_05,-15.0,0.14323956389577558,-0.8322438621242686,1.0638120569246137,2617.901086807251,0.0
7,waypoint_05,-15.0,0.14323956389577558,-0.8322438621242686,1.0638120569246137,1687.3900890350342,0.0
8,waypoint_05,-15.0,0.14323956389577558,-0.8322438621242686,1.0638120569246137,496.7597424983978,0.0
9,waypoint_05,-15.0,0.14323956389577558,-0.8322438621242686,1.0638120569246137,1183.4602355957031,0.0
10,waypoint_05,-15.0,0.14323956389577558,-0.8322438621242686,1.0638120569246137,1040.4999256134033,0.0
11,waypoint_05,-15.0,0.14323956389577558,-0.8322438621242686,1.0638120569246137,725.5553007125854,0.0
12,waypoint_05,-15.0,0.14323956389577558,-0.8322438621242686,1.0638120569246137,567.7953362464905,0.0
13,waypoint_05,-15.0,0.14323956389577558,-0.8322438621242686,1.0638120569246137,950.1543045043945,0.0
14,waypoint_05,-15.0,0.14323956389577558,-0.8322438621242686,1.0638120569246137,865.4847741127014,0.0
0,waypoint_05,0.0,0.14323956389577558,-0.8322438621242686,1.0638120569246137,4042.9396629333496,0.0
1,waypoint_05,0.0,0.14323956389577558,-0.8322438621242686,1.0638120569246137,3272.948741912842,0.0
2,waypoint_05,0.0,0.14323956389577558,-0.8322438621242686,1.0638120569246137,3131.0763359069824,0.0
3,waypoint_05,0.0,0.14323956389577558,-0.8322438621242686,1.0638120569246137,1444.3238973617554,0.0
4,waypoint_05,0.0,0.14323956389577558,-0.8322438621242686,1.0638120569246137,1483.2843542099,0.0
5,waypoint_05,0.0,0.14323956389577558,-0.8322438621242686,1.0638120569246137,1910.2481603622437,0.0
6,waypoint_05,0.0,0.14323956389577558,-0.8322438621242686,1.0638120569246137,2620.6696033477783,0.0
7,waypoint_05,0.0,0.14323956389577558,-0.8322438621242686,1.0638120569246137,1717.3027992248535,0.0
8,waypoint_05,0.0,0.14323956389577558,-0.8322438621242686,1.0638120569246137,509.2586874961853,0.0
9,waypoint_05,0.0,0.14323956389577558,-0.8322438621242686,1.0638120569246137,1171.3098287582397,0.0
10,waypoint_05,0.0,0.14323956389577558,-0.8322438621242686,1.0638120569246137,1043.0954694747925,0.0
11,waypoint_05,0.0,0.14323956389577558,-0.8322438621242686,1.0638120569246137,694.4730281829834,0.0
12,waypoint_05,0.0,0.14323956389577558,-0.8322438621242686,1.0638120569246137,933.6034655570984,0.0
13,waypoint_05,0.0,0.14323956389577558,-0.8322438621242686,1.0638120569246137,932.4225783348083,0.0
14,waypoint_05,0.0,0.14323956389577558,-0.8322438621242686,1.0638120569246137,837.1886610984802,0.0
0,waypoint_05,15.0,0.14323956389577558,-0.8322438621242686,1.0638120569246137,4068.9949989318848,0.0
1,waypoint_05,15.0,0.14323956389577558,-0.8322438621242686,1.0638120569246137,3276.2396335601807,0.0
2,waypoint_05,15.0,0.14323956389577558,-0.8322438621242686,1.0638120569246137,3107.609748840332,0.0
3,waypoint_05,15.0,0.14323956389577558,-0.8322438621242686,1.0638120569246137,1417.968988418579,0.0
4,waypoint_05,15.0,0.14323956389577558,-0.8322438621242686,1.0638120569246137,1483.2172393798828,0.0
5,waypoint_05,15.0,0.14323956389577558,-0.8322438621242686,1.0638120569246137,1757.5421333312988,0.0
6,waypoint_05,15.0,0.14323956389577558,-0.8322438621242686,1.0638120569246137,2614.0594482421875,0.0
7,waypoint_05,15.0,0.14323956389577558,-0.8322438621242686,1.0638120569246137,1700.3824710845947,0.0
8,waypoint_05,15.0,0.14323956389577558,-0.8322438621242686,1.0638120569246137,493.2250678539276,0.0
9,waypoint_05,15.0,0.14323956389577558,-0.8322438621242686,1.0638120569246137,1080.603003501892,0.0
10,waypoint_05,15.0,0.14323956389577558,-0.8322438621242686,1.0638120569246137,1005.2460432052612,0.0
11,waypoint_05,15.0,0.14323956389577558,-0.8322438621242686,1.0638120569246137,664.7117137908936,0.0
12,waypoint_05,15.0,0.14323956389577558,-0.8322438621242686,1.0638120569246137,814.8937821388245,0.0
13,waypoint_05,15.0,0.14323956389577558,-0.8322438621242686,1.0638120569246137,802.4086356163025,0.0
14,waypoint_05,15.0,0.14323956389577558,-0.8322438621242686,1.0638120569246137,855.8416366577148,0.0
0,waypoint_05,30.0,0.14323956389577558,-0.8322438621242686,1.0638120569246137,4078.5536766052246,0.0
1,waypoint_05,30.0,0.14323956389577558,-0.8322438621242686,1.0638120569246137,3279.270887374878,0.0
2,waypoint_05,30.0,0.14323956389577558,-0.8322438621242686,1.0638120569246137,3075.2248764038086,0.0
3,waypoint_05,30.0,0.14323956389577558,-0.8322438621242686,1.0638120569246137,1401.4180898666382,0.0
4,waypoint_05,30.0,0.14323956389577558,-0.8322438621242686,1.0638120569246137,1482.6769828796387,0.0
5,waypoint_05,30.0,0.14323956389577558,-0.8322438621242686,1.0638120569246137,1836.7493152618408,0.0
6,waypoint_05,30.0,0.14323956389577558,-0.8322438621242686,1.0638120569246137,2630.1987171173096,0.0
7,waypoint_05,30.0,0.14323956389577558,-0.8322438621242686,1.0638120569246137,1620.9771633148193,0.0
8,waypoint_05,30.0,0.14323956389577558,-0.8322438621242686,1.0638120569246137,552.7217388153076,0.0
9,waypoint_05,30.0,0.14323956389577558,-0.8322438621242686,1.0638120569246137,1035.5639457702637,0.0
10,waypoint_05,30.0,0.14323956389577558,-0.8322438621242686,1.0638120569246137,974.4904637336731,0.0
11,waypoint_05,30.0,0.14323956389577558,-0.8322438621242686,1.0638120569246137,646.5144753456116,0.0
12,waypoint_05,30.0,0.14323956389577558,-0.8322438621242686,1.0638120569246137,671.3317632675171,0.0
13,waypoint_05,30.0,0.14323956389577558,-0.8322438621242686,1.0638120569246137,698.8049149513245,0.0
14,waypoint_05,30.0,0.14323956389577558,-0.8322438621242686,1.0638120569246137,657.5769186019897,0.0
0,waypoint_06,30.0,0.1632395638957752,-0.8322438621242686,1.0638120569246137,4097.862243652344,0.0
1,waypoint_06,30.0,0.1632395638957752,-0.8322438621242686,1.0638120569246137,3279.7489166259766,0.0
2,waypoint_06,30.0,0.1632395638957752,-0.8322438621242686,1.0638120569246137,3071.4170932769775,0.0
3,waypoint_06,30.0,0.1632395638957752,-0.8322438621242686,1.0638120569246137,1423.9107370376587,0.0
4,waypoint_06,30.0,0.1632395638957752,-0.8322438621242686,1.0638120569246137,1463.3209705352783,0.0
5,waypoint_06,30.0,0.1632395638957752,-0.8322438621242686,1.0638120569246137,1827.5961875915527,0.0
6,waypoint_06,30.0,0.1632395638957752,-0.8322438621242686,1.0638120569246137,2598.6881256103516,0.0
7,waypoint_06,30.0,0.1632395638957752,-0.8322438621242686,1.0638120569246137,1534.2679023742676,0.0
8,waypoint_06,30.0,0.1632395638957752,-0.8322438621242686,1.0638120569246137,551.6915917396545,0.0
9,waypoint_06,30.0,0.1632395638957752,-0.8322438621242686,1.0638120569246137,1048.04527759552,0.0
10,waypoint_06,30.0,0.1632395638957752,-0.8322438621242686,1.0638120569246137,989.763081073761,0.0
11,waypoint_06,30.0,0.1632395638957752,-0.8322438621242686,1.0638120569246137,660.5625748634338,0.0
12,waypoint_06,30.0,0.1632395638957752,-0.8322438621242686,1.0638120569246137,681.1550855636597,0.0
13,waypoint_06,30.0,0.1632395638957752,-0.8322438621242686,1.0638120569246137,708.6251974105835,0.0
14,waypoint_06,30.0,0.1632395638957752,-0.8322438621242686,1.0638120569246137,652.6793241500854,0.0
0,waypoint_06,15.0,0.1632395638957752,-0.8322438621242686,1.0638120569246137,4102.2772789001465,0.0
1,waypoint_06,15.0,0.1632395638957752,-0.8322438621242686,1.0638120569246137,3276.737689971924,0.0
2,waypoint_06,15.0,0.1632395638957752,-0.8322438621242686,1.0638120569246137,3059.880018234253,0.0
3,waypoint_06,15.0,0.1632395638957752,-0.8322438621242686,1.0638120569246137,1395.5812454223633,0.0
4,waypoint_06,15.0,0.1632395638957752,-0.8322438621242686,1.0638120569246137,1463.4921550750732,0.0
5,waypoint_06,15.0,0.1632395638957752,-0.8322438621242686,1.0638120569246137,1748.5414743423462,0.0
6,waypoint_06,15.0,0.1632395638957752,-0.8322438621242686,1.0638120569246137,2596.8658924102783,0.0
7,waypoint_06,15.0,0.1632395638957752,-0.8322438621242686,1.0638120569246137,1696.6407299041748,0.0
8,waypoint_06,15.0,0.1632395638957752,-0.8322438621242686,1.0638120569246137,535.8356833457947,0.0
9,waypoint_06,15.0,0.1632395638957752,-0.8322438621242686,1.0638120569246137,1085.0913524627686,0.0
10,waypoint_06,15.0,0.1632395638957752,-0.8322438621242686,1.0638120569246137,993.7976598739624,0.0
11,waypoint_06,15.0,0.1632395638957752,-0.8322438621242686,1.0638120569246137,682.3744773864746,0.0
12,waypoint_06,15.0,0.1632395638957752,-0.8322438621242686,1.0638120569246137,711.1237049102783,0.0
13,waypoint_06,15.0,0.1632395638957752,-0.8322438621242686,1.0638120569246137,728.1111478805542,0.0
14,waypoint_06,15.0,0.1632395638957752,-0.8322438621242686,1.0638120569246137,856.7361831665039,0.0
0,waypoint_06,0.0,0.1632395638957752,-0.8322438621242686,1.0638120569246137,4122.4470138549805,0.0
1,waypoint_06,0.0,0.1632395638957752,-0.8322438621242686,1.0638120569246137,3273.423910140991,0.0
2,waypoint_06,0.0,0.1632395638957752,-0.8322438621242686,1.0638120569246137,3096.8263149261475,0.0
3,waypoint_06,0.0,0.1632395638957752,-0.8322438621242686,1.0638120569246137,1365.2082681655884,0.0
4,waypoint_06,0.0,0.1632395638957752,-0.8322438621242686,1.0638120569246137,1464.2672538757324,0.0
5,waypoint_06,0.0,0.1632395638957752,-0.8322438621242686,1.0638120569246137,1977.4781465530396,0.0
6,waypoint_06,0.0,0.1632395638957752,-0.8322438621242686,1.0638120569246137,2603.6441326141357,0.0
7,waypoint_06,0.0,0.1632395638957752,-0.8322438621242686,1.0638120569246137,1477.8867959976196,0.0
8,waypoint_06,0.0,0.1632395638957752,-0.8322438621242686,1.0638120569246137,525.0353813171387,0.0
9,waypoint_06,0.0,0.1632395638957752,-0.8322438621242686,1.0638120569246137,1161.8149280548096,0.0
10,waypoint_06,0.0,0.1632395638957752,-0.8322438621242686,1.0638120569246137,1020.9333896636963,0.0
11,waypoint_06,0.0,0.1632395638957752,-0.8322438621242686,1.0638120569246137,703.1809687614441,0.0
12,waypoint_06,0.0,0.1632395638957752,-0.8322438621242686,1.0638120569246137,736.3576889038086,0.0
13,waypoint_06,0.0,0.1632395638957752,-0.8322438621242686,1.0638120569246137,751.7826557159424,0.0
14,waypoint_06,0.0,0.1632395638957752,-0.8322438621242686,1.0638120569246137,824.1325616836548,0.0
0,waypoint_06,-15.0,0.1632395638957752,-0.8322438621242686,1.0638120569246137,4070.356845855713,0.0
1,waypoint_06,-15.0,0.1632395638957752,-0.8322438621242686,1.0638120569246137,3270.728349685669,0.0
2,waypoint_06,-15.0,0.1632395638957752,-0.8322438621242686,1.0638120569246137,3096.545934677124,0.0
3,waypoint_06,-15.0,0.1632395638957752,-0.8322438621242686,1.0638120569246137,1352.4290323257446,0.0
4,waypoint_06,-15.0,0.1632395638957752,-0.8322438621242686,1.0638120569246137,1465.1175737380981,0.0
5,waypoint_06,-15.0,0.1632395638957752,-0.8322438621242686,1.0638120569246137,2280.456781387329,0.0
6,waypoint_06,-15.0,0.1632395638957752,-0.8322438621242686,1.0638120569246137,2584.4573974609375,0.0
7,waypoint_06,-15.0,0.1632395638957752,-0.8322438621242686,1.0638120569246137,1823.7844705581665,0.0
8,waypoint_06,-15.0,0.1632395638957752,-0.8322438621242686,1.0638120569246137,509.2797875404358,0.0
9,waypoint_06,-15.0,0.1632395638957752,-0.8322438621242686,1.0638120569246137,1209.1820240020752,0.0
10,waypoint_06,-15.0,0.1632395638957752,-0.8322438621242686,1.0638120569246137,1055.9957027435303,0.0
11,waypoint_06,-15.0,0.1632395638957752,-0.8322438621242686,1.0638120569246137,729.0665507316589,0.0
12,waypoint_06,-15.0,0.1632395638957752,-0.8322438621242686,1.0638120569246137,771.9179391860962,0.0
13,waypoint_06,-15.0,0.1632395638957752,-0.8322438621242686,1.0638120569246137,771.0838913917542,0.0
14,waypoint_06,-15.0,0.1632395638957752,-0.8322438621242686,1.0638120569246137,862.3695969581604,0.0
0,waypoint_06,-30.0,0.1632395638957752,-0.8322438621242686,1.0638120569246137,4074.4471549987793,0.0
1,waypoint_06,-30.0,0.1632395638957752,-0.8322438621242686,1.0638120569246137,3269.507646560669,0.0
2,waypoint_06,-30.0,0.1632395638957752,-0.8322438621242686,1.0638120569246137,3139.357805252075,0.0
3,waypoint_06,-30.0,0.1632395638957752,-0.8322438621242686,1.0638120569246137,1252.9114484786987,0.0
4,waypoint_06,-30.0,0.1632395638957752,-0.8322438621242686,1.0638120569246137,1465.8509492874146,0.0
5,waypoint_06,-30.0,0.1632395638957752,-0.8322438621242686,1.0638120569246137,2309.755325317383,0.0
6,waypoint_06,-30.0,0.1632395638957752,-0.8322438621242686,1.0638120569246137,2607.022285461426,0.0
7,waypoint_06,-30.0,0.1632395638957752,-0.8322438621242686,1.0638120569246137,1637.1976137161255,0.0
8,waypoint_06,-30.0,0.1632395638957752,-0.8322438621242686,1.0638120569246137,521.4233994483948,0.0
9,waypoint_06,-30.0,0.1632395638957752,-0.8322438621242686,1.0638120569246137,1236.1899614334106,0.0
10,waypoint_06,-30.0,0.1632395638957752,-0.8322438621242686,1.0638120569246137,1060.3541135787964,0.0
11,waypoint_06,-30.0,0.1632395638957752,-0.8322438621242686,1.0638120569246137,738.1144165992737,0.0
12,waypoint_06,-30.0,0.1632395638957752,-0.8322438621242686,1.0638120569246137,811.7771148681641,0.0
13,waypoint_06,-30.0,0.1632395638957752,-0.8322438621242686,1.0638120569246137,795.4363226890564,0.0
14,waypoint_06,-30.0,0.1632395638957752,-0.8322438621242686,1.0638120569246137,938.0053281784058,0.0
0,waypoint_07,-30.0,0.1832395638957754,-0.8322438621242686,1.0638120569246137,4141.663074493408,0.0
1,waypoint_07,-30.0,0.1832395638957754,-0.8322438621242686,1.0638120569246137,3270.1754570007324,0.0
2,waypoint_07,-30.0,0.1832395638957754,-0.8322438621242686,1.0638120569246137,3195.5413818359375,0.0
3,waypoint_07,-30.0,0.1832395638957754,-0.8322438621242686,1.0638120569246137,1245.1053857803345,0.0
4,waypoint_07,-30.0,0.1832395638957754,-0.8322438621242686,1.0638120569246137,1446.4294910430908,0.0
5,waypoint_07,-30.0,0.1832395638957754,-0.8322438621242686,1.0638120569246137,2304.75115776062,0.0
6,waypoint_07,-30.0,0.1832395638957754,-0.8322438621242686,1.0638120569246137,2589.484453201294,0.0
7,waypoint_07,-30.0,0.1832395638957754,-0.8322438621242686,1.0638120569246137,1624.3259906768799,0.0
8,waypoint_07,-30.0,0.1832395638957754,-0.8322438621242686,1.0638120569246137,535.6707572937012,0.0
9,waypoint_07,-30.0,0.1832395638957754,-0.8322438621242686,1.0638120569246137,1250.9427070617676,0.0
10,waypoint_07,-30.0,0.1832395638957754,-0.8322438621242686,1.0638120569246137,1076.1364698410034,0.0
11,waypoint_07,-30.0,0.1832395638957754,-0.8322438621242686,1.0638120569246137,750.1579523086548,0.0
12,waypoint_07,-30.0,0.1832395638957754,-0.8322438621242686,1.0638120569246137,821.2446570396423,0.0
13,waypoint_07,-30.0,0.1832395638957754,-0.8322438621242686,1.0638120569246137,806.6032528877258,0.0
14,waypoint_07,-30.0,0.1832395638957754,-0.8322438621242686,1.0638120569246137,900.0102281570435,0.0
0,waypoint_07,-15.0,0.1832395638957754,-0.8322438621242686,1.0638120569246137,4100.1386642456055,0.0
1,waypoint_07,-15.0,0.1832395638957754,-0.8322438621242686,1.0638120569246137,3271.2948322296143,0.0
2,waypoint_07,-15.0,0.1832395638957754,-0.8322438621242686,1.0638120569246137,3109.2453002929688,0.0
3,waypoint_07,-15.0,0.1832395638957754,-0.8322438621242686,1.0638120569246137,1322.371244430542,0.0
4,waypoint_07,-15.0,0.1832395638957754,-0.8322438621242686,1.0638120569246137,1445.3461170196533,0.0
5,waypoint_07,-15.0,0.1832395638957754,-0.8322438621242686,1.0638120569246137,2275.2766609191895,0.0
6,waypoint_07,-15.0,0.1832395638957754,-0.8322438621242686,1.0638120569246137,2562.3319149017334,0.0
7,waypoint_07,-15.0,0.1832395638957754,-0.8322438621242686,1.0638120569246137,1766.46089553833,0.0
8,waypoint_07,-15.0,0.1832395638957754,-0.8322438621242686,1.0638120569246137,524.8716473579407,0.0
9,waypoint_07,-15.0,0.1832395638957754,-0.8322438621242686,1.0638120569246137,1211.562991142273,0.0
10,waypoint_07,-15.0,0.1832395638957754,-0.8322438621242686,1.0638120569246137,1073.1086730957031,0.0
11,waypoint_07,-15.0,0.1832395638957754,-0.8322438621242686,1.0638120569246137,748.7310171127319,0.0
12,waypoint_07,-15.0,0.1832395638957754,-0.8322438621242686,1.0638120569246137,785.3747606277466,0.0
13,waypoint_07,-15.0,0.1832395638957754,-0.8322438621242686,1.0638120569246137,790.8813953399658,0.0
14,waypoint_07,-15.0,0.1832395638957754,-0.8322438621242686,1.0638120569246137,891.7717337608337,0.0
0,waypoint_07,0.0,0.1832395638957754,-0.8322438621242686,1.0638120569246137,4111.792087554932,0.0
1,waypoint_07,0.0,0.1832395638957754,-0.8322438621242686,1.0638120569246137,3273.936986923218,0.0
2,waypoint_07,0.0,0.1832395638957754,-0.8322438621242686,1.0638120569246137,3159.4181060791016,0.0
3,waypoint_07,0.0,0.1832395638957754,-0.8322438621242686,1.0638120569246137,1349.1228818893433,0.0
4,waypoint_07,0.0,0.1832395638957754,-0.8322438621242686,1.0638120569246137,1443.3468580245972,0.0
5,waypoint_07,0.0,0.1832395638957754,-0.8322438621242686,1.0638120569246137,2056.211233139038,0.0
6,waypoint_07,0.0,0.1832395638957754,-0.8322438621242686,1.0638120569246137,2582.697868347168,0.0
7,waypoint_07,0.0,0.1832395638957754,-0.8322438621242686,1.0638120569246137,1681.6505193710327,0.0
8,waypoint_07,0.0,0.1832395638957754,-0.8322438621242686,1.0638120569246137,522.9438543319702,0.0
9,waypoint_07,0.0,0.1832395638957754,-0.8322438621242686,1.0638120569246137,1199.5108127593994,0.0
10,waypoint_07,0.0,0.1832395638957754,-0.8322438621242686,1.0638120569246137,1075.4132270812988,0.0
11,waypoint_07,0.0,0.1832395638957754,-0.8322438621242686,1.0638120569246137,719.2110419273376,0.0
12,waypoint_07,0.0,0.1832395638957754,-0.8322438621242686,1.0638120569246137,746.4551329612732,0.0
13,waypoint_07,0.0,0.1832395638957754,-0.8322438621242686,1.0638120569246137,761.8374824523926,0.0
14,waypoint_07,0.0,0.1832395638957754,-0.8322438621242686,1.0638120569246137,822.1001029014587,0.0
0,waypoint_07,15.0,0.1832395638957754,-0.8322438621242686,1.0638120569246137,4146.1501121521,0.0
1,waypoint_07,15.0,0.1832395638957754,-0.8322438621242686,1.0638120569246137,3277.252674102783,0.0
2,waypoint_07,15.0,0.1832395638957754,-0.8322438621242686,1.0638120569246137,3082.7200412750244,0.0
3,waypoint_07,15.0,0.1832395638957754,-0.8322438621242686,1.0638120569246137,1375.1635551452637,0.0
4,waypoint_07,15.0,0.1832395638957754,-0.8322438621242686,1.0638120569246137,1443.3825016021729,0.0
5,waypoint_07,15.0,0.1832395638957754,-0.8322438621242686,1.0638120569246137,1737.3535633087158,0.0
6,waypoint_07,15.0,0.1832395638957754,-0.8322438621242686,1.0638120569246137,2586.32230758667,0.0
7,waypoint_07,15.0,0.1832395638957754,-0.8322438621242686,1.0638120569246137,1557.8714609146118,0.0
8,waypoint_07,15.0,0.1832395638957754,-0.8322438621242686,1.0638120569246137,513.0102634429932,0.0
9,waypoint_07,15.0,0.1832395638957754,-0.8322438621242686,1.0638120569246137,1117.4737215042114,0.0
10,waypoint_07,15.0,0.1832395638957754,-0.8322438621242686,1.0638120569246137,1076.7569541931152,0.0
11,waypoint_07,15.0,0.1832395638957754,-0.8322438621242686,1.0638120569246137,689.7375583648682,0.0
12,waypoint_07,15.0,0.1832395638957754,-0.8322438621242686,1.0638120569246137,720.767080783844,0.0
13,waypoint_07,15.0,0.1832395638957754,-0.8322438621242686,1.0638120569246137,740.8646941184998,0.0
14,waypoint_07,15.0,0.1832395638957754,-0.8322438621242686,1.0638120569246137,846.767246723175,0.0
0,waypoint_07,30.0,0.1832395638957754,-0.8322438621242686,1.0638120569246137,4163.116931915283,0.0
1,waypoint_07,30.0,0.1832395638957754,-0.8322438621242686,1.0638120569246137,3280.4343700408936,0.0
2,waypoint_07,30.0,0.1832395638957754,-0.8322438621242686,1.0638120569246137,3065.058469772339,0.0
3,waypoint_07,30.0,0.1832395638957754,-0.8322438621242686,1.0638120569246137,1362.6830577850342,0.0
4,waypoint_07,30.0,0.1832395638957754,-0.8322438621242686,1.0638120569246137,1444.061279296875,0.0
5,waypoint_07,30.0,0.1832395638957754,-0.8322438621242686,1.0638120569246137,1812.2267723083496,0.0
6,waypoint_07,30.0,0.1832395638957754,-0.8322438621242686,1.0638120569246137,2586.9483947753906,0.0
7,waypoint_07,30.0,0.1832395638957754,-0.8322438621242686,1.0638120569246137,1622.7760314941406,0.0
8,waypoint_07,30.0,0.1832395638957754,-0.8322438621242686,1.0638120569246137,557.164192199707,0.0
9,waypoint_07,30.0,0.1832395638957754,-0.8322438621242686,1.0638120569246137,1075.1452445983887,0.0
10,waypoint_07,30.0,0.1832395638957754,-0.8322438621242686,1.0638120569246137,1011.9082927703857,0.0
11,waypoint_07,30.0,0.1832395638957754,-0.8322438621242686,1.0638120569246137,667.6760911941528,0.0
12,waypoint_07,30.0,0.1832395638957754,-0.8322438621242686,1.0638120569246137,690.6358599662781,0.0
13,waypoint_07,30.0,0.1832395638957754,-0.8322438621242686,1.0638120569246137,707.1707844734192,0.0
14,waypoint_07,30.0,0.1832395638957754,-0.8322438621242686,1.0638120569246137,667.313814163208,0.0
0,waypoint_08,30.0,0.2032395638957752,-0.8322438621242686,1.0638120569246137,4172.119140625,0.0
1,waypoint_08,30.0,0.2032395638957752,-0.8322438621242686,1.0638120569246137,3281.005859375,0.0
2,waypoint_08,30.0,0.2032395638957752,-0.8322438621242686,1.0638120569246137,3070.819616317749,0.0
3,waypoint_08,30.0,0.2032395638957752,-0.8322438621242686,1.0638120569246137,1374.7689723968506,0.0
4,waypoint_08,30.0,0.2032395638957752,-0.8322438621242686,1.0638120569246137,1424.5257377624512,0.0
5,waypoint_08,30.0,0.2032395638957752,-0.8322438621242686,1.0638120569246137,1803.3578395843506,0.0
6,waypoint_08,30.0,0.2032395638957752,-0.8322438621242686,1.0638120569246137,2564.718723297119,0.0
7,waypoint_08,30.0,0.2032395638957752,-0.8322438621242686,1.0638120569246137,1562.0843172073364,0.0
8,waypoint_08,30.0,0.2032395638957752,-0.8322438621242686,1.0638120569246137,591.1105275154114,0.0
9,waypoint_08,30.0,0.2032395638957752,-0.8322438621242686,1.0638120569246137,1090.7026529312134,0.0
10,waypoint_08,30.0,0.2032395638957752,-0.8322438621242686,1.0638120569246137,1027.6309251785278,0.0
11,waypoint_08,30.0,0.2032395638957752,-0.8322438621242686,1.0638120569246137,682.7043294906616,0.0
12,waypoint_08,30.0,0.2032395638957752,-0.8322438621242686,1.0638120569246137,701.1052966117859,0.0
13,waypoint_08,30.0,0.2032395638957752,-0.8322438621242686,1.0638120569246137,751.5960931777954,0.0
14,waypoint_08,30.0,0.2032395638957752,-0.8322438621242686,1.0638120569246137,676.001250743866,0.0
0,waypoint_08,15.0,0.2032395638957752,-0.8322438621242686,1.0638120569246137,4144.521236419678,0.0
1,waypoint_08,15.0,0.2032395638957752,-0.8322438621242686,1.0638120569246137,3277.7843475341797,0.0
2,waypoint_08,15.0,0.2032395638957752,-0.8322438621242686,1.0638120569246137,3022.233724594116,0.0
3,waypoint_08,15.0,0.2032395638957752,-0.8322438621242686,1.0638120569246137,1409.7464084625244,0.0
4,waypoint_08,15.0,0.2032395638957752,-0.8322438621242686,1.0638120569246137,1424.9045848846436,0.0
5,waypoint_08,15.0,0.2032395638957752,-0.8322438621242686,1.0638120569246137,1728.4525632858276,0.0
6,waypoint_08,15.0,0.2032395638957752,-0.8322438621242686,1.0638120569246137,2562.420129776001,0.0
7,waypoint_08,15.0,0.2032395638957752,-0.8322438621242686,1.0638120569246137,1479.9540042877197,0.0
8,waypoint_08,15.0,0.2032395638957752,-0.8322438621242686,1.0638120569246137,568.2460069656372,0.0
9,waypoint_08,15.0,0.2032395638957752,-0.8322438621242686,1.0638120569246137,1118.891716003418,0.0
10,waypoint_08,15.0,0.2032395638957752,-0.8322438621242686,1.0638120569246137,1029.3406248092651,0.0
11,waypoint_08,15.0,0.2032395638957752,-0.8322438621242686,1.0638120569246137,693.3327913284302,0.0
12,waypoint_08,15.0,0.2032395638957752,-0.8322438621242686,1.0638120569246137,731.9502830505371,0.0
13,waypoint_08,15.0,0.2032395638957752,-0.8322438621242686,1.0638120569246137,764.4868493080139,0.0
14,waypoint_08,15.0,0.2032395638957752,-0.8322438621242686,1.0638120569246137,795.5358624458313,0.0
0,waypoint_08,0.0,0.2032395638957752,-0.8322438621242686,1.0638120569246137,4166.908264160156,0.0
1,waypoint_08,0.0,0.2032395638957752,-0.8322438621242686,1.0638120569246137,3274.4338512420654,0.0
2,waypoint_08,0.0,0.2032395638957752,-0.8322438621242686,1.0638120569246137,3024.684190750122,0.0
3,waypoint_08,0.0,0.2032395638957752,-0.8322438621242686,1.0638120569246137,1406.6649675369263,0.0
4,waypoint_08,0.0,0.2032395638957752,-0.8322438621242686,1.0638120569246137,1425.0946044921875,0.0
5,waypoint_08,0.0,0.2032395638957752,-0.8322438621242686,1.0638120569246137,2023.949146270752,0.0
6,waypoint_08,0.0,0.2032395638957752,-0.8322438621242686,1.0638120569246137,2566.4989948272705,0.0
7,waypoint_08,0.0,0.2032395638957752,-0.8322438621242686,1.0638120569246137,1682.7806234359741,0.0
8,waypoint_08,0.0,0.2032395638957752,-0.8322438621242686,1.0638120569246137,539.3508076667786,0.0
9,waypoint_08,0.0,0.2032395638957752,-0.8322438621242686,1.0638120569246137,1195.7714557647705,0.0
10,waypoint_08,0.0,0.2032395638957752,-0.8322438621242686,1.0638120569246137,1058.7315559387207,0.0
11,waypoint_08,0.0,0.2032395638957752,-0.8322438621242686,1.0638120569246137,728.4868359565735,0.0
12,waypoint_08,0.0,0.2032395638957752,-0.8322438621242686,1.0638120569246137,756.7221522331238,0.0
13,waypoint_08,0.0,0.2032395638957752,-0.8322438621242686,1.0638120569246137,782.8972339630127,0.0
14,waypoint_08,0.0,0.2032395638957752,-0.8322438621242686,1.0638120569246137,881.0221552848816,0.0
0,waypoint_08,-15.0,0.2032395638957752,-0.8322438621242686,1.0638120569246137,4172.342300415039,0.0
1,waypoint_08,-15.0,0.2032395638957752,-0.8322438621242686,1.0638120569246137,3271.852493286133,0.0
2,waypoint_08,-15.0,0.2032395638957752,-0.8322438621242686,1.0638120569246137,3060.7051849365234,0.0
3,waypoint_08,-15.0,0.2032395638957752,-0.8322438621242686,1.0638120569246137,1332.3557376861572,0.0
4,waypoint_08,-15.0,0.2032395638957752,-0.8322438621242686,1.0638120569246137,1425.6722927093506,0.0
5,waypoint_08,-15.0,0.2032395638957752,-0.8322438621242686,1.0638120569246137,2267.239570617676,0.0
6,waypoint_08,-15.0,0.2032395638957752,-0.8322438621242686,1.0638120569246137,2552.182674407959,0.0
7,waypoint_08,-15.0,0.2032395638957752,-0.8322438621242686,1.0638120569246137,1737.5885248184204,0.0
8,waypoint_08,-15.0,0.2032395638957752,-0.8322438621242686,1.0638120569246137,532.8059792518616,0.0
9,waypoint_08,-15.0,0.2032395638957752,-0.8322438621242686,1.0638120569246137,1236.7799282073975,0.0
10,waypoint_08,-15.0,0.2032395638957752,-0.8322438621242686,1.0638120569246137,1087.4437093734741,0.0
11,waypoint_08,-15.0,0.2032395638957752,-0.8322438621242686,1.0638120569246137,759.0338587760925,0.0
12,waypoint_08,-15.0,0.2032395638957752,-0.8322438621242686,1.0638120569246137,791.2325263023376,0.0
13,waypoint_08,-15.0,0.2032395638957752,-0.8322438621242686,1.0638120569246137,799.1785407066345,0.0
14,waypoint_08,-15.0,0.2032395638957752,-0.8322438621242686,1.0638120569246137,910.1095795631409,0.0
0,waypoint_08,-30.0,0.2032395638957752,-0.8322438621242686,1.0638120569246137,4166.003227233887,0.0
1,waypoint_08,-30.0,0.2032395638957752,-0.8322438621242686,1.0638120569246137,3270.888566970825,0.0
2,waypoint_08,-30.0,0.2032395638957752,-0.8322438621242686,1.0638120569246137,3059.5996379852295,0.0
3,waypoint_08,-30.0,0.2032395638957752,-0.8322438621242686,1.0638120569246137,1222.7540016174316,0.0
4,waypoint_08,-30.0,0.2032395638957752,-0.8322438621242686,1.0638120569246137,1427.1351099014282,0.0
5,waypoint_08,-30.0,0.2032395638957752,-0.8322438621242686,1.0638120569246137,2297.1699237823486,0.0
6,waypoint_08,-30.0,0.2032395638957752,-0.8322438621242686,1.0638120569246137,2567.1143531799316,0.0
7,waypoint_08,-30.0,0.2032395638957752,-0.8322438621242686,1.0638120569246137,1824.5540857315063,0.0
8,waypoint_08,-30.0,0.2032395638957752,-0.8322438621242686,1.0638120569246137,479.91013526916504,0.0
9,waypoint_08,-30.0,0.2032395638957752,-0.8322438621242686,1.0638120569246137,1264.748454093933,0.0
10,waypoint_08,-30.0,0.2032395638957752,-0.8322438621242686,1.0638120569246137,1091.5031433105469,0.0
11,waypoint_08,-30.0,0.2032395638957752,-0.8322438621242686,1.0638120569246137,766.7319178581238,0.0
12,waypoint_08,-30.0,0.2032395638957752,-0.8322438621242686,1.0638120569246137,830.3830027580261,0.0
13,waypoint_08,-30.0,0.2032395638957752,-0.8322438621242686,1.0638120569246137,814.6214485168457,0.0
14,waypoint_08,-30.0,0.2032395638957752,-0.8322438621242686,1.0638120569246137,1007.2795152664185,0.0
0,waypoint_09,-30.0,0.22323956389577543,-0.8322438621242686,1.0638120569246137,4184.960842132568,0.0
1,waypoint_09,-30.0,0.22323956389577543,-0.8322438621242686,1.0638120569246137,3271.7158794403076,0.0
2,waypoint_09,-30.0,0.22323956389577543,-0.8322438621242686,1.0638120569246137,3075.145959854126,0.0
3,waypoint_09,-30.0,0.22323956389577543,-0.8322438621242686,1.0638120569246137,1219.6463346481323,0.0
4,waypoint_09,-30.0,0.22323956389577543,-0.8322438621242686,1.0638120569246137,1407.706379890442,0.0
5,waypoint_09,-30.0,0.22323956389577543,-0.8322438621242686,1.0638120569246137,2293.3945655822754,0.0
6,waypoint_09,-30.0,0.22323956389577543,-0.8322438621242686,1.0638120569246137,2551.706314086914,0.0
7,waypoint_09,-30.0,0.22323956389577543,-0.8322438621242686,1.0638120569246137,1570.501446723938,0.0
8,waypoint_09,-30.0,0.22323956389577543,-0.8322438621242686,1.0638120569246137,496.4577257633209,0.0
9,waypoint_09,-30.0,0.22323956389577543,-0.8322438621242686,1.0638120569246137,1279.784083366394,0.0
10,waypoint_09,-30.0,0.22323956389577543,-0.8322438621242686,1.0638120569246137,1107.5607538223267,0.0
11,waypoint_09,-30.0,0.22323956389577543,-0.8322438621242686,1.0638120569246137,779.4350981712341,0.0
12,waypoint_09,-30.0,0.22323956389577543,-0.8322438621242686,1.0638120569246137,840.4822945594788,0.0
13,waypoint_09,-30.0,0.22323956389577543,-0.8322438621242686,1.0638120569246137,825.3480792045593,0.0
14,waypoint_09,-30.0,0.22323956389577543,-0.8322438621242686,1.0638120569246137,1017.0899629592896,0.0
0,waypoint_09,-15.0,0.22323956389577543,-0.8322438621242686,1.0638120569246137,4138.864517211914,0.0
1,waypoint_09,-15.0,0.22323956389577543,-0.8322438621242686,1.0638120569246137,3272.4788188934326,0.0
2,waypoint_09,-15.0,0.22323956389577543,-0.8322438621242686,1.0638120569246137,3094.4268703460693,0.0
3,waypoint_09,-15.0,0.22323956389577543,-0.8322438621242686,1.0638120569246137,1351.2389659881592,0.0
4,waypoint_09,-15.0,0.22323956389577543,-0.8322438621242686,1.0638120569246137,1406.761646270752,0.0
5,waypoint_09,-15.0,0.22323956389577543,-0.8322438621242686,1.0638120569246137,2270.2720165252686,0.0
6,waypoint_09,-15.0,0.22323956389577543,-0.8322438621242686,1.0638120569246137,2516.1941051483154,0.0
7,waypoint_09,-15.0,0.22323956389577543,-0.8322438621242686,1.0638120569246137,1517.2241926193237,0.0
8,waypoint_09,-15.0,0.22323956389577543,-0.8322438621242686,1.0638120569246137,497.76437878608704,0.0
9,waypoint_09,-15.0,0.22323956389577543,-0.8322438621242686,1.0638120569246137,1239.7562265396118,0.0
10,waypoint_09,-15.0,0.22323956389577543,-0.8322438621242686,1.0638120569246137,1104.9747467041016,0.0
11,waypoint_09,-15.0,0.22323956389577543,-0.8322438621242686,1.0638120569246137,776.0329246520996,0.0
12,waypoint_09,-15.0,0.22323956389577543,-0.8322438621242686,1.0638120569246137,808.2211017608643,0.0
13,waypoint_09,-15.0,0.22323956389577543,-0.8322438621242686,1.0638120569246137,810.6098175048828,0.0
14,waypoint_09,-15.0,0.22323956389577543,-0.8322438621242686,1.0638120569246137,834.9111080169678,0.0
0,waypoint_09,0.0,0.22323956389577543,-0.8322438621242686,1.0638120569246137,4150.557994842529,0.0
1,waypoint_09,0.0,0.22323956389577543,-0.8322438621242686,1.0638120569246137,3274.9500274658203,0.0
2,waypoint_09,0.0,0.22323956389577543,-0.8322438621242686,1.0638120569246137,3094.432830810547,0.0
3,waypoint_09,0.0,0.22323956389577543,-0.8322438621242686,1.0638120569246137,1344.8216915130615,0.0
4,waypoint_09,0.0,0.22323956389577543,-0.8322438621242686,1.0638120569246137,1406.3301086425781,0.0
5,waypoint_09,0.0,0.22323956389577543,-0.8322438621242686,1.0638120569246137,1970.8919525146484,0.0
6,waypoint_09,0.0,0.22323956389577543,-0.8322438621242686,1.0638120569246137,2542.210817337036,0.0
7,waypoint_09,0.0,0.22323956389577543,-0.8322438621242686,1.0638120569246137,1648.3112573623657,0.0
8,waypoint_09,0.0,0.22323956389577543,-0.8322438621242686,1.0638120569246137,542.0386791229248,0.0
9,waypoint_09,0.0,0.22323956389577543,-0.8322438621242686,1.0638120569246137,1227.684736251831,0.0
10,waypoint_09,0.0,0.22323956389577543,-0.8322438621242686,1.0638120569246137,1106.9858074188232,0.0
11,waypoint_09,0.0,0.22323956389577543,-0.8322438621242686,1.0638120569246137,742.3056364059448,0.0
12,waypoint_09,0.0,0.22323956389577543,-0.8322438621242686,1.0638120569246137,766.4922475814819,0.0
13,waypoint_09,0.0,0.22323956389577543,-0.8322438621242686,1.0638120569246137,793.7332987785339,0.0
14,waypoint_09,0.0,0.22323956389577543,-0.8322438621242686,1.0638120569246137,851.8069386482239,0.0
0,waypoint_09,15.0,0.22323956389577543,-0.8322438621242686,1.0638120569246137,4165.275573730469,0.0
1,waypoint_09,15.0,0.22323956389577543,-0.8322438621242686,1.0638120569246137,3278.2750129699707,0.0
2,waypoint_09,15.0,0.22323956389577543,-0.8322438621242686,1.0638120569246137,3021.7201709747314,0.0
3,waypoint_09,15.0,0.22323956389577543,-0.8322438621242686,1.0638120569246137,1327.7305364608765,0.0
4,waypoint_09,15.0,0.22323956389577543,-0.8322438621242686,1.0638120569246137,1405.970811843872,0.0
5,waypoint_09,15.0,0.22323956389577543,-0.8322438621242686,1.0638120569246137,1718.793272972107,0.0
6,waypoint_09,15.0,0.22323956389577543,-0.8322438621242686,1.0638120569246137,2539.7448539733887,0.0
7,waypoint_09,15.0,0.22323956389577543,-0.8322438621242686,1.0638120569246137,1686.535358428955,0.0
8,waypoint_09,15.0,0.22323956389577543,-0.8322438621242686,1.0638120569246137,550.2358078956604,0.0
9,waypoint_09,15.0,0.22323956389577543,-0.8322438621242686,1.0638120569246137,1154.3796062469482,0.0
10,waypoint_09,15.0,0.22323956389577543,-0.8322438621242686,1.0638120569246137,1109.4986200332642,0.0
11,waypoint_09,15.0,0.22323956389577543,-0.8322438621242686,1.0638120569246137,707.2926163673401,0.0
12,waypoint_09,15.0,0.22323956389577543,-0.8322438621242686,1.0638120569246137,741.7410612106323,0.0
13,waypoint_09,15.0,0.22323956389577543,-0.8322438621242686,1.0638120569246137,784.4126224517822,0.0
14,waypoint_09,15.0,0.22323956389577543,-0.8322438621242686,1.0638120569246137,691.6078329086304,0.0
0,waypoint_09,30.0,0.22323956389577543,-0.8322438621242686,1.0638120569246137,4180.154800415039,0.0
1,waypoint_09,30.0,0.22323956389577543,-0.8322438621242686,1.0638120569246137,3281.587600708008,0.0
2,waypoint_09,30.0,0.22323956389577543,-0.8322438621242686,1.0638120569246137,3043.4226989746094,0.0
3,waypoint_09,30.0,0.22323956389577543,-0.8322438621242686,1.0638120569246137,1353.6376953125,0.0
4,waypoint_09,30.0,0.22323956389577543,-0.8322438621242686,1.0638120569246137,1406.2594175338745,0.0
5,waypoint_09,30.0,0.22323956389577543,-0.8322438621242686,1.0638120569246137,1790.8931970596313,0.0
6,waypoint_09,30.0,0.22323956389577543,-0.8322438621242686,1.0638120569246137,2545.100688934326,0.0
7,waypoint_09,30.0,0.22323956389577543,-0.8322438621242686,1.0638120569246137,1527.6991128921509,0.0
8,waypoint_09,30.0,0.22323956389577543,-0.8322438621242686,1.0638120569246137,600.0360250473022,0.0
9,waypoint_09,30.0,0.22323956389577543,-0.8322438621242686,1.0638120569246137,1113.7932538986206,0.0
10,waypoint_09,30.0,0.22323956389577543,-0.8322438621242686,1.0638120569246137,1054.172158241272,0.0
11,waypoint_09,30.0,0.22323956389577543,-0.8322438621242686,1.0638120569246137,690.0275945663452,0.0
12,waypoint_09,30.0,0.22323956389577543,-0.8322438621242686,1.0638120569246137,711.065411567688,0.0
13,waypoint_09,30.0,0.22323956389577543,-0.8322438621242686,1.0638120569246137,764.5321488380432,0.0
14,waypoint_09,30.0,0.22323956389577543,-0.8322438621242686,1.0638120569246137,689.0212893486023,0.0
0,waypoint_10,30.0,0.24323956389577522,-0.8322438621242686,1.0638120569246137,4273.624420166016,0.0
1,waypoint_10,30.0,0.24323956389577522,-0.8322438621242686,1.0638120569246137,3282.2628021240234,0.0
2,waypoint_10,30.0,0.24323956389577522,-0.8322438621242686,1.0638120569246137,3018.16463470459,0.0
3,waypoint_10,30.0,0.24323956389577522,-0.8322438621242686,1.0638120569246137,1314.711570739746,0.0
4,waypoint_10,30.0,0.24323956389577522,-0.8322438621242686,1.0638120569246137,1386.8924379348755,0.0
5,waypoint_10,30.0,0.24323956389577522,-0.8322438621242686,1.0638120569246137,1782.3156118392944,0.0
6,waypoint_10,30.0,0.24323956389577522,-0.8322438621242686,1.0638120569246137,2515.834331512451,0.0
7,waypoint_10,30.0,0.24323956389577522,-0.8322438621242686,1.0638120569246137,1517.4857378005981,0.0
8,waypoint_10,30.0,0.24323956389577522,-0.8322438621242686,1.0638120569246137,587.7130031585693,0.0
9,waypoint_10,30.0,0.24323956389577522,-0.8322438621242686,1.0638120569246137,1129.546880722046,0.0
10,waypoint_10,30.0,0.24323956389577522,-0.8322438621242686,1.0638120569246137,1070.1043605804443,0.0
11,waypoint_10,30.0,0.24323956389577522,-0.8322438621242686,1.0638120569246137,704.3983340263367,0.0
12,waypoint_10,30.0,0.24323956389577522,-0.8322438621242686,1.0638120569246137,717.9905772209167,0.0
13,waypoint_10,30.0,0.24323956389577522,-0.8322438621242686,1.0638120569246137,789.7840738296509,0.0
14,waypoint_10,30.0,0.24323956389577522,-0.8322438621242686,1.0638120569246137,699.1390585899353,0.0
0,waypoint_10,15.0,0.24323956389577522,-0.8322438621242686,1.0638120569246137,4182.620048522949,0.0
1,waypoint_10,15.0,0.24323956389577522,-0.8322438621242686,1.0638120569246137,3278.947114944458,0.0
2,waypoint_10,15.0,0.24323956389577522,-0.8322438621242686,1.0638120569246137,3090.670108795166,0.0
3,waypoint_10,15.0,0.24323956389577522,-0.8322438621242686,1.0638120569246137,1325.425386428833,0.0
4,waypoint_10,15.0,0.24323956389577522,-0.8322438621242686,1.0638120569246137,1398.8028764724731,0.0
5,waypoint_10,15.0,0.24323956389577522,-0.8322438621242686,1.0638120569246137,1710.38019657135,0.0
6,waypoint_10,15.0,0.24323956389577522,-0.8322438621242686,1.0638120569246137,2529.8502445220947,0.0
7,waypoint_10,15.0,0.24323956389577522,-0.8322438621242686,1.0638120569246137,1502.2988319396973,0.0
8,waypoint_10,15.0,0.24323956389577522,-0.8322438621242686,1.0638120569246137,594.3562984466553,0.0
9,waypoint_10,15.0,0.24323956389577522,-0.8322438621242686,1.0638120569246137,1154.9477577209473,0.0
10,waypoint_10,15.0,0.24323956389577522,-0.8322438621242686,1.0638120569246137,1070.1707601547241,0.0
11,waypoint_10,15.0,0.24323956389577522,-0.8322438621242686,1.0638120569246137,715.0059938430786,0.0
12,waypoint_10,15.0,0.24323956389577522,-0.8322438621242686,1.0638120569246137,745.9281086921692,0.0
13,waypoint_10,15.0,0.24323956389577522,-0.8322438621242686,1.0638120569246137,792.7790284156799,0.0
14,waypoint_10,15.0,0.24323956389577522,-0.8322438621242686,1.0638120569246137,696.4940428733826,0.0
0,waypoint_10,0.0,0.24323956389577522,-0.8322438621242686,1.0638120569246137,4215.409278869629,0.0
1,waypoint_10,0.0,0.24323956389577522,-0.8322438621242686,1.0638120569246137,3275.625467300415,0.0
2,waypoint_10,0.0,0.24323956389577522,-0.8322438621242686,1.0638120569246137,3034.7983837127686,0.0
3,waypoint_10,0.0,0.24323956389577522,-0.8322438621242686,1.0638120569246137,1308.151364326477,0.0
4,waypoint_10,0.0,0.24323956389577522,-0.8322438621242686,1.0638120569246137,1398.3685970306396,0.0
5,waypoint_10,0.0,0.24323956389577522,-0.8322438621242686,1.0638120569246137,1729.5995950698853,0.0
6,waypoint_10,0.0,0.24323956389577522,-0.8322438621242686,1.0638120569246137,2529.1335582733154,0.0
7,waypoint_10,0.0,0.24323956389577522,-0.8322438621242686,1.0638120569246137,1618.55149269104,0.0
8,waypoint_10,0.0,0.24323956389577522,-0.8322438621242686,1.0638120569246137,552.6155829429626,0.0
9,waypoint_10,0.0,0.24323956389577522,-0.8322438621242686,1.0638120569246137,1228.1261682510376,0.0
10,waypoint_10,0.0,0.24323956389577522,-0.8322438621242686,1.0638120569246137,1095.4381227493286,0.0
11,waypoint_10,0.0,0.24323956389577522,-0.8322438621242686,1.0638120569246137,751.6574263572693,0.0
12,waypoint_10,0.0,0.24323956389577522,-0.8322438621242686,1.0638120569246137,771.5949416160583,0.0
13,waypoint_10,0.0,0.24323956389577522,-0.8322438621242686,1.0638120569246137,807.0149421691895,0.0
14,waypoint_10,0.0,0.24323956389577522,-0.8322438621242686,1.0638120569246137,942.1945810317993,0.0
0,waypoint_10,-15.0,0.24323956389577522,-0.8322438621242686,1.0638120569246137,4216.630458831787,0.0
1,waypoint_10,-15.0,0.24323956389577522,-0.8322438621242686,1.0638120569246137,3273.2040882110596,0.0
2,waypoint_10,-15.0,0.24323956389577522,-0.8322438621242686,1.0638120569246137,3014.247417449951,0.0
3,waypoint_10,-15.0,0.24323956389577522,-0.8322438621242686,1.0638120569246137,1352.217435836792,0.0
4,waypoint_10,-15.0,0.24323956389577522,-0.8322438621242686,1.0638120569246137,1398.8678455352783,0.0
5,waypoint_10,-15.0,0.24323956389577522,-0.8322438621242686,1.0638120569246137,2264.482259750366,0.0
6,waypoint_10,-15.0,0.24323956389577522,-0.8322438621242686,1.0638120569246137,2497.080087661743,0.0
7,waypoint_10,-15.0,0.24323956389577522,-0.8322438621242686,1.0638120569246137,1720.5365896224976,0.0
8,waypoint_10,-15.0,0.24323956389577522,-0.8322438621242686,1.0638120569246137,547.2338199615479,0.0
9,waypoint_10,-15.0,0.24323956389577522,-0.8322438621242686,1.0638120569246137,1265.5423879623413,0.0
10,waypoint_10,-15.0,0.24323956389577522,-0.8322438621242686,1.0638120569246137,1120.674729347229,0.0
11,waypoint_10,-15.0,0.24323956389577522,-0.8322438621242686,1.0638120569246137,765.2433514595032,0.0
12,waypoint_10,-15.0,0.24323956389577522,-0.8322438621242686,1.0638120569246137,806.3163161277771,0.0
13,waypoint_10,-15.0,0.24323956389577522,-0.8322438621242686,1.0638120569246137,819.9447393417358,0.0
14,waypoint_10,-15.0,0.24323956389577522,-0.8322438621242686,1.0638120569246137,893.5673236846924,0.0
0,waypoint_10,-30.0,0.24323956389577522,-0.8322438621242686,1.0638120569246137,4180.601596832275,0.0
1,waypoint_10,-30.0,0.24323956389577522,-0.8322438621242686,1.0638120569246137,3272.5722789764404,0.0
2,waypoint_10,-30.0,0.24323956389577522,-0.8322438621242686,1.0638120569246137,3039.567470550537,0.0
3,waypoint_10,-30.0,0.24323956389577522,-0.8322438621242686,1.0638120569246137,1192.5727128982544,0.0
4,waypoint_10,-30.0,0.24323956389577522,-0.8322438621242686,1.0638120569246137,1324.8852491378784,0.0
5,waypoint_10,-30.0,0.24323956389577522,-0.8322438621242686,1.0638120569246137,2287.9135608673096,0.0
6,waypoint_10,-30.0,0.24323956389577522,-0.8322438621242686,1.0638120569246137,2534.377336502075,0.0
7,waypoint_10,-30.0,0.24323956389577522,-0.8322438621242686,1.0638120569246137,1520.3986167907715,0.0
8,waypoint_10,-30.0,0.24323956389577522,-0.8322438621242686,1.0638120569246137,549.3943691253662,0.0
9,waypoint_10,-30.0,0.24323956389577522,-0.8322438621242686,1.0638120569246137,1294.2519187927246,0.0
10,waypoint_10,-30.0,0.24323956389577522,-0.8322438621242686,1.0638120569246137,1123.9666938781738,0.0
11,waypoint_10,-30.0,0.24323956389577522,-0.8322438621242686,1.0638120569246137,787.8580093383789,0.0
12,waypoint_10,-30.0,0.24323956389577522,-0.8322438621242686,1.0638120569246137,844.1568613052368,0.0
13,waypoint_10,-30.0,0.24323956389577522,-0.8322438621242686,1.0638120569246137,834.985613822937,0.0
14,waypoint_10,-30.0,0.24323956389577522,-0.8322438621242686,1.0638120569246137,953.6112546920776,0.0
0,waypoint_11,-30.0,0.06323956389577612,-0.8068737827527108,1.0638120569246137,4002.808094024658,0.0
1,waypoint_11,-30.0,0.06323956389577612,-0.8068737827527108,1.0638120569246137,3243.037700653076,0.0
2,waypoint_11,-30.0,0.06323956389577612,-0.8068737827527108,1.0638120569246137,3172.381639480591,0.0
3,waypoint_11,-30.0,0.06323956389577612,-0.8068737827527108,1.0638120569246137,1315.3444528579712,0.0
4,waypoint_11,-30.0,0.06323956389577612,-0.8068737827527108,1.0638120569246137,1505.4577589035034,0.0
5,waypoint_11,-30.0,0.06323956389577612,-0.8068737827527108,1.0638120569246137,2302.432060241699,0.0
6,waypoint_11,-30.0,0.06323956389577612,-0.8068737827527108,1.0638120569246137,2711.4503383636475,0.0
7,waypoint_11,-30.0,0.06323956389577612,-0.8068737827527108,1.0638120569246137,2057.10768699646,0.0
8,waypoint_11,-30.0,0.06323956389577612,-0.8068737827527108,1.0638120569246137,402.1233022212982,0.0
9,waypoint_11,-30.0,0.06323956389577612,-0.8068737827527108,1.0638120569246137,1145.8191871643066,0.0
10,waypoint_11,-30.0,0.06323956389577612,-0.8068737827527108,1.0638120569246137,966.8439626693726,0.0
11,waypoint_11,-30.0,0.06323956389577612,-0.8068737827527108,1.0638120569246137,668.5042977333069,0.0
12,waypoint_11,-30.0,0.06323956389577612,-0.8068737827527108,1.0638120569246137,745.0339198112488,0.0
13,waypoint_11,-30.0,0.06323956389577612,-0.8068737827527108,1.0638120569246137,723.9581346511841,0.0
14,waypoint_11,-30.0,0.06323956389577612,-0.8068737827527108,1.0638120569246137,976.568341255188,0.0
0,waypoint_11,-15.0,0.06323956389577612,-0.8068737827527108,1.0638120569246137,4018.2456970214844,0.0
1,waypoint_11,-15.0,0.06323956389577612,-0.8068737827527108,1.0638120569246137,3244.717836380005,0.0
2,waypoint_11,-15.0,0.06323956389577612,-0.8068737827527108,1.0638120569246137,3143.1355476379395,0.0
3,waypoint_11,-15.0,0.06323956389577612,-0.8068737827527108,1.0638120569246137,1424.9156713485718,0.0
4,waypoint_11,-15.0,0.06323956389577612,-0.8068737827527108,1.0638120569246137,1505.9871673583984,0.0
5,waypoint_11,-15.0,0.06323956389577612,-0.8068737827527108,1.0638120569246137,2286.2722873687744,0.0
6,waypoint_11,-15.0,0.06323956389577612,-0.8068737827527108,1.0638120569246137,2692.9237842559814,0.0
7,waypoint_11,-15.0,0.06323956389577612,-0.8068737827527108,1.0638120569246137,2058.3674907684326,0.0
8,waypoint_11,-15.0,0.06323956389577612,-0.8068737827527108,1.0638120569246137,402.30974555015564,0.0
9,waypoint_11,-15.0,0.06323956389577612,-0.8068737827527108,1.0638120569246137,1105.1139831542969,0.0
10,waypoint_11,-15.0,0.06323956389577612,-0.8068737827527108,1.0638120569246137,966.6752815246582,0.0
11,waypoint_11,-15.0,0.06323956389577612,-0.8068737827527108,1.0638120569246137,667.1720147132874,0.0
12,waypoint_11,-15.0,0.06323956389577612,-0.8068737827527108,1.0638120569246137,711.4943265914917,0.0
13,waypoint_11,-15.0,0.06323956389577612,-0.8068737827527108,1.0638120569246137,707.3042392730713,0.0
14,waypoint_11,-15.0,0.06323956389577612,-0.8068737827527108,1.0638120569246137,914.1797423362732,0.0
0,waypoint_11,0.0,0.06323956389577612,-0.8068737827527108,1.0638120569246137,4064.2943382263184,0.0
1,waypoint_11,0.0,0.06323956389577612,-0.8068737827527108,1.0638120569246137,3247.9453086853027,0.0
2,waypoint_11,0.0,0.06323956389577612,-0.8068737827527108,1.0638120569246137,3177.1605014801025,0.0
3,waypoint_11,0.0,0.06323956389577612,-0.8068737827527108,1.0638120569246137,1487.9369735717773,0.0
4,waypoint_11,0.0,0.06323956389577612,-0.8068737827527108,1.0638120569246137,1524.6601104736328,0.0
5,waypoint_11,0.0,0.06323956389577612,-0.8068737827527108,1.0638120569246137,1881.4043998718262,0.0
6,waypoint_11,0.0,0.06323956389577612,-0.8068737827527108,1.0638120569246137,2704.697847366333,0.0
7,waypoint_11,0.0,0.06323956389577612,-0.8068737827527108,1.0638120569246137,2058.257579803467,0.0
8,waypoint_11,0.0,0.06323956389577612,-0.8068737827527108,1.0638120569246137,440.35711884498596,0.0
9,waypoint_11,0.0,0.06323956389577612,-0.8068737827527108,1.0638120569246137,1093.1596755981445,0.0
10,waypoint_11,0.0,0.06323956389577612,-0.8068737827527108,1.0638120569246137,968.6154127120972,0.0
11,waypoint_11,0.0,0.06323956389577612,-0.8068737827527108,1.0638120569246137,638.4885311126709,0.0
12,waypoint_11,0.0,0.06323956389577612,-0.8068737827527108,1.0638120569246137,667.485237121582,0.0
13,waypoint_11,0.0,0.06323956389577612,-0.8068737827527108,1.0638120569246137,693.7029957771301,0.0
14,waypoint_11,0.0,0.06323956389577612,-0.8068737827527108,1.0638120569246137,837.786853313446,0.0
0,waypoint_11,15.0,0.06323956389577612,-0.8068737827527108,1.0638120569246137,4008.580207824707,0.0
1,waypoint_11,15.0,0.06323956389577612,-0.8068737827527108,1.0638120569246137,3251.800298690796,0.0
2,waypoint_11,15.0,0.06323956389577612,-0.8068737827527108,1.0638120569246137,3150.686264038086,0.0
3,waypoint_11,15.0,0.06323956389577612,-0.8068737827527108,1.0638120569246137,1468.3456420898438,0.0
4,waypoint_11,15.0,0.06323956389577612,-0.8068737827527108,1.0638120569246137,1541.7122840881348,0.0
5,waypoint_11,15.0,0.06323956389577612,-0.8068737827527108,1.0638120569246137,1769.0082788467407,0.0
6,waypoint_11,15.0,0.06323956389577612,-0.8068737827527108,1.0638120569246137,2701.8213272094727,0.0
7,waypoint_11,15.0,0.06323956389577612,-0.8068737827527108,1.0638120569246137,2057.9450130462646,0.0
8,waypoint_11,15.0,0.06323956389577612,-0.8068737827527108,1.0638120569246137,431.8518340587616,0.0
9,waypoint_11,15.0,0.06323956389577612,-0.8068737827527108,1.0638120569246137,971.5953469276428,0.0
10,waypoint_11,15.0,0.06323956389577612,-0.8068737827527108,1.0638120569246137,883.20392370224,0.0
11,waypoint_11,15.0,0.06323956389577612,-0.8068737827527108,1.0638120569246137,604.580283164978,0.0
12,waypoint_11,15.0,0.06323956389577612,-0.8068737827527108,1.0638120569246137,638.7481093406677,0.0
13,waypoint_11,15.0,0.06323956389577612,-0.8068737827527108,1.0638120569246137,679.705560207367,0.0
14,waypoint_11,15.0,0.06323956389577612,-0.8068737827527108,1.0638120569246137,818.88347864151,0.0
0,waypoint_11,30.0,0.06323956389577612,-0.8068737827527108,1.0638120569246137,4040.5778884887695,0.0
1,waypoint_11,30.0,0.06323956389577612,-0.8068737827527108,1.0638120569246137,3255.3811073303223,0.0
2,waypoint_11,30.0,0.06323956389577612,-0.8068737827527108,1.0638120569246137,3142.7619457244873,0.0
3,waypoint_11,30.0,0.06323956389577612,-0.8068737827527108,1.0638120569246137,1459.4249725341797,0.0
4,waypoint_11,30.0,0.06323956389577612,-0.8068737827527108,1.0638120569246137,1530.9258699417114,0.0
5,waypoint_11,30.0,0.06323956389577612,-0.8068737827527108,1.0638120569246137,1846.3430404663086,0.0
6,waypoint_11,30.0,0.06323956389577612,-0.8068737827527108,1.0638120569246137,2702.4850845336914,0.0
7,waypoint_11,30.0,0.06323956389577612,-0.8068737827527108,1.0638120569246137,2057.7335357666016,0.0
8,waypoint_11,30.0,0.06323956389577612,-0.8068737827527108,1.0638120569246137,515.457034111023,0.0
9,waypoint_11,30.0,0.06323956389577612,-0.8068737827527108,1.0638120569246137,928.9262294769287,0.0
10,waypoint_11,30.0,0.06323956389577612,-0.8068737827527108,1.0638120569246137,859.0742349624634,0.0
11,waypoint_11,30.0,0.06323956389577612,-0.8068737827527108,1.0638120569246137,580.0173282623291,0.0
12,waypoint_11,30.0,0.06323956389577612,-0.8068737827527108,1.0638120569246137,615.0959134101868,0.0
13,waypoint_11,30.0,0.06323956389577612,-0.8068737827527108,1.0638120569246137,669.6239113807678,0.0
14,waypoint_11,30.0,0.06323956389577612,-0.8068737827527108,1.0638120569246137,743.3355450630188,0.0
0,waypoint_12,30.0,0.08323956389577569,-0.8068737827527108,1.0638120569246137,4082.0236206054688,0.0
1,waypoint_12,30.0,0.08323956389577569,-0.8068737827527108,1.0638120569246137,3255.1915645599365,0.0
2,waypoint_12,30.0,0.08323956389577569,-0.8068737827527108,1.0638120569246137,3128.8888454437256,0.0
3,waypoint_12,30.0,0.08323956389577569,-0.8068737827527108,1.0638120569246137,1467.940330505371,0.0
4,waypoint_12,30.0,0.08323956389577569,-0.8068737827527108,1.0638120569246137,1511.6904973983765,0.0
5,waypoint_12,30.0,0.08323956389577569,-0.8068737827527108,1.0638120569246137,1836.521029472351,0.0
6,waypoint_12,30.0,0.08323956389577569,-0.8068737827527108,1.0638120569246137,2700.1116275787354,0.0
7,waypoint_12,30.0,0.08323956389577569,-0.8068737827527108,1.0638120569246137,2038.9313697814941,0.0
8,waypoint_12,30.0,0.08323956389577569,-0.8068737827527108,1.0638120569246137,523.4513282775879,0.0
9,waypoint_12,30.0,0.08323956389577569,-0.8068737827527108,1.0638120569246137,950.3836035728455,0.0
10,waypoint_12,30.0,0.08323956389577569,-0.8068737827527108,1.0638120569246137,874.2057681083679,0.0
11,waypoint_12,30.0,0.08323956389577569,-0.8068737827527108,1.0638120569246137,592.0374989509583,0.0
12,waypoint_12,30.0,0.08323956389577569,-0.8068737827527108,1.0638120569246137,622.7774620056152,0.0
13,waypoint_12,30.0,0.08323956389577569,-0.8068737827527108,1.0638120569246137,678.4519553184509,0.0
14,waypoint_12,30.0,0.08323956389577569,-0.8068737827527108,1.0638120569246137,714.434564113617,0.0
0,waypoint_12,15.0,0.08323956389577569,-0.8068737827527108,1.0638120569246137,4027.1077156066895,0.0
1,waypoint_12,15.0,0.08323956389577569,-0.8068737827527108,1.0638120569246137,3251.6212463378906,0.0
2,waypoint_12,15.0,0.08323956389577569,-0.8068737827527108,1.0638120569246137,3083.258867263794,0.0
3,waypoint_12,15.0,0.08323956389577569,-0.8068737827527108,1.0638120569246137,1430.855393409729,0.0
4,waypoint_12,15.0,0.08323956389577569,-0.8068737827527108,1.0638120569246137,1511.8451118469238,0.0
5,waypoint_12,15.0,0.08323956389577569,-0.8068737827527108,1.0638120569246137,1759.204387664795,0.0
6,waypoint_12,15.0,0.08323956389577569,-0.8068737827527108,1.0638120569246137,2681.457996368408,0.0
7,waypoint_12,15.0,0.08323956389577569,-0.8068737827527108,1.0638120569246137,2038.8264656066895,0.0
8,waypoint_12,15.0,0.08323956389577569,-0.8068737827527108,1.0638120569246137,459.43695306777954,0.0
9,waypoint_12,15.0,0.08323956389577569,-0.8068737827527108,1.0638120569246137,978.8758158683777,0.0
10,waypoint_12,15.0,0.08323956389577569,-0.8068737827527108,1.0638120569246137,891.3241624832153,0.0
11,waypoint_12,15.0,0.08323956389577569,-0.8068737827527108,1.0638120569246137,611.4351153373718,0.0
12,waypoint_12,15.0,0.08323956389577569,-0.8068737827527108,1.0638120569246137,646.7054486274719,0.0
13,waypoint_12,15.0,0.08323956389577569,-0.8068737827527108,1.0638120569246137,682.5436353683472,0.0
14,waypoint_12,15.0,0.08323956389577569,-0.8068737827527108,1.0638120569246137,836.1924290657043,0.0
0,waypoint_12,0.0,0.08323956389577569,-0.8068737827527108,1.0638120569246137,4038.227081298828,0.0
1,waypoint_12,0.0,0.08323956389577569,-0.8068737827527108,1.0638120569246137,3247.826099395752,0.0
2,waypoint_12,0.0,0.08323956389577569,-0.8068737827527108,1.0638120569246137,3161.879301071167,0.0
3,waypoint_12,0.0,0.08323956389577569,-0.8068737827527108,1.0638120569246137,1422.7237701416016,0.0
4,waypoint_12,0.0,0.08323956389577569,-0.8068737827527108,1.0638120569246137,1509.7227096557617,0.0
5,waypoint_12,0.0,0.08323956389577569,-0.8068737827527108,1.0638120569246137,1871.073603630066,0.0
6,waypoint_12,0.0,0.08323956389577569,-0.8068737827527108,1.0638120569246137,2682.6465129852295,0.0
7,waypoint_12,0.0,0.08323956389577569,-0.8068737827527108,1.0638120569246137,2039.2775535583496,0.0
8,waypoint_12,0.0,0.08323956389577569,-0.8068737827527108,1.0638120569246137,458.0235779285431,0.0
9,waypoint_12,0.0,0.08323956389577569,-0.8068737827527108,1.0638120569246137,1057.3756694793701,0.0
10,waypoint_12,0.0,0.08323956389577569,-0.8068737827527108,1.0638120569246137,909.5092415809631,0.0
11,waypoint_12,0.0,0.08323956389577569,-0.8068737827527108,1.0638120569246137,634.8724365234375,0.0
12,waypoint_12,0.0,0.08323956389577569,-0.8068737827527108,1.0638120569246137,675.6190061569214,0.0
13,waypoint_12,0.0,0.08323956389577569,-0.8068737827527108,1.0638120569246137,697.3276138305664,0.0
14,waypoint_12,0.0,0.08323956389577569,-0.8068737827527108,1.0638120569246137,810.2281093597412,0.0
0,waypoint_12,-15.0,0.08323956389577569,-0.8068737827527108,1.0638120569246137,4045.6557273864746,0.0
1,waypoint_12,-15.0,0.08323956389577569,-0.8068737827527108,1.0638120569246137,3244.6751594543457,0.0
2,waypoint_12,-15.0,0.08323956389577569,-0.8068737827527108,1.0638120569246137,3091.034412384033,0.0
3,waypoint_12,-15.0,0.08323956389577569,-0.8068737827527108,1.0638120569246137,1416.0120487213135,0.0
4,waypoint_12,-15.0,0.08323956389577569,-0.8068737827527108,1.0638120569246137,1509.4780921936035,0.0
5,waypoint_12,-15.0,0.08323956389577569,-0.8068737827527108,1.0638120569246137,2273.2129096984863,0.0
6,waypoint_12,-15.0,0.08323956389577569,-0.8068737827527108,1.0638120569246137,2664.005994796753,0.0
7,waypoint_12,-15.0,0.08323956389577569,-0.8068737827527108,1.0638120569246137,2039.3433570861816,0.0
8,waypoint_12,-15.0,0.08323956389577569,-0.8068737827527108,1.0638120569246137,433.87371301651,0.0
9,waypoint_12,-15.0,0.08323956389577569,-0.8068737827527108,1.0638120569246137,1130.9053897857666,0.0
10,waypoint_12,-15.0,0.08323956389577569,-0.8068737827527108,1.0638120569246137,963.6314511299133,0.0
11,waypoint_12,-15.0,0.08323956389577569,-0.8068737827527108,1.0638120569246137,651.56090259552,0.0
12,waypoint_12,-15.0,0.08323956389577569,-0.8068737827527108,1.0638120569246137,712.7359509468079,0.0
13,waypoint_12,-15.0,0.08323956389577569,-0.8068737827527108,1.0638120569246137,715.2611017227173,0.0
14,waypoint_12,-15.0,0.08323956389577569,-0.8068737827527108,1.0638120569246137,805.9313297271729,0.0
0,waypoint_12,-30.0,0.08323956389577569,-0.8068737827527108,1.0638120569246137,4018.754482269287,0.0
1,waypoint_12,-30.0,0.08323956389577569,-0.8068737827527108,1.0638120569246137,3243.1557178497314,0.0
2,waypoint_12,-30.0,0.08323956389577569,-0.8068737827527108,1.0638120569246137,3183.4189891815186,0.0
3,waypoint_12,-30.0,0.08323956389577569,-0.8068737827527108,1.0638120569246137,1312.600016593933,0.0
4,waypoint_12,-30.0,0.08323956389577569,-0.8068737827527108,1.0638120569246137,1488.5047674179077,0.0
5,waypoint_12,-30.0,0.08323956389577569,-0.8068737827527108,1.0638120569246137,2302.564859390259,0.0
6,waypoint_12,-30.0,0.08323956389577569,-0.8068737827527108,1.0638120569246137,2691.4050579071045,0.0
7,waypoint_12,-30.0,0.08323956389577569,-0.8068737827527108,1.0638120569246137,1765.0433778762817,0.0
8,waypoint_12,-30.0,0.08323956389577569,-0.8068737827527108,1.0638120569246137,415.9995913505554,0.0
9,waypoint_12,-30.0,0.08323956389577569,-0.8068737827527108,1.0638120569246137,1159.2130661010742,0.0
10,waypoint_12,-30.0,0.08323956389577569,-0.8068737827527108,1.0638120569246137,981.638491153717,0.0
11,waypoint_12,-30.0,0.08323956389577569,-0.8068737827527108,1.0638120569246137,677.0033836364746,0.0
12,waypoint_12,-30.0,0.08323956389577569,-0.8068737827527108,1.0638120569246137,751.1693239212036,0.0
13,waypoint_12,-30.0,0.08323956389577569,-0.8068737827527108,1.0638120569246137,731.522262096405,0.0
14,waypoint_12,-30.0,0.08323956389577569,-0.8068737827527108,1.0638120569246137,955.1466107368469,0.0
0,waypoint_13,-30.0,0.10323956389577549,-0.8068737827527108,1.0638120569246137,4008.4619522094727,0.0
1,waypoint_13,-30.0,0.10323956389577549,-0.8068737827527108,1.0638120569246137,3243.269443511963,0.0
2,waypoint_13,-30.0,0.10323956389577549,-0.8068737827527108,1.0638120569246137,3171.6713905334473,0.0
3,waypoint_13,-30.0,0.10323956389577549,-0.8068737827527108,1.0638120569246137,1286.157727241516,0.0
4,waypoint_13,-30.0,0.10323956389577549,-0.8068737827527108,1.0638120569246137,1466.879963874817,0.0
5,waypoint_13,-30.0,0.10323956389577549,-0.8068737827527108,1.0638120569246137,2298.1297969818115,0.0
6,waypoint_13,-30.0,0.10323956389577549,-0.8068737827527108,1.0638120569246137,2668.574571609497,0.0
7,waypoint_13,-30.0,0.10323956389577549,-0.8068737827527108,1.0638120569246137,1628.4549236297607,0.0
8,waypoint_13,-30.0,0.10323956389577549,-0.8068737827527108,1.0638120569246137,424.1749942302704,0.0
9,waypoint_13,-30.0,0.10323956389577549,-0.8068737827527108,1.0638120569246137,1173.5395193099976,0.0
10,waypoint_13,-30.0,0.10323956389577549,-0.8068737827527108,1.0638120569246137,997.0418810844421,0.0
11,waypoint_13,-30.0,0.10323956389577549,-0.8068737827527108,1.0638120569246137,687.8162026405334,0.0
12,waypoint_13,-30.0,0.10323956389577549,-0.8068737827527108,1.0638120569246137,759.1077089309692,0.0
13,waypoint_13,-30.0,0.10323956389577549,-0.8068737827527108,1.0638120569246137,740.7057285308838,0.0
14,waypoint_13,-30.0,0.10323956389577549,-0.8068737827527108,1.0638120569246137,950.3006339073181,0.0
0,waypoint_13,-15.0,0.10323956389577549,-0.8068737827527108,1.0638120569246137,4052.0596504211426,0.0
1,waypoint_13,-15.0,0.10323956389577549,-0.8068737827527108,1.0638120569246137,3244.7094917297363,0.0
2,waypoint_13,-15.0,0.10323956389577549,-0.8068737827527108,1.0638120569246137,3159.6407890319824,0.0
3,waypoint_13,-15.0,0.10323956389577549,-0.8068737827527108,1.0638120569246137,1444.898009300232,0.0
4,waypoint_13,-15.0,0.10323956389577549,-0.8068737827527108,1.0638120569246137,1464.868187904358,0.0
5,waypoint_13,-15.0,0.10323956389577549,-0.8068737827527108,1.0638120569246137,2274.5401859283447,0.0
6,waypoint_13,-15.0,0.10323956389577549,-0.8068737827527108,1.0638120569246137,2642.31538772583,0.0
7,waypoint_13,-15.0,0.10323956389577549,-0.8068737827527108,1.0638120569246137,1641.821265220642,0.0
8,waypoint_13,-15.0,0.10323956389577549,-0.8068737827527108,1.0638120569246137,438.2953941822052,0.0
9,waypoint_13,-15.0,0.10323956389577549,-0.8068737827527108,1.0638120569246137,1133.6493492126465,0.0
10,waypoint_13,-15.0,0.10323956389577549,-0.8068737827527108,1.0638120569246137,996.6099262237549,0.0
11,waypoint_13,-15.0,0.10323956389577549,-0.8068737827527108,1.0638120569246137,686.5734457969666,0.0
12,waypoint_13,-15.0,0.10323956389577549,-0.8068737827527108,1.0638120569246137,724.6346473693848,0.0
13,waypoint_13,-15.0,0.10323956389577549,-0.8068737827527108,1.0638120569246137,724.4139313697815,0.0
14,waypoint_13,-15.0,0.10323956389577549,-0.8068737827527108,1.0638120569246137,898.6254930496216,0.0
0,waypoint_13,0.0,0.10323956389577549,-0.8068737827527108,1.0638120569246137,4098.517417907715,0.0
1,waypoint_13,0.0,0.10323956389577549,-0.8068737827527108,1.0638120569246137,3247.7896213531494,0.0
2,waypoint_13,0.0,0.10323956389577549,-0.8068737827527108,1.0638120569246137,3151.705026626587,0.0
3,waypoint_13,0.0,0.10323956389577549,-0.8068737827527108,1.0638120569246137,1432.161569595337,0.0
4,waypoint_13,0.0,0.10323956389577549,-0.8068737827527108,1.0638120569246137,1484.9332571029663,0.0
5,waypoint_13,0.0,0.10323956389577549,-0.8068737827527108,1.0638120569246137,1892.0246362686157,0.0
6,waypoint_13,0.0,0.10323956389577549,-0.8068737827527108,1.0638120569246137,2667.433023452759,0.0
7,waypoint_13,0.0,0.10323956389577549,-0.8068737827527108,1.0638120569246137,1716.8176174163818,0.0
8,waypoint_13,0.0,0.10323956389577549,-0.8068737827527108,1.0638120569246137,474.23386573791504,0.0
9,waypoint_13,0.0,0.10323956389577549,-0.8068737827527108,1.0638120569246137,1121.9497919082642,0.0
10,waypoint_13,0.0,0.10323956389577549,-0.8068737827527108,1.0638120569246137,998.701810836792,0.0
11,waypoint_13,0.0,0.10323956389577549,-0.8068737827527108,1.0638120569246137,659.7833633422852,0.0
12,waypoint_13,0.0,0.10323956389577549,-0.8068737827527108,1.0638120569246137,682.5982332229614,0.0
13,waypoint_13,0.0,0.10323956389577549,-0.8068737827527108,1.0638120569246137,710.3064656257629,0.0
14,waypoint_13,0.0,0.10323956389577549,-0.8068737827527108,1.0638120569246137,856.8766117095947,0.0
0,waypoint_13,15.0,0.10323956389577549,-0.8068737827527108,1.0638120569246137,4089.479923248291,0.0
1,waypoint_13,15.0,0.10323956389577549,-0.8068737827527108,1.0638120569246137,3251.6298294067383,0.0
2,waypoint_13,15.0,0.10323956389577549,-0.8068737827527108,1.0638120569246137,3088.9079570770264,0.0
3,waypoint_13,15.0,0.10323956389577549,-0.8068737827527108,1.0638120569246137,1411.9914770126343,0.0
4,waypoint_13,15.0,0.10323956389577549,-0.8068737827527108,1.0638120569246137,1502.4105310440063,0.0
5,waypoint_13,15.0,0.10323956389577549,-0.8068737827527108,1.0638120569246137,1749.5522499084473,0.0
6,waypoint_13,15.0,0.10323956389577549,-0.8068737827527108,1.0638120569246137,2670.5126762390137,0.0
7,waypoint_13,15.0,0.10323956389577549,-0.8068737827527108,1.0638120569246137,1524.4214534759521,0.0
8,waypoint_13,15.0,0.10323956389577549,-0.8068737827527108,1.0638120569246137,455.9260606765747,0.0
9,waypoint_13,15.0,0.10323956389577549,-0.8068737827527108,1.0638120569246137,1011.4325284957886,0.0
10,waypoint_13,15.0,0.10323956389577549,-0.8068737827527108,1.0638120569246137,929.8842549324036,0.0
11,waypoint_13,15.0,0.10323956389577549,-0.8068737827527108,1.0638120569246137,621.5683817863464,0.0
12,waypoint_13,15.0,0.10323956389577549,-0.8068737827527108,1.0638120569246137,654.3615460395813,0.0
13,waypoint_13,15.0,0.10323956389577549,-0.8068737827527108,1.0638120569246137,698.2641816139221,0.0
14,waypoint_13,15.0,0.10323956389577549,-0.8068737827527108,1.0638120569246137,846.8853831291199,0.0
0,waypoint_13,30.0,0.10323956389577549,-0.8068737827527108,1.0638120569246137,4121.4799880981445,0.0
1,waypoint_13,30.0,0.10323956389577549,-0.8068737827527108,1.0638120569246137,3255.298614501953,0.0
2,waypoint_13,30.0,0.10323956389577549,-0.8068737827527108,1.0638120569246137,3068.6862468719482,0.0
3,waypoint_13,30.0,0.10323956389577549,-0.8068737827527108,1.0638120569246137,1471.1482524871826,0.0
4,waypoint_13,30.0,0.10323956389577549,-0.8068737827527108,1.0638120569246137,1496.3825941085815,0.0
5,waypoint_13,30.0,0.10323956389577549,-0.8068737827527108,1.0638120569246137,1826.8530368804932,0.0
6,waypoint_13,30.0,0.10323956389577549,-0.8068737827527108,1.0638120569246137,2675.272226333618,0.0
7,waypoint_13,30.0,0.10323956389577549,-0.8068737827527108,1.0638120569246137,1705.9422731399536,0.0
8,waypoint_13,30.0,0.10323956389577549,-0.8068737827527108,1.0638120569246137,513.139545917511,0.0
9,waypoint_13,30.0,0.10323956389577549,-0.8068737827527108,1.0638120569246137,968.5736894607544,0.0
10,waypoint_13,30.0,0.10323956389577549,-0.8068737827527108,1.0638120569246137,906.1394929885864,0.0
11,waypoint_13,30.0,0.10323956389577549,-0.8068737827527108,1.0638120569246137,603.7455201148987,0.0
12,waypoint_13,30.0,0.10323956389577549,-0.8068737827527108,1.0638120569246137,629.0783882141113,0.0
13,waypoint_13,30.0,0.10323956389577549,-0.8068737827527108,1.0638120569246137,687.1827244758606,0.0
14,waypoint_13,30.0,0.10323956389577549,-0.8068737827527108,1.0638120569246137,695.11479139328,0.0
0,waypoint_14,30.0,0.123239563895776,-0.8068737827527108,1.0638120569246137,4158.668041229248,0.0
1,waypoint_14,30.0,0.123239563895776,-0.8068737827527108,1.0638120569246137,3255.272626876831,0.0
2,waypoint_14,30.0,0.123239563895776,-0.8068737827527108,1.0638120569246137,3058.5925579071045,0.0
3,waypoint_14,30.0,0.123239563895776,-0.8068737827527108,1.0638120569246137,1426.680564880371,0.0
4,waypoint_14,30.0,0.123239563895776,-0.8068737827527108,1.0638120569246137,1465.5869007110596,0.0
5,waypoint_14,30.0,0.123239563895776,-0.8068737827527108,1.0638120569246137,1817.3140287399292,0.0
6,waypoint_14,30.0,0.123239563895776,-0.8068737827527108,1.0638120569246137,2640.5277252197266,0.0
7,waypoint_14,30.0,0.123239563895776,-0.8068737827527108,1.0638120569246137,1642.7909135818481,0.0
8,waypoint_14,30.0,0.123239563895776,-0.8068737827527108,1.0638120569246137,547.2753047943115,0.0
9,waypoint_14,30.0,0.123239563895776,-0.8068737827527108,1.0638120569246137,988.910973072052,0.0
10,waypoint_14,30.0,0.123239563895776,-0.8068737827527108,1.0638120569246137,921.2781190872192,0.0
11,waypoint_14,30.0,0.123239563895776,-0.8068737827527108,1.0638120569246137,616.5767908096313,0.0
12,waypoint_14,30.0,0.123239563895776,-0.8068737827527108,1.0638120569246137,637.8488540649414,0.0
13,waypoint_14,30.0,0.123239563895776,-0.8068737827527108,1.0638120569246137,696.997880935669,0.0
14,waypoint_14,30.0,0.123239563895776,-0.8068737827527108,1.0638120569246137,674.5949387550354,0.0
0,waypoint_14,15.0,0.123239563895776,-0.8068737827527108,1.0638120569246137,4084.63716506958,0.0
1,waypoint_14,15.0,0.123239563895776,-0.8068737827527108,1.0638120569246137,3251.622200012207,0.0
2,waypoint_14,15.0,0.123239563895776,-0.8068737827527108,1.0638120569246137,3051.7091751098633,0.0
3,waypoint_14,15.0,0.123239563895776,-0.8068737827527108,1.0638120569246137,1412.0299816131592,0.0
4,waypoint_14,15.0,0.123239563895776,-0.8068737827527108,1.0638120569246137,1484.1318130493164,0.0
5,waypoint_14,15.0,0.123239563895776,-0.8068737827527108,1.0638120569246137,1740.047574043274,0.0
6,waypoint_14,15.0,0.123239563895776,-0.8068737827527108,1.0638120569246137,2650.5119800567627,0.0
7,waypoint_14,15.0,0.123239563895776,-0.8068737827527108,1.0638120569246137,1638.5407447814941,0.0
8,waypoint_14,15.0,0.123239563895776,-0.8068737827527108,1.0638120569246137,486.291766166687,0.0
9,waypoint_14,15.0,0.123239563895776,-0.8068737827527108,1.0638120569246137,1021.6246843338013,0.0
10,waypoint_14,15.0,0.123239563895776,-0.8068737827527108,1.0638120569246137,928.8618564605713,0.0
11,waypoint_14,15.0,0.123239563895776,-0.8068737827527108,1.0638120569246137,637.300968170166,0.0
12,waypoint_14,15.0,0.123239563895776,-0.8068737827527108,1.0638120569246137,663.3949875831604,0.0
13,waypoint_14,15.0,0.123239563895776,-0.8068737827527108,1.0638120569246137,701.0154724121094,0.0
14,waypoint_14,15.0,0.123239563895776,-0.8068737827527108,1.0638120569246137,859.5068454742432,0.0
0,waypoint_14,0.0,0.123239563895776,-0.8068737827527108,1.0638120569246137,4076.674461364746,0.0
1,waypoint_14,0.0,0.123239563895776,-0.8068737827527108,1.0638120569246137,3247.8222846984863,0.0
2,waypoint_14,0.0,0.123239563895776,-0.8068737827527108,1.0638120569246137,3080.935001373291,0.0
3,waypoint_14,0.0,0.123239563895776,-0.8068737827527108,1.0638120569246137,1414.520025253296,0.0
4,waypoint_14,0.0,0.123239563895776,-0.8068737827527108,1.0638120569246137,1465.1837348937988,0.0
5,waypoint_14,0.0,0.123239563895776,-0.8068737827527108,1.0638120569246137,1930.601954460144,0.0
6,waypoint_14,0.0,0.123239563895776,-0.8068737827527108,1.0638120569246137,2644.184112548828,0.0
7,waypoint_14,0.0,0.123239563895776,-0.8068737827527108,1.0638120569246137,1749.5437860488892,0.0
8,waypoint_14,0.0,0.123239563895776,-0.8068737827527108,1.0638120569246137,486.08627915382385,0.0
9,waypoint_14,0.0,0.123239563895776,-0.8068737827527108,1.0638120569246137,1096.8186855316162,0.0
10,waypoint_14,0.0,0.123239563895776,-0.8068737827527108,1.0638120569246137,954.5267224311829,0.0
11,waypoint_14,0.0,0.123239563895776,-0.8068737827527108,1.0638120569246137,658.4034562110901,0.0
12,waypoint_14,0.0,0.123239563895776,-0.8068737827527108,1.0638120569246137,691.6895508766174,0.0
13,waypoint_14,0.0,0.123239563895776,-0.8068737827527108,1.0638120569246137,719.1811800003052,0.0
14,waypoint_14,0.0,0.123239563895776,-0.8068737827527108,1.0638120569246137,858.1805229187012,0.0
0,waypoint_14,-15.0,0.123239563895776,-0.8068737827527108,1.0638120569246137,4075.4246711730957,0.0
1,waypoint_14,-15.0,0.123239563895776,-0.8068737827527108,1.0638120569246137,3244.807004928589,0.0
2,waypoint_14,-15.0,0.123239563895776,-0.8068737827527108,1.0638120569246137,3042.557954788208,0.0
3,waypoint_14,-15.0,0.123239563895776,-0.8068737827527108,1.0638120569246137,1405.9410095214844,0.0
4,waypoint_14,-15.0,0.123239563895776,-0.8068737827527108,1.0638120569246137,1435.704231262207,0.0
5,waypoint_14,-15.0,0.123239563895776,-0.8068737827527108,1.0638120569246137,2268.101930618286,0.0
6,waypoint_14,-15.0,0.123239563895776,-0.8068737827527108,1.0638120569246137,2627.7594566345215,0.0
7,waypoint_14,-15.0,0.123239563895776,-0.8068737827527108,1.0638120569246137,1826.1055946350098,0.0
8,waypoint_14,-15.0,0.123239563895776,-0.8068737827527108,1.0638120569246137,445.92124223709106,0.0
9,waypoint_14,-15.0,0.123239563895776,-0.8068737827527108,1.0638120569246137,1160.8484983444214,0.0
10,waypoint_14,-15.0,0.123239563895776,-0.8068737827527108,1.0638120569246137,997.6846575737,0.0
11,waypoint_14,-15.0,0.123239563895776,-0.8068737827527108,1.0638120569246137,671.9158887863159,0.0
12,waypoint_14,-15.0,0.123239563895776,-0.8068737827527108,1.0638120569246137,728.1768321990967,0.0
13,waypoint_14,-15.0,0.123239563895776,-0.8068737827527108,1.0638120569246137,733.2160472869873,0.0
14,waypoint_14,-15.0,0.123239563895776,-0.8068737827527108,1.0638120569246137,879.6502947807312,0.0
0,waypoint_14,-30.0,0.123239563895776,-0.8068737827527108,1.0638120569246137,4087.5205993652344,0.0
1,waypoint_14,-30.0,0.123239563895776,-0.8068737827527108,1.0638120569246137,3243.5147762298584,0.0
2,waypoint_14,-30.0,0.123239563895776,-0.8068737827527108,1.0638120569246137,3182.780981063843,0.0
3,waypoint_14,-30.0,0.123239563895776,-0.8068737827527108,1.0638120569246137,1270.5820798873901,0.0
4,waypoint_14,-30.0,0.123239563895776,-0.8068737827527108,1.0638120569246137,1448.4083652496338,0.0
5,waypoint_14,-30.0,0.123239563895776,-0.8068737827527108,1.0638120569246137,2289.2730236053467,0.0
6,waypoint_14,-30.0,0.123239563895776,-0.8068737827527108,1.0638120569246137,2660.205841064453,0.0
7,waypoint_14,-30.0,0.123239563895776,-0.8068737827527108,1.0638120569246137,1507.145881652832,0.0
8,waypoint_14,-30.0,0.123239563895776,-0.8068737827527108,1.0638120569246137,426.75870656967163,0.0
9,waypoint_14,-30.0,0.123239563895776,-0.8068737827527108,1.0638120569246137,1189.4354820251465,0.0
10,waypoint_14,-30.0,0.123239563895776,-0.8068737827527108,1.0638120569246137,1012.3136043548584,0.0
11,waypoint_14,-30.0,0.123239563895776,-0.8068737827527108,1.0638120569246137,702.1389603614807,0.0
12,waypoint_14,-30.0,0.123239563895776,-0.8068737827527108,1.0638120569246137,766.4200067520142,0.0
13,waypoint_14,-30.0,0.123239563895776,-0.8068737827527108,1.0638120569246137,748.9460706710815,0.0
14,waypoint_14,-30.0,0.123239563895776,-0.8068737827527108,1.0638120569246137,948.5130906105042,0.0
0,waypoint_15,-30.0,0.14323956389577558,-0.8068737827527108,1.0638120569246137,4079.979419708252,0.0
1,waypoint_15,-30.0,0.14323956389577558,-0.8068737827527108,1.0638120569246137,3243.8244819641113,0.0
2,waypoint_15,-30.0,0.14323956389577558,-0.8068737827527108,1.0638120569246137,3149.838924407959,0.0
3,waypoint_15,-30.0,0.14323956389577558,-0.8068737827527108,1.0638120569246137,1263.378620147705,0.0
4,waypoint_15,-30.0,0.14323956389577558,-0.8068737827527108,1.0638120569246137,1436.177134513855,0.0
5,waypoint_15,-30.0,0.14323956389577558,-0.8068737827527108,1.0638120569246137,2283.618688583374,0.0
6,waypoint_15,-30.0,0.14323956389577558,-0.8068737827527108,1.0638120569246137,2650.8171558380127,0.0
7,waypoint_15,-30.0,0.14323956389577558,-0.8068737827527108,1.0638120569246137,1483.3121299743652,0.0
8,waypoint_15,-30.0,0.14323956389577558,-0.8068737827527108,1.0638120569246137,432.37242102622986,0.0
9,waypoint_15,-30.0,0.14323956389577558,-0.8068737827527108,1.0638120569246137,1204.083800315857,0.0
10,waypoint_15,-30.0,0.14323956389577558,-0.8068737827527108,1.0638120569246137,1028.0083417892456,0.0
11,waypoint_15,-30.0,0.14323956389577558,-0.8068737827527108,1.0638120569246137,713.7191295623779,0.0
12,waypoint_15,-30.0,0.14323956389577558,-0.8068737827527108,1.0638120569246137,775.2605676651001,0.0
13,waypoint_15,-30.0,0.14323956389577558,-0.8068737827527108,1.0638120569246137,759.1215968132019,0.0
14,waypoint_15,-30.0,0.14323956389577558,-0.8068737827527108,1.0638120569246137,946.4006423950195,0.0
0,waypoint_15,-15.0,0.14323956389577558,-0.8068737827527108,1.0638120569246137,4110.498428344727,0.0
1,waypoint_15,-15.0,0.14323956389577558,-0.8068737827527108,1.0638120569246137,3245.0125217437744,0.0
2,waypoint_15,-15.0,0.14323956389577558,-0.8068737827527108,1.0638120569246137,3104.729413986206,0.0
3,waypoint_15,-15.0,0.14323956389577558,-0.8068737827527108,1.0638120569246137,1360.6047630310059,0.0
4,waypoint_15,-15.0,0.14323956389577558,-0.8068737827527108,1.0638120569246137,1419.8650121688843,0.0
5,waypoint_15,-15.0,0.14323956389577558,-0.8068737827527108,1.0638120569246137,2263.7531757354736,0.0
6,waypoint_15,-15.0,0.14323956389577558,-0.8068737827527108,1.0638120569246137,2606.4670085906982,0.0
7,waypoint_15,-15.0,0.14323956389577558,-0.8068737827527108,1.0638120569246137,1977.3794412612915,0.0
8,waypoint_15,-15.0,0.14323956389577558,-0.8068737827527108,1.0638120569246137,440.87091088294983,0.0
9,waypoint_15,-15.0,0.14323956389577558,-0.8068737827527108,1.0638120569246137,1162.0781421661377,0.0
10,waypoint_15,-15.0,0.14323956389577558,-0.8068737827527108,1.0638120569246137,1027.5115966796875,0.0
11,waypoint_15,-15.0,0.14323956389577558,-0.8068737827527108,1.0638120569246137,712.4490141868591,0.0
12,waypoint_15,-15.0,0.14323956389577558,-0.8068737827527108,1.0638120569246137,740.135908126831,0.0
13,waypoint_15,-15.0,0.14323956389577558,-0.8068737827527108,1.0638120569246137,743.4529662132263,0.0
14,waypoint_15,-15.0,0.14323956389577558,-0.8068737827527108,1.0638120569246137,899.2460370063782,0.0
0,waypoint_15,0.0,0.14323956389577558,-0.8068737827527108,1.0638120569246137,4125.126838684082,0.0
1,waypoint_15,0.0,0.14323956389577558,-0.8068737827527108,1.0638120569246137,3247.934103012085,0.0
2,waypoint_15,0.0,0.14323956389577558,-0.8068737827527108,1.0638120569246137,3097.7377891540527,0.0
3,waypoint_15,0.0,0.14323956389577558,-0.8068737827527108,1.0638120569246137,1441.1327838897705,0.0
4,waypoint_15,0.0,0.14323956389577558,-0.8068737827527108,1.0638120569246137,1445.2829360961914,0.0
5,waypoint_15,0.0,0.14323956389577558,-0.8068737827527108,1.0638120569246137,1856.171727180481,0.0
6,waypoint_15,0.0,0.14323956389577558,-0.8068737827527108,1.0638120569246137,2624.0274906158447,0.0
7,waypoint_15,0.0,0.14323956389577558,-0.8068737827527108,1.0638120569246137,1738.5878562927246,0.0
8,waypoint_15,0.0,0.14323956389577558,-0.8068737827527108,1.0638120569246137,471.0744023323059,0.0
9,waypoint_15,0.0,0.14323956389577558,-0.8068737827527108,1.0638120569246137,1150.1418352127075,0.0
10,waypoint_15,0.0,0.14323956389577558,-0.8068737827527108,1.0638120569246137,1029.3936729431152,0.0
11,waypoint_15,0.0,0.14323956389577558,-0.8068737827527108,1.0638120569246137,682.622492313385,0.0
12,waypoint_15,0.0,0.14323956389577558,-0.8068737827527108,1.0638120569246137,699.4779109954834,0.0
13,waypoint_15,0.0,0.14323956389577558,-0.8068737827527108,1.0638120569246137,729.7163009643555,0.0
14,waypoint_15,0.0,0.14323956389577558,-0.8068737827527108,1.0638120569246137,831.5914869308472,0.0
0,waypoint_15,15.0,0.14323956389577558,-0.8068737827527108,1.0638120569246137,4083.174705505371,0.0
1,waypoint_15,15.0,0.14323956389577558,-0.8068737827527108,1.0638120569246137,3251.7106533050537,0.0
2,waypoint_15,15.0,0.14323956389577558,-0.8068737827527108,1.0638120569246137,3063.3628368377686,0.0
3,waypoint_15,15.0,0.14323956389577558,-0.8068737827527108,1.0638120569246137,1385.0873708724976,0.0
4,waypoint_15,15.0,0.14323956389577558,-0.8068737827527108,1.0638120569246137,1460.0704908370972,0.0
5,waypoint_15,15.0,0.14323956389577558,-0.8068737827527108,1.0638120569246137,1730.6865453720093,0.0
6,waypoint_15,15.0,0.14323956389577558,-0.8068737827527108,1.0638120569246137,2631.2315464019775,0.0
7,waypoint_15,15.0,0.14323956389577558,-0.8068737827527108,1.0638120569246137,1648.9940881729126,0.0
8,waypoint_15,15.0,0.14323956389577558,-0.8068737827527108,1.0638120569246137,499.8273253440857,0.0
9,waypoint_15,15.0,0.14323956389577558,-0.8068737827527108,1.0638120569246137,1050.4058599472046,0.0
10,waypoint_15,15.0,0.14323956389577558,-0.8068737827527108,1.0638120569246137,1029.891014099121,0.0
11,waypoint_15,15.0,0.14323956389577558,-0.8068737827527108,1.0638120569246137,651.8187522888184,0.0
12,waypoint_15,15.0,0.14323956389577558,-0.8068737827527108,1.0638120569246137,671.9866991043091,0.0
13,waypoint_15,15.0,0.14323956389577558,-0.8068737827527108,1.0638120569246137,717.6203727722168,0.0
14,waypoint_15,15.0,0.14323956389577558,-0.8068737827527108,1.0638120569246137,841.7690396308899,0.0
0,waypoint_15,30.0,0.14323956389577558,-0.8068737827527108,1.0638120569246137,4186.569690704346,0.0
1,waypoint_15,30.0,0.14323956389577558,-0.8068737827527108,1.0638120569246137,3255.4068565368652,0.0
2,waypoint_15,30.0,0.14323956389577558,-0.8068737827527108,1.0638120569246137,3063.8694763183594,0.0
3,waypoint_15,30.0,0.14323956389577558,-0.8068737827527108,1.0638120569246137,1410.568356513977,0.0
4,waypoint_15,30.0,0.14323956389577558,-0.8068737827527108,1.0638120569246137,1439.6871328353882,0.0
5,waypoint_15,30.0,0.14323956389577558,-0.8068737827527108,1.0638120569246137,1807.9155683517456,0.0
6,waypoint_15,30.0,0.14323956389577558,-0.8068737827527108,1.0638120569246137,2622.548818588257,0.0
7,waypoint_15,30.0,0.14323956389577558,-0.8068737827527108,1.0638120569246137,1546.1217164993286,0.0
8,waypoint_15,30.0,0.14323956389577558,-0.8068737827527108,1.0638120569246137,535.866379737854,0.0
9,waypoint_15,30.0,0.14323956389577558,-0.8068737827527108,1.0638120569246137,1006.8833827972412,0.0
10,waypoint_15,30.0,0.14323956389577558,-0.8068737827527108,1.0638120569246137,943.3510899543762,0.0
11,waypoint_15,30.0,0.14323956389577558,-0.8068737827527108,1.0638120569246137,634.9733471870422,0.0
12,waypoint_15,30.0,0.14323956389577558,-0.8068737827527108,1.0638120569246137,642.75723695755,0.0
13,waypoint_15,30.0,0.14323956389577558,-0.8068737827527108,1.0638120569246137,710.5328440666199,0.0
14,waypoint_15,30.0,0.14323956389577558,-0.8068737827527108,1.0638120569246137,664.3388867378235,0.0
0,waypoint_16,30.0,0.1632395638957752,-0.8068737827527108,1.0638120569246137,4126.6961097717285,0.0
1,waypoint_16,30.0,0.1632395638957752,-0.8068737827527108,1.0638120569246137,3255.565404891968,0.0
2,waypoint_16,30.0,0.1632395638957752,-0.8068737827527108,1.0638120569246137,3032.7160358428955,0.0
3,waypoint_16,30.0,0.1632395638957752,-0.8068737827527108,1.0638120569246137,1387.7187967300415,0.0
4,waypoint_16,30.0,0.1632395638957752,-0.8068737827527108,1.0638120569246137,1420.8918809890747,0.0
5,waypoint_16,30.0,0.1632395638957752,-0.8068737827527108,1.0638120569246137,1798.6592054367065,0.0
6,waypoint_16,30.0,0.1632395638957752,-0.8068737827527108,1.0638120569246137,2613.0635738372803,0.0
7,waypoint_16,30.0,0.1632395638957752,-0.8068737827527108,1.0638120569246137,1614.1213178634644,0.0
8,waypoint_16,30.0,0.1632395638957752,-0.8068737827527108,1.0638120569246137,545.5613732337952,0.0
9,waypoint_16,30.0,0.1632395638957752,-0.8068737827527108,1.0638120569246137,1026.914119720459,0.0
10,waypoint_16,30.0,0.1632395638957752,-0.8068737827527108,1.0638120569246137,959.0666890144348,0.0
11,waypoint_16,30.0,0.1632395638957752,-0.8068737827527108,1.0638120569246137,648.982048034668,0.0
12,waypoint_16,30.0,0.1632395638957752,-0.8068737827527108,1.0638120569246137,653.0808210372925,0.0
13,waypoint_16,30.0,0.1632395638957752,-0.8068737827527108,1.0638120569246137,721.0617065429688,0.0
14,waypoint_16,30.0,0.1632395638957752,-0.8068737827527108,1.0638120569246137,649.4806408882141,0.0
0,waypoint_16,15.0,0.1632395638957752,-0.8068737827527108,1.0638120569246137,4107.519626617432,0.0
1,waypoint_16,15.0,0.1632395638957752,-0.8068737827527108,1.0638120569246137,3251.87349319458,0.0
2,waypoint_16,15.0,0.1632395638957752,-0.8068737827527108,1.0638120569246137,3033.621311187744,0.0
3,waypoint_16,15.0,0.1632395638957752,-0.8068737827527108,1.0638120569246137,1371.195912361145,0.0
4,waypoint_16,15.0,0.1632395638957752,-0.8068737827527108,1.0638120569246137,1421.2926626205444,0.0
5,waypoint_16,15.0,0.1632395638957752,-0.8068737827527108,1.0638120569246137,1721.479058265686,0.0
6,waypoint_16,15.0,0.1632395638957752,-0.8068737827527108,1.0638120569246137,2614.9699687957764,0.0
7,waypoint_16,15.0,0.1632395638957752,-0.8068737827527108,1.0638120569246137,1685.8577728271484,0.0
8,waypoint_16,15.0,0.1632395638957752,-0.8068737827527108,1.0638120569246137,518.6330080032349,0.0
9,waypoint_16,15.0,0.1632395638957752,-0.8068737827527108,1.0638120569246137,1057.7229261398315,0.0
10,waypoint_16,15.0,0.1632395638957752,-0.8068737827527108,1.0638120569246137,965.4397964477539,0.0
11,waypoint_16,15.0,0.1632395638957752,-0.8068737827527108,1.0638120569246137,666.3016080856323,0.0
12,waypoint_16,15.0,0.1632395638957752,-0.8068737827527108,1.0638120569246137,682.000994682312,0.0
13,waypoint_16,15.0,0.1632395638957752,-0.8068737827527108,1.0638120569246137,724.9891757965088,0.0
14,waypoint_16,15.0,0.1632395638957752,-0.8068737827527108,1.0638120569246137,843.7656164169312,0.0
0,waypoint_16,0.0,0.1632395638957752,-0.8068737827527108,1.0638120569246137,4144.0935134887695,0.0
1,waypoint_16,0.0,0.1632395638957752,-0.8068737827527108,1.0638120569246137,3248.1231689453125,0.0
2,waypoint_16,0.0,0.1632395638957752,-0.8068737827527108,1.0638120569246137,3070.9028244018555,0.0
3,waypoint_16,0.0,0.1632395638957752,-0.8068737827527108,1.0638120569246137,1407.7268838882446,0.0
4,waypoint_16,0.0,0.1632395638957752,-0.8068737827527108,1.0638120569246137,1421.0896492004395,0.0
5,waypoint_16,0.0,0.1632395638957752,-0.8068737827527108,1.0638120569246137,1875.739574432373,0.0
6,waypoint_16,0.0,0.1632395638957752,-0.8068737827527108,1.0638120569246137,2604.9437522888184,0.0
7,waypoint_16,0.0,0.1632395638957752,-0.8068737827527108,1.0638120569246137,1426.929235458374,0.0
8,waypoint_16,0.0,0.1632395638957752,-0.8068737827527108,1.0638120569246137,514.6504044532776,0.0
9,waypoint_16,0.0,0.1632395638957752,-0.8068737827527108,1.0638120569246137,1131.8978071212769,0.0
10,waypoint_16,0.0,0.1632395638957752,-0.8068737827527108,1.0638120569246137,993.4431910514832,0.0
11,waypoint_16,0.0,0.1632395638957752,-0.8068737827527108,1.0638120569246137,687.5763535499573,0.0
12,waypoint_16,0.0,0.1632395638957752,-0.8068737827527108,1.0638120569246137,709.3204259872437,0.0
13,waypoint_16,0.0,0.1632395638957752,-0.8068737827527108,1.0638120569246137,739.9682998657227,0.0
14,waypoint_16,0.0,0.1632395638957752,-0.8068737827527108,1.0638120569246137,847.1651673316956,0.0
0,waypoint_16,-15.0,0.1632395638957752,-0.8068737827527108,1.0638120569246137,4106.574058532715,0.0
1,waypoint_16,-15.0,0.1632395638957752,-0.8068737827527108,1.0638120569246137,3245.274305343628,0.0
2,waypoint_16,-15.0,0.1632395638957752,-0.8068737827527108,1.0638120569246137,3037.3363494873047,0.0
3,waypoint_16,-15.0,0.1632395638957752,-0.8068737827527108,1.0638120569246137,1362.3371124267578,0.0
4,waypoint_16,-15.0,0.1632395638957752,-0.8068737827527108,1.0638120569246137,1422.6248264312744,0.0
5,waypoint_16,-15.0,0.1632395638957752,-0.8068737827527108,1.0638120569246137,2257.2898864746094,0.0
6,waypoint_16,-15.0,0.1632395638957752,-0.8068737827527108,1.0638120569246137,2597.654342651367,0.0
7,waypoint_16,-15.0,0.1632395638957752,-0.8068737827527108,1.0638120569246137,1784.8681211471558,0.0
8,waypoint_16,-15.0,0.1632395638957752,-0.8068737827527108,1.0638120569246137,483.4327697753906,0.0
9,waypoint_16,-15.0,0.1632395638957752,-0.8068737827527108,1.0638120569246137,1189.9598836898804,0.0
10,waypoint_16,-15.0,0.1632395638957752,-0.8068737827527108,1.0638120569246137,1033.3298444747925,0.0
11,waypoint_16,-15.0,0.1632395638957752,-0.8068737827527108,1.0638120569246137,702.6885747909546,0.0
12,waypoint_16,-15.0,0.1632395638957752,-0.8068737827527108,1.0638120569246137,745.7773089408875,0.0
13,waypoint_16,-15.0,0.1632395638957752,-0.8068737827527108,1.0638120569246137,753.1275153160095,0.0
14,waypoint_16,-15.0,0.1632395638957752,-0.8068737827527108,1.0638120569246137,893.8310742378235,0.0
0,waypoint_16,-30.0,0.1632395638957752,-0.8068737827527108,1.0638120569246137,4114.82572555542,0.0
1,waypoint_16,-30.0,0.1632395638957752,-0.8068737827527108,1.0638120569246137,3244.2331314086914,0.0
2,waypoint_16,-30.0,0.1632395638957752,-0.8068737827527108,1.0638120569246137,3152.8894901275635,0.0
3,waypoint_16,-30.0,0.1632395638957752,-0.8068737827527108,1.0638120569246137,1232.94198513031,0.0
4,waypoint_16,-30.0,0.1632395638957752,-0.8068737827527108,1.0638120569246137,1423.0597019195557,0.0
5,waypoint_16,-30.0,0.1632395638957752,-0.8068737827527108,1.0638120569246137,2284.527063369751,0.0
6,waypoint_16,-30.0,0.1632395638957752,-0.8068737827527108,1.0638120569246137,2629.568576812744,0.0
7,waypoint_16,-30.0,0.1632395638957752,-0.8068737827527108,1.0638120569246137,1670.1868772506714,0.0
8,waypoint_16,-30.0,0.1632395638957752,-0.8068737827527108,1.0638120569246137,484.54174399375916,0.0
9,waypoint_16,-30.0,0.1632395638957752,-0.8068737827527108,1.0638120569246137,1218.7018394470215,0.0
10,waypoint_16,-30.0,0.1632395638957752,-0.8068737827527108,1.0638120569246137,1043.8472032546997,0.0
11,waypoint_16,-30.0,0.1632395638957752,-0.8068737827527108,1.0638120569246137,727.6788353919983,0.0
12,waypoint_16,-30.0,0.1632395638957752,-0.8068737827527108,1.0638120569246137,783.0348610877991,0.0
13,waypoint_16,-30.0,0.1632395638957752,-0.8068737827527108,1.0638120569246137,768.6150074005127,0.0
14,waypoint_16,-30.0,0.1632395638957752,-0.8068737827527108,1.0638120569246137,993.6708211898804,0.0
0,waypoint_17,-30.0,0.1832395638957754,-0.8068737827527108,1.0638120569246137,4093.9831733703613,0.0
1,waypoint_17,-30.0,0.1832395638957754,-0.8068737827527108,1.0638120569246137,3244.7450160980225,0.0
2,waypoint_17,-30.0,0.1832395638957754,-0.8068737827527108,1.0638120569246137,3075.2172470092773,0.0
3,waypoint_17,-30.0,0.1832395638957754,-0.8068737827527108,1.0638120569246137,1224.2913246154785,0.0
4,waypoint_17,-30.0,0.1832395638957754,-0.8068737827527108,1.0638120569246137,1404.2378664016724,0.0
5,waypoint_17,-30.0,0.1832395638957754,-0.8068737827527108,1.0638120569246137,2279.1519165039062,0.0
6,waypoint_17,-30.0,0.1832395638957754,-0.8068737827527108,1.0638120569246137,2606.7936420440674,0.0
7,waypoint_17,-30.0,0.1832395638957754,-0.8068737827527108,1.0638120569246137,1254.8893690109253,0.0
8,waypoint_17,-30.0,0.1832395638957754,-0.8068737827527108,1.0638120569246137,499.8888671398163,0.0
9,waypoint_17,-30.0,0.1832395638957754,-0.8068737827527108,1.0638120569246137,1233.6465120315552,0.0
10,waypoint_17,-30.0,0.1832395638957754,-0.8068737827527108,1.0638120569246137,1059.8222017288208,0.0
11,waypoint_17,-30.0,0.1832395638957754,-0.8068737827527108,1.0638120569246137,739.9553060531616,0.0
12,waypoint_17,-30.0,0.1832395638957754,-0.8068737827527108,1.0638120569246137,792.6672101020813,0.0
13,waypoint_17,-30.0,0.1832395638957754,-0.8068737827527108,1.0638120569246137,779.5642018318176,0.0
14,waypoint_17,-30.0,0.1832395638957754,-0.8068737827527108,1.0638120569246137,955.142080783844,0.0
0,waypoint_17,-15.0,0.1832395638957754,-0.8068737827527108,1.0638120569246137,4153.543472290039,0.0
1,waypoint_17,-15.0,0.1832395638957754,-0.8068737827527108,1.0638120569246137,3245.6297874450684,0.0
2,waypoint_17,-15.0,0.1832395638957754,-0.8068737827527108,1.0638120569246137,3117.2239780426025,0.0
3,waypoint_17,-15.0,0.1832395638957754,-0.8068737827527108,1.0638120569246137,1357.9292297363281,0.0
4,waypoint_17,-15.0,0.1832395638957754,-0.8068737827527108,1.0638120569246137,1404.0887355804443,0.0
5,waypoint_17,-15.0,0.1832395638957754,-0.8068737827527108,1.0638120569246137,2248.6820220947266,0.0
6,waypoint_17,-15.0,0.1832395638957754,-0.8068737827527108,1.0638120569246137,2561.0361099243164,0.0
7,waypoint_17,-15.0,0.1832395638957754,-0.8068737827527108,1.0638120569246137,1821.0632801055908,0.0
8,waypoint_17,-15.0,0.1832395638957754,-0.8068737827527108,1.0638120569246137,499.1556406021118,0.0
9,waypoint_17,-15.0,0.1832395638957754,-0.8068737827527108,1.0638120569246137,1190.9430027008057,0.0
10,waypoint_17,-15.0,0.1832395638957754,-0.8068737827527108,1.0638120569246137,1058.64417552948,0.0
11,waypoint_17,-15.0,0.1832395638957754,-0.8068737827527108,1.0638120569246137,738.1515502929688,0.0
12,waypoint_17,-15.0,0.1832395638957754,-0.8068737827527108,1.0638120569246137,759.0262293815613,0.0
13,waypoint_17,-15.0,0.1832395638957754,-0.8068737827527108,1.0638120569246137,764.3368244171143,0.0
14,waypoint_17,-15.0,0.1832395638957754,-0.8068737827527108,1.0638120569246137,905.2433371543884,0.0
0,waypoint_17,0.0,0.1832395638957754,-0.8068737827527108,1.0638120569246137,4172.712802886963,0.0
1,waypoint_17,0.0,0.1832395638957754,-0.8068737827527108,1.0638120569246137,3248.3816146850586,0.0
2,waypoint_17,0.0,0.1832395638957754,-0.8068737827527108,1.0638120569246137,3066.6940212249756,0.0
3,waypoint_17,0.0,0.1832395638957754,-0.8068737827527108,1.0638120569246137,1409.1709852218628,0.0
4,waypoint_17,0.0,0.1832395638957754,-0.8068737827527108,1.0638120569246137,1402.268886566162,0.0
5,waypoint_17,0.0,0.1832395638957754,-0.8068737827527108,1.0638120569246137,1902.799367904663,0.0
6,waypoint_17,0.0,0.1832395638957754,-0.8068737827527108,1.0638120569246137,2589.13254737854,0.0
7,waypoint_17,0.0,0.1832395638957754,-0.8068737827527108,1.0638120569246137,1535.8182191848755,0.0
8,waypoint_17,0.0,0.1832395638957754,-0.8068737827527108,1.0638120569246137,520.9105014801025,0.0
9,waypoint_17,0.0,0.1832395638957754,-0.8068737827527108,1.0638120569246137,1179.081678390503,0.0
10,waypoint_17,0.0,0.1832395638957754,-0.8068737827527108,1.0638120569246137,1060.8618259429932,0.0
11,waypoint_17,0.0,0.1832395638957754,-0.8068737827527108,1.0638120569246137,708.1092000007629,0.0
12,waypoint_17,0.0,0.1832395638957754,-0.8068737827527108,1.0638120569246137,719.2118763923645,0.0
13,waypoint_17,0.0,0.1832395638957754,-0.8068737827527108,1.0638120569246137,750.8002519607544,0.0
14,waypoint_17,0.0,0.1832395638957754,-0.8068737827527108,1.0638120569246137,883.5880160331726,0.0
0,waypoint_17,15.0,0.1832395638957754,-0.8068737827527108,1.0638120569246137,4147.303581237793,0.0
1,waypoint_17,15.0,0.1832395638957754,-0.8068737827527108,1.0638120569246137,3252.093553543091,0.0
2,waypoint_17,15.0,0.1832395638957754,-0.8068737827527108,1.0638120569246137,3037.7540588378906,0.0
3,waypoint_17,15.0,0.1832395638957754,-0.8068737827527108,1.0638120569246137,1404.9012660980225,0.0
4,waypoint_17,15.0,0.1832395638957754,-0.8068737827527108,1.0638120569246137,1401.7499685287476,0.0
5,waypoint_17,15.0,0.1832395638957754,-0.8068737827527108,1.0638120569246137,1712.4263048171997,0.0
6,waypoint_17,15.0,0.1832395638957754,-0.8068737827527108,1.0638120569246137,2584.381103515625,0.0
7,waypoint_17,15.0,0.1832395638957754,-0.8068737827527108,1.0638120569246137,1635.1853609085083,0.0
8,waypoint_17,15.0,0.1832395638957754,-0.8068737827527108,1.0638120569246137,511.2296938896179,0.0
9,waypoint_17,15.0,0.1832395638957754,-0.8068737827527108,1.0638120569246137,1088.4432792663574,0.0
10,waypoint_17,15.0,0.1832395638957754,-0.8068737827527108,1.0638120569246137,1061.4464282989502,0.0
11,waypoint_17,15.0,0.1832395638957754,-0.8068737827527108,1.0638120569246137,678.7056922912598,0.0
12,waypoint_17,15.0,0.1832395638957754,-0.8068737827527108,1.0638120569246137,691.8071508407593,0.0
13,waypoint_17,15.0,0.1832395638957754,-0.8068737827527108,1.0638120569246137,740.9204244613647,0.0
14,waypoint_17,15.0,0.1832395638957754,-0.8068737827527108,1.0638120569246137,845.4312682151794,0.0
0,waypoint_17,30.0,0.1832395638957754,-0.8068737827527108,1.0638120569246137,4213.7908935546875,0.0
1,waypoint_17,30.0,0.1832395638957754,-0.8068737827527108,1.0638120569246137,3255.8090686798096,0.0
2,waypoint_17,30.0,0.1832395638957754,-0.8068737827527108,1.0638120569246137,3053.901433944702,0.0
3,waypoint_17,30.0,0.1832395638957754,-0.8068737827527108,1.0638120569246137,1369.4896697998047,0.0
4,waypoint_17,30.0,0.1832395638957754,-0.8068737827527108,1.0638120569246137,1401.855707168579,0.0
5,waypoint_17,30.0,0.1832395638957754,-0.8068737827527108,1.0638120569246137,1789.542555809021,0.0
6,waypoint_17,30.0,0.1832395638957754,-0.8068737827527108,1.0638120569246137,2602.5733947753906,0.0
7,waypoint_17,30.0,0.1832395638957754,-0.8068737827527108,1.0638120569246137,1544.1734790802002,0.0
8,waypoint_17,30.0,0.1832395638957754,-0.8068737827527108,1.0638120569246137,571.2321400642395,0.0
9,waypoint_17,30.0,0.1832395638957754,-0.8068737827527108,1.0638120569246137,1046.822428703308,0.0
10,waypoint_17,30.0,0.1832395638957754,-0.8068737827527108,1.0638120569246137,986.6729974746704,0.0
11,waypoint_17,30.0,0.1832395638957754,-0.8068737827527108,1.0638120569246137,663.0033850669861,0.0
12,waypoint_17,30.0,0.1832395638957754,-0.8068737827527108,1.0638120569246137,662.2616648674011,0.0
13,waypoint_17,30.0,0.1832395638957754,-0.8068737827527108,1.0638120569246137,733.3343029022217,0.0
14,waypoint_17,30.0,0.1832395638957754,-0.8068737827527108,1.0638120569246137,659.6633791923523,0.0
0,waypoint_18,30.0,0.2032395638957752,-0.8068737827527108,1.0638120569246137,4155.8332443237305,0.0
1,waypoint_18,30.0,0.2032395638957752,-0.8068737827527108,1.0638120569246137,3256.1514377593994,0.0
2,waypoint_18,30.0,0.2032395638957752,-0.8068737827527108,1.0638120569246137,3041.304588317871,0.0
3,waypoint_18,30.0,0.2032395638957752,-0.8068737827527108,1.0638120569246137,1364.8450374603271,0.0
4,waypoint_18,30.0,0.2032395638957752,-0.8068737827527108,1.0638120569246137,1383.0280303955078,0.0
5,waypoint_18,30.0,0.2032395638957752,-0.8068737827527108,1.0638120569246137,1780.587911605835,0.0
6,waypoint_18,30.0,0.2032395638957752,-0.8068737827527108,1.0638120569246137,2560.3835582733154,0.0
7,waypoint_18,30.0,0.2032395638957752,-0.8068737827527108,1.0638120569246137,1649.328589439392,0.0
8,waypoint_18,30.0,0.2032395638957752,-0.8068737827527108,1.0638120569246137,578.4893035888672,0.0
9,waypoint_18,30.0,0.2032395638957752,-0.8068737827527108,1.0638120569246137,1063.7338161468506,0.0
10,waypoint_18,30.0,0.2032395638957752,-0.8068737827527108,1.0638120569246137,1002.6464462280273,0.0
11,waypoint_18,30.0,0.2032395638957752,-0.8068737827527108,1.0638120569246137,678.2687306404114,0.0
12,waypoint_18,30.0,0.2032395638957752,-0.8068737827527108,1.0638120569246137,673.161506652832,0.0
13,waypoint_18,30.0,0.2032395638957752,-0.8068737827527108,1.0638120569246137,744.6512579917908,0.0
14,waypoint_18,30.0,0.2032395638957752,-0.8068737827527108,1.0638120569246137,661.5148186683655,0.0
0,waypoint_18,15.0,0.2032395638957752,-0.8068737827527108,1.0638120569246137,4129.274368286133,0.0
1,waypoint_18,15.0,0.2032395638957752,-0.8068737827527108,1.0638120569246137,3252.4514198303223,0.0
2,waypoint_18,15.0,0.2032395638957752,-0.8068737827527108,1.0638120569246137,3024.6307849884033,0.0
3,waypoint_18,15.0,0.2032395638957752,-0.8068737827527108,1.0638120569246137,1392.2792673110962,0.0
4,waypoint_18,15.0,0.2032395638957752,-0.8068737827527108,1.0638120569246137,1383.007526397705,0.0
5,waypoint_18,15.0,0.2032395638957752,-0.8068737827527108,1.0638120569246137,1703.525185585022,0.0
6,waypoint_18,15.0,0.2032395638957752,-0.8068737827527108,1.0638120569246137,2559.325933456421,0.0
7,waypoint_18,15.0,0.2032395638957752,-0.8068737827527108,1.0638120569246137,1558.3226680755615,0.0
8,waypoint_18,15.0,0.2032395638957752,-0.8068737827527108,1.0638120569246137,555.241584777832,0.0
9,waypoint_18,15.0,0.2032395638957752,-0.8068737827527108,1.0638120569246137,1094.8609113693237,0.0
10,waypoint_18,15.0,0.2032395638957752,-0.8068737827527108,1.0638120569246137,1005.4473876953125,0.0
11,waypoint_18,15.0,0.2032395638957752,-0.8068737827527108,1.0638120569246137,695.2959299087524,0.0
12,waypoint_18,15.0,0.2032395638957752,-0.8068737827527108,1.0638120569246137,703.0946612358093,0.0
13,waypoint_18,15.0,0.2032395638957752,-0.8068737827527108,1.0638120569246137,745.9390163421631,0.0
14,waypoint_18,15.0,0.2032395638957752,-0.8068737827527108,1.0638120569246137,844.7965979576111,0.0
0,waypoint_18,0.0,0.2032395638957752,-0.8068737827527108,1.0638120569246137,4190.273761749268,0.0
1,waypoint_18,0.0,0.2032395638957752,-0.8068737827527108,1.0638120569246137,3248.795509338379,0.0
2,waypoint_18,0.0,0.2032395638957752,-0.8068737827527108,1.0638120569246137,3007.765531539917,0.0
3,waypoint_18,0.0,0.2032395638957752,-0.8068737827527108,1.0638120569246137,1356.5115928649902,0.0
4,waypoint_18,0.0,0.2032395638957752,-0.8068737827527108,1.0638120569246137,1383.539319038391,0.0
5,waypoint_18,0.0,0.2032395638957752,-0.8068737827527108,1.0638120569246137,1906.7989587783813,0.0
6,waypoint_18,0.0,0.2032395638957752,-0.8068737827527108,1.0638120569246137,2567.3084259033203,0.0
7,waypoint_18,0.0,0.2032395638957752,-0.8068737827527108,1.0638120569246137,1668.115496635437,0.0
8,waypoint_18,0.0,0.2032395638957752,-0.8068737827527108,1.0638120569246137,532.6022505760193,0.0
9,waypoint_18,0.0,0.2032395638957752,-0.8068737827527108,1.0638120569246137,1166.9944524765015,0.0
10,waypoint_18,0.0,0.2032395638957752,-0.8068737827527108,1.0638120569246137,1034.69717502594,0.0
11,waypoint_18,0.0,0.2032395638957752,-0.8068737827527108,1.0638120569246137,717.5751328468323,0.0
12,waypoint_18,0.0,0.2032395638957752,-0.8068737827527108,1.0638120569246137,729.7706604003906,0.0
13,waypoint_18,0.0,0.2032395638957752,-0.8068737827527108,1.0638120569246137,761.8011832237244,0.0
14,waypoint_18,0.0,0.2032395638957752,-0.8068737827527108,1.0638120569246137,911.9299054145813,0.0
0,waypoint_18,-15.0,0.2032395638957752,-0.8068737827527108,1.0638120569246137,4142.751693725586,0.0
1,waypoint_18,-15.0,0.2032395638957752,-0.8068737827527108,1.0638120569246137,3246.131658554077,0.0
2,waypoint_18,-15.0,0.2032395638957752,-0.8068737827527108,1.0638120569246137,3014.0178203582764,0.0
3,waypoint_18,-15.0,0.2032395638957752,-0.8068737827527108,1.0638120569246137,1325.3015279769897,0.0
4,waypoint_18,-15.0,0.2032395638957752,-0.8068737827527108,1.0638120569246137,1385.2235078811646,0.0
5,waypoint_18,-15.0,0.2032395638957752,-0.8068737827527108,1.0638120569246137,2247.431755065918,0.0
6,waypoint_18,-15.0,0.2032395638957752,-0.8068737827527108,1.0638120569246137,2565.5815601348877,0.0
7,waypoint_18,-15.0,0.2032395638957752,-0.8068737827527108,1.0638120569246137,1768.2230472564697,0.0
8,waypoint_18,-15.0,0.2032395638957752,-0.8068737827527108,1.0638120569246137,493.78976225852966,0.0
9,waypoint_18,-15.0,0.2032395638957752,-0.8068737827527108,1.0638120569246137,1219.1163301467896,0.0
10,waypoint_18,-15.0,0.2032395638957752,-0.8068737827527108,1.0638120569246137,1069.0618753433228,0.0
11,waypoint_18,-15.0,0.2032395638957752,-0.8068737827527108,1.0638120569246137,743.2328462600708,0.0
12,waypoint_18,-15.0,0.2032395638957752,-0.8068737827527108,1.0638120569246137,764.6917104721069,0.0
13,waypoint_18,-15.0,0.2032395638957752,-0.8068737827527108,1.0638120569246137,774.9594449996948,0.0
14,waypoint_18,-15.0,0.2032395638957752,-0.8068737827527108,1.0638120569246137,908.3884358406067,0.0
0,waypoint_18,-30.0,0.2032395638957752,-0.8068737827527108,1.0638120569246137,4107.9301834106445,0.0
1,waypoint_18,-30.0,0.2032395638957752,-0.8068737827527108,1.0638120569246137,3245.360851287842,0.0
2,waypoint_18,-30.0,0.2032395638957752,-0.8068737827527108,1.0638120569246137,3097.184181213379,0.0
3,waypoint_18,-30.0,0.2032395638957752,-0.8068737827527108,1.0638120569246137,1219.9409008026123,0.0
4,waypoint_18,-30.0,0.2032395638957752,-0.8068737827527108,1.0638120569246137,1385.498046875,0.0
5,waypoint_18,-30.0,0.2032395638957752,-0.8068737827527108,1.0638120569246137,2275.132417678833,0.0
6,waypoint_18,-30.0,0.2032395638957752,-0.8068737827527108,1.0638120569246137,2592.780113220215,0.0
7,waypoint_18,-30.0,0.2032395638957752,-0.8068737827527108,1.0638120569246137,1308.0098628997803,0.0
8,waypoint_18,-30.0,0.2032395638957752,-0.8068737827527108,1.0638120569246137,493.1803047657013,0.0
9,waypoint_18,-30.0,0.2032395638957752,-0.8068737827527108,1.0638120569246137,1250.3747940063477,0.0
10,waypoint_18,-30.0,0.2032395638957752,-0.8068737827527108,1.0638120569246137,1075.237512588501,0.0
11,waypoint_18,-30.0,0.2032395638957752,-0.8068737827527108,1.0638120569246137,751.0332465171814,0.0
12,waypoint_18,-30.0,0.2032395638957752,-0.8068737827527108,1.0638120569246137,801.8989562988281,0.0
13,waypoint_18,-30.0,0.2032395638957752,-0.8068737827527108,1.0638120569246137,789.9725437164307,0.0
14,waypoint_18,-30.0,0.2032395638957752,-0.8068737827527108,1.0638120569246137,967.9322838783264,0.0
0,waypoint_19,-30.0,0.22323956389577543,-0.8068737827527108,1.0638120569246137,4160.8991622924805,0.0
1,waypoint_19,-30.0,0.22323956389577543,-0.8068737827527108,1.0638120569246137,3246.0927963256836,0.0
2,waypoint_19,-30.0,0.22323956389577543,-0.8068737827527108,1.0638120569246137,3086.7629051208496,0.0
3,waypoint_19,-30.0,0.22323956389577543,-0.8068737827527108,1.0638120569246137,1192.2794580459595,0.0
4,waypoint_19,-30.0,0.22323956389577543,-0.8068737827527108,1.0638120569246137,1366.7378425598145,0.0
5,waypoint_19,-30.0,0.22323956389577543,-0.8068737827527108,1.0638120569246137,2270.0748443603516,0.0
6,waypoint_19,-30.0,0.22323956389577543,-0.8068737827527108,1.0638120569246137,2573.9712715148926,0.0
7,waypoint_19,-30.0,0.22323956389577543,-0.8068737827527108,1.0638120569246137,1364.5139932632446,0.0
8,waypoint_19,-30.0,0.22323956389577543,-0.8068737827527108,1.0638120569246137,509.85187292099,0.0
9,waypoint_19,-30.0,0.22323956389577543,-0.8068737827527108,1.0638120569246137,1265.599250793457,0.0
10,waypoint_19,-30.0,0.22323956389577543,-0.8068737827527108,1.0638120569246137,1091.4618968963623,0.0
11,waypoint_19,-30.0,0.22323956389577543,-0.8068737827527108,1.0638120569246137,764.0414834022522,0.0
12,waypoint_19,-30.0,0.22323956389577543,-0.8068737827527108,1.0638120569246137,812.3856782913208,0.0
13,waypoint_19,-30.0,0.22323956389577543,-0.8068737827527108,1.0638120569246137,801.6403317451477,0.0
14,waypoint_19,-30.0,0.22323956389577543,-0.8068737827527108,1.0638120569246137,999.2385506629944,0.0
0,waypoint_19,-15.0,0.22323956389577543,-0.8068737827527108,1.0638120569246137,4196.390151977539,0.0
1,waypoint_19,-15.0,0.22323956389577543,-0.8068737827527108,1.0638120569246137,3246.748924255371,0.0
2,waypoint_19,-15.0,0.22323956389577543,-0.8068737827527108,1.0638120569246137,3018.047332763672,0.0
3,waypoint_19,-15.0,0.22323956389577543,-0.8068737827527108,1.0638120569246137,1281.1439037322998,0.0
4,waypoint_19,-15.0,0.22323956389577543,-0.8068737827527108,1.0638120569246137,1366.8380975723267,0.0
5,waypoint_19,-15.0,0.22323956389577543,-0.8068737827527108,1.0638120569246137,2238.633155822754,0.0
6,waypoint_19,-15.0,0.22323956389577543,-0.8068737827527108,1.0638120569246137,2523.3476161956787,0.0
7,waypoint_19,-15.0,0.22323956389577543,-0.8068737827527108,1.0638120569246137,1933.2859516143799,0.0
8,waypoint_19,-15.0,0.22323956389577543,-0.8068737827527108,1.0638120569246137,510.8817219734192,0.0
9,waypoint_19,-15.0,0.22323956389577543,-0.8068737827527108,1.0638120569246137,1222.2224473953247,0.0
10,waypoint_19,-15.0,0.22323956389577543,-0.8068737827527108,1.0638120569246137,1089.7283554077148,0.0
11,waypoint_19,-15.0,0.22323956389577543,-0.8068737827527108,1.0638120569246137,763.0037665367126,0.0
12,waypoint_19,-15.0,0.22323956389577543,-0.8068737827527108,1.0638120569246137,778.9910435676575,0.0
13,waypoint_19,-15.0,0.22323956389577543,-0.8068737827527108,1.0638120569246137,786.7681980133057,0.0
14,waypoint_19,-15.0,0.22323956389577543,-0.8068737827527108,1.0638120569246137,917.4090027809143,0.0
0,waypoint_19,0.0,0.22323956389577543,-0.8068737827527108,1.0638120569246137,4142.922878265381,0.0
1,waypoint_19,0.0,0.22323956389577543,-0.8068737827527108,1.0638120569246137,3249.3176460266113,0.0
2,waypoint_19,0.0,0.22323956389577543,-0.8068737827527108,1.0638120569246137,3065.5601024627686,0.0
3,waypoint_19,0.0,0.22323956389577543,-0.8068737827527108,1.0638120569246137,1333.3172798156738,0.0
4,waypoint_19,0.0,0.22323956389577543,-0.8068737827527108,1.0638120569246137,1364.8815155029297,0.0
5,waypoint_19,0.0,0.22323956389577543,-0.8068737827527108,1.0638120569246137,1894.4288492202759,0.0
6,waypoint_19,0.0,0.22323956389577543,-0.8068737827527108,1.0638120569246137,2550.274133682251,0.0
7,waypoint_19,0.0,0.22323956389577543,-0.8068737827527108,1.0638120569246137,1432.2409629821777,0.0
8,waypoint_19,0.0,0.22323956389577543,-0.8068737827527108,1.0638120569246137,538.1176471710205,0.0
9,waypoint_19,0.0,0.22323956389577543,-0.8068737827527108,1.0638120569246137,1210.7605934143066,0.0
10,waypoint_19,0.0,0.22323956389577543,-0.8068737827527108,1.0638120569246137,1092.6332473754883,0.0
11,waypoint_19,0.0,0.22323956389577543,-0.8068737827527108,1.0638120569246137,727.4444699287415,0.0
12,waypoint_19,0.0,0.22323956389577543,-0.8068737827527108,1.0638120569246137,739.7542595863342,0.0
13,waypoint_19,0.0,0.22323956389577543,-0.8068737827527108,1.0638120569246137,773.5259532928467,0.0
14,waypoint_19,0.0,0.22323956389577543,-0.8068737827527108,1.0638120569246137,872.3572492599487,0.0
0,waypoint_19,15.0,0.22323956389577543,-0.8068737827527108,1.0638120569246137,4178.328990936279,0.0
1,waypoint_19,15.0,0.22323956389577543,-0.8068737827527108,1.0638120569246137,3252.920389175415,0.0
2,waypoint_19,15.0,0.22323956389577543,-0.8068737827527108,1.0638120569246137,3046.1771488189697,0.0
3,waypoint_19,15.0,0.22323956389577543,-0.8068737827527108,1.0638120569246137,1335.2720737457275,0.0
4,waypoint_19,15.0,0.22323956389577543,-0.8068737827527108,1.0638120569246137,1364.3213510513306,0.0
5,waypoint_19,15.0,0.22323956389577543,-0.8068737827527108,1.0638120569246137,1694.786548614502,0.0
6,waypoint_19,15.0,0.22323956389577543,-0.8068737827527108,1.0638120569246137,2554.417133331299,0.0
7,waypoint_19,15.0,0.22323956389577543,-0.8068737827527108,1.0638120569246137,1450.5572319030762,0.0
8,waypoint_19,15.0,0.22323956389577543,-0.8068737827527108,1.0638120569246137,534.9780321121216,0.0
9,waypoint_19,15.0,0.22323956389577543,-0.8068737827527108,1.0638120569246137,1126.5864372253418,0.0
10,waypoint_19,15.0,0.22323956389577543,-0.8068737827527108,1.0638120569246137,1085.96670627594,0.0
11,waypoint_19,15.0,0.22323956389577543,-0.8068737827527108,1.0638120569246137,691.9255256652832,0.0
12,waypoint_19,15.0,0.22323956389577543,-0.8068737827527108,1.0638120569246137,713.8782739639282,0.0
13,waypoint_19,15.0,0.22323956389577543,-0.8068737827527108,1.0638120569246137,765.209436416626,0.0
14,waypoint_19,15.0,0.22323956389577543,-0.8068737827527108,1.0638120569246137,815.3274059295654,0.0
0,waypoint_19,30.0,0.22323956389577543,-0.8068737827527108,1.0638120569246137,4207.9291343688965,0.0
1,waypoint_19,30.0,0.22323956389577543,-0.8068737827527108,1.0638120569246137,3256.596565246582,0.0
2,waypoint_19,30.0,0.22323956389577543,-0.8068737827527108,1.0638120569246137,3058.4933757781982,0.0
3,waypoint_19,30.0,0.22323956389577543,-0.8068737827527108,1.0638120569246137,1338.6588096618652,0.0
4,waypoint_19,30.0,0.22323956389577543,-0.8068737827527108,1.0638120569246137,1364.2469644546509,0.0
5,waypoint_19,30.0,0.22323956389577543,-0.8068737827527108,1.0638120569246137,1771.7511653900146,0.0
6,waypoint_19,30.0,0.22323956389577543,-0.8068737827527108,1.0638120569246137,2537.9014015197754,0.0
7,waypoint_19,30.0,0.22323956389577543,-0.8068737827527108,1.0638120569246137,1462.4371528625488,0.0
8,waypoint_19,30.0,0.22323956389577543,-0.8068737827527108,1.0638120569246137,567.4332976341248,0.0
9,waypoint_19,30.0,0.22323956389577543,-0.8068737827527108,1.0638120569246137,1089.1690254211426,0.0
10,waypoint_19,30.0,0.22323956389577543,-0.8068737827527108,1.0638120569246137,1030.4481983184814,0.0
11,waypoint_19,30.0,0.22323956389577543,-0.8068737827527108,1.0638120569246137,673.8582253456116,0.0
12,waypoint_19,30.0,0.22323956389577543,-0.8068737827527108,1.0638120569246137,683.6288571357727,0.0
13,waypoint_19,30.0,0.22323956389577543,-0.8068737827527108,1.0638120569246137,756.4976811408997,0.0
14,waypoint_19,30.0,0.22323956389577543,-0.8068737827527108,1.0638120569246137,675.3175854682922,0.0
0,waypoint_20,30.0,0.24323956389577522,-0.8068737827527108,1.0638120569246137,4266.1309242248535,0.0
1,waypoint_20,30.0,0.24323956389577522,-0.8068737827527108,1.0638120569246137,3257.145881652832,0.0
2,waypoint_20,30.0,0.24323956389577522,-0.8068737827527108,1.0638120569246137,2974.689483642578,0.0
3,waypoint_20,30.0,0.24323956389577522,-0.8068737827527108,1.0638120569246137,1308.9643716812134,0.0
4,waypoint_20,30.0,0.24323956389577522,-0.8068737827527108,1.0638120569246137,1345.585823059082,0.0
5,waypoint_20,30.0,0.24323956389577522,-0.8068737827527108,1.0638120569246137,1763.082504272461,0.0
6,waypoint_20,30.0,0.24323956389577522,-0.8068737827527108,1.0638120569246137,2529.5886993408203,0.0
7,waypoint_20,30.0,0.24323956389577522,-0.8068737827527108,1.0638120569246137,1461.7058038711548,0.0
8,waypoint_20,30.0,0.24323956389577522,-0.8068737827527108,1.0638120569246137,604.3050289154053,0.0
9,waypoint_20,30.0,0.24323956389577522,-0.8068737827527108,1.0638120569246137,1105.1653623580933,0.0
10,waypoint_20,30.0,0.24323956389577522,-0.8068737827527108,1.0638120569246137,1046.5900897979736,0.0
11,waypoint_20,30.0,0.24323956389577522,-0.8068737827527108,1.0638120569246137,687.4129176139832,0.0
12,waypoint_20,30.0,0.24323956389577522,-0.8068737827527108,1.0638120569246137,695.0889229774475,0.0
13,waypoint_20,30.0,0.24323956389577522,-0.8068737827527108,1.0638120569246137,766.5651440620422,0.0
14,waypoint_20,30.0,0.24323956389577522,-0.8068737827527108,1.0638120569246137,689.4226670265198,0.0
0,waypoint_20,15.0,0.24323956389577522,-0.8068737827527108,1.0638120569246137,4163.90323638916,0.0
1,waypoint_20,15.0,0.24323956389577522,-0.8068737827527108,1.0638120569246137,3253.492832183838,0.0
2,waypoint_20,15.0,0.24323956389577522,-0.8068737827527108,1.0638120569246137,3038.25044631958,0.0
3,waypoint_20,15.0,0.24323956389577522,-0.8068737827527108,1.0638120569246137,1307.012915611267,0.0
4,waypoint_20,15.0,0.24323956389577522,-0.8068737827527108,1.0638120569246137,1345.5190658569336,0.0
5,waypoint_20,15.0,0.24323956389577522,-0.8068737827527108,1.0638120569246137,1686.2146854400635,0.0
6,waypoint_20,15.0,0.24323956389577522,-0.8068737827527108,1.0638120569246137,2534.048557281494,0.0
7,waypoint_20,15.0,0.24323956389577522,-0.8068737827527108,1.0638120569246137,1590.417504310608,0.0
8,waypoint_20,15.0,0.24323956389577522,-0.8068737827527108,1.0638120569246137,588.9102220535278,0.0
9,waypoint_20,15.0,0.24323956389577522,-0.8068737827527108,1.0638120569246137,1131.250500679016,0.0
10,waypoint_20,15.0,0.24323956389577522,-0.8068737827527108,1.0638120569246137,1047.01828956604,0.0
11,waypoint_20,15.0,0.24323956389577522,-0.8068737827527108,1.0638120569246137,696.3372230529785,0.0
12,waypoint_20,15.0,0.24323956389577522,-0.8068737827527108,1.0638120569246137,725.7225513458252,0.0
13,waypoint_20,15.0,0.24323956389577522,-0.8068737827527108,1.0638120569246137,770.1485753059387,0.0
14,waypoint_20,15.0,0.24323956389577522,-0.8068737827527108,1.0638120569246137,687.0613694190979,0.0
0,waypoint_20,0.0,0.24323956389577522,-0.8068737827527108,1.0638120569246137,4162.050724029541,0.0
1,waypoint_20,0.0,0.24323956389577522,-0.8068737827527108,1.0638120569246137,3249.948740005493,0.0
2,waypoint_20,0.0,0.24323956389577522,-0.8068737827527108,1.0638120569246137,2988.154649734497,0.0
3,waypoint_20,0.0,0.24323956389577522,-0.8068737827527108,1.0638120569246137,1324.5885372161865,0.0
4,waypoint_20,0.0,0.24323956389577522,-0.8068737827527108,1.0638120569246137,1346.2401628494263,0.0
5,waypoint_20,0.0,0.24323956389577522,-0.8068737827527108,1.0638120569246137,1788.9691591262817,0.0
6,waypoint_20,0.0,0.24323956389577522,-0.8068737827527108,1.0638120569246137,2529.8819541931152,0.0
7,waypoint_20,0.0,0.24323956389577522,-0.8068737827527108,1.0638120569246137,1448.9449262619019,0.0
8,waypoint_20,0.0,0.24323956389577522,-0.8068737827527108,1.0638120569246137,545.510470867157,0.0
9,waypoint_20,0.0,0.24323956389577522,-0.8068737827527108,1.0638120569246137,1197.6878643035889,0.0
10,waypoint_20,0.0,0.24323956389577522,-0.8068737827527108,1.0638120569246137,1072.7062225341797,0.0
11,waypoint_20,0.0,0.24323956389577522,-0.8068737827527108,1.0638120569246137,739.8800253868103,0.0
12,waypoint_20,0.0,0.24323956389577522,-0.8068737827527108,1.0638120569246137,752.0007491111755,0.0
13,waypoint_20,0.0,0.24323956389577522,-0.8068737827527108,1.0638120569246137,784.6371531486511,0.0
14,waypoint_20,0.0,0.24323956389577522,-0.8068737827527108,1.0638120569246137,861.4525198936462,0.0
0,waypoint_20,-15.0,0.24323956389577522,-0.8068737827527108,1.0638120569246137,4212.7580642700195,0.0
1,waypoint_20,-15.0,0.24323956389577522,-0.8068737827527108,1.0638120569246137,3247.467279434204,0.0
2,waypoint_20,-15.0,0.24323956389577522,-0.8068737827527108,1.0638120569246137,3068.5689449310303,0.0
3,waypoint_20,-15.0,0.24323956389577522,-0.8068737827527108,1.0638120569246137,1292.6323413848877,0.0
4,waypoint_20,-15.0,0.24323956389577522,-0.8068737827527108,1.0638120569246137,1348.0666875839233,0.0
5,waypoint_20,-15.0,0.24323956389577522,-0.8068737827527108,1.0638120569246137,2234.739065170288,0.0
6,waypoint_20,-15.0,0.24323956389577522,-0.8068737827527108,1.0638120569246137,2524.7557163238525,0.0
7,waypoint_20,-15.0,0.24323956389577522,-0.8068737827527108,1.0638120569246137,1468.5555696487427,0.0
8,waypoint_20,-15.0,0.24323956389577522,-0.8068737827527108,1.0638120569246137,535.8923077583313,0.0
9,waypoint_20,-15.0,0.24323956389577522,-0.8068737827527108,1.0638120569246137,1249.59135055542,0.0
10,waypoint_20,-15.0,0.24323956389577522,-0.8068737827527108,1.0638120569246137,1103.8613319396973,0.0
11,waypoint_20,-15.0,0.24323956389577522,-0.8068737827527108,1.0638120569246137,757.7610015869141,0.0
12,waypoint_20,-15.0,0.24323956389577522,-0.8068737827527108,1.0638120569246137,785.6534123420715,0.0
13,waypoint_20,-15.0,0.24323956389577522,-0.8068737827527108,1.0638120569246137,797.487199306488,0.0
14,waypoint_20,-15.0,0.24323956389577522,-0.8068737827527108,1.0638120569246137,878.5699605941772,0.0
0,waypoint_20,-30.0,0.24323956389577522,-0.8068737827527108,1.0638120569246137,4174.434661865234,0.0
1,waypoint_20,-30.0,0.24323956389577522,-0.8068737827527108,1.0638120569246137,3246.9325065612793,0.0
2,waypoint_20,-30.0,0.24323956389577522,-0.8068737827527108,1.0638120569246137,3027.8947353363037,0.0
3,waypoint_20,-30.0,0.24323956389577522,-0.8068737827527108,1.0638120569246137,1195.4237222671509,0.0
4,waypoint_20,-30.0,0.24323956389577522,-0.8068737827527108,1.0638120569246137,1347.9853868484497,0.0
5,waypoint_20,-30.0,0.24323956389577522,-0.8068737827527108,1.0638120569246137,2267.7276134490967,0.0
6,waypoint_20,-30.0,0.24323956389577522,-0.8068737827527108,1.0638120569246137,2555.7312965393066,0.0
7,waypoint_20,-30.0,0.24323956389577522,-0.8068737827527108,1.0638120569246137,1689.406394958496,0.0
8,waypoint_20,-30.0,0.24323956389577522,-0.8068737827527108,1.0638120569246137,535.3119373321533,0.0
9,waypoint_20,-30.0,0.24323956389577522,-0.8068737827527108,1.0638120569246137,1278.63609790802,0.0
10,waypoint_20,-30.0,0.24323956389577522,-0.8068737827527108,1.0638120569246137,1107.487440109253,0.0
11,waypoint_20,-30.0,0.24323956389577522,-0.8068737827527108,1.0638120569246137,777.3470282554626,0.0
12,waypoint_20,-30.0,0.24323956389577522,-0.8068737827527108,1.0638120569246137,822.8636980056763,0.0
13,waypoint_20,-30.0,0.24323956389577522,-0.8068737827527108,1.0638120569246137,812.3337030410767,0.0
14,waypoint_20,-30.0,0.24323956389577522,-0.8068737827527108,1.0638120569246137,989.5954728126526,0.0
0,waypoint_21,-30.0,0.06323956389577612,-0.7819241070227957,1.0638120569246137,3987.0476722717285,0.0
1,waypoint_21,-30.0,0.06323956389577612,-0.7819241070227957,1.0638120569246137,3218.4879779815674,0.0
2,waypoint_21,-30.0,0.06323956389577612,-0.7819241070227957,1.0638120569246137,3179.309844970703,0.0
3,waypoint_21,-30.0,0.06323956389577612,-0.7819241070227957,1.0638120569246137,1311.2585544586182,0.0
4,waypoint_21,-30.0,0.06323956389577612,-0.7819241070227957,1.0638120569246137,1512.4132633209229,0.0
5,waypoint_21,-30.0,0.06323956389577612,-0.7819241070227957,1.0638120569246137,2283.4060192108154,0.0
6,waypoint_21,-30.0,0.06323956389577612,-0.7819241070227957,1.0638120569246137,2736.2520694732666,0.0
7,waypoint_21,-30.0,0.06323956389577612,-0.7819241070227957,1.0638120569246137,1535.6649160385132,0.0
8,waypoint_21,-30.0,0.06323956389577612,-0.7819241070227957,1.0638120569246137,365.9367859363556,0.0
9,waypoint_21,-30.0,0.06323956389577612,-0.7819241070227957,1.0638120569246137,1129.7330856323242,0.0
10,waypoint_21,-30.0,0.06323956389577612,-0.7819241070227957,1.0638120569246137,949.3252635002136,0.0
11,waypoint_21,-30.0,0.06323956389577612,-0.7819241070227957,1.0638120569246137,653.1960368156433,0.0
12,waypoint_21,-30.0,0.06323956389577612,-0.7819241070227957,1.0638120569246137,721.4743494987488,0.0
13,waypoint_21,-30.0,0.06323956389577612,-0.7819241070227957,1.0638120569246137,699.2113590240479,0.0
14,waypoint_21,-30.0,0.06323956389577612,-0.7819241070227957,1.0638120569246137,896.6502547264099,0.0
0,waypoint_21,-15.0,0.06323956389577612,-0.7819241070227957,1.0638120569246137,3992.356538772583,0.0
1,waypoint_21,-15.0,0.06323956389577612,-0.7819241070227957,1.0638120569246137,3220.228672027588,0.0
2,waypoint_21,-15.0,0.06323956389577612,-0.7819241070227957,1.0638120569246137,3169.743537902832,0.0
3,waypoint_21,-15.0,0.06323956389577612,-0.7819241070227957,1.0638120569246137,1467.6249027252197,0.0
4,waypoint_21,-15.0,0.06323956389577612,-0.7819241070227957,1.0638120569246137,1512.7259492874146,0.0
5,waypoint_21,-15.0,0.06323956389577612,-0.7819241070227957,1.0638120569246137,2261.2767219543457,0.0
6,waypoint_21,-15.0,0.06323956389577612,-0.7819241070227957,1.0638120569246137,2693.3887004852295,0.0
7,waypoint_21,-15.0,0.06323956389577612,-0.7819241070227957,1.0638120569246137,1677.5113344192505,0.0
8,waypoint_21,-15.0,0.06323956389577612,-0.7819241070227957,1.0638120569246137,373.36915731430054,0.0
9,waypoint_21,-15.0,0.06323956389577612,-0.7819241070227957,1.0638120569246137,1087.1295928955078,0.0
10,waypoint_21,-15.0,0.06323956389577612,-0.7819241070227957,1.0638120569246137,951.324462890625,0.0
11,waypoint_21,-15.0,0.06323956389577612,-0.7819241070227957,1.0638120569246137,652.1101593971252,0.0
12,waypoint_21,-15.0,0.06323956389577612,-0.7819241070227957,1.0638120569246137,687.583863735199,0.0
13,waypoint_21,-15.0,0.06323956389577612,-0.7819241070227957,1.0638120569246137,683.0667853355408,0.0
14,waypoint_21,-15.0,0.06323956389577612,-0.7819241070227957,1.0638120569246137,881.9524645805359,0.0
0,waypoint_21,0.0,0.06323956389577612,-0.7819241070227957,1.0638120569246137,4047.208786010742,0.0
1,waypoint_21,0.0,0.06323956389577612,-0.7819241070227957,1.0638120569246137,3223.6385345458984,0.0
2,waypoint_21,0.0,0.06323956389577612,-0.7819241070227957,1.0638120569246137,3192.1870708465576,0.0
3,waypoint_21,0.0,0.06323956389577612,-0.7819241070227957,1.0638120569246137,1443.1053400039673,0.0
4,waypoint_21,0.0,0.06323956389577612,-0.7819241070227957,1.0638120569246137,1510.465383529663,0.0
5,waypoint_21,0.0,0.06323956389577612,-0.7819241070227957,1.0638120569246137,1840.7351970672607,0.0
6,waypoint_21,0.0,0.06323956389577612,-0.7819241070227957,1.0638120569246137,2711.888313293457,0.0
7,waypoint_21,0.0,0.06323956389577612,-0.7819241070227957,1.0638120569246137,1789.5487546920776,0.0
8,waypoint_21,0.0,0.06323956389577612,-0.7819241070227957,1.0638120569246137,420.6558167934418,0.0
9,waypoint_21,0.0,0.06323956389577612,-0.7819241070227957,1.0638120569246137,1066.6459798812866,0.0
10,waypoint_21,0.0,0.06323956389577612,-0.7819241070227957,1.0638120569246137,952.9451131820679,0.0
11,waypoint_21,0.0,0.06323956389577612,-0.7819241070227957,1.0638120569246137,625.2781748771667,0.0
12,waypoint_21,0.0,0.06323956389577612,-0.7819241070227957,1.0638120569246137,645.0858116149902,0.0
13,waypoint_21,0.0,0.06323956389577612,-0.7819241070227957,1.0638120569246137,668.4668660163879,0.0
14,waypoint_21,0.0,0.06323956389577612,-0.7819241070227957,1.0638120569246137,772.4180221557617,0.0
0,waypoint_21,15.0,0.06323956389577612,-0.7819241070227957,1.0638120569246137,4069.232940673828,0.0
1,waypoint_21,15.0,0.06323956389577612,-0.7819241070227957,1.0638120569246137,3227.7755737304688,0.0
2,waypoint_21,15.0,0.06323956389577612,-0.7819241070227957,1.0638120569246137,3121.938467025757,0.0
3,waypoint_21,15.0,0.06323956389577612,-0.7819241070227957,1.0638120569246137,1519.5859670639038,0.0
4,waypoint_21,15.0,0.06323956389577612,-0.7819241070227957,1.0638120569246137,1509.583592414856,0.0
5,waypoint_21,15.0,0.06323956389577612,-0.7819241070227957,1.0638120569246137,1747.2858428955078,0.0
6,waypoint_21,15.0,0.06323956389577612,-0.7819241070227957,1.0638120569246137,2707.197904586792,0.0
7,waypoint_21,15.0,0.06323956389577612,-0.7819241070227957,1.0638120569246137,1574.4357109069824,0.0
8,waypoint_21,15.0,0.06323956389577612,-0.7819241070227957,1.0638120569246137,419.4420874118805,0.0
9,waypoint_21,15.0,0.06323956389577612,-0.7819241070227957,1.0638120569246137,940.4674172401428,0.0
10,waypoint_21,15.0,0.06323956389577612,-0.7819241070227957,1.0638120569246137,844.9726700782776,0.0
11,waypoint_21,15.0,0.06323956389577612,-0.7819241070227957,1.0638120569246137,592.9772853851318,0.0
12,waypoint_21,15.0,0.06323956389577612,-0.7819241070227957,1.0638120569246137,615.7662868499756,0.0
13,waypoint_21,15.0,0.06323956389577612,-0.7819241070227957,1.0638120569246137,657.5155258178711,0.0
14,waypoint_21,15.0,0.06323956389577612,-0.7819241070227957,1.0638120569246137,820.1804757118225,0.0
0,waypoint_21,30.0,0.06323956389577612,-0.7819241070227957,1.0638120569246137,4096.577167510986,0.0
1,waypoint_21,30.0,0.06323956389577612,-0.7819241070227957,1.0638120569246137,3231.684923171997,0.0
2,waypoint_21,30.0,0.06323956389577612,-0.7819241070227957,1.0638120569246137,3072.4287033081055,0.0
3,waypoint_21,30.0,0.06323956389577612,-0.7819241070227957,1.0638120569246137,1444.5791244506836,0.0
4,waypoint_21,30.0,0.06323956389577612,-0.7819241070227957,1.0638120569246137,1510.0204944610596,0.0
5,waypoint_21,30.0,0.06323956389577612,-0.7819241070227957,1.0638120569246137,1828.4202814102173,0.0
6,waypoint_21,30.0,0.06323956389577612,-0.7819241070227957,1.0638120569246137,2711.989641189575,0.0
7,waypoint_21,30.0,0.06323956389577612,-0.7819241070227957,1.0638120569246137,1710.9657526016235,0.0
8,waypoint_21,30.0,0.06323956389577612,-0.7819241070227957,1.0638120569246137,497.2327649593353,0.0
9,waypoint_21,30.0,0.06323956389577612,-0.7819241070227957,1.0638120569246137,904.4597744941711,0.0
10,waypoint_21,30.0,0.06323956389577612,-0.7819241070227957,1.0638120569246137,823.3523368835449,0.0
11,waypoint_21,30.0,0.06323956389577612,-0.7819241070227957,1.0638120569246137,568.9127445220947,0.0
12,waypoint_21,30.0,0.06323956389577612,-0.7819241070227957,1.0638120569246137,586.6860747337341,0.0
13,waypoint_21,30.0,0.06323956389577612,-0.7819241070227957,1.0638120569246137,644.983172416687,0.0
14,waypoint_21,30.0,0.06323956389577612,-0.7819241070227957,1.0638120569246137,759.50026512146,0.0
0,waypoint_22,30.0,0.08323956389577569,-0.7819241070227957,1.0638120569246137,4061.7971420288086,0.0
1,waypoint_22,30.0,0.08323956389577569,-0.7819241070227957,1.0638120569246137,3231.391668319702,0.0
2,waypoint_22,30.0,0.08323956389577569,-0.7819241070227957,1.0638120569246137,3087.239980697632,0.0
3,waypoint_22,30.0,0.08323956389577569,-0.7819241070227957,1.0638120569246137,1419.2217588424683,0.0
4,waypoint_22,30.0,0.08323956389577569,-0.7819241070227957,1.0638120569246137,1491.0290241241455,0.0
5,waypoint_22,30.0,0.08323956389577569,-0.7819241070227957,1.0638120569246137,1818.5079097747803,0.0
6,waypoint_22,30.0,0.08323956389577569,-0.7819241070227957,1.0638120569246137,2694.3070888519287,0.0
7,waypoint_22,30.0,0.08323956389577569,-0.7819241070227957,1.0638120569246137,1571.6118812561035,0.0
8,waypoint_22,30.0,0.08323956389577569,-0.7819241070227957,1.0638120569246137,504.10163402557373,0.0
9,waypoint_22,30.0,0.08323956389577569,-0.7819241070227957,1.0638120569246137,920.8390712738037,0.0
10,waypoint_22,30.0,0.08323956389577569,-0.7819241070227957,1.0638120569246137,846.0066318511963,0.0
11,waypoint_22,30.0,0.08323956389577569,-0.7819241070227957,1.0638120569246137,580.7915329933167,0.0
12,waypoint_22,30.0,0.08323956389577569,-0.7819241070227957,1.0638120569246137,593.6076641082764,0.0
13,waypoint_22,30.0,0.08323956389577569,-0.7819241070227957,1.0638120569246137,654.0949940681458,0.0
14,waypoint_22,30.0,0.08323956389577569,-0.7819241070227957,1.0638120569246137,730.9807538986206,0.0
0,waypoint_22,15.0,0.08323956389577569,-0.7819241070227957,1.0638120569246137,4021.2273597717285,0.0
1,waypoint_22,15.0,0.08323956389577569,-0.7819241070227957,1.0638120569246137,3227.490186691284,0.0
2,waypoint_22,15.0,0.08323956389577569,-0.7819241070227957,1.0638120569246137,3080.0650119781494,0.0
3,waypoint_22,15.0,0.08323956389577569,-0.7819241070227957,1.0638120569246137,1437.4873638153076,0.0
4,waypoint_22,15.0,0.08323956389577569,-0.7819241070227957,1.0638120569246137,1490.6291961669922,0.0
5,waypoint_22,15.0,0.08323956389577569,-0.7819241070227957,1.0638120569246137,1737.3219728469849,0.0
6,waypoint_22,15.0,0.08323956389577569,-0.7819241070227957,1.0638120569246137,2699.0489959716797,0.0
7,waypoint_22,15.0,0.08323956389577569,-0.7819241070227957,1.0638120569246137,1764.0962600708008,0.0
8,waypoint_22,15.0,0.08323956389577569,-0.7819241070227957,1.0638120569246137,446.65437936782837,0.0
9,waypoint_22,15.0,0.08323956389577569,-0.7819241070227957,1.0638120569246137,952.9634118080139,0.0
10,waypoint_22,15.0,0.08323956389577569,-0.7819241070227957,1.0638120569246137,863.2944822311401,0.0
11,waypoint_22,15.0,0.08323956389577569,-0.7819241070227957,1.0638120569246137,600.9678840637207,0.0
12,waypoint_22,15.0,0.08323956389577569,-0.7819241070227957,1.0638120569246137,623.9550113677979,0.0
13,waypoint_22,15.0,0.08323956389577569,-0.7819241070227957,1.0638120569246137,661.6955399513245,0.0
14,waypoint_22,15.0,0.08323956389577569,-0.7819241070227957,1.0638120569246137,741.874635219574,0.0
0,waypoint_22,0.0,0.08323956389577569,-0.7819241070227957,1.0638120569246137,4074.3045806884766,0.0
1,waypoint_22,0.0,0.08323956389577569,-0.7819241070227957,1.0638120569246137,3223.3922481536865,0.0
2,waypoint_22,0.0,0.08323956389577569,-0.7819241070227957,1.0638120569246137,3084.289073944092,0.0
3,waypoint_22,0.0,0.08323956389577569,-0.7819241070227957,1.0638120569246137,1490.5375242233276,0.0
4,waypoint_22,0.0,0.08323956389577569,-0.7819241070227957,1.0638120569246137,1491.4897680282593,0.0
5,waypoint_22,0.0,0.08323956389577569,-0.7819241070227957,1.0638120569246137,1854.6675443649292,0.0
6,waypoint_22,0.0,0.08323956389577569,-0.7819241070227957,1.0638120569246137,2693.4776306152344,0.0
7,waypoint_22,0.0,0.08323956389577569,-0.7819241070227957,1.0638120569246137,1656.9902896881104,0.0
8,waypoint_22,0.0,0.08323956389577569,-0.7819241070227957,1.0638120569246137,438.66923451423645,0.0
9,waypoint_22,0.0,0.08323956389577569,-0.7819241070227957,1.0638120569246137,1028.558373451233,0.0
10,waypoint_22,0.0,0.08323956389577569,-0.7819241070227957,1.0638120569246137,876.742422580719,0.0
11,waypoint_22,0.0,0.08323956389577569,-0.7819241070227957,1.0638120569246137,618.5522079467773,0.0
12,waypoint_22,0.0,0.08323956389577569,-0.7819241070227957,1.0638120569246137,653.2379984855652,0.0
13,waypoint_22,0.0,0.08323956389577569,-0.7819241070227957,1.0638120569246137,672.6344227790833,0.0
14,waypoint_22,0.0,0.08323956389577569,-0.7819241070227957,1.0638120569246137,859.0235114097595,0.0
0,waypoint_22,-15.0,0.08323956389577569,-0.7819241070227957,1.0638120569246137,4012.2509002685547,0.0
1,waypoint_22,-15.0,0.08323956389577569,-0.7819241070227957,1.0638120569246137,3220.061779022217,0.0
2,waypoint_22,-15.0,0.08323956389577569,-0.7819241070227957,1.0638120569246137,3058.9983463287354,0.0
3,waypoint_22,-15.0,0.08323956389577569,-0.7819241070227957,1.0638120569246137,1412.4301671981812,0.0
4,waypoint_22,-15.0,0.08323956389577569,-0.7819241070227957,1.0638120569246137,1493.7052726745605,0.0
5,waypoint_22,-15.0,0.08323956389577569,-0.7819241070227957,1.0638120569246137,2253.796339035034,0.0
6,waypoint_22,-15.0,0.08323956389577569,-0.7819241070227957,1.0638120569246137,2661.0238552093506,0.0
7,waypoint_22,-15.0,0.08323956389577569,-0.7819241070227957,1.0638120569246137,1822.8273391723633,0.0
8,waypoint_22,-15.0,0.08323956389577569,-0.7819241070227957,1.0638120569246137,420.28334736824036,0.0
9,waypoint_22,-15.0,0.08323956389577569,-0.7819241070227957,1.0638120569246137,1112.849473953247,0.0
10,waypoint_22,-15.0,0.08323956389577569,-0.7819241070227957,1.0638120569246137,929.2215704917908,0.0
11,waypoint_22,-15.0,0.08323956389577569,-0.7819241070227957,1.0638120569246137,637.6775503158569,0.0
12,waypoint_22,-15.0,0.08323956389577569,-0.7819241070227957,1.0638120569246137,690.0215148925781,0.0
13,waypoint_22,-15.0,0.08323956389577569,-0.7819241070227957,1.0638120569246137,690.1675462722778,0.0
14,waypoint_22,-15.0,0.08323956389577569,-0.7819241070227957,1.0638120569246137,934.8692893981934,0.0
0,waypoint_22,-30.0,0.08323956389577569,-0.7819241070227957,1.0638120569246137,4032.9222679138184,0.0
1,waypoint_22,-30.0,0.08323956389577569,-0.7819241070227957,1.0638120569246137,3218.4441089630127,0.0
2,waypoint_22,-30.0,0.08323956389577569,-0.7819241070227957,1.0638120569246137,3138.690710067749,0.0
3,waypoint_22,-30.0,0.08323956389577569,-0.7819241070227957,1.0638120569246137,1312.495231628418,0.0
4,waypoint_22,-30.0,0.08323956389577569,-0.7819241070227957,1.0638120569246137,1493.4189319610596,0.0
5,waypoint_22,-30.0,0.08323956389577569,-0.7819241070227957,1.0638120569246137,2278.6502838134766,0.0
6,waypoint_22,-30.0,0.08323956389577569,-0.7819241070227957,1.0638120569246137,2719.9835777282715,0.0
7,waypoint_22,-30.0,0.08323956389577569,-0.7819241070227957,1.0638120569246137,1887.7524137496948,0.0
8,waypoint_22,-30.0,0.08323956389577569,-0.7819241070227957,1.0638120569246137,396.6886103153229,0.0
9,waypoint_22,-30.0,0.08323956389577569,-0.7819241070227957,1.0638120569246137,1143.7110900878906,0.0
10,waypoint_22,-30.0,0.08323956389577569,-0.7819241070227957,1.0638120569246137,964.2777442932129,0.0
11,waypoint_22,-30.0,0.08323956389577569,-0.7819241070227957,1.0638120569246137,665.0366187095642,0.0
12,waypoint_22,-30.0,0.08323956389577569,-0.7819241070227957,1.0638120569246137,727.1769642829895,0.0
13,waypoint_22,-30.0,0.08323956389577569,-0.7819241070227957,1.0638120569246137,705.8397531509399,0.0
14,waypoint_22,-30.0,0.08323956389577569,-0.7819241070227957,1.0638120569246137,914.6082401275635,0.0
0,waypoint_23,-30.0,0.10323956389577549,-0.7819241070227957,1.0638120569246137,4013.7882232666016,0.0
1,waypoint_23,-30.0,0.10323956389577549,-0.7819241070227957,1.0638120569246137,3218.4925079345703,0.0
2,waypoint_23,-30.0,0.10323956389577549,-0.7819241070227957,1.0638120569246137,3133.847951889038,0.0
3,waypoint_23,-30.0,0.10323956389577549,-0.7819241070227957,1.0638120569246137,1285.1179838180542,0.0
4,waypoint_23,-30.0,0.10323956389577549,-0.7819241070227957,1.0638120569246137,1474.428653717041,0.0
5,waypoint_23,-30.0,0.10323956389577549,-0.7819241070227957,1.0638120569246137,2272.62282371521,0.0
6,waypoint_23,-30.0,0.10323956389577549,-0.7819241070227957,1.0638120569246137,2693.5760974884033,0.0
7,waypoint_23,-30.0,0.10323956389577549,-0.7819241070227957,1.0638120569246137,1619.0072298049927,0.0
8,waypoint_23,-30.0,0.10323956389577549,-0.7819241070227957,1.0638120569246137,408.8180959224701,0.0
9,waypoint_23,-30.0,0.10323956389577549,-0.7819241070227957,1.0638120569246137,1158.2576036453247,0.0
10,waypoint_23,-30.0,0.10323956389577549,-0.7819241070227957,1.0638120569246137,979.8498153686523,0.0
11,waypoint_23,-30.0,0.10323956389577549,-0.7819241070227957,1.0638120569246137,676.1651635169983,0.0
12,waypoint_23,-30.0,0.10323956389577549,-0.7819241070227957,1.0638120569246137,735.4698181152344,0.0
13,waypoint_23,-30.0,0.10323956389577549,-0.7819241070227957,1.0638120569246137,715.4577374458313,0.0
14,waypoint_23,-30.0,0.10323956389577549,-0.7819241070227957,1.0638120569246137,860.926628112793,0.0
0,waypoint_23,-15.0,0.10323956389577549,-0.7819241070227957,1.0638120569246137,4069.7851181030273,0.0
1,waypoint_23,-15.0,0.10323956389577549,-0.7819241070227957,1.0638120569246137,3220.0050354003906,0.0
2,waypoint_23,-15.0,0.10323956389577549,-0.7819241070227957,1.0638120569246137,3154.1049480438232,0.0
3,waypoint_23,-15.0,0.10323956389577549,-0.7819241070227957,1.0638120569246137,1348.714828491211,0.0
4,waypoint_23,-15.0,0.10323956389577549,-0.7819241070227957,1.0638120569246137,1474.894404411316,0.0
5,waypoint_23,-15.0,0.10323956389577549,-0.7819241070227957,1.0638120569246137,2249.464511871338,0.0
6,waypoint_23,-15.0,0.10323956389577549,-0.7819241070227957,1.0638120569246137,2652.8337001800537,0.0
7,waypoint_23,-15.0,0.10323956389577549,-0.7819241070227957,1.0638120569246137,2023.782730102539,0.0
8,waypoint_23,-15.0,0.10323956389577549,-0.7819241070227957,1.0638120569246137,423.5064387321472,0.0
9,waypoint_23,-15.0,0.10323956389577549,-0.7819241070227957,1.0638120569246137,1115.157127380371,0.0
10,waypoint_23,-15.0,0.10323956389577549,-0.7819241070227957,1.0638120569246137,981.724202632904,0.0
11,waypoint_23,-15.0,0.10323956389577549,-0.7819241070227957,1.0638120569246137,674.9308705329895,0.0
12,waypoint_23,-15.0,0.10323956389577549,-0.7819241070227957,1.0638120569246137,701.960027217865,0.0
13,waypoint_23,-15.0,0.10323956389577549,-0.7819241070227957,1.0638120569246137,700.134813785553,0.0
14,waypoint_23,-15.0,0.10323956389577549,-0.7819241070227957,1.0638120569246137,849.6073484420776,0.0
0,waypoint_23,0.0,0.10323956389577549,-0.7819241070227957,1.0638120569246137,4027.740955352783,0.0
1,waypoint_23,0.0,0.10323956389577549,-0.7819241070227957,1.0638120569246137,3223.259210586548,0.0
2,waypoint_23,0.0,0.10323956389577549,-0.7819241070227957,1.0638120569246137,3130.5620670318604,0.0
3,waypoint_23,0.0,0.10323956389577549,-0.7819241070227957,1.0638120569246137,1426.3862371444702,0.0
4,waypoint_23,0.0,0.10323956389577549,-0.7819241070227957,1.0638120569246137,1472.5545644760132,0.0
5,waypoint_23,0.0,0.10323956389577549,-0.7819241070227957,1.0638120569246137,1850.765585899353,0.0
6,waypoint_23,0.0,0.10323956389577549,-0.7819241070227957,1.0638120569246137,2674.7519969940186,0.0
7,waypoint_23,0.0,0.10323956389577549,-0.7819241070227957,1.0638120569246137,1728.7318706512451,0.0
8,waypoint_23,0.0,0.10323956389577549,-0.7819241070227957,1.0638120569246137,457.12241530418396,0.0
9,waypoint_23,0.0,0.10323956389577549,-0.7819241070227957,1.0638120569246137,1097.06711769104,0.0
10,waypoint_23,0.0,0.10323956389577549,-0.7819241070227957,1.0638120569246137,983.3967089653015,0.0
11,waypoint_23,0.0,0.10323956389577549,-0.7819241070227957,1.0638120569246137,647.0096111297607,0.0
12,waypoint_23,0.0,0.10323956389577549,-0.7819241070227957,1.0638120569246137,661.3265872001648,0.0
13,waypoint_23,0.0,0.10323956389577549,-0.7819241070227957,1.0638120569246137,686.404287815094,0.0
14,waypoint_23,0.0,0.10323956389577549,-0.7819241070227957,1.0638120569246137,815.7117366790771,0.0
0,waypoint_23,15.0,0.10323956389577549,-0.7819241070227957,1.0638120569246137,4106.335639953613,0.0
1,waypoint_23,15.0,0.10323956389577549,-0.7819241070227957,1.0638120569246137,3227.3151874542236,0.0
2,waypoint_23,15.0,0.10323956389577549,-0.7819241070227957,1.0638120569246137,3137.0978355407715,0.0
3,waypoint_23,15.0,0.10323956389577549,-0.7819241070227957,1.0638120569246137,1452.9494047164917,0.0
4,waypoint_23,15.0,0.10323956389577549,-0.7819241070227957,1.0638120569246137,1471.8526601791382,0.0
5,waypoint_23,15.0,0.10323956389577549,-0.7819241070227957,1.0638120569246137,1727.4994850158691,0.0
6,waypoint_23,15.0,0.10323956389577549,-0.7819241070227957,1.0638120569246137,2670.985221862793,0.0
7,waypoint_23,15.0,0.10323956389577549,-0.7819241070227957,1.0638120569246137,1619.7532415390015,0.0
8,waypoint_23,15.0,0.10323956389577549,-0.7819241070227957,1.0638120569246137,445.665180683136,0.0
9,waypoint_23,15.0,0.10323956389577549,-0.7819241070227957,1.0638120569246137,979.5773029327393,0.0
10,waypoint_23,15.0,0.10323956389577549,-0.7819241070227957,1.0638120569246137,895.6101536750793,0.0
11,waypoint_23,15.0,0.10323956389577549,-0.7819241070227957,1.0638120569246137,616.2156462669373,0.0
12,waypoint_23,15.0,0.10323956389577549,-0.7819241070227957,1.0638120569246137,631.979763507843,0.0
13,waypoint_23,15.0,0.10323956389577549,-0.7819241070227957,1.0638120569246137,681.6040873527527,0.0
14,waypoint_23,15.0,0.10323956389577549,-0.7819241070227957,1.0638120569246137,799.3277907371521,0.0
0,waypoint_23,30.0,0.10323956389577549,-0.7819241070227957,1.0638120569246137,4136.099815368652,0.0
1,waypoint_23,30.0,0.10323956389577549,-0.7819241070227957,1.0638120569246137,3231.207847595215,0.0
2,waypoint_23,30.0,0.10323956389577549,-0.7819241070227957,1.0638120569246137,3105.9436798095703,0.0
3,waypoint_23,30.0,0.10323956389577549,-0.7819241070227957,1.0638120569246137,1410.5693101882935,0.0
4,waypoint_23,30.0,0.10323956389577549,-0.7819241070227957,1.0638120569246137,1471.7050790786743,0.0
5,waypoint_23,30.0,0.10323956389577549,-0.7819241070227957,1.0638120569246137,1808.7233304977417,0.0
6,waypoint_23,30.0,0.10323956389577549,-0.7819241070227957,1.0638120569246137,2677.5219440460205,0.0
7,waypoint_23,30.0,0.10323956389577549,-0.7819241070227957,1.0638120569246137,1678.170919418335,0.0
8,waypoint_23,30.0,0.10323956389577549,-0.7819241070227957,1.0638120569246137,499.9137818813324,0.0
9,waypoint_23,30.0,0.10323956389577549,-0.7819241070227957,1.0638120569246137,942.3282742500305,0.0
10,waypoint_23,30.0,0.10323956389577549,-0.7819241070227957,1.0638120569246137,876.4804601669312,0.0
11,waypoint_23,30.0,0.10323956389577549,-0.7819241070227957,1.0638120569246137,589.6514058113098,0.0
12,waypoint_23,30.0,0.10323956389577549,-0.7819241070227957,1.0638120569246137,602.2645235061646,0.0
13,waypoint_23,30.0,0.10323956389577549,-0.7819241070227957,1.0638120569246137,664.6084785461426,0.0
14,waypoint_23,30.0,0.10323956389577549,-0.7819241070227957,1.0638120569246137,717.2036170959473,0.0
0,waypoint_24,30.0,0.123239563895776,-0.7819241070227957,1.0638120569246137,4153.929710388184,0.0
1,waypoint_24,30.0,0.123239563895776,-0.7819241070227957,1.0638120569246137,3231.120824813843,0.0
2,waypoint_24,30.0,0.123239563895776,-0.7819241070227957,1.0638120569246137,3058.2056045532227,0.0
3,waypoint_24,30.0,0.123239563895776,-0.7819241070227957,1.0638120569246137,1405.449390411377,0.0
4,waypoint_24,30.0,0.123239563895776,-0.7819241070227957,1.0638120569246137,1452.746868133545,0.0
5,waypoint_24,30.0,0.123239563895776,-0.7819241070227957,1.0638120569246137,1799.0977764129639,0.0
6,waypoint_24,30.0,0.123239563895776,-0.7819241070227957,1.0638120569246137,2660.3596210479736,0.0
7,waypoint_24,30.0,0.123239563895776,-0.7819241070227957,1.0638120569246137,1444.682002067566,0.0
8,waypoint_24,30.0,0.123239563895776,-0.7819241070227957,1.0638120569246137,503.1321048736572,0.0
9,waypoint_24,30.0,0.123239563895776,-0.7819241070227957,1.0638120569246137,961.8313312530518,0.0
10,waypoint_24,30.0,0.123239563895776,-0.7819241070227957,1.0638120569246137,892.2134637832642,0.0
11,waypoint_24,30.0,0.123239563895776,-0.7819241070227957,1.0638120569246137,602.8432250022888,0.0
12,waypoint_24,30.0,0.123239563895776,-0.7819241070227957,1.0638120569246137,612.016499042511,0.0
13,waypoint_24,30.0,0.123239563895776,-0.7819241070227957,1.0638120569246137,674.6454238891602,0.0
14,waypoint_24,30.0,0.123239563895776,-0.7819241070227957,1.0638120569246137,687.8206729888916,0.0
0,waypoint_24,15.0,0.123239563895776,-0.7819241070227957,1.0638120569246137,4078.5160064697266,0.0
1,waypoint_24,15.0,0.123239563895776,-0.7819241070227957,1.0638120569246137,3227.242946624756,0.0
2,waypoint_24,15.0,0.123239563895776,-0.7819241070227957,1.0638120569246137,3038.135051727295,0.0
3,waypoint_24,15.0,0.123239563895776,-0.7819241070227957,1.0638120569246137,1410.239338874817,0.0
4,waypoint_24,15.0,0.123239563895776,-0.7819241070227957,1.0638120569246137,1452.646017074585,0.0
5,waypoint_24,15.0,0.123239563895776,-0.7819241070227957,1.0638120569246137,1717.8360223770142,0.0
6,waypoint_24,15.0,0.123239563895776,-0.7819241070227957,1.0638120569246137,2647.6030349731445,0.0
7,waypoint_24,15.0,0.123239563895776,-0.7819241070227957,1.0638120569246137,1698.2513666152954,0.0
8,waypoint_24,15.0,0.123239563895776,-0.7819241070227957,1.0638120569246137,472.8103280067444,0.0
9,waypoint_24,15.0,0.123239563895776,-0.7819241070227957,1.0638120569246137,993.6951994895935,0.0
10,waypoint_24,15.0,0.123239563895776,-0.7819241070227957,1.0638120569246137,900.7928371429443,0.0
11,waypoint_24,15.0,0.123239563895776,-0.7819241070227957,1.0638120569246137,622.0977306365967,0.0
12,waypoint_24,15.0,0.123239563895776,-0.7819241070227957,1.0638120569246137,640.8976912498474,0.0
13,waypoint_24,15.0,0.123239563895776,-0.7819241070227957,1.0638120569246137,679.0490746498108,0.0
14,waypoint_24,15.0,0.123239563895776,-0.7819241070227957,1.0638120569246137,764.7124528884888,0.0
0,waypoint_24,0.0,0.123239563895776,-0.7819241070227957,1.0638120569246137,4101.749420166016,0.0
1,waypoint_24,0.0,0.123239563895776,-0.7819241070227957,1.0638120569246137,3223.231554031372,0.0
2,waypoint_24,0.0,0.123239563895776,-0.7819241070227957,1.0638120569246137,3050.3833293914795,0.0
3,waypoint_24,0.0,0.123239563895776,-0.7819241070227957,1.0638120569246137,1403.795599937439,0.0
4,waypoint_24,0.0,0.123239563895776,-0.7819241070227957,1.0638120569246137,1453.5518884658813,0.0
5,waypoint_24,0.0,0.123239563895776,-0.7819241070227957,1.0638120569246137,1845.6902503967285,0.0
6,waypoint_24,0.0,0.123239563895776,-0.7819241070227957,1.0638120569246137,2648.945093154907,0.0
7,waypoint_24,0.0,0.123239563895776,-0.7819241070227957,1.0638120569246137,1745.9394931793213,0.0
8,waypoint_24,0.0,0.123239563895776,-0.7819241070227957,1.0638120569246137,473.34960103034973,0.0
9,waypoint_24,0.0,0.123239563895776,-0.7819241070227957,1.0638120569246137,1064.4773244857788,0.0
10,waypoint_24,0.0,0.123239563895776,-0.7819241070227957,1.0638120569246137,908.7064862251282,0.0
11,waypoint_24,0.0,0.123239563895776,-0.7819241070227957,1.0638120569246137,643.8018679618835,0.0
12,waypoint_24,0.0,0.123239563895776,-0.7819241070227957,1.0638120569246137,668.3993339538574,0.0
13,waypoint_24,0.0,0.123239563895776,-0.7819241070227957,1.0638120569246137,696.1555480957031,0.0
14,waypoint_24,0.0,0.123239563895776,-0.7819241070227957,1.0638120569246137,875.5662441253662,0.0
0,waypoint_24,-15.0,0.123239563895776,-0.7819241070227957,1.0638120569246137,4084.0296745300293,0.0
1,waypoint_24,-15.0,0.123239563895776,-0.7819241070227957,1.0638120569246137,3220.0567722320557,0.0
2,waypoint_24,-15.0,0.123239563895776,-0.7819241070227957,1.0638120569246137,3061.715841293335,0.0
3,waypoint_24,-15.0,0.123239563895776,-0.7819241070227957,1.0638120569246137,1356.3404083251953,0.0
4,waypoint_24,-15.0,0.123239563895776,-0.7819241070227957,1.0638120569246137,1465.0051593780518,0.0
5,waypoint_24,-15.0,0.123239563895776,-0.7819241070227957,1.0638120569246137,2242.312431335449,0.0
6,waypoint_24,-15.0,0.123239563895776,-0.7819241070227957,1.0638120569246137,2637.0909214019775,0.0
7,waypoint_24,-15.0,0.123239563895776,-0.7819241070227957,1.0638120569246137,1829.856514930725,0.0
8,waypoint_24,-15.0,0.123239563895776,-0.7819241070227957,1.0638120569246137,433.52773785591125,0.0
9,waypoint_24,-15.0,0.123239563895776,-0.7819241070227957,1.0638120569246137,1141.4819955825806,0.0
10,waypoint_24,-15.0,0.123239563895776,-0.7819241070227957,1.0638120569246137,970.0057506561279,0.0
11,waypoint_24,-15.0,0.123239563895776,-0.7819241070227957,1.0638120569246137,661.5723967552185,0.0
12,waypoint_24,-15.0,0.123239563895776,-0.7819241070227957,1.0638120569246137,705.5763602256775,0.0
13,waypoint_24,-15.0,0.123239563895776,-0.7819241070227957,1.0638120569246137,709.1706395149231,0.0
14,waypoint_24,-15.0,0.123239563895776,-0.7819241070227957,1.0638120569246137,838.6206030845642,0.0
0,waypoint_24,-30.0,0.123239563895776,-0.7819241070227957,1.0638120569246137,4075.9806632995605,0.0
1,waypoint_24,-30.0,0.123239563895776,-0.7819241070227957,1.0638120569246137,3218.6617851257324,0.0
2,waypoint_24,-30.0,0.123239563895776,-0.7819241070227957,1.0638120569246137,3167.492151260376,0.0
3,waypoint_24,-30.0,0.123239563895776,-0.7819241070227957,1.0638120569246137,1265.7232284545898,0.0
4,waypoint_24,-30.0,0.123239563895776,-0.7819241070227957,1.0638120569246137,1476.8706560134888,0.0
5,waypoint_24,-30.0,0.123239563895776,-0.7819241070227957,1.0638120569246137,2270.3888416290283,0.0
6,waypoint_24,-30.0,0.123239563895776,-0.7819241070227957,1.0638120569246137,2678.2398223876953,0.0
7,waypoint_24,-30.0,0.123239563895776,-0.7819241070227957,1.0638120569246137,1734.4870567321777,0.0
8,waypoint_24,-30.0,0.123239563895776,-0.7819241070227957,1.0638120569246137,415.4618978500366,0.0
9,waypoint_24,-30.0,0.123239563895776,-0.7819241070227957,1.0638120569246137,1174.09348487854,0.0
10,waypoint_24,-30.0,0.123239563895776,-0.7819241070227957,1.0638120569246137,996.1285591125488,0.0
11,waypoint_24,-30.0,0.123239563895776,-0.7819241070227957,1.0638120569246137,691.1506652832031,0.0
12,waypoint_24,-30.0,0.123239563895776,-0.7819241070227957,1.0638120569246137,742.7281737327576,0.0
13,waypoint_24,-30.0,0.123239563895776,-0.7819241070227957,1.0638120569246137,724.4762182235718,0.0
14,waypoint_24,-30.0,0.123239563895776,-0.7819241070227957,1.0638120569246137,907.1117639541626,0.0
0,waypoint_25,-30.0,0.14323956389577558,-0.7819241070227957,1.0638120569246137,4090.211868286133,0.0
1,waypoint_25,-30.0,0.14323956389577558,-0.7819241070227957,1.0638120569246137,3218.935251235962,0.0
2,waypoint_25,-30.0,0.14323956389577558,-0.7819241070227957,1.0638120569246137,3168.3173179626465,0.0
3,waypoint_25,-30.0,0.14323956389577558,-0.7819241070227957,1.0638120569246137,1234.9255084991455,0.0
4,waypoint_25,-30.0,0.14323956389577558,-0.7819241070227957,1.0638120569246137,1457.5728178024292,0.0
5,waypoint_25,-30.0,0.14323956389577558,-0.7819241070227957,1.0638120569246137,2268.012523651123,0.0
6,waypoint_25,-30.0,0.14323956389577558,-0.7819241070227957,1.0638120569246137,2648.3986377716064,0.0
7,waypoint_25,-30.0,0.14323956389577558,-0.7819241070227957,1.0638120569246137,1628.6665201187134,0.0
8,waypoint_25,-30.0,0.14323956389577558,-0.7819241070227957,1.0638120569246137,395.6660330295563,0.0
9,waypoint_25,-30.0,0.14323956389577558,-0.7819241070227957,1.0638120569246137,1188.946008682251,0.0
10,waypoint_25,-30.0,0.14323956389577558,-0.7819241070227957,1.0638120569246137,1011.9831562042236,0.0
11,waypoint_25,-30.0,0.14323956389577558,-0.7819241070227957,1.0638120569246137,703.0171155929565,0.0
12,waypoint_25,-30.0,0.14323956389577558,-0.7819241070227957,1.0638120569246137,751.8924474716187,0.0
13,waypoint_25,-30.0,0.14323956389577558,-0.7819241070227957,1.0638120569246137,734.9340319633484,0.0
14,waypoint_25,-30.0,0.14323956389577558,-0.7819241070227957,1.0638120569246137,973.6478328704834,0.0
0,waypoint_25,-15.0,0.14323956389577558,-0.7819241070227957,1.0638120569246137,4102.421283721924,0.0
1,waypoint_25,-15.0,0.14323956389577558,-0.7819241070227957,1.0638120569246137,3220.2212810516357,0.0
2,waypoint_25,-15.0,0.14323956389577558,-0.7819241070227957,1.0638120569246137,3114.351511001587,0.0
3,waypoint_25,-15.0,0.14323956389577558,-0.7819241070227957,1.0638120569246137,1367.1494722366333,0.0
4,waypoint_25,-15.0,0.14323956389577558,-0.7819241070227957,1.0638120569246137,1426.5239238739014,0.0
5,waypoint_25,-15.0,0.14323956389577558,-0.7819241070227957,1.0638120569246137,2237.9202842712402,0.0
6,waypoint_25,-15.0,0.14323956389577558,-0.7819241070227957,1.0638120569246137,2631.243944168091,0.0
7,waypoint_25,-15.0,0.14323956389577558,-0.7819241070227957,1.0638120569246137,1590.1269912719727,0.0
8,waypoint_25,-15.0,0.14323956389577558,-0.7819241070227957,1.0638120569246137,433.4450960159302,0.0
9,waypoint_25,-15.0,0.14323956389577558,-0.7819241070227957,1.0638120569246137,1144.2625522613525,0.0
10,waypoint_25,-15.0,0.14323956389577558,-0.7819241070227957,1.0638120569246137,1012.7356052398682,0.0
11,waypoint_25,-15.0,0.14323956389577558,-0.7819241070227957,1.0638120569246137,700.968325138092,0.0
12,waypoint_25,-15.0,0.14323956389577558,-0.7819241070227957,1.0638120569246137,718.7989950180054,0.0
13,waypoint_25,-15.0,0.14323956389577558,-0.7819241070227957,1.0638120569246137,719.8586463928223,0.0
14,waypoint_25,-15.0,0.14323956389577558,-0.7819241070227957,1.0638120569246137,913.6743545532227,0.0
0,waypoint_25,0.0,0.14323956389577558,-0.7819241070227957,1.0638120569246137,4130.777835845947,0.0
1,waypoint_25,0.0,0.14323956389577558,-0.7819241070227957,1.0638120569246137,3223.310708999634,0.0
2,waypoint_25,0.0,0.14323956389577558,-0.7819241070227957,1.0638120569246137,3134.225845336914,0.0
3,waypoint_25,0.0,0.14323956389577558,-0.7819241070227957,1.0638120569246137,1434.9738359451294,0.0
4,waypoint_25,0.0,0.14323956389577558,-0.7819241070227957,1.0638120569246137,1420.3919172286987,0.0
5,waypoint_25,0.0,0.14323956389577558,-0.7819241070227957,1.0638120569246137,1841.1754369735718,0.0
6,waypoint_25,0.0,0.14323956389577558,-0.7819241070227957,1.0638120569246137,2635.643482208252,0.0
7,waypoint_25,0.0,0.14323956389577558,-0.7819241070227957,1.0638120569246137,1698.7591981887817,0.0
8,waypoint_25,0.0,0.14323956389577558,-0.7819241070227957,1.0638120569246137,484.71054434776306,0.0
9,waypoint_25,0.0,0.14323956389577558,-0.7819241070227957,1.0638120569246137,1132.872223854065,0.0
10,waypoint_25,0.0,0.14323956389577558,-0.7819241070227957,1.0638120569246137,1012.4416351318359,0.0
11,waypoint_25,0.0,0.14323956389577558,-0.7819241070227957,1.0638120569246137,671.2225079536438,0.0
12,waypoint_25,0.0,0.14323956389577558,-0.7819241070227957,1.0638120569246137,679.0158748626709,0.0
13,waypoint_25,0.0,0.14323956389577558,-0.7819241070227957,1.0638120569246137,706.4497470855713,0.0
14,waypoint_25,0.0,0.14323956389577558,-0.7819241070227957,1.0638120569246137,818.1382417678833,0.0
0,waypoint_25,15.0,0.14323956389577558,-0.7819241070227957,1.0638120569246137,4061.6564750671387,0.0
1,waypoint_25,15.0,0.14323956389577558,-0.7819241070227957,1.0638120569246137,3227.273941040039,0.0
2,waypoint_25,15.0,0.14323956389577558,-0.7819241070227957,1.0638120569246137,3058.417320251465,0.0
3,waypoint_25,15.0,0.14323956389577558,-0.7819241070227957,1.0638120569246137,1375.4773139953613,0.0
4,waypoint_25,15.0,0.14323956389577558,-0.7819241070227957,1.0638120569246137,1450.8001804351807,0.0
5,waypoint_25,15.0,0.14323956389577558,-0.7819241070227957,1.0638120569246137,1708.3220481872559,0.0
6,waypoint_25,15.0,0.14323956389577558,-0.7819241070227957,1.0638120569246137,2625.9524822235107,0.0
7,waypoint_25,15.0,0.14323956389577558,-0.7819241070227957,1.0638120569246137,1659.6839427947998,0.0
8,waypoint_25,15.0,0.14323956389577558,-0.7819241070227957,1.0638120569246137,484.7522974014282,0.0
9,waypoint_25,15.0,0.14323956389577558,-0.7819241070227957,1.0638120569246137,1019.012451171875,0.0
10,waypoint_25,15.0,0.14323956389577558,-0.7819241070227957,1.0638120569246137,942.6538348197937,0.0
11,waypoint_25,15.0,0.14323956389577558,-0.7819241070227957,1.0638120569246137,634.7007155418396,0.0
12,waypoint_25,15.0,0.14323956389577558,-0.7819241070227957,1.0638120569246137,650.1642465591431,0.0
13,waypoint_25,15.0,0.14323956389577558,-0.7819241070227957,1.0638120569246137,694.7061419487,0.0
14,waypoint_25,15.0,0.14323956389577558,-0.7819241070227957,1.0638120569246137,786.525547504425,0.0
0,waypoint_25,30.0,0.14323956389577558,-0.7819241070227957,1.0638120569246137,4084.31339263916,0.0
1,waypoint_25,30.0,0.14323956389577558,-0.7819241070227957,1.0638120569246137,3231.1413288116455,0.0
2,waypoint_25,30.0,0.14323956389577558,-0.7819241070227957,1.0638120569246137,3106.900691986084,0.0
3,waypoint_25,30.0,0.14323956389577558,-0.7819241070227957,1.0638120569246137,1397.3804712295532,0.0
4,waypoint_25,30.0,0.14323956389577558,-0.7819241070227957,1.0638120569246137,1458.0981731414795,0.0
5,waypoint_25,30.0,0.14323956389577558,-0.7819241070227957,1.0638120569246137,1789.609432220459,0.0
6,waypoint_25,30.0,0.14323956389577558,-0.7819241070227957,1.0638120569246137,2625.0059604644775,0.0
7,waypoint_25,30.0,0.14323956389577558,-0.7819241070227957,1.0638120569246137,1422.412395477295,0.0
8,waypoint_25,30.0,0.14323956389577558,-0.7819241070227957,1.0638120569246137,527.267336845398,0.0
9,waypoint_25,30.0,0.14323956389577558,-0.7819241070227957,1.0638120569246137,983.940839767456,0.0
10,waypoint_25,30.0,0.14323956389577558,-0.7819241070227957,1.0638120569246137,922.9415655136108,0.0
11,waypoint_25,30.0,0.14323956389577558,-0.7819241070227957,1.0638120569246137,615.3240203857422,0.0
12,waypoint_25,30.0,0.14323956389577558,-0.7819241070227957,1.0638120569246137,621.1785674095154,0.0
13,waypoint_25,30.0,0.14323956389577558,-0.7819241070227957,1.0638120569246137,685.1750612258911,0.0
14,waypoint_25,30.0,0.14323956389577558,-0.7819241070227957,1.0638120569246137,672.5141406059265,0.0
0,waypoint_26,30.0,0.1632395638957752,-0.7819241070227957,1.0638120569246137,4138.652324676514,0.0
1,waypoint_26,30.0,0.1632395638957752,-0.7819241070227957,1.0638120569246137,3231.2698364257812,0.0
2,waypoint_26,30.0,0.1632395638957752,-0.7819241070227957,1.0638120569246137,3033.470630645752,0.0
3,waypoint_26,30.0,0.1632395638957752,-0.7819241070227957,1.0638120569246137,1400.087833404541,0.0
4,waypoint_26,30.0,0.1632395638957752,-0.7819241070227957,1.0638120569246137,1432.2954416275024,0.0
5,waypoint_26,30.0,0.1632395638957752,-0.7819241070227957,1.0638120569246137,1780.2588939666748,0.0
6,waypoint_26,30.0,0.1632395638957752,-0.7819241070227957,1.0638120569246137,2619.117259979248,0.0
7,waypoint_26,30.0,0.1632395638957752,-0.7819241070227957,1.0638120569246137,1634.4046592712402,0.0
8,waypoint_26,30.0,0.1632395638957752,-0.7819241070227957,1.0638120569246137,551.9331693649292,0.0
9,waypoint_26,30.0,0.1632395638957752,-0.7819241070227957,1.0638120569246137,1004.7124624252319,0.0
10,waypoint_26,30.0,0.1632395638957752,-0.7819241070227957,1.0638120569246137,938.6367797851562,0.0
11,waypoint_26,30.0,0.1632395638957752,-0.7819241070227957,1.0638120569246137,629.3338537216187,0.0
12,waypoint_26,30.0,0.1632395638957752,-0.7819241070227957,1.0638120569246137,631.8619251251221,0.0
13,waypoint_26,30.0,0.1632395638957752,-0.7819241070227957,1.0638120569246137,695.8543062210083,0.0
14,waypoint_26,30.0,0.1632395638957752,-0.7819241070227957,1.0638120569246137,656.5848588943481,0.0
0,waypoint_26,15.0,0.1632395638957752,-0.7819241070227957,1.0638120569246137,4169.267177581787,0.0
1,waypoint_26,15.0,0.1632395638957752,-0.7819241070227957,1.0638120569246137,3227.415084838867,0.0
2,waypoint_26,15.0,0.1632395638957752,-0.7819241070227957,1.0638120569246137,3024.7836112976074,0.0
3,waypoint_26,15.0,0.1632395638957752,-0.7819241070227957,1.0638120569246137,1418.431282043457,0.0
4,waypoint_26,15.0,0.1632395638957752,-0.7819241070227957,1.0638120569246137,1428.6326169967651,0.0
5,waypoint_26,15.0,0.1632395638957752,-0.7819241070227957,1.0638120569246137,1698.9630460739136,0.0
6,waypoint_26,15.0,0.1632395638957752,-0.7819241070227957,1.0638120569246137,2612.8265857696533,0.0
7,waypoint_26,15.0,0.1632395638957752,-0.7819241070227957,1.0638120569246137,1663.62726688385,0.0
8,waypoint_26,15.0,0.1632395638957752,-0.7819241070227957,1.0638120569246137,504.91082668304443,0.0
9,waypoint_26,15.0,0.1632395638957752,-0.7819241070227957,1.0638120569246137,1030.4051637649536,0.0
10,waypoint_26,15.0,0.1632395638957752,-0.7819241070227957,1.0638120569246137,944.8686242103577,0.0
11,waypoint_26,15.0,0.1632395638957752,-0.7819241070227957,1.0638120569246137,650.870144367218,0.0
12,waypoint_26,15.0,0.1632395638957752,-0.7819241070227957,1.0638120569246137,660.4288220405579,0.0
13,waypoint_26,15.0,0.1632395638957752,-0.7819241070227957,1.0638120569246137,699.8444199562073,0.0
14,waypoint_26,15.0,0.1632395638957752,-0.7819241070227957,1.0638120569246137,822.3963975906372,0.0
0,waypoint_26,0.0,0.1632395638957752,-0.7819241070227957,1.0638120569246137,4097.482681274414,0.0
1,waypoint_26,0.0,0.1632395638957752,-0.7819241070227957,1.0638120569246137,3223.4983444213867,0.0
2,waypoint_26,0.0,0.1632395638957752,-0.7819241070227957,1.0638120569246137,3054.2209148406982,0.0
3,waypoint_26,0.0,0.1632395638957752,-0.7819241070227957,1.0638120569246137,1371.8414306640625,0.0
4,waypoint_26,0.0,0.1632395638957752,-0.7819241070227957,1.0638120569246137,1406.526803970337,0.0
5,waypoint_26,0.0,0.1632395638957752,-0.7819241070227957,1.0638120569246137,1837.2892141342163,0.0
6,waypoint_26,0.0,0.1632395638957752,-0.7819241070227957,1.0638120569246137,2611.9821071624756,0.0
7,waypoint_26,0.0,0.1632395638957752,-0.7819241070227957,1.0638120569246137,1689.763069152832,0.0
8,waypoint_26,0.0,0.1632395638957752,-0.7819241070227957,1.0638120569246137,500.3979802131653,0.0
9,waypoint_26,0.0,0.1632395638957752,-0.7819241070227957,1.0638120569246137,1100.2521514892578,0.0
10,waypoint_26,0.0,0.1632395638957752,-0.7819241070227957,1.0638120569246137,967.6182866096497,0.0
11,waypoint_26,0.0,0.1632395638957752,-0.7819241070227957,1.0638120569246137,667.6794290542603,0.0
12,waypoint_26,0.0,0.1632395638957752,-0.7819241070227957,1.0638120569246137,687.2528195381165,0.0
13,waypoint_26,0.0,0.1632395638957752,-0.7819241070227957,1.0638120569246137,716.9560790061951,0.0
14,waypoint_26,0.0,0.1632395638957752,-0.7819241070227957,1.0638120569246137,863.5990023612976,0.0
0,waypoint_26,-15.0,0.1632395638957752,-0.7819241070227957,1.0638120569246137,4064.208984375,0.0
1,waypoint_26,-15.0,0.1632395638957752,-0.7819241070227957,1.0638120569246137,3220.4949855804443,0.0
2,waypoint_26,-15.0,0.1632395638957752,-0.7819241070227957,1.0638120569246137,3004.5645236968994,0.0
3,waypoint_26,-15.0,0.1632395638957752,-0.7819241070227957,1.0638120569246137,1349.785327911377,0.0
4,waypoint_26,-15.0,0.1632395638957752,-0.7819241070227957,1.0638120569246137,1402.608871459961,0.0
5,waypoint_26,-15.0,0.1632395638957752,-0.7819241070227957,1.0638120569246137,2231.177806854248,0.0
6,waypoint_26,-15.0,0.1632395638957752,-0.7819241070227957,1.0638120569246137,2605.6203842163086,0.0
7,waypoint_26,-15.0,0.1632395638957752,-0.7819241070227957,1.0638120569246137,1497.207522392273,0.0
8,waypoint_26,-15.0,0.1632395638957752,-0.7819241070227957,1.0638120569246137,470.7428514957428,0.0
9,waypoint_26,-15.0,0.1632395638957752,-0.7819241070227957,1.0638120569246137,1159.271478652954,0.0
10,waypoint_26,-15.0,0.1632395638957752,-0.7819241070227957,1.0638120569246137,1007.5796842575073,0.0
11,waypoint_26,-15.0,0.1632395638957752,-0.7819241070227957,1.0638120569246137,686.0159039497375,0.0
12,waypoint_26,-15.0,0.1632395638957752,-0.7819241070227957,1.0638120569246137,723.4669923782349,0.0
13,waypoint_26,-15.0,0.1632395638957752,-0.7819241070227957,1.0638120569246137,729.8003435134888,0.0
14,waypoint_26,-15.0,0.1632395638957752,-0.7819241070227957,1.0638120569246137,880.8419108390808,0.0
0,waypoint_26,-30.0,0.1632395638957752,-0.7819241070227957,1.0638120569246137,4079.6074867248535,0.0
1,waypoint_26,-30.0,0.1632395638957752,-0.7819241070227957,1.0638120569246137,3219.3257808685303,0.0
2,waypoint_26,-30.0,0.1632395638957752,-0.7819241070227957,1.0638120569246137,3113.693952560425,0.0
3,waypoint_26,-30.0,0.1632395638957752,-0.7819241070227957,1.0638120569246137,1232.1789264678955,0.0
4,waypoint_26,-30.0,0.1632395638957752,-0.7819241070227957,1.0638120569246137,1392.6531076431274,0.0
5,waypoint_26,-30.0,0.1632395638957752,-0.7819241070227957,1.0638120569246137,2263.5180950164795,0.0
6,waypoint_26,-30.0,0.1632395638957752,-0.7819241070227957,1.0638120569246137,2641.792058944702,0.0
7,waypoint_26,-30.0,0.1632395638957752,-0.7819241070227957,1.0638120569246137,2106.7521572113037,0.0
8,waypoint_26,-30.0,0.1632395638957752,-0.7819241070227957,1.0638120569246137,470.9276854991913,0.0
9,waypoint_26,-30.0,0.1632395638957752,-0.7819241070227957,1.0638120569246137,1201.0589838027954,0.0
10,waypoint_26,-30.0,0.1632395638957752,-0.7819241070227957,1.0638120569246137,1027.4709463119507,0.0
11,waypoint_26,-30.0,0.1632395638957752,-0.7819241070227957,1.0638120569246137,716.5377736091614,0.0
12,waypoint_26,-30.0,0.1632395638957752,-0.7819241070227957,1.0638120569246137,759.9328756332397,0.0
13,waypoint_26,-30.0,0.1632395638957752,-0.7819241070227957,1.0638120569246137,744.6647882461548,0.0
14,waypoint_26,-30.0,0.1632395638957752,-0.7819241070227957,1.0638120569246137,930.5205345153809,0.0
0,waypoint_27,-30.0,0.1832395638957754,-0.7819241070227957,1.0638120569246137,4139.471054077148,0.0
1,waypoint_27,-30.0,0.1832395638957754,-0.7819241070227957,1.0638120569246137,3219.8269367218018,0.0
2,waypoint_27,-30.0,0.1832395638957754,-0.7819241070227957,1.0638120569246137,3118.4568405151367,0.0
3,waypoint_27,-30.0,0.1832395638957754,-0.7819241070227957,1.0638120569246137,1226.517915725708,0.0
4,waypoint_27,-30.0,0.1832395638957754,-0.7819241070227957,1.0638120569246137,1378.6269426345825,0.0
5,waypoint_27,-30.0,0.1832395638957754,-0.7819241070227957,1.0638120569246137,2259.5808506011963,0.0
6,waypoint_27,-30.0,0.1832395638957754,-0.7819241070227957,1.0638120569246137,2622.0808029174805,0.0
7,waypoint_27,-30.0,0.1832395638957754,-0.7819241070227957,1.0638120569246137,2135.007381439209,0.0
8,waypoint_27,-30.0,0.1832395638957754,-0.7819241070227957,1.0638120569246137,486.4928424358368,0.0
9,waypoint_27,-30.0,0.1832395638957754,-0.7819241070227957,1.0638120569246137,1216.1993980407715,0.0
10,waypoint_27,-30.0,0.1832395638957754,-0.7819241070227957,1.0638120569246137,1043.6029434204102,0.0
11,waypoint_27,-30.0,0.1832395638957754,-0.7819241070227957,1.0638120569246137,729.0920615196228,0.0
12,waypoint_27,-30.0,0.1832395638957754,-0.7819241070227957,1.0638120569246137,769.9406743049622,0.0
13,waypoint_27,-30.0,0.1832395638957754,-0.7819241070227957,1.0638120569246137,755.9065818786621,0.0
14,waypoint_27,-30.0,0.1832395638957754,-0.7819241070227957,1.0638120569246137,917.4906611442566,0.0
0,waypoint_27,-15.0,0.1832395638957754,-0.7819241070227957,1.0638120569246137,4088.45853805542,0.0
1,waypoint_27,-15.0,0.1832395638957754,-0.7819241070227957,1.0638120569246137,3220.879316329956,0.0
2,waypoint_27,-15.0,0.1832395638957754,-0.7819241070227957,1.0638120569246137,3096.2295532226562,0.0
3,waypoint_27,-15.0,0.1832395638957754,-0.7819241070227957,1.0638120569246137,1372.2355365753174,0.0
4,waypoint_27,-15.0,0.1832395638957754,-0.7819241070227957,1.0638120569246137,1390.7405138015747,0.0
5,waypoint_27,-15.0,0.1832395638957754,-0.7819241070227957,1.0638120569246137,2227.7112007141113,0.0
6,waypoint_27,-15.0,0.1832395638957754,-0.7819241070227957,1.0638120569246137,2584.0988159179688,0.0
7,waypoint_27,-15.0,0.1832395638957754,-0.7819241070227957,1.0638120569246137,1521.8875408172607,0.0
8,waypoint_27,-15.0,0.1832395638957754,-0.7819241070227957,1.0638120569246137,482.62906074523926,0.0
9,waypoint_27,-15.0,0.1832395638957754,-0.7819241070227957,1.0638120569246137,1171.085238456726,0.0
10,waypoint_27,-15.0,0.1832395638957754,-0.7819241070227957,1.0638120569246137,1044.5278882980347,0.0
11,waypoint_27,-15.0,0.1832395638957754,-0.7819241070227957,1.0638120569246137,727.2632718086243,0.0
12,waypoint_27,-15.0,0.1832395638957754,-0.7819241070227957,1.0638120569246137,736.9304299354553,0.0
13,waypoint_27,-15.0,0.1832395638957754,-0.7819241070227957,1.0638120569246137,741.1902546882629,0.0
14,waypoint_27,-15.0,0.1832395638957754,-0.7819241070227957,1.0638120569246137,869.8712587356567,0.0
0,waypoint_27,0.0,0.1832395638957754,-0.7819241070227957,1.0638120569246137,4155.872821807861,0.0
1,waypoint_27,0.0,0.1832395638957754,-0.7819241070227957,1.0638120569246137,3223.79469871521,0.0
2,waypoint_27,0.0,0.1832395638957754,-0.7819241070227957,1.0638120569246137,3058.293581008911,0.0
3,waypoint_27,0.0,0.1832395638957754,-0.7819241070227957,1.0638120569246137,1347.6207256317139,0.0
4,waypoint_27,0.0,0.1832395638957754,-0.7819241070227957,1.0638120569246137,1381.5957307815552,0.0
5,waypoint_27,0.0,0.1832395638957754,-0.7819241070227957,1.0638120569246137,1836.9457721710205,0.0
6,waypoint_27,0.0,0.1832395638957754,-0.7819241070227957,1.0638120569246137,2592.2868251800537,0.0
7,waypoint_27,0.0,0.1832395638957754,-0.7819241070227957,1.0638120569246137,1589.7403955459595,0.0
8,waypoint_27,0.0,0.1832395638957754,-0.7819241070227957,1.0638120569246137,510.31601428985596,0.0
9,waypoint_27,0.0,0.1832395638957754,-0.7819241070227957,1.0638120569246137,1159.3588590621948,0.0
10,waypoint_27,0.0,0.1832395638957754,-0.7819241070227957,1.0638120569246137,1046.7145442962646,0.0
11,waypoint_27,0.0,0.1832395638957754,-0.7819241070227957,1.0638120569246137,696.3030695915222,0.0
12,waypoint_27,0.0,0.1832395638957754,-0.7819241070227957,1.0638120569246137,697.884738445282,0.0
13,waypoint_27,0.0,0.1832395638957754,-0.7819241070227957,1.0638120569246137,728.1715273857117,0.0
14,waypoint_27,0.0,0.1832395638957754,-0.7819241070227957,1.0638120569246137,803.0956983566284,0.0
0,waypoint_27,15.0,0.1832395638957754,-0.7819241070227957,1.0638120569246137,4174.857139587402,0.0
1,waypoint_27,15.0,0.1832395638957754,-0.7819241070227957,1.0638120569246137,3227.658748626709,0.0
2,waypoint_27,15.0,0.1832395638957754,-0.7819241070227957,1.0638120569246137,3064.4004344940186,0.0
3,waypoint_27,15.0,0.1832395638957754,-0.7819241070227957,1.0638120569246137,1368.2068586349487,0.0
4,waypoint_27,15.0,0.1832395638957754,-0.7819241070227957,1.0638120569246137,1412.1651649475098,0.0
5,waypoint_27,15.0,0.1832395638957754,-0.7819241070227957,1.0638120569246137,1689.7588968276978,0.0
6,waypoint_27,15.0,0.1832395638957754,-0.7819241070227957,1.0638120569246137,2583.8513374328613,0.0
7,waypoint_27,15.0,0.1832395638957754,-0.7819241070227957,1.0638120569246137,1622.4348545074463,0.0
8,waypoint_27,15.0,0.1832395638957754,-0.7819241070227957,1.0638120569246137,497.7555274963379,0.0
9,waypoint_27,15.0,0.1832395638957754,-0.7819241070227957,1.0638120569246137,1059.6925020217896,0.0
10,waypoint_27,15.0,0.1832395638957754,-0.7819241070227957,1.0638120569246137,988.4352087974548,0.0
11,waypoint_27,15.0,0.1832395638957754,-0.7819241070227957,1.0638120569246137,665.8092737197876,0.0
12,waypoint_27,15.0,0.1832395638957754,-0.7819241070227957,1.0638120569246137,670.2235341072083,0.0
13,waypoint_27,15.0,0.1832395638957754,-0.7819241070227957,1.0638120569246137,718.9197540283203,0.0
14,waypoint_27,15.0,0.1832395638957754,-0.7819241070227957,1.0638120569246137,827.0441889762878,0.0
0,waypoint_27,30.0,0.1832395638957754,-0.7819241070227957,1.0638120569246137,4129.530906677246,0.0
1,waypoint_27,30.0,0.1832395638957754,-0.7819241070227957,1.0638120569246137,3231.4999103546143,0.0
2,waypoint_27,30.0,0.1832395638957754,-0.7819241070227957,1.0638120569246137,3063.5786056518555,0.0
3,waypoint_27,30.0,0.1832395638957754,-0.7819241070227957,1.0638120569246137,1364.2243146896362,0.0
4,waypoint_27,30.0,0.1832395638957754,-0.7819241070227957,1.0638120569246137,1433.5466623306274,0.0
5,waypoint_27,30.0,0.1832395638957754,-0.7819241070227957,1.0638120569246137,1771.0636854171753,0.0
6,waypoint_27,30.0,0.1832395638957754,-0.7819241070227957,1.0638120569246137,2589.0328884124756,0.0
7,waypoint_27,30.0,0.1832395638957754,-0.7819241070227957,1.0638120569246137,1573.6186504364014,0.0
8,waypoint_27,30.0,0.1832395638957754,-0.7819241070227957,1.0638120569246137,559.4702363014221,0.0
9,waypoint_27,30.0,0.1832395638957754,-0.7819241070227957,1.0638120569246137,1022.974967956543,0.0
10,waypoint_27,30.0,0.1832395638957754,-0.7819241070227957,1.0638120569246137,967.5484299659729,0.0
11,waypoint_27,30.0,0.1832395638957754,-0.7819241070227957,1.0638120569246137,644.8380351066589,0.0
12,waypoint_27,30.0,0.1832395638957754,-0.7819241070227957,1.0638120569246137,641.8670415878296,0.0
13,waypoint_27,30.0,0.1832395638957754,-0.7819241070227957,1.0638120569246137,707.1702480316162,0.0
14,waypoint_27,30.0,0.1832395638957754,-0.7819241070227957,1.0638120569246137,646.1794972419739,0.0
0,waypoint_28,30.0,0.2032395638957752,-0.7819241070227957,1.0638120569246137,4221.683502197266,0.0
1,waypoint_28,30.0,0.2032395638957752,-0.7819241070227957,1.0638120569246137,3231.8313121795654,0.0
2,waypoint_28,30.0,0.2032395638957752,-0.7819241070227957,1.0638120569246137,3011.867046356201,0.0
3,waypoint_28,30.0,0.2032395638957752,-0.7819241070227957,1.0638120569246137,1337.8757238388062,0.0
4,waypoint_28,30.0,0.2032395638957752,-0.7819241070227957,1.0638120569246137,1395.938754081726,0.0
5,waypoint_28,30.0,0.2032395638957752,-0.7819241070227957,1.0638120569246137,1762.0062828063965,0.0
6,waypoint_28,30.0,0.2032395638957752,-0.7819241070227957,1.0638120569246137,2572.1280574798584,0.0
7,waypoint_28,30.0,0.2032395638957752,-0.7819241070227957,1.0638120569246137,1368.7691688537598,0.0
8,waypoint_28,30.0,0.2032395638957752,-0.7819241070227957,1.0638120569246137,560.2526068687439,0.0
9,waypoint_28,30.0,0.2032395638957752,-0.7819241070227957,1.0638120569246137,1043.3270931243896,0.0
10,waypoint_28,30.0,0.2032395638957752,-0.7819241070227957,1.0638120569246137,983.4687113761902,0.0
11,waypoint_28,30.0,0.2032395638957752,-0.7819241070227957,1.0638120569246137,659.6859097480774,0.0
12,waypoint_28,30.0,0.2032395638957752,-0.7819241070227957,1.0638120569246137,653.4097790718079,0.0
13,waypoint_28,30.0,0.2032395638957752,-0.7819241070227957,1.0638120569246137,718.9323902130127,0.0
14,waypoint_28,30.0,0.2032395638957752,-0.7819241070227957,1.0638120569246137,641.1131620407104,0.0
0,waypoint_28,15.0,0.2032395638957752,-0.7819241070227957,1.0638120569246137,4166.090488433838,0.0
1,waypoint_28,15.0,0.2032395638957752,-0.7819241070227957,1.0638120569246137,3228.0147075653076,0.0
2,waypoint_28,15.0,0.2032395638957752,-0.7819241070227957,1.0638120569246137,3006.0887336730957,0.0
3,waypoint_28,15.0,0.2032395638957752,-0.7819241070227957,1.0638120569246137,1368.8374757766724,0.0
4,waypoint_28,15.0,0.2032395638957752,-0.7819241070227957,1.0638120569246137,1392.0336961746216,0.0
5,waypoint_28,15.0,0.2032395638957752,-0.7819241070227957,1.0638120569246137,1680.708885192871,0.0
6,waypoint_28,15.0,0.2032395638957752,-0.7819241070227957,1.0638120569246137,2571.5503692626953,0.0
7,waypoint_28,15.0,0.2032395638957752,-0.7819241070227957,1.0638120569246137,1643.7170505523682,0.0
8,waypoint_28,15.0,0.2032395638957752,-0.7819241070227957,1.0638120569246137,541.0497784614563,0.0
9,waypoint_28,15.0,0.2032395638957752,-0.7819241070227957,1.0638120569246137,1069.5608854293823,0.0
10,waypoint_28,15.0,0.2032395638957752,-0.7819241070227957,1.0638120569246137,987.2286319732666,0.0
11,waypoint_28,15.0,0.2032395638957752,-0.7819241070227957,1.0638120569246137,665.1178002357483,0.0
12,waypoint_28,15.0,0.2032395638957752,-0.7819241070227957,1.0638120569246137,681.5513968467712,0.0
13,waypoint_28,15.0,0.2032395638957752,-0.7819241070227957,1.0638120569246137,722.0496535301208,0.0
14,waypoint_28,15.0,0.2032395638957752,-0.7819241070227957,1.0638120569246137,830.2623629570007,0.0
0,waypoint_28,0.0,0.2032395638957752,-0.7819241070227957,1.0638120569246137,4122.757434844971,0.0
1,waypoint_28,0.0,0.2032395638957752,-0.7819241070227957,1.0638120569246137,3224.2026329040527,0.0
2,waypoint_28,0.0,0.2032395638957752,-0.7819241070227957,1.0638120569246137,2990.394115447998,0.0
3,waypoint_28,0.0,0.2032395638957752,-0.7819241070227957,1.0638120569246137,1377.2834539413452,0.0
4,waypoint_28,0.0,0.2032395638957752,-0.7819241070227957,1.0638120569246137,1362.2125387191772,0.0
5,waypoint_28,0.0,0.2032395638957752,-0.7819241070227957,1.0638120569246137,1821.4702606201172,0.0
6,waypoint_28,0.0,0.2032395638957752,-0.7819241070227957,1.0638120569246137,2573.490858078003,0.0
7,waypoint_28,0.0,0.2032395638957752,-0.7819241070227957,1.0638120569246137,1680.7923316955566,0.0
8,waypoint_28,0.0,0.2032395638957752,-0.7819241070227957,1.0638120569246137,525.2907276153564,0.0
9,waypoint_28,0.0,0.2032395638957752,-0.7819241070227957,1.0638120569246137,1137.2469663619995,0.0
10,waypoint_28,0.0,0.2032395638957752,-0.7819241070227957,1.0638120569246137,1007.5957775115967,0.0
11,waypoint_28,0.0,0.2032395638957752,-0.7819241070227957,1.0638120569246137,705.4851651191711,0.0
12,waypoint_28,0.0,0.2032395638957752,-0.7819241070227957,1.0638120569246137,707.4323296546936,0.0
13,waypoint_28,0.0,0.2032395638957752,-0.7819241070227957,1.0638120569246137,739.3500804901123,0.0
14,waypoint_28,0.0,0.2032395638957752,-0.7819241070227957,1.0638120569246137,835.5605602264404,0.0
0,waypoint_28,-15.0,0.2032395638957752,-0.7819241070227957,1.0638120569246137,4120.170593261719,0.0
1,waypoint_28,-15.0,0.2032395638957752,-0.7819241070227957,1.0638120569246137,3221.370220184326,0.0
2,waypoint_28,-15.0,0.2032395638957752,-0.7819241070227957,1.0638120569246137,3021.1286544799805,0.0
3,waypoint_28,-15.0,0.2032395638957752,-0.7819241070227957,1.0638120569246137,1317.6015615463257,0.0
4,waypoint_28,-15.0,0.2032395638957752,-0.7819241070227957,1.0638120569246137,1359.9350452423096,0.0
5,waypoint_28,-15.0,0.2032395638957752,-0.7819241070227957,1.0638120569246137,2222.0473289489746,0.0
6,waypoint_28,-15.0,0.2032395638957752,-0.7819241070227957,1.0638120569246137,2575.528621673584,0.0
7,waypoint_28,-15.0,0.2032395638957752,-0.7819241070227957,1.0638120569246137,1503.2113790512085,0.0
8,waypoint_28,-15.0,0.2032395638957752,-0.7819241070227957,1.0638120569246137,513.8003826141357,0.0
9,waypoint_28,-15.0,0.2032395638957752,-0.7819241070227957,1.0638120569246137,1196.319341659546,0.0
10,waypoint_28,-15.0,0.2032395638957752,-0.7819241070227957,1.0638120569246137,1044.9167490005493,0.0
11,waypoint_28,-15.0,0.2032395638957752,-0.7819241070227957,1.0638120569246137,723.3132123947144,0.0
12,waypoint_28,-15.0,0.2032395638957752,-0.7819241070227957,1.0638120569246137,740.9913539886475,0.0
13,waypoint_28,-15.0,0.2032395638957752,-0.7819241070227957,1.0638120569246137,751.803994178772,0.0
14,waypoint_28,-15.0,0.2032395638957752,-0.7819241070227957,1.0638120569246137,846.9841480255127,0.0
0,waypoint_28,-30.0,0.2032395638957752,-0.7819241070227957,1.0638120569246137,4101.933479309082,0.0
1,waypoint_28,-30.0,0.2032395638957752,-0.7819241070227957,1.0638120569246137,3220.4432487487793,0.0
2,waypoint_28,-30.0,0.2032395638957752,-0.7819241070227957,1.0638120569246137,2985.9414100646973,0.0
3,waypoint_28,-30.0,0.2032395638957752,-0.7819241070227957,1.0638120569246137,1189.6545886993408,0.0
4,waypoint_28,-30.0,0.2032395638957752,-0.7819241070227957,1.0638120569246137,1347.7023839950562,0.0
5,waypoint_28,-30.0,0.2032395638957752,-0.7819241070227957,1.0638120569246137,2255.3136348724365,0.0
6,waypoint_28,-30.0,0.2032395638957752,-0.7819241070227957,1.0638120569246137,2595.884323120117,0.0
7,waypoint_28,-30.0,0.2032395638957752,-0.7819241070227957,1.0638120569246137,1803.1448125839233,0.0
8,waypoint_28,-30.0,0.2032395638957752,-0.7819241070227957,1.0638120569246137,519.9336409568787,0.0
9,waypoint_28,-30.0,0.2032395638957752,-0.7819241070227957,1.0638120569246137,1230.2204370498657,0.0
10,waypoint_28,-30.0,0.2032395638957752,-0.7819241070227957,1.0638120569246137,1059.8461627960205,0.0
11,waypoint_28,-30.0,0.2032395638957752,-0.7819241070227957,1.0638120569246137,737.8379702568054,0.0
12,waypoint_28,-30.0,0.2032395638957752,-0.7819241070227957,1.0638120569246137,778.9562344551086,0.0
13,waypoint_28,-30.0,0.2032395638957752,-0.7819241070227957,1.0638120569246137,766.3016319274902,0.0
14,waypoint_28,-30.0,0.2032395638957752,-0.7819241070227957,1.0638120569246137,954.8646807670593,0.0
0,waypoint_29,-30.0,0.22323956389577543,-0.7819241070227957,1.0638120569246137,4155.562400817871,0.0
1,waypoint_29,-30.0,0.22323956389577543,-0.7819241070227957,1.0638120569246137,3221.17018699646,0.0
2,waypoint_29,-30.0,0.22323956389577543,-0.7819241070227957,1.0638120569246137,3009.962797164917,0.0
3,waypoint_29,-30.0,0.22323956389577543,-0.7819241070227957,1.0638120569246137,1178.6366701126099,0.0
4,waypoint_29,-30.0,0.22323956389577543,-0.7819241070227957,1.0638120569246137,1359.796643257141,0.0
5,waypoint_29,-30.0,0.22323956389577543,-0.7819241070227957,1.0638120569246137,2254.1465759277344,0.0
6,waypoint_29,-30.0,0.22323956389577543,-0.7819241070227957,1.0638120569246137,2586.108684539795,0.0
7,waypoint_29,-30.0,0.22323956389577543,-0.7819241070227957,1.0638120569246137,1783.8267087936401,0.0
8,waypoint_29,-30.0,0.22323956389577543,-0.7819241070227957,1.0638120569246137,526.2306332588196,0.0
9,waypoint_29,-30.0,0.22323956389577543,-0.7819241070227957,1.0638120569246137,1245.6319332122803,0.0
10,waypoint_29,-30.0,0.22323956389577543,-0.7819241070227957,1.0638120569246137,1076.2243270874023,0.0
11,waypoint_29,-30.0,0.22323956389577543,-0.7819241070227957,1.0638120569246137,751.137912273407,0.0
12,waypoint_29,-30.0,0.22323956389577543,-0.7819241070227957,1.0638120569246137,789.7627949714661,0.0
13,waypoint_29,-30.0,0.22323956389577543,-0.7819241070227957,1.0638120569246137,778.2959342002869,0.0
14,waypoint_29,-30.0,0.22323956389577543,-0.7819241070227957,1.0638120569246137,958.0430388450623,0.0
0,waypoint_29,-15.0,0.22323956389577543,-0.7819241070227957,1.0638120569246137,4126.946926116943,0.0
1,waypoint_29,-15.0,0.22323956389577543,-0.7819241070227957,1.0638120569246137,3221.9765186309814,0.0
2,waypoint_29,-15.0,0.22323956389577543,-0.7819241070227957,1.0638120569246137,3105.3249835968018,0.0
3,waypoint_29,-15.0,0.22323956389577543,-0.7819241070227957,1.0638120569246137,1329.7728300094604,0.0
4,waypoint_29,-15.0,0.22323956389577543,-0.7819241070227957,1.0638120569246137,1339.7481441497803,0.0
5,waypoint_29,-15.0,0.22323956389577543,-0.7819241070227957,1.0638120569246137,2218.322515487671,0.0
6,waypoint_29,-15.0,0.22323956389577543,-0.7819241070227957,1.0638120569246137,2547.694444656372,0.0
7,waypoint_29,-15.0,0.22323956389577543,-0.7819241070227957,1.0638120569246137,1787.0821952819824,0.0
8,waypoint_29,-15.0,0.22323956389577543,-0.7819241070227957,1.0638120569246137,515.4297351837158,0.0
9,waypoint_29,-15.0,0.22323956389577543,-0.7819241070227957,1.0638120569246137,1209.395170211792,0.0
10,waypoint_29,-15.0,0.22323956389577543,-0.7819241070227957,1.0638120569246137,1076.3007402420044,0.0
11,waypoint_29,-15.0,0.22323956389577543,-0.7819241070227957,1.0638120569246137,749.6540546417236,0.0
12,waypoint_29,-15.0,0.22323956389577543,-0.7819241070227957,1.0638120569246137,756.9622993469238,0.0
13,waypoint_29,-15.0,0.22323956389577543,-0.7819241070227957,1.0638120569246137,764.1638517379761,0.0
14,waypoint_29,-15.0,0.22323956389577543,-0.7819241070227957,1.0638120569246137,906.9123268127441,0.0
0,waypoint_29,0.0,0.22323956389577543,-0.7819241070227957,1.0638120569246137,4138.428688049316,0.0
1,waypoint_29,0.0,0.22323956389577543,-0.7819241070227957,1.0638120569246137,3224.7159481048584,0.0
2,waypoint_29,0.0,0.22323956389577543,-0.7819241070227957,1.0638120569246137,3056.0503005981445,0.0
3,waypoint_29,0.0,0.22323956389577543,-0.7819241070227957,1.0638120569246137,1322.8353261947632,0.0
4,waypoint_29,0.0,0.22323956389577543,-0.7819241070227957,1.0638120569246137,1343.2695865631104,0.0
5,waypoint_29,0.0,0.22323956389577543,-0.7819241070227957,1.0638120569246137,1798.6328601837158,0.0
6,waypoint_29,0.0,0.22323956389577543,-0.7819241070227957,1.0638120569246137,2557.136297225952,0.0
7,waypoint_29,0.0,0.22323956389577543,-0.7819241070227957,1.0638120569246137,1786.9725227355957,0.0
8,waypoint_29,0.0,0.22323956389577543,-0.7819241070227957,1.0638120569246137,529.4315218925476,0.0
9,waypoint_29,0.0,0.22323956389577543,-0.7819241070227957,1.0638120569246137,1187.5901222229004,0.0
10,waypoint_29,0.0,0.22323956389577543,-0.7819241070227957,1.0638120569246137,1079.4676542282104,0.0
11,waypoint_29,0.0,0.22323956389577543,-0.7819241070227957,1.0638120569246137,720.0961709022522,0.0
12,waypoint_29,0.0,0.22323956389577543,-0.7819241070227957,1.0638120569246137,719.3896174430847,0.0
13,waypoint_29,0.0,0.22323956389577543,-0.7819241070227957,1.0638120569246137,751.2530088424683,0.0
14,waypoint_29,0.0,0.22323956389577543,-0.7819241070227957,1.0638120569246137,861.2330555915833,0.0
0,waypoint_29,15.0,0.22323956389577543,-0.7819241070227957,1.0638120569246137,4148.162364959717,0.0
1,waypoint_29,15.0,0.22323956389577543,-0.7819241070227957,1.0638120569246137,3228.470802307129,0.0
2,waypoint_29,15.0,0.22323956389577543,-0.7819241070227957,1.0638120569246137,2987.7758026123047,0.0
3,waypoint_29,15.0,0.22323956389577543,-0.7819241070227957,1.0638120569246137,1318.065881729126,0.0
4,waypoint_29,15.0,0.22323956389577543,-0.7819241070227957,1.0638120569246137,1373.6234903335571,0.0
5,waypoint_29,15.0,0.22323956389577543,-0.7819241070227957,1.0638120569246137,1671.818733215332,0.0
6,waypoint_29,15.0,0.22323956389577543,-0.7819241070227957,1.0638120569246137,2540.7354831695557,0.0
7,waypoint_29,15.0,0.22323956389577543,-0.7819241070227957,1.0638120569246137,1787.2432470321655,0.0
8,waypoint_29,15.0,0.22323956389577543,-0.7819241070227957,1.0638120569246137,521.7747092247009,0.0
9,waypoint_29,15.0,0.22323956389577543,-0.7819241070227957,1.0638120569246137,1098.9259481430054,0.0
10,waypoint_29,15.0,0.22323956389577543,-0.7819241070227957,1.0638120569246137,1079.535722732544,0.0
11,waypoint_29,15.0,0.22323956389577543,-0.7819241070227957,1.0638120569246137,690.4947757720947,0.0
12,waypoint_29,15.0,0.22323956389577543,-0.7819241070227957,1.0638120569246137,691.9710040092468,0.0
13,waypoint_29,15.0,0.22323956389577543,-0.7819241070227957,1.0638120569246137,742.7632212638855,0.0
14,waypoint_29,15.0,0.22323956389577543,-0.7819241070227957,1.0638120569246137,833.3598375320435,0.0
0,waypoint_29,30.0,0.22323956389577543,-0.7819241070227957,1.0638120569246137,4191.27082824707,0.0
1,waypoint_29,30.0,0.22323956389577543,-0.7819241070227957,1.0638120569246137,3232.2723865509033,0.0
2,waypoint_29,30.0,0.22323956389577543,-0.7819241070227957,1.0638120569246137,3066.0130977630615,0.0
3,waypoint_29,30.0,0.22323956389577543,-0.7819241070227957,1.0638120569246137,1337.8031253814697,0.0
4,waypoint_29,30.0,0.22323956389577543,-0.7819241070227957,1.0638120569246137,1402.881383895874,0.0
5,waypoint_29,30.0,0.22323956389577543,-0.7819241070227957,1.0638120569246137,1753.1036138534546,0.0
6,waypoint_29,30.0,0.22323956389577543,-0.7819241070227957,1.0638120569246137,2551.61452293396,0.0
7,waypoint_29,30.0,0.22323956389577543,-0.7819241070227957,1.0638120569246137,1358.9922189712524,0.0
8,waypoint_29,30.0,0.22323956389577543,-0.7819241070227957,1.0638120569246137,578.6921381950378,0.0
9,waypoint_29,30.0,0.22323956389577543,-0.7819241070227957,1.0638120569246137,1060.7868432998657,0.0
10,waypoint_29,30.0,0.22323956389577543,-0.7819241070227957,1.0638120569246137,1006.0491561889648,0.0
11,waypoint_29,30.0,0.22323956389577543,-0.7819241070227957,1.0638120569246137,675.1195788383484,0.0
12,waypoint_29,30.0,0.22323956389577543,-0.7819241070227957,1.0638120569246137,663.9437675476074,0.0
13,waypoint_29,30.0,0.22323956389577543,-0.7819241070227957,1.0638120569246137,734.9706888198853,0.0
14,waypoint_29,30.0,0.22323956389577543,-0.7819241070227957,1.0638120569246137,649.8209238052368,0.0
0,waypoint_30,30.0,0.24323956389577522,-0.7819241070227957,1.0638120569246137,4185.240745544434,0.0
1,waypoint_30,30.0,0.24323956389577522,-0.7819241070227957,1.0638120569246137,3232.821226119995,0.0
2,waypoint_30,30.0,0.24323956389577522,-0.7819241070227957,1.0638120569246137,2973.236083984375,0.0
3,waypoint_30,30.0,0.24323956389577522,-0.7819241070227957,1.0638120569246137,1282.475471496582,0.0
4,waypoint_30,30.0,0.24323956389577522,-0.7819241070227957,1.0638120569246137,1342.3627614974976,0.0
5,waypoint_30,30.0,0.24323956389577522,-0.7819241070227957,1.0638120569246137,1744.3537712097168,0.0
6,waypoint_30,30.0,0.24323956389577522,-0.7819241070227957,1.0638120569246137,2530.7509899139404,0.0
7,waypoint_30,30.0,0.24323956389577522,-0.7819241070227957,1.0638120569246137,1336.8864059448242,0.0
8,waypoint_30,30.0,0.24323956389577522,-0.7819241070227957,1.0638120569246137,591.6723608970642,0.0
9,waypoint_30,30.0,0.24323956389577522,-0.7819241070227957,1.0638120569246137,1080.9696912765503,0.0
10,waypoint_30,30.0,0.24323956389577522,-0.7819241070227957,1.0638120569246137,1022.4559307098389,0.0
11,waypoint_30,30.0,0.24323956389577522,-0.7819241070227957,1.0638120569246137,690.6914114952087,0.0
12,waypoint_30,30.0,0.24323956389577522,-0.7819241070227957,1.0638120569246137,676.324725151062,0.0
13,waypoint_30,30.0,0.24323956389577522,-0.7819241070227957,1.0638120569246137,746.924638748169,0.0
14,waypoint_30,30.0,0.24323956389577522,-0.7819241070227957,1.0638120569246137,661.5750789642334,0.0
0,waypoint_30,15.0,0.24323956389577522,-0.7819241070227957,1.0638120569246137,4226.003646850586,0.0
1,waypoint_30,15.0,0.24323956389577522,-0.7819241070227957,1.0638120569246137,3229.031562805176,0.0
2,waypoint_30,15.0,0.24323956389577522,-0.7819241070227957,1.0638120569246137,2982.7351570129395,0.0
3,waypoint_30,15.0,0.24323956389577522,-0.7819241070227957,1.0638120569246137,1292.4829721450806,0.0
4,waypoint_30,15.0,0.24323956389577522,-0.7819241070227957,1.0638120569246137,1354.373812675476,0.0
5,waypoint_30,15.0,0.24323956389577522,-0.7819241070227957,1.0638120569246137,1663.0784273147583,0.0
6,waypoint_30,15.0,0.24323956389577522,-0.7819241070227957,1.0638120569246137,2545.5400943756104,0.0
7,waypoint_30,15.0,0.24323956389577522,-0.7819241070227957,1.0638120569246137,1565.070629119873,0.0
8,waypoint_30,15.0,0.24323956389577522,-0.7819241070227957,1.0638120569246137,575.6867527961731,0.0
9,waypoint_30,15.0,0.24323956389577522,-0.7819241070227957,1.0638120569246137,1108.8064908981323,0.0
10,waypoint_30,15.0,0.24323956389577522,-0.7819241070227957,1.0638120569246137,1023.7538814544678,0.0
11,waypoint_30,15.0,0.24323956389577522,-0.7819241070227957,1.0638120569246137,707.8968286514282,0.0
12,waypoint_30,15.0,0.24323956389577522,-0.7819241070227957,1.0638120569246137,704.2781114578247,0.0
13,waypoint_30,15.0,0.24323956389577522,-0.7819241070227957,1.0638120569246137,747.7966547012329,0.0
14,waypoint_30,15.0,0.24323956389577522,-0.7819241070227957,1.0638120569246137,834.9283933639526,0.0
0,waypoint_30,0.0,0.24323956389577522,-0.7819241070227957,1.0638120569246137,4181.975841522217,0.0
1,waypoint_30,0.0,0.24323956389577522,-0.7819241070227957,1.0638120569246137,3225.337505340576,0.0
2,waypoint_30,0.0,0.24323956389577522,-0.7819241070227957,1.0638120569246137,2974.45011138916,0.0
3,waypoint_30,0.0,0.24323956389577522,-0.7819241070227957,1.0638120569246137,1352.3969650268555,0.0
4,waypoint_30,0.0,0.24323956389577522,-0.7819241070227957,1.0638120569246137,1323.448657989502,0.0
5,waypoint_30,0.0,0.24323956389577522,-0.7819241070227957,1.0638120569246137,1838.622808456421,0.0
6,waypoint_30,0.0,0.24323956389577522,-0.7819241070227957,1.0638120569246137,2537.4345779418945,0.0
7,waypoint_30,0.0,0.24323956389577522,-0.7819241070227957,1.0638120569246137,1455.2115201950073,0.0
8,waypoint_30,0.0,0.24323956389577522,-0.7819241070227957,1.0638120569246137,540.9276485443115,0.0
9,waypoint_30,0.0,0.24323956389577522,-0.7819241070227957,1.0638120569246137,1172.9551553726196,0.0
10,waypoint_30,0.0,0.24323956389577522,-0.7819241070227957,1.0638120569246137,1048.8898754119873,0.0
11,waypoint_30,0.0,0.24323956389577522,-0.7819241070227957,1.0638120569246137,732.1677803993225,0.0
12,waypoint_30,0.0,0.24323956389577522,-0.7819241070227957,1.0638120569246137,731.0714721679688,0.0
13,waypoint_30,0.0,0.24323956389577522,-0.7819241070227957,1.0638120569246137,763.2344961166382,0.0
14,waypoint_30,0.0,0.24323956389577522,-0.7819241070227957,1.0638120569246137,858.871340751648,0.0
0,waypoint_30,-15.0,0.24323956389577522,-0.7819241070227957,1.0638120569246137,4150.496959686279,0.0
1,waypoint_30,-15.0,0.24323956389577522,-0.7819241070227957,1.0638120569246137,3222.691535949707,0.0
2,waypoint_30,-15.0,0.24323956389577522,-0.7819241070227957,1.0638120569246137,2962.6729488372803,0.0
3,waypoint_30,-15.0,0.24323956389577522,-0.7819241070227957,1.0638120569246137,1287.9366874694824,0.0
4,waypoint_30,-15.0,0.24323956389577522,-0.7819241070227957,1.0638120569246137,1318.4102773666382,0.0
5,waypoint_30,-15.0,0.24323956389577522,-0.7819241070227957,1.0638120569246137,2212.550401687622,0.0
6,waypoint_30,-15.0,0.24323956389577522,-0.7819241070227957,1.0638120569246137,2531.4815044403076,0.0
7,waypoint_30,-15.0,0.24323956389577522,-0.7819241070227957,1.0638120569246137,1719.1799879074097,0.0
8,waypoint_30,-15.0,0.24323956389577522,-0.7819241070227957,1.0638120569246137,504.56422567367554,0.0
9,waypoint_30,-15.0,0.24323956389577522,-0.7819241070227957,1.0638120569246137,1220.8153009414673,0.0
10,waypoint_30,-15.0,0.24323956389577522,-0.7819241070227957,1.0638120569246137,1080.9777975082397,0.0
11,waypoint_30,-15.0,0.24323956389577522,-0.7819241070227957,1.0638120569246137,749.1303086280823,0.0
12,waypoint_30,-15.0,0.24323956389577522,-0.7819241070227957,1.0638120569246137,764.440655708313,0.0
13,waypoint_30,-15.0,0.24323956389577522,-0.7819241070227957,1.0638120569246137,775.351345539093,0.0
14,waypoint_30,-15.0,0.24323956389577522,-0.7819241070227957,1.0638120569246137,889.0634179115295,0.0
0,waypoint_30,-30.0,0.24323956389577522,-0.7819241070227957,1.0638120569246137,4197.53885269165,0.0
1,waypoint_30,-30.0,0.24323956389577522,-0.7819241070227957,1.0638120569246137,3222.012758255005,0.0
2,waypoint_30,-30.0,0.24323956389577522,-0.7819241070227957,1.0638120569246137,2967.6849842071533,0.0
3,waypoint_30,-30.0,0.24323956389577522,-0.7819241070227957,1.0638120569246137,1191.3073062896729,0.0
4,waypoint_30,-30.0,0.24323956389577522,-0.7819241070227957,1.0638120569246137,1318.6349868774414,0.0
5,waypoint_30,-30.0,0.24323956389577522,-0.7819241070227957,1.0638120569246137,2249.3410110473633,0.0
6,waypoint_30,-30.0,0.24323956389577522,-0.7819241070227957,1.0638120569246137,2568.9845085144043,0.0
7,waypoint_30,-30.0,0.24323956389577522,-0.7819241070227957,1.0638120569246137,1592.3207998275757,0.0
8,waypoint_30,-30.0,0.24323956389577522,-0.7819241070227957,1.0638120569246137,498.74088168144226,0.0
9,waypoint_30,-30.0,0.24323956389577522,-0.7819241070227957,1.0638120569246137,1265.2066946029663,0.0
10,waypoint_30,-30.0,0.24323956389577522,-0.7819241070227957,1.0638120569246137,1093.154788017273,0.0
11,waypoint_30,-30.0,0.24323956389577522,-0.7819241070227957,1.0638120569246137,764.7324800491333,0.0
12,waypoint_30,-30.0,0.24323956389577522,-0.7819241070227957,1.0638120569246137,799.9204397201538,0.0
13,waypoint_30,-30.0,0.24323956389577522,-0.7819241070227957,1.0638120569246137,789.5694971084595,0.0
14,waypoint_30,-30.0,0.24323956389577522,-0.7819241070227957,1.0638120569246137,949.5741128921509,0.0
0,waypoint_31,-30.0,0.06323956389577612,-0.7565540276512385,1.0638120569246137,3960.571050643921,0.0
1,waypoint_31,-30.0,0.06323956389577612,-0.7565540276512385,1.0638120569246137,3193.214178085327,0.0
2,waypoint_31,-30.0,0.06323956389577612,-0.7565540276512385,1.0638120569246137,3131.3862800598145,0.0
3,waypoint_31,-30.0,0.06323956389577612,-0.7565540276512385,1.0638120569246137,1316.3723945617676,0.0
4,waypoint_31,-30.0,0.06323956389577612,-0.7565540276512385,1.0638120569246137,1493.3702945709229,0.0
5,waypoint_31,-30.0,0.06323956389577612,-0.7565540276512385,1.0638120569246137,2265.967607498169,0.0
6,waypoint_31,-30.0,0.06323956389577612,-0.7565540276512385,1.0638120569246137,2744.10080909729,0.0
7,waypoint_31,-30.0,0.06323956389577612,-0.7565540276512385,1.0638120569246137,1625.0988245010376,0.0
8,waypoint_31,-30.0,0.06323956389577612,-0.7565540276512385,1.0638120569246137,354.81470823287964,0.0
9,waypoint_31,-30.0,0.06323956389577612,-0.7565540276512385,1.0638120569246137,1114.4335269927979,0.0
10,waypoint_31,-30.0,0.06323956389577612,-0.7565540276512385,1.0638120569246137,933.6669445037842,0.0
11,waypoint_31,-30.0,0.06323956389577612,-0.7565540276512385,1.0638120569246137,642.0620083808899,0.0
12,waypoint_31,-30.0,0.06323956389577612,-0.7565540276512385,1.0638120569246137,695.3981518745422,0.0
13,waypoint_31,-30.0,0.06323956389577612,-0.7565540276512385,1.0638120569246137,673.720121383667,0.0
14,waypoint_31,-30.0,0.06323956389577612,-0.7565540276512385,1.0638120569246137,854.8024892807007,0.0
0,waypoint_31,-15.0,0.06323956389577612,-0.7565540276512385,1.0638120569246137,3998.4817504882812,0.0
1,waypoint_31,-15.0,0.06323956389577612,-0.7565540276512385,1.0638120569246137,3195.1191425323486,0.0
2,waypoint_31,-15.0,0.06323956389577612,-0.7565540276512385,1.0638120569246137,3087.667942047119,0.0
3,waypoint_31,-15.0,0.06323956389577612,-0.7565540276512385,1.0638120569246137,1402.021884918213,0.0
4,waypoint_31,-15.0,0.06323956389577612,-0.7565540276512385,1.0638120569246137,1493.9500093460083,0.0
5,waypoint_31,-15.0,0.06323956389577612,-0.7565540276512385,1.0638120569246137,2235.3053092956543,0.0
6,waypoint_31,-15.0,0.06323956389577612,-0.7565540276512385,1.0638120569246137,2707.3023319244385,0.0
7,waypoint_31,-15.0,0.06323956389577612,-0.7565540276512385,1.0638120569246137,1703.1164169311523,0.0
8,waypoint_31,-15.0,0.06323956389577612,-0.7565540276512385,1.0638120569246137,385.73986291885376,0.0
9,waypoint_31,-15.0,0.06323956389577612,-0.7565540276512385,1.0638120569246137,1068.3133602142334,0.0
10,waypoint_31,-15.0,0.06323956389577612,-0.7565540276512385,1.0638120569246137,935.8440637588501,0.0
11,waypoint_31,-15.0,0.06323956389577612,-0.7565540276512385,1.0638120569246137,640.0099396705627,0.0
12,waypoint_31,-15.0,0.06323956389577612,-0.7565540276512385,1.0638120569246137,662.4686121940613,0.0
13,waypoint_31,-15.0,0.06323956389577612,-0.7565540276512385,1.0638120569246137,658.2028865814209,0.0
14,waypoint_31,-15.0,0.06323956389577612,-0.7565540276512385,1.0638120569246137,920.2996492385864,0.0
0,waypoint_31,0.0,0.06323956389577612,-0.7565540276512385,1.0638120569246137,4049.4699478149414,0.0
1,waypoint_31,0.0,0.06323956389577612,-0.7565540276512385,1.0638120569246137,3198.7009048461914,0.0
2,waypoint_31,0.0,0.06323956389577612,-0.7565540276512385,1.0638120569246137,3135.755777359009,0.0
3,waypoint_31,0.0,0.06323956389577612,-0.7565540276512385,1.0638120569246137,1458.7173461914062,0.0
4,waypoint_31,0.0,0.06323956389577612,-0.7565540276512385,1.0638120569246137,1493.6435222625732,0.0
5,waypoint_31,0.0,0.06323956389577612,-0.7565540276512385,1.0638120569246137,1809.4494342803955,0.0
6,waypoint_31,0.0,0.06323956389577612,-0.7565540276512385,1.0638120569246137,2715.5981063842773,0.0
7,waypoint_31,0.0,0.06323956389577612,-0.7565540276512385,1.0638120569246137,1421.2783575057983,0.0
8,waypoint_31,0.0,0.06323956389577612,-0.7565540276512385,1.0638120569246137,401.2821912765503,0.0
9,waypoint_31,0.0,0.06323956389577612,-0.7565540276512385,1.0638120569246137,1046.3396310806274,0.0
10,waypoint_31,0.0,0.06323956389577612,-0.7565540276512385,1.0638120569246137,819.520115852356,0.0
11,waypoint_31,0.0,0.06323956389577612,-0.7565540276512385,1.0638120569246137,610.7629537582397,0.0
12,waypoint_31,0.0,0.06323956389577612,-0.7565540276512385,1.0638120569246137,622.6145625114441,0.0
13,waypoint_31,0.0,0.06323956389577612,-0.7565540276512385,1.0638120569246137,644.4138288497925,0.0
14,waypoint_31,0.0,0.06323956389577612,-0.7565540276512385,1.0638120569246137,820.0153112411499,0.0
0,waypoint_31,15.0,0.06323956389577612,-0.7565540276512385,1.0638120569246137,3996.267795562744,0.0
1,waypoint_31,15.0,0.06323956389577612,-0.7565540276512385,1.0638120569246137,3202.9941082000732,0.0
2,waypoint_31,15.0,0.06323956389577612,-0.7565540276512385,1.0638120569246137,3061.558246612549,0.0
3,waypoint_31,15.0,0.06323956389577612,-0.7565540276512385,1.0638120569246137,1440.276026725769,0.0
4,waypoint_31,15.0,0.06323956389577612,-0.7565540276512385,1.0638120569246137,1506.723165512085,0.0
5,waypoint_31,15.0,0.06323956389577612,-0.7565540276512385,1.0638120569246137,1725.7052659988403,0.0
6,waypoint_31,15.0,0.06323956389577612,-0.7565540276512385,1.0638120569246137,2709.4674110412598,0.0
7,waypoint_31,15.0,0.06323956389577612,-0.7565540276512385,1.0638120569246137,1796.2538003921509,0.0
8,waypoint_31,15.0,0.06323956389577612,-0.7565540276512385,1.0638120569246137,405.6698977947235,0.0
9,waypoint_31,15.0,0.06323956389577612,-0.7565540276512385,1.0638120569246137,908.1040620803833,0.0
10,waypoint_31,15.0,0.06323956389577612,-0.7565540276512385,1.0638120569246137,802.7204275131226,0.0
11,waypoint_31,15.0,0.06323956389577612,-0.7565540276512385,1.0638120569246137,577.6223540306091,0.0
12,waypoint_31,15.0,0.06323956389577612,-0.7565540276512385,1.0638120569246137,591.6725397109985,0.0
13,waypoint_31,15.0,0.06323956389577612,-0.7565540276512385,1.0638120569246137,632.9231858253479,0.0
14,waypoint_31,15.0,0.06323956389577612,-0.7565540276512385,1.0638120569246137,751.2511014938354,0.0
0,waypoint_31,30.0,0.06323956389577612,-0.7565540276512385,1.0638120569246137,4093.308925628662,0.0
1,waypoint_31,30.0,0.06323956389577612,-0.7565540276512385,1.0638120569246137,3207.0226669311523,0.0
2,waypoint_31,30.0,0.06323956389577612,-0.7565540276512385,1.0638120569246137,3115.572929382324,0.0
3,waypoint_31,30.0,0.06323956389577612,-0.7565540276512385,1.0638120569246137,1433.3442449569702,0.0
4,waypoint_31,30.0,0.06323956389577612,-0.7565540276512385,1.0638120569246137,1539.3106937408447,0.0
5,waypoint_31,30.0,0.06323956389577612,-0.7565540276512385,1.0638120569246137,1810.4004859924316,0.0
6,waypoint_31,30.0,0.06323956389577612,-0.7565540276512385,1.0638120569246137,2711.2698554992676,0.0
7,waypoint_31,30.0,0.06323956389577612,-0.7565540276512385,1.0638120569246137,1714.2013311386108,0.0
8,waypoint_31,30.0,0.06323956389577612,-0.7565540276512385,1.0638120569246137,511.51883602142334,0.0
9,waypoint_31,30.0,0.06323956389577612,-0.7565540276512385,1.0638120569246137,866.7075634002686,0.0
10,waypoint_31,30.0,0.06323956389577612,-0.7565540276512385,1.0638120569246137,791.3209795951843,0.0
11,waypoint_31,30.0,0.06323956389577612,-0.7565540276512385,1.0638120569246137,539.5263433456421,0.0
12,waypoint_31,30.0,0.06323956389577612,-0.7565540276512385,1.0638120569246137,561.2480044364929,0.0
13,waypoint_31,30.0,0.06323956389577612,-0.7565540276512385,1.0638120569246137,621.5196251869202,0.0
14,waypoint_31,30.0,0.06323956389577612,-0.7565540276512385,1.0638120569246137,781.5099954605103,0.0
0,waypoint_32,30.0,0.08323956389577569,-0.7565540276512385,1.0638120569246137,4096.691131591797,0.0
1,waypoint_32,30.0,0.08323956389577569,-0.7565540276512385,1.0638120569246137,3206.721305847168,0.0
2,waypoint_32,30.0,0.08323956389577569,-0.7565540276512385,1.0638120569246137,3047.8203296661377,0.0
3,waypoint_32,30.0,0.08323956389577569,-0.7565540276512385,1.0638120569246137,1434.3222379684448,0.0
4,waypoint_32,30.0,0.08323956389577569,-0.7565540276512385,1.0638120569246137,1512.430191040039,0.0
5,waypoint_32,30.0,0.08323956389577569,-0.7565540276512385,1.0638120569246137,1800.4021644592285,0.0
6,waypoint_32,30.0,0.08323956389577569,-0.7565540276512385,1.0638120569246137,2698.5223293304443,0.0
7,waypoint_32,30.0,0.08323956389577569,-0.7565540276512385,1.0638120569246137,1666.027545928955,0.0
8,waypoint_32,30.0,0.08323956389577569,-0.7565540276512385,1.0638120569246137,508.9244842529297,0.0
9,waypoint_32,30.0,0.08323956389577569,-0.7565540276512385,1.0638120569246137,886.861264705658,0.0
10,waypoint_32,30.0,0.08323956389577569,-0.7565540276512385,1.0638120569246137,816.7329430580139,0.0
11,waypoint_32,30.0,0.08323956389577569,-0.7565540276512385,1.0638120569246137,565.7488107681274,0.0
12,waypoint_32,30.0,0.08323956389577569,-0.7565540276512385,1.0638120569246137,570.550799369812,0.0
13,waypoint_32,30.0,0.08323956389577569,-0.7565540276512385,1.0638120569246137,630.7365894317627,0.0
14,waypoint_32,30.0,0.08323956389577569,-0.7565540276512385,1.0638120569246137,754.0957927703857,0.0
0,waypoint_32,15.0,0.08323956389577569,-0.7565540276512385,1.0638120569246137,4090.958595275879,0.0
1,waypoint_32,15.0,0.08323956389577569,-0.7565540276512385,1.0638120569246137,3202.7015686035156,0.0
2,waypoint_32,15.0,0.08323956389577569,-0.7565540276512385,1.0638120569246137,3141.666889190674,0.0
3,waypoint_32,15.0,0.08323956389577569,-0.7565540276512385,1.0638120569246137,1412.2562408447266,0.0
4,waypoint_32,15.0,0.08323956389577569,-0.7565540276512385,1.0638120569246137,1486.6418838500977,0.0
5,waypoint_32,15.0,0.08323956389577569,-0.7565540276512385,1.0638120569246137,1715.5870199203491,0.0
6,waypoint_32,15.0,0.08323956389577569,-0.7565540276512385,1.0638120569246137,2696.744441986084,0.0
7,waypoint_32,15.0,0.08323956389577569,-0.7565540276512385,1.0638120569246137,1803.218960762024,0.0
8,waypoint_32,15.0,0.08323956389577569,-0.7565540276512385,1.0638120569246137,433.623731136322,0.0
9,waypoint_32,15.0,0.08323956389577569,-0.7565540276512385,1.0638120569246137,926.7779588699341,0.0
10,waypoint_32,15.0,0.08323956389577569,-0.7565540276512385,1.0638120569246137,828.6093473434448,0.0
11,waypoint_32,15.0,0.08323956389577569,-0.7565540276512385,1.0638120569246137,587.123453617096,0.0
12,waypoint_32,15.0,0.08323956389577569,-0.7565540276512385,1.0638120569246137,600.1353859901428,0.0
13,waypoint_32,15.0,0.08323956389577569,-0.7565540276512385,1.0638120569246137,640.1470303535461,0.0
14,waypoint_32,15.0,0.08323956389577569,-0.7565540276512385,1.0638120569246137,781.6598415374756,0.0
0,waypoint_32,0.0,0.08323956389577569,-0.7565540276512385,1.0638120569246137,3999.7618198394775,0.0
1,waypoint_32,0.0,0.08323956389577569,-0.7565540276512385,1.0638120569246137,3198.44126701355,0.0
2,waypoint_32,0.0,0.08323956389577569,-0.7565540276512385,1.0638120569246137,3057.1422576904297,0.0
3,waypoint_32,0.0,0.08323956389577569,-0.7565540276512385,1.0638120569246137,1458.9158296585083,0.0
4,waypoint_32,0.0,0.08323956389577569,-0.7565540276512385,1.0638120569246137,1473.4736680984497,0.0
5,waypoint_32,0.0,0.08323956389577569,-0.7565540276512385,1.0638120569246137,1791.8742895126343,0.0
6,waypoint_32,0.0,0.08323956389577569,-0.7565540276512385,1.0638120569246137,2693.958282470703,0.0
7,waypoint_32,0.0,0.08323956389577569,-0.7565540276512385,1.0638120569246137,1828.1943798065186,0.0
8,waypoint_32,0.0,0.08323956389577569,-0.7565540276512385,1.0638120569246137,410.88566184043884,0.0
9,waypoint_32,0.0,0.08323956389577569,-0.7565540276512385,1.0638120569246137,991.1695122718811,0.0
10,waypoint_32,0.0,0.08323956389577569,-0.7565540276512385,1.0638120569246137,839.7316336631775,0.0
11,waypoint_32,0.0,0.08323956389577569,-0.7565540276512385,1.0638120569246137,599.0071296691895,0.0
12,waypoint_32,0.0,0.08323956389577569,-0.7565540276512385,1.0638120569246137,630.2585005760193,0.0
13,waypoint_32,0.0,0.08323956389577569,-0.7565540276512385,1.0638120569246137,653.1543731689453,0.0
14,waypoint_32,0.0,0.08323956389577569,-0.7565540276512385,1.0638120569246137,824.8607516288757,0.0
0,waypoint_32,-15.0,0.08323956389577569,-0.7565540276512385,1.0638120569246137,3999.835252761841,0.0
1,waypoint_32,-15.0,0.08323956389577569,-0.7565540276512385,1.0638120569246137,3194.936513900757,0.0
2,waypoint_32,-15.0,0.08323956389577569,-0.7565540276512385,1.0638120569246137,3055.264949798584,0.0
3,waypoint_32,-15.0,0.08323956389577569,-0.7565540276512385,1.0638120569246137,1408.4954261779785,0.0
4,waypoint_32,-15.0,0.08323956389577569,-0.7565540276512385,1.0638120569246137,1476.180076599121,0.0
5,waypoint_32,-15.0,0.08323956389577569,-0.7565540276512385,1.0638120569246137,2229.637622833252,0.0
6,waypoint_32,-15.0,0.08323956389577569,-0.7565540276512385,1.0638120569246137,2688.4851455688477,0.0
7,waypoint_32,-15.0,0.08323956389577569,-0.7565540276512385,1.0638120569246137,1890.3478384017944,0.0
8,waypoint_32,-15.0,0.08323956389577569,-0.7565540276512385,1.0638120569246137,406.69766068458557,0.0
9,waypoint_32,-15.0,0.08323956389577569,-0.7565540276512385,1.0638120569246137,1081.2829732894897,0.0
10,waypoint_32,-15.0,0.08323956389577569,-0.7565540276512385,1.0638120569246137,850.3711819648743,0.0
11,waypoint_32,-15.0,0.08323956389577569,-0.7565540276512385,1.0638120569246137,623.4814524650574,0.0
12,waypoint_32,-15.0,0.08323956389577569,-0.7565540276512385,1.0638120569246137,665.8822298049927,0.0
13,waypoint_32,-15.0,0.08323956389577569,-0.7565540276512385,1.0638120569246137,666.452169418335,0.0
14,waypoint_32,-15.0,0.08323956389577569,-0.7565540276512385,1.0638120569246137,926.3677000999451,0.0
0,waypoint_32,-30.0,0.08323956389577569,-0.7565540276512385,1.0638120569246137,3977.3802757263184,0.0
1,waypoint_32,-30.0,0.08323956389577569,-0.7565540276512385,1.0638120569246137,3193.1474208831787,0.0
2,waypoint_32,-30.0,0.08323956389577569,-0.7565540276512385,1.0638120569246137,3176.9094467163086,0.0
3,waypoint_32,-30.0,0.08323956389577569,-0.7565540276512385,1.0638120569246137,1277.7103185653687,0.0
4,waypoint_32,-30.0,0.08323956389577569,-0.7565540276512385,1.0638120569246137,1480.1894426345825,0.0
5,waypoint_32,-30.0,0.08323956389577569,-0.7565540276512385,1.0638120569246137,2260.7338428497314,0.0
6,waypoint_32,-30.0,0.08323956389577569,-0.7565540276512385,1.0638120569246137,2713.7537002563477,0.0
7,waypoint_32,-30.0,0.08323956389577569,-0.7565540276512385,1.0638120569246137,1756.477952003479,0.0
8,waypoint_32,-30.0,0.08323956389577569,-0.7565540276512385,1.0638120569246137,378.9377212524414,0.0
9,waypoint_32,-30.0,0.08323956389577569,-0.7565540276512385,1.0638120569246137,1124.4146823883057,0.0
10,waypoint_32,-30.0,0.08323956389577569,-0.7565540276512385,1.0638120569246137,949.1214752197266,0.0
11,waypoint_32,-30.0,0.08323956389577569,-0.7565540276512385,1.0638120569246137,653.2463431358337,0.0
12,waypoint_32,-30.0,0.08323956389577569,-0.7565540276512385,1.0638120569246137,701.7689347267151,0.0
13,waypoint_32,-30.0,0.08323956389577569,-0.7565540276512385,1.0638120569246137,681.7457675933838,0.0
14,waypoint_32,-30.0,0.08323956389577569,-0.7565540276512385,1.0638120569246137,936.8574619293213,0.0
0,waypoint_33,-30.0,0.10323956389577549,-0.7565540276512385,1.0638120569246137,4026.5626907348633,0.0
1,waypoint_33,-30.0,0.10323956389577549,-0.7565540276512385,1.0638120569246137,3193.190097808838,0.0
2,waypoint_33,-30.0,0.10323956389577549,-0.7565540276512385,1.0638120569246137,3131.2355995178223,0.0
3,waypoint_33,-30.0,0.10323956389577549,-0.7565540276512385,1.0638120569246137,1251.8943548202515,0.0
4,waypoint_33,-30.0,0.10323956389577549,-0.7565540276512385,1.0638120569246137,1461.2497091293335,0.0
5,waypoint_33,-30.0,0.10323956389577549,-0.7565540276512385,1.0638120569246137,2255.9335231781006,0.0
6,waypoint_33,-30.0,0.10323956389577549,-0.7565540276512385,1.0638120569246137,2697.7953910827637,0.0
7,waypoint_33,-30.0,0.10323956389577549,-0.7565540276512385,1.0638120569246137,1672.3906993865967,0.0
8,waypoint_33,-30.0,0.10323956389577549,-0.7565540276512385,1.0638120569246137,392.3647105693817,0.0
9,waypoint_33,-30.0,0.10323956389577549,-0.7565540276512385,1.0638120569246137,1139.1589641571045,0.0
10,waypoint_33,-30.0,0.10323956389577549,-0.7565540276512385,1.0638120569246137,964.857280254364,0.0
11,waypoint_33,-30.0,0.10323956389577549,-0.7565540276512385,1.0638120569246137,664.690375328064,0.0
12,waypoint_33,-30.0,0.10323956389577549,-0.7565540276512385,1.0638120569246137,710.3371024131775,0.0
13,waypoint_33,-30.0,0.10323956389577549,-0.7565540276512385,1.0638120569246137,691.6220188140869,0.0
14,waypoint_33,-30.0,0.10323956389577549,-0.7565540276512385,1.0638120569246137,890.5733823776245,0.0
0,waypoint_33,-15.0,0.10323956389577549,-0.7565540276512385,1.0638120569246137,4020.598888397217,0.0
1,waypoint_33,-15.0,0.10323956389577549,-0.7565540276512385,1.0638120569246137,3194.8676109313965,0.0
2,waypoint_33,-15.0,0.10323956389577549,-0.7565540276512385,1.0638120569246137,3144.1235542297363,0.0
3,waypoint_33,-15.0,0.10323956389577549,-0.7565540276512385,1.0638120569246137,1427.8382062911987,0.0
4,waypoint_33,-15.0,0.10323956389577549,-0.7565540276512385,1.0638120569246137,1449.5279788970947,0.0
5,waypoint_33,-15.0,0.10323956389577549,-0.7565540276512385,1.0638120569246137,2223.212242126465,0.0
6,waypoint_33,-15.0,0.10323956389577549,-0.7565540276512385,1.0638120569246137,2662.5900268554688,0.0
7,waypoint_33,-15.0,0.10323956389577549,-0.7565540276512385,1.0638120569246137,2030.5402278900146,0.0
8,waypoint_33,-15.0,0.10323956389577549,-0.7565540276512385,1.0638120569246137,409.418523311615,0.0
9,waypoint_33,-15.0,0.10323956389577549,-0.7565540276512385,1.0638120569246137,1099.039077758789,0.0
10,waypoint_33,-15.0,0.10323956389577549,-0.7565540276512385,1.0638120569246137,966.4968848228455,0.0
11,waypoint_33,-15.0,0.10323956389577549,-0.7565540276512385,1.0638120569246137,662.9964709281921,0.0
12,waypoint_33,-15.0,0.10323956389577549,-0.7565540276512385,1.0638120569246137,677.4745583534241,0.0
13,waypoint_33,-15.0,0.10323956389577549,-0.7565540276512385,1.0638120569246137,676.4196157455444,0.0
14,waypoint_33,-15.0,0.10323956389577549,-0.7565540276512385,1.0638120569246137,816.8633580207825,0.0
0,waypoint_33,0.0,0.10323956389577549,-0.7565540276512385,1.0638120569246137,4069.0202713012695,0.0
1,waypoint_33,0.0,0.10323956389577549,-0.7565540276512385,1.0638120569246137,3198.2948780059814,0.0
2,waypoint_33,0.0,0.10323956389577549,-0.7565540276512385,1.0638120569246137,3103.0373573303223,0.0
3,waypoint_33,0.0,0.10323956389577549,-0.7565540276512385,1.0638120569246137,1376.9829273223877,0.0
4,waypoint_33,0.0,0.10323956389577549,-0.7565540276512385,1.0638120569246137,1483.4754467010498,0.0
5,waypoint_33,0.0,0.10323956389577549,-0.7565540276512385,1.0638120569246137,1797.9307174682617,0.0
6,waypoint_33,0.0,0.10323956389577549,-0.7565540276512385,1.0638120569246137,2668.498754501343,0.0
7,waypoint_33,0.0,0.10323956389577549,-0.7565540276512385,1.0638120569246137,1773.2422351837158,0.0
8,waypoint_33,0.0,0.10323956389577549,-0.7565540276512385,1.0638120569246137,438.968688249588,0.0
9,waypoint_33,0.0,0.10323956389577549,-0.7565540276512385,1.0638120569246137,1064.0625953674316,0.0
10,waypoint_33,0.0,0.10323956389577549,-0.7565540276512385,1.0638120569246137,966.6559100151062,0.0
11,waypoint_33,0.0,0.10323956389577549,-0.7565540276512385,1.0638120569246137,633.8315606117249,0.0
12,waypoint_33,0.0,0.10323956389577549,-0.7565540276512385,1.0638120569246137,638.4698748588562,0.0
13,waypoint_33,0.0,0.10323956389577549,-0.7565540276512385,1.0638120569246137,663.0489230155945,0.0
14,waypoint_33,0.0,0.10323956389577549,-0.7565540276512385,1.0638120569246137,819.7609186172485,0.0
0,waypoint_33,15.0,0.10323956389577549,-0.7565540276512385,1.0638120569246137,4029.3049812316895,0.0
1,waypoint_33,15.0,0.10323956389577549,-0.7565540276512385,1.0638120569246137,3202.5084495544434,0.0
2,waypoint_33,15.0,0.10323956389577549,-0.7565540276512385,1.0638120569246137,3070.7314014434814,0.0
3,waypoint_33,15.0,0.10323956389577549,-0.7565540276512385,1.0638120569246137,1403.1120538711548,0.0
4,waypoint_33,15.0,0.10323956389577549,-0.7565540276512385,1.0638120569246137,1466.7216539382935,0.0
5,waypoint_33,15.0,0.10323956389577549,-0.7565540276512385,1.0638120569246137,1705.621838569641,0.0
6,waypoint_33,15.0,0.10323956389577549,-0.7565540276512385,1.0638120569246137,2674.402952194214,0.0
7,waypoint_33,15.0,0.10323956389577549,-0.7565540276512385,1.0638120569246137,1542.0578718185425,0.0
8,waypoint_33,15.0,0.10323956389577549,-0.7565540276512385,1.0638120569246137,433.40060114860535,0.0
9,waypoint_33,15.0,0.10323956389577549,-0.7565540276512385,1.0638120569246137,946.7251300811768,0.0
10,waypoint_33,15.0,0.10323956389577549,-0.7565540276512385,1.0638120569246137,857.6814532279968,0.0
11,waypoint_33,15.0,0.10323956389577549,-0.7565540276512385,1.0638120569246137,602.9769778251648,0.0
12,waypoint_33,15.0,0.10323956389577549,-0.7565540276512385,1.0638120569246137,607.5437664985657,0.0
13,waypoint_33,15.0,0.10323956389577549,-0.7565540276512385,1.0638120569246137,652.1539688110352,0.0
14,waypoint_33,15.0,0.10323956389577549,-0.7565540276512385,1.0638120569246137,747.4015355110168,0.0
0,waypoint_33,30.0,0.10323956389577549,-0.7565540276512385,1.0638120569246137,4040.8945083618164,0.0
1,waypoint_33,30.0,0.10323956389577549,-0.7565540276512385,1.0638120569246137,3206.5224647521973,0.0
2,waypoint_33,30.0,0.10323956389577549,-0.7565540276512385,1.0638120569246137,3106.1131954193115,0.0
3,waypoint_33,30.0,0.10323956389577549,-0.7565540276512385,1.0638120569246137,1395.8688974380493,0.0
4,waypoint_33,30.0,0.10323956389577549,-0.7565540276512385,1.0638120569246137,1494.165539741516,0.0
5,waypoint_33,30.0,0.10323956389577549,-0.7565540276512385,1.0638120569246137,1790.5464172363281,0.0
6,waypoint_33,30.0,0.10323956389577549,-0.7565540276512385,1.0638120569246137,2661.9818210601807,0.0
7,waypoint_33,30.0,0.10323956389577549,-0.7565540276512385,1.0638120569246137,1484.6454858779907,0.0
8,waypoint_33,30.0,0.10323956389577549,-0.7565540276512385,1.0638120569246137,506.8427324295044,0.0
9,waypoint_33,30.0,0.10323956389577549,-0.7565540276512385,1.0638120569246137,916.5070056915283,0.0
10,waypoint_33,30.0,0.10323956389577549,-0.7565540276512385,1.0638120569246137,843.4825539588928,0.0
11,waypoint_33,30.0,0.10323956389577549,-0.7565540276512385,1.0638120569246137,579.1581869125366,0.0
12,waypoint_33,30.0,0.10323956389577549,-0.7565540276512385,1.0638120569246137,578.4203410148621,0.0
13,waypoint_33,30.0,0.10323956389577549,-0.7565540276512385,1.0638120569246137,640.3617262840271,0.0
14,waypoint_33,30.0,0.10323956389577549,-0.7565540276512385,1.0638120569246137,728.6688685417175,0.0
0,waypoint_34,30.0,0.123239563895776,-0.7565540276512385,1.0638120569246137,4071.3796615600586,0.0
1,waypoint_34,30.0,0.123239563895776,-0.7565540276512385,1.0638120569246137,3206.4332962036133,0.0
2,waypoint_34,30.0,0.123239563895776,-0.7565540276512385,1.0638120569246137,2997.5311756134033,0.0
3,waypoint_34,30.0,0.123239563895776,-0.7565540276512385,1.0638120569246137,1420.6827878952026,0.0
4,waypoint_34,30.0,0.123239563895776,-0.7565540276512385,1.0638120569246137,1470.7545042037964,0.0
5,waypoint_34,30.0,0.123239563895776,-0.7565540276512385,1.0638120569246137,1780.8083295822144,0.0
6,waypoint_34,30.0,0.123239563895776,-0.7565540276512385,1.0638120569246137,2636.233329772949,0.0
7,waypoint_34,30.0,0.123239563895776,-0.7565540276512385,1.0638120569246137,1693.5508251190186,0.0
8,waypoint_34,30.0,0.123239563895776,-0.7565540276512385,1.0638120569246137,517.5367593765259,0.0
9,waypoint_34,30.0,0.123239563895776,-0.7565540276512385,1.0638120569246137,935.3118538856506,0.0
10,waypoint_34,30.0,0.123239563895776,-0.7565540276512385,1.0638120569246137,865.8493757247925,0.0
11,waypoint_34,30.0,0.123239563895776,-0.7565540276512385,1.0638120569246137,592.7404761314392,0.0
12,waypoint_34,30.0,0.123239563895776,-0.7565540276512385,1.0638120569246137,588.7853503227234,0.0
13,waypoint_34,30.0,0.123239563895776,-0.7565540276512385,1.0638120569246137,650.7397890090942,0.0
14,waypoint_34,30.0,0.123239563895776,-0.7565540276512385,1.0638120569246137,706.1642408370972,0.0
0,waypoint_34,15.0,0.123239563895776,-0.7565540276512385,1.0638120569246137,4051.480770111084,0.0
1,waypoint_34,15.0,0.123239563895776,-0.7565540276512385,1.0638120569246137,3202.4290561676025,0.0
2,waypoint_34,15.0,0.123239563895776,-0.7565540276512385,1.0638120569246137,3066.537618637085,0.0
3,waypoint_34,15.0,0.123239563895776,-0.7565540276512385,1.0638120569246137,1363.1436824798584,0.0
4,waypoint_34,15.0,0.123239563895776,-0.7565540276512385,1.0638120569246137,1446.8791484832764,0.0
5,waypoint_34,15.0,0.123239563895776,-0.7565540276512385,1.0638120569246137,1695.799469947815,0.0
6,waypoint_34,15.0,0.123239563895776,-0.7565540276512385,1.0638120569246137,2656.9571495056152,0.0
7,waypoint_34,15.0,0.123239563895776,-0.7565540276512385,1.0638120569246137,1620.2523708343506,0.0
8,waypoint_34,15.0,0.123239563895776,-0.7565540276512385,1.0638120569246137,460.81751585006714,0.0
9,waypoint_34,15.0,0.123239563895776,-0.7565540276512385,1.0638120569246137,967.4047827720642,0.0
10,waypoint_34,15.0,0.123239563895776,-0.7565540276512385,1.0638120569246137,878.5328269004822,0.0
11,waypoint_34,15.0,0.123239563895776,-0.7565540276512385,1.0638120569246137,610.9647154808044,0.0
12,waypoint_34,15.0,0.123239563895776,-0.7565540276512385,1.0638120569246137,617.2382235527039,0.0
13,waypoint_34,15.0,0.123239563895776,-0.7565540276512385,1.0638120569246137,659.8440408706665,0.0
14,waypoint_34,15.0,0.123239563895776,-0.7565540276512385,1.0638120569246137,744.7919249534607,0.0
0,waypoint_34,0.0,0.123239563895776,-0.7565540276512385,1.0638120569246137,4051.9566535949707,0.0
1,waypoint_34,0.0,0.123239563895776,-0.7565540276512385,1.0638120569246137,3198.2626914978027,0.0
2,waypoint_34,0.0,0.123239563895776,-0.7565540276512385,1.0638120569246137,3052.5338649749756,0.0
3,waypoint_34,0.0,0.123239563895776,-0.7565540276512385,1.0638120569246137,1391.2687301635742,0.0
4,waypoint_34,0.0,0.123239563895776,-0.7565540276512385,1.0638120569246137,1433.9540004730225,0.0
5,waypoint_34,0.0,0.123239563895776,-0.7565540276512385,1.0638120569246137,1779.2516946792603,0.0
6,waypoint_34,0.0,0.123239563895776,-0.7565540276512385,1.0638120569246137,2647.885322570801,0.0
7,waypoint_34,0.0,0.123239563895776,-0.7565540276512385,1.0638120569246137,1746.25825881958,0.0
8,waypoint_34,0.0,0.123239563895776,-0.7565540276512385,1.0638120569246137,458.2130014896393,0.0
9,waypoint_34,0.0,0.123239563895776,-0.7565540276512385,1.0638120569246137,1027.138590812683,0.0
10,waypoint_34,0.0,0.123239563895776,-0.7565540276512385,1.0638120569246137,886.7955207824707,0.0
11,waypoint_34,0.0,0.123239563895776,-0.7565540276512385,1.0638120569246137,625.5436539649963,0.0
12,waypoint_34,0.0,0.123239563895776,-0.7565540276512385,1.0638120569246137,647.267758846283,0.0
13,waypoint_34,0.0,0.123239563895776,-0.7565540276512385,1.0638120569246137,672.6503372192383,0.0
14,waypoint_34,0.0,0.123239563895776,-0.7565540276512385,1.0638120569246137,816.7808651924133,0.0
0,waypoint_34,-15.0,0.123239563895776,-0.7565540276512385,1.0638120569246137,4019.5159912109375,0.0
1,waypoint_34,-15.0,0.123239563895776,-0.7565540276512385,1.0638120569246137,3194.9121952056885,0.0
2,waypoint_34,-15.0,0.123239563895776,-0.7565540276512385,1.0638120569246137,3031.508207321167,0.0
3,waypoint_34,-15.0,0.123239563895776,-0.7565540276512385,1.0638120569246137,1407.6310396194458,0.0
4,waypoint_34,-15.0,0.123239563895776,-0.7565540276512385,1.0638120569246137,1421.1868047714233,0.0
5,waypoint_34,-15.0,0.123239563895776,-0.7565540276512385,1.0638120569246137,2217.9718017578125,0.0
6,waypoint_34,-15.0,0.123239563895776,-0.7565540276512385,1.0638120569246137,2646.739959716797,0.0
7,waypoint_34,-15.0,0.123239563895776,-0.7565540276512385,1.0638120569246137,1820.5198049545288,0.0
8,waypoint_34,-15.0,0.123239563895776,-0.7565540276512385,1.0638120569246137,421.3840961456299,0.0
9,waypoint_34,-15.0,0.123239563895776,-0.7565540276512385,1.0638120569246137,1117.936372756958,0.0
10,waypoint_34,-15.0,0.123239563895776,-0.7565540276512385,1.0638120569246137,932.5279593467712,0.0
11,waypoint_34,-15.0,0.123239563895776,-0.7565540276512385,1.0638120569246137,646.3449001312256,0.0
12,waypoint_34,-15.0,0.123239563895776,-0.7565540276512385,1.0638120569246137,680.7520985603333,0.0
13,waypoint_34,-15.0,0.123239563895776,-0.7565540276512385,1.0638120569246137,685.6181621551514,0.0
14,waypoint_34,-15.0,0.123239563895776,-0.7565540276512385,1.0638120569246137,861.6939187049866,0.0
0,waypoint_34,-30.0,0.123239563895776,-0.7565540276512385,1.0638120569246137,4014.072895050049,0.0
1,waypoint_34,-30.0,0.123239563895776,-0.7565540276512385,1.0638120569246137,3193.3441162109375,0.0
2,waypoint_34,-30.0,0.123239563895776,-0.7565540276512385,1.0638120569246137,3105.9603691101074,0.0
3,waypoint_34,-30.0,0.123239563895776,-0.7565540276512385,1.0638120569246137,1251.0600090026855,0.0
4,waypoint_34,-30.0,0.123239563895776,-0.7565540276512385,1.0638120569246137,1424.7552156448364,0.0
5,waypoint_34,-30.0,0.123239563895776,-0.7565540276512385,1.0638120569246137,2251.7905235290527,0.0
6,waypoint_34,-30.0,0.123239563895776,-0.7565540276512385,1.0638120569246137,2678.187370300293,0.0
7,waypoint_34,-30.0,0.123239563895776,-0.7565540276512385,1.0638120569246137,1781.9316387176514,0.0
8,waypoint_34,-30.0,0.123239563895776,-0.7565540276512385,1.0638120569246137,403.2905399799347,0.0
9,waypoint_34,-30.0,0.123239563895776,-0.7565540276512385,1.0638120569246137,1154.0732383728027,0.0
10,waypoint_34,-30.0,0.123239563895776,-0.7565540276512385,1.0638120569246137,981.6209077835083,0.0
11,waypoint_34,-30.0,0.123239563895776,-0.7565540276512385,1.0638120569246137,671.9331741333008,0.0
12,waypoint_34,-30.0,0.123239563895776,-0.7565540276512385,1.0638120569246137,717.9997563362122,0.0
13,waypoint_34,-30.0,0.123239563895776,-0.7565540276512385,1.0638120569246137,700.6157040596008,0.0
14,waypoint_34,-30.0,0.123239563895776,-0.7565540276512385,1.0638120569246137,902.1333456039429,0.0
0,waypoint_35,-30.0,0.14323956389577558,-0.7565540276512385,1.0638120569246137,4037.458896636963,0.0
1,waypoint_35,-30.0,0.14323956389577558,-0.7565540276512385,1.0638120569246137,3193.6185359954834,0.0
2,waypoint_35,-30.0,0.14323956389577558,-0.7565540276512385,1.0638120569246137,3121.706008911133,0.0
3,waypoint_35,-30.0,0.14323956389577558,-0.7565540276512385,1.0638120569246137,1230.118989944458,0.0
4,waypoint_35,-30.0,0.14323956389577558,-0.7565540276512385,1.0638120569246137,1417.257308959961,0.0
5,waypoint_35,-30.0,0.14323956389577558,-0.7565540276512385,1.0638120569246137,2247.1110820770264,0.0
6,waypoint_35,-30.0,0.14323956389577558,-0.7565540276512385,1.0638120569246137,2654.2093753814697,0.0
7,waypoint_35,-30.0,0.14323956389577558,-0.7565540276512385,1.0638120569246137,1484.850525856018,0.0
8,waypoint_35,-30.0,0.14323956389577558,-0.7565540276512385,1.0638120569246137,427.7147948741913,0.0
9,waypoint_35,-30.0,0.14323956389577558,-0.7565540276512385,1.0638120569246137,1169.131875038147,0.0
10,waypoint_35,-30.0,0.14323956389577558,-0.7565540276512385,1.0638120569246137,997.5994825363159,0.0
11,waypoint_35,-30.0,0.14323956389577558,-0.7565540276512385,1.0638120569246137,684.1985583305359,0.0
12,waypoint_35,-30.0,0.14323956389577558,-0.7565540276512385,1.0638120569246137,727.5147438049316,0.0
13,waypoint_35,-30.0,0.14323956389577558,-0.7565540276512385,1.0638120569246137,711.3770842552185,0.0
14,waypoint_35,-30.0,0.14323956389577558,-0.7565540276512385,1.0638120569246137,895.5726623535156,0.0
0,waypoint_35,-15.0,0.14323956389577558,-0.7565540276512385,1.0638120569246137,4060.4634284973145,0.0
1,waypoint_35,-15.0,0.14323956389577558,-0.7565540276512385,1.0638120569246137,3195.066213607788,0.0
2,waypoint_35,-15.0,0.14323956389577558,-0.7565540276512385,1.0638120569246137,3046.3128089904785,0.0
3,waypoint_35,-15.0,0.14323956389577558,-0.7565540276512385,1.0638120569246137,1364.8637533187866,0.0
4,waypoint_35,-15.0,0.14323956389577558,-0.7565540276512385,1.0638120569246137,1415.6749248504639,0.0
5,waypoint_35,-15.0,0.14323956389577558,-0.7565540276512385,1.0638120569246137,2212.374687194824,0.0
6,waypoint_35,-15.0,0.14323956389577558,-0.7565540276512385,1.0638120569246137,2633.3189010620117,0.0
7,waypoint_35,-15.0,0.14323956389577558,-0.7565540276512385,1.0638120569246137,1642.6942348480225,0.0
8,waypoint_35,-15.0,0.14323956389577558,-0.7565540276512385,1.0638120569246137,415.61710834503174,0.0
9,waypoint_35,-15.0,0.14323956389577558,-0.7565540276512385,1.0638120569246137,1128.1158924102783,0.0
10,waypoint_35,-15.0,0.14323956389577558,-0.7565540276512385,1.0638120569246137,999.2323517799377,0.0
11,waypoint_35,-15.0,0.14323956389577558,-0.7565540276512385,1.0638120569246137,682.9774379730225,0.0
12,waypoint_35,-15.0,0.14323956389577558,-0.7565540276512385,1.0638120569246137,696.0849165916443,0.0
13,waypoint_35,-15.0,0.14323956389577558,-0.7565540276512385,1.0638120569246137,696.4563727378845,0.0
14,waypoint_35,-15.0,0.14323956389577558,-0.7565540276512385,1.0638120569246137,902.1093845367432,0.0
0,waypoint_35,0.0,0.14323956389577558,-0.7565540276512385,1.0638120569246137,4085.049629211426,0.0
1,waypoint_35,0.0,0.14323956389577558,-0.7565540276512385,1.0638120569246137,3198.331832885742,0.0
2,waypoint_35,0.0,0.14323956389577558,-0.7565540276512385,1.0638120569246137,3062.729597091675,0.0
3,waypoint_35,0.0,0.14323956389577558,-0.7565540276512385,1.0638120569246137,1390.9246921539307,0.0
4,waypoint_35,0.0,0.14323956389577558,-0.7565540276512385,1.0638120569246137,1414.0654802322388,0.0
5,waypoint_35,0.0,0.14323956389577558,-0.7565540276512385,1.0638120569246137,1786.8503332138062,0.0
6,waypoint_35,0.0,0.14323956389577558,-0.7565540276512385,1.0638120569246137,2640.7172679901123,0.0
7,waypoint_35,0.0,0.14323956389577558,-0.7565540276512385,1.0638120569246137,1689.7926330566406,0.0
8,waypoint_35,0.0,0.14323956389577558,-0.7565540276512385,1.0638120569246137,474.36651587486267,0.0
9,waypoint_35,0.0,0.14323956389577558,-0.7565540276512385,1.0638120569246137,1109.8190546035767,0.0
10,waypoint_35,0.0,0.14323956389577558,-0.7565540276512385,1.0638120569246137,1000.6667375564575,0.0
11,waypoint_35,0.0,0.14323956389577558,-0.7565540276512385,1.0638120569246137,664.0365719795227,0.0
12,waypoint_35,0.0,0.14323956389577558,-0.7565540276512385,1.0638120569246137,656.700611114502,0.0
13,waypoint_35,0.0,0.14323956389577558,-0.7565540276512385,1.0638120569246137,683.0554008483887,0.0
14,waypoint_35,0.0,0.14323956389577558,-0.7565540276512385,1.0638120569246137,850.4531979560852,0.0
0,waypoint_35,15.0,0.14323956389577558,-0.7565540276512385,1.0638120569246137,4090.6333923339844,0.0
1,waypoint_35,15.0,0.14323956389577558,-0.7565540276512385,1.0638120569246137,3202.453136444092,0.0
2,waypoint_35,15.0,0.14323956389577558,-0.7565540276512385,1.0638120569246137,3019.3779468536377,0.0
3,waypoint_35,15.0,0.14323956389577558,-0.7565540276512385,1.0638120569246137,1380.440592765808,0.0
4,waypoint_35,15.0,0.14323956389577558,-0.7565540276512385,1.0638120569246137,1426.9335269927979,0.0
5,waypoint_35,15.0,0.14323956389577558,-0.7565540276512385,1.0638120569246137,1686.1354112625122,0.0
6,waypoint_35,15.0,0.14323956389577558,-0.7565540276512385,1.0638120569246137,2628.178834915161,0.0
7,waypoint_35,15.0,0.14323956389577558,-0.7565540276512385,1.0638120569246137,1753.5735368728638,0.0
8,waypoint_35,15.0,0.14323956389577558,-0.7565540276512385,1.0638120569246137,460.34106612205505,0.0
9,waypoint_35,15.0,0.14323956389577558,-0.7565540276512385,1.0638120569246137,989.9347424507141,0.0
10,waypoint_35,15.0,0.14323956389577558,-0.7565540276512385,1.0638120569246137,909.4885587692261,0.0
11,waypoint_35,15.0,0.14323956389577558,-0.7565540276512385,1.0638120569246137,622.3870515823364,0.0
12,waypoint_35,15.0,0.14323956389577558,-0.7565540276512385,1.0638120569246137,626.4855861663818,0.0
13,waypoint_35,15.0,0.14323956389577558,-0.7565540276512385,1.0638120569246137,672.0414757728577,0.0
14,waypoint_35,15.0,0.14323956389577558,-0.7565540276512385,1.0638120569246137,804.2623400688171,0.0
0,waypoint_35,30.0,0.14323956389577558,-0.7565540276512385,1.0638120569246137,4086.031436920166,0.0
1,waypoint_35,30.0,0.14323956389577558,-0.7565540276512385,1.0638120569246137,3206.4476013183594,0.0
2,waypoint_35,30.0,0.14323956389577558,-0.7565540276512385,1.0638120569246137,3023.5202312469482,0.0
3,waypoint_35,30.0,0.14323956389577558,-0.7565540276512385,1.0638120569246137,1395.2239751815796,0.0
4,waypoint_35,30.0,0.14323956389577558,-0.7565540276512385,1.0638120569246137,1462.9076719284058,0.0
5,waypoint_35,30.0,0.14323956389577558,-0.7565540276512385,1.0638120569246137,1771.2281942367554,0.0
6,waypoint_35,30.0,0.14323956389577558,-0.7565540276512385,1.0638120569246137,2627.7387142181396,0.0
7,waypoint_35,30.0,0.14323956389577558,-0.7565540276512385,1.0638120569246137,1639.6939754486084,0.0
8,waypoint_35,30.0,0.14323956389577558,-0.7565540276512385,1.0638120569246137,532.4296951293945,0.0
9,waypoint_35,30.0,0.14323956389577558,-0.7565540276512385,1.0638120569246137,958.0416083335876,0.0
10,waypoint_35,30.0,0.14323956389577558,-0.7565540276512385,1.0638120569246137,893.9586877822876,0.0
11,waypoint_35,30.0,0.14323956389577558,-0.7565540276512385,1.0638120569246137,602.2039651870728,0.0
12,waypoint_35,30.0,0.14323956389577558,-0.7565540276512385,1.0638120569246137,598.2759594917297,0.0
13,waypoint_35,30.0,0.14323956389577558,-0.7565540276512385,1.0638120569246137,662.4251008033752,0.0
14,waypoint_35,30.0,0.14323956389577558,-0.7565540276512385,1.0638120569246137,682.8416585922241,0.0
0,waypoint_36,30.0,0.1632395638957752,-0.7565540276512385,1.0638120569246137,4159.844875335693,0.0
1,waypoint_36,30.0,0.1632395638957752,-0.7565540276512385,1.0638120569246137,3206.5680027008057,0.0
2,waypoint_36,30.0,0.1632395638957752,-0.7565540276512385,1.0638120569246137,2994.758129119873,0.0
3,waypoint_36,30.0,0.1632395638957752,-0.7565540276512385,1.0638120569246137,1383.6241960525513,0.0
4,waypoint_36,30.0,0.1632395638957752,-0.7565540276512385,1.0638120569246137,1438.3240938186646,0.0
5,waypoint_36,30.0,0.1632395638957752,-0.7565540276512385,1.0638120569246137,1761.789083480835,0.0
6,waypoint_36,30.0,0.1632395638957752,-0.7565540276512385,1.0638120569246137,2615.6277656555176,0.0
7,waypoint_36,30.0,0.1632395638957752,-0.7565540276512385,1.0638120569246137,1571.8969106674194,0.0
8,waypoint_36,30.0,0.1632395638957752,-0.7565540276512385,1.0638120569246137,543.5144901275635,0.0
9,waypoint_36,30.0,0.1632395638957752,-0.7565540276512385,1.0638120569246137,978.0982732772827,0.0
10,waypoint_36,30.0,0.1632395638957752,-0.7565540276512385,1.0638120569246137,910.4934930801392,0.0
11,waypoint_36,30.0,0.1632395638957752,-0.7565540276512385,1.0638120569246137,616.4706349372864,0.0
12,waypoint_36,30.0,0.1632395638957752,-0.7565540276512385,1.0638120569246137,609.3322038650513,0.0
13,waypoint_36,30.0,0.1632395638957752,-0.7565540276512385,1.0638120569246137,673.4132170677185,0.0
14,waypoint_36,30.0,0.1632395638957752,-0.7565540276512385,1.0638120569246137,666.6854023933411,0.0
0,waypoint_36,15.0,0.1632395638957752,-0.7565540276512385,1.0638120569246137,4146.303653717041,0.0
1,waypoint_36,15.0,0.1632395638957752,-0.7565540276512385,1.0638120569246137,3202.587842941284,0.0
2,waypoint_36,15.0,0.1632395638957752,-0.7565540276512385,1.0638120569246137,3023.8234996795654,0.0
3,waypoint_36,15.0,0.1632395638957752,-0.7565540276512385,1.0638120569246137,1330.6653499603271,0.0
4,waypoint_36,15.0,0.1632395638957752,-0.7565540276512385,1.0638120569246137,1407.0175886154175,0.0
5,waypoint_36,15.0,0.1632395638957752,-0.7565540276512385,1.0638120569246137,1676.6170263290405,0.0
6,waypoint_36,15.0,0.1632395638957752,-0.7565540276512385,1.0638120569246137,2615.158796310425,0.0
7,waypoint_36,15.0,0.1632395638957752,-0.7565540276512385,1.0638120569246137,1658.7496995925903,0.0
8,waypoint_36,15.0,0.1632395638957752,-0.7565540276512385,1.0638120569246137,492.610901594162,0.0
9,waypoint_36,15.0,0.1632395638957752,-0.7565540276512385,1.0638120569246137,1008.2777738571167,0.0
10,waypoint_36,15.0,0.1632395638957752,-0.7565540276512385,1.0638120569246137,917.6853895187378,0.0
11,waypoint_36,15.0,0.1632395638957752,-0.7565540276512385,1.0638120569246137,641.3025856018066,0.0
12,waypoint_36,15.0,0.1632395638957752,-0.7565540276512385,1.0638120569246137,637.0213031768799,0.0
13,waypoint_36,15.0,0.1632395638957752,-0.7565540276512385,1.0638120569246137,679.6709895133972,0.0
14,waypoint_36,15.0,0.1632395638957752,-0.7565540276512385,1.0638120569246137,799.4197607040405,0.0
0,waypoint_36,0.0,0.1632395638957752,-0.7565540276512385,1.0638120569246137,4142.724990844727,0.0
1,waypoint_36,0.0,0.1632395638957752,-0.7565540276512385,1.0638120569246137,3198.512077331543,0.0
2,waypoint_36,0.0,0.1632395638957752,-0.7565540276512385,1.0638120569246137,2986.070156097412,0.0
3,waypoint_36,0.0,0.1632395638957752,-0.7565540276512385,1.0638120569246137,1359.4924211502075,0.0
4,waypoint_36,0.0,0.1632395638957752,-0.7565540276512385,1.0638120569246137,1461.132526397705,0.0
5,waypoint_36,0.0,0.1632395638957752,-0.7565540276512385,1.0638120569246137,1782.0918560028076,0.0
6,waypoint_36,0.0,0.1632395638957752,-0.7565540276512385,1.0638120569246137,2620.896816253662,0.0
7,waypoint_36,0.0,0.1632395638957752,-0.7565540276512385,1.0638120569246137,1702.9967308044434,0.0
8,waypoint_36,0.0,0.1632395638957752,-0.7565540276512385,1.0638120569246137,486.92914843559265,0.0
9,waypoint_36,0.0,0.1632395638957752,-0.7565540276512385,1.0638120569246137,1065.183162689209,0.0
10,waypoint_36,0.0,0.1632395638957752,-0.7565540276512385,1.0638120569246137,922.3034381866455,0.0
11,waypoint_36,0.0,0.1632395638957752,-0.7565540276512385,1.0638120569246137,654.1447043418884,0.0
12,waypoint_36,0.0,0.1632395638957752,-0.7565540276512385,1.0638120569246137,666.4456725120544,0.0
13,waypoint_36,0.0,0.1632395638957752,-0.7565540276512385,1.0638120569246137,693.8472986221313,0.0
14,waypoint_36,0.0,0.1632395638957752,-0.7565540276512385,1.0638120569246137,824.2055177688599,0.0
0,waypoint_36,-15.0,0.1632395638957752,-0.7565540276512385,1.0638120569246137,4116.228103637695,0.0
1,waypoint_36,-15.0,0.1632395638957752,-0.7565540276512385,1.0638120569246137,3195.331335067749,0.0
2,waypoint_36,-15.0,0.1632395638957752,-0.7565540276512385,1.0638120569246137,2982.4302196502686,0.0
3,waypoint_36,-15.0,0.1632395638957752,-0.7565540276512385,1.0638120569246137,1363.6130094528198,0.0
4,waypoint_36,-15.0,0.1632395638957752,-0.7565540276512385,1.0638120569246137,1465.6577110290527,0.0
5,waypoint_36,-15.0,0.1632395638957752,-0.7565540276512385,1.0638120569246137,2205.6615352630615,0.0
6,waypoint_36,-15.0,0.1632395638957752,-0.7565540276512385,1.0638120569246137,2616.9326305389404,0.0
7,waypoint_36,-15.0,0.1632395638957752,-0.7565540276512385,1.0638120569246137,1783.2478284835815,0.0
8,waypoint_36,-15.0,0.1632395638957752,-0.7565540276512385,1.0638120569246137,451.1387050151825,0.0
9,waypoint_36,-15.0,0.1632395638957752,-0.7565540276512385,1.0638120569246137,1145.015835762024,0.0
10,waypoint_36,-15.0,0.1632395638957752,-0.7565540276512385,1.0638120569246137,975.3053188323975,0.0
11,waypoint_36,-15.0,0.1632395638957752,-0.7565540276512385,1.0638120569246137,672.7374196052551,0.0
12,waypoint_36,-15.0,0.1632395638957752,-0.7565540276512385,1.0638120569246137,703.0088901519775,0.0
13,waypoint_36,-15.0,0.1632395638957752,-0.7565540276512385,1.0638120569246137,706.5609097480774,0.0
14,waypoint_36,-15.0,0.1632395638957752,-0.7565540276512385,1.0638120569246137,873.9528656005859,0.0
0,waypoint_36,-30.0,0.1632395638957752,-0.7565540276512385,1.0638120569246137,4087.5487327575684,0.0
1,waypoint_36,-30.0,0.1632395638957752,-0.7565540276512385,1.0638120569246137,3193.9995288848877,0.0
2,waypoint_36,-30.0,0.1632395638957752,-0.7565540276512385,1.0638120569246137,3061.5220069885254,0.0
3,waypoint_36,-30.0,0.1632395638957752,-0.7565540276512385,1.0638120569246137,1213.476538658142,0.0
4,waypoint_36,-30.0,0.1632395638957752,-0.7565540276512385,1.0638120569246137,1426.8643856048584,0.0
5,waypoint_36,-30.0,0.1632395638957752,-0.7565540276512385,1.0638120569246137,2245.201349258423,0.0
6,waypoint_36,-30.0,0.1632395638957752,-0.7565540276512385,1.0638120569246137,2635.1943016052246,0.0
7,waypoint_36,-30.0,0.1632395638957752,-0.7565540276512385,1.0638120569246137,1731.8979501724243,0.0
8,waypoint_36,-30.0,0.1632395638957752,-0.7565540276512385,1.0638120569246137,479.99492287635803,0.0
9,waypoint_36,-30.0,0.1632395638957752,-0.7565540276512385,1.0638120569246137,1184.7625970840454,0.0
10,waypoint_36,-30.0,0.1632395638957752,-0.7565540276512385,1.0638120569246137,1013.5601758956909,0.0
11,waypoint_36,-30.0,0.1632395638957752,-0.7565540276512385,1.0638120569246137,696.9313621520996,0.0
12,waypoint_36,-30.0,0.1632395638957752,-0.7565540276512385,1.0638120569246137,736.6873025894165,0.0
13,waypoint_36,-30.0,0.1632395638957752,-0.7565540276512385,1.0638120569246137,721.2205529212952,0.0
14,waypoint_36,-30.0,0.1632395638957752,-0.7565540276512385,1.0638120569246137,926.6706109046936,0.0
0,waypoint_37,-30.0,0.1832395638957754,-0.7565540276512385,1.0638120569246137,4071.664810180664,0.0
1,waypoint_37,-30.0,0.1832395638957754,-0.7565540276512385,1.0638120569246137,3194.4940090179443,0.0
2,waypoint_37,-30.0,0.1832395638957754,-0.7565540276512385,1.0638120569246137,3081.939220428467,0.0
3,waypoint_37,-30.0,0.1832395638957754,-0.7565540276512385,1.0638120569246137,1198.7049579620361,0.0
4,waypoint_37,-30.0,0.1832395638957754,-0.7565540276512385,1.0638120569246137,1368.4386014938354,0.0
5,waypoint_37,-30.0,0.1832395638957754,-0.7565540276512385,1.0638120569246137,2239.8650646209717,0.0
6,waypoint_37,-30.0,0.1832395638957754,-0.7565540276512385,1.0638120569246137,2622.370958328247,0.0
7,waypoint_37,-30.0,0.1832395638957754,-0.7565540276512385,1.0638120569246137,1964.4044637680054,0.0
8,waypoint_37,-30.0,0.1832395638957754,-0.7565540276512385,1.0638120569246137,446.9589293003082,0.0
9,waypoint_37,-30.0,0.1832395638957754,-0.7565540276512385,1.0638120569246137,1200.1001834869385,0.0
10,waypoint_37,-30.0,0.1832395638957754,-0.7565540276512385,1.0638120569246137,1029.823899269104,0.0
11,waypoint_37,-30.0,0.1832395638957754,-0.7565540276512385,1.0638120569246137,709.8965644836426,0.0
12,waypoint_37,-30.0,0.1832395638957754,-0.7565540276512385,1.0638120569246137,747.0735311508179,0.0
13,waypoint_37,-30.0,0.1832395638957754,-0.7565540276512385,1.0638120569246137,732.9605221748352,0.0
14,waypoint_37,-30.0,0.1832395638957754,-0.7565540276512385,1.0638120569246137,974.8281836509705,0.0
0,waypoint_37,-15.0,0.1832395638957754,-0.7565540276512385,1.0638120569246137,4117.38920211792,0.0
1,waypoint_37,-15.0,0.1832395638957754,-0.7565540276512385,1.0638120569246137,3195.708751678467,0.0
2,waypoint_37,-15.0,0.1832395638957754,-0.7565540276512385,1.0638120569246137,3005.028247833252,0.0
3,waypoint_37,-15.0,0.1832395638957754,-0.7565540276512385,1.0638120569246137,1326.3438940048218,0.0
4,waypoint_37,-15.0,0.1832395638957754,-0.7565540276512385,1.0638120569246137,1369.8650598526,0.0
5,waypoint_37,-15.0,0.1832395638957754,-0.7565540276512385,1.0638120569246137,2201.7452716827393,0.0
6,waypoint_37,-15.0,0.1832395638957754,-0.7565540276512385,1.0638120569246137,2593.2095050811768,0.0
7,waypoint_37,-15.0,0.1832395638957754,-0.7565540276512385,1.0638120569246137,1757.2031021118164,0.0
8,waypoint_37,-15.0,0.1832395638957754,-0.7565540276512385,1.0638120569246137,450.9452283382416,0.0
9,waypoint_37,-15.0,0.1832395638957754,-0.7565540276512385,1.0638120569246137,1160.2764129638672,0.0
10,waypoint_37,-15.0,0.1832395638957754,-0.7565540276512385,1.0638120569246137,1031.3522815704346,0.0
11,waypoint_37,-15.0,0.1832395638957754,-0.7565540276512385,1.0638120569246137,708.4187865257263,0.0
12,waypoint_37,-15.0,0.1832395638957754,-0.7565540276512385,1.0638120569246137,715.7321572303772,0.0
13,waypoint_37,-15.0,0.1832395638957754,-0.7565540276512385,1.0638120569246137,718.014121055603,0.0
14,waypoint_37,-15.0,0.1832395638957754,-0.7565540276512385,1.0638120569246137,844.5520997047424,0.0
0,waypoint_37,0.0,0.1832395638957754,-0.7565540276512385,1.0638120569246137,4161.420822143555,0.0
1,waypoint_37,0.0,0.1832395638957754,-0.7565540276512385,1.0638120569246137,3198.803424835205,0.0
2,waypoint_37,0.0,0.1832395638957754,-0.7565540276512385,1.0638120569246137,3116.218328475952,0.0
3,waypoint_37,0.0,0.1832395638957754,-0.7565540276512385,1.0638120569246137,1377.6527643203735,0.0
4,waypoint_37,0.0,0.1832395638957754,-0.7565540276512385,1.0638120569246137,1374.2867708206177,0.0
5,waypoint_37,0.0,0.1832395638957754,-0.7565540276512385,1.0638120569246137,1777.1544456481934,0.0
6,waypoint_37,0.0,0.1832395638957754,-0.7565540276512385,1.0638120569246137,2600.764036178589,0.0
7,waypoint_37,0.0,0.1832395638957754,-0.7565540276512385,1.0638120569246137,1346.9257354736328,0.0
8,waypoint_37,0.0,0.1832395638957754,-0.7565540276512385,1.0638120569246137,497.82004952430725,0.0
9,waypoint_37,0.0,0.1832395638957754,-0.7565540276512385,1.0638120569246137,1139.9306058883667,0.0
10,waypoint_37,0.0,0.1832395638957754,-0.7565540276512385,1.0638120569246137,1026.4389514923096,0.0
11,waypoint_37,0.0,0.1832395638957754,-0.7565540276512385,1.0638120569246137,689.5993947982788,0.0
12,waypoint_37,0.0,0.1832395638957754,-0.7565540276512385,1.0638120569246137,677.1107912063599,0.0
13,waypoint_37,0.0,0.1832395638957754,-0.7565540276512385,1.0638120569246137,705.2286267280579,0.0
14,waypoint_37,0.0,0.1832395638957754,-0.7565540276512385,1.0638120569246137,819.348156452179,0.0
0,waypoint_37,15.0,0.1832395638957754,-0.7565540276512385,1.0638120569246137,4106.67610168457,0.0
1,waypoint_37,15.0,0.1832395638957754,-0.7565540276512385,1.0638120569246137,3202.8262615203857,0.0
2,waypoint_37,15.0,0.1832395638957754,-0.7565540276512385,1.0638120569246137,3082.2391510009766,0.0
3,waypoint_37,15.0,0.1832395638957754,-0.7565540276512385,1.0638120569246137,1354.1079759597778,0.0
4,waypoint_37,15.0,0.1832395638957754,-0.7565540276512385,1.0638120569246137,1386.9961500167847,0.0
5,waypoint_37,15.0,0.1832395638957754,-0.7565540276512385,1.0638120569246137,1667.2595739364624,0.0
6,waypoint_37,15.0,0.1832395638957754,-0.7565540276512385,1.0638120569246137,2608.059883117676,0.0
7,waypoint_37,15.0,0.1832395638957754,-0.7565540276512385,1.0638120569246137,1695.655107498169,0.0
8,waypoint_37,15.0,0.1832395638957754,-0.7565540276512385,1.0638120569246137,507.5165033340454,0.0
9,waypoint_37,15.0,0.1832395638957754,-0.7565540276512385,1.0638120569246137,1031.1936140060425,0.0
10,waypoint_37,15.0,0.1832395638957754,-0.7565540276512385,1.0638120569246137,1026.2718200683594,0.0
11,waypoint_37,15.0,0.1832395638957754,-0.7565540276512385,1.0638120569246137,645.3720331192017,0.0
12,waypoint_37,15.0,0.1832395638957754,-0.7565540276512385,1.0638120569246137,647.9765772819519,0.0
13,waypoint_37,15.0,0.1832395638957754,-0.7565540276512385,1.0638120569246137,694.6228742599487,0.0
14,waypoint_37,15.0,0.1832395638957754,-0.7565540276512385,1.0638120569246137,833.4657549858093,0.0
0,waypoint_37,30.0,0.1832395638957754,-0.7565540276512385,1.0638120569246137,4198.23694229126,0.0
1,waypoint_37,30.0,0.1832395638957754,-0.7565540276512385,1.0638120569246137,3206.7928314208984,0.0
2,waypoint_37,30.0,0.1832395638957754,-0.7565540276512385,1.0638120569246137,2988.8105392456055,0.0
3,waypoint_37,30.0,0.1832395638957754,-0.7565540276512385,1.0638120569246137,1357.2381734848022,0.0
4,waypoint_37,30.0,0.1832395638957754,-0.7565540276512385,1.0638120569246137,1418.1565046310425,0.0
5,waypoint_37,30.0,0.1832395638957754,-0.7565540276512385,1.0638120569246137,1752.509355545044,0.0
6,waypoint_37,30.0,0.1832395638957754,-0.7565540276512385,1.0638120569246137,2583.5254192352295,0.0
7,waypoint_37,30.0,0.1832395638957754,-0.7565540276512385,1.0638120569246137,1497.4955320358276,0.0
8,waypoint_37,30.0,0.1832395638957754,-0.7565540276512385,1.0638120569246137,553.8208484649658,0.0
9,waypoint_37,30.0,0.1832395638957754,-0.7565540276512385,1.0638120569246137,998.0099201202393,0.0
10,waypoint_37,30.0,0.1832395638957754,-0.7565540276512385,1.0638120569246137,937.9692077636719,0.0
11,waypoint_37,30.0,0.1832395638957754,-0.7565540276512385,1.0638120569246137,621.3030219078064,0.0
12,waypoint_37,30.0,0.1832395638957754,-0.7565540276512385,1.0638120569246137,619.3873882293701,0.0
13,waypoint_37,30.0,0.1832395638957754,-0.7565540276512385,1.0638120569246137,685.1050853729248,0.0
14,waypoint_37,30.0,0.1832395638957754,-0.7565540276512385,1.0638120569246137,654.3460488319397,0.0
0,waypoint_38,30.0,0.2032395638957752,-0.7565540276512385,1.0638120569246137,4215.169429779053,0.0
1,waypoint_38,30.0,0.2032395638957752,-0.7565540276512385,1.0638120569246137,3207.120656967163,0.0
2,waypoint_38,30.0,0.2032395638957752,-0.7565540276512385,1.0638120569246137,2977.946996688843,0.0
3,waypoint_38,30.0,0.2032395638957752,-0.7565540276512385,1.0638120569246137,1306.3621520996094,0.0
4,waypoint_38,30.0,0.2032395638957752,-0.7565540276512385,1.0638120569246137,1388.0057334899902,0.0
5,waypoint_38,30.0,0.2032395638957752,-0.7565540276512385,1.0638120569246137,1743.3639764785767,0.0
6,waypoint_38,30.0,0.2032395638957752,-0.7565540276512385,1.0638120569246137,2570.937395095825,0.0
7,waypoint_38,30.0,0.2032395638957752,-0.7565540276512385,1.0638120569246137,1260.1900100708008,0.0
8,waypoint_38,30.0,0.2032395638957752,-0.7565540276512385,1.0638120569246137,552.0455241203308,0.0
9,waypoint_38,30.0,0.2032395638957752,-0.7565540276512385,1.0638120569246137,1018.4656381607056,0.0
10,waypoint_38,30.0,0.2032395638957752,-0.7565540276512385,1.0638120569246137,954.3743133544922,0.0
11,waypoint_38,30.0,0.2032395638957752,-0.7565540276512385,1.0638120569246137,636.8362307548523,0.0
12,waypoint_38,30.0,0.2032395638957752,-0.7565540276512385,1.0638120569246137,631.3040256500244,0.0
13,waypoint_38,30.0,0.2032395638957752,-0.7565540276512385,1.0638120569246137,697.1012353897095,0.0
14,waypoint_38,30.0,0.2032395638957752,-0.7565540276512385,1.0638120569246137,646.2876796722412,0.0
0,waypoint_38,15.0,0.2032395638957752,-0.7565540276512385,1.0638120569246137,4140.765190124512,0.0
1,waypoint_38,15.0,0.2032395638957752,-0.7565540276512385,1.0638120569246137,3203.171968460083,0.0
2,waypoint_38,15.0,0.2032395638957752,-0.7565540276512385,1.0638120569246137,2979.658603668213,0.0
3,waypoint_38,15.0,0.2032395638957752,-0.7565540276512385,1.0638120569246137,1325.7746696472168,0.0
4,waypoint_38,15.0,0.2032395638957752,-0.7565540276512385,1.0638120569246137,1368.5812950134277,0.0
5,waypoint_38,15.0,0.2032395638957752,-0.7565540276512385,1.0638120569246137,1658.0549478530884,0.0
6,waypoint_38,15.0,0.2032395638957752,-0.7565540276512385,1.0638120569246137,2570.8627700805664,0.0
7,waypoint_38,15.0,0.2032395638957752,-0.7565540276512385,1.0638120569246137,1482.3179244995117,0.0
8,waypoint_38,15.0,0.2032395638957752,-0.7565540276512385,1.0638120569246137,527.4070501327515,0.0
9,waypoint_38,15.0,0.2032395638957752,-0.7565540276512385,1.0638120569246137,1048.216462135315,0.0
10,waypoint_38,15.0,0.2032395638957752,-0.7565540276512385,1.0638120569246137,958.5737586021423,0.0
11,waypoint_38,15.0,0.2032395638957752,-0.7565540276512385,1.0638120569246137,634.9143981933594,0.0
12,waypoint_38,15.0,0.2032395638957752,-0.7565540276512385,1.0638120569246137,656.339704990387,0.0
13,waypoint_38,15.0,0.2032395638957752,-0.7565540276512385,1.0638120569246137,701.164722442627,0.0
14,waypoint_38,15.0,0.2032395638957752,-0.7565540276512385,1.0638120569246137,784.649908542633,0.0
0,waypoint_38,0.0,0.2032395638957752,-0.7565540276512385,1.0638120569246137,4158.474922180176,0.0
1,waypoint_38,0.0,0.2032395638957752,-0.7565540276512385,1.0638120569246137,3199.2034912109375,0.0
2,waypoint_38,0.0,0.2032395638957752,-0.7565540276512385,1.0638120569246137,2983.8786125183105,0.0
3,waypoint_38,0.0,0.2032395638957752,-0.7565540276512385,1.0638120569246137,1397.1961736679077,0.0
4,waypoint_38,0.0,0.2032395638957752,-0.7565540276512385,1.0638120569246137,1389.0589475631714,0.0
5,waypoint_38,0.0,0.2032395638957752,-0.7565540276512385,1.0638120569246137,1773.2447385787964,0.0
6,waypoint_38,0.0,0.2032395638957752,-0.7565540276512385,1.0638120569246137,2577.1257877349854,0.0
7,waypoint_38,0.0,0.2032395638957752,-0.7565540276512385,1.0638120569246137,1535.9257459640503,0.0
8,waypoint_38,0.0,0.2032395638957752,-0.7565540276512385,1.0638120569246137,516.3730978965759,0.0
9,waypoint_38,0.0,0.2032395638957752,-0.7565540276512385,1.0638120569246137,1104.4937372207642,0.0
10,waypoint_38,0.0,0.2032395638957752,-0.7565540276512385,1.0638120569246137,977.1381616592407,0.0
11,waypoint_38,0.0,0.2032395638957752,-0.7565540276512385,1.0638120569246137,822.0071196556091,0.0
12,waypoint_38,0.0,0.2032395638957752,-0.7565540276512385,1.0638120569246137,687.0433688163757,0.0
13,waypoint_38,0.0,0.2032395638957752,-0.7565540276512385,1.0638120569246137,716.9767022132874,0.0
14,waypoint_38,0.0,0.2032395638957752,-0.7565540276512385,1.0638120569246137,791.4409637451172,0.0
0,waypoint_38,-15.0,0.2032395638957752,-0.7565540276512385,1.0638120569246137,4101.330280303955,0.0
1,waypoint_38,-15.0,0.2032395638957752,-0.7565540276512385,1.0638120569246137,3196.1967945098877,0.0
2,waypoint_38,-15.0,0.2032395638957752,-0.7565540276512385,1.0638120569246137,2986.928701400757,0.0
3,waypoint_38,-15.0,0.2032395638957752,-0.7565540276512385,1.0638120569246137,1349.0443229675293,0.0
4,waypoint_38,-15.0,0.2032395638957752,-0.7565540276512385,1.0638120569246137,1389.2916440963745,0.0
5,waypoint_38,-15.0,0.2032395638957752,-0.7565540276512385,1.0638120569246137,2195.3625679016113,0.0
6,waypoint_38,-15.0,0.2032395638957752,-0.7565540276512385,1.0638120569246137,2575.5615234375,0.0
7,waypoint_38,-15.0,0.2032395638957752,-0.7565540276512385,1.0638120569246137,1752.0349025726318,0.0
8,waypoint_38,-15.0,0.2032395638957752,-0.7565540276512385,1.0638120569246137,496.7863857746124,0.0
9,waypoint_38,-15.0,0.2032395638957752,-0.7565540276512385,1.0638120569246137,1172.2722053527832,0.0
10,waypoint_38,-15.0,0.2032395638957752,-0.7565540276512385,1.0638120569246137,1016.4568424224854,0.0
11,waypoint_38,-15.0,0.2032395638957752,-0.7565540276512385,1.0638120569246137,818.2122707366943,0.0
12,waypoint_38,-15.0,0.2032395638957752,-0.7565540276512385,1.0638120569246137,718.7104225158691,0.0
13,waypoint_38,-15.0,0.2032395638957752,-0.7565540276512385,1.0638120569246137,729.2811870574951,0.0
14,waypoint_38,-15.0,0.2032395638957752,-0.7565540276512385,1.0638120569246137,902.0088911056519,0.0
0,waypoint_38,-30.0,0.2032395638957752,-0.7565540276512385,1.0638120569246137,4117.95711517334,0.0
1,waypoint_38,-30.0,0.2032395638957752,-0.7565540276512385,1.0638120569246137,3195.103168487549,0.0
2,waypoint_38,-30.0,0.2032395638957752,-0.7565540276512385,1.0638120569246137,3064.357280731201,0.0
3,waypoint_38,-30.0,0.2032395638957752,-0.7565540276512385,1.0638120569246137,1178.225040435791,0.0
4,waypoint_38,-30.0,0.2032395638957752,-0.7565540276512385,1.0638120569246137,1389.4115686416626,0.0
5,waypoint_38,-30.0,0.2032395638957752,-0.7565540276512385,1.0638120569246137,2234.6880435943604,0.0
6,waypoint_38,-30.0,0.2032395638957752,-0.7565540276512385,1.0638120569246137,2604.8851013183594,0.0
7,waypoint_38,-30.0,0.2032395638957752,-0.7565540276512385,1.0638120569246137,1357.2592735290527,0.0
8,waypoint_38,-30.0,0.2032395638957752,-0.7565540276512385,1.0638120569246137,502.94941663742065,0.0
9,waypoint_38,-30.0,0.2032395638957752,-0.7565540276512385,1.0638120569246137,1218.6416387557983,0.0
10,waypoint_38,-30.0,0.2032395638957752,-0.7565540276512385,1.0638120569246137,1045.9941625595093,0.0
11,waypoint_38,-30.0,0.2032395638957752,-0.7565540276512385,1.0638120569246137,818.2185292243958,0.0
12,waypoint_38,-30.0,0.2032395638957752,-0.7565540276512385,1.0638120569246137,755.9164762496948,0.0
13,waypoint_38,-30.0,0.2032395638957752,-0.7565540276512385,1.0638120569246137,743.8559532165527,0.0
14,waypoint_38,-30.0,0.2032395638957752,-0.7565540276512385,1.0638120569246137,895.7940936088562,0.0
0,waypoint_39,-30.0,0.22323956389577543,-0.7565540276512385,1.0638120569246137,4106.236934661865,0.0
1,waypoint_39,-30.0,0.22323956389577543,-0.7565540276512385,1.0638120569246137,3195.828676223755,0.0
2,waypoint_39,-30.0,0.22323956389577543,-0.7565540276512385,1.0638120569246137,3036.6835594177246,0.0
3,waypoint_39,-30.0,0.22323956389577543,-0.7565540276512385,1.0638120569246137,1174.247145652771,0.0
4,waypoint_39,-30.0,0.22323956389577543,-0.7565540276512385,1.0638120569246137,1369.8756694793701,0.0
5,waypoint_39,-30.0,0.22323956389577543,-0.7565540276512385,1.0638120569246137,2229.674816131592,0.0
6,waypoint_39,-30.0,0.22323956389577543,-0.7565540276512385,1.0638120569246137,2578.634023666382,0.0
7,waypoint_39,-30.0,0.22323956389577543,-0.7565540276512385,1.0638120569246137,1421.7331409454346,0.0
8,waypoint_39,-30.0,0.22323956389577543,-0.7565540276512385,1.0638120569246137,510.10143756866455,0.0
9,waypoint_39,-30.0,0.22323956389577543,-0.7565540276512385,1.0638120569246137,1245.3075647354126,0.0
10,waypoint_39,-30.0,0.22323956389577543,-0.7565540276512385,1.0638120569246137,1062.495470046997,0.0
11,waypoint_39,-30.0,0.22323956389577543,-0.7565540276512385,1.0638120569246137,833.4916830062866,0.0
12,waypoint_39,-30.0,0.22323956389577543,-0.7565540276512385,1.0638120569246137,767.0952677726746,0.0
13,waypoint_39,-30.0,0.22323956389577543,-0.7565540276512385,1.0638120569246137,755.3994059562683,0.0
14,waypoint_39,-30.0,0.22323956389577543,-0.7565540276512385,1.0638120569246137,931.2393665313721,0.0
0,waypoint_39,-15.0,0.22323956389577543,-0.7565540276512385,1.0638120569246137,4120.827198028564,0.0
1,waypoint_39,-15.0,0.22323956389577543,-0.7565540276512385,1.0638120569246137,3196.7973709106445,0.0
2,waypoint_39,-15.0,0.22323956389577543,-0.7565540276512385,1.0638120569246137,3090.602397918701,0.0
3,waypoint_39,-15.0,0.22323956389577543,-0.7565540276512385,1.0638120569246137,1291.9409275054932,0.0
4,waypoint_39,-15.0,0.22323956389577543,-0.7565540276512385,1.0638120569246137,1369.901180267334,0.0
5,waypoint_39,-15.0,0.22323956389577543,-0.7565540276512385,1.0638120569246137,2192.119359970093,0.0
6,waypoint_39,-15.0,0.22323956389577543,-0.7565540276512385,1.0638120569246137,2554.42214012146,0.0
7,waypoint_39,-15.0,0.22323956389577543,-0.7565540276512385,1.0638120569246137,1563.1729364395142,0.0
8,waypoint_39,-15.0,0.22323956389577543,-0.7565540276512385,1.0638120569246137,500.5323886871338,0.0
9,waypoint_39,-15.0,0.22323956389577543,-0.7565540276512385,1.0638120569246137,1189.8480653762817,0.0
10,waypoint_39,-15.0,0.22323956389577543,-0.7565540276512385,1.0638120569246137,1064.317226409912,0.0
11,waypoint_39,-15.0,0.22323956389577543,-0.7565540276512385,1.0638120569246137,833.4822654724121,0.0
12,waypoint_39,-15.0,0.22323956389577543,-0.7565540276512385,1.0638120569246137,735.8297109603882,0.0
13,waypoint_39,-15.0,0.22323956389577543,-0.7565540276512385,1.0638120569246137,741.462767124176,0.0
14,waypoint_39,-15.0,0.22323956389577543,-0.7565540276512385,1.0638120569246137,906.1973094940186,0.0
0,waypoint_39,0.0,0.22323956389577543,-0.7565540276512385,1.0638120569246137,4124.879837036133,0.0
1,waypoint_39,0.0,0.22323956389577543,-0.7565540276512385,1.0638120569246137,3199.7079849243164,0.0
2,waypoint_39,0.0,0.22323956389577543,-0.7565540276512385,1.0638120569246137,3035.353183746338,0.0
3,waypoint_39,0.0,0.22323956389577543,-0.7565540276512385,1.0638120569246137,1340.319275856018,0.0
4,waypoint_39,0.0,0.22323956389577543,-0.7565540276512385,1.0638120569246137,1369.6701526641846,0.0
5,waypoint_39,0.0,0.22323956389577543,-0.7565540276512385,1.0638120569246137,1770.4150676727295,0.0
6,waypoint_39,0.0,0.22323956389577543,-0.7565540276512385,1.0638120569246137,2555.809497833252,0.0
7,waypoint_39,0.0,0.22323956389577543,-0.7565540276512385,1.0638120569246137,1591.5298461914062,0.0
8,waypoint_39,0.0,0.22323956389577543,-0.7565540276512385,1.0638120569246137,521.187961101532,0.0
9,waypoint_39,0.0,0.22323956389577543,-0.7565540276512385,1.0638120569246137,1171.7838048934937,0.0
10,waypoint_39,0.0,0.22323956389577543,-0.7565540276512385,1.0638120569246137,1059.260368347168,0.0
11,waypoint_39,0.0,0.22323956389577543,-0.7565540276512385,1.0638120569246137,837.6985788345337,0.0
12,waypoint_39,0.0,0.22323956389577543,-0.7565540276512385,1.0638120569246137,697.7986693382263,0.0
13,waypoint_39,0.0,0.22323956389577543,-0.7565540276512385,1.0638120569246137,728.9901375770569,0.0
14,waypoint_39,0.0,0.22323956389577543,-0.7565540276512385,1.0638120569246137,851.2609601020813,0.0
0,waypoint_39,15.0,0.22323956389577543,-0.7565540276512385,1.0638120569246137,4165.695667266846,0.0
1,waypoint_39,15.0,0.22323956389577543,-0.7565540276512385,1.0638120569246137,3203.6256790161133,0.0
2,waypoint_39,15.0,0.22323956389577543,-0.7565540276512385,1.0638120569246137,3041.311025619507,0.0
3,waypoint_39,15.0,0.22323956389577543,-0.7565540276512385,1.0638120569246137,1376.8075704574585,0.0
4,waypoint_39,15.0,0.22323956389577543,-0.7565540276512385,1.0638120569246137,1369.9878454208374,0.0
5,waypoint_39,15.0,0.22323956389577543,-0.7565540276512385,1.0638120569246137,1649.0145921707153,0.0
6,waypoint_39,15.0,0.22323956389577543,-0.7565540276512385,1.0638120569246137,2565.326452255249,0.0
7,waypoint_39,15.0,0.22323956389577543,-0.7565540276512385,1.0638120569246137,1436.9057416915894,0.0
8,waypoint_39,15.0,0.22323956389577543,-0.7565540276512385,1.0638120569246137,521.3903188705444,0.0
9,waypoint_39,15.0,0.22323956389577543,-0.7565540276512385,1.0638120569246137,1070.53804397583,0.0
10,waypoint_39,15.0,0.22323956389577543,-0.7565540276512385,1.0638120569246137,1059.3830347061157,0.0
11,waypoint_39,15.0,0.22323956389577543,-0.7565540276512385,1.0638120569246137,814.5260810852051,0.0
12,waypoint_39,15.0,0.22323956389577543,-0.7565540276512385,1.0638120569246137,668.9491271972656,0.0
13,waypoint_39,15.0,0.22323956389577543,-0.7565540276512385,1.0638120569246137,720.6020951271057,0.0
14,waypoint_39,15.0,0.22323956389577543,-0.7565540276512385,1.0638120569246137,827.331006526947,0.0
0,waypoint_39,30.0,0.22323956389577543,-0.7565540276512385,1.0638120569246137,4236.594200134277,0.0
1,waypoint_39,30.0,0.22323956389577543,-0.7565540276512385,1.0638120569246137,3207.554817199707,0.0
2,waypoint_39,30.0,0.22323956389577543,-0.7565540276512385,1.0638120569246137,2969.912052154541,0.0
3,waypoint_39,30.0,0.22323956389577543,-0.7565540276512385,1.0638120569246137,1356.2511205673218,0.0
4,waypoint_39,30.0,0.22323956389577543,-0.7565540276512385,1.0638120569246137,1370.3937530517578,0.0
5,waypoint_39,30.0,0.22323956389577543,-0.7565540276512385,1.0638120569246137,1734.3742847442627,0.0
6,waypoint_39,30.0,0.22323956389577543,-0.7565540276512385,1.0638120569246137,2554.1176795959473,0.0
7,waypoint_39,30.0,0.22323956389577543,-0.7565540276512385,1.0638120569246137,1531.5226316452026,0.0
8,waypoint_39,30.0,0.22323956389577543,-0.7565540276512385,1.0638120569246137,577.9613852500916,0.0
9,waypoint_39,30.0,0.22323956389577543,-0.7565540276512385,1.0638120569246137,1038.4259223937988,0.0
10,waypoint_39,30.0,0.22323956389577543,-0.7565540276512385,1.0638120569246137,983.1997156143188,0.0
11,waypoint_39,30.0,0.22323956389577543,-0.7565540276512385,1.0638120569246137,764.2570734024048,0.0
12,waypoint_39,30.0,0.22323956389577543,-0.7565540276512385,1.0638120569246137,641.6540145874023,0.0
13,waypoint_39,30.0,0.22323956389577543,-0.7565540276512385,1.0638120569246137,709.7745537757874,0.0
14,waypoint_39,30.0,0.22323956389577543,-0.7565540276512385,1.0638120569246137,638.8571262359619,0.0
0,waypoint_40,30.0,0.24323956389577522,-0.7565540276512385,1.0638120569246137,4256.989479064941,0.0
1,waypoint_40,30.0,0.24323956389577522,-0.7565540276512385,1.0638120569246137,3208.0931663513184,0.0
2,waypoint_40,30.0,0.24323956389577522,-0.7565540276512385,1.0638120569246137,2932.3134422302246,0.0
3,waypoint_40,30.0,0.24323956389577522,-0.7565540276512385,1.0638120569246137,1302.278995513916,0.0
4,waypoint_40,30.0,0.24323956389577522,-0.7565540276512385,1.0638120569246137,1350.8670330047607,0.0
5,waypoint_40,30.0,0.24323956389577522,-0.7565540276512385,1.0638120569246137,1725.5215644836426,0.0
6,waypoint_40,30.0,0.24323956389577522,-0.7565540276512385,1.0638120569246137,2541.0847663879395,0.0
7,waypoint_40,30.0,0.24323956389577522,-0.7565540276512385,1.0638120569246137,1292.480230331421,0.0
8,waypoint_40,30.0,0.24323956389577522,-0.7565540276512385,1.0638120569246137,566.5400624275208,0.0
9,waypoint_40,30.0,0.24323956389577522,-0.7565540276512385,1.0638120569246137,1058.5534572601318,0.0
10,waypoint_40,30.0,0.24323956389577522,-0.7565540276512385,1.0638120569246137,999.7815489768982,0.0
11,waypoint_40,30.0,0.24323956389577522,-0.7565540276512385,1.0638120569246137,782.5987339019775,0.0
12,waypoint_40,30.0,0.24323956389577522,-0.7565540276512385,1.0638120569246137,654.3824076652527,0.0
13,waypoint_40,30.0,0.24323956389577522,-0.7565540276512385,1.0638120569246137,722.4869132041931,0.0
14,waypoint_40,30.0,0.24323956389577522,-0.7565540276512385,1.0638120569246137,647.8393077850342,0.0
0,waypoint_40,15.0,0.24323956389577522,-0.7565540276512385,1.0638120569246137,4201.911926269531,0.0
1,waypoint_40,15.0,0.24323956389577522,-0.7565540276512385,1.0638120569246137,3204.183340072632,0.0
2,waypoint_40,15.0,0.24323956389577522,-0.7565540276512385,1.0638120569246137,2969.0542221069336,0.0
3,waypoint_40,15.0,0.24323956389577522,-0.7565540276512385,1.0638120569246137,1348.9090204238892,0.0
4,waypoint_40,15.0,0.24323956389577522,-0.7565540276512385,1.0638120569246137,1350.4884243011475,0.0
5,waypoint_40,15.0,0.24323956389577522,-0.7565540276512385,1.0638120569246137,1640.1234865188599,0.0
6,waypoint_40,15.0,0.24323956389577522,-0.7565540276512385,1.0638120569246137,2536.1926555633545,0.0
7,waypoint_40,15.0,0.24323956389577522,-0.7565540276512385,1.0638120569246137,1573.0233192443848,0.0
8,waypoint_40,15.0,0.24323956389577522,-0.7565540276512385,1.0638120569246137,565.7391548156738,0.0
9,waypoint_40,15.0,0.24323956389577522,-0.7565540276512385,1.0638120569246137,1083.3218097686768,0.0
10,waypoint_40,15.0,0.24323956389577522,-0.7565540276512385,1.0638120569246137,1002.1390914916992,0.0
11,waypoint_40,15.0,0.24323956389577522,-0.7565540276512385,1.0638120569246137,788.1518602371216,0.0
12,waypoint_40,15.0,0.24323956389577522,-0.7565540276512385,1.0638120569246137,679.9163222312927,0.0
13,waypoint_40,15.0,0.24323956389577522,-0.7565540276512385,1.0638120569246137,726.5217304229736,0.0
14,waypoint_40,15.0,0.24323956389577522,-0.7565540276512385,1.0638120569246137,824.3460059165955,0.0
0,waypoint_40,0.0,0.24323956389577522,-0.7565540276512385,1.0638120569246137,4148.837566375732,0.0
1,waypoint_40,0.0,0.24323956389577522,-0.7565540276512385,1.0638120569246137,3200.3214359283447,0.0
2,waypoint_40,0.0,0.24323956389577522,-0.7565540276512385,1.0638120569246137,2985.8250617980957,0.0
3,waypoint_40,0.0,0.24323956389577522,-0.7565540276512385,1.0638120569246137,1317.265510559082,0.0
4,waypoint_40,0.0,0.24323956389577522,-0.7565540276512385,1.0638120569246137,1350.2612113952637,0.0
5,waypoint_40,0.0,0.24323956389577522,-0.7565540276512385,1.0638120569246137,1765.550136566162,0.0
6,waypoint_40,0.0,0.24323956389577522,-0.7565540276512385,1.0638120569246137,2541.025400161743,0.0
7,waypoint_40,0.0,0.24323956389577522,-0.7565540276512385,1.0638120569246137,1631.5538883209229,0.0
8,waypoint_40,0.0,0.24323956389577522,-0.7565540276512385,1.0638120569246137,534.4988703727722,0.0
9,waypoint_40,0.0,0.24323956389577522,-0.7565540276512385,1.0638120569246137,1144.0292596817017,0.0
10,waypoint_40,0.0,0.24323956389577522,-0.7565540276512385,1.0638120569246137,1021.1358070373535,0.0
11,waypoint_40,0.0,0.24323956389577522,-0.7565540276512385,1.0638120569246137,830.8008909225464,0.0
12,waypoint_40,0.0,0.24323956389577522,-0.7565540276512385,1.0638120569246137,708.977997303009,0.0
13,waypoint_40,0.0,0.24323956389577522,-0.7565540276512385,1.0638120569246137,741.2797808647156,0.0
14,waypoint_40,0.0,0.24323956389577522,-0.7565540276512385,1.0638120569246137,813.3333921432495,0.0
0,waypoint_40,-15.0,0.24323956389577522,-0.7565540276512385,1.0638120569246137,4157.628059387207,0.0
1,waypoint_40,-15.0,0.24323956389577522,-0.7565540276512385,1.0638120569246137,3197.5057125091553,0.0
2,waypoint_40,-15.0,0.24323956389577522,-0.7565540276512385,1.0638120569246137,2919.9018478393555,0.0
3,waypoint_40,-15.0,0.24323956389577522,-0.7565540276512385,1.0638120569246137,1286.2306833267212,0.0
4,waypoint_40,-15.0,0.24323956389577522,-0.7565540276512385,1.0638120569246137,1350.4765033721924,0.0
5,waypoint_40,-15.0,0.24323956389577522,-0.7565540276512385,1.0638120569246137,2185.9419345855713,0.0
6,waypoint_40,-15.0,0.24323956389577522,-0.7565540276512385,1.0638120569246137,2534.738779067993,0.0
7,waypoint_40,-15.0,0.24323956389577522,-0.7565540276512385,1.0638120569246137,1679.7528266906738,0.0
8,waypoint_40,-15.0,0.24323956389577522,-0.7565540276512385,1.0638120569246137,515.0253772735596,0.0
9,waypoint_40,-15.0,0.24323956389577522,-0.7565540276512385,1.0638120569246137,1214.716911315918,0.0
10,waypoint_40,-15.0,0.24323956389577522,-0.7565540276512385,1.0638120569246137,1055.0991296768188,0.0
11,waypoint_40,-15.0,0.24323956389577522,-0.7565540276512385,1.0638120569246137,827.1341919898987,0.0
12,waypoint_40,-15.0,0.24323956389577522,-0.7565540276512385,1.0638120569246137,743.5572743415833,0.0
13,waypoint_40,-15.0,0.24323956389577522,-0.7565540276512385,1.0638120569246137,753.3007264137268,0.0
14,waypoint_40,-15.0,0.24323956389577522,-0.7565540276512385,1.0638120569246137,863.8060092926025,0.0
0,waypoint_40,-30.0,0.24323956389577522,-0.7565540276512385,1.0638120569246137,4124.07112121582,0.0
1,waypoint_40,-30.0,0.24323956389577522,-0.7565540276512385,1.0638120569246137,3196.669816970825,0.0
2,waypoint_40,-30.0,0.24323956389577522,-0.7565540276512385,1.0638120569246137,3084.2525959014893,0.0
3,waypoint_40,-30.0,0.24323956389577522,-0.7565540276512385,1.0638120569246137,1154.7274589538574,0.0
4,waypoint_40,-30.0,0.24323956389577522,-0.7565540276512385,1.0638120569246137,1350.512146949768,0.0
5,waypoint_40,-30.0,0.24323956389577522,-0.7565540276512385,1.0638120569246137,2224.832534790039,0.0
6,waypoint_40,-30.0,0.24323956389577522,-0.7565540276512385,1.0638120569246137,2562.1538162231445,0.0
7,waypoint_40,-30.0,0.24323956389577522,-0.7565540276512385,1.0638120569246137,1498.8106489181519,0.0
8,waypoint_40,-30.0,0.24323956389577522,-0.7565540276512385,1.0638120569246137,467.7913784980774,0.0
9,waypoint_40,-30.0,0.24323956389577522,-0.7565540276512385,1.0638120569246137,1249.505877494812,0.0
10,waypoint_40,-30.0,0.24323956389577522,-0.7565540276512385,1.0638120569246137,1078.783392906189,0.0
11,waypoint_40,-30.0,0.24323956389577522,-0.7565540276512385,1.0638120569246137,827.1439671516418,0.0
12,waypoint_40,-30.0,0.24323956389577522,-0.7565540276512385,1.0638120569246137,777.0789861679077,0.0
13,waypoint_40,-30.0,0.24323956389577522,-0.7565540276512385,1.0638120569246137,766.4649486541748,0.0
14,waypoint_40,-30.0,0.24323956389577522,-0.7565540276512385,1.0638120569246137,965.9830331802368,0.0
0,waypoint_41,-30.0,0.06323956389577612,-0.7304170035653912,1.056401224630453,3971.086263656616,0.0
1,waypoint_41,-30.0,0.06323956389577612,-0.7304170035653912,1.056401224630453,3166.802406311035,0.0
2,waypoint_41,-30.0,0.06323956389577612,-0.7304170035653912,1.056401224630453,3145.869255065918,0.0
3,waypoint_41,-30.0,0.06323956389577612,-0.7304170035653912,1.056401224630453,1293.0978536605835,0.0
4,waypoint_41,-30.0,0.06323956389577612,-0.7304170035653912,1.056401224630453,1522.438883781433,0.0
5,waypoint_41,-30.0,0.06323956389577612,-0.7304170035653912,1.056401224630453,2246.45733833313,0.0
6,waypoint_41,-30.0,0.06323956389577612,-0.7304170035653912,1.056401224630453,2737.543821334839,0.0
7,waypoint_41,-30.0,0.06323956389577612,-0.7304170035653912,1.056401224630453,1696.161389350891,0.0
8,waypoint_41,-30.0,0.06323956389577612,-0.7304170035653912,1.056401224630453,258.44910740852356,0.0
9,waypoint_41,-30.0,0.06323956389577612,-0.7304170035653912,1.056401224630453,1097.8240966796875,0.0
10,waypoint_41,-30.0,0.06323956389577612,-0.7304170035653912,1.056401224630453,916.9601202011108,0.0
11,waypoint_41,-30.0,0.06323956389577612,-0.7304170035653912,1.056401224630453,679.8735857009888,0.0
12,waypoint_41,-30.0,0.06323956389577612,-0.7304170035653912,1.056401224630453,669.1306829452515,0.0
13,waypoint_41,-30.0,0.06323956389577612,-0.7304170035653912,1.056401224630453,649.9879956245422,0.0
14,waypoint_41,-30.0,0.06323956389577612,-0.7304170035653912,1.056401224630453,912.9946231842041,0.0
0,waypoint_41,-15.0,0.06323956389577612,-0.7304170035653912,1.056401224630453,3971.6246128082275,0.0
1,waypoint_41,-15.0,0.06323956389577612,-0.7304170035653912,1.056401224630453,3169.055700302124,0.0
2,waypoint_41,-15.0,0.06323956389577612,-0.7304170035653912,1.056401224630453,3121.4957237243652,0.0
3,waypoint_41,-15.0,0.06323956389577612,-0.7304170035653912,1.056401224630453,1434.9026679992676,0.0
4,waypoint_41,-15.0,0.06323956389577612,-0.7304170035653912,1.056401224630453,1523.1940746307373,0.0
5,waypoint_41,-15.0,0.06323956389577612,-0.7304170035653912,1.056401224630453,2206.4876556396484,0.0
6,waypoint_41,-15.0,0.06323956389577612,-0.7304170035653912,1.056401224630453,2716.1264419555664,0.0
7,waypoint_41,-15.0,0.06323956389577612,-0.7304170035653912,1.056401224630453,1615.565538406372,0.0
8,waypoint_41,-15.0,0.06323956389577612,-0.7304170035653912,1.056401224630453,402.7751088142395,0.0
9,waypoint_41,-15.0,0.06323956389577612,-0.7304170035653912,1.056401224630453,1046.9993352890015,0.0
10,waypoint_41,-15.0,0.06323956389577612,-0.7304170035653912,1.056401224630453,920.0567603111267,0.0
11,waypoint_41,-15.0,0.06323956389577612,-0.7304170035653912,1.056401224630453,679.901659488678,0.0
12,waypoint_41,-15.0,0.06323956389577612,-0.7304170035653912,1.056401224630453,637.1121406555176,0.0
13,waypoint_41,-15.0,0.06323956389577612,-0.7304170035653912,1.056401224630453,634.8036527633667,0.0
14,waypoint_41,-15.0,0.06323956389577612,-0.7304170035653912,1.056401224630453,866.5388822555542,0.0
0,waypoint_41,0.0,0.06323956389577612,-0.7304170035653912,1.056401224630453,4032.9079627990723,0.0
1,waypoint_41,0.0,0.06323956389577612,-0.7304170035653912,1.056401224630453,3172.9695796966553,0.0
2,waypoint_41,0.0,0.06323956389577612,-0.7304170035653912,1.056401224630453,3051.5143871307373,0.0
3,waypoint_41,0.0,0.06323956389577612,-0.7304170035653912,1.056401224630453,1399.4166851043701,0.0
4,waypoint_41,0.0,0.06323956389577612,-0.7304170035653912,1.056401224630453,1523.4456062316895,0.0
5,waypoint_41,0.0,0.06323956389577612,-0.7304170035653912,1.056401224630453,1764.8285627365112,0.0
6,waypoint_41,0.0,0.06323956389577612,-0.7304170035653912,1.056401224630453,2720.1154232025146,0.0
7,waypoint_41,0.0,0.06323956389577612,-0.7304170035653912,1.056401224630453,1793.2454347610474,0.0
8,waypoint_41,0.0,0.06323956389577612,-0.7304170035653912,1.056401224630453,385.30439138412476,0.0
9,waypoint_41,0.0,0.06323956389577612,-0.7304170035653912,1.056401224630453,1019.7917222976685,0.0
10,waypoint_41,0.0,0.06323956389577612,-0.7304170035653912,1.056401224630453,795.6583499908447,0.0
11,waypoint_41,0.0,0.06323956389577612,-0.7304170035653912,1.056401224630453,679.3450713157654,0.0
12,waypoint_41,0.0,0.06323956389577612,-0.7304170035653912,1.056401224630453,597.1806049346924,0.0
13,waypoint_41,0.0,0.06323956389577612,-0.7304170035653912,1.056401224630453,621.4391589164734,0.0
14,waypoint_41,0.0,0.06323956389577612,-0.7304170035653912,1.056401224630453,825.7724642753601,0.0
0,waypoint_41,15.0,0.06323956389577612,-0.7304170035653912,1.056401224630453,3999.455213546753,0.0
1,waypoint_41,15.0,0.06323956389577612,-0.7304170035653912,1.056401224630453,3177.5479316711426,0.0
2,waypoint_41,15.0,0.06323956389577612,-0.7304170035653912,1.056401224630453,3037.2211933135986,0.0
3,waypoint_41,15.0,0.06323956389577612,-0.7304170035653912,1.056401224630453,1411.2164974212646,0.0
4,waypoint_41,15.0,0.06323956389577612,-0.7304170035653912,1.056401224630453,1523.803949356079,0.0
5,waypoint_41,15.0,0.06323956389577612,-0.7304170035653912,1.056401224630453,1701.0929584503174,0.0
6,waypoint_41,15.0,0.06323956389577612,-0.7304170035653912,1.056401224630453,2721.8048572540283,0.0
7,waypoint_41,15.0,0.06323956389577612,-0.7304170035653912,1.056401224630453,1691.6990280151367,0.0
8,waypoint_41,15.0,0.06323956389577612,-0.7304170035653912,1.056401224630453,391.8691575527191,0.0
9,waypoint_41,15.0,0.06323956389577612,-0.7304170035653912,1.056401224630453,879.6011805534363,0.0
10,waypoint_41,15.0,0.06323956389577612,-0.7304170035653912,1.056401224630453,768.9651250839233,0.0
11,waypoint_41,15.0,0.06323956389577612,-0.7304170035653912,1.056401224630453,682.6993227005005,0.0
12,waypoint_41,15.0,0.06323956389577612,-0.7304170035653912,1.056401224630453,565.3920769691467,0.0
13,waypoint_41,15.0,0.06323956389577612,-0.7304170035653912,1.056401224630453,610.0423336029053,0.0
14,waypoint_41,15.0,0.06323956389577612,-0.7304170035653912,1.056401224630453,740.8088445663452,0.0
0,waypoint_41,30.0,0.06323956389577612,-0.7304170035653912,1.056401224630453,4095.5543518066406,0.0
1,waypoint_41,30.0,0.06323956389577612,-0.7304170035653912,1.056401224630453,3181.7684173583984,0.0
2,waypoint_41,30.0,0.06323956389577612,-0.7304170035653912,1.056401224630453,3201.7664909362793,0.0
3,waypoint_41,30.0,0.06323956389577612,-0.7304170035653912,1.056401224630453,1434.8981380462646,0.0
4,waypoint_41,30.0,0.06323956389577612,-0.7304170035653912,1.056401224630453,1524.2732763290405,0.0
5,waypoint_41,30.0,0.06323956389577612,-0.7304170035653912,1.056401224630453,1788.0520820617676,0.0
6,waypoint_41,30.0,0.06323956389577612,-0.7304170035653912,1.056401224630453,2712.131977081299,0.0
7,waypoint_41,30.0,0.06323956389577612,-0.7304170035653912,1.056401224630453,1323.3942985534668,0.0
8,waypoint_41,30.0,0.06323956389577612,-0.7304170035653912,1.056401224630453,465.43893218040466,0.0
9,waypoint_41,30.0,0.06323956389577612,-0.7304170035653912,1.056401224630453,844.5889353752136,0.0
10,waypoint_41,30.0,0.06323956389577612,-0.7304170035653912,1.056401224630453,716.5635228157043,0.0
11,waypoint_41,30.0,0.06323956389577612,-0.7304170035653912,1.056401224630453,647.8496193885803,0.0
12,waypoint_41,30.0,0.06323956389577612,-0.7304170035653912,1.056401224630453,534.8067879676819,0.0
13,waypoint_41,30.0,0.06323956389577612,-0.7304170035653912,1.056401224630453,598.5052585601807,0.0
14,waypoint_41,30.0,0.06323956389577612,-0.7304170035653912,1.056401224630453,771.2186574935913,0.0
0,waypoint_42,30.0,0.08323956389577569,-0.7304170035653912,1.056401224630453,4093.2164192199707,0.0
1,waypoint_42,30.0,0.08323956389577569,-0.7304170035653912,1.056401224630453,3181.4684867858887,0.0
2,waypoint_42,30.0,0.08323956389577569,-0.7304170035653912,1.056401224630453,3209.5656394958496,0.0
3,waypoint_42,30.0,0.08323956389577569,-0.7304170035653912,1.056401224630453,1439.3943548202515,0.0
4,waypoint_42,30.0,0.08323956389577569,-0.7304170035653912,1.056401224630453,1504.5586824417114,0.0
5,waypoint_42,30.0,0.08323956389577569,-0.7304170035653912,1.056401224630453,1777.9297828674316,0.0
6,waypoint_42,30.0,0.08323956389577569,-0.7304170035653912,1.056401224630453,2686.8107318878174,0.0
7,waypoint_42,30.0,0.08323956389577569,-0.7304170035653912,1.056401224630453,1617.5044775009155,0.0
8,waypoint_42,30.0,0.08323956389577569,-0.7304170035653912,1.056401224630453,476.18579864501953,0.0
9,waypoint_42,30.0,0.08323956389577569,-0.7304170035653912,1.056401224630453,864.654541015625,0.0
10,waypoint_42,30.0,0.08323956389577569,-0.7304170035653912,1.056401224630453,738.7383580207825,0.0
11,waypoint_42,30.0,0.08323956389577569,-0.7304170035653912,1.056401224630453,664.9131774902344,0.0
12,waypoint_42,30.0,0.08323956389577569,-0.7304170035653912,1.056401224630453,544.4207787513733,0.0
13,waypoint_42,30.0,0.08323956389577569,-0.7304170035653912,1.056401224630453,608.707845211029,0.0
14,waypoint_42,30.0,0.08323956389577569,-0.7304170035653912,1.056401224630453,769.2108750343323,0.0
0,waypoint_42,15.0,0.08323956389577569,-0.7304170035653912,1.056401224630453,4082.3416709899902,0.0
1,waypoint_42,15.0,0.08323956389577569,-0.7304170035653912,1.056401224630453,3177.24347114563,0.0
2,waypoint_42,15.0,0.08323956389577569,-0.7304170035653912,1.056401224630453,3165.595293045044,0.0
3,waypoint_42,15.0,0.08323956389577569,-0.7304170035653912,1.056401224630453,1391.98899269104,0.0
4,waypoint_42,15.0,0.08323956389577569,-0.7304170035653912,1.056401224630453,1504.0584802627563,0.0
5,waypoint_42,15.0,0.08323956389577569,-0.7304170035653912,1.056401224630453,1690.826654434204,0.0
6,waypoint_42,15.0,0.08323956389577569,-0.7304170035653912,1.056401224630453,2696.157455444336,0.0
7,waypoint_42,15.0,0.08323956389577569,-0.7304170035653912,1.056401224630453,1541.9048070907593,0.0
8,waypoint_42,15.0,0.08323956389577569,-0.7304170035653912,1.056401224630453,420.0640618801117,0.0
9,waypoint_42,15.0,0.08323956389577569,-0.7304170035653912,1.056401224630453,905.5472016334534,0.0
10,waypoint_42,15.0,0.08323956389577569,-0.7304170035653912,1.056401224630453,721.7597365379333,0.0
11,waypoint_42,15.0,0.08323956389577569,-0.7304170035653912,1.056401224630453,734.2919707298279,0.0
12,waypoint_42,15.0,0.08323956389577569,-0.7304170035653912,1.056401224630453,570.1040029525757,0.0
13,waypoint_42,15.0,0.08323956389577569,-0.7304170035653912,1.056401224630453,615.3918504714966,0.0
14,waypoint_42,15.0,0.08323956389577569,-0.7304170035653912,1.056401224630453,735.0960373878479,0.0
0,waypoint_42,0.0,0.08323956389577569,-0.7304170035653912,1.056401224630453,4027.8544425964355,0.0
1,waypoint_42,0.0,0.08323956389577569,-0.7304170035653912,1.056401224630453,3172.706127166748,0.0
2,waypoint_42,0.0,0.08323956389577569,-0.7304170035653912,1.056401224630453,3153.4337997436523,0.0
3,waypoint_42,0.0,0.08323956389577569,-0.7304170035653912,1.056401224630453,1411.4389419555664,0.0
4,waypoint_42,0.0,0.08323956389577569,-0.7304170035653912,1.056401224630453,1504.3374300003052,0.0
5,waypoint_42,0.0,0.08323956389577569,-0.7304170035653912,1.056401224630453,1751.2706518173218,0.0
6,waypoint_42,0.0,0.08323956389577569,-0.7304170035653912,1.056401224630453,2703.2413482666016,0.0
7,waypoint_42,0.0,0.08323956389577569,-0.7304170035653912,1.056401224630453,1775.7271528244019,0.0
8,waypoint_42,0.0,0.08323956389577569,-0.7304170035653912,1.056401224630453,396.1086571216583,0.0
9,waypoint_42,0.0,0.08323956389577569,-0.7304170035653912,1.056401224630453,954.9804329872131,0.0
10,waypoint_42,0.0,0.08323956389577569,-0.7304170035653912,1.056401224630453,849.8108386993408,0.0
11,waypoint_42,0.0,0.08323956389577569,-0.7304170035653912,1.056401224630453,767.7509784698486,0.0
12,waypoint_42,0.0,0.08323956389577569,-0.7304170035653912,1.056401224630453,604.6136617660522,0.0
13,waypoint_42,0.0,0.08323956389577569,-0.7304170035653912,1.056401224630453,630.0978064537048,0.0
14,waypoint_42,0.0,0.08323956389577569,-0.7304170035653912,1.056401224630453,822.9134678840637,0.0
0,waypoint_42,-15.0,0.08323956389577569,-0.7304170035653912,1.056401224630453,3978.086233139038,0.0
1,waypoint_42,-15.0,0.08323956389577569,-0.7304170035653912,1.056401224630453,3168.8613891601562,0.0
2,waypoint_42,-15.0,0.08323956389577569,-0.7304170035653912,1.056401224630453,3087.0888233184814,0.0
3,waypoint_42,-15.0,0.08323956389577569,-0.7304170035653912,1.056401224630453,1381.2042474746704,0.0
4,waypoint_42,-15.0,0.08323956389577569,-0.7304170035653912,1.056401224630453,1504.866123199463,0.0
5,waypoint_42,-15.0,0.08323956389577569,-0.7304170035653912,1.056401224630453,2202.3794651031494,0.0
6,waypoint_42,-15.0,0.08323956389577569,-0.7304170035653912,1.056401224630453,2694.683313369751,0.0
7,waypoint_42,-15.0,0.08323956389577569,-0.7304170035653912,1.056401224630453,1543.1350469589233,0.0
8,waypoint_42,-15.0,0.08323956389577569,-0.7304170035653912,1.056401224630453,391.1740779876709,0.0
9,waypoint_42,-15.0,0.08323956389577569,-0.7304170035653912,1.056401224630453,1062.6636743545532,0.0
10,waypoint_42,-15.0,0.08323956389577569,-0.7304170035653912,1.056401224630453,849.812924861908,0.0
11,waypoint_42,-15.0,0.08323956389577569,-0.7304170035653912,1.056401224630453,801.000714302063,0.0
12,waypoint_42,-15.0,0.08323956389577569,-0.7304170035653912,1.056401224630453,637.8565430641174,0.0
13,waypoint_42,-15.0,0.08323956389577569,-0.7304170035653912,1.056401224630453,643.143892288208,0.0
14,waypoint_42,-15.0,0.08323956389577569,-0.7304170035653912,1.056401224630453,847.2842574119568,0.0
0,waypoint_42,-30.0,0.08323956389577569,-0.7304170035653912,1.056401224630453,3966.933012008667,0.0
1,waypoint_42,-30.0,0.08323956389577569,-0.7304170035653912,1.056401224630453,3166.719436645508,0.0
2,waypoint_42,-30.0,0.08323956389577569,-0.7304170035653912,1.056401224630453,3036.96870803833,0.0
3,waypoint_42,-30.0,0.08323956389577569,-0.7304170035653912,1.056401224630453,1299.8549938201904,0.0
4,waypoint_42,-30.0,0.08323956389577569,-0.7304170035653912,1.056401224630453,1505.312204360962,0.0
5,waypoint_42,-30.0,0.08323956389577569,-0.7304170035653912,1.056401224630453,2241.400718688965,0.0
6,waypoint_42,-30.0,0.08323956389577569,-0.7304170035653912,1.056401224630453,2729.6035289764404,0.0
7,waypoint_42,-30.0,0.08323956389577569,-0.7304170035653912,1.056401224630453,1610.158920288086,0.0
8,waypoint_42,-30.0,0.08323956389577569,-0.7304170035653912,1.056401224630453,359.1233789920807,0.0
9,waypoint_42,-30.0,0.08323956389577569,-0.7304170035653912,1.056401224630453,1106.8077087402344,0.0
10,waypoint_42,-30.0,0.08323956389577569,-0.7304170035653912,1.056401224630453,931.1888813972473,0.0
11,waypoint_42,-30.0,0.08323956389577569,-0.7304170035653912,1.056401224630453,843.3759808540344,0.0
12,waypoint_42,-30.0,0.08323956389577569,-0.7304170035653912,1.056401224630453,675.6920218467712,0.0
13,waypoint_42,-30.0,0.08323956389577569,-0.7304170035653912,1.056401224630453,658.3164930343628,0.0
14,waypoint_42,-30.0,0.08323956389577569,-0.7304170035653912,1.056401224630453,919.4638133049011,0.0
0,waypoint_43,-30.0,0.10323956389577549,-0.7304170035653912,1.056401224630453,3986.4442348480225,0.0
1,waypoint_43,-30.0,0.10323956389577549,-0.7304170035653912,1.056401224630453,3166.748523712158,0.0
2,waypoint_43,-30.0,0.10323956389577549,-0.7304170035653912,1.056401224630453,2987.1604442596436,0.0
3,waypoint_43,-30.0,0.10323956389577549,-0.7304170035653912,1.056401224630453,1247.4641799926758,0.0
4,waypoint_43,-30.0,0.10323956389577549,-0.7304170035653912,1.056401224630453,1485.66734790802,0.0
5,waypoint_43,-30.0,0.10323956389577549,-0.7304170035653912,1.056401224630453,2235.2511882781982,0.0
6,waypoint_43,-30.0,0.10323956389577549,-0.7304170035653912,1.056401224630453,2702.120304107666,0.0
7,waypoint_43,-30.0,0.10323956389577549,-0.7304170035653912,1.056401224630453,1943.2629346847534,0.0
8,waypoint_43,-30.0,0.10323956389577549,-0.7304170035653912,1.056401224630453,373.23132157325745,0.0
9,waypoint_43,-30.0,0.10323956389577549,-0.7304170035653912,1.056401224630453,1121.7480897903442,0.0
10,waypoint_43,-30.0,0.10323956389577549,-0.7304170035653912,1.056401224630453,948.1860995292664,0.0
11,waypoint_43,-30.0,0.10323956389577549,-0.7304170035653912,1.056401224630453,856.9544553756714,0.0
12,waypoint_43,-30.0,0.10323956389577549,-0.7304170035653912,1.056401224630453,684.6460103988647,0.0
13,waypoint_43,-30.0,0.10323956389577549,-0.7304170035653912,1.056401224630453,668.6105132102966,0.0
14,waypoint_43,-30.0,0.10323956389577549,-0.7304170035653912,1.056401224630453,930.4265379905701,0.0
0,waypoint_43,-15.0,0.10323956389577549,-0.7304170035653912,1.056401224630453,4012.923240661621,0.0
1,waypoint_43,-15.0,0.10323956389577549,-0.7304170035653912,1.056401224630453,3168.78604888916,0.0
2,waypoint_43,-15.0,0.10323956389577549,-0.7304170035653912,1.056401224630453,3097.0816612243652,0.0
3,waypoint_43,-15.0,0.10323956389577549,-0.7304170035653912,1.056401224630453,1402.5546312332153,0.0
4,waypoint_43,-15.0,0.10323956389577549,-0.7304170035653912,1.056401224630453,1484.9379062652588,0.0
5,waypoint_43,-15.0,0.10323956389577549,-0.7304170035653912,1.056401224630453,2194.8585510253906,0.0
6,waypoint_43,-15.0,0.10323956389577549,-0.7304170035653912,1.056401224630453,2670.588731765747,0.0
7,waypoint_43,-15.0,0.10323956389577549,-0.7304170035653912,1.056401224630453,2048.489809036255,0.0
8,waypoint_43,-15.0,0.10323956389577549,-0.7304170035653912,1.056401224630453,393.07060837745667,0.0
9,waypoint_43,-15.0,0.10323956389577549,-0.7304170035653912,1.056401224630453,1076.6476392745972,0.0
10,waypoint_43,-15.0,0.10323956389577549,-0.7304170035653912,1.056401224630453,951.3577222824097,0.0
11,waypoint_43,-15.0,0.10323956389577549,-0.7304170035653912,1.056401224630453,830.6922912597656,0.0
12,waypoint_43,-15.0,0.10323956389577549,-0.7304170035653912,1.056401224630453,652.7263522148132,0.0
13,waypoint_43,-15.0,0.10323956389577549,-0.7304170035653912,1.056401224630453,653.5838842391968,0.0
14,waypoint_43,-15.0,0.10323956389577549,-0.7304170035653912,1.056401224630453,843.7984585762024,0.0
0,waypoint_43,0.0,0.10323956389577549,-0.7304170035653912,1.056401224630453,4071.1069107055664,0.0
1,waypoint_43,0.0,0.10323956389577549,-0.7304170035653912,1.056401224630453,3172.548532485962,0.0
2,waypoint_43,0.0,0.10323956389577549,-0.7304170035653912,1.056401224630453,3154.3686389923096,0.0
3,waypoint_43,0.0,0.10323956389577549,-0.7304170035653912,1.056401224630453,1388.5403871536255,0.0
4,waypoint_43,0.0,0.10323956389577549,-0.7304170035653912,1.056401224630453,1484.5919609069824,0.0
5,waypoint_43,0.0,0.10323956389577549,-0.7304170035653912,1.056401224630453,1750.742793083191,0.0
6,waypoint_43,0.0,0.10323956389577549,-0.7304170035653912,1.056401224630453,2671.8523502349854,0.0
7,waypoint_43,0.0,0.10323956389577549,-0.7304170035653912,1.056401224630453,1770.5285549163818,0.0
8,waypoint_43,0.0,0.10323956389577549,-0.7304170035653912,1.056401224630453,423.791766166687,0.0
9,waypoint_43,0.0,0.10323956389577549,-0.7304170035653912,1.056401224630453,1037.2644662857056,0.0
10,waypoint_43,0.0,0.10323956389577549,-0.7304170035653912,1.056401224630453,833.5483074188232,0.0
11,waypoint_43,0.0,0.10323956389577549,-0.7304170035653912,1.056401224630453,885.9699964523315,0.0
12,waypoint_43,0.0,0.10323956389577549,-0.7304170035653912,1.056401224630453,613.1463646888733,0.0
13,waypoint_43,0.0,0.10323956389577549,-0.7304170035653912,1.056401224630453,640.3174996376038,0.0
14,waypoint_43,0.0,0.10323956389577549,-0.7304170035653912,1.056401224630453,747.2707033157349,0.0
0,waypoint_43,15.0,0.10323956389577549,-0.7304170035653912,1.056401224630453,4023.7321853637695,0.0
1,waypoint_43,15.0,0.10323956389577549,-0.7304170035653912,1.056401224630453,3177.050828933716,0.0
2,waypoint_43,15.0,0.10323956389577549,-0.7304170035653912,1.056401224630453,3169.166326522827,0.0
3,waypoint_43,15.0,0.10323956389577549,-0.7304170035653912,1.056401224630453,1415.1540994644165,0.0
4,waypoint_43,15.0,0.10323956389577549,-0.7304170035653912,1.056401224630453,1484.2897653579712,0.0
5,waypoint_43,15.0,0.10323956389577549,-0.7304170035653912,1.056401224630453,1680.7101964950562,0.0
6,waypoint_43,15.0,0.10323956389577549,-0.7304170035653912,1.056401224630453,2668.8601970672607,0.0
7,waypoint_43,15.0,0.10323956389577549,-0.7304170035653912,1.056401224630453,1661.1748933792114,0.0
8,waypoint_43,15.0,0.10323956389577549,-0.7304170035653912,1.056401224630453,412.96058893203735,0.0
9,waypoint_43,15.0,0.10323956389577549,-0.7304170035653912,1.056401224630453,918.8422560691833,0.0
10,waypoint_43,15.0,0.10323956389577549,-0.7304170035653912,1.056401224630453,818.8759088516235,0.0
11,waypoint_43,15.0,0.10323956389577549,-0.7304170035653912,1.056401224630453,885.970950126648,0.0
12,waypoint_43,15.0,0.10323956389577549,-0.7304170035653912,1.056401224630453,581.5708041191101,0.0
13,waypoint_43,15.0,0.10323956389577549,-0.7304170035653912,1.056401224630453,632.2321891784668,0.0
14,waypoint_43,15.0,0.10323956389577549,-0.7304170035653912,1.056401224630453,705.747663974762,0.0
0,waypoint_43,30.0,0.10323956389577549,-0.7304170035653912,1.056401224630453,4045.196533203125,0.0
1,waypoint_43,30.0,0.10323956389577549,-0.7304170035653912,1.056401224630453,3181.2610626220703,0.0
2,waypoint_43,30.0,0.10323956389577549,-0.7304170035653912,1.056401224630453,3143.9027786254883,0.0
3,waypoint_43,30.0,0.10323956389577549,-0.7304170035653912,1.056401224630453,1426.8224239349365,0.0
4,waypoint_43,30.0,0.10323956389577549,-0.7304170035653912,1.056401224630453,1484.8251342773438,0.0
5,waypoint_43,30.0,0.10323956389577549,-0.7304170035653912,1.056401224630453,1767.9420709609985,0.0
6,waypoint_43,30.0,0.10323956389577549,-0.7304170035653912,1.056401224630453,2659.860134124756,0.0
7,waypoint_43,30.0,0.10323956389577549,-0.7304170035653912,1.056401224630453,1304.6579360961914,0.0
8,waypoint_43,30.0,0.10323956389577549,-0.7304170035653912,1.056401224630453,507.623553276062,0.0
9,waypoint_43,30.0,0.10323956389577549,-0.7304170035653912,1.056401224630453,895.1975107192993,0.0
10,waypoint_43,30.0,0.10323956389577549,-0.7304170035653912,1.056401224630453,816.0092234611511,0.0
11,waypoint_43,30.0,0.10323956389577549,-0.7304170035653912,1.056401224630453,684.6967935562134,0.0
12,waypoint_43,30.0,0.10323956389577549,-0.7304170035653912,1.056401224630453,552.3182153701782,0.0
13,waypoint_43,30.0,0.10323956389577549,-0.7304170035653912,1.056401224630453,619.1661357879639,0.0
14,waypoint_43,30.0,0.10323956389577549,-0.7304170035653912,1.056401224630453,746.6839551925659,0.0
0,waypoint_44,30.0,0.123239563895776,-0.7304170035653912,1.056401224630453,4117.465496063232,0.0
1,waypoint_44,30.0,0.123239563895776,-0.7304170035653912,1.056401224630453,3181.1697483062744,0.0
2,waypoint_44,30.0,0.123239563895776,-0.7304170035653912,1.056401224630453,3102.766752243042,0.0
3,waypoint_44,30.0,0.123239563895776,-0.7304170035653912,1.056401224630453,1401.3937711715698,0.0
4,waypoint_44,30.0,0.123239563895776,-0.7304170035653912,1.056401224630453,1465.126395225525,0.0
5,waypoint_44,30.0,0.123239563895776,-0.7304170035653912,1.056401224630453,1758.120059967041,0.0
6,waypoint_44,30.0,0.123239563895776,-0.7304170035653912,1.056401224630453,2648.8709449768066,0.0
7,waypoint_44,30.0,0.123239563895776,-0.7304170035653912,1.056401224630453,1631.944179534912,0.0
8,waypoint_44,30.0,0.123239563895776,-0.7304170035653912,1.056401224630453,526.53568983078,0.0
9,waypoint_44,30.0,0.123239563895776,-0.7304170035653912,1.056401224630453,913.3489727973938,0.0
10,waypoint_44,30.0,0.123239563895776,-0.7304170035653912,1.056401224630453,840.4279947280884,0.0
11,waypoint_44,30.0,0.123239563895776,-0.7304170035653912,1.056401224630453,706.260621547699,0.0
12,waypoint_44,30.0,0.123239563895776,-0.7304170035653912,1.056401224630453,563.0843639373779,0.0
13,waypoint_44,30.0,0.123239563895776,-0.7304170035653912,1.056401224630453,629.839301109314,0.0
14,waypoint_44,30.0,0.123239563895776,-0.7304170035653912,1.056401224630453,720.8199501037598,0.0
0,waypoint_44,15.0,0.123239563895776,-0.7304170035653912,1.056401224630453,4046.4420318603516,0.0
1,waypoint_44,15.0,0.123239563895776,-0.7304170035653912,1.056401224630453,3176.9590377807617,0.0
2,waypoint_44,15.0,0.123239563895776,-0.7304170035653912,1.056401224630453,3136.063814163208,0.0
3,waypoint_44,15.0,0.123239563895776,-0.7304170035653912,1.056401224630453,1368.5975074768066,0.0
4,waypoint_44,15.0,0.123239563895776,-0.7304170035653912,1.056401224630453,1464.2993211746216,0.0
5,waypoint_44,15.0,0.123239563895776,-0.7304170035653912,1.056401224630453,1670.7440614700317,0.0
6,waypoint_44,15.0,0.123239563895776,-0.7304170035653912,1.056401224630453,2661.4198684692383,0.0
7,waypoint_44,15.0,0.123239563895776,-0.7304170035653912,1.056401224630453,1621.5733289718628,0.0
8,waypoint_44,15.0,0.123239563895776,-0.7304170035653912,1.056401224630453,447.7020502090454,0.0
9,waypoint_44,15.0,0.123239563895776,-0.7304170035653912,1.056401224630453,939.4617676734924,0.0
10,waypoint_44,15.0,0.123239563895776,-0.7304170035653912,1.056401224630453,849.353551864624,0.0
11,waypoint_44,15.0,0.123239563895776,-0.7304170035653912,1.056401224630453,703.2933831214905,0.0
12,waypoint_44,15.0,0.123239563895776,-0.7304170035653912,1.056401224630453,590.2678966522217,0.0
13,waypoint_44,15.0,0.123239563895776,-0.7304170035653912,1.056401224630453,640.6884789466858,0.0
14,waypoint_44,15.0,0.123239563895776,-0.7304170035653912,1.056401224630453,762.8088593482971,0.0
0,waypoint_44,0.0,0.123239563895776,-0.7304170035653912,1.056401224630453,4020.7037925720215,0.0
1,waypoint_44,0.0,0.123239563895776,-0.7304170035653912,1.056401224630453,3172.504186630249,0.0
2,waypoint_44,0.0,0.123239563895776,-0.7304170035653912,1.056401224630453,3130.5079460144043,0.0
3,waypoint_44,0.0,0.123239563895776,-0.7304170035653912,1.056401224630453,1393.4638500213623,0.0
4,waypoint_44,0.0,0.123239563895776,-0.7304170035653912,1.056401224630453,1464.5373821258545,0.0
5,waypoint_44,0.0,0.123239563895776,-0.7304170035653912,1.056401224630453,1744.2740201950073,0.0
6,waypoint_44,0.0,0.123239563895776,-0.7304170035653912,1.056401224630453,2656.7018032073975,0.0
7,waypoint_44,0.0,0.123239563895776,-0.7304170035653912,1.056401224630453,1755.7679414749146,0.0
8,waypoint_44,0.0,0.123239563895776,-0.7304170035653912,1.056401224630453,443.3450996875763,0.0
9,waypoint_44,0.0,0.123239563895776,-0.7304170035653912,1.056401224630453,999.1023540496826,0.0
10,waypoint_44,0.0,0.123239563895776,-0.7304170035653912,1.056401224630453,858.4931492805481,0.0
11,waypoint_44,0.0,0.123239563895776,-0.7304170035653912,1.056401224630453,750.6555914878845,0.0
12,waypoint_44,0.0,0.123239563895776,-0.7304170035653912,1.056401224630453,621.6058135032654,0.0
13,waypoint_44,0.0,0.123239563895776,-0.7304170035653912,1.056401224630453,650.4490971565247,0.0
14,waypoint_44,0.0,0.123239563895776,-0.7304170035653912,1.056401224630453,773.5056281089783,0.0
0,waypoint_44,-15.0,0.123239563895776,-0.7304170035653912,1.056401224630453,4076.779365539551,0.0
1,waypoint_44,-15.0,0.123239563895776,-0.7304170035653912,1.056401224630453,3168.8156127929688,0.0
2,waypoint_44,-15.0,0.123239563895776,-0.7304170035653912,1.056401224630453,3139.249324798584,0.0
3,waypoint_44,-15.0,0.123239563895776,-0.7304170035653912,1.056401224630453,1343.0984020233154,0.0
4,waypoint_44,-15.0,0.123239563895776,-0.7304170035653912,1.056401224630453,1464.9637937545776,0.0
5,waypoint_44,-15.0,0.123239563895776,-0.7304170035653912,1.056401224630453,2190.479278564453,0.0
6,waypoint_44,-15.0,0.123239563895776,-0.7304170035653912,1.056401224630453,2647.6736068725586,0.0
7,waypoint_44,-15.0,0.123239563895776,-0.7304170035653912,1.056401224630453,1747.225046157837,0.0
8,waypoint_44,-15.0,0.123239563895776,-0.7304170035653912,1.056401224630453,408.43668580055237,0.0
9,waypoint_44,-15.0,0.123239563895776,-0.7304170035653912,1.056401224630453,1103.0244827270508,0.0
10,waypoint_44,-15.0,0.123239563895776,-0.7304170035653912,1.056401224630453,860.4933023452759,0.0
11,waypoint_44,-15.0,0.123239563895776,-0.7304170035653912,1.056401224630453,886.650800704956,0.0
12,waypoint_44,-15.0,0.123239563895776,-0.7304170035653912,1.056401224630453,654.2961001396179,0.0
13,waypoint_44,-15.0,0.123239563895776,-0.7304170035653912,1.056401224630453,663.2214784622192,0.0
14,waypoint_44,-15.0,0.123239563895776,-0.7304170035653912,1.056401224630453,833.2003951072693,0.0
0,waypoint_44,-30.0,0.123239563895776,-0.7304170035653912,1.056401224630453,4021.93546295166,0.0
1,waypoint_44,-30.0,0.123239563895776,-0.7304170035653912,1.056401224630453,3166.898012161255,0.0
2,waypoint_44,-30.0,0.123239563895776,-0.7304170035653912,1.056401224630453,2974.6029376983643,0.0
3,waypoint_44,-30.0,0.123239563895776,-0.7304170035653912,1.056401224630453,1230.263113975525,0.0
4,waypoint_44,-30.0,0.123239563895776,-0.7304170035653912,1.056401224630453,1465.8087491989136,0.0
5,waypoint_44,-30.0,0.123239563895776,-0.7304170035653912,1.056401224630453,2230.491876602173,0.0
6,waypoint_44,-30.0,0.123239563895776,-0.7304170035653912,1.056401224630453,2686.352014541626,0.0
7,waypoint_44,-30.0,0.123239563895776,-0.7304170035653912,1.056401224630453,1543.229341506958,0.0
8,waypoint_44,-30.0,0.123239563895776,-0.7304170035653912,1.056401224630453,388.78896832466125,0.0
9,waypoint_44,-30.0,0.123239563895776,-0.7304170035653912,1.056401224630453,1137.677550315857,0.0
10,waypoint_44,-30.0,0.123239563895776,-0.7304170035653912,1.056401224630453,856.6669225692749,0.0
11,waypoint_44,-30.0,0.123239563895776,-0.7304170035653912,1.056401224630453,516.686201095581,0.0
12,waypoint_44,-30.0,0.123239563895776,-0.7304170035653912,1.056401224630453,692.3536658287048,0.0
13,waypoint_44,-30.0,0.123239563895776,-0.7304170035653912,1.056401224630453,678.0455708503723,0.0
14,waypoint_44,-30.0,0.123239563895776,-0.7304170035653912,1.056401224630453,887.1357440948486,0.0
0,waypoint_45,-30.0,0.14323956389577558,-0.7304170035653912,1.056401224630453,4030.3735733032227,0.0
1,waypoint_45,-30.0,0.14323956389577558,-0.7304170035653912,1.056401224630453,3167.1550273895264,0.0
2,waypoint_45,-30.0,0.14323956389577558,-0.7304170035653912,1.056401224630453,2992.4261569976807,0.0
3,waypoint_45,-30.0,0.14323956389577558,-0.7304170035653912,1.056401224630453,1252.5585889816284,0.0
4,waypoint_45,-30.0,0.14323956389577558,-0.7304170035653912,1.056401224630453,1446.035623550415,0.0
5,waypoint_45,-30.0,0.14323956389577558,-0.7304170035653912,1.056401224630453,2224.6549129486084,0.0
6,waypoint_45,-30.0,0.14323956389577558,-0.7304170035653912,1.056401224630453,2663.377285003662,0.0
7,waypoint_45,-30.0,0.14323956389577558,-0.7304170035653912,1.056401224630453,1983.0989837646484,0.0
8,waypoint_45,-30.0,0.14323956389577558,-0.7304170035653912,1.056401224630453,398.40489625930786,0.0
9,waypoint_45,-30.0,0.14323956389577558,-0.7304170035653912,1.056401224630453,1152.9213190078735,0.0
10,waypoint_45,-30.0,0.14323956389577558,-0.7304170035653912,1.056401224630453,874.6811747550964,0.0
11,waypoint_45,-30.0,0.14323956389577558,-0.7304170035653912,1.056401224630453,530.9505462646484,0.0
12,waypoint_45,-30.0,0.14323956389577558,-0.7304170035653912,1.056401224630453,702.2681832313538,0.0
13,waypoint_45,-30.0,0.14323956389577558,-0.7304170035653912,1.056401224630453,688.5665655136108,0.0
14,waypoint_45,-30.0,0.14323956389577558,-0.7304170035653912,1.056401224630453,896.7497944831848,0.0
0,waypoint_45,-15.0,0.14323956389577558,-0.7304170035653912,1.056401224630453,4053.156852722168,0.0
1,waypoint_45,-15.0,0.14323956389577558,-0.7304170035653912,1.056401224630453,3168.9624786376953,0.0
2,waypoint_45,-15.0,0.14323956389577558,-0.7304170035653912,1.056401224630453,2934.4730377197266,0.0
3,waypoint_45,-15.0,0.14323956389577558,-0.7304170035653912,1.056401224630453,1357.478141784668,0.0
4,waypoint_45,-15.0,0.14323956389577558,-0.7304170035653912,1.056401224630453,1445.1590776443481,0.0
5,waypoint_45,-15.0,0.14323956389577558,-0.7304170035653912,1.056401224630453,2184.6261024475098,0.0
6,waypoint_45,-15.0,0.14323956389577558,-0.7304170035653912,1.056401224630453,2637.7651691436768,0.0
7,waypoint_45,-15.0,0.14323956389577558,-0.7304170035653912,1.056401224630453,1405.2120447158813,0.0
8,waypoint_45,-15.0,0.14323956389577558,-0.7304170035653912,1.056401224630453,413.18270564079285,0.0
9,waypoint_45,-15.0,0.14323956389577558,-0.7304170035653912,1.056401224630453,1111.2291812896729,0.0
10,waypoint_45,-15.0,0.14323956389577558,-0.7304170035653912,1.056401224630453,876.6326904296875,0.0
11,waypoint_45,-15.0,0.14323956389577558,-0.7304170035653912,1.056401224630453,743.8980340957642,0.0
12,waypoint_45,-15.0,0.14323956389577558,-0.7304170035653912,1.056401224630453,670.190691947937,0.0
13,waypoint_45,-15.0,0.14323956389577558,-0.7304170035653912,1.056401224630453,674.4966506958008,0.0
14,waypoint_45,-15.0,0.14323956389577558,-0.7304170035653912,1.056401224630453,875.180184841156,0.0
0,waypoint_45,0.0,0.14323956389577558,-0.7304170035653912,1.056401224630453,4092.7319526672363,0.0
1,waypoint_45,0.0,0.14323956389577558,-0.7304170035653912,1.056401224630453,3172.5690364837646,0.0
2,waypoint_45,0.0,0.14323956389577558,-0.7304170035653912,1.056401224630453,3186.5406036376953,0.0
3,waypoint_45,0.0,0.14323956389577558,-0.7304170035653912,1.056401224630453,1349.780559539795,0.0
4,waypoint_45,0.0,0.14323956389577558,-0.7304170035653912,1.056401224630453,1444.926381111145,0.0
5,waypoint_45,0.0,0.14323956389577558,-0.7304170035653912,1.056401224630453,1734.0904474258423,0.0
6,waypoint_45,0.0,0.14323956389577558,-0.7304170035653912,1.056401224630453,2644.5183753967285,0.0
7,waypoint_45,0.0,0.14323956389577558,-0.7304170035653912,1.056401224630453,1674.799084663391,0.0
8,waypoint_45,0.0,0.14323956389577558,-0.7304170035653912,1.056401224630453,457.580029964447,0.0
9,waypoint_45,0.0,0.14323956389577558,-0.7304170035653912,1.056401224630453,1072.7190971374512,0.0
10,waypoint_45,0.0,0.14323956389577558,-0.7304170035653912,1.056401224630453,877.0758509635925,0.0
11,waypoint_45,0.0,0.14323956389577558,-0.7304170035653912,1.056401224630453,759.6951127052307,0.0
12,waypoint_45,0.0,0.14323956389577558,-0.7304170035653912,1.056401224630453,631.4125061035156,0.0
13,waypoint_45,0.0,0.14323956389577558,-0.7304170035653912,1.056401224630453,661.4442467689514,0.0
14,waypoint_45,0.0,0.14323956389577558,-0.7304170035653912,1.056401224630453,834.7253799438477,0.0
0,waypoint_45,15.0,0.14323956389577558,-0.7304170035653912,1.056401224630453,4063.0459785461426,0.0
1,waypoint_45,15.0,0.14323956389577558,-0.7304170035653912,1.056401224630453,3176.9816875457764,0.0
2,waypoint_45,15.0,0.14323956389577558,-0.7304170035653912,1.056401224630453,3150.3353118896484,0.0
3,waypoint_45,15.0,0.14323956389577558,-0.7304170035653912,1.056401224630453,1372.0191717147827,0.0
4,waypoint_45,15.0,0.14323956389577558,-0.7304170035653912,1.056401224630453,1444.7810649871826,0.0
5,waypoint_45,15.0,0.14323956389577558,-0.7304170035653912,1.056401224630453,1660.9262228012085,0.0
6,waypoint_45,15.0,0.14323956389577558,-0.7304170035653912,1.056401224630453,2637.614965438843,0.0
7,waypoint_45,15.0,0.14323956389577558,-0.7304170035653912,1.056401224630453,1623.0504512786865,0.0
8,waypoint_45,15.0,0.14323956389577558,-0.7304170035653912,1.056401224630453,444.997102022171,0.0
9,waypoint_45,15.0,0.14323956389577558,-0.7304170035653912,1.056401224630453,960.1698517799377,0.0
10,waypoint_45,15.0,0.14323956389577558,-0.7304170035653912,1.056401224630453,870.5516457557678,0.0
11,waypoint_45,15.0,0.14323956389577558,-0.7304170035653912,1.056401224630453,713.5624289512634,0.0
12,waypoint_45,15.0,0.14323956389577558,-0.7304170035653912,1.056401224630453,600.7083654403687,0.0
13,waypoint_45,15.0,0.14323956389577558,-0.7304170035653912,1.056401224630453,651.9585847854614,0.0
14,waypoint_45,15.0,0.14323956389577558,-0.7304170035653912,1.056401224630453,764.794111251831,0.0
0,waypoint_45,30.0,0.14323956389577558,-0.7304170035653912,1.056401224630453,4080.1072120666504,0.0
1,waypoint_45,30.0,0.14323956389577558,-0.7304170035653912,1.056401224630453,3181.180238723755,0.0
2,waypoint_45,30.0,0.14323956389577558,-0.7304170035653912,1.056401224630453,3134.030342102051,0.0
3,waypoint_45,30.0,0.14323956389577558,-0.7304170035653912,1.056401224630453,1353.5351753234863,0.0
4,waypoint_45,30.0,0.14323956389577558,-0.7304170035653912,1.056401224630453,1445.420503616333,0.0
5,waypoint_45,30.0,0.14323956389577558,-0.7304170035653912,1.056401224630453,1748.4251260757446,0.0
6,waypoint_45,30.0,0.14323956389577558,-0.7304170035653912,1.056401224630453,2635.852813720703,0.0
7,waypoint_45,30.0,0.14323956389577558,-0.7304170035653912,1.056401224630453,1202.214002609253,0.0
8,waypoint_45,30.0,0.14323956389577558,-0.7304170035653912,1.056401224630453,531.5054655075073,0.0
9,waypoint_45,30.0,0.14323956389577558,-0.7304170035653912,1.056401224630453,939.7308230400085,0.0
10,waypoint_45,30.0,0.14323956389577558,-0.7304170035653912,1.056401224630453,864.3510341644287,0.0
11,waypoint_45,30.0,0.14323956389577558,-0.7304170035653912,1.056401224630453,728.0288934707642,0.0
12,waypoint_45,30.0,0.14323956389577558,-0.7304170035653912,1.056401224630453,572.3585486412048,0.0
13,waypoint_45,30.0,0.14323956389577558,-0.7304170035653912,1.056401224630453,640.8588886260986,0.0
14,waypoint_45,30.0,0.14323956389577558,-0.7304170035653912,1.056401224630453,694.0640211105347,0.0
0,waypoint_46,30.0,0.1632395638957752,-0.7304170035653912,1.056401224630453,4172.220706939697,0.0
1,waypoint_46,30.0,0.1632395638957752,-0.7304170035653912,1.056401224630453,3181.2920570373535,0.0
2,waypoint_46,30.0,0.1632395638957752,-0.7304170035653912,1.056401224630453,3129.913806915283,0.0
3,waypoint_46,30.0,0.1632395638957752,-0.7304170035653912,1.056401224630453,1332.821011543274,0.0
4,waypoint_46,30.0,0.1632395638957752,-0.7304170035653912,1.056401224630453,1425.7400035858154,0.0
5,waypoint_46,30.0,0.1632395638957752,-0.7304170035653912,1.056401224630453,1738.8651371002197,0.0
6,waypoint_46,30.0,0.1632395638957752,-0.7304170035653912,1.056401224630453,2613.1715774536133,0.0
7,waypoint_46,30.0,0.1632395638957752,-0.7304170035653912,1.056401224630453,1240.87655544281,0.0
8,waypoint_46,30.0,0.1632395638957752,-0.7304170035653912,1.056401224630453,540.2902364730835,0.0
9,waypoint_46,30.0,0.1632395638957752,-0.7304170035653912,1.056401224630453,957.3407769203186,0.0
10,waypoint_46,30.0,0.1632395638957752,-0.7304170035653912,1.056401224630453,887.9250288009644,0.0
11,waypoint_46,30.0,0.1632395638957752,-0.7304170035653912,1.056401224630453,743.2311773300171,0.0
12,waypoint_46,30.0,0.1632395638957752,-0.7304170035653912,1.056401224630453,584.113359451294,0.0
13,waypoint_46,30.0,0.1632395638957752,-0.7304170035653912,1.056401224630453,652.3991227149963,0.0
14,waypoint_46,30.0,0.1632395638957752,-0.7304170035653912,1.056401224630453,674.8813390731812,0.0
0,waypoint_46,15.0,0.1632395638957752,-0.7304170035653912,1.056401224630453,4147.62544631958,0.0
1,waypoint_46,15.0,0.1632395638957752,-0.7304170035653912,1.056401224630453,3177.1018505096436,0.0
2,waypoint_46,15.0,0.1632395638957752,-0.7304170035653912,1.056401224630453,3102.818727493286,0.0
3,waypoint_46,15.0,0.1632395638957752,-0.7304170035653912,1.056401224630453,1374.68421459198,0.0
4,waypoint_46,15.0,0.1632395638957752,-0.7304170035653912,1.056401224630453,1425.0502586364746,0.0
5,waypoint_46,15.0,0.1632395638957752,-0.7304170035653912,1.056401224630453,1651.2666940689087,0.0
6,waypoint_46,15.0,0.1632395638957752,-0.7304170035653912,1.056401224630453,2614.9492263793945,0.0
7,waypoint_46,15.0,0.1632395638957752,-0.7304170035653912,1.056401224630453,1477.3051738739014,0.0
8,waypoint_46,15.0,0.1632395638957752,-0.7304170035653912,1.056401224630453,480.2291691303253,0.0
9,waypoint_46,15.0,0.1632395638957752,-0.7304170035653912,1.056401224630453,982.5415015220642,0.0
10,waypoint_46,15.0,0.1632395638957752,-0.7304170035653912,1.056401224630453,897.6716995239258,0.0
11,waypoint_46,15.0,0.1632395638957752,-0.7304170035653912,1.056401224630453,727.9080748558044,0.0
12,waypoint_46,15.0,0.1632395638957752,-0.7304170035653912,1.056401224630453,609.6723675727844,0.0
13,waypoint_46,15.0,0.1632395638957752,-0.7304170035653912,1.056401224630453,662.9003882408142,0.0
14,waypoint_46,15.0,0.1632395638957752,-0.7304170035653912,1.056401224630453,782.3964953422546,0.0
0,waypoint_46,0.0,0.1632395638957752,-0.7304170035653912,1.056401224630453,4124.639511108398,0.0
1,waypoint_46,0.0,0.1632395638957752,-0.7304170035653912,1.056401224630453,3172.738790512085,0.0
2,waypoint_46,0.0,0.1632395638957752,-0.7304170035653912,1.056401224630453,3118.333101272583,0.0
3,waypoint_46,0.0,0.1632395638957752,-0.7304170035653912,1.056401224630453,1408.0252647399902,0.0
4,waypoint_46,0.0,0.1632395638957752,-0.7304170035653912,1.056401224630453,1425.3267049789429,0.0
5,waypoint_46,0.0,0.1632395638957752,-0.7304170035653912,1.056401224630453,1725.4995107650757,0.0
6,waypoint_46,0.0,0.1632395638957752,-0.7304170035653912,1.056401224630453,2624.971628189087,0.0
7,waypoint_46,0.0,0.1632395638957752,-0.7304170035653912,1.056401224630453,1673.5349893569946,0.0
8,waypoint_46,0.0,0.1632395638957752,-0.7304170035653912,1.056401224630453,470.4616963863373,0.0
9,waypoint_46,0.0,0.1632395638957752,-0.7304170035653912,1.056401224630453,1044.527530670166,0.0
10,waypoint_46,0.0,0.1632395638957752,-0.7304170035653912,1.056401224630453,900.515615940094,0.0
11,waypoint_46,0.0,0.1632395638957752,-0.7304170035653912,1.056401224630453,795.7406044006348,0.0
12,waypoint_46,0.0,0.1632395638957752,-0.7304170035653912,1.056401224630453,641.022801399231,0.0
13,waypoint_46,0.0,0.1632395638957752,-0.7304170035653912,1.056401224630453,672.511637210846,0.0
14,waypoint_46,0.0,0.1632395638957752,-0.7304170035653912,1.056401224630453,773.0022072792053,0.0
0,waypoint_46,-15.0,0.1632395638957752,-0.7304170035653912,1.056401224630453,4056.1413764953613,0.0
1,waypoint_46,-15.0,0.1632395638957752,-0.7304170035653912,1.056401224630453,3169.2166328430176,0.0
2,waypoint_46,-15.0,0.1632395638957752,-0.7304170035653912,1.056401224630453,3075.685739517212,0.0
3,waypoint_46,-15.0,0.1632395638957752,-0.7304170035653912,1.056401224630453,1331.725835800171,0.0
4,waypoint_46,-15.0,0.1632395638957752,-0.7304170035653912,1.056401224630453,1425.7007837295532,0.0
5,waypoint_46,-15.0,0.1632395638957752,-0.7304170035653912,1.056401224630453,2179.2171001434326,0.0
6,waypoint_46,-15.0,0.1632395638957752,-0.7304170035653912,1.056401224630453,2617.7330017089844,0.0
7,waypoint_46,-15.0,0.1632395638957752,-0.7304170035653912,1.056401224630453,1747.5574016571045,0.0
8,waypoint_46,-15.0,0.1632395638957752,-0.7304170035653912,1.056401224630453,423.24453592300415,0.0
9,waypoint_46,-15.0,0.1632395638957752,-0.7304170035653912,1.056401224630453,1132.7844858169556,0.0
10,waypoint_46,-15.0,0.1632395638957752,-0.7304170035653912,1.056401224630453,899.1643190383911,0.0
11,waypoint_46,-15.0,0.1632395638957752,-0.7304170035653912,1.056401224630453,777.6831984519958,0.0
12,waypoint_46,-15.0,0.1632395638957752,-0.7304170035653912,1.056401224630453,672.8548407554626,0.0
13,waypoint_46,-15.0,0.1632395638957752,-0.7304170035653912,1.056401224630453,684.996485710144,0.0
14,waypoint_46,-15.0,0.1632395638957752,-0.7304170035653912,1.056401224630453,874.2271661758423,0.0
0,waypoint_46,-30.0,0.1632395638957752,-0.7304170035653912,1.056401224630453,4051.365375518799,0.0
1,waypoint_46,-30.0,0.1632395638957752,-0.7304170035653912,1.056401224630453,3167.527198791504,0.0
2,waypoint_46,-30.0,0.1632395638957752,-0.7304170035653912,1.056401224630453,2966.109275817871,0.0
3,waypoint_46,-30.0,0.1632395638957752,-0.7304170035653912,1.056401224630453,1205.2608728408813,0.0
4,waypoint_46,-30.0,0.1632395638957752,-0.7304170035653912,1.056401224630453,1426.4273643493652,0.0
5,waypoint_46,-30.0,0.1632395638957752,-0.7304170035653912,1.056401224630453,2218.2912826538086,0.0
6,waypoint_46,-30.0,0.1632395638957752,-0.7304170035653912,1.056401224630453,2643.908739089966,0.0
7,waypoint_46,-30.0,0.1632395638957752,-0.7304170035653912,1.056401224630453,1369.6296215057373,0.0
8,waypoint_46,-30.0,0.1632395638957752,-0.7304170035653912,1.056401224630453,401.5917778015137,0.0
9,waypoint_46,-30.0,0.1632395638957752,-0.7304170035653912,1.056401224630453,1174.354910850525,0.0
10,waypoint_46,-30.0,0.1632395638957752,-0.7304170035653912,1.056401224630453,997.0869421958923,0.0
11,waypoint_46,-30.0,0.1632395638957752,-0.7304170035653912,1.056401224630453,886.4114880561829,0.0
12,waypoint_46,-30.0,0.1632395638957752,-0.7304170035653912,1.056401224630453,711.0142111778259,0.0
13,waypoint_46,-30.0,0.1632395638957752,-0.7304170035653912,1.056401224630453,698.4004378318787,0.0
14,waypoint_46,-30.0,0.1632395638957752,-0.7304170035653912,1.056401224630453,845.2935218811035,0.0
0,waypoint_47,-30.0,0.1832395638957754,-0.7304170035653912,1.056401224630453,4065.9937858581543,0.0
1,waypoint_47,-30.0,0.1832395638957754,-0.7304170035653912,1.056401224630453,3168.016195297241,0.0
2,waypoint_47,-30.0,0.1832395638957754,-0.7304170035653912,1.056401224630453,2969.141960144043,0.0
3,waypoint_47,-30.0,0.1832395638957754,-0.7304170035653912,1.056401224630453,1178.566813468933,0.0
4,waypoint_47,-30.0,0.1832395638957754,-0.7304170035653912,1.056401224630453,1406.695008277893,0.0
5,waypoint_47,-30.0,0.1832395638957754,-0.7304170035653912,1.056401224630453,2212.8188610076904,0.0
6,waypoint_47,-30.0,0.1832395638957754,-0.7304170035653912,1.056401224630453,2624.4821548461914,0.0
7,waypoint_47,-30.0,0.1832395638957754,-0.7304170035653912,1.056401224630453,1625.862717628479,0.0
8,waypoint_47,-30.0,0.1832395638957754,-0.7304170035653912,1.056401224630453,406.1875343322754,0.0
9,waypoint_47,-30.0,0.1832395638957754,-0.7304170035653912,1.056401224630453,1189.8703575134277,0.0
10,waypoint_47,-30.0,0.1832395638957754,-0.7304170035653912,1.056401224630453,1013.5271549224854,0.0
11,waypoint_47,-30.0,0.1832395638957754,-0.7304170035653912,1.056401224630453,899.788498878479,0.0
12,waypoint_47,-30.0,0.1832395638957754,-0.7304170035653912,1.056401224630453,721.8044996261597,0.0
13,waypoint_47,-30.0,0.1832395638957754,-0.7304170035653912,1.056401224630453,709.769070148468,0.0
14,waypoint_47,-30.0,0.1832395638957754,-0.7304170035653912,1.056401224630453,911.9236469268799,0.0
0,waypoint_47,-15.0,0.1832395638957754,-0.7304170035653912,1.056401224630453,4136.860370635986,0.0
1,waypoint_47,-15.0,0.1832395638957754,-0.7304170035653912,1.056401224630453,3169.5845127105713,0.0
2,waypoint_47,-15.0,0.1832395638957754,-0.7304170035653912,1.056401224630453,2946.2943077087402,0.0
3,waypoint_47,-15.0,0.1832395638957754,-0.7304170035653912,1.056401224630453,1339.5565748214722,0.0
4,waypoint_47,-15.0,0.1832395638957754,-0.7304170035653912,1.056401224630453,1405.9127569198608,0.0
5,waypoint_47,-15.0,0.1832395638957754,-0.7304170035653912,1.056401224630453,2174.208402633667,0.0
6,waypoint_47,-15.0,0.1832395638957754,-0.7304170035653912,1.056401224630453,2601.290464401245,0.0
7,waypoint_47,-15.0,0.1832395638957754,-0.7304170035653912,1.056401224630453,1345.4535007476807,0.0
8,waypoint_47,-15.0,0.1832395638957754,-0.7304170035653912,1.056401224630453,421.02324962615967,0.0
9,waypoint_47,-15.0,0.1832395638957754,-0.7304170035653912,1.056401224630453,1138.4812593460083,0.0
10,waypoint_47,-15.0,0.1832395638957754,-0.7304170035653912,1.056401224630453,1016.8393850326538,0.0
11,waypoint_47,-15.0,0.1832395638957754,-0.7304170035653912,1.056401224630453,873.4180331230164,0.0
12,waypoint_47,-15.0,0.1832395638957754,-0.7304170035653912,1.056401224630453,690.0057792663574,0.0
13,waypoint_47,-15.0,0.1832395638957754,-0.7304170035653912,1.056401224630453,697.1103549003601,0.0
14,waypoint_47,-15.0,0.1832395638957754,-0.7304170035653912,1.056401224630453,860.7246279716492,0.0
0,waypoint_47,0.0,0.1832395638957754,-0.7304170035653912,1.056401224630453,4150.844097137451,0.0
1,waypoint_47,0.0,0.1832395638957754,-0.7304170035653912,1.056401224630453,3173.018217086792,0.0
2,waypoint_47,0.0,0.1832395638957754,-0.7304170035653912,1.056401224630453,3122.490167617798,0.0
3,waypoint_47,0.0,0.1832395638957754,-0.7304170035653912,1.056401224630453,1326.9343376159668,0.0
4,waypoint_47,0.0,0.1832395638957754,-0.7304170035653912,1.056401224630453,1405.61044216156,0.0
5,waypoint_47,0.0,0.1832395638957754,-0.7304170035653912,1.056401224630453,1720.2658653259277,0.0
6,waypoint_47,0.0,0.1832395638957754,-0.7304170035653912,1.056401224630453,2605.4699420928955,0.0
7,waypoint_47,0.0,0.1832395638957754,-0.7304170035653912,1.056401224630453,1628.4737586975098,0.0
8,waypoint_47,0.0,0.1832395638957754,-0.7304170035653912,1.056401224630453,447.7715790271759,0.0
9,waypoint_47,0.0,0.1832395638957754,-0.7304170035653912,1.056401224630453,1110.2890968322754,0.0
10,waypoint_47,0.0,0.1832395638957754,-0.7304170035653912,1.056401224630453,1019.4846391677856,0.0
11,waypoint_47,0.0,0.1832395638957754,-0.7304170035653912,1.056401224630453,891.3938999176025,0.0
12,waypoint_47,0.0,0.1832395638957754,-0.7304170035653912,1.056401224630453,651.0971188545227,0.0
13,waypoint_47,0.0,0.1832395638957754,-0.7304170035653912,1.056401224630453,684.369146823883,0.0
14,waypoint_47,0.0,0.1832395638957754,-0.7304170035653912,1.056401224630453,820.3286528587341,0.0
0,waypoint_47,15.0,0.1832395638957754,-0.7304170035653912,1.056401224630453,4101.45378112793,0.0
1,waypoint_47,15.0,0.1832395638957754,-0.7304170035653912,1.056401224630453,3177.3383617401123,0.0
2,waypoint_47,15.0,0.1832395638957754,-0.7304170035653912,1.056401224630453,3103.233814239502,0.0
3,waypoint_47,15.0,0.1832395638957754,-0.7304170035653912,1.056401224630453,1338.1524085998535,0.0
4,waypoint_47,15.0,0.1832395638957754,-0.7304170035653912,1.056401224630453,1405.340552330017,0.0
5,waypoint_47,15.0,0.1832395638957754,-0.7304170035653912,1.056401224630453,1641.7620182037354,0.0
6,waypoint_47,15.0,0.1832395638957754,-0.7304170035653912,1.056401224630453,2593.6179161071777,0.0
7,waypoint_47,15.0,0.1832395638957754,-0.7304170035653912,1.056401224630453,1441.7463541030884,0.0
8,waypoint_47,15.0,0.1832395638957754,-0.7304170035653912,1.056401224630453,481.77191615104675,0.0
9,waypoint_47,15.0,0.1832395638957754,-0.7304170035653912,1.056401224630453,1004.4745206832886,0.0
10,waypoint_47,15.0,0.1832395638957754,-0.7304170035653912,1.056401224630453,928.3413290977478,0.0
11,waypoint_47,15.0,0.1832395638957754,-0.7304170035653912,1.056401224630453,852.6458740234375,0.0
12,waypoint_47,15.0,0.1832395638957754,-0.7304170035653912,1.056401224630453,620.8184361457825,0.0
13,waypoint_47,15.0,0.1832395638957754,-0.7304170035653912,1.056401224630453,674.2855906486511,0.0
14,waypoint_47,15.0,0.1832395638957754,-0.7304170035653912,1.056401224630453,761.4067792892456,0.0
0,waypoint_47,30.0,0.1832395638957754,-0.7304170035653912,1.056401224630453,4145.3142166137695,0.0
1,waypoint_47,30.0,0.1832395638957754,-0.7304170035653912,1.056401224630453,3181.5109252929688,0.0
2,waypoint_47,30.0,0.1832395638957754,-0.7304170035653912,1.056401224630453,3083.1594467163086,0.0
3,waypoint_47,30.0,0.1832395638957754,-0.7304170035653912,1.056401224630453,1365.2068376541138,0.0
4,waypoint_47,30.0,0.1832395638957754,-0.7304170035653912,1.056401224630453,1406.0715436935425,0.0
5,waypoint_47,30.0,0.1832395638957754,-0.7304170035653912,1.056401224630453,1729.4636964797974,0.0
6,waypoint_47,30.0,0.1832395638957754,-0.7304170035653912,1.056401224630453,2594.463586807251,0.0
7,waypoint_47,30.0,0.1832395638957754,-0.7304170035653912,1.056401224630453,1239.5039796829224,0.0
8,waypoint_47,30.0,0.1832395638957754,-0.7304170035653912,1.056401224630453,512.2723579406738,0.0
9,waypoint_47,30.0,0.1832395638957754,-0.7304170035653912,1.056401224630453,978.1669974327087,0.0
10,waypoint_47,30.0,0.1832395638957754,-0.7304170035653912,1.056401224630453,916.0824418067932,0.0
11,waypoint_47,30.0,0.1832395638957754,-0.7304170035653912,1.056401224630453,773.714005947113,0.0
12,waypoint_47,30.0,0.1832395638957754,-0.7304170035653912,1.056401224630453,594.3329334259033,0.0
13,waypoint_47,30.0,0.1832395638957754,-0.7304170035653912,1.056401224630453,664.6479964256287,0.0
14,waypoint_47,30.0,0.1832395638957754,-0.7304170035653912,1.056401224630453,657.499372959137,0.0
0,waypoint_48,30.0,0.2032395638957752,-0.7304170035653912,1.056401224630453,4193.485736846924,0.0
1,waypoint_48,30.0,0.2032395638957752,-0.7304170035653912,1.056401224630453,3181.838035583496,0.0
2,waypoint_48,30.0,0.2032395638957752,-0.7304170035653912,1.056401224630453,3122.844457626343,0.0
3,waypoint_48,30.0,0.2032395638957752,-0.7304170035653912,1.056401224630453,1316.1840438842773,0.0
4,waypoint_48,30.0,0.2032395638957752,-0.7304170035653912,1.056401224630453,1386.3946199417114,0.0
5,waypoint_48,30.0,0.2032395638957752,-0.7304170035653912,1.056401224630453,1720.2060222625732,0.0
6,waypoint_48,30.0,0.2032395638957752,-0.7304170035653912,1.056401224630453,2584.4829082489014,0.0
7,waypoint_48,30.0,0.2032395638957752,-0.7304170035653912,1.056401224630453,1368.0108785629272,0.0
8,waypoint_48,30.0,0.2032395638957752,-0.7304170035653912,1.056401224630453,530.0300717353821,0.0
9,waypoint_48,30.0,0.2032395638957752,-0.7304170035653912,1.056401224630453,998.940110206604,0.0
10,waypoint_48,30.0,0.2032395638957752,-0.7304170035653912,1.056401224630453,932.8312873840332,0.0
11,waypoint_48,30.0,0.2032395638957752,-0.7304170035653912,1.056401224630453,792.1129465103149,0.0
12,waypoint_48,30.0,0.2032395638957752,-0.7304170035653912,1.056401224630453,606.8717241287231,0.0
13,waypoint_48,30.0,0.2032395638957752,-0.7304170035653912,1.056401224630453,677.1723628044128,0.0
14,waypoint_48,30.0,0.2032395638957752,-0.7304170035653912,1.056401224630453,643.5574889183044,0.0
0,waypoint_48,15.0,0.2032395638957752,-0.7304170035653912,1.056401224630453,4161.490440368652,0.0
1,waypoint_48,15.0,0.2032395638957752,-0.7304170035653912,1.056401224630453,3177.67596244812,0.0
2,waypoint_48,15.0,0.2032395638957752,-0.7304170035653912,1.056401224630453,3132.30562210083,0.0
3,waypoint_48,15.0,0.2032395638957752,-0.7304170035653912,1.056401224630453,1305.6155443191528,0.0
4,waypoint_48,15.0,0.2032395638957752,-0.7304170035653912,1.056401224630453,1385.5451345443726,0.0
5,waypoint_48,15.0,0.2032395638957752,-0.7304170035653912,1.056401224630453,1632.4152946472168,0.0
6,waypoint_48,15.0,0.2032395638957752,-0.7304170035653912,1.056401224630453,2589.754104614258,0.0
7,waypoint_48,15.0,0.2032395638957752,-0.7304170035653912,1.056401224630453,1590.7191038131714,0.0
8,waypoint_48,15.0,0.2032395638957752,-0.7304170035653912,1.056401224630453,515.5260562896729,0.0
9,waypoint_48,15.0,0.2032395638957752,-0.7304170035653912,1.056401224630453,1025.123953819275,0.0
10,waypoint_48,15.0,0.2032395638957752,-0.7304170035653912,1.056401224630453,938.368022441864,0.0
11,waypoint_48,15.0,0.2032395638957752,-0.7304170035653912,1.056401224630453,747.2708821296692,0.0
12,waypoint_48,15.0,0.2032395638957752,-0.7304170035653912,1.056401224630453,631.2775611877441,0.0
13,waypoint_48,15.0,0.2032395638957752,-0.7304170035653912,1.056401224630453,686.2303614616394,0.0
14,waypoint_48,15.0,0.2032395638957752,-0.7304170035653912,1.056401224630453,787.7736687660217,0.0
0,waypoint_48,0.0,0.2032395638957752,-0.7304170035653912,1.056401224630453,4141.806125640869,0.0
1,waypoint_48,0.0,0.2032395638957752,-0.7304170035653912,1.056401224630453,3173.405170440674,0.0
2,waypoint_48,0.0,0.2032395638957752,-0.7304170035653912,1.056401224630453,3091.9132232666016,0.0
3,waypoint_48,0.0,0.2032395638957752,-0.7304170035653912,1.056401224630453,1312.2751712799072,0.0
4,waypoint_48,0.0,0.2032395638957752,-0.7304170035653912,1.056401224630453,1385.8668804168701,0.0
5,waypoint_48,0.0,0.2032395638957752,-0.7304170035653912,1.056401224630453,1713.8251066207886,0.0
6,waypoint_48,0.0,0.2032395638957752,-0.7304170035653912,1.056401224630453,2581.772804260254,0.0
7,waypoint_48,0.0,0.2032395638957752,-0.7304170035653912,1.056401224630453,1655.4466485977173,0.0
8,waypoint_48,0.0,0.2032395638957752,-0.7304170035653912,1.056401224630453,501.3688802719116,0.0
9,waypoint_48,0.0,0.2032395638957752,-0.7304170035653912,1.056401224630453,1080.5761814117432,0.0
10,waypoint_48,0.0,0.2032395638957752,-0.7304170035653912,1.056401224630453,944.169282913208,0.0
11,waypoint_48,0.0,0.2032395638957752,-0.7304170035653912,1.056401224630453,761.0154151916504,0.0
12,waypoint_48,0.0,0.2032395638957752,-0.7304170035653912,1.056401224630453,662.0478630065918,0.0
13,waypoint_48,0.0,0.2032395638957752,-0.7304170035653912,1.056401224630453,696.4340806007385,0.0
14,waypoint_48,0.0,0.2032395638957752,-0.7304170035653912,1.056401224630453,795.2365279197693,0.0
0,waypoint_48,-15.0,0.2032395638957752,-0.7304170035653912,1.056401224630453,4094.2788124084473,0.0
1,waypoint_48,-15.0,0.2032395638957752,-0.7304170035653912,1.056401224630453,3170.060396194458,0.0
2,waypoint_48,-15.0,0.2032395638957752,-0.7304170035653912,1.056401224630453,2936.3372325897217,0.0
3,waypoint_48,-15.0,0.2032395638957752,-0.7304170035653912,1.056401224630453,1302.1810054779053,0.0
4,waypoint_48,-15.0,0.2032395638957752,-0.7304170035653912,1.056401224630453,1386.2409591674805,0.0
5,waypoint_48,-15.0,0.2032395638957752,-0.7304170035653912,1.056401224630453,2169.095277786255,0.0
6,waypoint_48,-15.0,0.2032395638957752,-0.7304170035653912,1.056401224630453,2578.3510208129883,0.0
7,waypoint_48,-15.0,0.2032395638957752,-0.7304170035653912,1.056401224630453,1736.1955642700195,0.0
8,waypoint_48,-15.0,0.2032395638957752,-0.7304170035653912,1.056401224630453,476.5869379043579,0.0
9,waypoint_48,-15.0,0.2032395638957752,-0.7304170035653912,1.056401224630453,1163.5024547576904,0.0
10,waypoint_48,-15.0,0.2032395638957752,-0.7304170035653912,1.056401224630453,982.0873141288757,0.0
11,waypoint_48,-15.0,0.2032395638957752,-0.7304170035653912,1.056401224630453,841.4879441261292,0.0
12,waypoint_48,-15.0,0.2032395638957752,-0.7304170035653912,1.056401224630453,693.473756313324,0.0
13,waypoint_48,-15.0,0.2032395638957752,-0.7304170035653912,1.056401224630453,708.3452939987183,0.0
14,waypoint_48,-15.0,0.2032395638957752,-0.7304170035653912,1.056401224630453,876.2737512588501,0.0
0,waypoint_48,-30.0,0.2032395638957752,-0.7304170035653912,1.056401224630453,4121.290683746338,0.0
1,waypoint_48,-30.0,0.2032395638957752,-0.7304170035653912,1.056401224630453,3168.6158180236816,0.0
2,waypoint_48,-30.0,0.2032395638957752,-0.7304170035653912,1.056401224630453,2925.53973197937,0.0
3,waypoint_48,-30.0,0.2032395638957752,-0.7304170035653912,1.056401224630453,1196.9668865203857,0.0
4,waypoint_48,-30.0,0.2032395638957752,-0.7304170035653912,1.056401224630453,1386.8247270584106,0.0
5,waypoint_48,-30.0,0.2032395638957752,-0.7304170035653912,1.056401224630453,2207.68141746521,0.0
6,waypoint_48,-30.0,0.2032395638957752,-0.7304170035653912,1.056401224630453,2605.4062843322754,0.0
7,waypoint_48,-30.0,0.2032395638957752,-0.7304170035653912,1.056401224630453,1458.0472707748413,0.0
8,waypoint_48,-30.0,0.2032395638957752,-0.7304170035653912,1.056401224630453,486.92235350608826,0.0
9,waypoint_48,-30.0,0.2032395638957752,-0.7304170035653912,1.056401224630453,1204.279899597168,0.0
10,waypoint_48,-30.0,0.2032395638957752,-0.7304170035653912,1.056401224630453,1030.0325155258179,0.0
11,waypoint_48,-30.0,0.2032395638957752,-0.7304170035653912,1.056401224630453,910.6687307357788,0.0
12,waypoint_48,-30.0,0.2032395638957752,-0.7304170035653912,1.056401224630453,731.3370108604431,0.0
13,waypoint_48,-30.0,0.2032395638957752,-0.7304170035653912,1.056401224630453,720.7744121551514,0.0
14,waypoint_48,-30.0,0.2032395638957752,-0.7304170035653912,1.056401224630453,858.2115173339844,0.0
0,waypoint_49,-30.0,0.22323956389577543,-0.7304170035653912,1.056401224630453,4165.554523468018,0.0
1,waypoint_49,-30.0,0.22323956389577543,-0.7304170035653912,1.056401224630453,3169.3320274353027,0.0
2,waypoint_49,-30.0,0.22323956389577543,-0.7304170035653912,1.056401224630453,2945.270299911499,0.0
3,waypoint_49,-30.0,0.22323956389577543,-0.7304170035653912,1.056401224630453,1163.2674932479858,0.0
4,waypoint_49,-30.0,0.22323956389577543,-0.7304170035653912,1.056401224630453,1366.9604063034058,0.0
5,waypoint_49,-30.0,0.22323956389577543,-0.7304170035653912,1.056401224630453,2202.5279998779297,0.0
6,waypoint_49,-30.0,0.22323956389577543,-0.7304170035653912,1.056401224630453,2586.2796306610107,0.0
7,waypoint_49,-30.0,0.22323956389577543,-0.7304170035653912,1.056401224630453,1465.2233123779297,0.0
8,waypoint_49,-30.0,0.22323956389577543,-0.7304170035653912,1.056401224630453,502.0947456359863,0.0
9,waypoint_49,-30.0,0.22323956389577543,-0.7304170035653912,1.056401224630453,1220.0648784637451,0.0
10,waypoint_49,-30.0,0.22323956389577543,-0.7304170035653912,1.056401224630453,1046.7056035995483,0.0
11,waypoint_49,-30.0,0.22323956389577543,-0.7304170035653912,1.056401224630453,923.3098030090332,0.0
12,waypoint_49,-30.0,0.22323956389577543,-0.7304170035653912,1.056401224630453,742.9335117340088,0.0
13,waypoint_49,-30.0,0.22323956389577543,-0.7304170035653912,1.056401224630453,732.8646183013916,0.0
14,waypoint_49,-30.0,0.22323956389577543,-0.7304170035653912,1.056401224630453,920.8314418792725,0.0
0,waypoint_49,-15.0,0.22323956389577543,-0.7304170035653912,1.056401224630453,4120.412349700928,0.0
1,waypoint_49,-15.0,0.22323956389577543,-0.7304170035653912,1.056401224630453,3170.6526279449463,0.0
2,waypoint_49,-15.0,0.22323956389577543,-0.7304170035653912,1.056401224630453,2986.738681793213,0.0
3,waypoint_49,-15.0,0.22323956389577543,-0.7304170035653912,1.056401224630453,1285.6887578964233,0.0
4,waypoint_49,-15.0,0.22323956389577543,-0.7304170035653912,1.056401224630453,1366.5705919265747,0.0
5,waypoint_49,-15.0,0.22323956389577543,-0.7304170035653912,1.056401224630453,2164.4046306610107,0.0
6,waypoint_49,-15.0,0.22323956389577543,-0.7304170035653912,1.056401224630453,2565.361738204956,0.0
7,waypoint_49,-15.0,0.22323956389577543,-0.7304170035653912,1.056401224630453,1526.826024055481,0.0
8,waypoint_49,-15.0,0.22323956389577543,-0.7304170035653912,1.056401224630453,495.17160654067993,0.0
9,waypoint_49,-15.0,0.22323956389577543,-0.7304170035653912,1.056401224630453,1168.1509017944336,0.0
10,waypoint_49,-15.0,0.22323956389577543,-0.7304170035653912,1.056401224630453,1048.2286214828491,0.0
11,waypoint_49,-15.0,0.22323956389577543,-0.7304170035653912,1.056401224630453,897.0775008201599,0.0
12,waypoint_49,-15.0,0.22323956389577543,-0.7304170035653912,1.056401224630453,710.5017900466919,0.0
13,waypoint_49,-15.0,0.22323956389577543,-0.7304170035653912,1.056401224630453,721.160888671875,0.0
14,waypoint_49,-15.0,0.22323956389577543,-0.7304170035653912,1.056401224630453,837.6502394676208,0.0
0,waypoint_49,0.0,0.22323956389577543,-0.7304170035653912,1.056401224630453,4166.964054107666,0.0
1,waypoint_49,0.0,0.22323956389577543,-0.7304170035653912,1.056401224630453,3173.905372619629,0.0
2,waypoint_49,0.0,0.22323956389577543,-0.7304170035653912,1.056401224630453,3117.100715637207,0.0
3,waypoint_49,0.0,0.22323956389577543,-0.7304170035653912,1.056401224630453,1340.48593044281,0.0
4,waypoint_49,0.0,0.22323956389577543,-0.7304170035653912,1.056401224630453,1366.1845922470093,0.0
5,waypoint_49,0.0,0.22323956389577543,-0.7304170035653912,1.056401224630453,1709.1107368469238,0.0
6,waypoint_49,0.0,0.22323956389577543,-0.7304170035653912,1.056401224630453,2564.0532970428467,0.0
7,waypoint_49,0.0,0.22323956389577543,-0.7304170035653912,1.056401224630453,1619.244933128357,0.0
8,waypoint_49,0.0,0.22323956389577543,-0.7304170035653912,1.056401224630453,506.0604214668274,0.0
9,waypoint_49,0.0,0.22323956389577543,-0.7304170035653912,1.056401224630453,1156.5659046173096,0.0
10,waypoint_49,0.0,0.22323956389577543,-0.7304170035653912,1.056401224630453,1036.763310432434,0.0
11,waypoint_49,0.0,0.22323956389577543,-0.7304170035653912,1.056401224630453,896.7719674110413,0.0
12,waypoint_49,0.0,0.22323956389577543,-0.7304170035653912,1.056401224630453,672.9365587234497,0.0
13,waypoint_49,0.0,0.22323956389577543,-0.7304170035653912,1.056401224630453,708.7427377700806,0.0
14,waypoint_49,0.0,0.22323956389577543,-0.7304170035653912,1.056401224630453,762.3886466026306,0.0
0,waypoint_49,15.0,0.22323956389577543,-0.7304170035653912,1.056401224630453,4192.732334136963,0.0
1,waypoint_49,15.0,0.22323956389577543,-0.7304170035653912,1.056401224630453,3178.1208515167236,0.0
2,waypoint_49,15.0,0.22323956389577543,-0.7304170035653912,1.056401224630453,3096.780300140381,0.0
3,waypoint_49,15.0,0.22323956389577543,-0.7304170035653912,1.056401224630453,1308.9793920516968,0.0
4,waypoint_49,15.0,0.22323956389577543,-0.7304170035653912,1.056401224630453,1365.972638130188,0.0
5,waypoint_49,15.0,0.22323956389577543,-0.7304170035653912,1.056401224630453,1623.228907585144,0.0
6,waypoint_49,15.0,0.22323956389577543,-0.7304170035653912,1.056401224630453,2558.3724975585938,0.0
7,waypoint_49,15.0,0.22323956389577543,-0.7304170035653912,1.056401224630453,1621.990442276001,0.0
8,waypoint_49,15.0,0.22323956389577543,-0.7304170035653912,1.056401224630453,522.779643535614,0.0
9,waypoint_49,15.0,0.22323956389577543,-0.7304170035653912,1.056401224630453,1047.5451946258545,0.0
10,waypoint_49,15.0,0.22323956389577543,-0.7304170035653912,1.056401224630453,974.2506742477417,0.0
11,waypoint_49,15.0,0.22323956389577543,-0.7304170035653912,1.056401224630453,881.0210227966309,0.0
12,waypoint_49,15.0,0.22323956389577543,-0.7304170035653912,1.056401224630453,642.8526043891907,0.0
13,waypoint_49,15.0,0.22323956389577543,-0.7304170035653912,1.056401224630453,698.4841227531433,0.0
14,waypoint_49,15.0,0.22323956389577543,-0.7304170035653912,1.056401224630453,817.4933791160583,0.0
0,waypoint_49,30.0,0.22323956389577543,-0.7304170035653912,1.056401224630453,4234.572410583496,0.0
1,waypoint_49,30.0,0.22323956389577543,-0.7304170035653912,1.056401224630453,3182.2733879089355,0.0
2,waypoint_49,30.0,0.22323956389577543,-0.7304170035653912,1.056401224630453,3050.2657890319824,0.0
3,waypoint_49,30.0,0.22323956389577543,-0.7304170035653912,1.056401224630453,1305.544376373291,0.0
4,waypoint_49,30.0,0.22323956389577543,-0.7304170035653912,1.056401224630453,1366.729736328125,0.0
5,waypoint_49,30.0,0.22323956389577543,-0.7304170035653912,1.056401224630453,1711.1239433288574,0.0
6,waypoint_49,30.0,0.22323956389577543,-0.7304170035653912,1.056401224630453,2569.049119949341,0.0
7,waypoint_49,30.0,0.22323956389577543,-0.7304170035653912,1.056401224630453,1353.8777828216553,0.0
8,waypoint_49,30.0,0.22323956389577543,-0.7304170035653912,1.056401224630453,566.1030411720276,0.0
9,waypoint_49,30.0,0.22323956389577543,-0.7304170035653912,1.056401224630453,1019.5189714431763,0.0
10,waypoint_49,30.0,0.22323956389577543,-0.7304170035653912,1.056401224630453,963.3917808532715,0.0
11,waypoint_49,30.0,0.22323956389577543,-0.7304170035653912,1.056401224630453,781.1855673789978,0.0
12,waypoint_49,30.0,0.22323956389577543,-0.7304170035653912,1.056401224630453,617.5017356872559,0.0
13,waypoint_49,30.0,0.22323956389577543,-0.7304170035653912,1.056401224630453,689.1421675682068,0.0
14,waypoint_49,30.0,0.22323956389577543,-0.7304170035653912,1.056401224630453,634.6377730369568,0.0
0,waypoint_50,30.0,0.24323956389577522,-0.7304170035653912,1.056401224630453,4250.2312660217285,0.0
1,waypoint_50,30.0,0.24323956389577522,-0.7304170035653912,1.056401224630453,3182.8083992004395,0.0
2,waypoint_50,30.0,0.24323956389577522,-0.7304170035653912,1.056401224630453,3068.510055541992,0.0
3,waypoint_50,30.0,0.24323956389577522,-0.7304170035653912,1.056401224630453,1283.3054065704346,0.0
4,waypoint_50,30.0,0.24323956389577522,-0.7304170035653912,1.056401224630453,1347.1266031265259,0.0
5,waypoint_50,30.0,0.24323956389577522,-0.7304170035653912,1.056401224630453,1702.1684646606445,0.0
6,waypoint_50,30.0,0.24323956389577522,-0.7304170035653912,1.056401224630453,2542.760133743286,0.0
7,waypoint_50,30.0,0.24323956389577522,-0.7304170035653912,1.056401224630453,1475.8985042572021,0.0
8,waypoint_50,30.0,0.24323956389577522,-0.7304170035653912,1.056401224630453,583.8487148284912,0.0
9,waypoint_50,30.0,0.24323956389577522,-0.7304170035653912,1.056401224630453,1040.1955842971802,0.0
10,waypoint_50,30.0,0.24323956389577522,-0.7304170035653912,1.056401224630453,979.9486398696899,0.0
11,waypoint_50,30.0,0.24323956389577522,-0.7304170035653912,1.056401224630453,799.7367978096008,0.0
12,waypoint_50,30.0,0.24323956389577522,-0.7304170035653912,1.056401224630453,630.6416988372803,0.0
13,waypoint_50,30.0,0.24323956389577522,-0.7304170035653912,1.056401224630453,702.1874189376831,0.0
14,waypoint_50,30.0,0.24323956389577522,-0.7304170035653912,1.056401224630453,632.1234107017517,0.0
0,waypoint_50,15.0,0.24323956389577522,-0.7304170035653912,1.056401224630453,4155.745029449463,0.0
1,waypoint_50,15.0,0.24323956389577522,-0.7304170035653912,1.056401224630453,3178.6744594573975,0.0
2,waypoint_50,15.0,0.24323956389577522,-0.7304170035653912,1.056401224630453,3059.739828109741,0.0
3,waypoint_50,15.0,0.24323956389577522,-0.7304170035653912,1.056401224630453,1301.5446662902832,0.0
4,waypoint_50,15.0,0.24323956389577522,-0.7304170035653912,1.056401224630453,1346.2510108947754,0.0
5,waypoint_50,15.0,0.24323956389577522,-0.7304170035653912,1.056401224630453,1614.2033338546753,0.0
6,waypoint_50,15.0,0.24323956389577522,-0.7304170035653912,1.056401224630453,2544.3992614746094,0.0
7,waypoint_50,15.0,0.24323956389577522,-0.7304170035653912,1.056401224630453,1588.1909132003784,0.0
8,waypoint_50,15.0,0.24323956389577522,-0.7304170035653912,1.056401224630453,554.96746301651,0.0
9,waypoint_50,15.0,0.24323956389577522,-0.7304170035653912,1.056401224630453,1065.832018852234,0.0
10,waypoint_50,15.0,0.24323956389577522,-0.7304170035653912,1.056401224630453,983.3990335464478,0.0
11,waypoint_50,15.0,0.24323956389577522,-0.7304170035653912,1.056401224630453,809.3465566635132,0.0
12,waypoint_50,15.0,0.24323956389577522,-0.7304170035653912,1.056401224630453,653.8935303688049,0.0
13,waypoint_50,15.0,0.24323956389577522,-0.7304170035653912,1.056401224630453,710.8350396156311,0.0
14,waypoint_50,15.0,0.24323956389577522,-0.7304170035653912,1.056401224630453,803.4548759460449,0.0
0,waypoint_50,0.0,0.24323956389577522,-0.7304170035653912,1.056401224630453,4163.948535919189,0.0
1,waypoint_50,0.0,0.24323956389577522,-0.7304170035653912,1.056401224630453,3174.5119094848633,0.0
2,waypoint_50,0.0,0.24323956389577522,-0.7304170035653912,1.056401224630453,3122.0703125,0.0
3,waypoint_50,0.0,0.24323956389577522,-0.7304170035653912,1.056401224630453,1310.9991550445557,0.0
4,waypoint_50,0.0,0.24323956389577522,-0.7304170035653912,1.056401224630453,1346.267819404602,0.0
5,waypoint_50,0.0,0.24323956389577522,-0.7304170035653912,1.056401224630453,1703.6628723144531,0.0
6,waypoint_50,0.0,0.24323956389577522,-0.7304170035653912,1.056401224630453,2507.8959465026855,0.0
7,waypoint_50,0.0,0.24323956389577522,-0.7304170035653912,1.056401224630453,1625.7388591766357,0.0
8,waypoint_50,0.0,0.24323956389577522,-0.7304170035653912,1.056401224630453,521.2047696113586,0.0
9,waypoint_50,0.0,0.24323956389577522,-0.7304170035653912,1.056401224630453,1117.8473234176636,0.0
10,waypoint_50,0.0,0.24323956389577522,-0.7304170035653912,1.056401224630453,993.3416843414307,0.0
11,waypoint_50,0.0,0.24323956389577522,-0.7304170035653912,1.056401224630453,834.2549800872803,0.0
12,waypoint_50,0.0,0.24323956389577522,-0.7304170035653912,1.056401224630453,684.9691271781921,0.0
13,waypoint_50,0.0,0.24323956389577522,-0.7304170035653912,1.056401224630453,721.4915752410889,0.0
14,waypoint_50,0.0,0.24323956389577522,-0.7304170035653912,1.056401224630453,732.9739332199097,0.0
0,waypoint_50,-15.0,0.24323956389577522,-0.7304170035653912,1.056401224630453,4183.723449707031,0.0
1,waypoint_50,-15.0,0.24323956389577522,-0.7304170035653912,1.056401224630453,3171.3550090789795,0.0
2,waypoint_50,-15.0,0.24323956389577522,-0.7304170035653912,1.056401224630453,2910.858154296875,0.0
3,waypoint_50,-15.0,0.24323956389577522,-0.7304170035653912,1.056401224630453,1261.7772817611694,0.0
4,waypoint_50,-15.0,0.24323956389577522,-0.7304170035653912,1.056401224630453,1346.5464115142822,0.0
5,waypoint_50,-15.0,0.24323956389577522,-0.7304170035653912,1.056401224630453,2159.546136856079,0.0
6,waypoint_50,-15.0,0.24323956389577522,-0.7304170035653912,1.056401224630453,2543.327808380127,0.0
7,waypoint_50,-15.0,0.24323956389577522,-0.7304170035653912,1.056401224630453,1697.0221996307373,0.0
8,waypoint_50,-15.0,0.24323956389577522,-0.7304170035653912,1.056401224630453,503.7270188331604,0.0
9,waypoint_50,-15.0,0.24323956389577522,-0.7304170035653912,1.056401224630453,1194.7789192199707,0.0
10,waypoint_50,-15.0,0.24323956389577522,-0.7304170035653912,1.056401224630453,1025.770902633667,0.0
11,waypoint_50,-15.0,0.24323956389577522,-0.7304170035653912,1.056401224630453,830.5194973945618,0.0
12,waypoint_50,-15.0,0.24323956389577522,-0.7304170035653912,1.056401224630453,715.4560089111328,0.0
13,waypoint_50,-15.0,0.24323956389577522,-0.7304170035653912,1.056401224630453,733.0904006958008,0.0
14,waypoint_50,-15.0,0.24323956389577522,-0.7304170035653912,1.056401224630453,902.8342962265015,0.0
0,waypoint_50,-30.0,0.24323956389577522,-0.7304170035653912,1.056401224630453,4135.90145111084,0.0
1,waypoint_50,-30.0,0.24323956389577522,-0.7304170035653912,1.056401224630453,3170.1645851135254,0.0
2,waypoint_50,-30.0,0.24323956389577522,-0.7304170035653912,1.056401224630453,2900.6810188293457,0.0
3,waypoint_50,-30.0,0.24323956389577522,-0.7304170035653912,1.056401224630453,1137.9584074020386,0.0
4,waypoint_50,-30.0,0.24323956389577522,-0.7304170035653912,1.056401224630453,1347.116470336914,0.0
5,waypoint_50,-30.0,0.24323956389577522,-0.7304170035653912,1.056401224630453,2197.7546215057373,0.0
6,waypoint_50,-30.0,0.24323956389577522,-0.7304170035653912,1.056401224630453,1425.8794784545898,0.0
7,waypoint_50,-30.0,0.24323956389577522,-0.7304170035653912,1.056401224630453,1416.998028755188,0.0
8,waypoint_50,-30.0,0.24323956389577522,-0.7304170035653912,1.056401224630453,495.7987368106842,0.0
9,waypoint_50,-30.0,0.24323956389577522,-0.7304170035653912,1.056401224630453,1227.5657653808594,0.0
10,waypoint_50,-30.0,0.24323956389577522,-0.7304170035653912,1.056401224630453,1063.746452331543,0.0
11,waypoint_50,-30.0,0.24323956389577522,-0.7304170035653912,1.056401224630453,830.5315971374512,0.0
12,waypoint_50,-30.0,0.24323956389577522,-0.7304170035653912,1.056401224630453,753.3155679702759,0.0
13,waypoint_50,-30.0,0.24323956389577522,-0.7304170035653912,1.056401224630453,744.3680763244629,0.0
14,waypoint_50,-30.0,0.24323956389577522,-0.7304170035653912,1.056401224630453,936.4063739776611,0.0
0,waypoint_51,-30.0,0.06323956389577612,-0.7050469241938334,1.043684508641266,3962.1505737304688,0.0
1,waypoint_51,-30.0,0.06323956389577612,-0.7050469241938334,1.043684508641266,3140.9943103790283,0.0
2,waypoint_51,-30.0,0.06323956389577612,-0.7050469241938334,1.043684508641266,3079.0112018585205,0.0
3,waypoint_51,-30.0,0.06323956389577612,-0.7050469241938334,1.043684508641266,1285.8600616455078,0.0
4,waypoint_51,-30.0,0.06323956389577612,-0.7050469241938334,1.043684508641266,1520.9962129592896,0.0
5,waypoint_51,-30.0,0.06323956389577612,-0.7050469241938334,1.043684508641266,2220.738410949707,0.0
6,waypoint_51,-30.0,0.06323956389577612,-0.7050469241938334,1.043684508641266,1604.2548418045044,0.0
7,waypoint_51,-30.0,0.06323956389577612,-0.7050469241938334,1.043684508641266,1789.2166376113892,0.0
8,waypoint_51,-30.0,0.06323956389577612,-0.7050469241938334,1.043684508641266,345.47343850135803,0.0
9,waypoint_51,-30.0,0.06323956389577612,-0.7050469241938334,1.043684508641266,1083.6405754089355,0.0
10,waypoint_51,-30.0,0.06323956389577612,-0.7050469241938334,1.043684508641266,900.4964232444763,0.0
11,waypoint_51,-30.0,0.06323956389577612,-0.7050469241938334,1.043684508641266,686.2243413925171,0.0
12,waypoint_51,-30.0,0.06323956389577612,-0.7050469241938334,1.043684508641266,643.0931091308594,0.0
13,waypoint_51,-30.0,0.06323956389577612,-0.7050469241938334,1.043684508641266,628.269612789154,0.0
14,waypoint_51,-30.0,0.06323956389577612,-0.7050469241938334,1.043684508641266,884.9010467529297,0.0
0,waypoint_51,-15.0,0.06323956389577612,-0.7050469241938334,1.043684508641266,3946.0244178771973,0.0
1,waypoint_51,-15.0,0.06323956389577612,-0.7050469241938334,1.043684508641266,3143.7368392944336,0.0
2,waypoint_51,-15.0,0.06323956389577612,-0.7050469241938334,1.043684508641266,3100.0990867614746,0.0
3,waypoint_51,-15.0,0.06323956389577612,-0.7050469241938334,1.043684508641266,1415.4542684555054,0.0
4,waypoint_51,-15.0,0.06323956389577612,-0.7050469241938334,1.043684508641266,1520.7293033599854,0.0
5,waypoint_51,-15.0,0.06323956389577612,-0.7050469241938334,1.043684508641266,2177.8619289398193,0.0
6,waypoint_51,-15.0,0.06323956389577612,-0.7050469241938334,1.043684508641266,1470.8348512649536,0.0
7,waypoint_51,-15.0,0.06323956389577612,-0.7050469241938334,1.043684508641266,1707.0887088775635,0.0
8,waypoint_51,-15.0,0.06323956389577612,-0.7050469241938334,1.043684508641266,359.9763214588165,0.0
9,waypoint_51,-15.0,0.06323956389577612,-0.7050469241938334,1.043684508641266,1029.4668674468994,0.0
10,waypoint_51,-15.0,0.06323956389577612,-0.7050469241938334,1.043684508641266,904.867947101593,0.0
11,waypoint_51,-15.0,0.06323956389577612,-0.7050469241938334,1.043684508641266,686.2496137619019,0.0
12,waypoint_51,-15.0,0.06323956389577612,-0.7050469241938334,1.043684508641266,608.5521578788757,0.0
13,waypoint_51,-15.0,0.06323956389577612,-0.7050469241938334,1.043684508641266,614.3859624862671,0.0
14,waypoint_51,-15.0,0.06323956389577612,-0.7050469241938334,1.043684508641266,852.5006771087646,0.0
0,waypoint_51,0.0,0.06323956389577612,-0.7050469241938334,1.043684508641266,3963.4718894958496,0.0
1,waypoint_51,0.0,0.06323956389577612,-0.7050469241938334,1.043684508641266,3148.101329803467,0.0
2,waypoint_51,0.0,0.06323956389577612,-0.7050469241938334,1.043684508641266,3145.699977874756,0.0
3,waypoint_51,0.0,0.06323956389577612,-0.7050469241938334,1.043684508641266,1436.8550777435303,0.0
4,waypoint_51,0.0,0.06323956389577612,-0.7050469241938334,1.043684508641266,1520.391821861267,0.0
5,waypoint_51,0.0,0.06323956389577612,-0.7050469241938334,1.043684508641266,1721.9074964523315,0.0
6,waypoint_51,0.0,0.06323956389577612,-0.7050469241938334,1.043684508641266,1447.0165967941284,0.0
7,waypoint_51,0.0,0.06323956389577612,-0.7050469241938334,1.043684508641266,1630.6822299957275,0.0
8,waypoint_51,0.0,0.06323956389577612,-0.7050469241938334,1.043684508641266,372.34485149383545,0.0
9,waypoint_51,0.0,0.06323956389577612,-0.7050469241938334,1.043684508641266,1004.0590763092041,0.0
10,waypoint_51,0.0,0.06323956389577612,-0.7050469241938334,1.043684508641266,730.8462858200073,0.0
11,waypoint_51,0.0,0.06323956389577612,-0.7050469241938334,1.043684508641266,686.2986087799072,0.0
12,waypoint_51,0.0,0.06323956389577612,-0.7050469241938334,1.043684508641266,571.1116194725037,0.0
13,waypoint_51,0.0,0.06323956389577612,-0.7050469241938334,1.043684508641266,601.1275053024292,0.0
14,waypoint_51,0.0,0.06323956389577612,-0.7050469241938334,1.043684508641266,791.7883992195129,0.0
0,waypoint_51,15.0,0.06323956389577612,-0.7050469241938334,1.043684508641266,4046.2961196899414,0.0
1,waypoint_51,15.0,0.06323956389577612,-0.7050469241938334,1.043684508641266,3153.041362762451,0.0
2,waypoint_51,15.0,0.06323956389577612,-0.7050469241938334,1.043684508641266,3195.6517696380615,0.0
3,waypoint_51,15.0,0.06323956389577612,-0.7050469241938334,1.043684508641266,1430.4609298706055,0.0
4,waypoint_51,15.0,0.06323956389577612,-0.7050469241938334,1.043684508641266,1520.0409889221191,0.0
5,waypoint_51,15.0,0.06323956389577612,-0.7050469241938334,1.043684508641266,1675.2722263336182,0.0
6,waypoint_51,15.0,0.06323956389577612,-0.7050469241938334,1.043684508641266,1442.8526163101196,0.0
7,waypoint_51,15.0,0.06323956389577612,-0.7050469241938334,1.043684508641266,1661.5592241287231,0.0
8,waypoint_51,15.0,0.06323956389577612,-0.7050469241938334,1.043684508641266,377.4235248565674,0.0
9,waypoint_51,15.0,0.06323956389577612,-0.7050469241938334,1.043684508641266,848.8218188285828,0.0
10,waypoint_51,15.0,0.06323956389577612,-0.7050469241938334,1.043684508641266,704.5596837997437,0.0
11,waypoint_51,15.0,0.06323956389577612,-0.7050469241938334,1.043684508641266,681.5462708473206,0.0
12,waypoint_51,15.0,0.06323956389577612,-0.7050469241938334,1.043684508641266,536.9399189949036,0.0
13,waypoint_51,15.0,0.06323956389577612,-0.7050469241938334,1.043684508641266,590.3743505477905,0.0
14,waypoint_51,15.0,0.06323956389577612,-0.7050469241938334,1.043684508641266,796.7919707298279,0.0
0,waypoint_51,30.0,0.06323956389577612,-0.7050469241938334,1.043684508641266,3996.1369037628174,0.0
1,waypoint_51,30.0,0.06323956389577612,-0.7050469241938334,1.043684508641266,3157.5093269348145,0.0
2,waypoint_51,30.0,0.06323956389577612,-0.7050469241938334,1.043684508641266,3142.0063972473145,0.0
3,waypoint_51,30.0,0.06323956389577612,-0.7050469241938334,1.043684508641266,1418.181300163269,0.0
4,waypoint_51,30.0,0.06323956389577612,-0.7050469241938334,1.043684508641266,1520.2770233154297,0.0
5,waypoint_51,30.0,0.06323956389577612,-0.7050469241938334,1.043684508641266,1763.4668350219727,0.0
6,waypoint_51,30.0,0.06323956389577612,-0.7050469241938334,1.043684508641266,1427.4392127990723,0.0
7,waypoint_51,30.0,0.06323956389577612,-0.7050469241938334,1.043684508641266,1770.9763050079346,0.0
8,waypoint_51,30.0,0.06323956389577612,-0.7050469241938334,1.043684508641266,499.8890161514282,0.0
9,waypoint_51,30.0,0.06323956389577612,-0.7050469241938334,1.043684508641266,827.8017044067383,0.0
10,waypoint_51,30.0,0.06323956389577612,-0.7050469241938334,1.043684508641266,702.8077840805054,0.0
11,waypoint_51,30.0,0.06323956389577612,-0.7050469241938334,1.043684508641266,631.5557956695557,0.0
12,waypoint_51,30.0,0.06323956389577612,-0.7050469241938334,1.043684508641266,508.44937562942505,0.0
13,waypoint_51,30.0,0.06323956389577612,-0.7050469241938334,1.043684508641266,579.9087882041931,0.0
14,waypoint_51,30.0,0.06323956389577612,-0.7050469241938334,1.043684508641266,747.5920915603638,0.0
0,waypoint_52,30.0,0.08323956389577569,-0.7050469241938334,1.043684508641266,4093.4085845947266,0.0
1,waypoint_52,30.0,0.08323956389577569,-0.7050469241938334,1.043684508641266,3157.196521759033,0.0
2,waypoint_52,30.0,0.08323956389577569,-0.7050469241938334,1.043684508641266,3142.2934532165527,0.0
3,waypoint_52,30.0,0.08323956389577569,-0.7050469241938334,1.043684508641266,1384.7975730895996,0.0
4,waypoint_52,30.0,0.08323956389577569,-0.7050469241938334,1.043684508641266,1500.5077123641968,0.0
5,waypoint_52,30.0,0.08323956389577569,-0.7050469241938334,1.043684508641266,1753.227949142456,0.0
6,waypoint_52,30.0,0.08323956389577569,-0.7050469241938334,1.043684508641266,1408.7848663330078,0.0
7,waypoint_52,30.0,0.08323956389577569,-0.7050469241938334,1.043684508641266,1576.760172843933,0.0
8,waypoint_52,30.0,0.08323956389577569,-0.7050469241938334,1.043684508641266,501.0792016983032,0.0
9,waypoint_52,30.0,0.08323956389577569,-0.7050469241938334,1.043684508641266,848.1971025466919,0.0
10,waypoint_52,30.0,0.08323956389577569,-0.7050469241938334,1.043684508641266,720.5654382705688,0.0
11,waypoint_52,30.0,0.08323956389577569,-0.7050469241938334,1.043684508641266,650.0601768493652,0.0
12,waypoint_52,30.0,0.08323956389577569,-0.7050469241938334,1.043684508641266,518.4658765792847,0.0
13,waypoint_52,30.0,0.08323956389577569,-0.7050469241938334,1.043684508641266,590.2811288833618,0.0
14,waypoint_52,30.0,0.08323956389577569,-0.7050469241938334,1.043684508641266,745.7536458969116,0.0
0,waypoint_52,15.0,0.08323956389577569,-0.7050469241938334,1.043684508641266,4023.1733322143555,0.0
1,waypoint_52,15.0,0.08323956389577569,-0.7050469241938334,1.043684508641266,3152.729034423828,0.0
2,waypoint_52,15.0,0.08323956389577569,-0.7050469241938334,1.043684508641266,3134.2201232910156,0.0
3,waypoint_52,15.0,0.08323956389577569,-0.7050469241938334,1.043684508641266,1408.166527748108,0.0
4,waypoint_52,15.0,0.08323956389577569,-0.7050469241938334,1.043684508641266,1500.2617835998535,0.0
5,waypoint_52,15.0,0.08323956389577569,-0.7050469241938334,1.043684508641266,1664.857029914856,0.0
6,waypoint_52,15.0,0.08323956389577569,-0.7050469241938334,1.043684508641266,1408.7886810302734,0.0
7,waypoint_52,15.0,0.08323956389577569,-0.7050469241938334,1.043684508641266,1731.4960956573486,0.0
8,waypoint_52,15.0,0.08323956389577569,-0.7050469241938334,1.043684508641266,404.2864739894867,0.0
9,waypoint_52,15.0,0.08323956389577569,-0.7050469241938334,1.043684508641266,878.2772421836853,0.0
10,waypoint_52,15.0,0.08323956389577569,-0.7050469241938334,1.043684508641266,716.7564630508423,0.0
11,waypoint_52,15.0,0.08323956389577569,-0.7050469241938334,1.043684508641266,717.176079750061,0.0
12,waypoint_52,15.0,0.08323956389577569,-0.7050469241938334,1.043684508641266,543.5620546340942,0.0
13,waypoint_52,15.0,0.08323956389577569,-0.7050469241938334,1.043684508641266,599.6171236038208,0.0
14,waypoint_52,15.0,0.08323956389577569,-0.7050469241938334,1.043684508641266,784.2438220977783,0.0
0,waypoint_52,0.0,0.08323956389577569,-0.7050469241938334,1.043684508641266,4032.3314666748047,0.0
1,waypoint_52,0.0,0.08323956389577569,-0.7050469241938334,1.043684508641266,3147.826671600342,0.0
2,waypoint_52,0.0,0.08323956389577569,-0.7050469241938334,1.043684508641266,3200.3254890441895,0.0
3,waypoint_52,0.0,0.08323956389577569,-0.7050469241938334,1.043684508641266,1456.5781354904175,0.0
4,waypoint_52,0.0,0.08323956389577569,-0.7050469241938334,1.043684508641266,1500.5555152893066,0.0
5,waypoint_52,0.0,0.08323956389577569,-0.7050469241938334,1.043684508641266,1714.9089574813843,0.0
6,waypoint_52,0.0,0.08323956389577569,-0.7050469241938334,1.043684508641266,1393.847107887268,0.0
7,waypoint_52,0.0,0.08323956389577569,-0.7050469241938334,1.043684508641266,1769.0227031707764,0.0
8,waypoint_52,0.0,0.08323956389577569,-0.7050469241938334,1.043684508641266,391.79959893226624,0.0
9,waypoint_52,0.0,0.08323956389577569,-0.7050469241938334,1.043684508641266,930.0689101219177,0.0
10,waypoint_52,0.0,0.08323956389577569,-0.7050469241938334,1.043684508641266,814.3959641456604,0.0
11,waypoint_52,0.0,0.08323956389577569,-0.7050469241938334,1.043684508641266,709.4375491142273,0.0
12,waypoint_52,0.0,0.08323956389577569,-0.7050469241938334,1.043684508641266,579.2937874794006,0.0
13,waypoint_52,0.0,0.08323956389577569,-0.7050469241938334,1.043684508641266,610.063910484314,0.0
14,waypoint_52,0.0,0.08323956389577569,-0.7050469241938334,1.043684508641266,760.0865960121155,0.0
0,waypoint_52,-15.0,0.08323956389577569,-0.7050469241938334,1.043684508641266,3972.363233566284,0.0
1,waypoint_52,-15.0,0.08323956389577569,-0.7050469241938334,1.043684508641266,3143.531084060669,0.0
2,waypoint_52,-15.0,0.08323956389577569,-0.7050469241938334,1.043684508641266,2918.1876182556152,0.0
3,waypoint_52,-15.0,0.08323956389577569,-0.7050469241938334,1.043684508641266,1463.4202718734741,0.0
4,waypoint_52,-15.0,0.08323956389577569,-0.7050469241938334,1.043684508641266,1501.1317729949951,0.0
5,waypoint_52,-15.0,0.08323956389577569,-0.7050469241938334,1.043684508641266,2173.8877296447754,0.0
6,waypoint_52,-15.0,0.08323956389577569,-0.7050469241938334,1.043684508641266,1368.2360649108887,0.0
7,waypoint_52,-15.0,0.08323956389577569,-0.7050469241938334,1.043684508641266,1826.2708187103271,0.0
8,waypoint_52,-15.0,0.08323956389577569,-0.7050469241938334,1.043684508641266,374.21679496765137,0.0
9,waypoint_52,-15.0,0.08323956389577569,-0.7050469241938334,1.043684508641266,1056.1820268630981,0.0
10,waypoint_52,-15.0,0.08323956389577569,-0.7050469241938334,1.043684508641266,812.7442002296448,0.0
11,waypoint_52,-15.0,0.08323956389577569,-0.7050469241938334,1.043684508641266,660.6712937355042,0.0
12,waypoint_52,-15.0,0.08323956389577569,-0.7050469241938334,1.043684508641266,615.785539150238,0.0
13,waypoint_52,-15.0,0.08323956389577569,-0.7050469241938334,1.043684508641266,622.9631304740906,0.0
14,waypoint_52,-15.0,0.08323956389577569,-0.7050469241938334,1.043684508641266,855.6462526321411,0.0
0,waypoint_52,-30.0,0.08323956389577569,-0.7050469241938334,1.043684508641266,4014.9316787719727,0.0
1,waypoint_52,-30.0,0.08323956389577569,-0.7050469241938334,1.043684508641266,3140.894651412964,0.0
2,waypoint_52,-30.0,0.08323956389577569,-0.7050469241938334,1.043684508641266,2923.8815307617188,0.0
3,waypoint_52,-30.0,0.08323956389577569,-0.7050469241938334,1.043684508641266,1245.2985048294067,0.0
4,waypoint_52,-30.0,0.08323956389577569,-0.7050469241938334,1.043684508641266,1501.4206171035767,0.0
5,waypoint_52,-30.0,0.08323956389577569,-0.7050469241938334,1.043684508641266,2214.797019958496,0.0
6,waypoint_52,-30.0,0.08323956389577569,-0.7050469241938334,1.043684508641266,1339.1244411468506,0.0
7,waypoint_52,-30.0,0.08323956389577569,-0.7050469241938334,1.043684508641266,1586.5086317062378,0.0
8,waypoint_52,-30.0,0.08323956389577569,-0.7050469241938334,1.043684508641266,341.878205537796,0.0
9,waypoint_52,-30.0,0.08323956389577569,-0.7050469241938334,1.043684508641266,1095.74556350708,0.0
10,waypoint_52,-30.0,0.08323956389577569,-0.7050469241938334,1.043684508641266,854.5269966125488,0.0
11,waypoint_52,-30.0,0.08323956389577569,-0.7050469241938334,1.043684508641266,839.0436172485352,0.0
12,waypoint_52,-30.0,0.08323956389577569,-0.7050469241938334,1.043684508641266,650.2748727798462,0.0
13,waypoint_52,-30.0,0.08323956389577569,-0.7050469241938334,1.043684508641266,636.5475654602051,0.0
14,waypoint_52,-30.0,0.08323956389577569,-0.7050469241938334,1.043684508641266,841.8518900871277,0.0
0,waypoint_53,-30.0,0.10323956389577549,-0.7050469241938334,1.043684508641266,3980.8452129364014,0.0
1,waypoint_53,-30.0,0.10323956389577549,-0.7050469241938334,1.043684508641266,3140.9149169921875,0.0
2,waypoint_53,-30.0,0.10323956389577549,-0.7050469241938334,1.043684508641266,2911.635398864746,0.0
3,waypoint_53,-30.0,0.10323956389577549,-0.7050469241938334,1.043684508641266,1237.2537851333618,0.0
4,waypoint_53,-30.0,0.10323956389577549,-0.7050469241938334,1.043684508641266,1481.6550016403198,0.0
5,waypoint_53,-30.0,0.10323956389577549,-0.7050469241938334,1.043684508641266,2208.5604667663574,0.0
6,waypoint_53,-30.0,0.10323956389577549,-0.7050469241938334,1.043684508641266,1319.4472789764404,0.0
7,waypoint_53,-30.0,0.10323956389577549,-0.7050469241938334,1.043684508641266,1863.7425899505615,0.0
8,waypoint_53,-30.0,0.10323956389577549,-0.7050469241938334,1.043684508641266,353.0825674533844,0.0
9,waypoint_53,-30.0,0.10323956389577549,-0.7050469241938334,1.043684508641266,1110.8851432800293,0.0
10,waypoint_53,-30.0,0.10323956389577549,-0.7050469241938334,1.043684508641266,869.7918057441711,0.0
11,waypoint_53,-30.0,0.10323956389577549,-0.7050469241938334,1.043684508641266,852.2304892539978,0.0
12,waypoint_53,-30.0,0.10323956389577549,-0.7050469241938334,1.043684508641266,659.666121006012,0.0
13,waypoint_53,-30.0,0.10323956389577549,-0.7050469241938334,1.043684508641266,646.5206146240234,0.0
14,waypoint_53,-30.0,0.10323956389577549,-0.7050469241938334,1.043684508641266,877.1187663078308,0.0
0,waypoint_53,-15.0,0.10323956389577549,-0.7050469241938334,1.043684508641266,4025.5513191223145,0.0
1,waypoint_53,-15.0,0.10323956389577549,-0.7050469241938334,1.043684508641266,3143.439531326294,0.0
2,waypoint_53,-15.0,0.10323956389577549,-0.7050469241938334,1.043684508641266,2899.106025695801,0.0
3,waypoint_53,-15.0,0.10323956389577549,-0.7050469241938334,1.043684508641266,1394.9565887451172,0.0
4,waypoint_53,-15.0,0.10323956389577549,-0.7050469241938334,1.043684508641266,1481.2452793121338,0.0
5,waypoint_53,-15.0,0.10323956389577549,-0.7050469241938334,1.043684508641266,2167.1016216278076,0.0
6,waypoint_53,-15.0,0.10323956389577549,-0.7050469241938334,1.043684508641266,1328.8172483444214,0.0
7,waypoint_53,-15.0,0.10323956389577549,-0.7050469241938334,1.043684508641266,1505.7153701782227,0.0
8,waypoint_53,-15.0,0.10323956389577549,-0.7050469241938334,1.043684508641266,378.65135073661804,0.0
9,waypoint_53,-15.0,0.10323956389577549,-0.7050469241938334,1.043684508641266,1065.5618906021118,0.0
10,waypoint_53,-15.0,0.10323956389577549,-0.7050469241938334,1.043684508641266,867.4830794334412,0.0
11,waypoint_53,-15.0,0.10323956389577549,-0.7050469241938334,1.043684508641266,828.874409198761,0.0
12,waypoint_53,-15.0,0.10323956389577549,-0.7050469241938334,1.043684508641266,625.0413656234741,0.0
13,waypoint_53,-15.0,0.10323956389577549,-0.7050469241938334,1.043684508641266,633.7125301361084,0.0
14,waypoint_53,-15.0,0.10323956389577549,-0.7050469241938334,1.043684508641266,853.1275391578674,0.0
0,waypoint_53,0.0,0.10323956389577549,-0.7050469241938334,1.043684508641266,4055.924892425537,0.0
1,waypoint_53,0.0,0.10323956389577549,-0.7050469241938334,1.043684508641266,3147.660255432129,0.0
2,waypoint_53,0.0,0.10323956389577549,-0.7050469241938334,1.043684508641266,3170.5732345581055,0.0
3,waypoint_53,0.0,0.10323956389577549,-0.7050469241938334,1.043684508641266,1462.332844734192,0.0
4,waypoint_53,0.0,0.10323956389577549,-0.7050469241938334,1.043684508641266,1480.7870388031006,0.0
5,waypoint_53,0.0,0.10323956389577549,-0.7050469241938334,1.043684508641266,1707.4319124221802,0.0
6,waypoint_53,0.0,0.10323956389577549,-0.7050469241938334,1.043684508641266,1371.9948530197144,0.0
7,waypoint_53,0.0,0.10323956389577549,-0.7050469241938334,1.043684508641266,1684.3377351760864,0.0
8,waypoint_53,0.0,0.10323956389577549,-0.7050469241938334,1.043684508641266,411.13439202308655,0.0
9,waypoint_53,0.0,0.10323956389577549,-0.7050469241938334,1.043684508641266,1012.4744176864624,0.0
10,waypoint_53,0.0,0.10323956389577549,-0.7050469241938334,1.043684508641266,867.3893213272095,0.0
11,waypoint_53,0.0,0.10323956389577549,-0.7050469241938334,1.043684508641266,785.3994965553284,0.0
12,waypoint_53,0.0,0.10323956389577549,-0.7050469241938334,1.043684508641266,587.2899293899536,0.0
13,waypoint_53,0.0,0.10323956389577549,-0.7050469241938334,1.043684508641266,620.4788684844971,0.0
14,waypoint_53,0.0,0.10323956389577549,-0.7050469241938334,1.043684508641266,754.4088363647461,0.0
0,waypoint_53,15.0,0.10323956389577549,-0.7050469241938334,1.043684508641266,4006.6332817077637,0.0
1,waypoint_53,15.0,0.10323956389577549,-0.7050469241938334,1.043684508641266,3152.529716491699,0.0
2,waypoint_53,15.0,0.10323956389577549,-0.7050469241938334,1.043684508641266,3127.932071685791,0.0
3,waypoint_53,15.0,0.10323956389577549,-0.7050469241938334,1.043684508641266,1388.1597518920898,0.0
4,waypoint_53,15.0,0.10323956389577549,-0.7050469241938334,1.043684508641266,1480.465292930603,0.0
5,waypoint_53,15.0,0.10323956389577549,-0.7050469241938334,1.043684508641266,1654.6058654785156,0.0
6,waypoint_53,15.0,0.10323956389577549,-0.7050469241938334,1.043684508641266,1389.4810676574707,0.0
7,waypoint_53,15.0,0.10323956389577549,-0.7050469241938334,1.043684508641266,1693.180799484253,0.0
8,waypoint_53,15.0,0.10323956389577549,-0.7050469241938334,1.043684508641266,403.96350622177124,0.0
9,waypoint_53,15.0,0.10323956389577549,-0.7050469241938334,1.043684508641266,900.3888964653015,0.0
10,waypoint_53,15.0,0.10323956389577549,-0.7050469241938334,1.043684508641266,790.7379269599915,0.0
11,waypoint_53,15.0,0.10323956389577549,-0.7050469241938334,1.043684508641266,788.0529761314392,0.0
12,waypoint_53,15.0,0.10323956389577549,-0.7050469241938334,1.043684508641266,553.3417463302612,0.0
13,waypoint_53,15.0,0.10323956389577549,-0.7050469241938334,1.043684508641266,609.6230745315552,0.0
14,waypoint_53,15.0,0.10323956389577549,-0.7050469241938334,1.043684508641266,713.5661840438843,0.0
0,waypoint_53,30.0,0.10323956389577549,-0.7050469241938334,1.043684508641266,4106.579780578613,0.0
1,waypoint_53,30.0,0.10323956389577549,-0.7050469241938334,1.043684508641266,3156.993627548218,0.0
2,waypoint_53,30.0,0.10323956389577549,-0.7050469241938334,1.043684508641266,3188.356399536133,0.0
3,waypoint_53,30.0,0.10323956389577549,-0.7050469241938334,1.043684508641266,1377.6201009750366,0.0
4,waypoint_53,30.0,0.10323956389577549,-0.7050469241938334,1.043684508641266,1480.7254076004028,0.0
5,waypoint_53,30.0,0.10323956389577549,-0.7050469241938334,1.043684508641266,1743.1286573410034,0.0
6,waypoint_53,30.0,0.10323956389577549,-0.7050469241938334,1.043684508641266,1387.9623413085938,0.0
7,waypoint_53,30.0,0.10323956389577549,-0.7050469241938334,1.043684508641266,1418.1901216506958,0.0
8,waypoint_53,30.0,0.10323956389577549,-0.7050469241938334,1.043684508641266,439.51165676116943,0.0
9,waypoint_53,30.0,0.10323956389577549,-0.7050469241938334,1.043684508641266,870.8828091621399,0.0
10,waypoint_53,30.0,0.10323956389577549,-0.7050469241938334,1.043684508641266,794.2426204681396,0.0
11,waypoint_53,30.0,0.10323956389577549,-0.7050469241938334,1.043684508641266,659.842312335968,0.0
12,waypoint_53,30.0,0.10323956389577549,-0.7050469241938334,1.043684508641266,526.8435478210449,0.0
13,waypoint_53,30.0,0.10323956389577549,-0.7050469241938334,1.043684508641266,600.4531383514404,0.0
14,waypoint_53,30.0,0.10323956389577549,-0.7050469241938334,1.043684508641266,746.8161582946777,0.0
0,waypoint_54,30.0,0.123239563895776,-0.7050469241938334,1.043684508641266,4050.1112937927246,0.0
1,waypoint_54,30.0,0.123239563895776,-0.7050469241938334,1.043684508641266,3156.8970680236816,0.0
2,waypoint_54,30.0,0.123239563895776,-0.7050469241938334,1.043684508641266,3128.589630126953,0.0
3,waypoint_54,30.0,0.123239563895776,-0.7050469241938334,1.043684508641266,1392.5470113754272,0.0
4,waypoint_54,30.0,0.123239563895776,-0.7050469241938334,1.043684508641266,1460.96670627594,0.0
5,waypoint_54,30.0,0.123239563895776,-0.7050469241938334,1.043684508641266,1733.1750392913818,0.0
6,waypoint_54,30.0,0.123239563895776,-0.7050469241938334,1.043684508641266,1369.5521354675293,0.0
7,waypoint_54,30.0,0.123239563895776,-0.7050469241938334,1.043684508641266,1271.5193033218384,0.0
8,waypoint_54,30.0,0.123239563895776,-0.7050469241938334,1.043684508641266,456.3967287540436,0.0
9,waypoint_54,30.0,0.123239563895776,-0.7050469241938334,1.043684508641266,894.2485451698303,0.0
10,waypoint_54,30.0,0.123239563895776,-0.7050469241938334,1.043684508641266,821.0910558700562,0.0
11,waypoint_54,30.0,0.123239563895776,-0.7050469241938334,1.043684508641266,690.7802224159241,0.0
12,waypoint_54,30.0,0.123239563895776,-0.7050469241938334,1.043684508641266,538.0107164382935,0.0
13,waypoint_54,30.0,0.123239563895776,-0.7050469241938334,1.043684508641266,611.8443012237549,0.0
14,waypoint_54,30.0,0.123239563895776,-0.7050469241938334,1.043684508641266,735.7528209686279,0.0
0,waypoint_54,15.0,0.123239563895776,-0.7050469241938334,1.043684508641266,4054.4939041137695,0.0
1,waypoint_54,15.0,0.123239563895776,-0.7050469241938334,1.043684508641266,3152.432441711426,0.0
2,waypoint_54,15.0,0.123239563895776,-0.7050469241938334,1.043684508641266,3118.0901527404785,0.0
3,waypoint_54,15.0,0.123239563895776,-0.7050469241938334,1.043684508641266,1393.1421041488647,0.0
4,waypoint_54,15.0,0.123239563895776,-0.7050469241938334,1.043684508641266,1460.655927658081,0.0
5,waypoint_54,15.0,0.123239563895776,-0.7050469241938334,1.043684508641266,1644.4997787475586,0.0
6,waypoint_54,15.0,0.123239563895776,-0.7050469241938334,1.043684508641266,1370.7610368728638,0.0
7,waypoint_54,15.0,0.123239563895776,-0.7050469241938334,1.043684508641266,1735.577940940857,0.0
8,waypoint_54,15.0,0.123239563895776,-0.7050469241938334,1.043684508641266,434.9241852760315,0.0
9,waypoint_54,15.0,0.123239563895776,-0.7050469241938334,1.043684508641266,925.2699613571167,0.0
10,waypoint_54,15.0,0.123239563895776,-0.7050469241938334,1.043684508641266,815.802812576294,0.0
11,waypoint_54,15.0,0.123239563895776,-0.7050469241938334,1.043684508641266,736.2254858016968,0.0
12,waypoint_54,15.0,0.123239563895776,-0.7050469241938334,1.043684508641266,561.7085695266724,0.0
13,waypoint_54,15.0,0.123239563895776,-0.7050469241938334,1.043684508641266,620.5065846443176,0.0
14,waypoint_54,15.0,0.123239563895776,-0.7050469241938334,1.043684508641266,727.8330326080322,0.0
0,waypoint_54,0.0,0.123239563895776,-0.7050469241938334,1.043684508641266,4064.918041229248,0.0
1,waypoint_54,0.0,0.123239563895776,-0.7050469241938334,1.043684508641266,3147.6011276245117,0.0
2,waypoint_54,0.0,0.123239563895776,-0.7050469241938334,1.043684508641266,3162.8165245056152,0.0
3,waypoint_54,0.0,0.123239563895776,-0.7050469241938334,1.043684508641266,1376.5408992767334,0.0
4,waypoint_54,0.0,0.123239563895776,-0.7050469241938334,1.043684508641266,1460.954189300537,0.0
5,waypoint_54,0.0,0.123239563895776,-0.7050469241938334,1.043684508641266,1700.844168663025,0.0
6,waypoint_54,0.0,0.123239563895776,-0.7050469241938334,1.043684508641266,1354.9858331680298,0.0
7,waypoint_54,0.0,0.123239563895776,-0.7050469241938334,1.043684508641266,1741.6503429412842,0.0
8,waypoint_54,0.0,0.123239563895776,-0.7050469241938334,1.043684508641266,424.0202307701111,0.0
9,waypoint_54,0.0,0.123239563895776,-0.7050469241938334,1.043684508641266,975.67218542099,0.0
10,waypoint_54,0.0,0.123239563895776,-0.7050469241938334,1.043684508641266,822.127640247345,0.0
11,waypoint_54,0.0,0.123239563895776,-0.7050469241938334,1.043684508641266,759.86248254776,0.0
12,waypoint_54,0.0,0.123239563895776,-0.7050469241938334,1.043684508641266,597.3998308181763,0.0
13,waypoint_54,0.0,0.123239563895776,-0.7050469241938334,1.043684508641266,631.4201951026917,0.0
14,waypoint_54,0.0,0.123239563895776,-0.7050469241938334,1.043684508641266,769.6149945259094,0.0
0,waypoint_54,-15.0,0.123239563895776,-0.7050469241938334,1.043684508641266,4008.9616775512695,0.0
1,waypoint_54,-15.0,0.123239563895776,-0.7050469241938334,1.043684508641266,3143.458604812622,0.0
2,waypoint_54,-15.0,0.123239563895776,-0.7050469241938334,1.043684508641266,3072.2100734710693,0.0
3,waypoint_54,-15.0,0.123239563895776,-0.7050469241938334,1.043684508641266,1355.4279804229736,0.0
4,waypoint_54,-15.0,0.123239563895776,-0.7050469241938334,1.043684508641266,1461.3391160964966,0.0
5,waypoint_54,-15.0,0.123239563895776,-0.7050469241938334,1.043684508641266,2162.1978282928467,0.0
6,waypoint_54,-15.0,0.123239563895776,-0.7050469241938334,1.043684508641266,1332.3750495910645,0.0
7,waypoint_54,-15.0,0.123239563895776,-0.7050469241938334,1.043684508641266,1815.5708312988281,0.0
8,waypoint_54,-15.0,0.123239563895776,-0.7050469241938334,1.043684508641266,393.24983954429626,0.0
9,waypoint_54,-15.0,0.123239563895776,-0.7050469241938334,1.043684508641266,1089.0882015228271,0.0
10,waypoint_54,-15.0,0.123239563895776,-0.7050469241938334,1.043684508641266,824.5648741722107,0.0
11,waypoint_54,-15.0,0.123239563895776,-0.7050469241938334,1.043684508641266,885.8055472373962,0.0
12,waypoint_54,-15.0,0.123239563895776,-0.7050469241938334,1.043684508641266,633.2248449325562,0.0
13,waypoint_54,-15.0,0.123239563895776,-0.7050469241938334,1.043684508641266,644.0504789352417,0.0
14,waypoint_54,-15.0,0.123239563895776,-0.7050469241938334,1.043684508641266,864.1404509544373,0.0
0,waypoint_54,-30.0,0.123239563895776,-0.7050469241938334,1.043684508641266,4063.5743141174316,0.0
1,waypoint_54,-30.0,0.123239563895776,-0.7050469241938334,1.043684508641266,3141.0436630249023,0.0
2,waypoint_54,-30.0,0.123239563895776,-0.7050469241938334,1.043684508641266,2983.354091644287,0.0
3,waypoint_54,-30.0,0.123239563895776,-0.7050469241938334,1.043684508641266,1223.2104539871216,0.0
4,waypoint_54,-30.0,0.123239563895776,-0.7050469241938334,1.043684508641266,1461.9507789611816,0.0
5,waypoint_54,-30.0,0.123239563895776,-0.7050469241938334,1.043684508641266,2202.723503112793,0.0
6,waypoint_54,-30.0,0.123239563895776,-0.7050469241938334,1.043684508641266,1303.8314580917358,0.0
7,waypoint_54,-30.0,0.123239563895776,-0.7050469241938334,1.043684508641266,1468.130111694336,0.0
8,waypoint_54,-30.0,0.123239563895776,-0.7050469241938334,1.043684508641266,371.7934191226959,0.0
9,waypoint_54,-30.0,0.123239563895776,-0.7050469241938334,1.043684508641266,1127.807378768921,0.0
10,waypoint_54,-30.0,0.123239563895776,-0.7050469241938334,1.043684508641266,935.5978965759277,0.0
11,waypoint_54,-30.0,0.123239563895776,-0.7050469241938334,1.043684508641266,593.3091640472412,0.0
12,waypoint_54,-30.0,0.123239563895776,-0.7050469241938334,1.043684508641266,667.6962375640869,0.0
13,waypoint_54,-30.0,0.123239563895776,-0.7050469241938334,1.043684508641266,656.2767624855042,0.0
14,waypoint_54,-30.0,0.123239563895776,-0.7050469241938334,1.043684508641266,907.2378277778625,0.0
0,waypoint_55,-30.0,0.14323956389577558,-0.7050469241938334,1.043684508641266,4068.1800842285156,0.0
1,waypoint_55,-30.0,0.14323956389577558,-0.7050469241938334,1.043684508641266,3141.2909030914307,0.0
2,waypoint_55,-30.0,0.14323956389577558,-0.7050469241938334,1.043684508641266,2891.209363937378,0.0
3,waypoint_55,-30.0,0.14323956389577558,-0.7050469241938334,1.043684508641266,1213.8863801956177,0.0
4,waypoint_55,-30.0,0.14323956389577558,-0.7050469241938334,1.043684508641266,1442.2509670257568,0.0
5,waypoint_55,-30.0,0.14323956389577558,-0.7050469241938334,1.043684508641266,2196.8183517456055,0.0
6,waypoint_55,-30.0,0.14323956389577558,-0.7050469241938334,1.043684508641266,1284.4326496124268,0.0
7,waypoint_55,-30.0,0.14323956389577558,-0.7050469241938334,1.043684508641266,1469.6725606918335,0.0
8,waypoint_55,-30.0,0.14323956389577558,-0.7050469241938334,1.043684508641266,386.10002398490906,0.0
9,waypoint_55,-30.0,0.14323956389577558,-0.7050469241938334,1.043684508641266,1143.2408094406128,0.0
10,waypoint_55,-30.0,0.14323956389577558,-0.7050469241938334,1.043684508641266,962.9526138305664,0.0
11,waypoint_55,-30.0,0.14323956389577558,-0.7050469241938334,1.043684508641266,603.0678153038025,0.0
12,waypoint_55,-30.0,0.14323956389577558,-0.7050469241938334,1.043684508641266,678.1154274940491,0.0
13,waypoint_55,-30.0,0.14323956389577558,-0.7050469241938334,1.043684508641266,667.1760082244873,0.0
14,waypoint_55,-30.0,0.14323956389577558,-0.7050469241938334,1.043684508641266,826.6982436180115,0.0
0,waypoint_55,-15.0,0.14323956389577558,-0.7050469241938334,1.043684508641266,4081.4061164855957,0.0
1,waypoint_55,-15.0,0.14323956389577558,-0.7050469241938334,1.043684508641266,3143.5890197753906,0.0
2,waypoint_55,-15.0,0.14323956389577558,-0.7050469241938334,1.043684508641266,2874.523878097534,0.0
3,waypoint_55,-15.0,0.14323956389577558,-0.7050469241938334,1.043684508641266,1340.1155471801758,0.0
4,waypoint_55,-15.0,0.14323956389577558,-0.7050469241938334,1.043684508641266,1441.510796546936,0.0
5,waypoint_55,-15.0,0.14323956389577558,-0.7050469241938334,1.043684508641266,2154.715061187744,0.0
6,waypoint_55,-15.0,0.14323956389577558,-0.7050469241938334,1.043684508641266,1290.0121212005615,0.0
7,waypoint_55,-15.0,0.14323956389577558,-0.7050469241938334,1.043684508641266,2025.5353450775146,0.0
8,waypoint_55,-15.0,0.14323956389577558,-0.7050469241938334,1.043684508641266,396.5305685997009,0.0
9,waypoint_55,-15.0,0.14323956389577558,-0.7050469241938334,1.043684508641266,1088.6563062667847,0.0
10,waypoint_55,-15.0,0.14323956389577558,-0.7050469241938334,1.043684508641266,965.5817747116089,0.0
11,waypoint_55,-15.0,0.14323956389577558,-0.7050469241938334,1.043684508641266,589.6572470664978,0.0
12,waypoint_55,-15.0,0.14323956389577558,-0.7050469241938334,1.043684508641266,643.1908011436462,0.0
13,waypoint_55,-15.0,0.14323956389577558,-0.7050469241938334,1.043684508641266,655.163824558258,0.0
14,waypoint_55,-15.0,0.14323956389577558,-0.7050469241938334,1.043684508641266,810.9484910964966,0.0
0,waypoint_55,0.0,0.14323956389577558,-0.7050469241938334,1.043684508641266,4050.339698791504,0.0
1,waypoint_55,0.0,0.14323956389577558,-0.7050469241938334,1.043684508641266,3147.6516723632812,0.0
2,waypoint_55,0.0,0.14323956389577558,-0.7050469241938334,1.043684508641266,3088.249683380127,0.0
3,waypoint_55,0.0,0.14323956389577558,-0.7050469241938334,1.043684508641266,1355.919361114502,0.0
4,waypoint_55,0.0,0.14323956389577558,-0.7050469241938334,1.043684508641266,1441.0603046417236,0.0
5,waypoint_55,0.0,0.14323956389577558,-0.7050469241938334,1.043684508641266,1698.3304023742676,0.0
6,waypoint_55,0.0,0.14323956389577558,-0.7050469241938334,1.043684508641266,1293.6633825302124,0.0
7,waypoint_55,0.0,0.14323956389577558,-0.7050469241938334,1.043684508641266,1728.2633781433105,0.0
8,waypoint_55,0.0,0.14323956389577558,-0.7050469241938334,1.043684508641266,437.03004717826843,0.0
9,waypoint_55,0.0,0.14323956389577558,-0.7050469241938334,1.043684508641266,1044.6596145629883,0.0
10,waypoint_55,0.0,0.14323956389577558,-0.7050469241938334,1.043684508641266,841.8917059898376,0.0
11,waypoint_55,0.0,0.14323956389577558,-0.7050469241938334,1.043684508641266,886.9703412055969,0.0
12,waypoint_55,0.0,0.14323956389577558,-0.7050469241938334,1.043684508641266,607.3559522628784,0.0
13,waypoint_55,0.0,0.14323956389577558,-0.7050469241938334,1.043684508641266,642.663836479187,0.0
14,waypoint_55,0.0,0.14323956389577558,-0.7050469241938334,1.043684508641266,786.6250872612,0.0
0,waypoint_55,15.0,0.14323956389577558,-0.7050469241938334,1.043684508641266,4073.6842155456543,0.0
1,waypoint_55,15.0,0.14323956389577558,-0.7050469241938334,1.043684508641266,3152.4438858032227,0.0
2,waypoint_55,15.0,0.14323956389577558,-0.7050469241938334,1.043684508641266,3109.8310947418213,0.0
3,waypoint_55,15.0,0.14323956389577558,-0.7050469241938334,1.043684508641266,1372.1166849136353,0.0
4,waypoint_55,15.0,0.14323956389577558,-0.7050469241938334,1.043684508641266,1440.8589601516724,0.0
5,waypoint_55,15.0,0.14323956389577558,-0.7050469241938334,1.043684508641266,1634.5411539077759,0.0
6,waypoint_55,15.0,0.14323956389577558,-0.7050469241938334,1.043684508641266,1295.328974723816,0.0
7,waypoint_55,15.0,0.14323956389577558,-0.7050469241938334,1.043684508641266,1598.4132289886475,0.0
8,waypoint_55,15.0,0.14323956389577558,-0.7050469241938334,1.043684508641266,433.9805543422699,0.0
9,waypoint_55,15.0,0.14323956389577558,-0.7050469241938334,1.043684508641266,940.9685730934143,0.0
10,waypoint_55,15.0,0.14323956389577558,-0.7050469241938334,1.043684508641266,845.0512886047363,0.0
11,waypoint_55,15.0,0.14323956389577558,-0.7050469241938334,1.043684508641266,886.9678378105164,0.0
12,waypoint_55,15.0,0.14323956389577558,-0.7050469241938334,1.043684508641266,572.3684430122375,0.0
13,waypoint_55,15.0,0.14323956389577558,-0.7050469241938334,1.043684508641266,631.8091154098511,0.0
14,waypoint_55,15.0,0.14323956389577558,-0.7050469241938334,1.043684508641266,736.3029718399048,0.0
0,waypoint_55,30.0,0.14323956389577558,-0.7050469241938334,1.043684508641266,4055.321216583252,0.0
1,waypoint_55,30.0,0.14323956389577558,-0.7050469241938334,1.043684508641266,3156.9037437438965,0.0
2,waypoint_55,30.0,0.14323956389577558,-0.7050469241938334,1.043684508641266,3138.6711597442627,0.0
3,waypoint_55,30.0,0.14323956389577558,-0.7050469241938334,1.043684508641266,1351.0631322860718,0.0
4,waypoint_55,30.0,0.14323956389577558,-0.7050469241938334,1.043684508641266,1441.2368535995483,0.0
5,waypoint_55,30.0,0.14323956389577558,-0.7050469241938334,1.043684508641266,1723.3695983886719,0.0
6,waypoint_55,30.0,0.14323956389577558,-0.7050469241938334,1.043684508641266,1321.8344449996948,0.0
7,waypoint_55,30.0,0.14323956389577558,-0.7050469241938334,1.043684508641266,1400.052547454834,0.0
8,waypoint_55,30.0,0.14323956389577558,-0.7050469241938334,1.043684508641266,471.7029333114624,0.0
9,waypoint_55,30.0,0.14323956389577558,-0.7050469241938334,1.043684508641266,921.6436743736267,0.0
10,waypoint_55,30.0,0.14323956389577558,-0.7050469241938334,1.043684508641266,845.940887928009,0.0
11,waypoint_55,30.0,0.14323956389577558,-0.7050469241938334,1.043684508641266,700.6826400756836,0.0
12,waypoint_55,30.0,0.14323956389577558,-0.7050469241938334,1.043684508641266,547.9020476341248,0.0
13,waypoint_55,30.0,0.14323956389577558,-0.7050469241938334,1.043684508641266,623.5390305519104,0.0
14,waypoint_55,30.0,0.14323956389577558,-0.7050469241938334,1.043684508641266,708.9741826057434,0.0
0,waypoint_56,30.0,0.1632395638957752,-0.7050469241938334,1.043684508641266,4148.584365844727,0.0
1,waypoint_56,30.0,0.1632395638957752,-0.7050469241938334,1.043684508641266,3157.0165157318115,0.0
2,waypoint_56,30.0,0.1632395638957752,-0.7050469241938334,1.043684508641266,3084.550380706787,0.0
3,waypoint_56,30.0,0.1632395638957752,-0.7050469241938334,1.043684508641266,1350.080132484436,0.0
4,waypoint_56,30.0,0.1632395638957752,-0.7050469241938334,1.043684508641266,1421.492338180542,0.0
5,waypoint_56,30.0,0.1632395638957752,-0.7050469241938334,1.043684508641266,1713.6942148208618,0.0
6,waypoint_56,30.0,0.1632395638957752,-0.7050469241938334,1.043684508641266,1330.0573825836182,0.0
7,waypoint_56,30.0,0.1632395638957752,-0.7050469241938334,1.043684508641266,1214.9823904037476,0.0
8,waypoint_56,30.0,0.1632395638957752,-0.7050469241938334,1.043684508641266,489.26496505737305,0.0
9,waypoint_56,30.0,0.1632395638957752,-0.7050469241938334,1.043684508641266,940.1135444641113,0.0
10,waypoint_56,30.0,0.1632395638957752,-0.7050469241938334,1.043684508641266,869.218111038208,0.0
11,waypoint_56,30.0,0.1632395638957752,-0.7050469241938334,1.043684508641266,753.5092830657959,0.0
12,waypoint_56,30.0,0.1632395638957752,-0.7050469241938334,1.043684508641266,560.0935220718384,0.0
13,waypoint_56,30.0,0.1632395638957752,-0.7050469241938334,1.043684508641266,635.7690691947937,0.0
14,waypoint_56,30.0,0.1632395638957752,-0.7050469241938334,1.043684508641266,687.8983974456787,0.0
0,waypoint_56,15.0,0.1632395638957752,-0.7050469241938334,1.043684508641266,4138.53120803833,0.0
1,waypoint_56,15.0,0.1632395638957752,-0.7050469241938334,1.043684508641266,3152.561902999878,0.0
2,waypoint_56,15.0,0.1632395638957752,-0.7050469241938334,1.043684508641266,3080.554962158203,0.0
3,waypoint_56,15.0,0.1632395638957752,-0.7050469241938334,1.043684508641266,1332.0051431655884,0.0
4,waypoint_56,15.0,0.1632395638957752,-0.7050469241938334,1.043684508641266,1421.1140871047974,0.0
5,waypoint_56,15.0,0.1632395638957752,-0.7050469241938334,1.043684508641266,1624.7414350509644,0.0
6,waypoint_56,15.0,0.1632395638957752,-0.7050469241938334,1.043684508641266,1332.3465585708618,0.0
7,waypoint_56,15.0,0.1632395638957752,-0.7050469241938334,1.043684508641266,1710.2406024932861,0.0
8,waypoint_56,15.0,0.1632395638957752,-0.7050469241938334,1.043684508641266,467.579185962677,0.0
9,waypoint_56,15.0,0.1632395638957752,-0.7050469241938334,1.043684508641266,963.0641937255859,0.0
10,waypoint_56,15.0,0.1632395638957752,-0.7050469241938334,1.043684508641266,876.9629597663879,0.0
11,waypoint_56,15.0,0.1632395638957752,-0.7050469241938334,1.043684508641266,718.6951637268066,0.0
12,waypoint_56,15.0,0.1632395638957752,-0.7050469241938334,1.043684508641266,582.6917886734009,0.0
13,waypoint_56,15.0,0.1632395638957752,-0.7050469241938334,1.043684508641266,642.7727937698364,0.0
14,waypoint_56,15.0,0.1632395638957752,-0.7050469241938334,1.043684508641266,767.1756744384766,0.0
0,waypoint_56,0.0,0.1632395638957752,-0.7050469241938334,1.043684508641266,4111.793041229248,0.0
1,waypoint_56,0.0,0.1632395638957752,-0.7050469241938334,1.043684508641266,3147.8137969970703,0.0
2,waypoint_56,0.0,0.1632395638957752,-0.7050469241938334,1.043684508641266,3147.5961208343506,0.0
3,waypoint_56,0.0,0.1632395638957752,-0.7050469241938334,1.043684508641266,1361.5338802337646,0.0
4,waypoint_56,0.0,0.1632395638957752,-0.7050469241938334,1.043684508641266,1421.406626701355,0.0
5,waypoint_56,0.0,0.1632395638957752,-0.7050469241938334,1.043684508641266,1687.751054763794,0.0
6,waypoint_56,0.0,0.1632395638957752,-0.7050469241938334,1.043684508641266,1331.9145441055298,0.0
7,waypoint_56,0.0,0.1632395638957752,-0.7050469241938334,1.043684508641266,1693.2682991027832,0.0
8,waypoint_56,0.0,0.1632395638957752,-0.7050469241938334,1.043684508641266,450.0921964645386,0.0
9,waypoint_56,0.0,0.1632395638957752,-0.7050469241938334,1.043684508641266,1017.7912712097168,0.0
10,waypoint_56,0.0,0.1632395638957752,-0.7050469241938334,1.043684508641266,878.7237405776978,0.0
11,waypoint_56,0.0,0.1632395638957752,-0.7050469241938334,1.043684508641266,735.1718544960022,0.0
12,waypoint_56,0.0,0.1632395638957752,-0.7050469241938334,1.043684508641266,617.9404854774475,0.0
13,waypoint_56,0.0,0.1632395638957752,-0.7050469241938334,1.043684508641266,653.968870639801,0.0
14,waypoint_56,0.0,0.1632395638957752,-0.7050469241938334,1.043684508641266,785.0516438484192,0.0
0,waypoint_56,-15.0,0.1632395638957752,-0.7050469241938334,1.043684508641266,4047.7137565612793,0.0
1,waypoint_56,-15.0,0.1632395638957752,-0.7050469241938334,1.043684508641266,3143.8324451446533,0.0
2,waypoint_56,-15.0,0.1632395638957752,-0.7050469241938334,1.043684508641266,2913.266181945801,0.0
3,waypoint_56,-15.0,0.1632395638957752,-0.7050469241938334,1.043684508641266,1296.8595027923584,0.0
4,waypoint_56,-15.0,0.1632395638957752,-0.7050469241938334,1.043684508641266,1421.736717224121,0.0
5,waypoint_56,-15.0,0.1632395638957752,-0.7050469241938334,1.043684508641266,2151.294708251953,0.0
6,waypoint_56,-15.0,0.1632395638957752,-0.7050469241938334,1.043684508641266,1290.797233581543,0.0
7,waypoint_56,-15.0,0.1632395638957752,-0.7050469241938334,1.043684508641266,1747.4761009216309,0.0
8,waypoint_56,-15.0,0.1632395638957752,-0.7050469241938334,1.043684508641266,406.352698802948,0.0
9,waypoint_56,-15.0,0.1632395638957752,-0.7050469241938334,1.043684508641266,1121.1016178131104,0.0
10,waypoint_56,-15.0,0.1632395638957752,-0.7050469241938334,1.043684508641266,878.3011436462402,0.0
11,waypoint_56,-15.0,0.1632395638957752,-0.7050469241938334,1.043684508641266,762.6054883003235,0.0
12,waypoint_56,-15.0,0.1632395638957752,-0.7050469241938334,1.043684508641266,653.0210375785828,0.0
13,waypoint_56,-15.0,0.1632395638957752,-0.7050469241938334,1.043684508641266,666.0878658294678,0.0
14,waypoint_56,-15.0,0.1632395638957752,-0.7050469241938334,1.043684508641266,800.7432222366333,0.0
0,waypoint_56,-30.0,0.1632395638957752,-0.7050469241938334,1.043684508641266,4051.5384674072266,0.0
1,waypoint_56,-30.0,0.1632395638957752,-0.7050469241938334,1.043684508641266,3141.651391983032,0.0
2,waypoint_56,-30.0,0.1632395638957752,-0.7050469241938334,1.043684508641266,2943.4642791748047,0.0
3,waypoint_56,-30.0,0.1632395638957752,-0.7050469241938334,1.043684508641266,1218.5611724853516,0.0
4,waypoint_56,-30.0,0.1632395638957752,-0.7050469241938334,1.043684508641266,1422.4587678909302,0.0
5,waypoint_56,-30.0,0.1632395638957752,-0.7050469241938334,1.043684508641266,2190.9725666046143,0.0
6,waypoint_56,-30.0,0.1632395638957752,-0.7050469241938334,1.043684508641266,1265.4441595077515,0.0
7,waypoint_56,-30.0,0.1632395638957752,-0.7050469241938334,1.043684508641266,1881.524682044983,0.0
8,waypoint_56,-30.0,0.1632395638957752,-0.7050469241938334,1.043684508641266,396.01442217826843,0.0
9,waypoint_56,-30.0,0.1632395638957752,-0.7050469241938334,1.043684508641266,1155.1796197891235,0.0
10,waypoint_56,-30.0,0.1632395638957752,-0.7050469241938334,1.043684508641266,874.8641014099121,0.0
11,waypoint_56,-30.0,0.1632395638957752,-0.7050469241938334,1.043684508641266,881.503701210022,0.0
12,waypoint_56,-30.0,0.1632395638957752,-0.7050469241938334,1.043684508641266,687.6354813575745,0.0
13,waypoint_56,-30.0,0.1632395638957752,-0.7050469241938334,1.043684508641266,677.5768399238586,0.0
14,waypoint_56,-30.0,0.1632395638957752,-0.7050469241938334,1.043684508641266,891.9434547424316,0.0
0,waypoint_57,-30.0,0.1832395638957754,-0.7050469241938334,1.043684508641266,4105.541229248047,0.0
1,waypoint_57,-30.0,0.1832395638957754,-0.7050469241938334,1.043684508641266,3142.1236991882324,0.0
2,waypoint_57,-30.0,0.1832395638957754,-0.7050469241938334,1.043684508641266,2968.531847000122,0.0
3,waypoint_57,-30.0,0.1832395638957754,-0.7050469241938334,1.043684508641266,1175.7385730743408,0.0
4,waypoint_57,-30.0,0.1832395638957754,-0.7050469241938334,1.043684508641266,1402.6707410812378,0.0
5,waypoint_57,-30.0,0.1832395638957754,-0.7050469241938334,1.043684508641266,2185.401439666748,0.0
6,waypoint_57,-30.0,0.1832395638957754,-0.7050469241938334,1.043684508641266,1246.6087341308594,0.0
7,waypoint_57,-30.0,0.1832395638957754,-0.7050469241938334,1.043684508641266,1863.4804487228394,0.0
8,waypoint_57,-30.0,0.1832395638957754,-0.7050469241938334,1.043684508641266,406.4822793006897,0.0
9,waypoint_57,-30.0,0.1832395638957754,-0.7050469241938334,1.043684508641266,1171.3802814483643,0.0
10,waypoint_57,-30.0,0.1832395638957754,-0.7050469241938334,1.043684508641266,890.8679485321045,0.0
11,waypoint_57,-30.0,0.1832395638957754,-0.7050469241938334,1.043684508641266,896.3416218757629,0.0
12,waypoint_57,-30.0,0.1832395638957754,-0.7050469241938334,1.043684508641266,698.9185810089111,0.0
13,waypoint_57,-30.0,0.1832395638957754,-0.7050469241938334,1.043684508641266,689.2874836921692,0.0
14,waypoint_57,-30.0,0.1832395638957754,-0.7050469241938334,1.043684508641266,830.6713104248047,0.0
0,waypoint_57,-15.0,0.1832395638957754,-0.7050469241938334,1.043684508641266,4063.8556480407715,0.0
1,waypoint_57,-15.0,0.1832395638957754,-0.7050469241938334,1.043684508641266,3144.186019897461,0.0
2,waypoint_57,-15.0,0.1832395638957754,-0.7050469241938334,1.043684508641266,2853.6198139190674,0.0
3,waypoint_57,-15.0,0.1832395638957754,-0.7050469241938334,1.043684508641266,1333.5057497024536,0.0
4,waypoint_57,-15.0,0.1832395638957754,-0.7050469241938334,1.043684508641266,1401.906967163086,0.0
5,waypoint_57,-15.0,0.1832395638957754,-0.7050469241938334,1.043684508641266,2145.2980041503906,0.0
6,waypoint_57,-15.0,0.1832395638957754,-0.7050469241938334,1.043684508641266,1251.6032457351685,0.0
7,waypoint_57,-15.0,0.1832395638957754,-0.7050469241938334,1.043684508641266,1865.543007850647,0.0
8,waypoint_57,-15.0,0.1832395638957754,-0.7050469241938334,1.043684508641266,415.3820872306824,0.0
9,waypoint_57,-15.0,0.1832395638957754,-0.7050469241938334,1.043684508641266,1128.8100481033325,0.0
10,waypoint_57,-15.0,0.1832395638957754,-0.7050469241938334,1.043684508641266,891.0210728645325,0.0
11,waypoint_57,-15.0,0.1832395638957754,-0.7050469241938334,1.043684508641266,873.6173510551453,0.0
12,waypoint_57,-15.0,0.1832395638957754,-0.7050469241938334,1.043684508641266,664.3093228340149,0.0
13,waypoint_57,-15.0,0.1832395638957754,-0.7050469241938334,1.043684508641266,678.4590482711792,0.0
14,waypoint_57,-15.0,0.1832395638957754,-0.7050469241938334,1.043684508641266,823.3872652053833,0.0
0,waypoint_57,0.0,0.1832395638957754,-0.7050469241938334,1.043684508641266,4119.372367858887,0.0
1,waypoint_57,0.0,0.1832395638957754,-0.7050469241938334,1.043684508641266,3148.085594177246,0.0
2,waypoint_57,0.0,0.1832395638957754,-0.7050469241938334,1.043684508641266,3060.194969177246,0.0
3,waypoint_57,0.0,0.1832395638957754,-0.7050469241938334,1.043684508641266,1362.1783256530762,0.0
4,waypoint_57,0.0,0.1832395638957754,-0.7050469241938334,1.043684508641266,1401.6098976135254,0.0
5,waypoint_57,0.0,0.1832395638957754,-0.7050469241938334,1.043684508641266,1685.6324672698975,0.0
6,waypoint_57,0.0,0.1832395638957754,-0.7050469241938334,1.043684508641266,1254.791498184204,0.0
7,waypoint_57,0.0,0.1832395638957754,-0.7050469241938334,1.043684508641266,1806.3528537750244,0.0
8,waypoint_57,0.0,0.1832395638957754,-0.7050469241938334,1.043684508641266,432.5503408908844,0.0
9,waypoint_57,0.0,0.1832395638957754,-0.7050469241938334,1.043684508641266,1103.6165952682495,0.0
10,waypoint_57,0.0,0.1832395638957754,-0.7050469241938334,1.043684508641266,891.1861777305603,0.0
11,waypoint_57,0.0,0.1832395638957754,-0.7050469241938334,1.043684508641266,890.5794024467468,0.0
12,waypoint_57,0.0,0.1832395638957754,-0.7050469241938334,1.043684508641266,628.9193034172058,0.0
13,waypoint_57,0.0,0.1832395638957754,-0.7050469241938334,1.043684508641266,666.3213968276978,0.0
14,waypoint_57,0.0,0.1832395638957754,-0.7050469241938334,1.043684508641266,757.6781511306763,0.0
0,waypoint_57,15.0,0.1832395638957754,-0.7050469241938334,1.043684508641266,4134.910583496094,0.0
1,waypoint_57,15.0,0.1832395638957754,-0.7050469241938334,1.043684508641266,3152.7891159057617,0.0
2,waypoint_57,15.0,0.1832395638957754,-0.7050469241938334,1.043684508641266,3120.2425956726074,0.0
3,waypoint_57,15.0,0.1832395638957754,-0.7050469241938334,1.043684508641266,1351.1440753936768,0.0
4,waypoint_57,15.0,0.1832395638957754,-0.7050469241938334,1.043684508641266,1401.2974500656128,0.0
5,waypoint_57,15.0,0.1832395638957754,-0.7050469241938334,1.043684508641266,1615.104079246521,0.0
6,waypoint_57,15.0,0.1832395638957754,-0.7050469241938334,1.043684508641266,1256.6533088684082,0.0
7,waypoint_57,15.0,0.1832395638957754,-0.7050469241938334,1.043684508641266,1725.3230810165405,0.0
8,waypoint_57,15.0,0.1832395638957754,-0.7050469241938334,1.043684508641266,473.59201312065125,0.0
9,waypoint_57,15.0,0.1832395638957754,-0.7050469241938334,1.043684508641266,985.5816960334778,0.0
10,waypoint_57,15.0,0.1832395638957754,-0.7050469241938334,1.043684508641266,897.4922895431519,0.0
11,waypoint_57,15.0,0.1832395638957754,-0.7050469241938334,1.043684508641266,890.578031539917,0.0
12,waypoint_57,15.0,0.1832395638957754,-0.7050469241938334,1.043684508641266,594.5913791656494,0.0
13,waypoint_57,15.0,0.1832395638957754,-0.7050469241938334,1.043684508641266,655.7296514511108,0.0
14,waypoint_57,15.0,0.1832395638957754,-0.7050469241938334,1.043684508641266,749.9358654022217,0.0
0,waypoint_57,30.0,0.1832395638957754,-0.7050469241938334,1.043684508641266,4094.0895080566406,0.0
1,waypoint_57,30.0,0.1832395638957754,-0.7050469241938334,1.043684508641266,3157.2325229644775,0.0
2,waypoint_57,30.0,0.1832395638957754,-0.7050469241938334,1.043684508641266,3053.2188415527344,0.0
3,waypoint_57,30.0,0.1832395638957754,-0.7050469241938334,1.043684508641266,1314.4135475158691,0.0
4,waypoint_57,30.0,0.1832395638957754,-0.7050469241938334,1.043684508641266,1401.720404624939,0.0
5,waypoint_57,30.0,0.1832395638957754,-0.7050469241938334,1.043684508641266,1704.17320728302,0.0
6,waypoint_57,30.0,0.1832395638957754,-0.7050469241938334,1.043684508641266,1281.413197517395,0.0
7,waypoint_57,30.0,0.1832395638957754,-0.7050469241938334,1.043684508641266,1663.6040210723877,0.0
8,waypoint_57,30.0,0.1832395638957754,-0.7050469241938334,1.043684508641266,503.72999906539917,0.0
9,waypoint_57,30.0,0.1832395638957754,-0.7050469241938334,1.043684508641266,962.1452689170837,0.0
10,waypoint_57,30.0,0.1832395638957754,-0.7050469241938334,1.043684508641266,891.4750814437866,0.0
11,waypoint_57,30.0,0.1832395638957754,-0.7050469241938334,1.043684508641266,763.5741233825684,0.0
12,waypoint_57,30.0,0.1832395638957754,-0.7050469241938334,1.043684508641266,571.3906288146973,0.0
13,waypoint_57,30.0,0.1832395638957754,-0.7050469241938334,1.043684508641266,647.7758288383484,0.0
14,waypoint_57,30.0,0.1832395638957754,-0.7050469241938334,1.043684508641266,664.1446948051453,0.0
0,waypoint_58,30.0,0.2032395638957752,-0.7050469241938334,1.043684508641266,4111.510753631592,0.0
1,waypoint_58,30.0,0.2032395638957752,-0.7050469241938334,1.043684508641266,3157.5560569763184,0.0
2,waypoint_58,30.0,0.2032395638957752,-0.7050469241938334,1.043684508641266,3086.785078048706,0.0
3,waypoint_58,30.0,0.2032395638957752,-0.7050469241938334,1.043684508641266,1332.368016242981,0.0
4,waypoint_58,30.0,0.2032395638957752,-0.7050469241938334,1.043684508641266,1381.9867372512817,0.0
5,waypoint_58,30.0,0.2032395638957752,-0.7050469241938334,1.043684508641266,1694.8057413101196,0.0
6,waypoint_58,30.0,0.2032395638957752,-0.7050469241938334,1.043684508641266,1290.507435798645,0.0
7,waypoint_58,30.0,0.2032395638957752,-0.7050469241938334,1.043684508641266,1644.2455053329468,0.0
8,waypoint_58,30.0,0.2032395638957752,-0.7050469241938334,1.043684508641266,521.7227339744568,0.0
9,waypoint_58,30.0,0.2032395638957752,-0.7050469241938334,1.043684508641266,983.4811091423035,0.0
10,waypoint_58,30.0,0.2032395638957752,-0.7050469241938334,1.043684508641266,910.7498526573181,0.0
11,waypoint_58,30.0,0.2032395638957752,-0.7050469241938334,1.043684508641266,782.7625274658203,0.0
12,waypoint_58,30.0,0.2032395638957752,-0.7050469241938334,1.043684508641266,584.4681262969971,0.0
13,waypoint_58,30.0,0.2032395638957752,-0.7050469241938334,1.043684508641266,660.8132719993591,0.0
14,waypoint_58,30.0,0.2032395638957752,-0.7050469241938334,1.043684508641266,645.415186882019,0.0
0,waypoint_58,15.0,0.2032395638957752,-0.7050469241938334,1.043684508641266,4125.114917755127,0.0
1,waypoint_58,15.0,0.2032395638957752,-0.7050469241938334,1.043684508641266,3153.1219482421875,0.0
2,waypoint_58,15.0,0.2032395638957752,-0.7050469241938334,1.043684508641266,3042.45662689209,0.0
3,waypoint_58,15.0,0.2032395638957752,-0.7050469241938334,1.043684508641266,1362.265706062317,0.0
4,waypoint_58,15.0,0.2032395638957752,-0.7050469241938334,1.043684508641266,1381.5405368804932,0.0
5,waypoint_58,15.0,0.2032395638957752,-0.7050469241938334,1.043684508641266,1605.6163311004639,0.0
6,waypoint_58,15.0,0.2032395638957752,-0.7050469241938334,1.043684508641266,1292.4195528030396,0.0
7,waypoint_58,15.0,0.2032395638957752,-0.7050469241938334,1.043684508641266,1648.0026245117188,0.0
8,waypoint_58,15.0,0.2032395638957752,-0.7050469241938334,1.043684508641266,506.2323212623596,0.0
9,waypoint_58,15.0,0.2032395638957752,-0.7050469241938334,1.043684508641266,1005.3945779800415,0.0
10,waypoint_58,15.0,0.2032395638957752,-0.7050469241938334,1.043684508641266,917.2502756118774,0.0
11,waypoint_58,15.0,0.2032395638957752,-0.7050469241938334,1.043684508641266,738.3676767349243,0.0
12,waypoint_58,15.0,0.2032395638957752,-0.7050469241938334,1.043684508641266,605.9276461601257,0.0
13,waypoint_58,15.0,0.2032395638957752,-0.7050469241938334,1.043684508641266,668.3263778686523,0.0
14,waypoint_58,15.0,0.2032395638957752,-0.7050469241938334,1.043684508641266,760.2372169494629,0.0
0,waypoint_58,0.0,0.2032395638957752,-0.7050469241938334,1.043684508641266,4148.31018447876,0.0
1,waypoint_58,0.0,0.2032395638957752,-0.7050469241938334,1.043684508641266,3148.463487625122,0.0
2,waypoint_58,0.0,0.2032395638957752,-0.7050469241938334,1.043684508641266,3093.8289165496826,0.0
3,waypoint_58,0.0,0.2032395638957752,-0.7050469241938334,1.043684508641266,1350.276231765747,0.0
4,waypoint_58,0.0,0.2032395638957752,-0.7050469241938334,1.043684508641266,1381.6187381744385,0.0
5,waypoint_58,0.0,0.2032395638957752,-0.7050469241938334,1.043684508641266,1675.588607788086,0.0
6,waypoint_58,0.0,0.2032395638957752,-0.7050469241938334,1.043684508641266,1275.1933336257935,0.0
7,waypoint_58,0.0,0.2032395638957752,-0.7050469241938334,1.043684508641266,1648.9040851593018,0.0
8,waypoint_58,0.0,0.2032395638957752,-0.7050469241938334,1.043684508641266,483.5560917854309,0.0
9,waypoint_58,0.0,0.2032395638957752,-0.7050469241938334,1.043684508641266,1061.2624883651733,0.0
10,waypoint_58,0.0,0.2032395638957752,-0.7050469241938334,1.043684508641266,916.3816571235657,0.0
11,waypoint_58,0.0,0.2032395638957752,-0.7050469241938334,1.043684508641266,797.3427176475525,0.0
12,waypoint_58,0.0,0.2032395638957752,-0.7050469241938334,1.043684508641266,639.7586464881897,0.0
13,waypoint_58,0.0,0.2032395638957752,-0.7050469241938334,1.043684508641266,678.3350706100464,0.0
14,waypoint_58,0.0,0.2032395638957752,-0.7050469241938334,1.043684508641266,806.4202666282654,0.0
0,waypoint_58,-15.0,0.2032395638957752,-0.7050469241938334,1.043684508641266,4102.001190185547,0.0
1,waypoint_58,-15.0,0.2032395638957752,-0.7050469241938334,1.043684508641266,3144.6547508239746,0.0
2,waypoint_58,-15.0,0.2032395638957752,-0.7050469241938334,1.043684508641266,3040.9975051879883,0.0
3,waypoint_58,-15.0,0.2032395638957752,-0.7050469241938334,1.043684508641266,1306.229829788208,0.0
4,waypoint_58,-15.0,0.2032395638957752,-0.7050469241938334,1.043684508641266,1381.9637298583984,0.0
5,waypoint_58,-15.0,0.2032395638957752,-0.7050469241938334,1.043684508641266,2140.939950942993,0.0
6,waypoint_58,-15.0,0.2032395638957752,-0.7050469241938334,1.043684508641266,1246.9810247421265,0.0
7,waypoint_58,-15.0,0.2032395638957752,-0.7050469241938334,1.043684508641266,1654.3618440628052,0.0
8,waypoint_58,-15.0,0.2032395638957752,-0.7050469241938334,1.043684508641266,466.0421311855316,0.0
9,waypoint_58,-15.0,0.2032395638957752,-0.7050469241938334,1.043684508641266,1148.29683303833,0.0
10,waypoint_58,-15.0,0.2032395638957752,-0.7050469241938334,1.043684508641266,975.8008122444153,0.0
11,waypoint_58,-15.0,0.2032395638957752,-0.7050469241938334,1.043684508641266,789.4202470779419,0.0
12,waypoint_58,-15.0,0.2032395638957752,-0.7050469241938334,1.043684508641266,674.948513507843,0.0
13,waypoint_58,-15.0,0.2032395638957752,-0.7050469241938334,1.043684508641266,690.2715563774109,0.0
14,waypoint_58,-15.0,0.2032395638957752,-0.7050469241938334,1.043684508641266,851.3242602348328,0.0
0,waypoint_58,-30.0,0.2032395638957752,-0.7050469241938334,1.043684508641266,4138.361930847168,0.0
1,waypoint_58,-30.0,0.2032395638957752,-0.7050469241938334,1.043684508641266,3142.7130699157715,0.0
2,waypoint_58,-30.0,0.2032395638957752,-0.7050469241938334,1.043684508641266,2851.17244720459,0.0
3,waypoint_58,-30.0,0.2032395638957752,-0.7050469241938334,1.043684508641266,1165.7459735870361,0.0
4,waypoint_58,-30.0,0.2032395638957752,-0.7050469241938334,1.043684508641266,1382.6276063919067,0.0
5,waypoint_58,-30.0,0.2032395638957752,-0.7050469241938334,1.043684508641266,2180.206537246704,0.0
6,waypoint_58,-30.0,0.2032395638957752,-0.7050469241938334,1.043684508641266,1227.6169061660767,0.0
7,waypoint_58,-30.0,0.2032395638957752,-0.7050469241938334,1.043684508641266,1660.4756116867065,0.0
8,waypoint_58,-30.0,0.2032395638957752,-0.7050469241938334,1.043684508641266,486.9473874568939,0.0
9,waypoint_58,-30.0,0.2032395638957752,-0.7050469241938334,1.043684508641266,1181.991696357727,0.0
10,waypoint_58,-30.0,0.2032395638957752,-0.7050469241938334,1.043684508641266,1012.7341747283936,0.0
11,waypoint_58,-30.0,0.2032395638957752,-0.7050469241938334,1.043684508641266,903.7712216377258,0.0
12,waypoint_58,-30.0,0.2032395638957752,-0.7050469241938334,1.043684508641266,709.256649017334,0.0
13,waypoint_58,-30.0,0.2032395638957752,-0.7050469241938334,1.043684508641266,700.7400393486023,0.0
14,waypoint_58,-30.0,0.2032395638957752,-0.7050469241938334,1.043684508641266,927.9077649116516,0.0
0,waypoint_59,-30.0,0.22323956389577543,-0.7050469241938334,1.043684508641266,4153.543949127197,0.0
1,waypoint_59,-30.0,0.22323956389577543,-0.7050469241938334,1.043684508641266,3143.4178352355957,0.0
2,waypoint_59,-30.0,0.22323956389577543,-0.7050469241938334,1.043684508641266,2839.5228385925293,0.0
3,waypoint_59,-30.0,0.22323956389577543,-0.7050469241938334,1.043684508641266,1150.4377126693726,0.0
4,waypoint_59,-30.0,0.22323956389577543,-0.7050469241938334,1.043684508641266,1362.6723289489746,0.0
5,waypoint_59,-30.0,0.22323956389577543,-0.7050469241938334,1.043684508641266,2174.973726272583,0.0
6,waypoint_59,-30.0,0.22323956389577543,-0.7050469241938334,1.043684508641266,1208.54651927948,0.0
7,waypoint_59,-30.0,0.22323956389577543,-0.7050469241938334,1.043684508641266,1641.2651538848877,0.0
8,waypoint_59,-30.0,0.22323956389577543,-0.7050469241938334,1.043684508641266,429.8773407936096,0.0
9,waypoint_59,-30.0,0.22323956389577543,-0.7050469241938334,1.043684508641266,1197.52037525177,0.0
10,waypoint_59,-30.0,0.22323956389577543,-0.7050469241938334,1.043684508641266,1031.3646793365479,0.0
11,waypoint_59,-30.0,0.22323956389577543,-0.7050469241938334,1.043684508641266,919.7605848312378,0.0
12,waypoint_59,-30.0,0.22323956389577543,-0.7050469241938334,1.043684508641266,721.3331460952759,0.0
13,waypoint_59,-30.0,0.22323956389577543,-0.7050469241938334,1.043684508641266,713.2350206375122,0.0
14,waypoint_59,-30.0,0.22323956389577543,-0.7050469241938334,1.043684508641266,848.6953973770142,0.0
0,waypoint_59,-15.0,0.22323956389577543,-0.7050469241938334,1.043684508641266,4111.529350280762,0.0
1,waypoint_59,-15.0,0.22323956389577543,-0.7050469241938334,1.043684508641266,3145.232677459717,0.0
2,waypoint_59,-15.0,0.22323956389577543,-0.7050469241938334,1.043684508641266,2826.5061378479004,0.0
3,waypoint_59,-15.0,0.22323956389577543,-0.7050469241938334,1.043684508641266,1264.0230655670166,0.0
4,waypoint_59,-15.0,0.22323956389577543,-0.7050469241938334,1.043684508641266,1362.4730110168457,0.0
5,waypoint_59,-15.0,0.22323956389577543,-0.7050469241938334,1.043684508641266,2135.4448795318604,0.0
6,waypoint_59,-15.0,0.22323956389577543,-0.7050469241938334,1.043684508641266,1212.3124599456787,0.0
7,waypoint_59,-15.0,0.22323956389577543,-0.7050469241938334,1.043684508641266,1639.1265392303467,0.0
8,waypoint_59,-15.0,0.22323956389577543,-0.7050469241938334,1.043684508641266,430.5257499217987,0.0
9,waypoint_59,-15.0,0.22323956389577543,-0.7050469241938334,1.043684508641266,1162.5614166259766,0.0
10,waypoint_59,-15.0,0.22323956389577543,-0.7050469241938334,1.043684508641266,1033.553957939148,0.0
11,waypoint_59,-15.0,0.22323956389577543,-0.7050469241938334,1.043684508641266,896.6450095176697,0.0
12,waypoint_59,-15.0,0.22323956389577543,-0.7050469241938334,1.043684508641266,686.9829297065735,0.0
13,waypoint_59,-15.0,0.22323956389577543,-0.7050469241938334,1.043684508641266,703.3550143241882,0.0
14,waypoint_59,-15.0,0.22323956389577543,-0.7050469241938334,1.043684508641266,844.0367579460144,0.0
0,waypoint_59,0.0,0.22323956389577543,-0.7050469241938334,1.043684508641266,4118.0620193481445,0.0
1,waypoint_59,0.0,0.22323956389577543,-0.7050469241938334,1.043684508641266,3148.956298828125,0.0
2,waypoint_59,0.0,0.22323956389577543,-0.7050469241938334,1.043684508641266,3044.2752838134766,0.0
3,waypoint_59,0.0,0.22323956389577543,-0.7050469241938334,1.043684508641266,1320.492148399353,0.0
4,waypoint_59,0.0,0.22323956389577543,-0.7050469241938334,1.043684508641266,1362.076759338379,0.0
5,waypoint_59,0.0,0.22323956389577543,-0.7050469241938334,1.043684508641266,1669.899582862854,0.0
6,waypoint_59,0.0,0.22323956389577543,-0.7050469241938334,1.043684508641266,1215.9333229064941,0.0
7,waypoint_59,0.0,0.22323956389577543,-0.7050469241938334,1.043684508641266,1641.4130926132202,0.0
8,waypoint_59,0.0,0.22323956389577543,-0.7050469241938334,1.043684508641266,460.66874265670776,0.0
9,waypoint_59,0.0,0.22323956389577543,-0.7050469241938334,1.043684508641266,1136.6509199142456,0.0
10,waypoint_59,0.0,0.22323956389577543,-0.7050469241938334,1.043684508641266,1026.6903638839722,0.0
11,waypoint_59,0.0,0.22323956389577543,-0.7050469241938334,1.043684508641266,895.9646224975586,0.0
12,waypoint_59,0.0,0.22323956389577543,-0.7050469241938334,1.043684508641266,652.0492434501648,0.0
13,waypoint_59,0.0,0.22323956389577543,-0.7050469241938334,1.043684508641266,691.6309595108032,0.0
14,waypoint_59,0.0,0.22323956389577543,-0.7050469241938334,1.043684508641266,769.8254585266113,0.0
0,waypoint_59,15.0,0.22323956389577543,-0.7050469241938334,1.043684508641266,4119.527816772461,0.0
1,waypoint_59,15.0,0.22323956389577543,-0.7050469241938334,1.043684508641266,3153.5637378692627,0.0
2,waypoint_59,15.0,0.22323956389577543,-0.7050469241938334,1.043684508641266,3083.089828491211,0.0
3,waypoint_59,15.0,0.22323956389577543,-0.7050469241938334,1.043684508641266,1272.7760076522827,0.0
4,waypoint_59,15.0,0.22323956389577543,-0.7050469241938334,1.043684508641266,1361.8828058242798,0.0
5,waypoint_59,15.0,0.22323956389577543,-0.7050469241938334,1.043684508641266,1596.299171447754,0.0
6,waypoint_59,15.0,0.22323956389577543,-0.7050469241938334,1.043684508641266,1267.996072769165,0.0
7,waypoint_59,15.0,0.22323956389577543,-0.7050469241938334,1.043684508641266,1623.0872869491577,0.0
8,waypoint_59,15.0,0.22323956389577543,-0.7050469241938334,1.043684508641266,490.99329113960266,0.0
9,waypoint_59,15.0,0.22323956389577543,-0.7050469241938334,1.043684508641266,1029.2747020721436,0.0
10,waypoint_59,15.0,0.22323956389577543,-0.7050469241938334,1.043684508641266,952.4197578430176,0.0
11,waypoint_59,15.0,0.22323956389577543,-0.7050469241938334,1.043684508641266,871.4476227760315,0.0
12,waypoint_59,15.0,0.22323956389577543,-0.7050469241938334,1.043684508641266,619.6736097335815,0.0
13,waypoint_59,15.0,0.22323956389577543,-0.7050469241938334,1.043684508641266,681.2889575958252,0.0
14,waypoint_59,15.0,0.22323956389577543,-0.7050469241938334,1.043684508641266,803.8780689239502,0.0
0,waypoint_59,30.0,0.22323956389577543,-0.7050469241938334,1.043684508641266,4123.907089233398,0.0
1,waypoint_59,30.0,0.22323956389577543,-0.7050469241938334,1.043684508641266,3157.986640930176,0.0
2,waypoint_59,30.0,0.22323956389577543,-0.7050469241938334,1.043684508641266,3039.2866134643555,0.0
3,waypoint_59,30.0,0.22323956389577543,-0.7050469241938334,1.043684508641266,1307.6415061950684,0.0
4,waypoint_59,30.0,0.22323956389577543,-0.7050469241938334,1.043684508641266,1362.3135089874268,0.0
5,waypoint_59,30.0,0.22323956389577543,-0.7050469241938334,1.043684508641266,1685.581088066101,0.0
6,waypoint_59,30.0,0.22323956389577543,-0.7050469241938334,1.043684508641266,1272.1989154815674,0.0
7,waypoint_59,30.0,0.22323956389577543,-0.7050469241938334,1.043684508641266,1612.5253438949585,0.0
8,waypoint_59,30.0,0.22323956389577543,-0.7050469241938334,1.043684508641266,536.202073097229,0.0
9,waypoint_59,30.0,0.22323956389577543,-0.7050469241938334,1.043684508641266,1004.006028175354,0.0
10,waypoint_59,30.0,0.22323956389577543,-0.7050469241938334,1.043684508641266,942.8249001502991,0.0
11,waypoint_59,30.0,0.22323956389577543,-0.7050469241938334,1.043684508641266,732.8376770019531,0.0
12,waypoint_59,30.0,0.22323956389577543,-0.7050469241938334,1.043684508641266,596.5192914009094,0.0
13,waypoint_59,30.0,0.22323956389577543,-0.7050469241938334,1.043684508641266,672.4408864974976,0.0
14,waypoint_59,30.0,0.22323956389577543,-0.7050469241938334,1.043684508641266,629.0642619132996,0.0
0,waypoint_60,30.0,0.24323956389577522,-0.7050469241938334,1.043684508641266,4142.075538635254,0.0
1,waypoint_60,30.0,0.24323956389577522,-0.7050469241938334,1.043684508641266,3158.5214138031006,0.0
2,waypoint_60,30.0,0.24323956389577522,-0.7050469241938334,1.043684508641266,2991.826295852661,0.0
3,waypoint_60,30.0,0.24323956389577522,-0.7050469241938334,1.043684508641266,1274.664044380188,0.0
4,waypoint_60,30.0,0.24323956389577522,-0.7050469241938334,1.043684508641266,1342.6005840301514,0.0
5,waypoint_60,30.0,0.24323956389577522,-0.7050469241938334,1.043684508641266,1676.5191555023193,0.0
6,waypoint_60,30.0,0.24323956389577522,-0.7050469241938334,1.043684508641266,1253.233551979065,0.0
7,waypoint_60,30.0,0.24323956389577522,-0.7050469241938334,1.043684508641266,1594.8083400726318,0.0
8,waypoint_60,30.0,0.24323956389577522,-0.7050469241938334,1.043684508641266,554.7199845314026,0.0
9,waypoint_60,30.0,0.24323956389577522,-0.7050469241938334,1.043684508641266,1025.1224040985107,0.0
10,waypoint_60,30.0,0.24323956389577522,-0.7050469241938334,1.043684508641266,959.6995711326599,0.0
11,waypoint_60,30.0,0.24323956389577522,-0.7050469241938334,1.043684508641266,751.4316439628601,0.0
12,waypoint_60,30.0,0.24323956389577522,-0.7050469241938334,1.043684508641266,610.2771759033203,0.0
13,waypoint_60,30.0,0.24323956389577522,-0.7050469241938334,1.043684508641266,685.4296922683716,0.0
14,waypoint_60,30.0,0.24323956389577522,-0.7050469241938334,1.043684508641266,624.6691346168518,0.0
0,waypoint_60,15.0,0.24323956389577522,-0.7050469241938334,1.043684508641266,4227.164745330811,0.0
1,waypoint_60,15.0,0.24323956389577522,-0.7050469241938334,1.043684508641266,3154.1106700897217,0.0
2,waypoint_60,15.0,0.24323956389577522,-0.7050469241938334,1.043684508641266,3006.5250396728516,0.0
3,waypoint_60,15.0,0.24323956389577522,-0.7050469241938334,1.043684508641266,1292.0681238174438,0.0
4,waypoint_60,15.0,0.24323956389577522,-0.7050469241938334,1.043684508641266,1341.998815536499,0.0
5,waypoint_60,15.0,0.24323956389577522,-0.7050469241938334,1.043684508641266,1587.1381759643555,0.0
6,waypoint_60,15.0,0.24323956389577522,-0.7050469241938334,1.043684508641266,1252.7399063110352,0.0
7,waypoint_60,15.0,0.24323956389577522,-0.7050469241938334,1.043684508641266,1600.8492708206177,0.0
8,waypoint_60,15.0,0.24323956389577522,-0.7050469241938334,1.043684508641266,545.2171564102173,0.0
9,waypoint_60,15.0,0.24323956389577522,-0.7050469241938334,1.043684508641266,1046.5447902679443,0.0
10,waypoint_60,15.0,0.24323956389577522,-0.7050469241938334,1.043684508641266,963.4955525398254,0.0
11,waypoint_60,15.0,0.24323956389577522,-0.7050469241938334,1.043684508641266,786.7625951766968,0.0
12,waypoint_60,15.0,0.24323956389577522,-0.7050469241938334,1.043684508641266,630.300760269165,0.0
13,waypoint_60,15.0,0.24323956389577522,-0.7050469241938334,1.043684508641266,694.5313215255737,0.0
14,waypoint_60,15.0,0.24323956389577522,-0.7050469241938334,1.043684508641266,798.008143901825,0.0
0,waypoint_60,0.0,0.24323956389577522,-0.7050469241938334,1.043684508641266,4123.069763183594,0.0
1,waypoint_60,0.0,0.24323956389577522,-0.7050469241938334,1.043684508641266,3149.554967880249,0.0
2,waypoint_60,0.0,0.24323956389577522,-0.7050469241938334,1.043684508641266,3067.342519760132,0.0
3,waypoint_60,0.0,0.24323956389577522,-0.7050469241938334,1.043684508641266,1272.4624872207642,0.0
4,waypoint_60,0.0,0.24323956389577522,-0.7050469241938334,1.043684508641266,1342.0917987823486,0.0
5,waypoint_60,0.0,0.24323956389577522,-0.7050469241938334,1.043684508641266,1664.4922494888306,0.0
6,waypoint_60,0.0,0.24323956389577522,-0.7050469241938334,1.043684508641266,1232.8907251358032,0.0
7,waypoint_60,0.0,0.24323956389577522,-0.7050469241938334,1.043684508641266,1603.2230854034424,0.0
8,waypoint_60,0.0,0.24323956389577522,-0.7050469241938334,1.043684508641266,503.94320487976074,0.0
9,waypoint_60,0.0,0.24323956389577522,-0.7050469241938334,1.043684508641266,1105.5327653884888,0.0
10,waypoint_60,0.0,0.24323956389577522,-0.7050469241938334,1.043684508641266,969.2152142524719,0.0
11,waypoint_60,0.0,0.24323956389577522,-0.7050469241938334,1.043684508641266,818.9437985420227,0.0
12,waypoint_60,0.0,0.24323956389577522,-0.7050469241938334,1.043684508641266,663.9962792396545,0.0
13,waypoint_60,0.0,0.24323956389577522,-0.7050469241938334,1.043684508641266,704.086184501648,0.0
14,waypoint_60,0.0,0.24323956389577522,-0.7050469241938334,1.043684508641266,808.3935379981995,0.0
0,waypoint_60,-15.0,0.24323956389577522,-0.7050469241938334,1.043684508641266,4109.829425811768,0.0
1,waypoint_60,-15.0,0.24323956389577522,-0.7050469241938334,1.043684508641266,3145.9267139434814,0.0
2,waypoint_60,-15.0,0.24323956389577522,-0.7050469241938334,1.043684508641266,2901.8502235412598,0.0
3,waypoint_60,-15.0,0.24323956389577522,-0.7050469241938334,1.043684508641266,1310.9629154205322,0.0
4,waypoint_60,-15.0,0.24323956389577522,-0.7050469241938334,1.043684508641266,1342.3274755477905,0.0
5,waypoint_60,-15.0,0.24323956389577522,-0.7050469241938334,1.043684508641266,2131.277322769165,0.0
6,waypoint_60,-15.0,0.24323956389577522,-0.7050469241938334,1.043684508641266,1197.3639726638794,0.0
7,waypoint_60,-15.0,0.24323956389577522,-0.7050469241938334,1.043684508641266,1916.7810678482056,0.0
8,waypoint_60,-15.0,0.24323956389577522,-0.7050469241938334,1.043684508641266,487.0382845401764,0.0
9,waypoint_60,-15.0,0.24323956389577522,-0.7050469241938334,1.043684508641266,1181.1519861221313,0.0
10,waypoint_60,-15.0,0.24323956389577522,-0.7050469241938334,1.043684508641266,974.9607443809509,0.0
11,waypoint_60,-15.0,0.24323956389577522,-0.7050469241938334,1.043684508641266,818.9489245414734,0.0
12,waypoint_60,-15.0,0.24323956389577522,-0.7050469241938334,1.043684508641266,698.549747467041,0.0
13,waypoint_60,-15.0,0.24323956389577522,-0.7050469241938334,1.043684508641266,715.7092094421387,0.0
14,waypoint_60,-15.0,0.24323956389577522,-0.7050469241938334,1.043684508641266,812.5172257423401,0.0
0,waypoint_60,-30.0,0.24323956389577522,-0.7050469241938334,1.043684508641266,4184.314250946045,0.0
1,waypoint_60,-30.0,0.24323956389577522,-0.7050469241938334,1.043684508641266,3144.239664077759,0.0
2,waypoint_60,-30.0,0.24323956389577522,-0.7050469241938334,1.043684508641266,2888.4317874908447,0.0
3,waypoint_60,-30.0,0.24323956389577522,-0.7050469241938334,1.043684508641266,1119.7577714920044,0.0
4,waypoint_60,-30.0,0.24323956389577522,-0.7050469241938334,1.043684508641266,1342.8494930267334,0.0
5,waypoint_60,-30.0,0.24323956389577522,-0.7050469241938334,1.043684508641266,2170.191526412964,0.0
6,waypoint_60,-30.0,0.24323956389577522,-0.7050469241938334,1.043684508641266,1181.3993453979492,0.0
7,waypoint_60,-30.0,0.24323956389577522,-0.7050469241938334,1.043684508641266,1404.5685529708862,0.0
8,waypoint_60,-30.0,0.24323956389577522,-0.7050469241938334,1.043684508641266,501.7545819282532,0.0
9,waypoint_60,-30.0,0.24323956389577522,-0.7050469241938334,1.043684508641266,1213.3609056472778,0.0
10,waypoint_60,-30.0,0.24323956389577522,-0.7050469241938334,1.043684508641266,1049.167275428772,0.0
11,waypoint_60,-30.0,0.24323956389577522,-0.7050469241938334,1.043684508641266,818.9592361450195,0.0
12,waypoint_60,-30.0,0.24323956389577522,-0.7050469241938334,1.043684508641266,732.6152324676514,0.0
13,waypoint_60,-30.0,0.24323956389577522,-0.7050469241938334,1.043684508641266,725.4384160041809,0.0
14,waypoint_60,-30.0,0.24323956389577522,-0.7050469241938334,1.043684508641266,915.6996011734009,0.0
0,waypoint_61,-30.0,0.06323956389577612,-0.6888739146935746,1.0242258486310418,4004.7688484191895,0.0
1,waypoint_61,-30.0,0.06323956389577612,-0.6888739146935746,1.0242258486310418,3124.2191791534424,0.0
2,waypoint_61,-30.0,0.06323956389577612,-0.6888739146935746,1.0242258486310418,3022.343635559082,0.0
3,waypoint_61,-30.0,0.06323956389577612,-0.6888739146935746,1.0242258486310418,1287.3481512069702,0.0
4,waypoint_61,-30.0,0.06323956389577612,-0.6888739146935746,1.0242258486310418,1517.2927379608154,0.0
5,waypoint_61,-30.0,0.06323956389577612,-0.6888739146935746,1.0242258486310418,2199.7976303100586,0.0
6,waypoint_61,-30.0,0.06323956389577612,-0.6888739146935746,1.0242258486310418,1351.959228515625,0.0
7,waypoint_61,-30.0,0.06323956389577612,-0.6888739146935746,1.0242258486310418,1619.4323301315308,0.0
8,waypoint_61,-30.0,0.06323956389577612,-0.6888739146935746,1.0242258486310418,368.0886924266815,0.0
9,waypoint_61,-30.0,0.06323956389577612,-0.6888739146935746,1.0242258486310418,1071.5980529785156,0.0
10,waypoint_61,-30.0,0.06323956389577612,-0.6888739146935746,1.0242258486310418,889.1723155975342,0.0
11,waypoint_61,-30.0,0.06323956389577612,-0.6888739146935746,1.0242258486310418,683.3264231681824,0.0
12,waypoint_61,-30.0,0.06323956389577612,-0.6888739146935746,1.0242258486310418,626.9585490226746,0.0
13,waypoint_61,-30.0,0.06323956389577612,-0.6888739146935746,1.0242258486310418,617.5509691238403,0.0
14,waypoint_61,-30.0,0.06323956389577612,-0.6888739146935746,1.0242258486310418,820.0364112854004,0.0
0,waypoint_61,-15.0,0.06323956389577612,-0.6888739146935746,1.0242258486310418,4007.9894065856934,0.0
1,waypoint_61,-15.0,0.06323956389577612,-0.6888739146935746,1.0242258486310418,3127.559185028076,0.0
2,waypoint_61,-15.0,0.06323956389577612,-0.6888739146935746,1.0242258486310418,3022.688865661621,0.0
3,waypoint_61,-15.0,0.06323956389577612,-0.6888739146935746,1.0242258486310418,1421.0492372512817,0.0
4,waypoint_61,-15.0,0.06323956389577612,-0.6888739146935746,1.0242258486310418,1517.1955823898315,0.0
5,waypoint_61,-15.0,0.06323956389577612,-0.6888739146935746,1.0242258486310418,2157.0043563842773,0.0
6,waypoint_61,-15.0,0.06323956389577612,-0.6888739146935746,1.0242258486310418,1365.0373220443726,0.0
7,waypoint_61,-15.0,0.06323956389577612,-0.6888739146935746,1.0242258486310418,1834.9230289459229,0.0
8,waypoint_61,-15.0,0.06323956389577612,-0.6888739146935746,1.0242258486310418,374.0168511867523,0.0
9,waypoint_61,-15.0,0.06323956389577612,-0.6888739146935746,1.0242258486310418,1026.3134241104126,0.0
10,waypoint_61,-15.0,0.06323956389577612,-0.6888739146935746,1.0242258486310418,892.5151228904724,0.0
11,waypoint_61,-15.0,0.06323956389577612,-0.6888739146935746,1.0242258486310418,683.350145816803,0.0
12,waypoint_61,-15.0,0.06323956389577612,-0.6888739146935746,1.0242258486310418,591.2942886352539,0.0
13,waypoint_61,-15.0,0.06323956389577612,-0.6888739146935746,1.0242258486310418,603.6692261695862,0.0
14,waypoint_61,-15.0,0.06323956389577612,-0.6888739146935746,1.0242258486310418,814.2086267471313,0.0
0,waypoint_61,0.0,0.06323956389577612,-0.6888739146935746,1.0242258486310418,4017.155647277832,0.0
1,waypoint_61,0.0,0.06323956389577612,-0.6888739146935746,1.0242258486310418,3132.4620246887207,0.0
2,waypoint_61,0.0,0.06323956389577612,-0.6888739146935746,1.0242258486310418,3133.7523460388184,0.0
3,waypoint_61,0.0,0.06323956389577612,-0.6888739146935746,1.0242258486310418,1443.9908266067505,0.0
4,waypoint_61,0.0,0.06323956389577612,-0.6888739146935746,1.0242258486310418,1516.701579093933,0.0
5,waypoint_61,0.0,0.06323956389577612,-0.6888739146935746,1.0242258486310418,1702.8411626815796,0.0
6,waypoint_61,0.0,0.06323956389577612,-0.6888739146935746,1.0242258486310418,1403.2994508743286,0.0
7,waypoint_61,0.0,0.06323956389577612,-0.6888739146935746,1.0242258486310418,1728.8638353347778,0.0
8,waypoint_61,0.0,0.06323956389577612,-0.6888739146935746,1.0242258486310418,372.8311061859131,0.0
9,waypoint_61,0.0,0.06323956389577612,-0.6888739146935746,1.0242258486310418,969.7785973548889,0.0
10,waypoint_61,0.0,0.06323956389577612,-0.6888739146935746,1.0242258486310418,728.952944278717,0.0
11,waypoint_61,0.0,0.06323956389577612,-0.6888739146935746,1.0242258486310418,683.398425579071,0.0
12,waypoint_61,0.0,0.06323956389577612,-0.6888739146935746,1.0242258486310418,556.0450553894043,0.0
13,waypoint_61,0.0,0.06323956389577612,-0.6888739146935746,1.0242258486310418,590.7516479492188,0.0
14,waypoint_61,0.0,0.06323956389577612,-0.6888739146935746,1.0242258486310418,810.8462691307068,0.0
0,waypoint_61,15.0,0.06323956389577612,-0.6888739146935746,1.0242258486310418,4056.0317039489746,0.0
1,waypoint_61,15.0,0.06323956389577612,-0.6888739146935746,1.0242258486310418,3137.8140449523926,0.0
2,waypoint_61,15.0,0.06323956389577612,-0.6888739146935746,1.0242258486310418,3193.03822517395,0.0
3,waypoint_61,15.0,0.06323956389577612,-0.6888739146935746,1.0242258486310418,1443.5827732086182,0.0
4,waypoint_61,15.0,0.06323956389577612,-0.6888739146935746,1.0242258486310418,1516.5197849273682,0.0
5,waypoint_61,15.0,0.06323956389577612,-0.6888739146935746,1.0242258486310418,1654.6435356140137,0.0
6,waypoint_61,15.0,0.06323956389577612,-0.6888739146935746,1.0242258486310418,1426.3681173324585,0.0
7,waypoint_61,15.0,0.06323956389577612,-0.6888739146935746,1.0242258486310418,1640.5572891235352,0.0
8,waypoint_61,15.0,0.06323956389577612,-0.6888739146935746,1.0242258486310418,368.79006028175354,0.0
9,waypoint_61,15.0,0.06323956389577612,-0.6888739146935746,1.0242258486310418,845.640242099762,0.0
10,waypoint_61,15.0,0.06323956389577612,-0.6888739146935746,1.0242258486310418,695.0452923774719,0.0
11,waypoint_61,15.0,0.06323956389577612,-0.6888739146935746,1.0242258486310418,679.5039176940918,0.0
12,waypoint_61,15.0,0.06323956389577612,-0.6888739146935746,1.0242258486310418,516.8329477310181,0.0
13,waypoint_61,15.0,0.06323956389577612,-0.6888739146935746,1.0242258486310418,579.811692237854,0.0
14,waypoint_61,15.0,0.06323956389577612,-0.6888739146935746,1.0242258486310418,656.4431190490723,0.0
0,waypoint_61,30.0,0.06323956389577612,-0.6888739146935746,1.0242258486310418,4017.0459747314453,0.0
1,waypoint_61,30.0,0.06323956389577612,-0.6888739146935746,1.0242258486310418,3144.197463989258,0.0
2,waypoint_61,30.0,0.06323956389577612,-0.6888739146935746,1.0242258486310418,3149.9619483947754,0.0
3,waypoint_61,30.0,0.06323956389577612,-0.6888739146935746,1.0242258486310418,1404.4413566589355,0.0
4,waypoint_61,30.0,0.06323956389577612,-0.6888739146935746,1.0242258486310418,1516.5519714355469,0.0
5,waypoint_61,30.0,0.06323956389577612,-0.6888739146935746,1.0242258486310418,1741.796612739563,0.0
6,waypoint_61,30.0,0.06323956389577612,-0.6888739146935746,1.0242258486310418,1424.7455596923828,0.0
7,waypoint_61,30.0,0.06323956389577612,-0.6888739146935746,1.0242258486310418,1724.9044179916382,0.0
8,waypoint_61,30.0,0.06323956389577612,-0.6888739146935746,1.0242258486310418,412.4710261821747,0.0
9,waypoint_61,30.0,0.06323956389577612,-0.6888739146935746,1.0242258486310418,825.5471587181091,0.0
10,waypoint_61,30.0,0.06323956389577612,-0.6888739146935746,1.0242258486310418,700.7149457931519,0.0
11,waypoint_61,30.0,0.06323956389577612,-0.6888739146935746,1.0242258486310418,619.6936964988708,0.0
12,waypoint_61,30.0,0.06323956389577612,-0.6888739146935746,1.0242258486310418,492.39879846572876,0.0
13,waypoint_61,30.0,0.06323956389577612,-0.6888739146935746,1.0242258486310418,571.5786218643188,0.0
14,waypoint_61,30.0,0.06323956389577612,-0.6888739146935746,1.0242258486310418,688.6664032936096,0.0
0,waypoint_62,30.0,0.08323956389577569,-0.6888739146935746,1.0242258486310418,4032.834529876709,0.0
1,waypoint_62,30.0,0.08323956389577569,-0.6888739146935746,1.0242258486310418,3142.2314643859863,0.0
2,waypoint_62,30.0,0.08323956389577569,-0.6888739146935746,1.0242258486310418,3173.290014266968,0.0
3,waypoint_62,30.0,0.08323956389577569,-0.6888739146935746,1.0242258486310418,1386.7170810699463,0.0
4,waypoint_62,30.0,0.08323956389577569,-0.6888739146935746,1.0242258486310418,1496.728539466858,0.0
5,waypoint_62,30.0,0.08323956389577569,-0.6888739146935746,1.0242258486310418,1731.4578294754028,0.0
6,waypoint_62,30.0,0.08323956389577569,-0.6888739146935746,1.0242258486310418,1404.7040939331055,0.0
7,waypoint_62,30.0,0.08323956389577569,-0.6888739146935746,1.0242258486310418,1569.4537162780762,0.0
8,waypoint_62,30.0,0.08323956389577569,-0.6888739146935746,1.0242258486310418,428.66775393486023,0.0
9,waypoint_62,30.0,0.08323956389577569,-0.6888739146935746,1.0242258486310418,845.1142907142639,0.0
10,waypoint_62,30.0,0.08323956389577569,-0.6888739146935746,1.0242258486310418,720.5917835235596,0.0
11,waypoint_62,30.0,0.08323956389577569,-0.6888739146935746,1.0242258486310418,635.4017853736877,0.0
12,waypoint_62,30.0,0.08323956389577569,-0.6888739146935746,1.0242258486310418,502.6552081108093,0.0
13,waypoint_62,30.0,0.08323956389577569,-0.6888739146935746,1.0242258486310418,582.1097493171692,0.0
14,waypoint_62,30.0,0.08323956389577569,-0.6888739146935746,1.0242258486310418,722.5845456123352,0.0
0,waypoint_62,15.0,0.08323956389577569,-0.6888739146935746,1.0242258486310418,4074.1052627563477,0.0
1,waypoint_62,15.0,0.08323956389577569,-0.6888739146935746,1.0242258486310418,3137.4998092651367,0.0
2,waypoint_62,15.0,0.08323956389577569,-0.6888739146935746,1.0242258486310418,3128.072738647461,0.0
3,waypoint_62,15.0,0.08323956389577569,-0.6888739146935746,1.0242258486310418,1423.061728477478,0.0
4,waypoint_62,15.0,0.08323956389577569,-0.6888739146935746,1.0242258486310418,1496.706485748291,0.0
5,waypoint_62,15.0,0.08323956389577569,-0.6888739146935746,1.0242258486310418,1644.1519260406494,0.0
6,waypoint_62,15.0,0.08323956389577569,-0.6888739146935746,1.0242258486310418,1405.166745185852,0.0
7,waypoint_62,15.0,0.08323956389577569,-0.6888739146935746,1.0242258486310418,1807.8688383102417,0.0
8,waypoint_62,15.0,0.08323956389577569,-0.6888739146935746,1.0242258486310418,394.5178687572479,0.0
9,waypoint_62,15.0,0.08323956389577569,-0.6888739146935746,1.0242258486310418,874.1506934165955,0.0
10,waypoint_62,15.0,0.08323956389577569,-0.6888739146935746,1.0242258486310418,704.131007194519,0.0
11,waypoint_62,15.0,0.08323956389577569,-0.6888739146935746,1.0242258486310418,703.8216590881348,0.0
12,waypoint_62,15.0,0.08323956389577569,-0.6888739146935746,1.0242258486310418,526.5882015228271,0.0
13,waypoint_62,15.0,0.08323956389577569,-0.6888739146935746,1.0242258486310418,589.3550515174866,0.0
14,waypoint_62,15.0,0.08323956389577569,-0.6888739146935746,1.0242258486310418,779.2425751686096,0.0
0,waypoint_62,0.0,0.08323956389577569,-0.6888739146935746,1.0242258486310418,4035.545825958252,0.0
1,waypoint_62,0.0,0.08323956389577569,-0.6888739146935746,1.0242258486310418,3132.1754455566406,0.0
2,waypoint_62,0.0,0.08323956389577569,-0.6888739146935746,1.0242258486310418,3103.72257232666,0.0
3,waypoint_62,0.0,0.08323956389577569,-0.6888739146935746,1.0242258486310418,1430.3957223892212,0.0
4,waypoint_62,0.0,0.08323956389577569,-0.6888739146935746,1.0242258486310418,1496.891736984253,0.0
5,waypoint_62,0.0,0.08323956389577569,-0.6888739146935746,1.0242258486310418,1695.4989433288574,0.0
6,waypoint_62,0.0,0.08323956389577569,-0.6888739146935746,1.0242258486310418,1389.4060850143433,0.0
7,waypoint_62,0.0,0.08323956389577569,-0.6888739146935746,1.0242258486310418,1514.7888660430908,0.0
8,waypoint_62,0.0,0.08323956389577569,-0.6888739146935746,1.0242258486310418,374.8061954975128,0.0
9,waypoint_62,0.0,0.08323956389577569,-0.6888739146935746,1.0242258486310418,925.8734583854675,0.0
10,waypoint_62,0.0,0.08323956389577569,-0.6888739146935746,1.0242258486310418,666.0401821136475,0.0
11,waypoint_62,0.0,0.08323956389577569,-0.6888739146935746,1.0242258486310418,705.8938145637512,0.0
12,waypoint_62,0.0,0.08323956389577569,-0.6888739146935746,1.0242258486310418,563.6325478553772,0.0
13,waypoint_62,0.0,0.08323956389577569,-0.6888739146935746,1.0242258486310418,600.6262898445129,0.0
14,waypoint_62,0.0,0.08323956389577569,-0.6888739146935746,1.0242258486310418,772.570550441742,0.0
0,waypoint_62,-15.0,0.08323956389577569,-0.6888739146935746,1.0242258486310418,3998.5575675964355,0.0
1,waypoint_62,-15.0,0.08323956389577569,-0.6888739146935746,1.0242258486310418,3127.349376678467,0.0
2,waypoint_62,-15.0,0.08323956389577569,-0.6888739146935746,1.0242258486310418,3065.042734146118,0.0
3,waypoint_62,-15.0,0.08323956389577569,-0.6888739146935746,1.0242258486310418,1451.9171714782715,0.0
4,waypoint_62,-15.0,0.08323956389577569,-0.6888739146935746,1.0242258486310418,1497.422695159912,0.0
5,waypoint_62,-15.0,0.08323956389577569,-0.6888739146935746,1.0242258486310418,2153.0556678771973,0.0
6,waypoint_62,-15.0,0.08323956389577569,-0.6888739146935746,1.0242258486310418,1366.2124872207642,0.0
7,waypoint_62,-15.0,0.08323956389577569,-0.6888739146935746,1.0242258486310418,1880.2845478057861,0.0
8,waypoint_62,-15.0,0.08323956389577569,-0.6888739146935746,1.0242258486310418,359.0007722377777,0.0
9,waypoint_62,-15.0,0.08323956389577569,-0.6888739146935746,1.0242258486310418,1046.3391542434692,0.0
10,waypoint_62,-15.0,0.08323956389577569,-0.6888739146935746,1.0242258486310418,897.864818572998,0.0
11,waypoint_62,-15.0,0.08323956389577569,-0.6888739146935746,1.0242258486310418,696.5775489807129,0.0
12,waypoint_62,-15.0,0.08323956389577569,-0.6888739146935746,1.0242258486310418,599.429190158844,0.0
13,waypoint_62,-15.0,0.08323956389577569,-0.6888739146935746,1.0242258486310418,613.061249256134,0.0
14,waypoint_62,-15.0,0.08323956389577569,-0.6888739146935746,1.0242258486310418,794.5218086242676,0.0
0,waypoint_62,-30.0,0.08323956389577569,-0.6888739146935746,1.0242258486310418,3956.3729763031006,0.0
1,waypoint_62,-30.0,0.08323956389577569,-0.6888739146935746,1.0242258486310418,3124.1071224212646,0.0
2,waypoint_62,-30.0,0.08323956389577569,-0.6888739146935746,1.0242258486310418,2998.1143474578857,0.0
3,waypoint_62,-30.0,0.08323956389577569,-0.6888739146935746,1.0242258486310418,1244.4740533828735,0.0
4,waypoint_62,-30.0,0.08323956389577569,-0.6888739146935746,1.0242258486310418,1497.6495504379272,0.0
5,waypoint_62,-30.0,0.08323956389577569,-0.6888739146935746,1.0242258486310418,2193.885564804077,0.0
6,waypoint_62,-30.0,0.08323956389577569,-0.6888739146935746,1.0242258486310418,1339.9611711502075,0.0
7,waypoint_62,-30.0,0.08323956389577569,-0.6888739146935746,1.0242258486310418,1908.9453220367432,0.0
8,waypoint_62,-30.0,0.08323956389577569,-0.6888739146935746,1.0242258486310418,326.62278413772583,0.0
9,waypoint_62,-30.0,0.08323956389577569,-0.6888739146935746,1.0242258486310418,1083.1094980239868,0.0
10,waypoint_62,-30.0,0.08323956389577569,-0.6888739146935746,1.0242258486310418,726.4718413352966,0.0
11,waypoint_62,-30.0,0.08323956389577569,-0.6888739146935746,1.0242258486310418,842.7772521972656,0.0
12,waypoint_62,-30.0,0.08323956389577569,-0.6888739146935746,1.0242258486310418,634.9644660949707,0.0
13,waypoint_62,-30.0,0.08323956389577569,-0.6888739146935746,1.0242258486310418,625.1779198646545,0.0
14,waypoint_62,-30.0,0.08323956389577569,-0.6888739146935746,1.0242258486310418,811.5966320037842,0.0
0,waypoint_63,-30.0,0.10323956389577549,-0.6888739146935746,1.0242258486310418,4035.9792709350586,0.0
1,waypoint_63,-30.0,0.10323956389577549,-0.6888739146935746,1.0242258486310418,3124.1109371185303,0.0
2,waypoint_63,-30.0,0.10323956389577549,-0.6888739146935746,1.0242258486310418,2991.8158054351807,0.0
3,waypoint_63,-30.0,0.10323956389577549,-0.6888739146935746,1.0242258486310418,1243.9682483673096,0.0
4,waypoint_63,-30.0,0.10323956389577549,-0.6888739146935746,1.0242258486310418,1477.8493642807007,0.0
5,waypoint_63,-30.0,0.10323956389577549,-0.6888739146935746,1.0242258486310418,2187.591791152954,0.0
6,waypoint_63,-30.0,0.10323956389577549,-0.6888739146935746,1.0242258486310418,1320.7263946533203,0.0
7,waypoint_63,-30.0,0.10323956389577549,-0.6888739146935746,1.0242258486310418,1566.752314567566,0.0
8,waypoint_63,-30.0,0.10323956389577549,-0.6888739146935746,1.0242258486310418,341.5488600730896,0.0
9,waypoint_63,-30.0,0.10323956389577549,-0.6888739146935746,1.0242258486310418,1098.1172323226929,0.0
10,waypoint_63,-30.0,0.10323956389577549,-0.6888739146935746,1.0242258486310418,734.9687218666077,0.0
11,waypoint_63,-30.0,0.10323956389577549,-0.6888739146935746,1.0242258486310418,856.0696244239807,0.0
12,waypoint_63,-30.0,0.10323956389577549,-0.6888739146935746,1.0242258486310418,644.7141766548157,0.0
13,waypoint_63,-30.0,0.10323956389577549,-0.6888739146935746,1.0242258486310418,635.323703289032,0.0
14,waypoint_63,-30.0,0.10323956389577549,-0.6888739146935746,1.0242258486310418,808.5042834281921,0.0
0,waypoint_63,-15.0,0.10323956389577549,-0.6888739146935746,1.0242258486310418,4007.8964233398438,0.0
1,waypoint_63,-15.0,0.10323956389577549,-0.6888739146935746,1.0242258486310418,3127.2428035736084,0.0
2,waypoint_63,-15.0,0.10323956389577549,-0.6888739146935746,1.0242258486310418,3073.249578475952,0.0
3,waypoint_63,-15.0,0.10323956389577549,-0.6888739146935746,1.0242258486310418,1385.0867748260498,0.0
4,waypoint_63,-15.0,0.10323956389577549,-0.6888739146935746,1.0242258486310418,1477.5546789169312,0.0
5,waypoint_63,-15.0,0.10323956389577549,-0.6888739146935746,1.0242258486310418,2146.263599395752,0.0
6,waypoint_63,-15.0,0.10323956389577549,-0.6888739146935746,1.0242258486310418,1326.0529041290283,0.0
7,waypoint_63,-15.0,0.10323956389577549,-0.6888739146935746,1.0242258486310418,1617.314338684082,0.0
8,waypoint_63,-15.0,0.10323956389577549,-0.6888739146935746,1.0242258486310418,362.05676198005676,0.0
9,waypoint_63,-15.0,0.10323956389577549,-0.6888739146935746,1.0242258486310418,1058.5652589797974,0.0
10,waypoint_63,-15.0,0.10323956389577549,-0.6888739146935746,1.0242258486310418,733.5405945777893,0.0
11,waypoint_63,-15.0,0.10323956389577549,-0.6888739146935746,1.0242258486310418,836.3569378852844,0.0
12,waypoint_63,-15.0,0.10323956389577549,-0.6888739146935746,1.0242258486310418,609.1654896736145,0.0
13,waypoint_63,-15.0,0.10323956389577549,-0.6888739146935746,1.0242258486310418,623.95840883255,0.0
14,waypoint_63,-15.0,0.10323956389577549,-0.6888739146935746,1.0242258486310418,816.1811828613281,0.0
0,waypoint_63,0.0,0.10323956389577549,-0.6888739146935746,1.0242258486310418,4012.045383453369,0.0
1,waypoint_63,0.0,0.10323956389577549,-0.6888739146935746,1.0242258486310418,3132.0016384124756,0.0
2,waypoint_63,0.0,0.10323956389577549,-0.6888739146935746,1.0242258486310418,3093.895196914673,0.0
3,waypoint_63,0.0,0.10323956389577549,-0.6888739146935746,1.0242258486310418,1401.6646146774292,0.0
4,waypoint_63,0.0,0.10323956389577549,-0.6888739146935746,1.0242258486310418,1476.991891860962,0.0
5,waypoint_63,0.0,0.10323956389577549,-0.6888739146935746,1.0242258486310418,1691.7388439178467,0.0
6,waypoint_63,0.0,0.10323956389577549,-0.6888739146935746,1.0242258486310418,1329.314112663269,0.0
7,waypoint_63,0.0,0.10323956389577549,-0.6888739146935746,1.0242258486310418,1592.9179191589355,0.0
8,waypoint_63,0.0,0.10323956389577549,-0.6888739146935746,1.0242258486310418,387.78290152549744,0.0
9,waypoint_63,0.0,0.10323956389577549,-0.6888739146935746,1.0242258486310418,1005.6382417678833,0.0
10,waypoint_63,0.0,0.10323956389577549,-0.6888739146935746,1.0242258486310418,723.0591773986816,0.0
11,waypoint_63,0.0,0.10323956389577549,-0.6888739146935746,1.0242258486310418,786.7400050163269,0.0
12,waypoint_63,0.0,0.10323956389577549,-0.6888739146935746,1.0242258486310418,574.2060542106628,0.0
13,waypoint_63,0.0,0.10323956389577549,-0.6888739146935746,1.0242258486310418,611.3969087600708,0.0
14,waypoint_63,0.0,0.10323956389577549,-0.6888739146935746,1.0242258486310418,673.4963655471802,0.0
0,waypoint_63,15.0,0.10323956389577549,-0.6888739146935746,1.0242258486310418,4073.9693641662598,0.0
1,waypoint_63,15.0,0.10323956389577549,-0.6888739146935746,1.0242258486310418,3137.2945308685303,0.0
2,waypoint_63,15.0,0.10323956389577549,-0.6888739146935746,1.0242258486310418,3089.740753173828,0.0
3,waypoint_63,15.0,0.10323956389577549,-0.6888739146935746,1.0242258486310418,1388.491153717041,0.0
4,waypoint_63,15.0,0.10323956389577549,-0.6888739146935746,1.0242258486310418,1476.8491983413696,0.0
5,waypoint_63,15.0,0.10323956389577549,-0.6888739146935746,1.0242258486310418,1633.8224411010742,0.0
6,waypoint_63,15.0,0.10323956389577549,-0.6888739146935746,1.0242258486310418,1331.1398029327393,0.0
7,waypoint_63,15.0,0.10323956389577549,-0.6888739146935746,1.0242258486310418,1732.6632738113403,0.0
8,waypoint_63,15.0,0.10323956389577549,-0.6888739146935746,1.0242258486310418,393.52357387542725,0.0
9,waypoint_63,15.0,0.10323956389577549,-0.6888739146935746,1.0242258486310418,894.2619562149048,0.0
10,waypoint_63,15.0,0.10323956389577549,-0.6888739146935746,1.0242258486310418,899.6784687042236,0.0
11,waypoint_63,15.0,0.10323956389577549,-0.6888739146935746,1.0242258486310418,895.3057527542114,0.0
12,waypoint_63,15.0,0.10323956389577549,-0.6888739146935746,1.0242258486310418,538.4896993637085,0.0
13,waypoint_63,15.0,0.10323956389577549,-0.6888739146935746,1.0242258486310418,600.7869243621826,0.0
14,waypoint_63,15.0,0.10323956389577549,-0.6888739146935746,1.0242258486310418,723.6126065254211,0.0
0,waypoint_63,30.0,0.10323956389577549,-0.6888739146935746,1.0242258486310418,4094.9745178222656,0.0
1,waypoint_63,30.0,0.10323956389577549,-0.6888739146935746,1.0242258486310418,3142.026424407959,0.0
2,waypoint_63,30.0,0.10323956389577549,-0.6888739146935746,1.0242258486310418,3075.878620147705,0.0
3,waypoint_63,30.0,0.10323956389577549,-0.6888739146935746,1.0242258486310418,1366.1497831344604,0.0
4,waypoint_63,30.0,0.10323956389577549,-0.6888739146935746,1.0242258486310418,1476.9014120101929,0.0
5,waypoint_63,30.0,0.10323956389577549,-0.6888739146935746,1.0242258486310418,1721.2722301483154,0.0
6,waypoint_63,30.0,0.10323956389577549,-0.6888739146935746,1.0242258486310418,1351.1896133422852,0.0
7,waypoint_63,30.0,0.10323956389577549,-0.6888739146935746,1.0242258486310418,1372.9240894317627,0.0
8,waypoint_63,30.0,0.10323956389577549,-0.6888739146935746,1.0242258486310418,435.92432141304016,0.0
9,waypoint_63,30.0,0.10323956389577549,-0.6888739146935746,1.0242258486310418,872.4308609962463,0.0
10,waypoint_63,30.0,0.10323956389577549,-0.6888739146935746,1.0242258486310418,733.795702457428,0.0
11,waypoint_63,30.0,0.10323956389577549,-0.6888739146935746,1.0242258486310418,661.7520451545715,0.0
12,waypoint_63,30.0,0.10323956389577549,-0.6888739146935746,1.0242258486310418,512.2898817062378,0.0
13,waypoint_63,30.0,0.10323956389577549,-0.6888739146935746,1.0242258486310418,592.567503452301,0.0
14,waypoint_63,30.0,0.10323956389577549,-0.6888739146935746,1.0242258486310418,730.6910157203674,0.0
0,waypoint_64,30.0,0.123239563895776,-0.6888739146935746,1.0242258486310418,4042.539119720459,0.0
1,waypoint_64,30.0,0.123239563895776,-0.6888739146935746,1.0242258486310418,3141.935348510742,0.0
2,waypoint_64,30.0,0.123239563895776,-0.6888739146935746,1.0242258486310418,3128.0484199523926,0.0
3,waypoint_64,30.0,0.123239563895776,-0.6888739146935746,1.0242258486310418,1388.643503189087,0.0
4,waypoint_64,30.0,0.123239563895776,-0.6888739146935746,1.0242258486310418,1457.0890665054321,0.0
5,waypoint_64,30.0,0.123239563895776,-0.6888739146935746,1.0242258486310418,1711.205244064331,0.0
6,waypoint_64,30.0,0.123239563895776,-0.6888739146935746,1.0242258486310418,1368.299126625061,0.0
7,waypoint_64,30.0,0.123239563895776,-0.6888739146935746,1.0242258486310418,1583.1738710403442,0.0
8,waypoint_64,30.0,0.123239563895776,-0.6888739146935746,1.0242258486310418,453.0891180038452,0.0
9,waypoint_64,30.0,0.123239563895776,-0.6888739146935746,1.0242258486310418,890.3007507324219,0.0
10,waypoint_64,30.0,0.123239563895776,-0.6888739146935746,1.0242258486310418,759.3088746070862,0.0
11,waypoint_64,30.0,0.123239563895776,-0.6888739146935746,1.0242258486310418,687.066912651062,0.0
12,waypoint_64,30.0,0.123239563895776,-0.6888739146935746,1.0242258486310418,523.7182378768921,0.0
13,waypoint_64,30.0,0.123239563895776,-0.6888739146935746,1.0242258486310418,604.0582060813904,0.0
14,waypoint_64,30.0,0.123239563895776,-0.6888739146935746,1.0242258486310418,731.319010257721,0.0
0,waypoint_64,15.0,0.123239563895776,-0.6888739146935746,1.0242258486310418,4027.026653289795,0.0
1,waypoint_64,15.0,0.123239563895776,-0.6888739146935746,1.0242258486310418,3137.1967792510986,0.0
2,waypoint_64,15.0,0.123239563895776,-0.6888739146935746,1.0242258486310418,3129.218101501465,0.0
3,waypoint_64,15.0,0.123239563895776,-0.6888739146935746,1.0242258486310418,1392.9489850997925,0.0
4,waypoint_64,15.0,0.123239563895776,-0.6888739146935746,1.0242258486310418,1457.0190906524658,0.0
5,waypoint_64,15.0,0.123239563895776,-0.6888739146935746,1.0242258486310418,1623.6332654953003,0.0
6,waypoint_64,15.0,0.123239563895776,-0.6888739146935746,1.0242258486310418,1366.5804862976074,0.0
7,waypoint_64,15.0,0.123239563895776,-0.6888739146935746,1.0242258486310418,1753.772258758545,0.0
8,waypoint_64,15.0,0.123239563895776,-0.6888739146935746,1.0242258486310418,427.70522832870483,0.0
9,waypoint_64,15.0,0.123239563895776,-0.6888739146935746,1.0242258486310418,914.2365455627441,0.0
10,waypoint_64,15.0,0.123239563895776,-0.6888739146935746,1.0242258486310418,733.9491844177246,0.0
11,waypoint_64,15.0,0.123239563895776,-0.6888739146935746,1.0242258486310418,721.9412326812744,0.0
12,waypoint_64,15.0,0.123239563895776,-0.6888739146935746,1.0242258486310418,548.7702488899231,0.0
13,waypoint_64,15.0,0.123239563895776,-0.6888739146935746,1.0242258486310418,611.714243888855,0.0
14,waypoint_64,15.0,0.123239563895776,-0.6888739146935746,1.0242258486310418,707.2097063064575,0.0
0,waypoint_64,0.0,0.123239563895776,-0.6888739146935746,1.0242258486310418,4030.2977561950684,0.0
1,waypoint_64,0.0,0.123239563895776,-0.6888739146935746,1.0242258486310418,3131.93678855896,0.0
2,waypoint_64,0.0,0.123239563895776,-0.6888739146935746,1.0242258486310418,3080.7106494903564,0.0
3,waypoint_64,0.0,0.123239563895776,-0.6888739146935746,1.0242258486310418,1429.4906854629517,0.0
4,waypoint_64,0.0,0.123239563895776,-0.6888739146935746,1.0242258486310418,1457.2463035583496,0.0
5,waypoint_64,0.0,0.123239563895776,-0.6888739146935746,1.0242258486310418,1681.2736988067627,0.0
6,waypoint_64,0.0,0.123239563895776,-0.6888739146935746,1.0242258486310418,1349.9308824539185,0.0
7,waypoint_64,0.0,0.123239563895776,-0.6888739146935746,1.0242258486310418,1738.9171123504639,0.0
8,waypoint_64,0.0,0.123239563895776,-0.6888739146935746,1.0242258486310418,400.80320835113525,0.0
9,waypoint_64,0.0,0.123239563895776,-0.6888739146935746,1.0242258486310418,967.9176211357117,0.0
10,waypoint_64,0.0,0.123239563895776,-0.6888739146935746,1.0242258486310418,855.0508618354797,0.0
11,waypoint_64,0.0,0.123239563895776,-0.6888739146935746,1.0242258486310418,745.0140118598938,0.0
12,waypoint_64,0.0,0.123239563895776,-0.6888739146935746,1.0242258486310418,583.300769329071,0.0
13,waypoint_64,0.0,0.123239563895776,-0.6888739146935746,1.0242258486310418,622.0940947532654,0.0
14,waypoint_64,0.0,0.123239563895776,-0.6888739146935746,1.0242258486310418,809.8046183586121,0.0
0,waypoint_64,-15.0,0.123239563895776,-0.6888739146935746,1.0242258486310418,4057.2152137756348,0.0
1,waypoint_64,-15.0,0.123239563895776,-0.6888739146935746,1.0242258486310418,3127.2478103637695,0.0
2,waypoint_64,-15.0,0.123239563895776,-0.6888739146935746,1.0242258486310418,3036.083936691284,0.0
3,waypoint_64,-15.0,0.123239563895776,-0.6888739146935746,1.0242258486310418,1367.580771446228,0.0
4,waypoint_64,-15.0,0.123239563895776,-0.6888739146935746,1.0242258486310418,1457.5964212417603,0.0
5,waypoint_64,-15.0,0.123239563895776,-0.6888739146935746,1.0242258486310418,2141.340732574463,0.0
6,waypoint_64,-15.0,0.123239563895776,-0.6888739146935746,1.0242258486310418,1323.1078386306763,0.0
7,waypoint_64,-15.0,0.123239563895776,-0.6888739146935746,1.0242258486310418,1807.5956106185913,0.0
8,waypoint_64,-15.0,0.123239563895776,-0.6888739146935746,1.0242258486310418,378.68762016296387,0.0
9,waypoint_64,-15.0,0.123239563895776,-0.6888739146935746,1.0242258486310418,1077.101469039917,0.0
10,waypoint_64,-15.0,0.123239563895776,-0.6888739146935746,1.0242258486310418,850.1124978065491,0.0
11,waypoint_64,-15.0,0.123239563895776,-0.6888739146935746,1.0242258486310418,820.3237652778625,0.0
12,waypoint_64,-15.0,0.123239563895776,-0.6888739146935746,1.0242258486310418,618.2172298431396,0.0
13,waypoint_64,-15.0,0.123239563895776,-0.6888739146935746,1.0242258486310418,634.1772079467773,0.0
14,waypoint_64,-15.0,0.123239563895776,-0.6888739146935746,1.0242258486310418,821.3884830474854,0.0
0,waypoint_64,-30.0,0.123239563895776,-0.6888739146935746,1.0242258486310418,4053.9073944091797,0.0
1,waypoint_64,-30.0,0.123239563895776,-0.6888739146935746,1.0242258486310418,3124.2294311523438,0.0
2,waypoint_64,-30.0,0.123239563895776,-0.6888739146935746,1.0242258486310418,2946.410894393921,0.0
3,waypoint_64,-30.0,0.123239563895776,-0.6888739146935746,1.0242258486310418,1215.9209251403809,0.0
4,waypoint_64,-30.0,0.123239563895776,-0.6888739146935746,1.0242258486310418,1458.0446481704712,0.0
5,waypoint_64,-30.0,0.123239563895776,-0.6888739146935746,1.0242258486310418,2181.7359924316406,0.0
6,waypoint_64,-30.0,0.123239563895776,-0.6888739146935746,1.0242258486310418,1301.5620708465576,0.0
7,waypoint_64,-30.0,0.123239563895776,-0.6888739146935746,1.0242258486310418,1584.4389200210571,0.0
8,waypoint_64,-30.0,0.123239563895776,-0.6888739146935746,1.0242258486310418,357.0683002471924,0.0
9,waypoint_64,-30.0,0.123239563895776,-0.6888739146935746,1.0242258486310418,1112.283706665039,0.0
10,waypoint_64,-30.0,0.123239563895776,-0.6888739146935746,1.0242258486310418,916.9825315475464,0.0
11,waypoint_64,-30.0,0.123239563895776,-0.6888739146935746,1.0242258486310418,865.2819991111755,0.0
12,waypoint_64,-30.0,0.123239563895776,-0.6888739146935746,1.0242258486310418,653.5730361938477,0.0
13,waypoint_64,-30.0,0.123239563895776,-0.6888739146935746,1.0242258486310418,645.3617215156555,0.0
14,waypoint_64,-30.0,0.123239563895776,-0.6888739146935746,1.0242258486310418,859.1123223304749,0.0
0,waypoint_65,-30.0,0.14323956389577558,-0.6888739146935746,1.0242258486310418,4011.6138458251953,0.0
1,waypoint_65,-30.0,0.14323956389577558,-0.6888739146935746,1.0242258486310418,3124.4592666625977,0.0
2,waypoint_65,-30.0,0.14323956389577558,-0.6888739146935746,1.0242258486310418,2907.6263904571533,0.0
3,waypoint_65,-30.0,0.14323956389577558,-0.6888739146935746,1.0242258486310418,1213.5910987854004,0.0
4,waypoint_65,-30.0,0.14323956389577558,-0.6888739146935746,1.0242258486310418,1438.2946491241455,0.0
5,waypoint_65,-30.0,0.14323956389577558,-0.6888739146935746,1.0242258486310418,2175.7726669311523,0.0
6,waypoint_65,-30.0,0.14323956389577558,-0.6888739146935746,1.0242258486310418,1282.5437784194946,0.0
7,waypoint_65,-30.0,0.14323956389577558,-0.6888739146935746,1.0242258486310418,1935.0086450576782,0.0
8,waypoint_65,-30.0,0.14323956389577558,-0.6888739146935746,1.0242258486310418,371.7050850391388,0.0
9,waypoint_65,-30.0,0.14323956389577558,-0.6888739146935746,1.0242258486310418,1132.9776048660278,0.0
10,waypoint_65,-30.0,0.14323956389577558,-0.6888739146935746,1.0242258486310418,942.472517490387,0.0
11,waypoint_65,-30.0,0.14323956389577558,-0.6888739146935746,1.0242258486310418,878.2849907875061,0.0
12,waypoint_65,-30.0,0.14323956389577558,-0.6888739146935746,1.0242258486310418,664.3021702766418,0.0
13,waypoint_65,-30.0,0.14323956389577558,-0.6888739146935746,1.0242258486310418,656.514048576355,0.0
14,waypoint_65,-30.0,0.14323956389577558,-0.6888739146935746,1.0242258486310418,851.6098260879517,0.0
0,waypoint_65,-15.0,0.14323956389577558,-0.6888739146935746,1.0242258486310418,4017.477035522461,0.0
1,waypoint_65,-15.0,0.14323956389577558,-0.6888739146935746,1.0242258486310418,3127.368450164795,0.0
2,waypoint_65,-15.0,0.14323956389577558,-0.6888739146935746,1.0242258486310418,2976.0544300079346,0.0
3,waypoint_65,-15.0,0.14323956389577558,-0.6888739146935746,1.0242258486310418,1362.1548414230347,0.0
4,waypoint_65,-15.0,0.14323956389577558,-0.6888739146935746,1.0242258486310418,1437.724232673645,0.0
5,waypoint_65,-15.0,0.14323956389577558,-0.6888739146935746,1.0242258486310418,2134.8695755004883,0.0
6,waypoint_65,-15.0,0.14323956389577558,-0.6888739146935746,1.0242258486310418,1286.657452583313,0.0
7,waypoint_65,-15.0,0.14323956389577558,-0.6888739146935746,1.0242258486310418,1341.3245677947998,0.0
8,waypoint_65,-15.0,0.14323956389577558,-0.6888739146935746,1.0242258486310418,381.8891942501068,0.0
9,waypoint_65,-15.0,0.14323956389577558,-0.6888739146935746,1.0242258486310418,1088.989496231079,0.0
10,waypoint_65,-15.0,0.14323956389577558,-0.6888739146935746,1.0242258486310418,942.6304697990417,0.0
11,waypoint_65,-15.0,0.14323956389577558,-0.6888739146935746,1.0242258486310418,858.8616847991943,0.0
12,waypoint_65,-15.0,0.14323956389577558,-0.6888739146935746,1.0242258486310418,628.894567489624,0.0
13,waypoint_65,-15.0,0.14323956389577558,-0.6888739146935746,1.0242258486310418,645.9174156188965,0.0
14,waypoint_65,-15.0,0.14323956389577558,-0.6888739146935746,1.0242258486310418,808.2699179649353,0.0
0,waypoint_65,0.0,0.14323956389577558,-0.6888739146935746,1.0242258486310418,4068.8834190368652,0.0
1,waypoint_65,0.0,0.14323956389577558,-0.6888739146935746,1.0242258486310418,3131.98184967041,0.0
2,waypoint_65,0.0,0.14323956389577558,-0.6888739146935746,1.0242258486310418,3081.620931625366,0.0
3,waypoint_65,0.0,0.14323956389577558,-0.6888739146935746,1.0242258486310418,1342.2598838806152,0.0
4,waypoint_65,0.0,0.14323956389577558,-0.6888739146935746,1.0242258486310418,1437.437653541565,0.0
5,waypoint_65,0.0,0.14323956389577558,-0.6888739146935746,1.0242258486310418,1674.3688583374023,0.0
6,waypoint_65,0.0,0.14323956389577558,-0.6888739146935746,1.0242258486310418,1290.2204990386963,0.0
7,waypoint_65,0.0,0.14323956389577558,-0.6888739146935746,1.0242258486310418,1340.1638269424438,0.0
8,waypoint_65,0.0,0.14323956389577558,-0.6888739146935746,1.0242258486310418,396.5928554534912,0.0
9,waypoint_65,0.0,0.14323956389577558,-0.6888739146935746,1.0242258486310418,1066.899299621582,0.0
10,waypoint_65,0.0,0.14323956389577558,-0.6888739146935746,1.0242258486310418,837.1609449386597,0.0
11,waypoint_65,0.0,0.14323956389577558,-0.6888739146935746,1.0242258486310418,811.0604882240295,0.0
12,waypoint_65,0.0,0.14323956389577558,-0.6888739146935746,1.0242258486310418,593.8540697097778,0.0
13,waypoint_65,0.0,0.14323956389577558,-0.6888739146935746,1.0242258486310418,633.6363554000854,0.0
14,waypoint_65,0.0,0.14323956389577558,-0.6888739146935746,1.0242258486310418,819.292962551117,0.0
0,waypoint_65,15.0,0.14323956389577558,-0.6888739146935746,1.0242258486310418,4095.444679260254,0.0
1,waypoint_65,15.0,0.14323956389577558,-0.6888739146935746,1.0242258486310418,3137.204647064209,0.0
2,waypoint_65,15.0,0.14323956389577558,-0.6888739146935746,1.0242258486310418,3103.156089782715,0.0
3,waypoint_65,15.0,0.14323956389577558,-0.6888739146935746,1.0242258486310418,1352.250099182129,0.0
4,waypoint_65,15.0,0.14323956389577558,-0.6888739146935746,1.0242258486310418,1437.1896982192993,0.0
5,waypoint_65,15.0,0.14323956389577558,-0.6888739146935746,1.0242258486310418,1613.6006116867065,0.0
6,waypoint_65,15.0,0.14323956389577558,-0.6888739146935746,1.0242258486310418,1292.2519445419312,0.0
7,waypoint_65,15.0,0.14323956389577558,-0.6888739146935746,1.0242258486310418,1339.8305177688599,0.0
8,waypoint_65,15.0,0.14323956389577558,-0.6888739146935746,1.0242258486310418,435.07158756256104,0.0
9,waypoint_65,15.0,0.14323956389577558,-0.6888739146935746,1.0242258486310418,935.9984993934631,0.0
10,waypoint_65,15.0,0.14323956389577558,-0.6888739146935746,1.0242258486310418,838.3743762969971,0.0
11,waypoint_65,15.0,0.14323956389577558,-0.6888739146935746,1.0242258486310418,897.1005082130432,0.0
12,waypoint_65,15.0,0.14323956389577558,-0.6888739146935746,1.0242258486310418,559.4114065170288,0.0
13,waypoint_65,15.0,0.14323956389577558,-0.6888739146935746,1.0242258486310418,623.1273412704468,0.0
14,waypoint_65,15.0,0.14323956389577558,-0.6888739146935746,1.0242258486310418,756.0938000679016,0.0
0,waypoint_65,30.0,0.14323956389577558,-0.6888739146935746,1.0242258486310418,4108.758926391602,0.0
1,waypoint_65,30.0,0.14323956389577558,-0.6888739146935746,1.0242258486310418,3141.9413089752197,0.0
2,waypoint_65,30.0,0.14323956389577558,-0.6888739146935746,1.0242258486310418,3127.31671333313,0.0
3,waypoint_65,30.0,0.14323956389577558,-0.6888739146935746,1.0242258486310418,1396.7796564102173,0.0
4,waypoint_65,30.0,0.14323956389577558,-0.6888739146935746,1.0242258486310418,1437.3003244400024,0.0
5,waypoint_65,30.0,0.14323956389577558,-0.6888739146935746,1.0242258486310418,1701.3088464736938,0.0
6,waypoint_65,30.0,0.14323956389577558,-0.6888739146935746,1.0242258486310418,1321.7850923538208,0.0
7,waypoint_65,30.0,0.14323956389577558,-0.6888739146935746,1.0242258486310418,1339.3665552139282,0.0
8,waypoint_65,30.0,0.14323956389577558,-0.6888739146935746,1.0242258486310418,466.7589068412781,0.0
9,waypoint_65,30.0,0.14323956389577558,-0.6888739146935746,1.0242258486310418,918.4228777885437,0.0
10,waypoint_65,30.0,0.14323956389577558,-0.6888739146935746,1.0242258486310418,838.0439281463623,0.0
11,waypoint_65,30.0,0.14323956389577558,-0.6888739146935746,1.0242258486310418,720.0952172279358,0.0
12,waypoint_65,30.0,0.14323956389577558,-0.6888739146935746,1.0242258486310418,534.2988967895508,0.0
13,waypoint_65,30.0,0.14323956389577558,-0.6888739146935746,1.0242258486310418,615.5557632446289,0.0
14,waypoint_65,30.0,0.14323956389577558,-0.6888739146935746,1.0242258486310418,713.4583592414856,0.0
0,waypoint_66,30.0,0.1632395638957752,-0.6888739146935746,1.0242258486310418,4153.631687164307,0.0
1,waypoint_66,30.0,0.1632395638957752,-0.6888739146935746,1.0242258486310418,3142.0602798461914,0.0
2,waypoint_66,30.0,0.1632395638957752,-0.6888739146935746,1.0242258486310418,3092.2985076904297,0.0
3,waypoint_66,30.0,0.1632395638957752,-0.6888739146935746,1.0242258486310418,1348.1630086898804,0.0
4,waypoint_66,30.0,0.1632395638957752,-0.6888739146935746,1.0242258486310418,1417.5009727478027,0.0
5,waypoint_66,30.0,0.1632395638957752,-0.6888739146935746,1.0242258486310418,1691.5384531021118,0.0
6,waypoint_66,30.0,0.1632395638957752,-0.6888739146935746,1.0242258486310418,1327.6252746582031,0.0
7,waypoint_66,30.0,0.1632395638957752,-0.6888739146935746,1.0242258486310418,1319.90647315979,0.0
8,waypoint_66,30.0,0.1632395638957752,-0.6888739146935746,1.0242258486310418,484.4723641872406,0.0
9,waypoint_66,30.0,0.1632395638957752,-0.6888739146935746,1.0242258486310418,936.9440078735352,0.0
10,waypoint_66,30.0,0.1632395638957752,-0.6888739146935746,1.0242258486310418,861.3849878311157,0.0
11,waypoint_66,30.0,0.1632395638957752,-0.6888739146935746,1.0242258486310418,735.2654933929443,0.0
12,waypoint_66,30.0,0.1632395638957752,-0.6888739146935746,1.0242258486310418,546.766459941864,0.0
13,waypoint_66,30.0,0.1632395638957752,-0.6888739146935746,1.0242258486310418,627.8907060623169,0.0
14,waypoint_66,30.0,0.1632395638957752,-0.6888739146935746,1.0242258486310418,686.6543292999268,0.0
0,waypoint_66,15.0,0.1632395638957752,-0.6888739146935746,1.0242258486310418,4078.9742469787598,0.0
1,waypoint_66,15.0,0.1632395638957752,-0.6888739146935746,1.0242258486310418,3137.320041656494,0.0
2,waypoint_66,15.0,0.1632395638957752,-0.6888739146935746,1.0242258486310418,3073.582410812378,0.0
3,waypoint_66,15.0,0.1632395638957752,-0.6888739146935746,1.0242258486310418,1371.8422651290894,0.0
4,waypoint_66,15.0,0.1632395638957752,-0.6888739146935746,1.0242258486310418,1417.380928993225,0.0
5,waypoint_66,15.0,0.1632395638957752,-0.6888739146935746,1.0242258486310418,1603.7248373031616,0.0
6,waypoint_66,15.0,0.1632395638957752,-0.6888739146935746,1.0242258486310418,1326.5966176986694,0.0
7,waypoint_66,15.0,0.1632395638957752,-0.6888739146935746,1.0242258486310418,1319.7851181030273,0.0
8,waypoint_66,15.0,0.1632395638957752,-0.6888739146935746,1.0242258486310418,463.95012736320496,0.0
9,waypoint_66,15.0,0.1632395638957752,-0.6888739146935746,1.0242258486310418,959.1875076293945,0.0
10,waypoint_66,15.0,0.1632395638957752,-0.6888739146935746,1.0242258486310418,867.7058815956116,0.0
11,waypoint_66,15.0,0.1632395638957752,-0.6888739146935746,1.0242258486310418,709.4627618789673,0.0
12,waypoint_66,15.0,0.1632395638957752,-0.6888739146935746,1.0242258486310418,570.8900690078735,0.0
13,waypoint_66,15.0,0.1632395638957752,-0.6888739146935746,1.0242258486310418,635.0420117378235,0.0
14,waypoint_66,15.0,0.1632395638957752,-0.6888739146935746,1.0242258486310418,721.0249900817871,0.0
0,waypoint_66,0.0,0.1632395638957752,-0.6888739146935746,1.0242258486310418,4111.131191253662,0.0
1,waypoint_66,0.0,0.1632395638957752,-0.6888739146935746,1.0242258486310418,3132.134437561035,0.0
2,waypoint_66,0.0,0.1632395638957752,-0.6888739146935746,1.0242258486310418,3106.0407161712646,0.0
3,waypoint_66,0.0,0.1632395638957752,-0.6888739146935746,1.0242258486310418,1377.4936199188232,0.0
4,waypoint_66,0.0,0.1632395638957752,-0.6888739146935746,1.0242258486310418,1417.604923248291,0.0
5,waypoint_66,0.0,0.1632395638957752,-0.6888739146935746,1.0242258486310418,1667.9562330245972,0.0
6,waypoint_66,0.0,0.1632395638957752,-0.6888739146935746,1.0242258486310418,1309.3124628067017,0.0
7,waypoint_66,0.0,0.1632395638957752,-0.6888739146935746,1.0242258486310418,1320.5536603927612,0.0
8,waypoint_66,0.0,0.1632395638957752,-0.6888739146935746,1.0242258486310418,437.9720985889435,0.0
9,waypoint_66,0.0,0.1632395638957752,-0.6888739146935746,1.0242258486310418,1012.3523473739624,0.0
10,waypoint_66,0.0,0.1632395638957752,-0.6888739146935746,1.0242258486310418,868.3212995529175,0.0
11,waypoint_66,0.0,0.1632395638957752,-0.6888739146935746,1.0242258486310418,787.609338760376,0.0
12,waypoint_66,0.0,0.1632395638957752,-0.6888739146935746,1.0242258486310418,604.625940322876,0.0
13,waypoint_66,0.0,0.1632395638957752,-0.6888739146935746,1.0242258486310418,645.11638879776,0.0
14,waypoint_66,0.0,0.1632395638957752,-0.6888739146935746,1.0242258486310418,788.0903482437134,0.0
0,waypoint_66,-15.0,0.1632395638957752,-0.6888739146935746,1.0242258486310418,4089.0893936157227,0.0
1,waypoint_66,-15.0,0.1632395638957752,-0.6888739146935746,1.0242258486310418,3127.6018619537354,0.0
2,waypoint_66,-15.0,0.1632395638957752,-0.6888739146935746,1.0242258486310418,3034.733533859253,0.0
3,waypoint_66,-15.0,0.1632395638957752,-0.6888739146935746,1.0242258486310418,1331.5036296844482,0.0
4,waypoint_66,-15.0,0.1632395638957752,-0.6888739146935746,1.0242258486310418,1417.9250001907349,0.0
5,waypoint_66,-15.0,0.1632395638957752,-0.6888739146935746,1.0242258486310418,2130.2266120910645,0.0
6,waypoint_66,-15.0,0.1632395638957752,-0.6888739146935746,1.0242258486310418,1279.8736095428467,0.0
7,waypoint_66,-15.0,0.1632395638957752,-0.6888739146935746,1.0242258486310418,1320.7134008407593,0.0
8,waypoint_66,-15.0,0.1632395638957752,-0.6888739146935746,1.0242258486310418,393.9593732357025,0.0
9,waypoint_66,-15.0,0.1632395638957752,-0.6888739146935746,1.0242258486310418,1108.6311340332031,0.0
10,waypoint_66,-15.0,0.1632395638957752,-0.6888739146935746,1.0242258486310418,866.2832975387573,0.0
11,waypoint_66,-15.0,0.1632395638957752,-0.6888739146935746,1.0242258486310418,898.663580417633,0.0
12,waypoint_66,-15.0,0.1632395638957752,-0.6888739146935746,1.0242258486310418,639.1260623931885,0.0
13,waypoint_66,-15.0,0.1632395638957752,-0.6888739146935746,1.0242258486310418,656.8922996520996,0.0
14,waypoint_66,-15.0,0.1632395638957752,-0.6888739146935746,1.0242258486310418,813.5602474212646,0.0
0,waypoint_66,-30.0,0.1632395638957752,-0.6888739146935746,1.0242258486310418,4059.2660903930664,0.0
1,waypoint_66,-30.0,0.1632395638957752,-0.6888739146935746,1.0242258486310418,3124.7947216033936,0.0
2,waypoint_66,-30.0,0.1632395638957752,-0.6888739146935746,1.0242258486310418,2953.618288040161,0.0
3,waypoint_66,-30.0,0.1632395638957752,-0.6888739146935746,1.0242258486310418,1193.6064958572388,0.0
4,waypoint_66,-30.0,0.1632395638957752,-0.6888739146935746,1.0242258486310418,1418.5460805892944,0.0
5,waypoint_66,-30.0,0.1632395638957752,-0.6888739146935746,1.0242258486310418,2169.872760772705,0.0
6,waypoint_66,-30.0,0.1632395638957752,-0.6888739146935746,1.0242258486310418,1263.6816501617432,0.0
7,waypoint_66,-30.0,0.1632395638957752,-0.6888739146935746,1.0242258486310418,1312.974214553833,0.0
8,waypoint_66,-30.0,0.1632395638957752,-0.6888739146935746,1.0242258486310418,423.7278401851654,0.0
9,waypoint_66,-30.0,0.1632395638957752,-0.6888739146935746,1.0242258486310418,1145.2951431274414,0.0
10,waypoint_66,-30.0,0.1632395638957752,-0.6888739146935746,1.0242258486310418,862.851619720459,0.0
11,waypoint_66,-30.0,0.1632395638957752,-0.6888739146935746,1.0242258486310418,646.4223861694336,0.0
12,waypoint_66,-30.0,0.1632395638957752,-0.6888739146935746,1.0242258486310418,674.187183380127,0.0
13,waypoint_66,-30.0,0.1632395638957752,-0.6888739146935746,1.0242258486310418,667.384147644043,0.0
14,waypoint_66,-30.0,0.1632395638957752,-0.6888739146935746,1.0242258486310418,874.9029040336609,0.0
0,waypoint_67,-30.0,0.1832395638957754,-0.6888739146935746,1.0242258486310418,4090.198516845703,0.0
1,waypoint_67,-30.0,0.1832395638957754,-0.6888739146935746,1.0242258486310418,3125.256299972534,0.0
2,waypoint_67,-30.0,0.1832395638957754,-0.6888739146935746,1.0242258486310418,2936.069965362549,0.0
3,waypoint_67,-30.0,0.1832395638957754,-0.6888739146935746,1.0242258486310418,1168.1607961654663,0.0
4,waypoint_67,-30.0,0.1832395638957754,-0.6888739146935746,1.0242258486310418,1398.7364768981934,0.0
5,waypoint_67,-30.0,0.1832395638957754,-0.6888739146935746,1.0242258486310418,2164.2515659332275,0.0
6,waypoint_67,-30.0,0.1832395638957754,-0.6888739146935746,1.0242258486310418,1240.4098510742188,0.0
7,waypoint_67,-30.0,0.1832395638957754,-0.6888739146935746,1.0242258486310418,1291.6998863220215,0.0
8,waypoint_67,-30.0,0.1832395638957754,-0.6888739146935746,1.0242258486310418,429.07577753067017,0.0
9,waypoint_67,-30.0,0.1832395638957754,-0.6888739146935746,1.0242258486310418,1168.019413948059,0.0
10,waypoint_67,-30.0,0.1832395638957754,-0.6888739146935746,1.0242258486310418,879.6902298927307,0.0
11,waypoint_67,-30.0,0.1832395638957754,-0.6888739146935746,1.0242258486310418,657.0809483528137,0.0
12,waypoint_67,-30.0,0.1832395638957754,-0.6888739146935746,1.0242258486310418,685.7057213783264,0.0
13,waypoint_67,-30.0,0.1832395638957754,-0.6888739146935746,1.0242258486310418,679.2076230049133,0.0
14,waypoint_67,-30.0,0.1832395638957754,-0.6888739146935746,1.0242258486310418,852.575421333313,0.0
0,waypoint_67,-15.0,0.1832395638957754,-0.6888739146935746,1.0242258486310418,4056.335926055908,0.0
1,waypoint_67,-15.0,0.1832395638957754,-0.6888739146935746,1.0242258486310418,3127.9327869415283,0.0
2,waypoint_67,-15.0,0.1832395638957754,-0.6888739146935746,1.0242258486310418,3010.599374771118,0.0
3,waypoint_67,-15.0,0.1832395638957754,-0.6888739146935746,1.0242258486310418,1319.7319507598877,0.0
4,waypoint_67,-15.0,0.1832395638957754,-0.6888739146935746,1.0242258486310418,1397.8090286254883,0.0
5,waypoint_67,-15.0,0.1832395638957754,-0.6888739146935746,1.0242258486310418,2124.2401599884033,0.0
6,waypoint_67,-15.0,0.1832395638957754,-0.6888739146935746,1.0242258486310418,1247.1020221710205,0.0
7,waypoint_67,-15.0,0.1832395638957754,-0.6888739146935746,1.0242258486310418,1290.9839153289795,0.0
8,waypoint_67,-15.0,0.1832395638957754,-0.6888739146935746,1.0242258486310418,387.94800639152527,0.0
9,waypoint_67,-15.0,0.1832395638957754,-0.6888739146935746,1.0242258486310418,1119.8759078979492,0.0
10,waypoint_67,-15.0,0.1832395638957754,-0.6888739146935746,1.0242258486310418,879.8823952674866,0.0
11,waypoint_67,-15.0,0.1832395638957754,-0.6888739146935746,1.0242258486310418,649.6919393539429,0.0
12,waypoint_67,-15.0,0.1832395638957754,-0.6888739146935746,1.0242258486310418,650.672972202301,0.0
13,waypoint_67,-15.0,0.1832395638957754,-0.6888739146935746,1.0242258486310418,669.4565415382385,0.0
14,waypoint_67,-15.0,0.1832395638957754,-0.6888739146935746,1.0242258486310418,874.7165203094482,0.0
0,waypoint_67,0.0,0.1832395638957754,-0.6888739146935746,1.0242258486310418,4117.073059082031,0.0
1,waypoint_67,0.0,0.1832395638957754,-0.6888739146935746,1.0242258486310418,3132.3859691619873,0.0
2,waypoint_67,0.0,0.1832395638957754,-0.6888739146935746,1.0242258486310418,3055.817127227783,0.0
3,waypoint_67,0.0,0.1832395638957754,-0.6888739146935746,1.0242258486310418,1357.8734397888184,0.0
4,waypoint_67,0.0,0.1832395638957754,-0.6888739146935746,1.0242258486310418,1397.5249528884888,0.0
5,waypoint_67,0.0,0.1832395638957754,-0.6888739146935746,1.0242258486310418,2030.8268070220947,0.0
6,waypoint_67,0.0,0.1832395638957754,-0.6888739146935746,1.0242258486310418,1251.2013912200928,0.0
7,waypoint_67,0.0,0.1832395638957754,-0.6888739146935746,1.0242258486310418,1290.9613847732544,0.0
8,waypoint_67,0.0,0.1832395638957754,-0.6888739146935746,1.0242258486310418,394.13008093833923,0.0
9,waypoint_67,0.0,0.1832395638957754,-0.6888739146935746,1.0242258486310418,1098.949909210205,0.0
10,waypoint_67,0.0,0.1832395638957754,-0.6888739146935746,1.0242258486310418,880.1150918006897,0.0
11,waypoint_67,0.0,0.1832395638957754,-0.6888739146935746,1.0242258486310418,661.0391139984131,0.0
12,waypoint_67,0.0,0.1832395638957754,-0.6888739146935746,1.0242258486310418,615.9197688102722,0.0
13,waypoint_67,0.0,0.1832395638957754,-0.6888739146935746,1.0242258486310418,657.6594710350037,0.0
14,waypoint_67,0.0,0.1832395638957754,-0.6888739146935746,1.0242258486310418,782.4411988258362,0.0
0,waypoint_67,15.0,0.1832395638957754,-0.6888739146935746,1.0242258486310418,4156.885623931885,0.0
1,waypoint_67,15.0,0.1832395638957754,-0.6888739146935746,1.0242258486310418,3137.5300884246826,0.0
2,waypoint_67,15.0,0.1832395638957754,-0.6888739146935746,1.0242258486310418,3104.1529178619385,0.0
3,waypoint_67,15.0,0.1832395638957754,-0.6888739146935746,1.0242258486310418,1298.1492280960083,0.0
4,waypoint_67,15.0,0.1832395638957754,-0.6888739146935746,1.0242258486310418,1397.546410560608,0.0
5,waypoint_67,15.0,0.1832395638957754,-0.6888739146935746,1.0242258486310418,1594.0148830413818,0.0
6,waypoint_67,15.0,0.1832395638957754,-0.6888739146935746,1.0242258486310418,1307.8316450119019,0.0
7,waypoint_67,15.0,0.1832395638957754,-0.6888739146935746,1.0242258486310418,1290.6708717346191,0.0
8,waypoint_67,15.0,0.1832395638957754,-0.6888739146935746,1.0242258486310418,448.0150640010834,0.0
9,waypoint_67,15.0,0.1832395638957754,-0.6888739146935746,1.0242258486310418,981.1328649520874,0.0
10,waypoint_67,15.0,0.1832395638957754,-0.6888739146935746,1.0242258486310418,886.9251012802124,0.0
11,waypoint_67,15.0,0.1832395638957754,-0.6888739146935746,1.0242258486310418,900.6698131561279,0.0
12,waypoint_67,15.0,0.1832395638957754,-0.6888739146935746,1.0242258486310418,582.1413993835449,0.0
13,waypoint_67,15.0,0.1832395638957754,-0.6888739146935746,1.0242258486310418,647.3264694213867,0.0
14,waypoint_67,15.0,0.1832395638957754,-0.6888739146935746,1.0242258486310418,721.3015556335449,0.0
0,waypoint_67,30.0,0.1832395638957754,-0.6888739146935746,1.0242258486310418,4151.141166687012,0.0
1,waypoint_67,30.0,0.1832395638957754,-0.6888739146935746,1.0242258486310418,3142.263650894165,0.0
2,waypoint_67,30.0,0.1832395638957754,-0.6888739146935746,1.0242258486310418,3034.667491912842,0.0
3,waypoint_67,30.0,0.1832395638957754,-0.6888739146935746,1.0242258486310418,1319.077968597412,0.0
4,waypoint_67,30.0,0.1832395638957754,-0.6888739146935746,1.0242258486310418,1397.6796865463257,0.0
5,waypoint_67,30.0,0.1832395638957754,-0.6888739146935746,1.0242258486310418,1681.9227933883667,0.0
6,waypoint_67,30.0,0.1832395638957754,-0.6888739146935746,1.0242258486310418,1309.2308044433594,0.0
7,waypoint_67,30.0,0.1832395638957754,-0.6888739146935746,1.0242258486310418,1291.2694215774536,0.0
8,waypoint_67,30.0,0.1832395638957754,-0.6888739146935746,1.0242258486310418,498.09882044792175,0.0
9,waypoint_67,30.0,0.1832395638957754,-0.6888739146935746,1.0242258486310418,958.0515623092651,0.0
10,waypoint_67,30.0,0.1832395638957754,-0.6888739146935746,1.0242258486310418,883.0803632736206,0.0
11,waypoint_67,30.0,0.1832395638957754,-0.6888739146935746,1.0242258486310418,729.4638156890869,0.0
12,waypoint_67,30.0,0.1832395638957754,-0.6888739146935746,1.0242258486310418,558.3465695381165,0.0
13,waypoint_67,30.0,0.1832395638957754,-0.6888739146935746,1.0242258486310418,640.0225758552551,0.0
14,waypoint_67,30.0,0.1832395638957754,-0.6888739146935746,1.0242258486310418,662.853479385376,0.0
0,waypoint_68,30.0,0.2032395638957752,-0.6888739146935746,1.0242258486310418,4130.344867706299,0.0
1,waypoint_68,30.0,0.2032395638957752,-0.6888739146935746,1.0242258486310418,3142.591953277588,0.0
2,waypoint_68,30.0,0.2032395638957752,-0.6888739146935746,1.0242258486310418,3033.1552028656006,0.0
3,waypoint_68,30.0,0.2032395638957752,-0.6888739146935746,1.0242258486310418,1339.935541152954,0.0
4,waypoint_68,30.0,0.2032395638957752,-0.6888739146935746,1.0242258486310418,1377.892255783081,0.0
5,waypoint_68,30.0,0.2032395638957752,-0.6888739146935746,1.0242258486310418,1672.4516153335571,0.0
6,waypoint_68,30.0,0.2032395638957752,-0.6888739146935746,1.0242258486310418,1288.8628244400024,0.0
7,waypoint_68,30.0,0.2032395638957752,-0.6888739146935746,1.0242258486310418,1271.4776992797852,0.0
8,waypoint_68,30.0,0.2032395638957752,-0.6888739146935746,1.0242258486310418,516.2856578826904,0.0
9,waypoint_68,30.0,0.2032395638957752,-0.6888739146935746,1.0242258486310418,979.256272315979,0.0
10,waypoint_68,30.0,0.2032395638957752,-0.6888739146935746,1.0242258486310418,903.1811356544495,0.0
11,waypoint_68,30.0,0.2032395638957752,-0.6888739146935746,1.0242258486310418,747.2607493400574,0.0
12,waypoint_68,30.0,0.2032395638957752,-0.6888739146935746,1.0242258486310418,571.6952681541443,0.0
13,waypoint_68,30.0,0.2032395638957752,-0.6888739146935746,1.0242258486310418,652.7841091156006,0.0
14,waypoint_68,30.0,0.2032395638957752,-0.6888739146935746,1.0242258486310418,640.9702301025391,0.0
0,waypoint_68,15.0,0.2032395638957752,-0.6888739146935746,1.0242258486310418,4103.955268859863,0.0
1,waypoint_68,15.0,0.2032395638957752,-0.6888739146935746,1.0242258486310418,3137.861490249634,0.0
2,waypoint_68,15.0,0.2032395638957752,-0.6888739146935746,1.0242258486310418,3059.6542358398438,0.0
3,waypoint_68,15.0,0.2032395638957752,-0.6888739146935746,1.0242258486310418,1304.4596910476685,0.0
4,waypoint_68,15.0,0.2032395638957752,-0.6888739146935746,1.0242258486310418,1377.705693244934,0.0
5,waypoint_68,15.0,0.2032395638957752,-0.6888739146935746,1.0242258486310418,1584.4579935073853,0.0
6,waypoint_68,15.0,0.2032395638957752,-0.6888739146935746,1.0242258486310418,1287.3163223266602,0.0
7,waypoint_68,15.0,0.2032395638957752,-0.6888739146935746,1.0242258486310418,1271.4749574661255,0.0
8,waypoint_68,15.0,0.2032395638957752,-0.6888739146935746,1.0242258486310418,499.66466426849365,0.0
9,waypoint_68,15.0,0.2032395638957752,-0.6888739146935746,1.0242258486310418,999.4516372680664,0.0
10,waypoint_68,15.0,0.2032395638957752,-0.6888739146935746,1.0242258486310418,905.889093875885,0.0
11,waypoint_68,15.0,0.2032395638957752,-0.6888739146935746,1.0242258486310418,778.6906957626343,0.0
12,waypoint_68,15.0,0.2032395638957752,-0.6888739146935746,1.0242258486310418,594.9909687042236,0.0
13,waypoint_68,15.0,0.2032395638957752,-0.6888739146935746,1.0242258486310418,660.0816249847412,0.0
14,waypoint_68,15.0,0.2032395638957752,-0.6888739146935746,1.0242258486310418,732.0220470428467,0.0
0,waypoint_68,0.0,0.2032395638957752,-0.6888739146935746,1.0242258486310418,4082.5419425964355,0.0
1,waypoint_68,0.0,0.2032395638957752,-0.6888739146935746,1.0242258486310418,3132.7595710754395,0.0
2,waypoint_68,0.0,0.2032395638957752,-0.6888739146935746,1.0242258486310418,3043.2076454162598,0.0
3,waypoint_68,0.0,0.2032395638957752,-0.6888739146935746,1.0242258486310418,1333.1568241119385,0.0
4,waypoint_68,0.0,0.2032395638957752,-0.6888739146935746,1.0242258486310418,1377.9468536376953,0.0
5,waypoint_68,0.0,0.2032395638957752,-0.6888739146935746,1.0242258486310418,1655.6074619293213,0.0
6,waypoint_68,0.0,0.2032395638957752,-0.6888739146935746,1.0242258486310418,1268.959879875183,0.0
7,waypoint_68,0.0,0.2032395638957752,-0.6888739146935746,1.0242258486310418,1271.1957693099976,0.0
8,waypoint_68,0.0,0.2032395638957752,-0.6888739146935746,1.0242258486310418,465.03475308418274,0.0
9,waypoint_68,0.0,0.2032395638957752,-0.6888739146935746,1.0242258486310418,1057.8807592391968,0.0
10,waypoint_68,0.0,0.2032395638957752,-0.6888739146935746,1.0242258486310418,902.8905034065247,0.0
11,waypoint_68,0.0,0.2032395638957752,-0.6888739146935746,1.0242258486310418,780.1212072372437,0.0
12,waypoint_68,0.0,0.2032395638957752,-0.6888739146935746,1.0242258486310418,627.540111541748,0.0
13,waypoint_68,0.0,0.2032395638957752,-0.6888739146935746,1.0242258486310418,669.9114441871643,0.0
14,waypoint_68,0.0,0.2032395638957752,-0.6888739146935746,1.0242258486310418,761.5798711776733,0.0
0,waypoint_68,-15.0,0.2032395638957752,-0.6888739146935746,1.0242258486310418,4134.857177734375,0.0
1,waypoint_68,-15.0,0.2032395638957752,-0.6888739146935746,1.0242258486310418,3128.3907890319824,0.0
2,waypoint_68,-15.0,0.2032395638957752,-0.6888739146935746,1.0242258486310418,2983.602285385132,0.0
3,waypoint_68,-15.0,0.2032395638957752,-0.6888739146935746,1.0242258486310418,1288.3416414260864,0.0
4,waypoint_68,-15.0,0.2032395638957752,-0.6888739146935746,1.0242258486310418,1378.2482147216797,0.0
5,waypoint_68,-15.0,0.2032395638957752,-0.6888739146935746,1.0242258486310418,2119.823694229126,0.0
6,waypoint_68,-15.0,0.2032395638957752,-0.6888739146935746,1.0242258486310418,1236.6054058074951,0.0
7,waypoint_68,-15.0,0.2032395638957752,-0.6888739146935746,1.0242258486310418,1271.278977394104,0.0
8,waypoint_68,-15.0,0.2032395638957752,-0.6888739146935746,1.0242258486310418,442.25725531578064,0.0
9,waypoint_68,-15.0,0.2032395638957752,-0.6888739146935746,1.0242258486310418,1144.0364122390747,0.0
10,waypoint_68,-15.0,0.2032395638957752,-0.6888739146935746,1.0242258486310418,897.9129195213318,0.0
11,waypoint_68,-15.0,0.2032395638957752,-0.6888739146935746,1.0242258486310418,780.1154255867004,0.0
12,waypoint_68,-15.0,0.2032395638957752,-0.6888739146935746,1.0242258486310418,661.6790890693665,0.0
13,waypoint_68,-15.0,0.2032395638957752,-0.6888739146935746,1.0242258486310418,681.3863515853882,0.0
14,waypoint_68,-15.0,0.2032395638957752,-0.6888739146935746,1.0242258486310418,808.3069324493408,0.0
0,waypoint_68,-30.0,0.2032395638957752,-0.6888739146935746,1.0242258486310418,4108.101367950439,0.0
1,waypoint_68,-30.0,0.2032395638957752,-0.6888739146935746,1.0242258486310418,3125.8387565612793,0.0
2,waypoint_68,-30.0,0.2032395638957752,-0.6888739146935746,1.0242258486310418,2879.65989112854,0.0
3,waypoint_68,-30.0,0.2032395638957752,-0.6888739146935746,1.0242258486310418,1157.9909324645996,0.0
4,waypoint_68,-30.0,0.2032395638957752,-0.6888739146935746,1.0242258486310418,1378.8511753082275,0.0
5,waypoint_68,-30.0,0.2032395638957752,-0.6888739146935746,1.0242258486310418,2158.7209701538086,0.0
6,waypoint_68,-30.0,0.2032395638957752,-0.6888739146935746,1.0242258486310418,1221.3644981384277,0.0
7,waypoint_68,-30.0,0.2032395638957752,-0.6888739146935746,1.0242258486310418,1267.6936388015747,0.0
8,waypoint_68,-30.0,0.2032395638957752,-0.6888739146935746,1.0242258486310418,458.8780105113983,0.0
9,waypoint_68,-30.0,0.2032395638957752,-0.6888739146935746,1.0242258486310418,1182.555913925171,0.0
10,waypoint_68,-30.0,0.2032395638957752,-0.6888739146935746,1.0242258486310418,890.8982276916504,0.0
11,waypoint_68,-30.0,0.2032395638957752,-0.6888739146935746,1.0242258486310418,780.0994515419006,0.0
12,waypoint_68,-30.0,0.2032395638957752,-0.6888739146935746,1.0242258486310418,696.5926885604858,0.0
13,waypoint_68,-30.0,0.2032395638957752,-0.6888739146935746,1.0242258486310418,690.8947229385376,0.0
14,waypoint_68,-30.0,0.2032395638957752,-0.6888739146935746,1.0242258486310418,858.9312434196472,0.0
0,waypoint_69,-30.0,0.22323956389577543,-0.6888739146935746,1.0242258486310418,4146.313190460205,0.0
1,waypoint_69,-30.0,0.22323956389577543,-0.6888739146935746,1.0242258486310418,3126.52587890625,0.0
2,waypoint_69,-30.0,0.22323956389577543,-0.6888739146935746,1.0242258486310418,2895.1916694641113,0.0
3,waypoint_69,-30.0,0.22323956389577543,-0.6888739146935746,1.0242258486310418,1136.4755630493164,0.0
4,waypoint_69,-30.0,0.22323956389577543,-0.6888739146935746,1.0242258486310418,1358.9056730270386,0.0
5,waypoint_69,-30.0,0.22323956389577543,-0.6888739146935746,1.0242258486310418,2153.141975402832,0.0
6,waypoint_69,-30.0,0.22323956389577543,-0.6888739146935746,1.0242258486310418,1202.0918130874634,0.0
7,waypoint_69,-30.0,0.22323956389577543,-0.6888739146935746,1.0242258486310418,1248.20876121521,0.0
8,waypoint_69,-30.0,0.22323956389577543,-0.6888739146935746,1.0242258486310418,406.13940358161926,0.0
9,waypoint_69,-30.0,0.22323956389577543,-0.6888739146935746,1.0242258486310418,1198.3073949813843,0.0
10,waypoint_69,-30.0,0.22323956389577543,-0.6888739146935746,1.0242258486310418,908.8777899742126,0.0
11,waypoint_69,-30.0,0.22323956389577543,-0.6888739146935746,1.0242258486310418,796.1534261703491,0.0
12,waypoint_69,-30.0,0.22323956389577543,-0.6888739146935746,1.0242258486310418,708.9007496833801,0.0
13,waypoint_69,-30.0,0.22323956389577543,-0.6888739146935746,1.0242258486310418,703.4530639648438,0.0
14,waypoint_69,-30.0,0.22323956389577543,-0.6888739146935746,1.0242258486310418,858.0504059791565,0.0
0,waypoint_69,-15.0,0.22323956389577543,-0.6888739146935746,1.0242258486310418,4098.8359451293945,0.0
1,waypoint_69,-15.0,0.22323956389577543,-0.6888739146935746,1.0242258486310418,3128.9608478546143,0.0
2,waypoint_69,-15.0,0.22323956389577543,-0.6888739146935746,1.0242258486310418,2819.2739486694336,0.0
3,waypoint_69,-15.0,0.22323956389577543,-0.6888739146935746,1.0242258486310418,1315.1946067810059,0.0
4,waypoint_69,-15.0,0.22323956389577543,-0.6888739146935746,1.0242258486310418,1358.5033416748047,0.0
5,waypoint_69,-15.0,0.22323956389577543,-0.6888739146935746,1.0242258486310418,2114.0363216400146,0.0
6,waypoint_69,-15.0,0.22323956389577543,-0.6888739146935746,1.0242258486310418,1207.173228263855,0.0
7,waypoint_69,-15.0,0.22323956389577543,-0.6888739146935746,1.0242258486310418,1248.14772605896,0.0
8,waypoint_69,-15.0,0.22323956389577543,-0.6888739146935746,1.0242258486310418,406.82128071784973,0.0
9,waypoint_69,-15.0,0.22323956389577543,-0.6888739146935746,1.0242258486310418,1151.0896682739258,0.0
10,waypoint_69,-15.0,0.22323956389577543,-0.6888739146935746,1.0242258486310418,915.6799912452698,0.0
11,waypoint_69,-15.0,0.22323956389577543,-0.6888739146935746,1.0242258486310418,796.1685061454773,0.0
12,waypoint_69,-15.0,0.22323956389577543,-0.6888739146935746,1.0242258486310418,674.2222309112549,0.0
13,waypoint_69,-15.0,0.22323956389577543,-0.6888739146935746,1.0242258486310418,694.634199142456,0.0
14,waypoint_69,-15.0,0.22323956389577543,-0.6888739146935746,1.0242258486310418,853.4095287322998,0.0
0,waypoint_69,0.0,0.22323956389577543,-0.6888739146935746,1.0242258486310418,4135.326385498047,0.0
1,waypoint_69,0.0,0.22323956389577543,-0.6888739146935746,1.0242258486310418,3133.2430839538574,0.0
2,waypoint_69,0.0,0.22323956389577543,-0.6888739146935746,1.0242258486310418,3098.503828048706,0.0
3,waypoint_69,0.0,0.22323956389577543,-0.6888739146935746,1.0242258486310418,1359.1800928115845,0.0
4,waypoint_69,0.0,0.22323956389577543,-0.6888739146935746,1.0242258486310418,1358.1215143203735,0.0
5,waypoint_69,0.0,0.22323956389577543,-0.6888739146935746,1.0242258486310418,2022.4127769470215,0.0
6,waypoint_69,0.0,0.22323956389577543,-0.6888739146935746,1.0242258486310418,1212.2312784194946,0.0
7,waypoint_69,0.0,0.22323956389577543,-0.6888739146935746,1.0242258486310418,1248.4502792358398,0.0
8,waypoint_69,0.0,0.22323956389577543,-0.6888739146935746,1.0242258486310418,420.6642508506775,0.0
9,waypoint_69,0.0,0.22323956389577543,-0.6888739146935746,1.0242258486310418,1132.1040391921997,0.0
10,waypoint_69,0.0,0.22323956389577543,-0.6888739146935746,1.0242258486310418,919.525146484375,0.0
11,waypoint_69,0.0,0.22323956389577543,-0.6888739146935746,1.0242258486310418,796.1755394935608,0.0
12,waypoint_69,0.0,0.22323956389577543,-0.6888739146935746,1.0242258486310418,639.8372650146484,0.0
13,waypoint_69,0.0,0.22323956389577543,-0.6888739146935746,1.0242258486310418,683.0403804779053,0.0
14,waypoint_69,0.0,0.22323956389577543,-0.6888739146935746,1.0242258486310418,809.8698854446411,0.0
0,waypoint_69,15.0,0.22323956389577543,-0.6888739146935746,1.0242258486310418,4185.702800750732,0.0
1,waypoint_69,15.0,0.22323956389577543,-0.6888739146935746,1.0242258486310418,3138.298749923706,0.0
2,waypoint_69,15.0,0.22323956389577543,-0.6888739146935746,1.0242258486310418,3066.5602684020996,0.0
3,waypoint_69,15.0,0.22323956389577543,-0.6888739146935746,1.0242258486310418,1327.7212381362915,0.0
4,waypoint_69,15.0,0.22323956389577543,-0.6888739146935746,1.0242258486310418,1357.9072952270508,0.0
5,waypoint_69,15.0,0.22323956389577543,-0.6888739146935746,1.0242258486310418,1575.070858001709,0.0
6,waypoint_69,15.0,0.22323956389577543,-0.6888739146935746,1.0242258486310418,1214.5169973373413,0.0
7,waypoint_69,15.0,0.22323956389577543,-0.6888739146935746,1.0242258486310418,1248.1329441070557,0.0
8,waypoint_69,15.0,0.22323956389577543,-0.6888739146935746,1.0242258486310418,488.00626397132874,0.0
9,waypoint_69,15.0,0.22323956389577543,-0.6888739146935746,1.0242258486310418,1024.2106914520264,0.0
10,waypoint_69,15.0,0.22323956389577543,-0.6888739146935746,1.0242258486310418,924.735963344574,0.0
11,waypoint_69,15.0,0.22323956389577543,-0.6888739146935746,1.0242258486310418,795.7319617271423,0.0
12,waypoint_69,15.0,0.22323956389577543,-0.6888739146935746,1.0242258486310418,607.4722409248352,0.0
13,waypoint_69,15.0,0.22323956389577543,-0.6888739146935746,1.0242258486310418,673.0908155441284,0.0
14,waypoint_69,15.0,0.22323956389577543,-0.6888739146935746,1.0242258486310418,809.9745512008667,0.0
0,waypoint_69,30.0,0.22323956389577543,-0.6888739146935746,1.0242258486310418,4154.835224151611,0.0
1,waypoint_69,30.0,0.22323956389577543,-0.6888739146935746,1.0242258486310418,3143.022060394287,0.0
2,waypoint_69,30.0,0.22323956389577543,-0.6888739146935746,1.0242258486310418,3051.3131618499756,0.0
3,waypoint_69,30.0,0.22323956389577543,-0.6888739146935746,1.0242258486310418,1302.3693561553955,0.0
4,waypoint_69,30.0,0.22323956389577543,-0.6888739146935746,1.0242258486310418,1358.100414276123,0.0
5,waypoint_69,30.0,0.22323956389577543,-0.6888739146935746,1.0242258486310418,1663.143277168274,0.0
6,waypoint_69,30.0,0.22323956389577543,-0.6888739146935746,1.0242258486310418,1215.9204483032227,0.0
7,waypoint_69,30.0,0.22323956389577543,-0.6888739146935746,1.0242258486310418,1247.8300333023071,0.0
8,waypoint_69,30.0,0.22323956389577543,-0.6888739146935746,1.0242258486310418,529.4894576072693,0.0
9,waypoint_69,30.0,0.22323956389577543,-0.6888739146935746,1.0242258486310418,999.7934699058533,0.0
10,waypoint_69,30.0,0.22323956389577543,-0.6888739146935746,1.0242258486310418,925.9206652641296,0.0
11,waypoint_69,30.0,0.22323956389577543,-0.6888739146935746,1.0242258486310418,716.6564464569092,0.0
12,waypoint_69,30.0,0.22323956389577543,-0.6888739146935746,1.0242258486310418,584.4404697418213,0.0
13,waypoint_69,30.0,0.22323956389577543,-0.6888739146935746,1.0242258486310418,665.2966141700745,0.0
14,waypoint_69,30.0,0.22323956389577543,-0.6888739146935746,1.0242258486310418,627.3975968360901,0.0
0,waypoint_70,30.0,0.24323956389577522,-0.6888739146935746,1.0242258486310418,4234.198570251465,0.0
1,waypoint_70,30.0,0.24323956389577522,-0.6888739146935746,1.0242258486310418,3143.5627937316895,0.0
2,waypoint_70,30.0,0.24323956389577522,-0.6888739146935746,1.0242258486310418,3062.885522842407,0.0
3,waypoint_70,30.0,0.24323956389577522,-0.6888739146935746,1.0242258486310418,1317.3729181289673,0.0
4,waypoint_70,30.0,0.24323956389577522,-0.6888739146935746,1.0242258486310418,1338.3218050003052,0.0
5,waypoint_70,30.0,0.24323956389577522,-0.6888739146935746,1.0242258486310418,1653.9859771728516,0.0
6,waypoint_70,30.0,0.24323956389577522,-0.6888739146935746,1.0242258486310418,1196.414589881897,0.0
7,waypoint_70,30.0,0.24323956389577522,-0.6888739146935746,1.0242258486310418,1228.3806800842285,0.0
8,waypoint_70,30.0,0.24323956389577522,-0.6888739146935746,1.0242258486310418,548.2544898986816,0.0
9,waypoint_70,30.0,0.24323956389577522,-0.6888739146935746,1.0242258486310418,1020.5504894256592,0.0
10,waypoint_70,30.0,0.24323956389577522,-0.6888739146935746,1.0242258486310418,945.537805557251,0.0
11,waypoint_70,30.0,0.24323956389577522,-0.6888739146935746,1.0242258486310418,735.4058027267456,0.0
12,waypoint_70,30.0,0.24323956389577522,-0.6888739146935746,1.0242258486310418,598.5181331634521,0.0
13,waypoint_70,30.0,0.24323956389577522,-0.6888739146935746,1.0242258486310418,677.9910922050476,0.0
14,waypoint_70,30.0,0.24323956389577522,-0.6888739146935746,1.0242258486310418,615.7670617103577,0.0
0,waypoint_70,15.0,0.24323956389577522,-0.6888739146935746,1.0242258486310418,4207.777500152588,0.0
1,waypoint_70,15.0,0.24323956389577522,-0.6888739146935746,1.0242258486310418,3138.845443725586,0.0
2,waypoint_70,15.0,0.24323956389577522,-0.6888739146935746,1.0242258486310418,3014.8136615753174,0.0
3,waypoint_70,15.0,0.24323956389577522,-0.6888739146935746,1.0242258486310418,1258.8684558868408,0.0
4,waypoint_70,15.0,0.24323956389577522,-0.6888739146935746,1.0242258486310418,1338.0608558654785,0.0
5,waypoint_70,15.0,0.24323956389577522,-0.6888739146935746,1.0242258486310418,1565.8425092697144,0.0
6,waypoint_70,15.0,0.24323956389577522,-0.6888739146935746,1.0242258486310418,1247.3843097686768,0.0
7,waypoint_70,15.0,0.24323956389577522,-0.6888739146935746,1.0242258486310418,1228.842854499817,0.0
8,waypoint_70,15.0,0.24323956389577522,-0.6888739146935746,1.0242258486310418,541.5263772010803,0.0
9,waypoint_70,15.0,0.24323956389577522,-0.6888739146935746,1.0242258486310418,1041.059136390686,0.0
10,waypoint_70,15.0,0.24323956389577522,-0.6888739146935746,1.0242258486310418,946.4510679244995,0.0
11,waypoint_70,15.0,0.24323956389577522,-0.6888739146935746,1.0242258486310418,759.0317130088806,0.0
12,waypoint_70,15.0,0.24323956389577522,-0.6888739146935746,1.0242258486310418,621.1839914321899,0.0
13,waypoint_70,15.0,0.24323956389577522,-0.6888739146935746,1.0242258486310418,686.7657899856567,0.0
14,waypoint_70,15.0,0.24323956389577522,-0.6888739146935746,1.0242258486310418,750.4246234893799,0.0
0,waypoint_70,0.0,0.24323956389577522,-0.6888739146935746,1.0242258486310418,4121.0737228393555,0.0
1,waypoint_70,0.0,0.24323956389577522,-0.6888739146935746,1.0242258486310418,3133.836269378662,0.0
2,waypoint_70,0.0,0.24323956389577522,-0.6888739146935746,1.0242258486310418,3093.618154525757,0.0
3,waypoint_70,0.0,0.24323956389577522,-0.6888739146935746,1.0242258486310418,1311.6029500961304,0.0
4,waypoint_70,0.0,0.24323956389577522,-0.6888739146935746,1.0242258486310418,1338.334083557129,0.0
5,waypoint_70,0.0,0.24323956389577522,-0.6888739146935746,1.0242258486310418,1644.2629098892212,0.0
6,waypoint_70,0.0,0.24323956389577522,-0.6888739146935746,1.0242258486310418,1227.4589538574219,0.0
7,waypoint_70,0.0,0.24323956389577522,-0.6888739146935746,1.0242258486310418,1228.2172441482544,0.0
8,waypoint_70,0.0,0.24323956389577522,-0.6888739146935746,1.0242258486310418,486.67261004447937,0.0
9,waypoint_70,0.0,0.24323956389577522,-0.6888739146935746,1.0242258486310418,1101.6201972961426,0.0
10,waypoint_70,0.0,0.24323956389577522,-0.6888739146935746,1.0242258486310418,942.6849484443665,0.0
11,waypoint_70,0.0,0.24323956389577522,-0.6888739146935746,1.0242258486310418,809.8382353782654,0.0
12,waypoint_70,0.0,0.24323956389577522,-0.6888739146935746,1.0242258486310418,652.2164344787598,0.0
13,waypoint_70,0.0,0.24323956389577522,-0.6888739146935746,1.0242258486310418,696.2053775787354,0.0
14,waypoint_70,0.0,0.24323956389577522,-0.6888739146935746,1.0242258486310418,720.1834917068481,0.0
0,waypoint_70,-15.0,0.24323956389577522,-0.6888739146935746,1.0242258486310418,4178.824901580811,0.0
1,waypoint_70,-15.0,0.24323956389577522,-0.6888739146935746,1.0242258486310418,3129.6374797821045,0.0
2,waypoint_70,-15.0,0.24323956389577522,-0.6888739146935746,1.0242258486310418,2928.8430213928223,0.0
3,waypoint_70,-15.0,0.24323956389577522,-0.6888739146935746,1.0242258486310418,1274.9319076538086,0.0
4,waypoint_70,-15.0,0.24323956389577522,-0.6888739146935746,1.0242258486310418,1338.584542274475,0.0
5,waypoint_70,-15.0,0.24323956389577522,-0.6888739146935746,1.0242258486310418,2110.1112365722656,0.0
6,waypoint_70,-15.0,0.24323956389577522,-0.6888739146935746,1.0242258486310418,1194.888949394226,0.0
7,waypoint_70,-15.0,0.24323956389577522,-0.6888739146935746,1.0242258486310418,1228.2122373580933,0.0
8,waypoint_70,-15.0,0.24323956389577522,-0.6888739146935746,1.0242258486310418,467.8536355495453,0.0
9,waypoint_70,-15.0,0.24323956389577522,-0.6888739146935746,1.0242258486310418,1176.6252517700195,0.0
10,waypoint_70,-15.0,0.24323956389577522,-0.6888739146935746,1.0242258486310418,939.2171502113342,0.0
11,waypoint_70,-15.0,0.24323956389577522,-0.6888739146935746,1.0242258486310418,779.7927856445312,0.0
12,waypoint_70,-15.0,0.24323956389577522,-0.6888739146935746,1.0242258486310418,686.234176158905,0.0
13,waypoint_70,-15.0,0.24323956389577522,-0.6888739146935746,1.0242258486310418,707.338273525238,0.0
14,waypoint_70,-15.0,0.24323956389577522,-0.6888739146935746,1.0242258486310418,856.2336564064026,0.0
0,waypoint_70,-30.0,0.24323956389577522,-0.6888739146935746,1.0242258486310418,4177.519798278809,0.0
1,waypoint_70,-30.0,0.24323956389577522,-0.6888739146935746,1.0242258486310418,3127.3319721221924,0.0
2,waypoint_70,-30.0,0.24323956389577522,-0.6888739146935746,1.0242258486310418,2898.646354675293,0.0
3,waypoint_70,-30.0,0.24323956389577522,-0.6888739146935746,1.0242258486310418,1137.3690366744995,0.0
4,waypoint_70,-30.0,0.24323956389577522,-0.6888739146935746,1.0242258486310418,1338.997483253479,0.0
5,waypoint_70,-30.0,0.24323956389577522,-0.6888739146935746,1.0242258486310418,2148.575782775879,0.0
6,waypoint_70,-30.0,0.24323956389577522,-0.6888739146935746,1.0242258486310418,1183.573842048645,0.0
7,waypoint_70,-30.0,0.24323956389577522,-0.6888739146935746,1.0242258486310418,1225.0994443893433,0.0
8,waypoint_70,-30.0,0.24323956389577522,-0.6888739146935746,1.0242258486310418,478.5500466823578,0.0
9,waypoint_70,-30.0,0.24323956389577522,-0.6888739146935746,1.0242258486310418,1212.4181985855103,0.0
10,waypoint_70,-30.0,0.24323956389577522,-0.6888739146935746,1.0242258486310418,1037.580966949463,0.0
11,waypoint_70,-30.0,0.24323956389577522,-0.6888739146935746,1.0242258486310418,923.537015914917,0.0
12,waypoint_70,-30.0,0.24323956389577522,-0.6888739146935746,1.0242258486310418,720.6981182098389,0.0
13,waypoint_70,-30.0,0.24323956389577522,-0.6888739146935746,1.0242258486310418,715.4775857925415,0.0
14,waypoint_70,-30.0,0.24323956389577522,-0.6888739146935746,1.0242258486310418,884.037971496582,0.0
