Env_ID,Waypoint,Angle_X,Pos_X,Pos_Y,Pos_Z,Error_mm,Manipulability_Index
0,waypoint_01,-30.0,-0.1367604361042239,-0.8322438621242686,1.0638120569246137,0.004144987542531453,0.03178533539175987
1,waypoint_01,-30.0,-0.1367604361042239,-0.8322438621242686,1.0638120569246137,0.00827367421152303,0.02745736949145794
2,waypoint_01,-30.0,-0.1367604361042239,-0.8322438621242686,1.0638120569246137,0.01332213832938578,0.01961768977344036
3,waypoint_01,-30.0,-0.1367604361042239,-0.8322438621242686,1.0638120569246137,0.01486057499278104,0.010546661913394928
4,waypoint_01,-30.0,-0.1367604361042239,-0.8322438621242686,1.0638120569246137,86.17539703845978,0.0
5,waypoint_01,-30.0,-0.1367604361042239,-0.8322438621242686,1.0638120569246137,0.014040911082702223,0.010073394514620304
6,waypoint_01,-30.0,-0.1367604361042239,-0.8322438621242686,1.0638120569246137,0.017368694898323156,0.019640833139419556
7,waypoint_01,-30.0,-0.1367604361042239,-0.8322438621242686,1.0638120569246137,0.007634063877048902,0.023257503286004066
8,waypoint_01,-30.0,-0.1367604361042239,-0.8322438621242686,1.0638120569246137,76.87646150588989,0.0
9,waypoint_01,-30.0,-0.1367604361042239,-0.8322438621242686,1.0638120569246137,282.15694427490234,0.0
10,waypoint_01,-30.0,-0.1367604361042239,-0.8322438621242686,1.0638120569246137,400.98837018013,0.0
11,waypoint_01,-30.0,-0.1367604361042239,-0.8322438621242686,1.0638120569246137,525.6434679031372,0.0
12,waypoint_01,-30.0,-0.1367604361042239,-0.8322438621242686,1.0638120569246137,620.742917060852,0.0
13,waypoint_01,-30.0,-0.1367604361042239,-0.8322438621242686,1.0638120569246137,727.3179292678833,0.0
14,waypoint_01,-30.0,-0.1367604361042239,-0.8322438621242686,1.0638120569246137,714.0657305717468,0.0
0,waypoint_01,-15.0,-0.1367604361042239,-0.8322438621242686,1.0638120569246137,0.002239739160359022,0.025385359302163124
1,waypoint_01,-15.0,-0.1367604361042239,-0.8322438621242686,1.0638120569246137,0.005197921382205095,0.024780575186014175
2,waypoint_01,-15.0,-0.1367604361042239,-0.8322438621242686,1.0638120569246137,0.00484083648188971,0.01818784885108471
3,waypoint_01,-15.0,-0.1367604361042239,-0.8322438621242686,1.0638120569246137,0.0036393016671354417,0.009460072964429855
4,waypoint_01,-15.0,-0.1367604361042239,-0.8322438621242686,1.0638120569246137,0.2664061321411282,0.0010449117980897427
5,waypoint_01,-15.0,-0.1367604361042239,-0.8322438621242686,1.0638120569246137,0.004537788754532812,0.009992622770369053
6,waypoint_01,-15.0,-0.1367604361042239,-0.8322438621242686,1.0638120569246137,0.004898109182249755,0.017286300659179688
7,waypoint_01,-15.0,-0.1367604361042239,-0.8322438621242686,1.0638120569246137,0.0033512708341731923,0.012055166997015476
8,waypoint_01,-15.0,-0.1367604361042239,-0.8322438621242686,1.0638120569246137,269.94121074676514,0.0
9,waypoint_01,-15.0,-0.1367604361042239,-0.8322438621242686,1.0638120569246137,354.9741804599762,0.0
10,waypoint_01,-15.0,-0.1367604361042239,-0.8322438621242686,1.0638120569246137,401.08242630958557,0.0
11,waypoint_01,-15.0,-0.1367604361042239,-0.8322438621242686,1.0638120569246137,531.20356798172,0.0
12,waypoint_01,-15.0,-0.1367604361042239,-0.8322438621242686,1.0638120569246137,603.7508249282837,0.0
13,waypoint_01,-15.0,-0.1367604361042239,-0.8322438621242686,1.0638120569246137,714.7921919822693,0.0
14,waypoint_01,-15.0,-0.1367604361042239,-0.8322438621242686,1.0638120569246137,682.9128861427307,0.0
0,waypoint_01,0.0,-0.1367604361042239,-0.8322438621242686,1.0638120569246137,0.0035443470096652163,0.011111168190836906
1,waypoint_01,0.0,-0.1367604361042239,-0.8322438621242686,1.0638120569246137,0.0037132306260900805,0.020014291629195213
2,waypoint_01,0.0,-0.1367604361042239,-0.8322438621242686,1.0638120569246137,0.0020265579223632812,0.01584009639918804
3,waypoint_01,0.0,-0.1367604361042239,-0.8322438621242686,1.0638120569246137,0.0018196508335677208,0.008208515122532845
4,waypoint_01,0.0,-0.1367604361042239,-0.8322438621242686,1.0638120569246137,0.14645322517026216,0.0005459518288262188
5,waypoint_01,0.0,-0.1367604361042239,-0.8322438621242686,1.0638120569246137,0.0031359068088931963,0.00847511738538742
6,waypoint_01,0.0,-0.1367604361042239,-0.8322438621242686,1.0638120569246137,0.005786564088339219,0.010684412904083729
7,waypoint_01,0.0,-0.1367604361042239,-0.8322438621242686,1.0638120569246137,142.04038679599762,0.0
8,waypoint_01,0.0,-0.1367604361042239,-0.8322438621242686,1.0638120569246137,270.31031250953674,0.0
9,waypoint_01,0.0,-0.1367604361042239,-0.8322438621242686,1.0638120569246137,347.8267192840576,0.0
10,waypoint_01,0.0,-0.1367604361042239,-0.8322438621242686,1.0638120569246137,395.4344391822815,0.0
11,waypoint_01,0.0,-0.1367604361042239,-0.8322438621242686,1.0638120569246137,484.8567545413971,0.0
12,waypoint_01,0.0,-0.1367604361042239,-0.8322438621242686,1.0638120569246137,591.3854241371155,0.0
13,waypoint_01,0.0,-0.1367604361042239,-0.8322438621242686,1.0638120569246137,705.1364183425903,0.0
14,waypoint_01,0.0,-0.1367604361042239,-0.8322438621242686,1.0638120569246137,661.6814732551575,0.0
0,waypoint_01,15.0,-0.1367604361042239,-0.8322438621242686,1.0638120569246137,79.07035946846008,0.0
1,waypoint_01,15.0,-0.1367604361042239,-0.8322438621242686,1.0638120569246137,0.002982615569635527,0.010799488984048367
2,waypoint_01,15.0,-0.1367604361042239,-0.8322438621242686,1.0638120569246137,0.002941837919934187,0.0122551079839468
3,waypoint_01,15.0,-0.1367604361042239,-0.8322438621242686,1.0638120569246137,0.003873843525070697,0.006987439934164286
4,waypoint_01,15.0,-0.1367604361042239,-0.8322438621242686,1.0638120569246137,30.826658010482788,0.0
5,waypoint_01,15.0,-0.1367604361042239,-0.8322438621242686,1.0638120569246137,0.003754619456231012,0.0028472139965742826
6,waypoint_01,15.0,-0.1367604361042239,-0.8322438621242686,1.0638120569246137,70.3732892870903,0.0
7,waypoint_01,15.0,-0.1367604361042239,-0.8322438621242686,1.0638120569246137,259.06622409820557,0.0
8,waypoint_01,15.0,-0.1367604361042239,-0.8322438621242686,1.0638120569246137,290.96564650535583,0.0
9,waypoint_01,15.0,-0.1367604361042239,-0.8322438621242686,1.0638120569246137,343.2130217552185,0.0
10,waypoint_01,15.0,-0.1367604361042239,-0.8322438621242686,1.0638120569246137,388.42689990997314,0.0
11,waypoint_01,15.0,-0.1367604361042239,-0.8322438621242686,1.0638120569246137,458.7385058403015,0.0
12,waypoint_01,15.0,-0.1367604361042239,-0.8322438621242686,1.0638120569246137,578.9658427238464,0.0
13,waypoint_01,15.0,-0.1367604361042239,-0.8322438621242686,1.0638120569246137,694.1363215446472,0.0
14,waypoint_01,15.0,-0.1367604361042239,-0.8322438621242686,1.0638120569246137,652.3999571800232,0.0
0,waypoint_01,30.0,-0.1367604361042239,-0.8322438621242686,1.0638120569246137,124.70664829015732,0.0
1,waypoint_01,30.0,-0.1367604361042239,-0.8322438621242686,1.0638120569246137,78.68502289056778,0.0
2,waypoint_01,30.0,-0.1367604361042239,-0.8322438621242686,1.0638120569246137,0.0018810908386512892,0.005565151106566191
3,waypoint_01,30.0,-0.1367604361042239,-0.8322438621242686,1.0638120569246137,0.005586326096818084,0.005735898856073618
4,waypoint_01,30.0,-0.1367604361042239,-0.8322438621242686,1.0638120569246137,146.83794975280762,0.0
5,waypoint_01,30.0,-0.1367604361042239,-0.8322438621242686,1.0638120569246137,89.10470455884933,0.0
6,waypoint_01,30.0,-0.1367604361042239,-0.8322438621242686,1.0638120569246137,188.19333612918854,0.0
7,waypoint_01,30.0,-0.1367604361042239,-0.8322438621242686,1.0638120569246137,256.9698691368103,0.0
8,waypoint_01,30.0,-0.1367604361042239,-0.8322438621242686,1.0638120569246137,281.1014652252197,0.0
9,waypoint_01,30.0,-0.1367604361042239,-0.8322438621242686,1.0638120569246137,317.0275688171387,0.0
10,waypoint_01,30.0,-0.1367604361042239,-0.8322438621242686,1.0638120569246137,375.28538703918457,0.0
11,waypoint_01,30.0,-0.1367604361042239,-0.8322438621242686,1.0638120569246137,447.61183857917786,0.0
12,waypoint_01,30.0,-0.1367604361042239,-0.8322438621242686,1.0638120569246137,564.8440718650818,0.0
13,waypoint_01,30.0,-0.1367604361042239,-0.8322438621242686,1.0638120569246137,630.1501989364624,0.0
14,waypoint_01,30.0,-0.1367604361042239,-0.8322438621242686,1.0638120569246137,633.4816813468933,0.0
0,waypoint_02,30.0,-0.11676043610422432,-0.8322438621242686,1.0638120569246137,168.8975691795349,0.0
1,waypoint_02,30.0,-0.11676043610422432,-0.8322438621242686,1.0638120569246137,83.0286368727684,0.0
2,waypoint_02,30.0,-0.11676043610422432,-0.8322438621242686,1.0638120569246137,0.011324254955979995,0.0030877504032105207
3,waypoint_02,30.0,-0.11676043610422432,-0.8322438621242686,1.0638120569246137,0.011892881957464851,0.006280731409788132
4,waypoint_02,30.0,-0.11676043610422432,-0.8322438621242686,1.0638120569246137,122.57477641105652,0.0
5,waypoint_02,30.0,-0.11676043610422432,-0.8322438621242686,1.0638120569246137,76.49058103561401,0.0
6,waypoint_02,30.0,-0.11676043610422432,-0.8322438621242686,1.0638120569246137,167.14800894260406,0.0
7,waypoint_02,30.0,-0.11676043610422432,-0.8322438621242686,1.0638120569246137,247.86517024040222,0.0
8,waypoint_02,30.0,-0.11676043610422432,-0.8322438621242686,1.0638120569246137,277.33150124549866,0.0
9,waypoint_02,30.0,-0.11676043610422432,-0.8322438621242686,1.0638120569246137,311.7385804653168,0.0
10,waypoint_02,30.0,-0.11676043610422432,-0.8322438621242686,1.0638120569246137,366.9741451740265,0.0
11,waypoint_02,30.0,-0.11676043610422432,-0.8322438621242686,1.0638120569246137,427.9560446739197,0.0
12,waypoint_02,30.0,-0.11676043610422432,-0.8322438621242686,1.0638120569246137,546.3742017745972,0.0
13,waypoint_02,30.0,-0.11676043610422432,-0.8322438621242686,1.0638120569246137,611.1321449279785,0.0
14,waypoint_02,30.0,-0.11676043610422432,-0.8322438621242686,1.0638120569246137,617.6108717918396,0.0
0,waypoint_02,15.0,-0.11676043610422432,-0.8322438621242686,1.0638120569246137,117.25450307130814,0.0
1,waypoint_02,15.0,-0.11676043610422432,-0.8322438621242686,1.0638120569246137,0.03418065170990303,0.007496972568333149
2,waypoint_02,15.0,-0.11676043610422432,-0.8322438621242686,1.0638120569246137,0.02053758544207085,0.01277612242847681
3,waypoint_02,15.0,-0.11676043610422432,-0.8322438621242686,1.0638120569246137,0.005047777904110262,0.008264441043138504
4,waypoint_02,15.0,-0.11676043610422432,-0.8322438621242686,1.0638120569246137,176.7892837524414,0.0
5,waypoint_02,15.0,-0.11676043610422432,-0.8322438621242686,1.0638120569246137,0.03450753865763545,0.002959370380267501
6,waypoint_02,15.0,-0.11676043610422432,-0.8322438621242686,1.0638120569246137,28.77642586827278,0.0
7,waypoint_02,15.0,-0.11676043610422432,-0.8322438621242686,1.0638120569246137,225.1731902360916,0.0
8,waypoint_02,15.0,-0.11676043610422432,-0.8322438621242686,1.0638120569246137,282.8797399997711,0.0
9,waypoint_02,15.0,-0.11676043610422432,-0.8322438621242686,1.0638120569246137,339.89810943603516,0.0
10,waypoint_02,15.0,-0.11676043610422432,-0.8322438621242686,1.0638120569246137,370.981901884079,0.0
11,waypoint_02,15.0,-0.11676043610422432,-0.8322438621242686,1.0638120569246137,440.1993751525879,0.0
12,waypoint_02,15.0,-0.11676043610422432,-0.8322438621242686,1.0638120569246137,559.7886443138123,0.0
13,waypoint_02,15.0,-0.11676043610422432,-0.8322438621242686,1.0638120569246137,614.6130561828613,0.0
14,waypoint_02,15.0,-0.11676043610422432,-0.8322438621242686,1.0638120569246137,619.0679669380188,0.0
0,waypoint_02,0.0,-0.11676043610422432,-0.8322438621242686,1.0638120569246137,0.9880836587399244,3.7615887293895867e-08
1,waypoint_02,0.0,-0.11676043610422432,-0.8322438621242686,1.0638120569246137,0.9561612387187779,0.009549102745950222
2,waypoint_02,0.0,-0.11676043610422432,-0.8322438621242686,1.0638120569246137,0.003617761421992327,0.017059985548257828
3,waypoint_02,0.0,-0.11676043610422432,-0.8322438621242686,1.0638120569246137,0.004661372713599121,0.009877141565084457
4,waypoint_02,0.0,-0.11676043610422432,-0.8322438621242686,1.0638120569246137,250.4822313785553,0.0
5,waypoint_02,0.0,-0.11676043610422432,-0.8322438621242686,1.0638120569246137,0.01040950337483082,0.007092996966093779
6,waypoint_02,0.0,-0.11676043610422432,-0.8322438621242686,1.0638120569246137,0.010289229976478964,0.01130395196378231
7,waypoint_02,0.0,-0.11676043610422432,-0.8322438621242686,1.0638120569246137,57.98882618546486,0.0
8,waypoint_02,0.0,-0.11676043610422432,-0.8322438621242686,1.0638120569246137,290.17066955566406,0.0
9,waypoint_02,0.0,-0.11676043610422432,-0.8322438621242686,1.0638120569246137,347.03242778778076,0.0
10,waypoint_02,0.0,-0.11676043610422432,-0.8322438621242686,1.0638120569246137,369.10194158554077,0.0
11,waypoint_02,0.0,-0.11676043610422432,-0.8322438621242686,1.0638120569246137,447.26812839508057,0.0
12,waypoint_02,0.0,-0.11676043610422432,-0.8322438621242686,1.0638120569246137,567.5215125083923,0.0
13,waypoint_02,0.0,-0.11676043610422432,-0.8322438621242686,1.0638120569246137,634.7748637199402,0.0
14,waypoint_02,0.0,-0.11676043610422432,-0.8322438621242686,1.0638120569246137,617.6309585571289,0.0
0,waypoint_02,-15.0,-0.11676043610422432,-0.8322438621242686,1.0638120569246137,0.015732464817119762,0.023728713393211365
1,waypoint_02,-15.0,-0.11676043610422432,-0.8322438621242686,1.0638120569246137,6.298832595348358,0.0
2,waypoint_02,-15.0,-0.11676043610422432,-0.8322438621242686,1.0638120569246137,0.00484083648188971,0.019749131053686142
3,waypoint_02,-15.0,-0.11676043610422432,-0.8322438621242686,1.0638120569246137,0.0031291019695345312,0.011296900920569897
4,waypoint_02,-15.0,-0.11676043610422432,-0.8322438621242686,1.0638120569246137,256.1964988708496,0.0
5,waypoint_02,-15.0,-0.11676043610422432,-0.8322438621242686,1.0638120569246137,0.004709898348664865,0.00813176017254591
6,waypoint_02,-15.0,-0.11676043610422432,-0.8322438621242686,1.0638120569246137,0.011772332072723657,0.016264386475086212
7,waypoint_02,-15.0,-0.11676043610422432,-0.8322438621242686,1.0638120569246137,276.57806873321533,0.0
8,waypoint_02,-15.0,-0.11676043610422432,-0.8322438621242686,1.0638120569246137,334.9733054637909,0.0
9,waypoint_02,-15.0,-0.11676043610422432,-0.8322438621242686,1.0638120569246137,349.649578332901,0.0
10,waypoint_02,-15.0,-0.11676043610422432,-0.8322438621242686,1.0638120569246137,363.5186553001404,0.0
11,waypoint_02,-15.0,-0.11676043610422432,-0.8322438621242686,1.0638120569246137,507.3281526565552,0.0
12,waypoint_02,-15.0,-0.11676043610422432,-0.8322438621242686,1.0638120569246137,589.6927714347839,0.0
13,waypoint_02,-15.0,-0.11676043610422432,-0.8322438621242686,1.0638120569246137,692.349374294281,0.0
14,waypoint_02,-15.0,-0.11676043610422432,-0.8322438621242686,1.0638120569246137,613.7955188751221,0.0
0,waypoint_02,-30.0,-0.11676043610422432,-0.8322438621242686,1.0638120569246137,0.003933906555175781,0.031647950410842896
1,waypoint_02,-30.0,-0.11676043610422432,-0.8322438621242686,1.0638120569246137,29.88247387111187,0.0
2,waypoint_02,-30.0,-0.11676043610422432,-0.8322438621242686,1.0638120569246137,0.005250624326436082,0.02134084887802601
3,waypoint_02,-30.0,-0.11676043610422432,-0.8322438621242686,1.0638120569246137,0.004306409664422972,0.012408453971147537
4,waypoint_02,-30.0,-0.11676043610422432,-0.8322438621242686,1.0638120569246137,240.32416939735413,0.0
5,waypoint_02,-30.0,-0.11676043610422432,-0.8322438621242686,1.0638120569246137,0.0016689300537109375,0.008009012788534164
6,waypoint_02,-30.0,-0.11676043610422432,-0.8322438621242686,1.0638120569246137,0.005884751317353221,0.017942694947123528
7,waypoint_02,-30.0,-0.11676043610422432,-0.8322438621242686,1.0638120569246137,278.7413001060486,0.0
8,waypoint_02,-30.0,-0.11676043610422432,-0.8322438621242686,1.0638120569246137,331.5916955471039,0.0
9,waypoint_02,-30.0,-0.11676043610422432,-0.8322438621242686,1.0638120569246137,343.2374596595764,0.0
10,waypoint_02,-30.0,-0.11676043610422432,-0.8322438621242686,1.0638120569246137,352.6248633861542,0.0
11,waypoint_02,-30.0,-0.11676043610422432,-0.8322438621242686,1.0638120569246137,523.7694978713989,0.0
12,waypoint_02,-30.0,-0.11676043610422432,-0.8322438621242686,1.0638120569246137,610.5394959449768,0.0
13,waypoint_02,-30.0,-0.11676043610422432,-0.8322438621242686,1.0638120569246137,708.2779407501221,0.0
14,waypoint_02,-30.0,-0.11676043610422432,-0.8322438621242686,1.0638120569246137,609.2419624328613,0.0
0,waypoint_03,-30.0,-0.09676043610422452,-0.8322438621242686,1.0638120569246137,0.010679050319595262,0.030900759622454643
1,waypoint_03,-30.0,-0.09676043610422452,-0.8322438621242686,1.0638120569246137,51.90201848745346,0.0
2,waypoint_03,-30.0,-0.09676043610422452,-0.8322438621242686,1.0638120569246137,0.011172652193636168,0.023015061393380165
3,waypoint_03,-30.0,-0.09676043610422452,-0.8322438621242686,1.0638120569246137,0.00969047596299788,0.014250228181481361
4,waypoint_03,-30.0,-0.09676043610422452,-0.8322438621242686,1.0638120569246137,243.29207837581635,0.0
5,waypoint_03,-30.0,-0.09676043610422452,-0.8322438621242686,1.0638120569246137,0.012875155334768351,0.0059667411260306835
6,waypoint_03,-30.0,-0.09676043610422452,-0.8322438621242686,1.0638120569246137,0.010650424883351661,0.01609601266682148
7,waypoint_03,-30.0,-0.09676043610422452,-0.8322438621242686,1.0638120569246137,279.0148854255676,0.0
8,waypoint_03,-30.0,-0.09676043610422452,-0.8322438621242686,1.0638120569246137,326.14433765411377,0.0
9,waypoint_03,-30.0,-0.09676043610422452,-0.8322438621242686,1.0638120569246137,338.3078873157501,0.0
10,waypoint_03,-30.0,-0.09676043610422452,-0.8322438621242686,1.0638120569246137,344.6679711341858,0.0
11,waypoint_03,-30.0,-0.09676043610422452,-0.8322438621242686,1.0638120569246137,506.9369673728943,0.0
12,waypoint_03,-30.0,-0.09676043610422452,-0.8322438621242686,1.0638120569246137,591.7129516601562,0.0
13,waypoint_03,-30.0,-0.09676043610422452,-0.8322438621242686,1.0638120569246137,690.5243396759033,0.0
14,waypoint_03,-30.0,-0.09676043610422452,-0.8322438621242686,1.0638120569246137,593.0084586143494,0.0
0,waypoint_03,-15.0,-0.09676043610422452,-0.8322438621242686,1.0638120569246137,0.003910355644620722,0.020776640623807907
1,waypoint_03,-15.0,-0.09676043610422452,-0.8322438621242686,1.0638120569246137,33.64342078566551,0.0
2,waypoint_03,-15.0,-0.09676043610422452,-0.8322438621242686,1.0638120569246137,0.0034897998375527095,0.021216558292508125
3,waypoint_03,-15.0,-0.09676043610422452,-0.8322438621242686,1.0638120569246137,0.0045126662371330895,0.013095582835376263
4,waypoint_03,-15.0,-0.09676043610422452,-0.8322438621242686,1.0638120569246137,271.66733145713806,0.0
5,waypoint_03,-15.0,-0.09676043610422452,-0.8322438621242686,1.0638120569246137,0.00384438408218557,0.006223210133612156
6,waypoint_03,-15.0,-0.09676043610422452,-0.8322438621242686,1.0638120569246137,0.0036943160921509843,0.014960549771785736
7,waypoint_03,-15.0,-0.09676043610422452,-0.8322438621242686,1.0638120569246137,275.3439247608185,0.0
8,waypoint_03,-15.0,-0.09676043610422452,-0.8322438621242686,1.0638120569246137,328.8964033126831,0.0
9,waypoint_03,-15.0,-0.09676043610422452,-0.8322438621242686,1.0638120569246137,331.8077325820923,0.0
10,waypoint_03,-15.0,-0.09676043610422452,-0.8322438621242686,1.0638120569246137,328.9729654788971,0.0
11,waypoint_03,-15.0,-0.09676043610422452,-0.8322438621242686,1.0638120569246137,489.17293548583984,0.0
12,waypoint_03,-15.0,-0.09676043610422452,-0.8322438621242686,1.0638120569246137,572.3081827163696,0.0
13,waypoint_03,-15.0,-0.09676043610422452,-0.8322438621242686,1.0638120569246137,673.2726097106934,0.0
14,waypoint_03,-15.0,-0.09676043610422452,-0.8322438621242686,1.0638120569246137,590.5671119689941,0.0
0,waypoint_03,0.0,-0.09676043610422452,-0.8322438621242686,1.0638120569246137,27.14143693447113,0.0
1,waypoint_03,0.0,-0.09676043610422452,-0.8322438621242686,1.0638120569246137,32.727230340242386,0.0
2,waypoint_03,0.0,-0.09676043610422452,-0.8322438621242686,1.0638120569246137,0.004185927082289709,0.01811773143708706
3,waypoint_03,0.0,-0.09676043610422452,-0.8322438621242686,1.0638120569246137,0.0034570693969726562,0.011489924974739552
4,waypoint_03,0.0,-0.09676043610422452,-0.8322438621242686,1.0638120569246137,233.11547935009003,0.0
5,waypoint_03,0.0,-0.09676043610422452,-0.8322438621242686,1.0638120569246137,0.0019110702851321548,0.005574369337409735
6,waypoint_03,0.0,-0.09676043610422452,-0.8322438621242686,1.0638120569246137,0.002614463937788969,0.011200661770999432
7,waypoint_03,0.0,-0.09676043610422452,-0.8322438621242686,1.0638120569246137,5.155553109943867,0.0
8,waypoint_03,0.0,-0.09676043610422452,-0.8322438621242686,1.0638120569246137,325.6307542324066,0.0
9,waypoint_03,0.0,-0.09676043610422452,-0.8322438621242686,1.0638120569246137,319.2904591560364,0.0
10,waypoint_03,0.0,-0.09676043610422452,-0.8322438621242686,1.0638120569246137,327.21883058547974,0.0
11,waypoint_03,0.0,-0.09676043610422452,-0.8322438621242686,1.0638120569246137,471.7177450656891,0.0
12,waypoint_03,0.0,-0.09676043610422452,-0.8322438621242686,1.0638120569246137,549.5257377624512,0.0
13,waypoint_03,0.0,-0.09676043610422452,-0.8322438621242686,1.0638120569246137,649.5740413665771,0.0
14,waypoint_03,0.0,-0.09676043610422452,-0.8322438621242686,1.0638120569246137,582.0809006690979,0.0
0,waypoint_03,15.0,-0.09676043610422452,-0.8322438621242686,1.0638120569246137,152.32697129249573,0.0
1,waypoint_03,15.0,-0.09676043610422452,-0.8322438621242686,1.0638120569246137,0.7672072970308363,1.1870430194349524e-09
2,waypoint_03,15.0,-0.09676043610422452,-0.8322438621242686,1.0638120569246137,0.005036504262534436,0.012974412180483341
3,waypoint_03,15.0,-0.09676043610422452,-0.8322438621242686,1.0638120569246137,0.0032537802781007485,0.009461679495871067
4,waypoint_03,15.0,-0.09676043610422452,-0.8322438621242686,1.0638120569246137,178.4495711326599,0.0
5,waypoint_03,15.0,-0.09676043610422452,-0.8322438621242686,1.0638120569246137,0.00484523798149894,0.002474514301866293
6,waypoint_03,15.0,-0.09676043610422452,-0.8322438621242686,1.0638120569246137,4.19335812330246,0.0
7,waypoint_03,15.0,-0.09676043610422452,-0.8322438621242686,1.0638120569246137,189.71966207027435,0.0
8,waypoint_03,15.0,-0.09676043610422452,-0.8322438621242686,1.0638120569246137,277.4510979652405,0.0
9,waypoint_03,15.0,-0.09676043610422452,-0.8322438621242686,1.0638120569246137,312.9516839981079,0.0
10,waypoint_03,15.0,-0.09676043610422452,-0.8322438621242686,1.0638120569246137,320.78424096107483,0.0
11,waypoint_03,15.0,-0.09676043610422452,-0.8322438621242686,1.0638120569246137,462.2323215007782,0.0
12,waypoint_03,15.0,-0.09676043610422452,-0.8322438621242686,1.0638120569246137,537.995457649231,0.0
13,waypoint_03,15.0,-0.09676043610422452,-0.8322438621242686,1.0638120569246137,636.1624598503113,0.0
14,waypoint_03,15.0,-0.09676043610422452,-0.8322438621242686,1.0638120569246137,569.6307420730591,0.0
0,waypoint_03,30.0,-0.09676043610422452,-0.8322438621242686,1.0638120569246137,172.17561602592468,0.0
1,waypoint_03,30.0,-0.09676043610422452,-0.8322438621242686,1.0638120569246137,78.42765003442764,0.0
2,waypoint_03,30.0,-0.09676043610422452,-0.8322438621242686,1.0638120569246137,0.8794174063950777,1.772694702140143e-07
3,waypoint_03,30.0,-0.09676043610422452,-0.8322438621242686,1.0638120569246137,0.0007633119025740598,0.006648408714681864
4,waypoint_03,30.0,-0.09676043610422452,-0.8322438621242686,1.0638120569246137,89.36391770839691,0.0
5,waypoint_03,30.0,-0.09676043610422452,-0.8322438621242686,1.0638120569246137,64.11124765872955,0.0
6,waypoint_03,30.0,-0.09676043610422452,-0.8322438621242686,1.0638120569246137,146.29091322422028,0.0
7,waypoint_03,30.0,-0.09676043610422452,-0.8322438621242686,1.0638120569246137,254.84737753868103,0.0
8,waypoint_03,30.0,-0.09676043610422452,-0.8322438621242686,1.0638120569246137,266.52729511260986,0.0
9,waypoint_03,30.0,-0.09676043610422452,-0.8322438621242686,1.0638120569246137,304.1883707046509,0.0
10,waypoint_03,30.0,-0.09676043610422452,-0.8322438621242686,1.0638120569246137,303.00173163414,0.0
11,waypoint_03,30.0,-0.09676043610422452,-0.8322438621242686,1.0638120569246137,447.3063349723816,0.0
12,waypoint_03,30.0,-0.09676043610422452,-0.8322438621242686,1.0638120569246137,519.7265148162842,0.0
13,waypoint_03,30.0,-0.09676043610422452,-0.8322438621242686,1.0638120569246137,616.5532469749451,0.0
14,waypoint_03,30.0,-0.09676043610422452,-0.8322438621242686,1.0638120569246137,558.1414103507996,0.0
0,waypoint_04,30.0,-0.076760436104224,-0.8322438621242686,1.0638120569246137,167.8210347890854,0.0
1,waypoint_04,30.0,-0.076760436104224,-0.8322438621242686,1.0638120569246137,87.91280537843704,0.0
2,waypoint_04,30.0,-0.076760436104224,-0.8322438621242686,1.0638120569246137,5.5656395852565765,0.0
3,waypoint_04,30.0,-0.076760436104224,-0.8322438621242686,1.0638120569246137,0.009749687706062105,0.006760688498616219
4,waypoint_04,30.0,-0.076760436104224,-0.8322438621242686,1.0638120569246137,61.20951846241951,0.0
5,waypoint_04,30.0,-0.076760436104224,-0.8322438621242686,1.0638120569246137,52.78994143009186,0.0
6,waypoint_04,30.0,-0.076760436104224,-0.8322438621242686,1.0638120569246137,126.02357566356659,0.0
7,waypoint_04,30.0,-0.076760436104224,-0.8322438621242686,1.0638120569246137,244.4867491722107,0.0
8,waypoint_04,30.0,-0.076760436104224,-0.8322438621242686,1.0638120569246137,266.4774954319,0.0
9,waypoint_04,30.0,-0.076760436104224,-0.8322438621242686,1.0638120569246137,303.7179410457611,0.0
10,waypoint_04,30.0,-0.076760436104224,-0.8322438621242686,1.0638120569246137,299.10627007484436,0.0
11,waypoint_04,30.0,-0.076760436104224,-0.8322438621242686,1.0638120569246137,431.2852621078491,0.0
12,waypoint_04,30.0,-0.076760436104224,-0.8322438621242686,1.0638120569246137,500.53727626800537,0.0
13,waypoint_04,30.0,-0.076760436104224,-0.8322438621242686,1.0638120569246137,596.3407754898071,0.0
14,waypoint_04,30.0,-0.076760436104224,-0.8322438621242686,1.0638120569246137,541.2392616271973,0.0
0,waypoint_04,15.0,-0.076760436104224,-0.8322438621242686,1.0638120569246137,126.37513875961304,0.0
1,waypoint_04,15.0,-0.076760436104224,-0.8322438621242686,1.0638120569246137,62.285613268613815,0.0
2,waypoint_04,15.0,-0.076760436104224,-0.8322438621242686,1.0638120569246137,0.01756264828145504,0.012749217450618744
3,waypoint_04,15.0,-0.076760436104224,-0.8322438621242686,1.0638120569246137,0.0020230486370564904,0.01054991502314806
4,waypoint_04,15.0,-0.076760436104224,-0.8322438621242686,1.0638120569246137,191.75805151462555,0.0
5,waypoint_04,15.0,-0.076760436104224,-0.8322438621242686,1.0638120569246137,0.027400508770369925,0.001607936923392117
6,waypoint_04,15.0,-0.076760436104224,-0.8322438621242686,1.0638120569246137,0.407638173783198,1.010577761917375e-06
7,waypoint_04,15.0,-0.076760436104224,-0.8322438621242686,1.0638120569246137,153.1924158334732,0.0
8,waypoint_04,15.0,-0.076760436104224,-0.8322438621242686,1.0638120569246137,276.9855856895447,0.0
9,waypoint_04,15.0,-0.076760436104224,-0.8322438621242686,1.0638120569246137,312.7276301383972,0.0
10,waypoint_04,15.0,-0.076760436104224,-0.8322438621242686,1.0638120569246137,306.4635097980499,0.0
11,waypoint_04,15.0,-0.076760436104224,-0.8322438621242686,1.0638120569246137,443.0416524410248,0.0
12,waypoint_04,15.0,-0.076760436104224,-0.8322438621242686,1.0638120569246137,515.4579877853394,0.0
13,waypoint_04,15.0,-0.076760436104224,-0.8322438621242686,1.0638120569246137,611.4376187324524,0.0
14,waypoint_04,15.0,-0.076760436104224,-0.8322438621242686,1.0638120569246137,542.7641868591309,0.0
0,waypoint_04,0.0,-0.076760436104224,-0.8322438621242686,1.0638120569246137,81.31343871355057,0.0
1,waypoint_04,0.0,-0.076760436104224,-0.8322438621242686,1.0638120569246137,0.4615041252691299,0.010375617071986198
2,waypoint_04,0.0,-0.076760436104224,-0.8322438621242686,1.0638120569246137,0.0036334397464088397,0.018974382430315018
3,waypoint_04,0.0,-0.076760436104224,-0.8322438621242686,1.0638120569246137,0.003570313310774509,0.013033121824264526
4,waypoint_04,0.0,-0.076760436104224,-0.8322438621242686,1.0638120569246137,229.14403676986694,0.0
5,waypoint_04,0.0,-0.076760436104224,-0.8322438621242686,1.0638120569246137,0.010988614121743012,0.003954762127250433
6,waypoint_04,0.0,-0.076760436104224,-0.8322438621242686,1.0638120569246137,0.011944458492507692,0.010609227232635021
7,waypoint_04,0.0,-0.076760436104224,-0.8322438621242686,1.0638120569246137,0.009166721611109097,0.0032917442731559277
8,waypoint_04,0.0,-0.076760436104224,-0.8322438621242686,1.0638120569246137,288.8329327106476,0.0
9,waypoint_04,0.0,-0.076760436104224,-0.8322438621242686,1.0638120569246137,317.0570135116577,0.0
10,waypoint_04,0.0,-0.076760436104224,-0.8322438621242686,1.0638120569246137,314.1036629676819,0.0
11,waypoint_04,0.0,-0.076760436104224,-0.8322438621242686,1.0638120569246137,453.1588852405548,0.0
12,waypoint_04,0.0,-0.076760436104224,-0.8322438621242686,1.0638120569246137,523.6268043518066,0.0
13,waypoint_04,0.0,-0.076760436104224,-0.8322438621242686,1.0638120569246137,621.7325329780579,0.0
14,waypoint_04,0.0,-0.076760436104224,-0.8322438621242686,1.0638120569246137,544.5296764373779,0.0
0,waypoint_04,-15.0,-0.076760436104224,-0.8322438621242686,1.0638120569246137,0.03457398270256817,0.012772984802722931
1,waypoint_04,-15.0,-0.076760436104224,-0.8322438621242686,1.0638120569246137,26.242967694997787,0.0
2,waypoint_04,-15.0,-0.076760436104224,-0.8322438621242686,1.0638120569246137,0.0035861989999830257,0.02256835252046585
3,waypoint_04,-15.0,-0.076760436104224,-0.8322438621242686,1.0638120569246137,0.003846231720672222,0.014849442057311535
4,waypoint_04,-15.0,-0.076760436104224,-0.8322438621242686,1.0638120569246137,256.0451924800873,0.0
5,waypoint_04,-15.0,-0.076760436104224,-0.8322438621242686,1.0638120569246137,0.007044452104310039,0.004297094419598579
6,waypoint_04,-15.0,-0.076760436104224,-0.8322438621242686,1.0638120569246137,0.004272477781341877,0.013446200639009476
7,waypoint_04,-15.0,-0.076760436104224,-0.8322438621242686,1.0638120569246137,288.880854845047,0.0
8,waypoint_04,-15.0,-0.076760436104224,-0.8322438621242686,1.0638120569246137,320.3832507133484,0.0
9,waypoint_04,-15.0,-0.076760436104224,-0.8322438621242686,1.0638120569246137,316.17704033851624,0.0
10,waypoint_04,-15.0,-0.076760436104224,-0.8322438621242686,1.0638120569246137,313.6541545391083,0.0
11,waypoint_04,-15.0,-0.076760436104224,-0.8322438621242686,1.0638120569246137,470.24109959602356,0.0
12,waypoint_04,-15.0,-0.076760436104224,-0.8322438621242686,1.0638120569246137,548.5310554504395,0.0
13,waypoint_04,-15.0,-0.076760436104224,-0.8322438621242686,1.0638120569246137,642.522394657135,0.0
14,waypoint_04,-15.0,-0.076760436104224,-0.8322438621242686,1.0638120569246137,548.6488342285156,0.0
0,waypoint_04,-30.0,-0.076760436104224,-0.8322438621242686,1.0638120569246137,63.877180218696594,0.0
1,waypoint_04,-30.0,-0.076760436104224,-0.8322438621242686,1.0638120569246137,46.31569981575012,0.0
2,waypoint_04,-30.0,-0.076760436104224,-0.8322438621242686,1.0638120569246137,0.004886127044301247,0.024625325575470924
3,waypoint_04,-30.0,-0.076760436104224,-0.8322438621242686,1.0638120569246137,0.004384893145470414,0.01606724038720131
4,waypoint_04,-30.0,-0.076760436104224,-0.8322438621242686,1.0638120569246137,261.524498462677,0.0
5,waypoint_04,-30.0,-0.076760436104224,-0.8322438621242686,1.0638120569246137,0.0026656007321435027,0.004004594404250383
6,waypoint_04,-30.0,-0.076760436104224,-0.8322438621242686,1.0638120569246137,0.0020452216631383635,0.014146672561764717
7,waypoint_04,-30.0,-0.076760436104224,-0.8322438621242686,1.0638120569246137,295.5909073352814,0.0
8,waypoint_04,-30.0,-0.076760436104224,-0.8322438621242686,1.0638120569246137,322.4157989025116,0.0
9,waypoint_04,-30.0,-0.076760436104224,-0.8322438621242686,1.0638120569246137,311.45164370536804,0.0
10,waypoint_04,-30.0,-0.076760436104224,-0.8322438621242686,1.0638120569246137,322.1781551837921,0.0
11,waypoint_04,-30.0,-0.076760436104224,-0.8322438621242686,1.0638120569246137,486.82039976119995,0.0
12,waypoint_04,-30.0,-0.076760436104224,-0.8322438621242686,1.0638120569246137,564.22358751297,0.0
13,waypoint_04,-30.0,-0.076760436104224,-0.8322438621242686,1.0638120569246137,661.1576080322266,0.0
14,waypoint_04,-30.0,-0.076760436104224,-0.8322438621242686,1.0638120569246137,575.1922726631165,0.0
0,waypoint_05,-30.0,-0.05676043610422443,-0.8322438621242686,1.0638120569246137,45.68162560462952,0.0
1,waypoint_05,-30.0,-0.05676043610422443,-0.8322438621242686,1.0638120569246137,41.37876629829407,0.0
2,waypoint_05,-30.0,-0.05676043610422443,-0.8322438621242686,1.0638120569246137,0.011124213415314443,0.026155788451433182
3,waypoint_05,-30.0,-0.05676043610422443,-0.8322438621242686,1.0638120569246137,0.009549400601827074,0.017859457060694695
4,waypoint_05,-30.0,-0.05676043610422443,-0.8322438621242686,1.0638120569246137,264.8216485977173,0.0
5,waypoint_05,-30.0,-0.05676043610422443,-0.8322438621242686,1.0638120569246137,0.010983440006384626,0.002306974958628416
6,waypoint_05,-30.0,-0.05676043610422443,-0.8322438621242686,1.0638120569246137,0.009733096703712363,0.012127615511417389
7,waypoint_05,-30.0,-0.05676043610422443,-0.8322438621242686,1.0638120569246137,296.10681533813477,0.0
8,waypoint_05,-30.0,-0.05676043610422443,-0.8322438621242686,1.0638120569246137,321.6862976551056,0.0
9,waypoint_05,-30.0,-0.05676043610422443,-0.8322438621242686,1.0638120569246137,311.7099702358246,0.0
10,waypoint_05,-30.0,-0.05676043610422443,-0.8322438621242686,1.0638120569246137,316.8904483318329,0.0
11,waypoint_05,-30.0,-0.05676043610422443,-0.8322438621242686,1.0638120569246137,470.8770215511322,0.0
12,waypoint_05,-30.0,-0.05676043610422443,-0.8322438621242686,1.0638120569246137,546.9853281974792,0.0
13,waypoint_05,-30.0,-0.05676043610422443,-0.8322438621242686,1.0638120569246137,642.6295638084412,0.0
14,waypoint_05,-30.0,-0.05676043610422443,-0.8322438621242686,1.0638120569246137,558.1046342849731,0.0
0,waypoint_05,-15.0,-0.05676043610422443,-0.8322438621242686,1.0638120569246137,0.429724546847865,1.8641749477410485e-07
1,waypoint_05,-15.0,-0.05676043610422443,-0.8322438621242686,1.0638120569246137,27.242543175816536,0.0
2,waypoint_05,-15.0,-0.05676043610422443,-0.8322438621242686,1.0638120569246137,0.004956870725436602,0.023776067420840263
3,waypoint_05,-15.0,-0.05676043610422443,-0.8322438621242686,1.0638120569246137,0.004829079898627242,0.0165503341704607
4,waypoint_05,-15.0,-0.05676043610422443,-0.8322438621242686,1.0638120569246137,247.37076461315155,0.0
5,waypoint_05,-15.0,-0.05676043610422443,-0.8322438621242686,1.0638120569246137,0.007092702162481146,0.002412353875115514
6,waypoint_05,-15.0,-0.05676043610422443,-0.8322438621242686,1.0638120569246137,0.005499477538251085,0.011776052415370941
7,waypoint_05,-15.0,-0.05676043610422443,-0.8322438621242686,1.0638120569246137,291.45547747612,0.0
8,waypoint_05,-15.0,-0.05676043610422443,-0.8322438621242686,1.0638120569246137,322.61696457862854,0.0
9,waypoint_05,-15.0,-0.05676043610422443,-0.8322438621242686,1.0638120569246137,318.8050389289856,0.0
10,waypoint_05,-15.0,-0.05676043610422443,-0.8322438621242686,1.0638120569246137,311.13725900650024,0.0
11,waypoint_05,-15.0,-0.05676043610422443,-0.8322438621242686,1.0638120569246137,453.63983511924744,0.0
12,waypoint_05,-15.0,-0.05676043610422443,-0.8322438621242686,1.0638120569246137,531.3450694084167,0.0
13,waypoint_05,-15.0,-0.05676043610422443,-0.8322438621242686,1.0638120569246137,627.139151096344,0.0
14,waypoint_05,-15.0,-0.05676043610422443,-0.8322438621242686,1.0638120569246137,550.065815448761,0.0
0,waypoint_05,0.0,-0.05676043610422443,-0.8322438621242686,1.0638120569246137,147.98933267593384,0.0
1,waypoint_05,0.0,-0.05676043610422443,-0.8322438621242686,1.0638120569246137,0.1066690165316686,0.01072663627564907
2,waypoint_05,0.0,-0.05676043610422443,-0.8322438621242686,1.0638120569246137,0.004266627001925372,0.019577516242861748
3,waypoint_05,0.0,-0.05676043610422443,-0.8322438621242686,1.0638120569246137,0.0034897998375527095,0.014489708468317986
4,waypoint_05,0.0,-0.05676043610422443,-0.8322438621242686,1.0638120569246137,217.94821321964264,0.0
5,waypoint_05,0.0,-0.05676043610422443,-0.8322438621242686,1.0638120569246137,0.010614982784318272,0.002266597468405962
6,waypoint_05,0.0,-0.05676043610422443,-0.8322438621242686,1.0638120569246137,0.0025198498860845575,0.009669056162238121
7,waypoint_05,0.0,-0.05676043610422443,-0.8322438621242686,1.0638120569246137,286.0850393772125,0.0
8,waypoint_05,0.0,-0.05676043610422443,-0.8322438621242686,1.0638120569246137,321.1634159088135,0.0
9,waypoint_05,0.0,-0.05676043610422443,-0.8322438621242686,1.0638120569246137,320.43537497520447,0.0
10,waypoint_05,0.0,-0.05676043610422443,-0.8322438621242686,1.0638120569246137,305.68727850914,0.0
11,waypoint_05,0.0,-0.05676043610422443,-0.8322438621242686,1.0638120569246137,439.89795446395874,0.0
12,waypoint_05,0.0,-0.05676043610422443,-0.8322438621242686,1.0638120569246137,502.591609954834,0.0
13,waypoint_05,0.0,-0.05676043610422443,-0.8322438621242686,1.0638120569246137,601.0028123855591,0.0
14,waypoint_05,0.0,-0.05676043610422443,-0.8322438621242686,1.0638120569246137,551.7666339874268,0.0
0,waypoint_05,15.0,-0.05676043610422443,-0.8322438621242686,1.0638120569246137,178.17257344722748,0.0
1,waypoint_05,15.0,-0.05676043610422443,-0.8322438621242686,1.0638120569246137,113.79790306091309,0.0
2,waypoint_05,15.0,-0.05676043610422443,-0.8322438621242686,1.0638120569246137,0.004587622242979705,0.011897843331098557
3,waypoint_05,15.0,-0.05676043610422443,-0.8322438621242686,1.0638120569246137,0.0015125963273021625,0.011494954116642475
4,waypoint_05,15.0,-0.05676043610422443,-0.8322438621242686,1.0638120569246137,178.5380095243454,0.0
5,waypoint_05,15.0,-0.05676043610422443,-0.8322438621242686,1.0638120569246137,46.275366097688675,0.0
6,waypoint_05,15.0,-0.05676043610422443,-0.8322438621242686,1.0638120569246137,0.0021183802800806006,0.0010934843448922038
7,waypoint_05,15.0,-0.05676043610422443,-0.8322438621242686,1.0638120569246137,280.05144000053406,0.0
8,waypoint_05,15.0,-0.05676043610422443,-0.8322438621242686,1.0638120569246137,324.42864775657654,0.0
9,waypoint_05,15.0,-0.05676043610422443,-0.8322438621242686,1.0638120569246137,315.7128691673279,0.0
10,waypoint_05,15.0,-0.05676043610422443,-0.8322438621242686,1.0638120569246137,292.72258281707764,0.0
11,waypoint_05,15.0,-0.05676043610422443,-0.8322438621242686,1.0638120569246137,429.26663160324097,0.0
12,waypoint_05,15.0,-0.05676043610422443,-0.8322438621242686,1.0638120569246137,485.20007729530334,0.0
13,waypoint_05,15.0,-0.05676043610422443,-0.8322438621242686,1.0638120569246137,588.6268615722656,0.0
14,waypoint_05,15.0,-0.05676043610422443,-0.8322438621242686,1.0638120569246137,539.0745997428894,0.0
0,waypoint_05,30.0,-0.05676043610422443,-0.8322438621242686,1.0638120569246137,188.8258308172226,0.0
1,waypoint_05,30.0,-0.05676043610422443,-0.8322438621242686,1.0638120569246137,115.70407450199127,0.0
2,waypoint_05,30.0,-0.05676043610422443,-0.8322438621242686,1.0638120569246137,24.53887276351452,0.0
3,waypoint_05,30.0,-0.05676043610422443,-0.8322438621242686,1.0638120569246137,0.0010925712103926344,0.0064849648624658585
4,waypoint_05,30.0,-0.05676043610422443,-0.8322438621242686,1.0638120569246137,44.14517059922218,0.0
5,waypoint_05,30.0,-0.05676043610422443,-0.8322438621242686,1.0638120569246137,28.063097968697548,0.0
6,waypoint_05,30.0,-0.05676043610422443,-0.8322438621242686,1.0638120569246137,105.97337782382965,0.0
7,waypoint_05,30.0,-0.05676043610422443,-0.8322438621242686,1.0638120569246137,270.0503468513489,0.0
8,waypoint_05,30.0,-0.05676043610422443,-0.8322438621242686,1.0638120569246137,296.5605556964874,0.0
9,waypoint_05,30.0,-0.05676043610422443,-0.8322438621242686,1.0638120569246137,308.88184905052185,0.0
10,waypoint_05,30.0,-0.05676043610422443,-0.8322438621242686,1.0638120569246137,281.39448165893555,0.0
11,waypoint_05,30.0,-0.05676043610422443,-0.8322438621242686,1.0638120569246137,413.6558175086975,0.0
12,waypoint_05,30.0,-0.05676043610422443,-0.8322438621242686,1.0638120569246137,465.21201729774475,0.0
13,waypoint_05,30.0,-0.05676043610422443,-0.8322438621242686,1.0638120569246137,570.4188346862793,0.0
14,waypoint_05,30.0,-0.05676043610422443,-0.8322438621242686,1.0638120569246137,521.827757358551,0.0
0,waypoint_06,30.0,-0.0367604361042248,-0.8322438621242686,1.0638120569246137,228.95072400569916,0.0
1,waypoint_06,30.0,-0.0367604361042248,-0.8322438621242686,1.0638120569246137,114.34909701347351,0.0
2,waypoint_06,30.0,-0.0367604361042248,-0.8322438621242686,1.0638120569246137,67.86145269870758,0.0
3,waypoint_06,30.0,-0.0367604361042248,-0.8322438621242686,1.0638120569246137,0.010636381375661585,0.00556101044639945
4,waypoint_06,30.0,-0.0367604361042248,-0.8322438621242686,1.0638120569246137,0.030771530873607844,0.0029807451646775007
5,waypoint_06,30.0,-0.0367604361042248,-0.8322438621242686,1.0638120569246137,21.656379103660583,0.0
6,waypoint_06,30.0,-0.0367604361042248,-0.8322438621242686,1.0638120569246137,88.03067356348038,0.0
7,waypoint_06,30.0,-0.0367604361042248,-0.8322438621242686,1.0638120569246137,273.32624793052673,0.0
8,waypoint_06,30.0,-0.0367604361042248,-0.8322438621242686,1.0638120569246137,302.97911167144775,0.0
9,waypoint_06,30.0,-0.0367604361042248,-0.8322438621242686,1.0638120569246137,313.1122291088104,0.0
10,waypoint_06,30.0,-0.0367604361042248,-0.8322438621242686,1.0638120569246137,279.79427576065063,0.0
11,waypoint_06,30.0,-0.0367604361042248,-0.8322438621242686,1.0638120569246137,398.2141613960266,0.0
12,waypoint_06,30.0,-0.0367604361042248,-0.8322438621242686,1.0638120569246137,448.07639718055725,0.0
13,waypoint_06,30.0,-0.0367604361042248,-0.8322438621242686,1.0638120569246137,551.2136220932007,0.0
14,waypoint_06,30.0,-0.0367604361042248,-0.8322438621242686,1.0638120569246137,504.5086145401001,0.0
0,waypoint_06,15.0,-0.0367604361042248,-0.8322438621242686,1.0638120569246137,192.0541226863861,0.0
1,waypoint_06,15.0,-0.0367604361042248,-0.8322438621242686,1.0638120569246137,107.01529681682587,0.0
2,waypoint_06,15.0,-0.0367604361042248,-0.8322438621242686,1.0638120569246137,0.05412731843534857,0.008438278920948505
3,waypoint_06,15.0,-0.0367604361042248,-0.8322438621242686,1.0638120569246137,0.010048289368569385,0.012255098670721054
4,waypoint_06,15.0,-0.0367604361042248,-0.8322438621242686,1.0638120569246137,168.04572939872742,0.0
5,waypoint_06,15.0,-0.0367604361042248,-0.8322438621242686,1.0638120569246137,57.307250797748566,0.0
6,waypoint_06,15.0,-0.0367604361042248,-0.8322438621242686,1.0638120569246137,0.014074385944695678,0.002848538337275386
7,waypoint_06,15.0,-0.0367604361042248,-0.8322438621242686,1.0638120569246137,283.14507007598877,0.0
8,waypoint_06,15.0,-0.0367604361042248,-0.8322438621242686,1.0638120569246137,310.619980096817,0.0
9,waypoint_06,15.0,-0.0367604361042248,-0.8322438621242686,1.0638120569246137,318.07956099510193,0.0
10,waypoint_06,15.0,-0.0367604361042248,-0.8322438621242686,1.0638120569246137,288.75356912612915,0.0
11,waypoint_06,15.0,-0.0367604361042248,-0.8322438621242686,1.0638120569246137,410.53903102874756,0.0
12,waypoint_06,15.0,-0.0367604361042248,-0.8322438621242686,1.0638120569246137,463.44882249832153,0.0
13,waypoint_06,15.0,-0.0367604361042248,-0.8322438621242686,1.0638120569246137,564.0278458595276,0.0
14,waypoint_06,15.0,-0.0367604361042248,-0.8322438621242686,1.0638120569246137,524.6540307998657,0.0
0,waypoint_06,0.0,-0.0367604361042248,-0.8322438621242686,1.0638120569246137,178.05884778499603,0.0
1,waypoint_06,0.0,-0.0367604361042248,-0.8322438621242686,1.0638120569246137,0.03649659265647642,0.010592404752969742
2,waypoint_06,0.0,-0.0367604361042248,-0.8322438621242686,1.0638120569246137,1.2556988513097167,0.009221945889294147
3,waypoint_06,0.0,-0.0367604361042248,-0.8322438621242686,1.0638120569246137,0.004587622242979705,0.01583990640938282
4,waypoint_06,0.0,-0.0367604361042248,-0.8322438621242686,1.0638120569246137,197.69831001758575,0.0
5,waypoint_06,0.0,-0.0367604361042248,-0.8322438621242686,1.0638120569246137,74.349544942379,0.0
6,waypoint_06,0.0,-0.0367604361042248,-0.8322438621242686,1.0638120569246137,0.01279075240745442,0.008474500849843025
7,waypoint_06,0.0,-0.0367604361042248,-0.8322438621242686,1.0638120569246137,292.7336394786835,0.0
8,waypoint_06,0.0,-0.0367604361042248,-0.8322438621242686,1.0638120569246137,314.5664632320404,0.0
9,waypoint_06,0.0,-0.0367604361042248,-0.8322438621242686,1.0638120569246137,322.7563202381134,0.0
10,waypoint_06,0.0,-0.0367604361042248,-0.8322438621242686,1.0638120569246137,297.1022129058838,0.0
11,waypoint_06,0.0,-0.0367604361042248,-0.8322438621242686,1.0638120569246137,420.61635851860046,0.0
12,waypoint_06,0.0,-0.0367604361042248,-0.8322438621242686,1.0638120569246137,480.8152914047241,0.0
13,waypoint_06,0.0,-0.0367604361042248,-0.8322438621242686,1.0638120569246137,578.6966681480408,0.0
14,waypoint_06,0.0,-0.0367604361042248,-0.8322438621242686,1.0638120569246137,553.8520812988281,0.0
0,waypoint_06,-15.0,-0.0367604361042248,-0.8322438621242686,1.0638120569246137,138.8901025056839,0.0
1,waypoint_06,-15.0,-0.0367604361042248,-0.8322438621242686,1.0638120569246137,46.19016870856285,0.0
2,waypoint_06,-15.0,-0.0367604361042248,-0.8322438621242686,1.0638120569246137,15.157286077737808,0.0
3,waypoint_06,-15.0,-0.0367604361042248,-0.8322438621242686,1.0638120569246137,0.0035861989999830257,0.018188077956438065
4,waypoint_06,-15.0,-0.0367604361042248,-0.8322438621242686,1.0638120569246137,223.7572818994522,0.0
5,waypoint_06,-15.0,-0.0367604361042248,-0.8322438621242686,1.0638120569246137,109.61606353521347,0.0
6,waypoint_06,-15.0,-0.0367604361042248,-0.8322438621242686,1.0638120569246137,0.002938222223747289,0.009992850944399834
7,waypoint_06,-15.0,-0.0367604361042248,-0.8322438621242686,1.0638120569246137,298.7477481365204,0.0
8,waypoint_06,-15.0,-0.0367604361042248,-0.8322438621242686,1.0638120569246137,310.8068108558655,0.0
9,waypoint_06,-15.0,-0.0367604361042248,-0.8322438621242686,1.0638120569246137,319.5771276950836,0.0
10,waypoint_06,-15.0,-0.0367604361042248,-0.8322438621242686,1.0638120569246137,299.0735173225403,0.0
11,waypoint_06,-15.0,-0.0367604361042248,-0.8322438621242686,1.0638120569246137,435.36001443862915,0.0
12,waypoint_06,-15.0,-0.0367604361042248,-0.8322438621242686,1.0638120569246137,507.1972608566284,0.0
13,waypoint_06,-15.0,-0.0367604361042248,-0.8322438621242686,1.0638120569246137,609.0149879455566,0.0
14,waypoint_06,-15.0,-0.0367604361042248,-0.8322438621242686,1.0638120569246137,590.8066034317017,0.0
0,waypoint_06,-30.0,-0.0367604361042248,-0.8322438621242686,1.0638120569246137,0.026498806619201787,0.021727442741394043
1,waypoint_06,-30.0,-0.0367604361042248,-0.8322438621242686,1.0638120569246137,62.636710703372955,0.0
2,waypoint_06,-30.0,-0.0367604361042248,-0.8322438621242686,1.0638120569246137,59.09813940525055,0.0
3,waypoint_06,-30.0,-0.0367604361042248,-0.8322438621242686,1.0638120569246137,0.004548736797005404,0.019619088619947433
4,waypoint_06,-30.0,-0.0367604361042248,-0.8322438621242686,1.0638120569246137,243.34180355072021,0.0
5,waypoint_06,-30.0,-0.0367604361042248,-0.8322438621242686,1.0638120569246137,66.02862477302551,0.0
6,waypoint_06,-30.0,-0.0367604361042248,-0.8322438621242686,1.0638120569246137,0.004572113539325073,0.0100733432918787
7,waypoint_06,-30.0,-0.0367604361042248,-0.8322438621242686,1.0638120569246137,300.3390431404114,0.0
8,waypoint_06,-30.0,-0.0367604361042248,-0.8322438621242686,1.0638120569246137,306.6313564777374,0.0
9,waypoint_06,-30.0,-0.0367604361042248,-0.8322438621242686,1.0638120569246137,313.4351372718811,0.0
10,waypoint_06,-30.0,-0.0367604361042248,-0.8322438621242686,1.0638120569246137,303.6869168281555,0.0
11,waypoint_06,-30.0,-0.0367604361042248,-0.8322438621242686,1.0638120569246137,450.9319067001343,0.0
12,waypoint_06,-30.0,-0.0367604361042248,-0.8322438621242686,1.0638120569246137,526.2681841850281,0.0
13,waypoint_06,-30.0,-0.0367604361042248,-0.8322438621242686,1.0638120569246137,621.5051412582397,0.0
14,waypoint_06,-30.0,-0.0367604361042248,-0.8322438621242686,1.0638120569246137,637.1602416038513,0.0
0,waypoint_07,-30.0,-0.01676043610422462,-0.8322438621242686,1.0638120569246137,0.010227712664345745,0.012167014181613922
1,waypoint_07,-30.0,-0.01676043610422462,-0.8322438621242686,1.0638120569246137,61.35033816099167,0.0
2,waypoint_07,-30.0,-0.01676043610422462,-0.8322438621242686,1.0638120569246137,55.18617108464241,0.0
3,waypoint_07,-30.0,-0.01676043610422462,-0.8322438621242686,1.0638120569246137,0.010969845789077226,0.021341869607567787
4,waypoint_07,-30.0,-0.01676043610422462,-0.8322438621242686,1.0638120569246137,238.66663873195648,0.0
5,waypoint_07,-30.0,-0.01676043610422462,-0.8322438621242686,1.0638120569246137,0.014415947589441203,0.0031209567096084356
6,waypoint_07,-30.0,-0.01676043610422462,-0.8322438621242686,1.0638120569246137,0.009286109161621425,0.008008584380149841
7,waypoint_07,-30.0,-0.01676043610422462,-0.8322438621242686,1.0638120569246137,303.2813370227814,0.0
8,waypoint_07,-30.0,-0.01676043610422462,-0.8322438621242686,1.0638120569246137,308.9180588722229,0.0
9,waypoint_07,-30.0,-0.01676043610422462,-0.8322438621242686,1.0638120569246137,315.30216336250305,0.0
10,waypoint_07,-30.0,-0.01676043610422462,-0.8322438621242686,1.0638120569246137,299.5147407054901,0.0
11,waypoint_07,-30.0,-0.01676043610422462,-0.8322438621242686,1.0638120569246137,435.0881278514862,0.0
12,waypoint_07,-30.0,-0.01676043610422462,-0.8322438621242686,1.0638120569246137,510.4694962501526,0.0
13,waypoint_07,-30.0,-0.01676043610422462,-0.8322438621242686,1.0638120569246137,605.1720380783081,0.0
14,waypoint_07,-30.0,-0.01676043610422462,-0.8322438621242686,1.0638120569246137,650.2295136451721,0.0
0,waypoint_07,-15.0,-0.01676043610422462,-0.8322438621242686,1.0638120569246137,173.10641705989838,0.0
1,waypoint_07,-15.0,-0.01676043610422462,-0.8322438621242686,1.0638120569246137,42.959436774253845,0.0
2,waypoint_07,-15.0,-0.01676043610422462,-0.8322438621242686,1.0638120569246137,40.026113390922546,0.0
3,waypoint_07,-15.0,-0.01676043610422462,-0.8322438621242686,1.0638120569246137,0.003617761421992327,0.019749099388718605
4,waypoint_07,-15.0,-0.01676043610422462,-0.8322438621242686,1.0638120569246137,217.96558797359467,0.0
5,waypoint_07,-15.0,-0.01676043610422462,-0.8322438621242686,1.0638120569246137,0.0018506258356865146,0.001953649567440152
6,waypoint_07,-15.0,-0.01676043610422462,-0.8322438621242686,1.0638120569246137,0.004633949629351264,0.008132439106702805
7,waypoint_07,-15.0,-0.01676043610422462,-0.8322438621242686,1.0638120569246137,302.4102747440338,0.0
8,waypoint_07,-15.0,-0.01676043610422462,-0.8322438621242686,1.0638120569246137,313.61037492752075,0.0
9,waypoint_07,-15.0,-0.01676043610422462,-0.8322438621242686,1.0638120569246137,323.71512055397034,0.0
10,waypoint_07,-15.0,-0.01676043610422462,-0.8322438621242686,1.0638120569246137,298.38141798973083,0.0
11,waypoint_07,-15.0,-0.01676043610422462,-0.8322438621242686,1.0638120569246137,420.2314019203186,0.0
12,waypoint_07,-15.0,-0.01676043610422462,-0.8322438621242686,1.0638120569246137,487.33654618263245,0.0
13,waypoint_07,-15.0,-0.01676043610422462,-0.8322438621242686,1.0638120569246137,585.4078531265259,0.0
14,waypoint_07,-15.0,-0.01676043610422462,-0.8322438621242686,1.0638120569246137,630.5996179580688,0.0
0,waypoint_07,0.0,-0.01676043610422462,-0.8322438621242686,1.0638120569246137,179.3231964111328,0.0
1,waypoint_07,0.0,-0.01676043610422462,-0.8322438621242686,1.0638120569246137,1.127108233049512,2.178221905069222e-07
2,waypoint_07,0.0,-0.01676043610422462,-0.8322438621242686,1.0638120569246137,35.54530069231987,0.0
3,waypoint_07,0.0,-0.01676043610422462,-0.8322438621242686,1.0638120569246137,0.0012672121556533966,0.017059482634067535
4,waypoint_07,0.0,-0.01676043610422462,-0.8322438621242686,1.0638120569246137,191.0046488046646,0.0
5,waypoint_07,0.0,-0.01676043610422462,-0.8322438621242686,1.0638120569246137,0.005125999450683594,0.0012262972304597497
6,waypoint_07,0.0,-0.01676043610422462,-0.8322438621242686,1.0638120569246137,0.004873500074609183,0.007093983702361584
7,waypoint_07,0.0,-0.01676043610422462,-0.8322438621242686,1.0638120569246137,297.7551221847534,0.0
8,waypoint_07,0.0,-0.01676043610422462,-0.8322438621242686,1.0638120569246137,312.81474232673645,0.0
9,waypoint_07,0.0,-0.01676043610422462,-0.8322438621242686,1.0638120569246137,327.2828757762909,0.0
10,waypoint_07,0.0,-0.01676043610422462,-0.8322438621242686,1.0638120569246137,288.21250796318054,0.0
11,waypoint_07,0.0,-0.01676043610422462,-0.8322438621242686,1.0638120569246137,408.5213541984558,0.0
12,waypoint_07,0.0,-0.01676043610422462,-0.8322438621242686,1.0638120569246137,458.2810699939728,0.0
13,waypoint_07,0.0,-0.01676043610422462,-0.8322438621242686,1.0638120569246137,557.554304599762,0.0
14,waypoint_07,0.0,-0.01676043610422462,-0.8322438621242686,1.0638120569246137,609.1938018798828,0.0
0,waypoint_07,15.0,-0.01676043610422462,-0.8322438621242686,1.0638120569246137,193.5739517211914,0.0
1,waypoint_07,15.0,-0.01676043610422462,-0.8322438621242686,1.0638120569246137,93.2975634932518,0.0
2,waypoint_07,15.0,-0.01676043610422462,-0.8322438621242686,1.0638120569246137,0.016207202861551195,0.005958868190646172
3,waypoint_07,15.0,-0.01676043610422462,-0.8322438621242686,1.0638120569246137,0.0013696104588234448,0.012772182933986187
4,waypoint_07,15.0,-0.01676043610422462,-0.8322438621242686,1.0638120569246137,160.57802736759186,0.0
5,waypoint_07,15.0,-0.01676043610422462,-0.8322438621242686,1.0638120569246137,0.015931285815895535,0.0016757483826950192
6,waypoint_07,15.0,-0.01676043610422462,-0.8322438621242686,1.0638120569246137,0.0028827591904700967,0.0029575780499726534
7,waypoint_07,15.0,-0.01676043610422462,-0.8322438621242686,1.0638120569246137,288.7113392353058,0.0
8,waypoint_07,15.0,-0.01676043610422462,-0.8322438621242686,1.0638120569246137,308.66560339927673,0.0
9,waypoint_07,15.0,-0.01676043610422462,-0.8322438621242686,1.0638120569246137,324.1559863090515,0.0
10,waypoint_07,15.0,-0.01676043610422462,-0.8322438621242686,1.0638120569246137,278.1018614768982,0.0
11,waypoint_07,15.0,-0.01676043610422462,-0.8322438621242686,1.0638120569246137,396.7859745025635,0.0
12,waypoint_07,15.0,-0.01676043610422462,-0.8322438621242686,1.0638120569246137,438.5131895542145,0.0
13,waypoint_07,15.0,-0.01676043610422462,-0.8322438621242686,1.0638120569246137,537.3438596725464,0.0
14,waypoint_07,15.0,-0.01676043610422462,-0.8322438621242686,1.0638120569246137,579.215943813324,0.0
0,waypoint_07,30.0,-0.01676043610422462,-0.8322438621242686,1.0638120569246137,259.85753536224365,0.0
1,waypoint_07,30.0,-0.01676043610422462,-0.8322438621242686,1.0638120569246137,127.03028321266174,0.0
2,waypoint_07,30.0,-0.01676043610422462,-0.8322438621242686,1.0638120569246137,70.63432782888412,0.0
3,waypoint_07,30.0,-0.01676043610422462,-0.8322438621242686,1.0638120569246137,0.0017233886637768592,0.0030781070236116648
4,waypoint_07,30.0,-0.01676043610422462,-0.8322438621242686,1.0638120569246137,0.04883744986727834,0.0035399943590164185
5,waypoint_07,30.0,-0.01676043610422462,-0.8322438621242686,1.0638120569246137,0.11244766210438684,0.0027901316061615944
6,waypoint_07,30.0,-0.01676043610422462,-0.8322438621242686,1.0638120569246137,75.27650147676468,0.0
7,waypoint_07,30.0,-0.01676043610422462,-0.8322438621242686,1.0638120569246137,280.4320156574249,0.0
8,waypoint_07,30.0,-0.01676043610422462,-0.8322438621242686,1.0638120569246137,296.6063320636749,0.0
9,waypoint_07,30.0,-0.01676043610422462,-0.8322438621242686,1.0638120569246137,316.32041931152344,0.0
10,waypoint_07,30.0,-0.01676043610422462,-0.8322438621242686,1.0638120569246137,264.3686830997467,0.0
11,waypoint_07,30.0,-0.01676043610422462,-0.8322438621242686,1.0638120569246137,380.10144233703613,0.0
12,waypoint_07,30.0,-0.01676043610422462,-0.8322438621242686,1.0638120569246137,405.20647168159485,0.0
13,waypoint_07,30.0,-0.01676043610422462,-0.8322438621242686,1.0638120569246137,516.0000324249268,0.0
14,waypoint_07,30.0,-0.01676043610422462,-0.8322438621242686,1.0638120569246137,564.5797252655029,0.0
0,waypoint_08,30.0,0.003239563895775177,-0.8322438621242686,1.0638120569246137,231.04959726333618,0.0
1,waypoint_08,30.0,0.003239563895775177,-0.8322438621242686,1.0638120569246137,168.94976794719696,0.0
2,waypoint_08,30.0,0.003239563895775177,-0.8322438621242686,1.0638120569246137,85.66218614578247,0.0
3,waypoint_08,30.0,0.003239563895775177,-0.8322438621242686,1.0638120569246137,0.846528506372124,5.079006655250851e-07
4,waypoint_08,30.0,0.003239563895775177,-0.8322438621242686,1.0638120569246137,0.02193224099755753,0.0040957327000796795
5,waypoint_08,30.0,0.003239563895775177,-0.8322438621242686,1.0638120569246137,0.013002559171582107,0.0035227504558861256
6,waypoint_08,30.0,0.003239563895775177,-0.8322438621242686,1.0638120569246137,65.15105813741684,0.0
7,waypoint_08,30.0,0.003239563895775177,-0.8322438621242686,1.0638120569246137,287.031352519989,0.0
8,waypoint_08,30.0,0.003239563895775177,-0.8322438621242686,1.0638120569246137,303.22426557540894,0.0
9,waypoint_08,30.0,0.003239563895775177,-0.8322438621242686,1.0638120569246137,320.58581709861755,0.0
10,waypoint_08,30.0,0.003239563895775177,-0.8322438621242686,1.0638120569246137,264.2039954662323,0.0
11,waypoint_08,30.0,0.003239563895775177,-0.8322438621242686,1.0638120569246137,365.82526564598083,0.0
12,waypoint_08,30.0,0.003239563895775177,-0.8322438621242686,1.0638120569246137,389.90670442581177,0.0
13,waypoint_08,30.0,0.003239563895775177,-0.8322438621242686,1.0638120569246137,497.7283179759979,0.0
14,waypoint_08,30.0,0.003239563895775177,-0.8322438621242686,1.0638120569246137,546.8284487724304,0.0
0,waypoint_08,15.0,0.003239563895775177,-0.8322438621242686,1.0638120569246137,231.43407702445984,0.0
1,waypoint_08,15.0,0.003239563895775177,-0.8322438621242686,1.0638120569246137,160.07062792778015,0.0
2,waypoint_08,15.0,0.003239563895775177,-0.8322438621242686,1.0638120569246137,11.731288395822048,0.0
3,waypoint_08,15.0,0.003239563895775177,-0.8322438621242686,1.0638120569246137,0.016132060409290716,0.012974854558706284
4,waypoint_08,15.0,0.003239563895775177,-0.8322438621242686,1.0638120569246137,140.06714522838593,0.0
5,waypoint_08,15.0,0.003239563895775177,-0.8322438621242686,1.0638120569246137,0.0045299530029296875,0.002941928803920746
6,waypoint_08,15.0,0.003239563895775177,-0.8322438621242686,1.0638120569246137,0.027869798941537738,0.00247575924731791
7,waypoint_08,15.0,0.003239563895775177,-0.8322438621242686,1.0638120569246137,295.811265707016,0.0
8,waypoint_08,15.0,0.003239563895775177,-0.8322438621242686,1.0638120569246137,311.0060393810272,0.0
9,waypoint_08,15.0,0.003239563895775177,-0.8322438621242686,1.0638120569246137,327.26070284843445,0.0
10,waypoint_08,15.0,0.003239563895775177,-0.8322438621242686,1.0638120569246137,276.3281464576721,0.0
11,waypoint_08,15.0,0.003239563895775177,-0.8322438621242686,1.0638120569246137,379.4512748718262,0.0
12,waypoint_08,15.0,0.003239563895775177,-0.8322438621242686,1.0638120569246137,419.1444218158722,0.0
13,waypoint_08,15.0,0.003239563895775177,-0.8322438621242686,1.0638120569246137,518.4114575386047,0.0
14,waypoint_08,15.0,0.003239563895775177,-0.8322438621242686,1.0638120569246137,559.3575239181519,0.0
0,waypoint_08,0.0,0.003239563895775177,-0.8322438621242686,1.0638120569246137,227.03006863594055,0.0
1,waypoint_08,0.0,0.003239563895775177,-0.8322438621242686,1.0638120569246137,106.8815216422081,0.0
2,waypoint_08,0.0,0.003239563895775177,-0.8322438621242686,1.0638120569246137,0.4904318484477699,0.009987757541239262
3,waypoint_08,0.0,0.003239563895775177,-0.8322438621242686,1.0638120569246137,0.0035683226542460034,0.018117206171154976
4,waypoint_08,0.0,0.003239563895775177,-0.8322438621242686,1.0638120569246137,161.46042943000793,0.0
5,waypoint_08,0.0,0.003239563895775177,-0.8322438621242686,1.0638120569246137,0.004436443759914255,0.0029935610946267843
6,waypoint_08,0.0,0.003239563895775177,-0.8322438621242686,1.0638120569246137,0.010714028576330747,0.005574312061071396
7,waypoint_08,0.0,0.003239563895775177,-0.8322438621242686,1.0638120569246137,302.94182896614075,0.0
8,waypoint_08,0.0,0.003239563895775177,-0.8322438621242686,1.0638120569246137,317.3765242099762,0.0
9,waypoint_08,0.0,0.003239563895775177,-0.8322438621242686,1.0638120569246137,327.962726354599,0.0
10,waypoint_08,0.0,0.003239563895775177,-0.8322438621242686,1.0638120569246137,285.7246994972229,0.0
11,waypoint_08,0.0,0.003239563895775177,-0.8322438621242686,1.0638120569246137,391.6788101196289,0.0
12,waypoint_08,0.0,0.003239563895775177,-0.8322438621242686,1.0638120569246137,435.6403052806854,0.0
13,waypoint_08,0.0,0.003239563895775177,-0.8322438621242686,1.0638120569246137,536.7132425308228,0.0
14,waypoint_08,0.0,0.003239563895775177,-0.8322438621242686,1.0638120569246137,580.0686478614807,0.0
0,waypoint_08,-15.0,0.003239563895775177,-0.8322438621242686,1.0638120569246137,241.99651181697845,0.0
1,waypoint_08,-15.0,0.003239563895775177,-0.8322438621242686,1.0638120569246137,0.2782961819320917,0.012571961618959904
2,waypoint_08,-15.0,0.003239563895775177,-0.8322438621242686,1.0638120569246137,9.03987418860197,0.0
3,waypoint_08,-15.0,0.003239563895775177,-0.8322438621242686,1.0638120569246137,0.004075842298334464,0.021216588094830513
4,waypoint_08,-15.0,0.003239563895775177,-0.8322438621242686,1.0638120569246137,185.06984412670135,0.0
5,waypoint_08,-15.0,0.003239563895775177,-0.8322438621242686,1.0638120569246137,0.0075845591709367,0.0038016107864677906
6,waypoint_08,-15.0,0.003239563895775177,-0.8322438621242686,1.0638120569246137,0.005102450359117938,0.006223645526915789
7,waypoint_08,-15.0,0.003239563895775177,-0.8322438621242686,1.0638120569246137,308.96157026290894,0.0
8,waypoint_08,-15.0,0.003239563895775177,-0.8322438621242686,1.0638120569246137,318.68988275527954,0.0
9,waypoint_08,-15.0,0.003239563895775177,-0.8322438621242686,1.0638120569246137,325.3304660320282,0.0
10,waypoint_08,-15.0,0.003239563895775177,-0.8322438621242686,1.0638120569246137,292.2615110874176,0.0
11,waypoint_08,-15.0,0.003239563895775177,-0.8322438621242686,1.0638120569246137,402.2803008556366,0.0
12,waypoint_08,-15.0,0.003239563895775177,-0.8322438621242686,1.0638120569246137,459.1105282306671,0.0
13,waypoint_08,-15.0,0.003239563895775177,-0.8322438621242686,1.0638120569246137,562.2003674507141,0.0
14,waypoint_08,-15.0,0.003239563895775177,-0.8322438621242686,1.0638120569246137,594.8629975318909,0.0
0,waypoint_08,-30.0,0.003239563895775177,-0.8322438621242686,1.0638120569246137,6.820802576839924,0.0
1,waypoint_08,-30.0,0.003239563895775177,-0.8322438621242686,1.0638120569246137,77.33141630887985,0.0
2,waypoint_08,-30.0,0.003239563895775177,-0.8322438621242686,1.0638120569246137,56.82065710425377,0.0
3,waypoint_08,-30.0,0.003239563895775177,-0.8322438621242686,1.0638120569246137,0.0050688486226135865,0.02301466278731823
4,waypoint_08,-30.0,0.003239563895775177,-0.8322438621242686,1.0638120569246137,205.21488785743713,0.0
5,waypoint_08,-30.0,0.003239563895775177,-0.8322438621242686,1.0638120569246137,0.0062582039390690625,0.004902911372482777
6,waypoint_08,-30.0,0.003239563895775177,-0.8322438621242686,1.0638120569246137,0.002952551767521072,0.005968217272311449
7,waypoint_08,-30.0,0.003239563895775177,-0.8322438621242686,1.0638120569246137,309.7887635231018,0.0
8,waypoint_08,-30.0,0.003239563895775177,-0.8322438621242686,1.0638120569246137,317.4842894077301,0.0
9,waypoint_08,-30.0,0.003239563895775177,-0.8322438621242686,1.0638120569246137,316.6152834892273,0.0
10,waypoint_08,-30.0,0.003239563895775177,-0.8322438621242686,1.0638120569246137,297.3214387893677,0.0
11,waypoint_08,-30.0,0.003239563895775177,-0.8322438621242686,1.0638120569246137,413.9760732650757,0.0
12,waypoint_08,-30.0,0.003239563895775177,-0.8322438621242686,1.0638120569246137,478.8992404937744,0.0
13,waypoint_08,-30.0,0.003239563895775177,-0.8322438621242686,1.0638120569246137,584.1279625892639,0.0
14,waypoint_08,-30.0,0.003239563895775177,-0.8322438621242686,1.0638120569246137,617.6500916481018,0.0
0,waypoint_09,-30.0,0.023239563895775417,-0.8322438621242686,1.0638120569246137,57.21049755811691,0.0
1,waypoint_09,-30.0,0.023239563895775417,-0.8322438621242686,1.0638120569246137,63.579827547073364,0.0
2,waypoint_09,-30.0,0.023239563895775417,-0.8322438621242686,1.0638120569246137,59.30376052856445,0.0
3,waypoint_09,-30.0,0.023239563895775417,-0.8322438621242686,1.0638120569246137,0.009902267265715636,0.024626359343528748
4,waypoint_09,-30.0,0.023239563895775417,-0.8322438621242686,1.0638120569246137,201.21459662914276,0.0
5,waypoint_09,-30.0,0.023239563895775417,-0.8322438621242686,1.0638120569246137,0.0104585351436981,0.006780010648071766
6,waypoint_09,-30.0,0.023239563895775417,-0.8322438621242686,1.0638120569246137,0.011596061085583642,0.004004133399575949
7,waypoint_09,-30.0,0.023239563895775417,-0.8322438621242686,1.0638120569246137,316.00239872932434,0.0
8,waypoint_09,-30.0,0.023239563895775417,-0.8322438621242686,1.0638120569246137,322.33092188835144,0.0
9,waypoint_09,-30.0,0.023239563895775417,-0.8322438621242686,1.0638120569246137,319.74437832832336,0.0
10,waypoint_09,-30.0,0.023239563895775417,-0.8322438621242686,1.0638120569246137,296.05942964553833,0.0
11,waypoint_09,-30.0,0.023239563895775417,-0.8322438621242686,1.0638120569246137,401.08904242515564,0.0
12,waypoint_09,-30.0,0.023239563895775417,-0.8322438621242686,1.0638120569246137,464.2479419708252,0.0
13,waypoint_09,-30.0,0.023239563895775417,-0.8322438621242686,1.0638120569246137,567.0791864395142,0.0
14,waypoint_09,-30.0,0.023239563895775417,-0.8322438621242686,1.0638120569246137,609.1910600662231,0.0
0,waypoint_09,-15.0,0.023239563895775417,-0.8322438621242686,1.0638120569246137,228.62856090068817,0.0
1,waypoint_09,-15.0,0.023239563895775417,-0.8322438621242686,1.0638120569246137,0.10347805800847709,0.012786458246409893
2,waypoint_09,-15.0,0.023239563895775417,-0.8322438621242686,1.0638120569246137,48.967305570840836,0.0
3,waypoint_09,-15.0,0.023239563895775417,-0.8322438621242686,1.0638120569246137,0.004293189704185352,0.022568216547369957
4,waypoint_09,-15.0,0.023239563895775417,-0.8322438621242686,1.0638120569246137,181.0123771429062,0.0
5,waypoint_09,-15.0,0.023239563895775417,-0.8322438621242686,1.0638120569246137,0.0031359068088931963,0.005700602661818266
6,waypoint_09,-15.0,0.023239563895775417,-0.8322438621242686,1.0638120569246137,0.004430009084899211,0.004297857638448477
7,waypoint_09,-15.0,0.023239563895775417,-0.8322438621242686,1.0638120569246137,315.58331847190857,0.0
8,waypoint_09,-15.0,0.023239563895775417,-0.8322438621242686,1.0638120569246137,323.3751356601715,0.0
9,waypoint_09,-15.0,0.023239563895775417,-0.8322438621242686,1.0638120569246137,329.5800983905792,0.0
10,waypoint_09,-15.0,0.023239563895775417,-0.8322438621242686,1.0638120569246137,294.2170202732086,0.0
11,waypoint_09,-15.0,0.023239563895775417,-0.8322438621242686,1.0638120569246137,392.3783600330353,0.0
12,waypoint_09,-15.0,0.023239563895775417,-0.8322438621242686,1.0638120569246137,442.3406720161438,0.0
13,waypoint_09,-15.0,0.023239563895775417,-0.8322438621242686,1.0638120569246137,543.2178378105164,0.0
14,waypoint_09,-15.0,0.023239563895775417,-0.8322438621242686,1.0638120569246137,593.9473509788513,0.0
0,waypoint_09,0.0,0.023239563895775417,-0.8322438621242686,1.0638120569246137,265.7832205295563,0.0
1,waypoint_09,0.0,0.023239563895775417,-0.8322438621242686,1.0638120569246137,148.74973893165588,0.0
2,waypoint_09,0.0,0.023239563895775417,-0.8322438621242686,1.0638120569246137,0.37979878834448755,0.010396882891654968
3,waypoint_09,0.0,0.023239563895775417,-0.8322438621242686,1.0638120569246137,0.003473473043413833,0.01897340640425682
4,waypoint_09,0.0,0.023239563895775417,-0.8322438621242686,1.0638120569246137,157.59357810020447,0.0
5,waypoint_09,0.0,0.023239563895775417,-0.8322438621242686,1.0638120569246137,0.0037716131373599637,0.004754883702844381
6,waypoint_09,0.0,0.023239563895775417,-0.8322438621242686,1.0638120569246137,0.003124282329736161,0.003955680876970291
7,waypoint_09,0.0,0.023239563895775417,-0.8322438621242686,1.0638120569246137,310.62051653862,0.0
8,waypoint_09,0.0,0.023239563895775417,-0.8322438621242686,1.0638120569246137,321.8802511692047,0.0
9,waypoint_09,0.0,0.023239563895775417,-0.8322438621242686,1.0638120569246137,333.8198959827423,0.0
10,waypoint_09,0.0,0.023239563895775417,-0.8322438621242686,1.0638120569246137,281.93262219429016,0.0
11,waypoint_09,0.0,0.023239563895775417,-0.8322438621242686,1.0638120569246137,378.9996802806854,0.0
12,waypoint_09,0.0,0.023239563895775417,-0.8322438621242686,1.0638120569246137,414.6667420864105,0.0
13,waypoint_09,0.0,0.023239563895775417,-0.8322438621242686,1.0638120569246137,515.9668922424316,0.0
14,waypoint_09,0.0,0.023239563895775417,-0.8322438621242686,1.0638120569246137,573.1833577156067,0.0
0,waypoint_09,15.0,0.023239563895775417,-0.8322438621242686,1.0638120569246137,213.22953701019287,0.0
1,waypoint_09,15.0,0.023239563895775417,-0.8322438621242686,1.0638120569246137,139.9872899055481,0.0
2,waypoint_09,15.0,0.023239563895775417,-0.8322438621242686,1.0638120569246137,17.009688541293144,0.0
3,waypoint_09,15.0,0.023239563895775417,-0.8322438621242686,1.0638120569246137,0.0019110702851321548,0.012742769904434681
4,waypoint_09,15.0,0.023239563895775417,-0.8322438621242686,1.0638120569246137,134.16726887226105,0.0
5,waypoint_09,15.0,0.023239563895775417,-0.8322438621242686,1.0638120569246137,0.00440268149759504,0.004298765677958727
6,waypoint_09,15.0,0.023239563895775417,-0.8322438621242686,1.0638120569246137,0.008936138328863308,0.001605875906534493
7,waypoint_09,15.0,0.023239563895775417,-0.8322438621242686,1.0638120569246137,301.57917737960815,0.0
8,waypoint_09,15.0,0.023239563895775417,-0.8322438621242686,1.0638120569246137,315.41720032691956,0.0
9,waypoint_09,15.0,0.023239563895775417,-0.8322438621242686,1.0638120569246137,331.9929838180542,0.0
10,waypoint_09,15.0,0.023239563895775417,-0.8322438621242686,1.0638120569246137,268.4698700904846,0.0
11,waypoint_09,15.0,0.023239563895775417,-0.8322438621242686,1.0638120569246137,365.4520809650421,0.0
12,waypoint_09,15.0,0.023239563895775417,-0.8322438621242686,1.0638120569246137,390.19832015037537,0.0
13,waypoint_09,15.0,0.023239563895775417,-0.8322438621242686,1.0638120569246137,496.7826008796692,0.0
14,waypoint_09,15.0,0.023239563895775417,-0.8322438621242686,1.0638120569246137,541.4873957633972,0.0
0,waypoint_09,30.0,0.023239563895775417,-0.8322438621242686,1.0638120569246137,213.01676332950592,0.0
1,waypoint_09,30.0,0.023239563895775417,-0.8322438621242686,1.0638120569246137,203.51077616214752,0.0
2,waypoint_09,30.0,0.023239563895775417,-0.8322438621242686,1.0638120569246137,89.9333506822586,0.0
3,waypoint_09,30.0,0.023239563895775417,-0.8322438621242686,1.0638120569246137,4.83940914273262,0.0
4,waypoint_09,30.0,0.023239563895775417,-0.8322438621242686,1.0638120569246137,0.041988245357060805,0.004642738029360771
5,waypoint_09,30.0,0.023239563895775417,-0.8322438621242686,1.0638120569246137,0.0031359068088931963,0.004319879692047834
6,waypoint_09,30.0,0.023239563895775417,-0.8322438621242686,1.0638120569246137,50.11570453643799,0.0
7,waypoint_09,30.0,0.023239563895775417,-0.8322438621242686,1.0638120569246137,294.5221960544586,0.0
8,waypoint_09,30.0,0.023239563895775417,-0.8322438621242686,1.0638120569246137,306.7111670970917,0.0
9,waypoint_09,30.0,0.023239563895775417,-0.8322438621242686,1.0638120569246137,325.3256380558014,0.0
10,waypoint_09,30.0,0.023239563895775417,-0.8322438621242686,1.0638120569246137,249.2939829826355,0.0
11,waypoint_09,30.0,0.023239563895775417,-0.8322438621242686,1.0638120569246137,346.2468981742859,0.0
12,waypoint_09,30.0,0.023239563895775417,-0.8322438621242686,1.0638120569246137,366.73325300216675,0.0
13,waypoint_09,30.0,0.023239563895775417,-0.8322438621242686,1.0638120569246137,466.7034447193146,0.0
14,waypoint_09,30.0,0.023239563895775417,-0.8322438621242686,1.0638120569246137,519.907534122467,0.0
0,waypoint_10,30.0,0.04323956389577521,-0.8322438621242686,1.0638120569246137,260.87620854377747,0.0
1,waypoint_10,30.0,0.04323956389577521,-0.8322438621242686,1.0638120569246137,166.87971353530884,0.0
2,waypoint_10,30.0,0.04323956389577521,-0.8322438621242686,1.0638120569246137,111.38064414262772,0.0
3,waypoint_10,30.0,0.04323956389577521,-0.8322438621242686,1.0638120569246137,24.287624284625053,0.0
4,waypoint_10,30.0,0.04323956389577521,-0.8322438621242686,1.0638120569246137,0.012665951544477139,0.005178076680749655
5,waypoint_10,30.0,0.04323956389577521,-0.8322438621242686,1.0638120569246137,0.009702201168693136,0.00506994454190135
6,waypoint_10,30.0,0.04323956389577521,-0.8322438621242686,1.0638120569246137,29.163701459765434,0.0
7,waypoint_10,30.0,0.04323956389577521,-0.8322438621242686,1.0638120569246137,304.6761453151703,0.0
8,waypoint_10,30.0,0.04323956389577521,-0.8322438621242686,1.0638120569246137,314.85337018966675,0.0
9,waypoint_10,30.0,0.04323956389577521,-0.8322438621242686,1.0638120569246137,331.71215653419495,0.0
10,waypoint_10,30.0,0.04323956389577521,-0.8322438621242686,1.0638120569246137,250.07885694503784,0.0
11,waypoint_10,30.0,0.04323956389577521,-0.8322438621242686,1.0638120569246137,333.6026072502136,0.0
12,waypoint_10,30.0,0.04323956389577521,-0.8322438621242686,1.0638120569246137,353.38589549064636,0.0
13,waypoint_10,30.0,0.04323956389577521,-0.8322438621242686,1.0638120569246137,450.1752257347107,0.0
14,waypoint_10,30.0,0.04323956389577521,-0.8322438621242686,1.0638120569246137,493.3152496814728,0.0
0,waypoint_10,15.0,0.04323956389577521,-0.8322438621242686,1.0638120569246137,275.78243613243103,0.0
1,waypoint_10,15.0,0.04323956389577521,-0.8322438621242686,1.0638120569246137,198.07812571525574,0.0
2,waypoint_10,15.0,0.04323956389577521,-0.8322438621242686,1.0638120569246137,92.43451803922653,0.0
3,waypoint_10,15.0,0.04323956389577521,-0.8322438621242686,1.0638120569246137,0.010523554010433145,0.011892416514456272
4,waypoint_10,15.0,0.04323956389577521,-0.8322438621242686,1.0638120569246137,73.42691719532013,0.0
5,waypoint_10,15.0,0.04323956389577521,-0.8322438621242686,1.0638120569246137,0.0019110702851321548,0.0056572710163891315
6,waypoint_10,15.0,0.04323956389577521,-0.8322438621242686,1.0638120569246137,44.87412050366402,0.0
7,waypoint_10,15.0,0.04323956389577521,-0.8322438621242686,1.0638120569246137,311.3986551761627,0.0
8,waypoint_10,15.0,0.04323956389577521,-0.8322438621242686,1.0638120569246137,322.13541865348816,0.0
9,waypoint_10,15.0,0.04323956389577521,-0.8322438621242686,1.0638120569246137,335.3869915008545,0.0
10,waypoint_10,15.0,0.04323956389577521,-0.8322438621242686,1.0638120569246137,268.33364367485046,0.0
11,waypoint_10,15.0,0.04323956389577521,-0.8322438621242686,1.0638120569246137,350.23245215415955,0.0
12,waypoint_10,15.0,0.04323956389577521,-0.8322438621242686,1.0638120569246137,388.08533549308777,0.0
13,waypoint_10,15.0,0.04323956389577521,-0.8322438621242686,1.0638120569246137,477.6587784290314,0.0
14,waypoint_10,15.0,0.04323956389577521,-0.8322438621242686,1.0638120569246137,509.5624327659607,0.0
0,waypoint_10,0.0,0.04323956389577521,-0.8322438621242686,1.0638120569246137,272.4040448665619,0.0
1,waypoint_10,0.0,0.04323956389577521,-0.8322438621242686,1.0638120569246137,158.70505571365356,0.0
2,waypoint_10,0.0,0.04323956389577521,-0.8322438621242686,1.0638120569246137,0.05803044041385874,0.010736028663814068
3,waypoint_10,0.0,0.04323956389577521,-0.8322438621242686,1.0638120569246137,0.004226469627610641,0.01957675628364086
4,waypoint_10,0.0,0.04323956389577521,-0.8322438621242686,1.0638120569246137,114.1260638833046,0.0
5,waypoint_10,0.0,0.04323956389577521,-0.8322438621242686,1.0638120569246137,0.0054066372285888065,0.0064971535466611385
6,waypoint_10,0.0,0.04323956389577521,-0.8322438621242686,1.0638120569246137,0.017404863683623262,0.0022668198216706514
7,waypoint_10,0.0,0.04323956389577521,-0.8322438621242686,1.0638120569246137,316.2805736064911,0.0
8,waypoint_10,0.0,0.04323956389577521,-0.8322438621242686,1.0638120569246137,325.74835419654846,0.0
9,waypoint_10,0.0,0.04323956389577521,-0.8322438621242686,1.0638120569246137,335.9118402004242,0.0
10,waypoint_10,0.0,0.04323956389577521,-0.8322438621242686,1.0638120569246137,279.2103886604309,0.0
11,waypoint_10,0.0,0.04323956389577521,-0.8322438621242686,1.0638120569246137,362.99777030944824,0.0
12,waypoint_10,0.0,0.04323956389577521,-0.8322438621242686,1.0638120569246137,416.2222445011139,0.0
13,waypoint_10,0.0,0.04323956389577521,-0.8322438621242686,1.0638120569246137,495.4099953174591,0.0
14,waypoint_10,0.0,0.04323956389577521,-0.8322438621242686,1.0638120569246137,525.7677435874939,0.0
0,waypoint_10,-15.0,0.04323956389577521,-0.8322438621242686,1.0638120569246137,246.58244848251343,0.0
1,waypoint_10,-15.0,0.04323956389577521,-0.8322438621242686,1.0638120569246137,187.30252981185913,0.0
2,waypoint_10,-15.0,0.04323956389577521,-0.8322438621242686,1.0638120569246137,36.09070181846619,0.0
3,waypoint_10,-15.0,0.04323956389577521,-0.8322438621242686,1.0638120569246137,0.0037261247598507907,0.02377578243613243
4,waypoint_10,-15.0,0.04323956389577521,-0.8322438621242686,1.0638120569246137,114.54185843467712,0.0
5,waypoint_10,-15.0,0.04323956389577521,-0.8322438621242686,1.0638120569246137,0.006271813617786393,0.007592293433845043
6,waypoint_10,-15.0,0.04323956389577521,-0.8322438621242686,1.0638120569246137,0.013138196663931012,0.0024123683106154203
7,waypoint_10,-15.0,0.04323956389577521,-0.8322438621242686,1.0638120569246137,323.14977049827576,0.0
8,waypoint_10,-15.0,0.04323956389577521,-0.8322438621242686,1.0638120569246137,327.5590240955353,0.0
9,waypoint_10,-15.0,0.04323956389577521,-0.8322438621242686,1.0638120569246137,332.2470188140869,0.0
10,waypoint_10,-15.0,0.04323956389577521,-0.8322438621242686,1.0638120569246137,292.5320565700531,0.0
11,waypoint_10,-15.0,0.04323956389577521,-0.8322438621242686,1.0638120569246137,367.9448366165161,0.0
12,waypoint_10,-15.0,0.04323956389577521,-0.8322438621242686,1.0638120569246137,443.9595639705658,0.0
13,waypoint_10,-15.0,0.04323956389577521,-0.8322438621242686,1.0638120569246137,519.9813842773438,0.0
14,waypoint_10,-15.0,0.04323956389577521,-0.8322438621242686,1.0638120569246137,552.0273447036743,0.0
0,waypoint_10,-30.0,0.04323956389577521,-0.8322438621242686,1.0638120569246137,195.14667987823486,0.0
1,waypoint_10,-30.0,0.04323956389577521,-0.8322438621242686,1.0638120569246137,44.40563917160034,0.0
2,waypoint_10,-30.0,0.04323956389577521,-0.8322438621242686,1.0638120569246137,58.98294970393181,0.0
3,waypoint_10,-30.0,0.04323956389577521,-0.8322438621242686,1.0638120569246137,0.0058449031712370925,0.026155464351177216
4,waypoint_10,-30.0,0.04323956389577521,-0.8322438621242686,1.0638120569246137,100.15957802534103,0.0
5,waypoint_10,-30.0,0.04323956389577521,-0.8322438621242686,1.0638120569246137,0.0037012516713730292,0.00866781547665596
6,waypoint_10,-30.0,0.04323956389577521,-0.8322438621242686,1.0638120569246137,0.00452617859991733,0.002307903254404664
7,waypoint_10,-30.0,0.04323956389577521,-0.8322438621242686,1.0638120569246137,326.59247517585754,0.0
8,waypoint_10,-30.0,0.04323956389577521,-0.8322438621242686,1.0638120569246137,325.93244314193726,0.0
9,waypoint_10,-30.0,0.04323956389577521,-0.8322438621242686,1.0638120569246137,325.0286281108856,0.0
10,waypoint_10,-30.0,0.04323956389577521,-0.8322438621242686,1.0638120569246137,307.18010663986206,0.0
11,waypoint_10,-30.0,0.04323956389577521,-0.8322438621242686,1.0638120569246137,374.99913573265076,0.0
12,waypoint_10,-30.0,0.04323956389577521,-0.8322438621242686,1.0638120569246137,541.0168766975403,0.0
13,waypoint_10,-30.0,0.04323956389577521,-0.8322438621242686,1.0638120569246137,540.4990315437317,0.0
14,waypoint_10,-30.0,0.04323956389577521,-0.8322438621242686,1.0638120569246137,565.4308199882507,0.0
0,waypoint_11,-30.0,-0.1367604361042239,-0.8068737827527108,1.0638120569246137,0.02081900674966164,0.033809009939432144
1,waypoint_11,-30.0,-0.1367604361042239,-0.8068737827527108,1.0638120569246137,321.43691182136536,0.0
2,waypoint_11,-30.0,-0.1367604361042239,-0.8068737827527108,1.0638120569246137,351.8056571483612,0.0
3,waypoint_11,-30.0,-0.1367604361042239,-0.8068737827527108,1.0638120569246137,0.010351321179769002,0.010709336027503014
4,waypoint_11,-30.0,-0.1367604361042239,-0.8068737827527108,1.0638120569246137,230.09097576141357,0.0
5,waypoint_11,-30.0,-0.1367604361042239,-0.8068737827527108,1.0638120569246137,0.010162897524423897,0.009915080852806568
6,waypoint_11,-30.0,-0.1367604361042239,-0.8068737827527108,1.0638120569246137,0.007376782377832569,0.020199736580252647
7,waypoint_11,-30.0,-0.1367604361042239,-0.8068737827527108,1.0638120569246137,301.85315012931824,0.0
8,waypoint_11,-30.0,-0.1367604361042239,-0.8068737827527108,1.0638120569246137,318.1268274784088,0.0
9,waypoint_11,-30.0,-0.1367604361042239,-0.8068737827527108,1.0638120569246137,333.62895250320435,0.0
10,waypoint_11,-30.0,-0.1367604361042239,-0.8068737827527108,1.0638120569246137,405.5195152759552,0.0
11,waypoint_11,-30.0,-0.1367604361042239,-0.8068737827527108,1.0638120569246137,505.8945417404175,0.0
12,waypoint_11,-30.0,-0.1367604361042239,-0.8068737827527108,1.0638120569246137,754.5554637908936,0.0
13,waypoint_11,-30.0,-0.1367604361042239,-0.8068737827527108,1.0638120569246137,699.4804739952087,0.0
14,waypoint_11,-30.0,-0.1367604361042239,-0.8068737827527108,1.0638120569246137,746.2922930717468,0.0
0,waypoint_11,-15.0,-0.1367604361042239,-0.8068737827527108,1.0638120569246137,0.004612336852005683,0.029223723337054253
1,waypoint_11,-15.0,-0.1367604361042239,-0.8068737827527108,1.0638120569246137,251.42550468444824,0.0
2,waypoint_11,-15.0,-0.1367604361042239,-0.8068737827527108,1.0638120569246137,314.2678141593933,0.0
3,waypoint_11,-15.0,-0.1367604361042239,-0.8068737827527108,1.0638120569246137,0.004461996013560565,0.009904589504003525
4,waypoint_11,-15.0,-0.1367604361042239,-0.8068737827527108,1.0638120569246137,215.98975360393524,0.0
5,waypoint_11,-15.0,-0.1367604361042239,-0.8068737827527108,1.0638120569246137,0.004474717115954263,0.01014252845197916
6,waypoint_11,-15.0,-0.1367604361042239,-0.8068737827527108,1.0638120569246137,0.007027552328509046,0.018698792904615402
7,waypoint_11,-15.0,-0.1367604361042239,-0.8068737827527108,1.0638120569246137,291.78333282470703,0.0
8,waypoint_11,-15.0,-0.1367604361042239,-0.8068737827527108,1.0638120569246137,316.0410523414612,0.0
9,waypoint_11,-15.0,-0.1367604361042239,-0.8068737827527108,1.0638120569246137,333.1622779369354,0.0
10,waypoint_11,-15.0,-0.1367604361042239,-0.8068737827527108,1.0638120569246137,383.4005296230316,0.0
11,waypoint_11,-15.0,-0.1367604361042239,-0.8068737827527108,1.0638120569246137,492.08834767341614,0.0
12,waypoint_11,-15.0,-0.1367604361042239,-0.8068737827527108,1.0638120569246137,490.1064932346344,0.0
13,waypoint_11,-15.0,-0.1367604361042239,-0.8068737827527108,1.0638120569246137,680.4245710372925,0.0
14,waypoint_11,-15.0,-0.1367604361042239,-0.8068737827527108,1.0638120569246137,741.7159080505371,0.0
0,waypoint_11,0.0,-0.1367604361042239,-0.8068737827527108,1.0638120569246137,0.003960906724387314,0.02063131146132946
1,waypoint_11,0.0,-0.1367604361042239,-0.8068737827527108,1.0638120569246137,51.93944647908211,0.0
2,waypoint_11,0.0,-0.1367604361042239,-0.8068737827527108,1.0638120569246137,211.06553077697754,0.0
3,waypoint_11,0.0,-0.1367604361042239,-0.8068737827527108,1.0638120569246137,0.004423612608661642,0.008929354138672352
4,waypoint_11,0.0,-0.1367604361042239,-0.8068737827527108,1.0638120569246137,206.4196914434433,0.0
5,waypoint_11,0.0,-0.1367604361042239,-0.8068737827527108,1.0638120569246137,0.007302967787836678,0.009277883917093277
6,waypoint_11,0.0,-0.1367604361042239,-0.8068737827527108,1.0638120569246137,0.003668501221909537,0.014401613734662533
7,waypoint_11,0.0,-0.1367604361042239,-0.8068737827527108,1.0638120569246137,283.4647297859192,0.0
8,waypoint_11,0.0,-0.1367604361042239,-0.8068737827527108,1.0638120569246137,304.0693998336792,0.0
9,waypoint_11,0.0,-0.1367604361042239,-0.8068737827527108,1.0638120569246137,322.1423029899597,0.0
10,waypoint_11,0.0,-0.1367604361042239,-0.8068737827527108,1.0638120569246137,350.43346881866455,0.0
11,waypoint_11,0.0,-0.1367604361042239,-0.8068737827527108,1.0638120569246137,479.1102707386017,0.0
12,waypoint_11,0.0,-0.1367604361042239,-0.8068737827527108,1.0638120569246137,488.4597361087799,0.0
13,waypoint_11,0.0,-0.1367604361042239,-0.8068737827527108,1.0638120569246137,649.4372487068176,0.0
14,waypoint_11,0.0,-0.1367604361042239,-0.8068737827527108,1.0638120569246137,719.2111611366272,0.0
0,waypoint_11,15.0,-0.1367604361042239,-0.8068737827527108,1.0638120569246137,16.85265637934208,0.0
1,waypoint_11,15.0,-0.1367604361042239,-0.8068737827527108,1.0638120569246137,31.95618838071823,0.0
2,waypoint_11,15.0,-0.1367604361042239,-0.8068737827527108,1.0638120569246137,81.25763386487961,0.0
3,waypoint_11,15.0,-0.1367604361042239,-0.8068737827527108,1.0638120569246137,0.0031359068088931963,0.008008691482245922
4,waypoint_11,15.0,-0.1367604361042239,-0.8068737827527108,1.0638120569246137,201.26758515834808,0.0
5,waypoint_11,15.0,-0.1367604361042239,-0.8068737827527108,1.0638120569246137,0.003662655672087567,0.006245933938771486
6,waypoint_11,15.0,-0.1367604361042239,-0.8068737827527108,1.0638120569246137,0.4993152106180787,1.138610628004244e-06
7,waypoint_11,15.0,-0.1367604361042239,-0.8068737827527108,1.0638120569246137,272.514283657074,0.0
8,waypoint_11,15.0,-0.1367604361042239,-0.8068737827527108,1.0638120569246137,293.7224209308624,0.0
9,waypoint_11,15.0,-0.1367604361042239,-0.8068737827527108,1.0638120569246137,313.1619989871979,0.0
10,waypoint_11,15.0,-0.1367604361042239,-0.8068737827527108,1.0638120569246137,333.6861729621887,0.0
11,waypoint_11,15.0,-0.1367604361042239,-0.8068737827527108,1.0638120569246137,461.5689218044281,0.0
12,waypoint_11,15.0,-0.1367604361042239,-0.8068737827527108,1.0638120569246137,483.66570472717285,0.0
13,waypoint_11,15.0,-0.1367604361042239,-0.8068737827527108,1.0638120569246137,628.1225681304932,0.0
14,waypoint_11,15.0,-0.1367604361042239,-0.8068737827527108,1.0638120569246137,696.844756603241,0.0
0,waypoint_11,30.0,-0.1367604361042239,-0.8068737827527108,1.0638120569246137,107.15923458337784,0.0
1,waypoint_11,30.0,-0.1367604361042239,-0.8068737827527108,1.0638120569246137,0.015497666026931256,0.0035166097804903984
2,waypoint_11,30.0,-0.1367604361042239,-0.8068737827527108,1.0638120569246137,0.12693030294030905,0.00598195381462574
3,waypoint_11,30.0,-0.1367604361042239,-0.8068737827527108,1.0638120569246137,0.001980453362193657,0.007238298188894987
4,waypoint_11,30.0,-0.1367604361042239,-0.8068737827527108,1.0638120569246137,116.099514067173,0.0
5,waypoint_11,30.0,-0.1367604361042239,-0.8068737827527108,1.0638120569246137,24.893375113606453,0.0
6,waypoint_11,30.0,-0.1367604361042239,-0.8068737827527108,1.0638120569246137,128.97616624832153,0.0
7,waypoint_11,30.0,-0.1367604361042239,-0.8068737827527108,1.0638120569246137,256.6050887107849,0.0
8,waypoint_11,30.0,-0.1367604361042239,-0.8068737827527108,1.0638120569246137,251.62222981452942,0.0
9,waypoint_11,30.0,-0.1367604361042239,-0.8068737827527108,1.0638120569246137,302.1526336669922,0.0
10,waypoint_11,30.0,-0.1367604361042239,-0.8068737827527108,1.0638120569246137,308.02568793296814,0.0
11,waypoint_11,30.0,-0.1367604361042239,-0.8068737827527108,1.0638120569246137,444.76911425590515,0.0
12,waypoint_11,30.0,-0.1367604361042239,-0.8068737827527108,1.0638120569246137,477.3915112018585,0.0
13,waypoint_11,30.0,-0.1367604361042239,-0.8068737827527108,1.0638120569246137,602.1445393562317,0.0
14,waypoint_11,30.0,-0.1367604361042239,-0.8068737827527108,1.0638120569246137,662.316083908081,0.0
0,waypoint_12,30.0,-0.11676043610422432,-0.8068737827527108,1.0638120569246137,160.46549379825592,0.0
1,waypoint_12,30.0,-0.11676043610422432,-0.8068737827527108,1.0638120569246137,10.263301432132721,0.0
2,waypoint_12,30.0,-0.11676043610422432,-0.8068737827527108,1.0638120569246137,0.09309268352808431,0.006512729451060295
3,waypoint_12,30.0,-0.11676043610422432,-0.8068737827527108,1.0638120569246137,0.007271766662597656,0.00828686822205782
4,waypoint_12,30.0,-0.11676043610422432,-0.8068737827527108,1.0638120569246137,119.97101455926895,0.0
5,waypoint_12,30.0,-0.11676043610422432,-0.8068737827527108,1.0638120569246137,24.1693127900362,0.0
6,waypoint_12,30.0,-0.11676043610422432,-0.8068737827527108,1.0638120569246137,104.64242100715637,0.0
7,waypoint_12,30.0,-0.11676043610422432,-0.8068737827527108,1.0638120569246137,257.64214992523193,0.0
8,waypoint_12,30.0,-0.11676043610422432,-0.8068737827527108,1.0638120569246137,249.5165914297104,0.0
9,waypoint_12,30.0,-0.11676043610422432,-0.8068737827527108,1.0638120569246137,298.81563782691956,0.0
10,waypoint_12,30.0,-0.11676043610422432,-0.8068737827527108,1.0638120569246137,296.514630317688,0.0
11,waypoint_12,30.0,-0.11676043610422432,-0.8068737827527108,1.0638120569246137,427.96987295150757,0.0
12,waypoint_12,30.0,-0.11676043610422432,-0.8068737827527108,1.0638120569246137,464.2189145088196,0.0
13,waypoint_12,30.0,-0.11676043610422432,-0.8068737827527108,1.0638120569246137,584.4182968139648,0.0
14,waypoint_12,30.0,-0.11676043610422432,-0.8068737827527108,1.0638120569246137,643.074631690979,0.0
0,waypoint_12,15.0,-0.11676043610422432,-0.8068737827527108,1.0638120569246137,157.80393779277802,0.0
1,waypoint_12,15.0,-0.11676043610422432,-0.8068737827527108,1.0638120569246137,0.45924921869300306,0.0093077989295125
2,waypoint_12,15.0,-0.11676043610422432,-0.8068737827527108,1.0638120569246137,69.61565464735031,0.0
3,waypoint_12,15.0,-0.11676043610422432,-0.8068737827527108,1.0638120569246137,0.0015125963273021625,0.009524554014205933
4,waypoint_12,15.0,-0.11676043610422432,-0.8068737827527108,1.0638120569246137,171.92763090133667,0.0
5,waypoint_12,15.0,-0.11676043610422432,-0.8068737827527108,1.0638120569246137,232.3407530784607,0.0
6,waypoint_12,15.0,-0.11676043610422432,-0.8068737827527108,1.0638120569246137,17.297815531492233,0.0
7,waypoint_12,15.0,-0.11676043610422432,-0.8068737827527108,1.0638120569246137,272.62455224990845,0.0
8,waypoint_12,15.0,-0.11676043610422432,-0.8068737827527108,1.0638120569246137,258.41274857521057,0.0
9,waypoint_12,15.0,-0.11676043610422432,-0.8068737827527108,1.0638120569246137,302.6445806026459,0.0
10,waypoint_12,15.0,-0.11676043610422432,-0.8068737827527108,1.0638120569246137,320.85567712783813,0.0
11,waypoint_12,15.0,-0.11676043610422432,-0.8068737827527108,1.0638120569246137,441.8201744556427,0.0
12,waypoint_12,15.0,-0.11676043610422432,-0.8068737827527108,1.0638120569246137,467.184841632843,0.0
13,waypoint_12,15.0,-0.11676043610422432,-0.8068737827527108,1.0638120569246137,608.238697052002,0.0
14,waypoint_12,15.0,-0.11676043610422432,-0.8068737827527108,1.0638120569246137,659.9392294883728,0.0
0,waypoint_12,0.0,-0.11676043610422432,-0.8068737827527108,1.0638120569246137,0.21887397451791912,0.011857817880809307
1,waypoint_12,0.0,-0.11676043610422432,-0.8068737827527108,1.0638120569246137,14.429287053644657,0.0
2,waypoint_12,0.0,-0.11676043610422432,-0.8068737827527108,1.0638120569246137,64.4860789179802,0.0
3,waypoint_12,0.0,-0.11676043610422432,-0.8068737827527108,1.0638120569246137,0.004523674306255998,0.010706949979066849
4,waypoint_12,0.0,-0.11676043610422432,-0.8068737827527108,1.0638120569246137,249.82643127441406,0.0
5,waypoint_12,0.0,-0.11676043610422432,-0.8068737827527108,1.0638120569246137,238.53006958961487,0.0
6,waypoint_12,0.0,-0.11676043610422432,-0.8068737827527108,1.0638120569246137,256.2979459762573,0.0
7,waypoint_12,0.0,-0.11676043610422432,-0.8068737827527108,1.0638120569246137,281.730979681015,0.0
8,waypoint_12,0.0,-0.11676043610422432,-0.8068737827527108,1.0638120569246137,275.34136176109314,0.0
9,waypoint_12,0.0,-0.11676043610422432,-0.8068737827527108,1.0638120569246137,311.59159541130066,0.0
10,waypoint_12,0.0,-0.11676043610422432,-0.8068737827527108,1.0638120569246137,336.6874158382416,0.0
11,waypoint_12,0.0,-0.11676043610422432,-0.8068737827527108,1.0638120569246137,455.65980672836304,0.0
12,waypoint_12,0.0,-0.11676043610422432,-0.8068737827527108,1.0638120569246137,467.0720100402832,0.0
13,waypoint_12,0.0,-0.11676043610422432,-0.8068737827527108,1.0638120569246137,626.9701719284058,0.0
14,waypoint_12,0.0,-0.11676043610422432,-0.8068737827527108,1.0638120569246137,675.6043434143066,0.0
0,waypoint_12,-15.0,-0.11676043610422432,-0.8068737827527108,1.0638120569246137,62.888726592063904,0.0
1,waypoint_12,-15.0,-0.11676043610422432,-0.8068737827527108,1.0638120569246137,58.90319123864174,0.0
2,waypoint_12,-15.0,-0.11676043610422432,-0.8068737827527108,1.0638120569246137,74.62502270936966,0.0
3,waypoint_12,-15.0,-0.11676043610422432,-0.8068737827527108,1.0638120569246137,0.004733974947157549,0.011773860082030296
4,waypoint_12,-15.0,-0.11676043610422432,-0.8068737827527108,1.0638120569246137,263.7905776500702,0.0
5,waypoint_12,-15.0,-0.11676043610422432,-0.8068737827527108,1.0638120569246137,243.72504651546478,0.0
6,waypoint_12,-15.0,-0.11676043610422432,-0.8068737827527108,1.0638120569246137,264.80382680892944,0.0
7,waypoint_12,-15.0,-0.11676043610422432,-0.8068737827527108,1.0638120569246137,292.9243743419647,0.0
8,waypoint_12,-15.0,-0.11676043610422432,-0.8068737827527108,1.0638120569246137,307.38160014152527,0.0
9,waypoint_12,-15.0,-0.11676043610422432,-0.8068737827527108,1.0638120569246137,312.49332427978516,0.0
10,waypoint_12,-15.0,-0.11676043610422432,-0.8068737827527108,1.0638120569246137,358.85801911354065,0.0
11,waypoint_12,-15.0,-0.11676043610422432,-0.8068737827527108,1.0638120569246137,470.17452120780945,0.0
12,waypoint_12,-15.0,-0.11676043610422432,-0.8068737827527108,1.0638120569246137,465.8174514770508,0.0
13,waypoint_12,-15.0,-0.11676043610422432,-0.8068737827527108,1.0638120569246137,647.4844813346863,0.0
14,waypoint_12,-15.0,-0.11676043610422432,-0.8068737827527108,1.0638120569246137,705.5971622467041,0.0
0,waypoint_12,-30.0,-0.11676043610422432,-0.8068737827527108,1.0638120569246137,106.48160427808762,0.0
1,waypoint_12,-30.0,-0.11676043610422432,-0.8068737827527108,1.0638120569246137,150.67645907402039,0.0
2,waypoint_12,-30.0,-0.11676043610422432,-0.8068737827527108,1.0638120569246137,97.05593436956406,0.0
3,waypoint_12,-30.0,-0.11676043610422432,-0.8068737827527108,1.0638120569246137,0.004956870725436602,0.012554633431136608
4,waypoint_12,-30.0,-0.11676043610422432,-0.8068737827527108,1.0638120569246137,251.21259689331055,0.0
5,waypoint_12,-30.0,-0.11676043610422432,-0.8068737827527108,1.0638120569246137,246.7852234840393,0.0
6,waypoint_12,-30.0,-0.11676043610422432,-0.8068737827527108,1.0638120569246137,271.1508870124817,0.0
7,waypoint_12,-30.0,-0.11676043610422432,-0.8068737827527108,1.0638120569246137,304.66756224632263,0.0
8,waypoint_12,-30.0,-0.11676043610422432,-0.8068737827527108,1.0638120569246137,318.98772716522217,0.0
9,waypoint_12,-30.0,-0.11676043610422432,-0.8068737827527108,1.0638120569246137,309.8043203353882,0.0
10,waypoint_12,-30.0,-0.11676043610422432,-0.8068737827527108,1.0638120569246137,365.18043279647827,0.0
11,waypoint_12,-30.0,-0.11676043610422432,-0.8068737827527108,1.0638120569246137,481.9372296333313,0.0
12,waypoint_12,-30.0,-0.11676043610422432,-0.8068737827527108,1.0638120569246137,462.4556005001068,0.0
13,waypoint_12,-30.0,-0.11676043610422432,-0.8068737827527108,1.0638120569246137,652.1917581558228,0.0
14,waypoint_12,-30.0,-0.11676043610422432,-0.8068737827527108,1.0638120569246137,722.3585844039917,0.0
0,waypoint_13,-30.0,-0.09676043610422452,-0.8068737827527108,1.0638120569246137,96.19076550006866,0.0
1,waypoint_13,-30.0,-0.09676043610422452,-0.8068737827527108,1.0638120569246137,142.4233913421631,0.0
2,waypoint_13,-30.0,-0.09676043610422452,-0.8068737827527108,1.0638120569246137,94.90501880645752,0.0
3,waypoint_13,-30.0,-0.09676043610422452,-0.8068737827527108,1.0638120569246137,0.0094046990852803,0.014386514201760292
4,waypoint_13,-30.0,-0.09676043610422452,-0.8068737827527108,1.0638120569246137,256.1275362968445,0.0
5,waypoint_13,-30.0,-0.09676043610422452,-0.8068737827527108,1.0638120569246137,252.19589471817017,0.0
6,waypoint_13,-30.0,-0.09676043610422452,-0.8068737827527108,1.0638120569246137,272.76232838630676,0.0
7,waypoint_13,-30.0,-0.09676043610422452,-0.8068737827527108,1.0638120569246137,304.76856231689453,0.0
8,waypoint_13,-30.0,-0.09676043610422452,-0.8068737827527108,1.0638120569246137,315.6948983669281,0.0
9,waypoint_13,-30.0,-0.09676043610422452,-0.8068737827527108,1.0638120569246137,307.4076175689697,0.0
10,waypoint_13,-30.0,-0.09676043610422452,-0.8068737827527108,1.0638120569246137,358.7469458580017,0.0
11,waypoint_13,-30.0,-0.09676043610422452,-0.8068737827527108,1.0638120569246137,464.63632583618164,0.0
12,waypoint_13,-30.0,-0.09676043610422452,-0.8068737827527108,1.0638120569246137,449.2667317390442,0.0
13,waypoint_13,-30.0,-0.09676043610422452,-0.8068737827527108,1.0638120569246137,635.2620720863342,0.0
14,waypoint_13,-30.0,-0.09676043610422452,-0.8068737827527108,1.0638120569246137,704.9363255500793,0.0
0,waypoint_13,-15.0,-0.09676043610422452,-0.8068737827527108,1.0638120569246137,60.52122637629509,0.0
1,waypoint_13,-15.0,-0.09676043610422452,-0.8068737827527108,1.0638120569246137,105.13981431722641,0.0
2,waypoint_13,-15.0,-0.09676043610422452,-0.8068737827527108,1.0638120569246137,74.52039420604706,0.0
3,waypoint_13,-15.0,-0.09676043610422452,-0.8068737827527108,1.0638120569246137,0.004673551302403212,0.013612356036901474
4,waypoint_13,-15.0,-0.09676043610422452,-0.8068737827527108,1.0638120569246137,271.65091037750244,0.0
5,waypoint_13,-15.0,-0.09676043610422452,-0.8068737827527108,1.0638120569246137,249.73510205745697,0.0
6,waypoint_13,-15.0,-0.09676043610422452,-0.8068737827527108,1.0638120569246137,267.2041058540344,0.0
7,waypoint_13,-15.0,-0.09676043610422452,-0.8068737827527108,1.0638120569246137,296.7628836631775,0.0
8,waypoint_13,-15.0,-0.09676043610422452,-0.8068737827527108,1.0638120569246137,319.0712034702301,0.0
9,waypoint_13,-15.0,-0.09676043610422452,-0.8068737827527108,1.0638120569246137,310.85285544395447,0.0
10,waypoint_13,-15.0,-0.09676043610422452,-0.8068737827527108,1.0638120569246137,361.7653548717499,0.0
11,waypoint_13,-15.0,-0.09676043610422452,-0.8068737827527108,1.0638120569246137,454.2824625968933,0.0
12,waypoint_13,-15.0,-0.09676043610422452,-0.8068737827527108,1.0638120569246137,447.40769267082214,0.0
13,waypoint_13,-15.0,-0.09676043610422452,-0.8068737827527108,1.0638120569246137,631.6446661949158,0.0
14,waypoint_13,-15.0,-0.09676043610422452,-0.8068737827527108,1.0638120569246137,701.7422318458557,0.0
0,waypoint_13,0.0,-0.09676043610422452,-0.8068737827527108,1.0638120569246137,0.02760332245088648,0.011238369159400463
1,waypoint_13,0.0,-0.09676043610422452,-0.8068737827527108,1.0638120569246137,50.80718919634819,0.0
2,waypoint_13,0.0,-0.09676043610422452,-0.8068737827527108,1.0638120569246137,67.36739724874496,0.0
3,waypoint_13,0.0,-0.09676043610422452,-0.8068737827527108,1.0638120569246137,0.00500253099744441,0.012438572011888027
4,waypoint_13,0.0,-0.09676043610422452,-0.8068737827527108,1.0638120569246137,228.43387722969055,0.0
5,waypoint_13,0.0,-0.09676043610422452,-0.8068737827527108,1.0638120569246137,243.9304143190384,0.0
6,waypoint_13,0.0,-0.09676043610422452,-0.8068737827527108,1.0638120569246137,257.82328844070435,0.0
7,waypoint_13,0.0,-0.09676043610422452,-0.8068737827527108,1.0638120569246137,283.7233543395996,0.0
8,waypoint_13,0.0,-0.09676043610422452,-0.8068737827527108,1.0638120569246137,318.9469873905182,0.0
9,waypoint_13,0.0,-0.09676043610422452,-0.8068737827527108,1.0638120569246137,309.10515785217285,0.0
10,waypoint_13,0.0,-0.09676043610422452,-0.8068737827527108,1.0638120569246137,335.4290723800659,0.0
11,waypoint_13,0.0,-0.09676043610422452,-0.8068737827527108,1.0638120569246137,439.3092393875122,0.0
12,waypoint_13,0.0,-0.09676043610422452,-0.8068737827527108,1.0638120569246137,446.7080235481262,0.0
13,waypoint_13,0.0,-0.09676043610422452,-0.8068737827527108,1.0638120569246137,608.0615520477295,0.0
14,waypoint_13,0.0,-0.09676043610422452,-0.8068737827527108,1.0638120569246137,677.0341992378235,0.0
0,waypoint_13,15.0,-0.09676043610422452,-0.8068737827527108,1.0638120569246137,111.49749159812927,0.0
1,waypoint_13,15.0,-0.09676043610422452,-0.8068737827527108,1.0638120569246137,0.1953464961843565,0.009712215512990952
2,waypoint_13,15.0,-0.09676043610422452,-0.8068737827527108,1.0638120569246137,2.6695667766034603,0.0
3,waypoint_13,15.0,-0.09676043610422452,-0.8068737827527108,1.0638120569246137,0.001430511474609375,0.010979868471622467
4,waypoint_13,15.0,-0.09676043610422452,-0.8068737827527108,1.0638120569246137,166.06464982032776,0.0
5,waypoint_13,15.0,-0.09676043610422452,-0.8068737827527108,1.0638120569246137,236.5635633468628,0.0
6,waypoint_13,15.0,-0.09676043610422452,-0.8068737827527108,1.0638120569246137,238.18397521972656,0.0
7,waypoint_13,15.0,-0.09676043610422452,-0.8068737827527108,1.0638120569246137,274.91405606269836,0.0
8,waypoint_13,15.0,-0.09676043610422452,-0.8068737827527108,1.0638120569246137,314.8312270641327,0.0
9,waypoint_13,15.0,-0.09676043610422452,-0.8068737827527108,1.0638120569246137,300.7391393184662,0.0
10,waypoint_13,15.0,-0.09676043610422452,-0.8068737827527108,1.0638120569246137,317.8027272224426,0.0
11,waypoint_13,15.0,-0.09676043610422452,-0.8068737827527108,1.0638120569246137,420.9873080253601,0.0
12,waypoint_13,15.0,-0.09676043610422452,-0.8068737827527108,1.0638120569246137,441.5968060493469,0.0
13,waypoint_13,15.0,-0.09676043610422452,-0.8068737827527108,1.0638120569246137,587.3170495033264,0.0
14,waypoint_13,15.0,-0.09676043610422452,-0.8068737827527108,1.0638120569246137,650.0966548919678,0.0
0,waypoint_13,30.0,-0.09676043610422452,-0.8068737827527108,1.0638120569246137,185.81648170948029,0.0
1,waypoint_13,30.0,-0.09676043610422452,-0.8068737827527108,1.0638120569246137,22.263653576374054,0.0
2,waypoint_13,30.0,-0.09676043610422452,-0.8068737827527108,1.0638120569246137,0.060887945437571034,0.007020112592726946
3,waypoint_13,30.0,-0.09676043610422452,-0.8068737827527108,1.0638120569246137,0.0025788913262658753,0.009240158833563328
4,waypoint_13,30.0,-0.09676043610422452,-0.8068737827527108,1.0638120569246137,80.23902773857117,0.0
5,waypoint_13,30.0,-0.09676043610422452,-0.8068737827527108,1.0638120569246137,13.565333560109138,0.0
6,waypoint_13,30.0,-0.09676043610422452,-0.8068737827527108,1.0638120569246137,66.80016964673996,0.0
7,waypoint_13,30.0,-0.09676043610422452,-0.8068737827527108,1.0638120569246137,260.68079471588135,0.0
8,waypoint_13,30.0,-0.09676043610422452,-0.8068737827527108,1.0638120569246137,301.0277450084686,0.0
9,waypoint_13,30.0,-0.09676043610422452,-0.8068737827527108,1.0638120569246137,292.0776605606079,0.0
10,waypoint_13,30.0,-0.09676043610422452,-0.8068737827527108,1.0638120569246137,291.9626533985138,0.0
11,waypoint_13,30.0,-0.09676043610422452,-0.8068737827527108,1.0638120569246137,403.08821201324463,0.0
12,waypoint_13,30.0,-0.09676043610422452,-0.8068737827527108,1.0638120569246137,438.4353756904602,0.0
13,waypoint_13,30.0,-0.09676043610422452,-0.8068737827527108,1.0638120569246137,564.1501545906067,0.0
14,waypoint_13,30.0,-0.09676043610422452,-0.8068737827527108,1.0638120569246137,631.5854787826538,0.0
0,waypoint_14,30.0,-0.076760436104224,-0.8068737827527108,1.0638120569246137,210.38836240768433,0.0
1,waypoint_14,30.0,-0.076760436104224,-0.8068737827527108,1.0638120569246137,77.37515866756439,0.0
2,waypoint_14,30.0,-0.076760436104224,-0.8068737827527108,1.0638120569246137,0.0207245957426494,0.007500855717808008
3,waypoint_14,30.0,-0.076760436104224,-0.8068737827527108,1.0638120569246137,0.010604268027236685,0.010062356479465961
4,waypoint_14,30.0,-0.076760436104224,-0.8068737827527108,1.0638120569246137,54.54922467470169,0.0
5,waypoint_14,30.0,-0.076760436104224,-0.8068737827527108,1.0638120569246137,26.273971423506737,0.0
6,waypoint_14,30.0,-0.076760436104224,-0.8068737827527108,1.0638120569246137,46.26099392771721,0.0
7,waypoint_14,30.0,-0.076760436104224,-0.8068737827527108,1.0638120569246137,263.9460265636444,0.0
8,waypoint_14,30.0,-0.076760436104224,-0.8068737827527108,1.0638120569246137,304.57600951194763,0.0
9,waypoint_14,30.0,-0.076760436104224,-0.8068737827527108,1.0638120569246137,292.3417389392853,0.0
10,waypoint_14,30.0,-0.076760436104224,-0.8068737827527108,1.0638120569246137,281.83022141456604,0.0
11,waypoint_14,30.0,-0.076760436104224,-0.8068737827527108,1.0638120569246137,388.01759481430054,0.0
12,waypoint_14,30.0,-0.076760436104224,-0.8068737827527108,1.0638120569246137,427.0932972431183,0.0
13,waypoint_14,30.0,-0.076760436104224,-0.8068737827527108,1.0638120569246137,546.9200015068054,0.0
14,waypoint_14,30.0,-0.076760436104224,-0.8068737827527108,1.0638120569246137,614.1277551651001,0.0
0,waypoint_14,15.0,-0.076760436104224,-0.8068737827527108,1.0638120569246137,187.0359182357788,0.0
1,waypoint_14,15.0,-0.076760436104224,-0.8068737827527108,1.0638120569246137,0.05801969382446259,0.010057110339403152
2,waypoint_14,15.0,-0.076760436104224,-0.8068737827527108,1.0638120569246137,1.4077492523938417,0.007924998179078102
3,waypoint_14,15.0,-0.076760436104224,-0.8068737827527108,1.0638120569246137,0.004212998646835331,0.012354732491075993
4,waypoint_14,15.0,-0.076760436104224,-0.8068737827527108,1.0638120569246137,183.35898220539093,0.0
5,waypoint_14,15.0,-0.076760436104224,-0.8068737827527108,1.0638120569246137,0.02468639831931796,0.0028998900670558214
6,waypoint_14,15.0,-0.076760436104224,-0.8068737827527108,1.0638120569246137,236.54165863990784,0.0
7,waypoint_14,15.0,-0.076760436104224,-0.8068737827527108,1.0638120569246137,277.60228514671326,0.0
8,waypoint_14,15.0,-0.076760436104224,-0.8068737827527108,1.0638120569246137,310.8097016811371,0.0
9,waypoint_14,15.0,-0.076760436104224,-0.8068737827527108,1.0638120569246137,300.5330562591553,0.0
10,waypoint_14,15.0,-0.076760436104224,-0.8068737827527108,1.0638120569246137,306.0491979122162,0.0
11,waypoint_14,15.0,-0.076760436104224,-0.8068737827527108,1.0638120569246137,404.4618010520935,0.0
12,waypoint_14,15.0,-0.076760436104224,-0.8068737827527108,1.0638120569246137,430.6250810623169,0.0
13,waypoint_14,15.0,-0.076760436104224,-0.8068737827527108,1.0638120569246137,569.3795680999756,0.0
14,waypoint_14,15.0,-0.076760436104224,-0.8068737827527108,1.0638120569246137,631.2797665596008,0.0
0,waypoint_14,0.0,-0.076760436104224,-0.8068737827527108,1.0638120569246137,3.638047259300947,0.0
1,waypoint_14,0.0,-0.076760436104224,-0.8068737827527108,1.0638120569246137,36.07648238539696,0.0
2,waypoint_14,0.0,-0.076760436104224,-0.8068737827527108,1.0638120569246137,51.30188167095184,0.0
3,waypoint_14,0.0,-0.076760436104224,-0.8068737827527108,1.0638120569246137,0.00500253099744441,0.014114930294454098
4,waypoint_14,0.0,-0.076760436104224,-0.8068737827527108,1.0638120569246137,225.79984366893768,0.0
5,waypoint_14,0.0,-0.076760436104224,-0.8068737827527108,1.0638120569246137,0.020839815988438204,0.0040797945111989975
6,waypoint_14,0.0,-0.076760436104224,-0.8068737827527108,1.0638120569246137,249.04954433441162,0.0
7,waypoint_14,0.0,-0.076760436104224,-0.8068737827527108,1.0638120569246137,290.43012857437134,0.0
8,waypoint_14,0.0,-0.076760436104224,-0.8068737827527108,1.0638120569246137,319.40704584121704,0.0
9,waypoint_14,0.0,-0.076760436104224,-0.8068737827527108,1.0638120569246137,308.475136756897,0.0
10,waypoint_14,0.0,-0.076760436104224,-0.8068737827527108,1.0638120569246137,322.36817479133606,0.0
11,waypoint_14,0.0,-0.076760436104224,-0.8068737827527108,1.0638120569246137,420.56170105934143,0.0
12,waypoint_14,0.0,-0.076760436104224,-0.8068737827527108,1.0638120569246137,429.57308888435364,0.0
13,waypoint_14,0.0,-0.076760436104224,-0.8068737827527108,1.0638120569246137,586.0979557037354,0.0
14,waypoint_14,0.0,-0.076760436104224,-0.8068737827527108,1.0638120569246137,646.3868618011475,0.0
0,waypoint_14,-15.0,-0.076760436104224,-0.8068737827527108,1.0638120569246137,0.01599538154550828,0.024508221074938774
1,waypoint_14,-15.0,-0.076760436104224,-0.8068737827527108,1.0638120569246137,43.71305927634239,0.0
2,waypoint_14,-15.0,-0.076760436104224,-0.8068737827527108,1.0638120569246137,32.499223947525024,0.0
3,waypoint_14,-15.0,-0.076760436104224,-0.8068737827527108,1.0638120569246137,0.003339988097650348,0.015416799113154411
4,waypoint_14,-15.0,-0.076760436104224,-0.8068737827527108,1.0638120569246137,257.9231560230255,0.0
5,waypoint_14,-15.0,-0.076760436104224,-0.8068737827527108,1.0638120569246137,0.0037242173220874975,0.004127750173211098
6,waypoint_14,-15.0,-0.076760436104224,-0.8068737827527108,1.0638120569246137,259.50706005096436,0.0
7,waypoint_14,-15.0,-0.076760436104224,-0.8068737827527108,1.0638120569246137,303.27335000038147,0.0
8,waypoint_14,-15.0,-0.076760436104224,-0.8068737827527108,1.0638120569246137,319.6808397769928,0.0
9,waypoint_14,-15.0,-0.076760436104224,-0.8068737827527108,1.0638120569246137,309.1789186000824,0.0
10,waypoint_14,-15.0,-0.076760436104224,-0.8068737827527108,1.0638120569246137,353.43626141548157,0.0
11,waypoint_14,-15.0,-0.076760436104224,-0.8068737827527108,1.0638120569246137,436.7963969707489,0.0
12,waypoint_14,-15.0,-0.076760436104224,-0.8068737827527108,1.0638120569246137,428.6755919456482,0.0
13,waypoint_14,-15.0,-0.076760436104224,-0.8068737827527108,1.0638120569246137,614.8244738578796,0.0
14,waypoint_14,-15.0,-0.076760436104224,-0.8068737827527108,1.0638120569246137,673.1957197189331,0.0
0,waypoint_14,-30.0,-0.076760436104224,-0.8068737827527108,1.0638120569246137,0.006827269317000173,0.033404089510440826
1,waypoint_14,-30.0,-0.076760436104224,-0.8068737827527108,1.0638120569246137,117.30222404003143,0.0
2,waypoint_14,-30.0,-0.076760436104224,-0.8068737827527108,1.0638120569246137,18.77462863922119,0.0
3,waypoint_14,-30.0,-0.076760436104224,-0.8068737827527108,1.0638120569246137,0.005179777417652076,0.016202863305807114
4,waypoint_14,-30.0,-0.076760436104224,-0.8068737827527108,1.0638120569246137,271.28124237060547,0.0
5,waypoint_14,-30.0,-0.076760436104224,-0.8068737827527108,1.0638120569246137,0.00278296897704422,0.0037109313998371363
6,waypoint_14,-30.0,-0.076760436104224,-0.8068737827527108,1.0638120569246137,268.10163259506226,0.0
7,waypoint_14,-30.0,-0.076760436104224,-0.8068737827527108,1.0638120569246137,306.893527507782,0.0
8,waypoint_14,-30.0,-0.076760436104224,-0.8068737827527108,1.0638120569246137,317.6368474960327,0.0
9,waypoint_14,-30.0,-0.076760436104224,-0.8068737827527108,1.0638120569246137,306.05894327163696,0.0
10,waypoint_14,-30.0,-0.076760436104224,-0.8068737827527108,1.0638120569246137,374.390572309494,0.0
11,waypoint_14,-30.0,-0.076760436104224,-0.8068737827527108,1.0638120569246137,446.3084638118744,0.0
12,waypoint_14,-30.0,-0.076760436104224,-0.8068737827527108,1.0638120569246137,428.67767810821533,0.0
13,waypoint_14,-30.0,-0.076760436104224,-0.8068737827527108,1.0638120569246137,640.7445669174194,0.0
14,waypoint_14,-30.0,-0.076760436104224,-0.8068737827527108,1.0638120569246137,686.9115829467773,0.0
0,waypoint_15,-30.0,-0.05676043610422443,-0.8068737827527108,1.0638120569246137,0.010853284038603306,0.03186614811420441
1,waypoint_15,-30.0,-0.05676043610422443,-0.8068737827527108,1.0638120569246137,107.67167061567307,0.0
2,waypoint_15,-30.0,-0.05676043610422443,-0.8068737827527108,1.0638120569246137,11.331758461892605,0.0
3,waypoint_15,-30.0,-0.05676043610422443,-0.8068737827527108,1.0638120569246137,0.011172652193636168,0.01800701394677162
4,waypoint_15,-30.0,-0.05676043610422443,-0.8068737827527108,1.0638120569246137,272.03479409217834,0.0
5,waypoint_15,-30.0,-0.05676043610422443,-0.8068737827527108,1.0638120569246137,0.01099895507650217,0.00202111410908401
6,waypoint_15,-30.0,-0.05676043610422443,-0.8068737827527108,1.0638120569246137,270.23258805274963,0.0
7,waypoint_15,-30.0,-0.05676043610422443,-0.8068737827527108,1.0638120569246137,309.042364358902,0.0
8,waypoint_15,-30.0,-0.05676043610422443,-0.8068737827527108,1.0638120569246137,319.41062211990356,0.0
9,waypoint_15,-30.0,-0.05676043610422443,-0.8068737827527108,1.0638120569246137,306.91930651664734,0.0
10,waypoint_15,-30.0,-0.05676043610422443,-0.8068737827527108,1.0638120569246137,363.4592592716217,0.0
11,waypoint_15,-30.0,-0.05676043610422443,-0.8068737827527108,1.0638120569246137,432.83379077911377,0.0
12,waypoint_15,-30.0,-0.05676043610422443,-0.8068737827527108,1.0638120569246137,418.22630167007446,0.0
13,waypoint_15,-30.0,-0.05676043610422443,-0.8068737827527108,1.0638120569246137,639.8631930351257,0.0
14,waypoint_15,-30.0,-0.05676043610422443,-0.8068737827527108,1.0638120569246137,669.6971654891968,0.0
0,waypoint_15,-15.0,-0.05676043610422443,-0.8068737827527108,1.0638120569246137,0.0029802322387695312,0.01998811773955822
1,waypoint_15,-15.0,-0.05676043610422443,-0.8068737827527108,1.0638120569246137,77.34981179237366,0.0
2,waypoint_15,-15.0,-0.05676043610422443,-0.8068737827527108,1.0638120569246137,10.459862649440765,0.0
3,waypoint_15,-15.0,-0.05676043610422443,-0.8068737827527108,1.0638120569246137,0.0040810687096382026,0.01718231476843357
4,waypoint_15,-15.0,-0.05676043610422443,-0.8068737827527108,1.0638120569246137,248.49830567836761,0.0
5,waypoint_15,-15.0,-0.05676043610422443,-0.8068737827527108,1.0638120569246137,0.007482698038074886,0.0021851726341992617
6,waypoint_15,-15.0,-0.05676043610422443,-0.8068737827527108,1.0638120569246137,262.27474212646484,0.0
7,waypoint_15,-15.0,-0.05676043610422443,-0.8068737827527108,1.0638120569246137,306.4395785331726,0.0
8,waypoint_15,-15.0,-0.05676043610422443,-0.8068737827527108,1.0638120569246137,319.4410502910614,0.0
9,waypoint_15,-15.0,-0.05676043610422443,-0.8068737827527108,1.0638120569246137,312.6746416091919,0.0
10,waypoint_15,-15.0,-0.05676043610422443,-0.8068737827527108,1.0638120569246137,362.0830178260803,0.0
11,waypoint_15,-15.0,-0.05676043610422443,-0.8068737827527108,1.0638120569246137,417.5023138523102,0.0
12,waypoint_15,-15.0,-0.05676043610422443,-0.8068737827527108,1.0638120569246137,418.3668792247772,0.0
13,waypoint_15,-15.0,-0.05676043610422443,-0.8068737827527108,1.0638120569246137,638.1971836090088,0.0
14,waypoint_15,-15.0,-0.05676043610422443,-0.8068737827527108,1.0638120569246137,664.4682288169861,0.0
0,waypoint_15,0.0,-0.05676043610422443,-0.8068737827527108,1.0638120569246137,159.4754308462143,0.0
1,waypoint_15,0.0,-0.05676043610422443,-0.8068737827527108,1.0638120569246137,48.31670597195625,0.0
2,waypoint_15,0.0,-0.05676043610422443,-0.8068737827527108,1.0638120569246137,39.533138275146484,0.0
3,waypoint_15,0.0,-0.05676043610422443,-0.8068737827527108,1.0638120569246137,0.0024805847260722658,0.015724431723356247
4,waypoint_15,0.0,-0.05676043610422443,-0.8068737827527108,1.0638120569246137,213.46265077590942,0.0
5,waypoint_15,0.0,-0.05676043610422443,-0.8068737827527108,1.0638120569246137,0.003754619456231012,0.0022308428306132555
6,waypoint_15,0.0,-0.05676043610422443,-0.8068737827527108,1.0638120569246137,251.31916999816895,0.0
7,waypoint_15,0.0,-0.05676043610422443,-0.8068737827527108,1.0638120569246137,294.91859674453735,0.0
8,waypoint_15,0.0,-0.05676043610422443,-0.8068737827527108,1.0638120569246137,322.11849093437195,0.0
9,waypoint_15,0.0,-0.05676043610422443,-0.8068737827527108,1.0638120569246137,312.5644028186798,0.0
10,waypoint_15,0.0,-0.05676043610422443,-0.8068737827527108,1.0638120569246137,349.2031693458557,0.0
11,waypoint_15,0.0,-0.05676043610422443,-0.8068737827527108,1.0638120569246137,399.1754949092865,0.0
12,waypoint_15,0.0,-0.05676043610422443,-0.8068737827527108,1.0638120569246137,417.9041385650635,0.0
13,waypoint_15,0.0,-0.05676043610422443,-0.8068737827527108,1.0638120569246137,611.575722694397,0.0
14,waypoint_15,0.0,-0.05676043610422443,-0.8068737827527108,1.0638120569246137,640.9304738044739,0.0
0,waypoint_15,15.0,-0.05676043610422443,-0.8068737827527108,1.0638120569246137,150.76462924480438,0.0
1,waypoint_15,15.0,-0.05676043610422443,-0.8068737827527108,1.0638120569246137,0.020000534277642146,0.004091867245733738
2,waypoint_15,15.0,-0.05676043610422443,-0.8068737827527108,1.0638120569246137,1.3949611457064748,0.008384807035326958
3,waypoint_15,15.0,-0.05676043610422443,-0.8068737827527108,1.0638120569246137,0.003731841161425109,0.013626058585941792
4,waypoint_15,15.0,-0.05676043610422443,-0.8068737827527108,1.0638120569246137,169.19545829296112,0.0
5,waypoint_15,15.0,-0.05676043610422443,-0.8068737827527108,1.0638120569246137,0.00785335032560397,0.001544792321510613
6,waypoint_15,15.0,-0.05676043610422443,-0.8068737827527108,1.0638120569246137,236.97206377983093,0.0
7,waypoint_15,15.0,-0.05676043610422443,-0.8068737827527108,1.0638120569246137,281.7264497280121,0.0
8,waypoint_15,15.0,-0.05676043610422443,-0.8068737827527108,1.0638120569246137,323.11055064201355,0.0
9,waypoint_15,15.0,-0.05676043610422443,-0.8068737827527108,1.0638120569246137,306.2557578086853,0.0
10,waypoint_15,15.0,-0.05676043610422443,-0.8068737827527108,1.0638120569246137,321.22838497161865,0.0
11,waypoint_15,15.0,-0.05676043610422443,-0.8068737827527108,1.0638120569246137,376.05223059654236,0.0
12,waypoint_15,15.0,-0.05676043610422443,-0.8068737827527108,1.0638120569246137,419.7642207145691,0.0
13,waypoint_15,15.0,-0.05676043610422443,-0.8068737827527108,1.0638120569246137,590.2087092399597,0.0
14,waypoint_15,15.0,-0.05676043610422443,-0.8068737827527108,1.0638120569246137,617.6745295524597,0.0
0,waypoint_15,30.0,-0.05676043610422443,-0.8068737827527108,1.0638120569246137,179.35922741889954,0.0
1,waypoint_15,30.0,-0.05676043610422443,-0.8068737827527108,1.0638120569246137,94.42088007926941,0.0
2,waypoint_15,30.0,-0.05676043610422443,-0.8068737827527108,1.0638120569246137,0.006272946393437451,0.0074378084391355515
3,waypoint_15,30.0,-0.05676043610422443,-0.8068737827527108,1.0638120569246137,0.0020265579223632812,0.010704698041081429
4,waypoint_15,30.0,-0.05676043610422443,-0.8068737827527108,1.0638120569246137,39.37957063317299,0.0
5,waypoint_15,30.0,-0.05676043610422443,-0.8068737827527108,1.0638120569246137,29.906226322054863,0.0
6,waypoint_15,30.0,-0.05676043610422443,-0.8068737827527108,1.0638120569246137,30.871406197547913,0.0
7,waypoint_15,30.0,-0.05676043610422443,-0.8068737827527108,1.0638120569246137,269.8700428009033,0.0
8,waypoint_15,30.0,-0.05676043610422443,-0.8068737827527108,1.0638120569246137,293.4960424900055,0.0
9,waypoint_15,30.0,-0.05676043610422443,-0.8068737827527108,1.0638120569246137,295.38124799728394,0.0
10,waypoint_15,30.0,-0.05676043610422443,-0.8068737827527108,1.0638120569246137,295.84208130836487,0.0
11,waypoint_15,30.0,-0.05676043610422443,-0.8068737827527108,1.0638120569246137,353.988379240036,0.0
12,waypoint_15,30.0,-0.05676043610422443,-0.8068737827527108,1.0638120569246137,414.41255807876587,0.0
13,waypoint_15,30.0,-0.05676043610422443,-0.8068737827527108,1.0638120569246137,564.4217729568481,0.0
14,waypoint_15,30.0,-0.05676043610422443,-0.8068737827527108,1.0638120569246137,596.2860584259033,0.0
0,waypoint_16,30.0,-0.0367604361042248,-0.8068737827527108,1.0638120569246137,270.39074897766113,0.0
1,waypoint_16,30.0,-0.0367604361042248,-0.8068737827527108,1.0638120569246137,109.72904413938522,0.0
2,waypoint_16,30.0,-0.0367604361042248,-0.8068737827527108,1.0638120569246137,0.16164327098522335,6.975444080126181e-07
3,waypoint_16,30.0,-0.0367604361042248,-0.8068737827527108,1.0638120569246137,0.01049109505402157,0.011108466424047947
4,waypoint_16,30.0,-0.0367604361042248,-0.8068737827527108,1.0638120569246137,0.11484101560199633,0.0031310059130191803
5,waypoint_16,30.0,-0.0367604361042248,-0.8068737827527108,1.0638120569246137,54.61883917450905,0.0
6,waypoint_16,30.0,-0.0367604361042248,-0.8068737827527108,1.0638120569246137,27.261851355433464,0.0
7,waypoint_16,30.0,-0.0367604361042248,-0.8068737827527108,1.0638120569246137,276.13362669944763,0.0
8,waypoint_16,30.0,-0.0367604361042248,-0.8068737827527108,1.0638120569246137,301.23215913772583,0.0
9,waypoint_16,30.0,-0.0367604361042248,-0.8068737827527108,1.0638120569246137,299.4789183139801,0.0
10,waypoint_16,30.0,-0.0367604361042248,-0.8068737827527108,1.0638120569246137,287.4121963977814,0.0
11,waypoint_16,30.0,-0.0367604361042248,-0.8068737827527108,1.0638120569246137,340.18754959106445,0.0
12,waypoint_16,30.0,-0.0367604361042248,-0.8068737827527108,1.0638120569246137,404.45876121520996,0.0
13,waypoint_16,30.0,-0.0367604361042248,-0.8068737827527108,1.0638120569246137,548.0302572250366,0.0
14,waypoint_16,30.0,-0.0367604361042248,-0.8068737827527108,1.0638120569246137,579.3267488479614,0.0
0,waypoint_16,15.0,-0.0367604361042248,-0.8068737827527108,1.0638120569246137,194.81931626796722,0.0
1,waypoint_16,15.0,-0.0367604361042248,-0.8068737827527108,1.0638120569246137,133.7175965309143,0.0
2,waypoint_16,15.0,-0.0367604361042248,-0.8068737827527108,1.0638120569246137,0.01638683352211956,0.01692294515669346
3,waypoint_16,15.0,-0.0367604361042248,-0.8068737827527108,1.0638120569246137,0.0054380866458814126,0.014767160639166832
4,waypoint_16,15.0,-0.0367604361042248,-0.8068737827527108,1.0638120569246137,156.44201636314392,0.0
5,waypoint_16,15.0,-0.0367604361042248,-0.8068737827527108,1.0638120569246137,123.27974289655685,0.0
6,waypoint_16,15.0,-0.0367604361042248,-0.8068737827527108,1.0638120569246137,233.68027806282043,0.0
7,waypoint_16,15.0,-0.0367604361042248,-0.8068737827527108,1.0638120569246137,289.5067632198334,0.0
8,waypoint_16,15.0,-0.0367604361042248,-0.8068737827527108,1.0638120569246137,309.6202611923218,0.0
9,waypoint_16,15.0,-0.0367604361042248,-0.8068737827527108,1.0638120569246137,309.1152608394623,0.0
10,waypoint_16,15.0,-0.0367604361042248,-0.8068737827527108,1.0638120569246137,311.6472363471985,0.0
11,waypoint_16,15.0,-0.0367604361042248,-0.8068737827527108,1.0638120569246137,356.44957423210144,0.0
12,waypoint_16,15.0,-0.0367604361042248,-0.8068737827527108,1.0638120569246137,409.2421233654022,0.0
13,waypoint_16,15.0,-0.0367604361042248,-0.8068737827527108,1.0638120569246137,570.501983165741,0.0
14,waypoint_16,15.0,-0.0367604361042248,-0.8068737827527108,1.0638120569246137,596.1455702781677,0.0
0,waypoint_16,0.0,-0.0367604361042248,-0.8068737827527108,1.0638120569246137,169.23505067825317,0.0
1,waypoint_16,0.0,-0.0367604361042248,-0.8068737827527108,1.0638120569246137,37.3668298125267,0.0
2,waypoint_16,0.0,-0.0367604361042248,-0.8068737827527108,1.0638120569246137,0.004604627520166105,0.022882966324687004
3,waypoint_16,0.0,-0.0367604361042248,-0.8068737827527108,1.0638120569246137,0.0027804144338006154,0.017253605648875237
4,waypoint_16,0.0,-0.0367604361042248,-0.8068737827527108,1.0638120569246137,190.7530575990677,0.0
5,waypoint_16,0.0,-0.0367604361042248,-0.8068737827527108,1.0638120569246137,0.026982674171449617,0.000359362835297361
6,waypoint_16,0.0,-0.0367604361042248,-0.8068737827527108,1.0638120569246137,242.2945201396942,0.0
7,waypoint_16,0.0,-0.0367604361042248,-0.8068737827527108,1.0638120569246137,299.35818910598755,0.0
8,waypoint_16,0.0,-0.0367604361042248,-0.8068737827527108,1.0638120569246137,315.8506751060486,0.0
9,waypoint_16,0.0,-0.0367604361042248,-0.8068737827527108,1.0638120569246137,314.6226704120636,0.0
10,waypoint_16,0.0,-0.0367604361042248,-0.8068737827527108,1.0638120569246137,330.8158218860626,0.0
11,waypoint_16,0.0,-0.0367604361042248,-0.8068737827527108,1.0638120569246137,377.67624855041504,0.0
12,waypoint_16,0.0,-0.0367604361042248,-0.8068737827527108,1.0638120569246137,411.0478460788727,0.0
13,waypoint_16,0.0,-0.0367604361042248,-0.8068737827527108,1.0638120569246137,591.5628671646118,0.0
14,waypoint_16,0.0,-0.0367604361042248,-0.8068737827527108,1.0638120569246137,611.0883355140686,0.0
0,waypoint_16,-15.0,-0.0367604361042248,-0.8068737827527108,1.0638120569246137,248.71689081192017,0.0
1,waypoint_16,-15.0,-0.0367604361042248,-0.8068737827527108,1.0638120569246137,51.58223956823349,0.0
2,waypoint_16,-15.0,-0.0367604361042248,-0.8068737827527108,1.0638120569246137,0.004410743713378906,0.02636013552546501
3,waypoint_16,-15.0,-0.0367604361042248,-0.8068737827527108,1.0638120569246137,0.0032885347991395975,0.018902447074651718
4,waypoint_16,-15.0,-0.0367604361042248,-0.8068737827527108,1.0638120569246137,220.54842114448547,0.0
5,waypoint_16,-15.0,-0.0367604361042248,-0.8068737827527108,1.0638120569246137,0.6797693786211312,0.0010177529184147716
6,waypoint_16,-15.0,-0.0367604361042248,-0.8068737827527108,1.0638120569246137,250.2543330192566,0.0
7,waypoint_16,-15.0,-0.0367604361042248,-0.8068737827527108,1.0638120569246137,311.57538294792175,0.0
8,waypoint_16,-15.0,-0.0367604361042248,-0.8068737827527108,1.0638120569246137,317.95257329940796,0.0
9,waypoint_16,-15.0,-0.0367604361042248,-0.8068737827527108,1.0638120569246137,312.69243359565735,0.0
10,waypoint_16,-15.0,-0.0367604361042248,-0.8068737827527108,1.0638120569246137,363.014817237854,0.0
11,waypoint_16,-15.0,-0.0367604361042248,-0.8068737827527108,1.0638120569246137,396.90643548965454,0.0
12,waypoint_16,-15.0,-0.0367604361042248,-0.8068737827527108,1.0638120569246137,407.6150953769684,0.0
13,waypoint_16,-15.0,-0.0367604361042248,-0.8068737827527108,1.0638120569246137,620.997965335846,0.0
14,waypoint_16,-15.0,-0.0367604361042248,-0.8068737827527108,1.0638120569246137,640.6896114349365,0.0
0,waypoint_16,-30.0,-0.0367604361042248,-0.8068737827527108,1.0638120569246137,0.013797412975691259,0.02913079410791397
1,waypoint_16,-30.0,-0.0367604361042248,-0.8068737827527108,1.0638120569246137,98.61119836568832,0.0
2,waypoint_16,-30.0,-0.0367604361042248,-0.8068737827527108,1.0638120569246137,0.005792393949377583,0.02823161892592907
3,waypoint_16,-30.0,-0.0367604361042248,-0.8068737827527108,1.0638120569246137,0.004774328317580512,0.019793666899204254
4,waypoint_16,-30.0,-0.0367604361042248,-0.8068737827527108,1.0638120569246137,243.89509856700897,0.0
5,waypoint_16,-30.0,-0.0367604361042248,-0.8068737827527108,1.0638120569246137,101.39165073633194,0.0
6,waypoint_16,-30.0,-0.0367604361042248,-0.8068737827527108,1.0638120569246137,256.17173314094543,0.0
7,waypoint_16,-30.0,-0.0367604361042248,-0.8068737827527108,1.0638120569246137,321.03022933006287,0.0
8,waypoint_16,-30.0,-0.0367604361042248,-0.8068737827527108,1.0638120569246137,315.7713711261749,0.0
9,waypoint_16,-30.0,-0.0367604361042248,-0.8068737827527108,1.0638120569246137,308.0810308456421,0.0
10,waypoint_16,-30.0,-0.0367604361042248,-0.8068737827527108,1.0638120569246137,386.01478934288025,0.0
11,waypoint_16,-30.0,-0.0367604361042248,-0.8068737827527108,1.0638120569246137,409.10542011260986,0.0
12,waypoint_16,-30.0,-0.0367604361042248,-0.8068737827527108,1.0638120569246137,406.5992832183838,0.0
13,waypoint_16,-30.0,-0.0367604361042248,-0.8068737827527108,1.0638120569246137,644.1386342048645,0.0
14,waypoint_16,-30.0,-0.0367604361042248,-0.8068737827527108,1.0638120569246137,661.0571146011353,0.0
0,waypoint_17,-30.0,-0.01676043610422462,-0.8068737827527108,1.0638120569246137,0.012562306437757798,0.024471215903759003
1,waypoint_17,-30.0,-0.01676043610422462,-0.8068737827527108,1.0638120569246137,84.19442921876907,0.0
2,waypoint_17,-30.0,-0.01676043610422462,-0.8068737827527108,1.0638120569246137,0.0103622978713247,0.029710635542869568
3,waypoint_17,-30.0,-0.01676043610422462,-0.8068737827527108,1.0638120569246137,0.01006524598778924,0.021562131121754646
4,waypoint_17,-30.0,-0.01676043610422462,-0.8068737827527108,1.0638120569246137,238.23924362659454,0.0
5,waypoint_17,-30.0,-0.01676043610422462,-0.8068737827527108,1.0638120569246137,171.19960486888885,0.0
6,waypoint_17,-30.0,-0.01676043610422462,-0.8068737827527108,1.0638120569246137,259.5902979373932,0.0
7,waypoint_17,-30.0,-0.01676043610422462,-0.8068737827527108,1.0638120569246137,326.6158998012543,0.0
8,waypoint_17,-30.0,-0.01676043610422462,-0.8068737827527108,1.0638120569246137,321.1193084716797,0.0
9,waypoint_17,-30.0,-0.01676043610422462,-0.8068737827527108,1.0638120569246137,309.9043071269989,0.0
10,waypoint_17,-30.0,-0.01676043610422462,-0.8068737827527108,1.0638120569246137,399.42291378974915,0.0
11,waypoint_17,-30.0,-0.01676043610422462,-0.8068737827527108,1.0638120569246137,397.3742127418518,0.0
12,waypoint_17,-30.0,-0.01676043610422462,-0.8068737827527108,1.0638120569246137,396.84680104255676,0.0
13,waypoint_17,-30.0,-0.01676043610422462,-0.8068737827527108,1.0638120569246137,642.2120332717896,0.0
14,waypoint_17,-30.0,-0.01676043610422462,-0.8068737827527108,1.0638120569246137,649.4224071502686,0.0
0,waypoint_17,-15.0,-0.01676043610422462,-0.8068737827527108,1.0638120569246137,6.130034103989601,0.0
1,waypoint_17,-15.0,-0.01676043610422462,-0.8068737827527108,1.0638120569246137,64.92346525192261,0.0
2,waypoint_17,-15.0,-0.01676043610422462,-0.8068737827527108,1.0638120569246137,0.0037242173220874975,0.027462473139166832
3,waypoint_17,-15.0,-0.01676043610422462,-0.8068737827527108,1.0638120569246137,0.00396270024793921,0.020567860454320908
4,waypoint_17,-15.0,-0.01676043610422462,-0.8068737827527108,1.0638120569246137,213.72947096824646,0.0
5,waypoint_17,-15.0,-0.01676043610422462,-0.8068737827527108,1.0638120569246137,110.40230840444565,0.0
6,waypoint_17,-15.0,-0.01676043610422462,-0.8068737827527108,1.0638120569246137,254.96217608451843,0.0
7,waypoint_17,-15.0,-0.01676043610422462,-0.8068737827527108,1.0638120569246137,320.7455575466156,0.0
8,waypoint_17,-15.0,-0.01676043610422462,-0.8068737827527108,1.0638120569246137,323.48403334617615,0.0
9,waypoint_17,-15.0,-0.01676043610422462,-0.8068737827527108,1.0638120569246137,316.55338406562805,0.0
10,waypoint_17,-15.0,-0.01676043610422462,-0.8068737827527108,1.0638120569246137,396.88846468925476,0.0
11,waypoint_17,-15.0,-0.01676043610422462,-0.8068737827527108,1.0638120569246137,384.7910165786743,0.0
12,waypoint_17,-15.0,-0.01676043610422462,-0.8068737827527108,1.0638120569246137,398.3679413795471,0.0
13,waypoint_17,-15.0,-0.01676043610422462,-0.8068737827527108,1.0638120569246137,628.0916333198547,0.0
14,waypoint_17,-15.0,-0.01676043610422462,-0.8068737827527108,1.0638120569246137,640.4542326927185,0.0
0,waypoint_17,0.0,-0.01676043610422462,-0.8068737827527108,1.0638120569246137,230.74975609779358,0.0
1,waypoint_17,0.0,-0.01676043610422462,-0.8068737827527108,1.0638120569246137,0.15402855933643878,0.01187601126730442
2,waypoint_17,0.0,-0.01676043610422462,-0.8068737827527108,1.0638120569246137,0.0043978375288133975,0.023336853832006454
3,waypoint_17,0.0,-0.01676043610422462,-0.8068737827527108,1.0638120569246137,0.0034897998375527095,0.018684322014451027
4,waypoint_17,0.0,-0.01676043610422462,-0.8068737827527108,1.0638120569246137,183.05449187755585,0.0
5,waypoint_17,0.0,-0.01676043610422462,-0.8068737827527108,1.0638120569246137,0.11835321492981166,0.001535765128210187
6,waypoint_17,0.0,-0.01676043610422462,-0.8068737827527108,1.0638120569246137,246.93293869495392,0.0
7,waypoint_17,0.0,-0.01676043610422462,-0.8068737827527108,1.0638120569246137,310.8622431755066,0.0
8,waypoint_17,0.0,-0.01676043610422462,-0.8068737827527108,1.0638120569246137,323.0130076408386,0.0
9,waypoint_17,0.0,-0.01676043610422462,-0.8068737827527108,1.0638120569246137,317.5550401210785,0.0
10,waypoint_17,0.0,-0.01676043610422462,-0.8068737827527108,1.0638120569246137,371.30966782569885,0.0
11,waypoint_17,0.0,-0.01676043610422462,-0.8068737827527108,1.0638120569246137,360.6976866722107,0.0
12,waypoint_17,0.0,-0.01676043610422462,-0.8068737827527108,1.0638120569246137,398.6012935638428,0.0
13,waypoint_17,0.0,-0.01676043610422462,-0.8068737827527108,1.0638120569246137,602.5400757789612,0.0
14,waypoint_17,0.0,-0.01676043610422462,-0.8068737827527108,1.0638120569246137,618.3311343193054,0.0
0,waypoint_17,15.0,-0.01676043610422462,-0.8068737827527108,1.0638120569246137,214.42830562591553,0.0
1,waypoint_17,15.0,-0.01676043610422462,-0.8068737827527108,1.0638120569246137,93.60610693693161,0.0
2,waypoint_17,15.0,-0.01676043610422462,-0.8068737827527108,1.0638120569246137,0.003504023197820061,0.016019415110349655
3,waypoint_17,15.0,-0.01676043610422462,-0.8068737827527108,1.0638120569246137,0.003504023197820061,0.015744244679808617
4,waypoint_17,15.0,-0.01676043610422462,-0.8068737827527108,1.0638120569246137,148.7368792295456,0.0
5,waypoint_17,15.0,-0.01676043610422462,-0.8068737827527108,1.0638120569246137,0.013791746823699214,0.0018165685469284654
6,waypoint_17,15.0,-0.01676043610422462,-0.8068737827527108,1.0638120569246137,236.32214963436127,0.0
7,waypoint_17,15.0,-0.01676043610422462,-0.8068737827527108,1.0638120569246137,299.4225025177002,0.0
8,waypoint_17,15.0,-0.01676043610422462,-0.8068737827527108,1.0638120569246137,315.58600068092346,0.0
9,waypoint_17,15.0,-0.01676043610422462,-0.8068737827527108,1.0638120569246137,313.2994771003723,0.0
10,waypoint_17,15.0,-0.01676043610422462,-0.8068737827527108,1.0638120569246137,350.41844844818115,0.0
11,waypoint_17,15.0,-0.01676043610422462,-0.8068737827527108,1.0638120569246137,336.10445261001587,0.0
12,waypoint_17,15.0,-0.01676043610422462,-0.8068737827527108,1.0638120569246137,397.75145053863525,0.0
13,waypoint_17,15.0,-0.01676043610422462,-0.8068737827527108,1.0638120569246137,579.8975229263306,0.0
14,waypoint_17,15.0,-0.01676043610422462,-0.8068737827527108,1.0638120569246137,592.0793414115906,0.0
0,waypoint_17,30.0,-0.01676043610422462,-0.8068737827527108,1.0638120569246137,220.75818479061127,0.0
1,waypoint_17,30.0,-0.01676043610422462,-0.8068737827527108,1.0638120569246137,129.4432282447815,0.0
2,waypoint_17,30.0,-0.01676043610422462,-0.8068737827527108,1.0638120569246137,12.639106251299381,0.0
3,waypoint_17,30.0,-0.01676043610422462,-0.8068737827527108,1.0638120569246137,0.0009000103773360024,0.011186606250703335
4,waypoint_17,30.0,-0.01676043610422462,-0.8068737827527108,1.0638120569246137,0.15973782865330577,0.003715811064466834
5,waypoint_17,30.0,-0.01676043610422462,-0.8068737827527108,1.0638120569246137,0.018471286239218898,0.0028823616448789835
6,waypoint_17,30.0,-0.01676043610422462,-0.8068737827527108,1.0638120569246137,1.8807940650731325,0.0
7,waypoint_17,30.0,-0.01676043610422462,-0.8068737827527108,1.0638120569246137,288.6754274368286,0.0
8,waypoint_17,30.0,-0.01676043610422462,-0.8068737827527108,1.0638120569246137,306.9435656070709,0.0
9,waypoint_17,30.0,-0.01676043610422462,-0.8068737827527108,1.0638120569246137,303.8657605648041,0.0
10,waypoint_17,30.0,-0.01676043610422462,-0.8068737827527108,1.0638120569246137,320.868581533432,0.0
11,waypoint_17,30.0,-0.01676043610422462,-0.8068737827527108,1.0638120569246137,314.90063667297363,0.0
12,waypoint_17,30.0,-0.01676043610422462,-0.8068737827527108,1.0638120569246137,392.8026556968689,0.0
13,waypoint_17,30.0,-0.01676043610422462,-0.8068737827527108,1.0638120569246137,555.1798939704895,0.0
14,waypoint_17,30.0,-0.01676043610422462,-0.8068737827527108,1.0638120569246137,577.5865912437439,0.0
0,waypoint_18,30.0,0.003239563895775177,-0.8068737827527108,1.0638120569246137,253.32242250442505,0.0
1,waypoint_18,30.0,0.003239563895775177,-0.8068737827527108,1.0638120569246137,158.87464582920074,0.0
2,waypoint_18,30.0,0.003239563895775177,-0.8068737827527108,1.0638120569246137,34.46608409285545,0.0
3,waypoint_18,30.0,0.003239563895775177,-0.8068737827527108,1.0638120569246137,0.00880536299519008,0.01080999430269003
4,waypoint_18,30.0,0.003239563895775177,-0.8068737827527108,1.0638120569246137,0.12748279550578445,0.00429711164906621
5,waypoint_18,30.0,0.003239563895775177,-0.8068737827527108,1.0638120569246137,0.0120542936201673,0.003865127917379141
6,waypoint_18,30.0,0.003239563895775177,-0.8068737827527108,1.0638120569246137,6.370752584189177,0.0
7,waypoint_18,30.0,0.003239563895775177,-0.8068737827527108,1.0638120569246137,298.7820506095886,0.0
8,waypoint_18,30.0,0.003239563895775177,-0.8068737827527108,1.0638120569246137,315.8114552497864,0.0
9,waypoint_18,30.0,0.003239563895775177,-0.8068737827527108,1.0638120569246137,309.17641520500183,0.0
10,waypoint_18,30.0,0.003239563895775177,-0.8068737827527108,1.0638120569246137,313.5959804058075,0.0
11,waypoint_18,30.0,0.003239563895775177,-0.8068737827527108,1.0638120569246137,303.081214427948,0.0
12,waypoint_18,30.0,0.003239563895775177,-0.8068737827527108,1.0638120569246137,385.7881426811218,0.0
13,waypoint_18,30.0,0.003239563895775177,-0.8068737827527108,1.0638120569246137,539.1083359718323,0.0
14,waypoint_18,30.0,0.003239563895775177,-0.8068737827527108,1.0638120569246137,559.9915385246277,0.0
0,waypoint_18,15.0,0.003239563895775177,-0.8068737827527108,1.0638120569246137,266.96693897247314,0.0
1,waypoint_18,15.0,0.003239563895775177,-0.8068737827527108,1.0638120569246137,155.44645488262177,0.0
2,waypoint_18,15.0,0.003239563895775177,-0.8068737827527108,1.0638120569246137,0.06136500451248139,0.009729055687785149
3,waypoint_18,15.0,0.003239563895775177,-0.8068737827527108,1.0638120569246137,0.0021324806311895372,0.016515351831912994
4,waypoint_18,15.0,0.003239563895775177,-0.8068737827527108,1.0638120569246137,124.2188960313797,0.0
5,waypoint_18,15.0,0.003239563895775177,-0.8068737827527108,1.0638120569246137,0.004909339168079896,0.0032982095144689083
6,waypoint_18,15.0,0.003239563895775177,-0.8068737827527108,1.0638120569246137,0.015690733562223613,0.004200646188110113
7,waypoint_18,15.0,0.003239563895775177,-0.8068737827527108,1.0638120569246137,308.9286983013153,0.0
8,waypoint_18,15.0,0.003239563895775177,-0.8068737827527108,1.0638120569246137,322.5443661212921,0.0
9,waypoint_18,15.0,0.003239563895775177,-0.8068737827527108,1.0638120569246137,315.2845799922943,0.0
10,waypoint_18,15.0,0.003239563895775177,-0.8068737827527108,1.0638120569246137,341.57684445381165,0.0
11,waypoint_18,15.0,0.003239563895775177,-0.8068737827527108,1.0638120569246137,324.2565989494324,0.0
12,waypoint_18,15.0,0.003239563895775177,-0.8068737827527108,1.0638120569246137,389.2095983028412,0.0
13,waypoint_18,15.0,0.003239563895775177,-0.8068737827527108,1.0638120569246137,562.2072219848633,0.0
14,waypoint_18,15.0,0.003239563895775177,-0.8068737827527108,1.0638120569246137,570.1159238815308,0.0
0,waypoint_18,0.0,0.003239563895775177,-0.8068737827527108,1.0638120569246137,242.73575842380524,0.0
1,waypoint_18,0.0,0.003239563895775177,-0.8068737827527108,1.0638120569246137,0.09275340562453493,0.010503262281417847
2,waypoint_18,0.0,0.003239563895775177,-0.8068737827527108,1.0638120569246137,3.7813105154782534,0.0
3,waypoint_18,0.0,0.003239563895775177,-0.8068737827527108,1.0638120569246137,0.0030181381589500234,0.019994979724287987
4,waypoint_18,0.0,0.003239563895775177,-0.8068737827527108,1.0638120569246137,150.17448365688324,0.0
5,waypoint_18,0.0,0.003239563895775177,-0.8068737827527108,1.0638120569246137,0.0061540172282548156,0.0034039809834212065
6,waypoint_18,0.0,0.003239563895775177,-0.8068737827527108,1.0638120569246137,0.017637707060202956,0.005887331906706095
7,waypoint_18,0.0,0.003239563895775177,-0.8068737827527108,1.0638120569246137,319.3531334400177,0.0
8,waypoint_18,0.0,0.003239563895775177,-0.8068737827527108,1.0638120569246137,326.9989490509033,0.0
9,waypoint_18,0.0,0.003239563895775177,-0.8068737827527108,1.0638120569246137,318.7640905380249,0.0
10,waypoint_18,0.0,0.003239563895775177,-0.8068737827527108,1.0638120569246137,359.0332567691803,0.0
11,waypoint_18,0.0,0.003239563895775177,-0.8068737827527108,1.0638120569246137,342.95693039894104,0.0
12,waypoint_18,0.0,0.003239563895775177,-0.8068737827527108,1.0638120569246137,390.39143919944763,0.0
13,waypoint_18,0.0,0.003239563895775177,-0.8068737827527108,1.0638120569246137,583.9341282844543,0.0
14,waypoint_18,0.0,0.003239563895775177,-0.8068737827527108,1.0638120569246137,588.1812572479248,0.0
0,waypoint_18,-15.0,0.003239563895775177,-0.8068737827527108,1.0638120569246137,238.9395534992218,0.0
1,waypoint_18,-15.0,0.003239563895775177,-0.8068737827527108,1.0638120569246137,59.519361704587936,0.0
2,waypoint_18,-15.0,0.003239563895775177,-0.8068737827527108,1.0638120569246137,31.00629337131977,0.0
3,waypoint_18,-15.0,0.003239563895775177,-0.8068737827527108,1.0638120569246137,0.004979753157385858,0.02216586284339428
4,waypoint_18,-15.0,0.003239563895775177,-0.8068737827527108,1.0638120569246137,177.2533506155014,0.0
5,waypoint_18,-15.0,0.003239563895775177,-0.8068737827527108,1.0638120569246137,0.004298151907278225,0.004156020469963551
6,waypoint_18,-15.0,0.003239563895775177,-0.8068737827527108,1.0638120569246137,0.004986630756320665,0.006137134041637182
7,waypoint_18,-15.0,0.003239563895775177,-0.8068737827527108,1.0638120569246137,329.2718231678009,0.0
8,waypoint_18,-15.0,0.003239563895775177,-0.8068737827527108,1.0638120569246137,327.1506428718567,0.0
9,waypoint_18,-15.0,0.003239563895775177,-0.8068737827527108,1.0638120569246137,318.33305954933167,0.0
10,waypoint_18,-15.0,0.003239563895775177,-0.8068737827527108,1.0638120569246137,385.4155242443085,0.0
11,waypoint_18,-15.0,0.003239563895775177,-0.8068737827527108,1.0638120569246137,358.8810861110687,0.0
12,waypoint_18,-15.0,0.003239563895775177,-0.8068737827527108,1.0638120569246137,388.2473111152649,0.0
13,waypoint_18,-15.0,0.003239563895775177,-0.8068737827527108,1.0638120569246137,612.1087074279785,0.0
14,waypoint_18,-15.0,0.003239563895775177,-0.8068737827527108,1.0638120569246137,610.0412607192993,0.0
0,waypoint_18,-30.0,0.003239563895775177,-0.8068737827527108,1.0638120569246137,0.024592965928604826,0.014891170896589756
1,waypoint_18,-30.0,0.003239563895775177,-0.8068737827527108,1.0638120569246137,107.44909197092056,0.0
2,waypoint_18,-30.0,0.003239563895775177,-0.8068737827527108,1.0638120569246137,130.80789148807526,0.0
3,waypoint_18,-30.0,0.003239563895775177,-0.8068737827527108,1.0638120569246137,0.004955436907039257,0.023301996290683746
4,waypoint_18,-30.0,0.003239563895775177,-0.8068737827527108,1.0638120569246137,201.0769098997116,0.0
5,waypoint_18,-30.0,0.003239563895775177,-0.8068737827527108,1.0638120569246137,0.004745967089547776,0.005110174883157015
6,waypoint_18,-30.0,0.003239563895775177,-0.8068737827527108,1.0638120569246137,0.002737078830250539,0.005701432935893536
7,waypoint_18,-30.0,0.003239563895775177,-0.8068737827527108,1.0638120569246137,336.9249999523163,0.0
8,waypoint_18,-30.0,0.003239563895775177,-0.8068737827527108,1.0638120569246137,323.92141222953796,0.0
9,waypoint_18,-30.0,0.003239563895775177,-0.8068737827527108,1.0638120569246137,313.57964873313904,0.0
10,waypoint_18,-30.0,0.003239563895775177,-0.8068737827527108,1.0638120569246137,410.4532301425934,0.0
11,waypoint_18,-30.0,0.003239563895775177,-0.8068737827527108,1.0638120569246137,375.72816014289856,0.0
12,waypoint_18,-30.0,0.003239563895775177,-0.8068737827527108,1.0638120569246137,387.02771067619324,0.0
13,waypoint_18,-30.0,0.003239563895775177,-0.8068737827527108,1.0638120569246137,643.3491706848145,0.0
14,waypoint_18,-30.0,0.003239563895775177,-0.8068737827527108,1.0638120569246137,619.2102432250977,0.0
0,waypoint_19,-30.0,0.023239563895775417,-0.8068737827527108,1.0638120569246137,4.598699975758791,0.0
1,waypoint_19,-30.0,0.023239563895775417,-0.8068737827527108,1.0638120569246137,98.95124286413193,0.0
2,waypoint_19,-30.0,0.023239563895775417,-0.8068737827527108,1.0638120569246137,122.72366881370544,0.0
3,waypoint_19,-30.0,0.023239563895775417,-0.8068737827527108,1.0638120569246137,0.009760613465914503,0.02500564232468605
4,waypoint_19,-30.0,0.023239563895775417,-0.8068737827527108,1.0638120569246137,196.03438675403595,0.0
5,waypoint_19,-30.0,0.023239563895775417,-0.8068737827527108,1.0638120569246137,0.009393359505338594,0.006978810299187899
6,waypoint_19,-30.0,0.023239563895775417,-0.8068737827527108,1.0638120569246137,0.010398187441751361,0.0037103737704455853
7,waypoint_19,-30.0,0.023239563895775417,-0.8068737827527108,1.0638120569246137,344.3809449672699,0.0
8,waypoint_19,-30.0,0.023239563895775417,-0.8068737827527108,1.0638120569246137,330.19065856933594,0.0
9,waypoint_19,-30.0,0.023239563895775417,-0.8068737827527108,1.0638120569246137,313.8672709465027,0.0
10,waypoint_19,-30.0,0.023239563895775417,-0.8068737827527108,1.0638120569246137,411.6364121437073,0.0
11,waypoint_19,-30.0,0.023239563895775417,-0.8068737827527108,1.0638120569246137,366.3904666900635,0.0
12,waypoint_19,-30.0,0.023239563895775417,-0.8068737827527108,1.0638120569246137,378.2310485839844,0.0
13,waypoint_19,-30.0,0.023239563895775417,-0.8068737827527108,1.0638120569246137,636.2963318824768,0.0
14,waypoint_19,-30.0,0.023239563895775417,-0.8068737827527108,1.0638120569246137,602.8391122817993,0.0
0,waypoint_19,-15.0,0.023239563895775417,-0.8068737827527108,1.0638120569246137,219.78865563869476,0.0
1,waypoint_19,-15.0,0.023239563895775417,-0.8068737827527108,1.0638120569246137,44.28953677415848,0.0
2,waypoint_19,-15.0,0.023239563895775417,-0.8068737827527108,1.0638120569246137,91.20260179042816,0.0
3,waypoint_19,-15.0,0.023239563895775417,-0.8068737827527108,1.0638120569246137,0.003933906555175781,0.023679528385400772
4,waypoint_19,-15.0,0.023239563895775417,-0.8068737827527108,1.0638120569246137,172.14879393577576,0.0
5,waypoint_19,-15.0,0.023239563895775417,-0.8068737827527108,1.0638120569246137,0.002939421619885252,0.00608847988769412
6,waypoint_19,-15.0,0.023239563895775417,-0.8068737827527108,1.0638120569246137,0.004410130713949911,0.004128124564886093
7,waypoint_19,-15.0,0.023239563895775417,-0.8068737827527108,1.0638120569246137,340.3916358947754,0.0
8,waypoint_19,-15.0,0.023239563895775417,-0.8068737827527108,1.0638120569246137,333.42355489730835,0.0
9,waypoint_19,-15.0,0.023239563895775417,-0.8068737827527108,1.0638120569246137,321.89956307411194,0.0
10,waypoint_19,-15.0,0.023239563895775417,-0.8068737827527108,1.0638120569246137,408.04240107536316,0.0
11,waypoint_19,-15.0,0.023239563895775417,-0.8068737827527108,1.0638120569246137,353.73789072036743,0.0
12,waypoint_19,-15.0,0.023239563895775417,-0.8068737827527108,1.0638120569246137,379.34839725494385,0.0
13,waypoint_19,-15.0,0.023239563895775417,-0.8068737827527108,1.0638120569246137,614.5792603492737,0.0
14,waypoint_19,-15.0,0.023239563895775417,-0.8068737827527108,1.0638120569246137,597.571849822998,0.0
0,waypoint_19,0.0,0.023239563895775417,-0.8068737827527108,1.0638120569246137,215.20738303661346,0.0
1,waypoint_19,0.0,0.023239563895775417,-0.8068737827527108,1.0638120569246137,6.499275099486113,0.0
2,waypoint_19,0.0,0.023239563895775417,-0.8068737827527108,1.0638120569246137,48.68512973189354,0.0
3,waypoint_19,0.0,0.023239563895775417,-0.8068737827527108,1.0638120569246137,0.003649050768217421,0.02115727961063385
4,waypoint_19,0.0,0.023239563895775417,-0.8068737827527108,1.0638120569246137,145.21150290966034,0.0
5,waypoint_19,0.0,0.023239563895775417,-0.8068737827527108,1.0638120569246137,0.003851770088658668,0.005269984714686871
6,waypoint_19,0.0,0.023239563895775417,-0.8068737827527108,1.0638120569246137,0.0035787923025054624,0.004080172628164291
7,waypoint_19,0.0,0.023239563895775417,-0.8068737827527108,1.0638120569246137,332.63081312179565,0.0
8,waypoint_19,0.0,0.023239563895775417,-0.8068737827527108,1.0638120569246137,333.78666639328003,0.0
9,waypoint_19,0.0,0.023239563895775417,-0.8068737827527108,1.0638120569246137,323.3761489391327,0.0
10,waypoint_19,0.0,0.023239563895775417,-0.8068737827527108,1.0638120569246137,380.6680142879486,0.0
11,waypoint_19,0.0,0.023239563895775417,-0.8068737827527108,1.0638120569246137,332.5636386871338,0.0
12,waypoint_19,0.0,0.023239563895775417,-0.8068737827527108,1.0638120569246137,379.8094093799591,0.0
13,waypoint_19,0.0,0.023239563895775417,-0.8068737827527108,1.0638120569246137,588.9530777931213,0.0
14,waypoint_19,0.0,0.023239563895775417,-0.8068737827527108,1.0638120569246137,573.1408596038818,0.0
0,waypoint_19,15.0,0.023239563895775417,-0.8068737827527108,1.0638120569246137,168.29493641853333,0.0
1,waypoint_19,15.0,0.023239563895775417,-0.8068737827527108,1.0638120569246137,171.36378586292267,0.0
2,waypoint_19,15.0,0.023239563895775417,-0.8068737827527108,1.0638120569246137,0.03462901440798305,0.01006517093628645
3,waypoint_19,15.0,0.023239563895775417,-0.8068737827527108,1.0638120569246137,0.00234815070143668,0.01702469401061535
4,waypoint_19,15.0,0.023239563895775417,-0.8068737827527108,1.0638120569246137,119.7071298956871,0.0
5,waypoint_19,15.0,0.023239563895775417,-0.8068737827527108,1.0638120569246137,0.0050067901611328125,0.004871710669249296
6,waypoint_19,15.0,0.023239563895775417,-0.8068737827527108,1.0638120569246137,0.0022067315512686037,0.0028997918125241995
7,waypoint_19,15.0,0.023239563895775417,-0.8068737827527108,1.0638120569246137,321.08160853385925,0.0
8,waypoint_19,15.0,0.023239563895775417,-0.8068737827527108,1.0638120569246137,329.39860224723816,0.0
9,waypoint_19,15.0,0.023239563895775417,-0.8068737827527108,1.0638120569246137,321.5983211994171,0.0
10,waypoint_19,15.0,0.023239563895775417,-0.8068737827527108,1.0638120569246137,358.41065645217896,0.0
11,waypoint_19,15.0,0.023239563895775417,-0.8068737827527108,1.0638120569246137,306.2884509563446,0.0
12,waypoint_19,15.0,0.023239563895775417,-0.8068737827527108,1.0638120569246137,377.80556082725525,0.0
13,waypoint_19,15.0,0.023239563895775417,-0.8068737827527108,1.0638120569246137,566.8393969535828,0.0
14,waypoint_19,15.0,0.023239563895775417,-0.8068737827527108,1.0638120569246137,549.7851967811584,0.0
0,waypoint_19,30.0,0.023239563895775417,-0.8068737827527108,1.0638120569246137,244.76078152656555,0.0
1,waypoint_19,30.0,0.023239563895775417,-0.8068737827527108,1.0638120569246137,176.23776197433472,0.0
2,waypoint_19,30.0,0.023239563895775417,-0.8068737827527108,1.0638120569246137,105.83742707967758,0.0
3,waypoint_19,30.0,0.023239563895775417,-0.8068737827527108,1.0638120569246137,0.0021358100639190525,0.00974483322352171
4,waypoint_19,30.0,0.023239563895775417,-0.8068737827527108,1.0638120569246137,0.1922114024637267,0.004871103912591934
5,waypoint_19,30.0,0.023239563895775417,-0.8068737827527108,1.0638120569246137,0.002831063738994999,0.004990111105144024
6,waypoint_19,30.0,0.023239563895775417,-0.8068737827527108,1.0638120569246137,29.265735298395157,0.0
7,waypoint_19,30.0,0.023239563895775417,-0.8068737827527108,1.0638120569246137,312.05782294273376,0.0
8,waypoint_19,30.0,0.023239563895775417,-0.8068737827527108,1.0638120569246137,322.3969042301178,0.0
9,waypoint_19,30.0,0.023239563895775417,-0.8068737827527108,1.0638120569246137,312.4964237213135,0.0
10,waypoint_19,30.0,0.023239563895775417,-0.8068737827527108,1.0638120569246137,331.13035559654236,0.0
11,waypoint_19,30.0,0.023239563895775417,-0.8068737827527108,1.0638120569246137,286.1733138561249,0.0
12,waypoint_19,30.0,0.023239563895775417,-0.8068737827527108,1.0638120569246137,374.7103810310364,0.0
13,waypoint_19,30.0,0.023239563895775417,-0.8068737827527108,1.0638120569246137,540.4857993125916,0.0
14,waypoint_19,30.0,0.023239563895775417,-0.8068737827527108,1.0638120569246137,525.3244638442993,0.0
0,waypoint_20,30.0,0.04323956389577521,-0.8068737827527108,1.0638120569246137,235.39873957633972,0.0
1,waypoint_20,30.0,0.04323956389577521,-0.8068737827527108,1.0638120569246137,185.97926199436188,0.0
2,waypoint_20,30.0,0.04323956389577521,-0.8068737827527108,1.0638120569246137,102.47750580310822,0.0
3,waypoint_20,30.0,0.04323956389577521,-0.8068737827527108,1.0638120569246137,0.009661837793828454,0.0074302335269749165
4,waypoint_20,30.0,0.04323956389577521,-0.8068737827527108,1.0638120569246137,0.14227903739083558,0.005433855578303337
5,waypoint_20,30.0,0.04323956389577521,-0.8068737827527108,1.0638120569246137,0.01005889043881325,0.006129727698862553
6,waypoint_20,30.0,0.04323956389577521,-0.8068737827527108,1.0638120569246137,21.06471359729767,0.0
7,waypoint_20,30.0,0.04323956389577521,-0.8068737827527108,1.0638120569246137,323.599249124527,0.0
8,waypoint_20,30.0,0.04323956389577521,-0.8068737827527108,1.0638120569246137,332.3397636413574,0.0
9,waypoint_20,30.0,0.04323956389577521,-0.8068737827527108,1.0638120569246137,318.97345185279846,0.0
10,waypoint_20,30.0,0.04323956389577521,-0.8068737827527108,1.0638120569246137,324.14710521698,0.0
11,waypoint_20,30.0,0.04323956389577521,-0.8068737827527108,1.0638120569246137,278.3321440219879,0.0
12,waypoint_20,30.0,0.04323956389577521,-0.8068737827527108,1.0638120569246137,368.54544281959534,0.0
13,waypoint_20,30.0,0.04323956389577521,-0.8068737827527108,1.0638120569246137,524.8409509658813,0.0
14,waypoint_20,30.0,0.04323956389577521,-0.8068737827527108,1.0638120569246137,494.1835403442383,0.0
0,waypoint_20,15.0,0.04323956389577521,-0.8068737827527108,1.0638120569246137,265.58807492256165,0.0
1,waypoint_20,15.0,0.04323956389577521,-0.8068737827527108,1.0638120569246137,156.47771954536438,0.0
2,waypoint_20,15.0,0.04323956389577521,-0.8068737827527108,1.0638120569246137,0.3609888954088092,1.477275546335477e-08
3,waypoint_20,15.0,0.04323956389577521,-0.8068737827527108,1.0638120569246137,0.01239776611328125,0.017197446897625923
4,waypoint_20,15.0,0.04323956389577521,-0.8068737827527108,1.0638120569246137,99.38068687915802,0.0
5,waypoint_20,15.0,0.04323956389577521,-0.8068737827527108,1.0638120569246137,0.00411746896133991,0.0064511788077652454
6,waypoint_20,15.0,0.04323956389577521,-0.8068737827527108,1.0638120569246137,0.028357557312119752,0.0011283081257715821
7,waypoint_20,15.0,0.04323956389577521,-0.8068737827527108,1.0638120569246137,335.2910280227661,0.0
8,waypoint_20,15.0,0.04323956389577521,-0.8068737827527108,1.0638120569246137,337.29541301727295,0.0
9,waypoint_20,15.0,0.04323956389577521,-0.8068737827527108,1.0638120569246137,324.44214820861816,0.0
10,waypoint_20,15.0,0.04323956389577521,-0.8068737827527108,1.0638120569246137,350.63672065734863,0.0
11,waypoint_20,15.0,0.04323956389577521,-0.8068737827527108,1.0638120569246137,301.815927028656,0.0
12,waypoint_20,15.0,0.04323956389577521,-0.8068737827527108,1.0638120569246137,371.91009521484375,0.0
13,waypoint_20,15.0,0.04323956389577521,-0.8068737827527108,1.0638120569246137,549.449622631073,0.0
14,waypoint_20,15.0,0.04323956389577521,-0.8068737827527108,1.0638120569246137,511.30157709121704,0.0
0,waypoint_20,0.0,0.04323956389577521,-0.8068737827527108,1.0638120569246137,293.60833764076233,0.0
1,waypoint_20,0.0,0.04323956389577521,-0.8068737827527108,1.0638120569246137,125.0641942024231,0.0
2,waypoint_20,0.0,0.04323956389577521,-0.8068737827527108,1.0638120569246137,0.014859140719636343,0.02189812622964382
3,waypoint_20,0.0,0.04323956389577521,-0.8068737827527108,1.0638120569246137,0.0025926308353518834,0.02213525027036667
4,waypoint_20,0.0,0.04323956389577521,-0.8068737827527108,1.0638120569246137,119.90556865930557,0.0
5,waypoint_20,0.0,0.04323956389577521,-0.8068737827527108,1.0638120569246137,0.004661372713599121,0.007114735897630453
6,waypoint_20,0.0,0.04323956389577521,-0.8068737827527108,1.0638120569246137,0.02433534427837003,0.002230366924777627
7,waypoint_20,0.0,0.04323956389577521,-0.8068737827527108,1.0638120569246137,341.5176570415497,0.0
8,waypoint_20,0.0,0.04323956389577521,-0.8068737827527108,1.0638120569246137,339.30593729019165,0.0
9,waypoint_20,0.0,0.04323956389577521,-0.8068737827527108,1.0638120569246137,326.0565400123596,0.0
10,waypoint_20,0.0,0.04323956389577521,-0.8068737827527108,1.0638120569246137,375.2034306526184,0.0
11,waypoint_20,0.0,0.04323956389577521,-0.8068737827527108,1.0638120569246137,323.6900866031647,0.0
12,waypoint_20,0.0,0.04323956389577521,-0.8068737827527108,1.0638120569246137,372.75564670562744,0.0
13,waypoint_20,0.0,0.04323956389577521,-0.8068737827527108,1.0638120569246137,572.7892518043518,0.0
14,waypoint_20,0.0,0.04323956389577521,-0.8068737827527108,1.0638120569246137,526.5739560127258,0.0
0,waypoint_20,-15.0,0.04323956389577521,-0.8068737827527108,1.0638120569246137,238.90988528728485,0.0
1,waypoint_20,-15.0,0.04323956389577521,-0.8068737827527108,1.0638120569246137,2.916596829891205,0.0
2,waypoint_20,-15.0,0.04323956389577521,-0.8068737827527108,1.0638120569246137,0.00381655945602688,0.02920493856072426
3,waypoint_20,-15.0,0.04323956389577521,-0.8068737827527108,1.0638120569246137,0.0034897998375527095,0.025087133049964905
4,waypoint_20,-15.0,0.04323956389577521,-0.8068737827527108,1.0638120569246137,111.21974885463715,0.0
5,waypoint_20,-15.0,0.04323956389577521,-0.8068737827527108,1.0638120569246137,0.0050011103667202406,0.008008121512830257
6,waypoint_20,-15.0,0.04323956389577521,-0.8068737827527108,1.0638120569246137,0.009963498996512499,0.0021852196659892797
7,waypoint_20,-15.0,0.04323956389577521,-0.8068737827527108,1.0638120569246137,350.57511925697327,0.0
8,waypoint_20,-15.0,0.04323956389577521,-0.8068737827527108,1.0638120569246137,338.82030844688416,0.0
9,waypoint_20,-15.0,0.04323956389577521,-0.8068737827527108,1.0638120569246137,324.84009861946106,0.0
10,waypoint_20,-15.0,0.04323956389577521,-0.8068737827527108,1.0638120569246137,396.47793769836426,0.0
11,waypoint_20,-15.0,0.04323956389577521,-0.8068737827527108,1.0638120569246137,345.0692594051361,0.0
12,waypoint_20,-15.0,0.04323956389577521,-0.8068737827527108,1.0638120569246137,369.6487247943878,0.0
13,waypoint_20,-15.0,0.04323956389577521,-0.8068737827527108,1.0638120569246137,602.2059917449951,0.0
14,waypoint_20,-15.0,0.04323956389577521,-0.8068737827527108,1.0638120569246137,560.1257085800171,0.0
0,waypoint_20,-30.0,0.04323956389577521,-0.8068737827527108,1.0638120569246137,202.3821622133255,0.0
1,waypoint_20,-30.0,0.04323956389577521,-0.8068737827527108,1.0638120569246137,78.52225005626678,0.0
2,waypoint_20,-30.0,0.04323956389577521,-0.8068737827527108,1.0638120569246137,0.00605038530920865,0.03317904472351074
3,waypoint_20,-30.0,0.04323956389577521,-0.8068737827527108,1.0638120569246137,0.0045798715291311964,0.026654720306396484
4,waypoint_20,-30.0,0.04323956389577521,-0.8068737827527108,1.0638120569246137,105.57877272367477,0.0
5,waypoint_20,-30.0,0.04323956389577521,-0.8068737827527108,1.0638120569246137,0.0035222260521550197,0.008849285542964935
6,waypoint_20,-30.0,0.04323956389577521,-0.8068737827527108,1.0638120569246137,0.009691181730886456,0.0020219830330461264
7,waypoint_20,-30.0,0.04323956389577521,-0.8068737827527108,1.0638120569246137,355.56524991989136,0.0
8,waypoint_20,-30.0,0.04323956389577521,-0.8068737827527108,1.0638120569246137,336.05819940567017,0.0
9,waypoint_20,-30.0,0.04323956389577521,-0.8068737827527108,1.0638120569246137,319.92971897125244,0.0
10,waypoint_20,-30.0,0.04323956389577521,-0.8068737827527108,1.0638120569246137,418.94662380218506,0.0
11,waypoint_20,-30.0,0.04323956389577521,-0.8068737827527108,1.0638120569246137,357.9697906970978,0.0
12,waypoint_20,-30.0,0.04323956389577521,-0.8068737827527108,1.0638120569246137,369.60750818252563,0.0
13,waypoint_20,-30.0,0.04323956389577521,-0.8068737827527108,1.0638120569246137,629.3100714683533,0.0
14,waypoint_20,-30.0,0.04323956389577521,-0.8068737827527108,1.0638120569246137,582.9243063926697,0.0
0,waypoint_21,-30.0,-0.1367604361042239,-0.7819241070227957,1.0638120569246137,260.0838541984558,0.0
1,waypoint_21,-30.0,-0.1367604361042239,-0.7819241070227957,1.0638120569246137,351.85080766677856,0.0
2,waypoint_21,-30.0,-0.1367604361042239,-0.7819241070227957,1.0638120569246137,0.01259845339518506,0.0197114497423172
3,waypoint_21,-30.0,-0.1367604361042239,-0.7819241070227957,1.0638120569246137,0.009610959750716574,0.010729040950536728
4,waypoint_21,-30.0,-0.1367604361042239,-0.7819241070227957,1.0638120569246137,241.98079109191895,0.0
5,waypoint_21,-30.0,-0.1367604361042239,-0.7819241070227957,1.0638120569246137,0.011294097021163907,0.009680711664259434
6,waypoint_21,-30.0,-0.1367604361042239,-0.7819241070227957,1.0638120569246137,0.01471404993935721,0.02051386423408985
7,waypoint_21,-30.0,-0.1367604361042239,-0.7819241070227957,1.0638120569246137,325.830340385437,0.0
8,waypoint_21,-30.0,-0.1367604361042239,-0.7819241070227957,1.0638120569246137,312.36305832862854,0.0
9,waypoint_21,-30.0,-0.1367604361042239,-0.7819241070227957,1.0638120569246137,337.71461248397827,0.0
10,waypoint_21,-30.0,-0.1367604361042239,-0.7819241070227957,1.0638120569246137,544.7047352790833,0.0
11,waypoint_21,-30.0,-0.1367604361042239,-0.7819241070227957,1.0638120569246137,472.68250584602356,0.0
12,waypoint_21,-30.0,-0.1367604361042239,-0.7819241070227957,1.0638120569246137,458.3556652069092,0.0
13,waypoint_21,-30.0,-0.1367604361042239,-0.7819241070227957,1.0638120569246137,786.965548992157,0.0
14,waypoint_21,-30.0,-0.1367604361042239,-0.7819241070227957,1.0638120569246137,757.6670050621033,0.0
0,waypoint_21,-15.0,-0.1367604361042239,-0.7819241070227957,1.0638120569246137,143.74518394470215,0.0
1,waypoint_21,-15.0,-0.1367604361042239,-0.7819241070227957,1.0638120569246137,309.02519822120667,0.0
2,waypoint_21,-15.0,-0.1367604361042239,-0.7819241070227957,1.0638120569246137,0.005096806944493437,0.019296756014227867
3,waypoint_21,-15.0,-0.1367604361042239,-0.7819241070227957,1.0638120569246137,0.004271620127838105,0.010188852436840534
4,waypoint_21,-15.0,-0.1367604361042239,-0.7819241070227957,1.0638120569246137,224.34596717357635,0.0
5,waypoint_21,-15.0,-0.1367604361042239,-0.7819241070227957,1.0638120569246137,0.005352483640308492,0.010142180137336254
6,waypoint_21,-15.0,-0.1367604361042239,-0.7819241070227957,1.0638120569246137,0.005431243152997922,0.01963997446000576
7,waypoint_21,-15.0,-0.1367604361042239,-0.7819241070227957,1.0638120569246137,315.37964940071106,0.0
8,waypoint_21,-15.0,-0.1367604361042239,-0.7819241070227957,1.0638120569246137,310.33915281295776,0.0
9,waypoint_21,-15.0,-0.1367604361042239,-0.7819241070227957,1.0638120569246137,334.5125615596771,0.0
10,waypoint_21,-15.0,-0.1367604361042239,-0.7819241070227957,1.0638120569246137,523.0318307876587,0.0
11,waypoint_21,-15.0,-0.1367604361042239,-0.7819241070227957,1.0638120569246137,460.7486128807068,0.0
12,waypoint_21,-15.0,-0.1367604361042239,-0.7819241070227957,1.0638120569246137,458.9273929595947,0.0
13,waypoint_21,-15.0,-0.1367604361042239,-0.7819241070227957,1.0638120569246137,784.2375040054321,0.0
14,waypoint_21,-15.0,-0.1367604361042239,-0.7819241070227957,1.0638120569246137,755.098819732666,0.0
0,waypoint_21,0.0,-0.1367604361042239,-0.7819241070227957,1.0638120569246137,64.48573619127274,0.0
1,waypoint_21,0.0,-0.1367604361042239,-0.7819241070227957,1.0638120569246137,103.85313630104065,0.0
2,waypoint_21,0.0,-0.1367604361042239,-0.7819241070227957,1.0638120569246137,0.00384438408218557,0.018217703327536583
3,waypoint_21,0.0,-0.1367604361042239,-0.7819241070227957,1.0638120569246137,0.0055454747780459,0.009459461085498333
4,waypoint_21,0.0,-0.1367604361042239,-0.7819241070227957,1.0638120569246137,210.21458506584167,0.0
5,waypoint_21,0.0,-0.1367604361042239,-0.7819241070227957,1.0638120569246137,0.004612336852005683,0.009743694216012955
6,waypoint_21,0.0,-0.1367604361042239,-0.7819241070227957,1.0638120569246137,0.006499093160527991,0.016703778877854347
7,waypoint_21,0.0,-0.1367604361042239,-0.7819241070227957,1.0638120569246137,299.5006740093231,0.0
8,waypoint_21,0.0,-0.1367604361042239,-0.7819241070227957,1.0638120569246137,301.21079087257385,0.0
9,waypoint_21,0.0,-0.1367604361042239,-0.7819241070227957,1.0638120569246137,323.96021485328674,0.0
10,waypoint_21,0.0,-0.1367604361042239,-0.7819241070227957,1.0638120569246137,485.622763633728,0.0
11,waypoint_21,0.0,-0.1367604361042239,-0.7819241070227957,1.0638120569246137,432.7707588672638,0.0
12,waypoint_21,0.0,-0.1367604361042239,-0.7819241070227957,1.0638120569246137,455.01941442489624,0.0
13,waypoint_21,0.0,-0.1367604361042239,-0.7819241070227957,1.0638120569246137,760.4052424430847,0.0
14,waypoint_21,0.0,-0.1367604361042239,-0.7819241070227957,1.0638120569246137,728.5786271095276,0.0
0,waypoint_21,15.0,-0.1367604361042239,-0.7819241070227957,1.0638120569246137,0.14665687922388315,0.011202988214790821
1,waypoint_21,15.0,-0.1367604361042239,-0.7819241070227957,1.0638120569246137,49.80020225048065,0.0
2,waypoint_21,15.0,-0.1367604361042239,-0.7819241070227957,1.0638120569246137,0.0025033950805664062,0.016489632427692413
3,waypoint_21,15.0,-0.1367604361042239,-0.7819241070227957,1.0638120569246137,0.002162260670957039,0.008771801367402077
4,waypoint_21,15.0,-0.1367604361042239,-0.7819241070227957,1.0638120569246137,202.04855501651764,0.0
5,waypoint_21,15.0,-0.1367604361042239,-0.7819241070227957,1.0638120569246137,0.0027392209176468896,0.007842150516808033
6,waypoint_21,15.0,-0.1367604361042239,-0.7819241070227957,1.0638120569246137,0.003386237722224905,0.009398362599313259
7,waypoint_21,15.0,-0.1367604361042239,-0.7819241070227957,1.0638120569246137,282.2100818157196,0.0
8,waypoint_21,15.0,-0.1367604361042239,-0.7819241070227957,1.0638120569246137,294.139564037323,0.0
9,waypoint_21,15.0,-0.1367604361042239,-0.7819241070227957,1.0638120569246137,316.2890672683716,0.0
10,waypoint_21,15.0,-0.1367604361042239,-0.7819241070227957,1.0638120569246137,464.34286236763,0.0
11,waypoint_21,15.0,-0.1367604361042239,-0.7819241070227957,1.0638120569246137,408.89957547187805,0.0
12,waypoint_21,15.0,-0.1367604361042239,-0.7819241070227957,1.0638120569246137,449.51575994491577,0.0
13,waypoint_21,15.0,-0.1367604361042239,-0.7819241070227957,1.0638120569246137,735.4621887207031,0.0
14,waypoint_21,15.0,-0.1367604361042239,-0.7819241070227957,1.0638120569246137,707.1117758750916,0.0
0,waypoint_21,30.0,-0.1367604361042239,-0.7819241070227957,1.0638120569246137,159.51354801654816,0.0
1,waypoint_21,30.0,-0.1367604361042239,-0.7819241070227957,1.0638120569246137,0.36408609594218433,0.008793502114713192
2,waypoint_21,30.0,-0.1367604361042239,-0.7819241070227957,1.0638120569246137,0.0029224515856185462,0.014113719575107098
3,waypoint_21,30.0,-0.1367604361042239,-0.7819241070227957,1.0638120569246137,0.004498472662817221,0.00829734094440937
4,waypoint_21,30.0,-0.1367604361042239,-0.7819241070227957,1.0638120569246137,197.51818478107452,0.0
5,waypoint_21,30.0,-0.1367604361042239,-0.7819241070227957,1.0638120569246137,0.008721852282178588,0.002394522540271282
6,waypoint_21,30.0,-0.1367604361042239,-0.7819241070227957,1.0638120569246137,54.29445952177048,0.0
7,waypoint_21,30.0,-0.1367604361042239,-0.7819241070227957,1.0638120569246137,265.3855085372925,0.0
8,waypoint_21,30.0,-0.1367604361042239,-0.7819241070227957,1.0638120569246137,271.8202769756317,0.0
9,waypoint_21,30.0,-0.1367604361042239,-0.7819241070227957,1.0638120569246137,296.2961494922638,0.0
10,waypoint_21,30.0,-0.1367604361042239,-0.7819241070227957,1.0638120569246137,436.37311458587646,0.0
11,waypoint_21,30.0,-0.1367604361042239,-0.7819241070227957,1.0638120569246137,385.33496856689453,0.0
12,waypoint_21,30.0,-0.1367604361042239,-0.7819241070227957,1.0638120569246137,441.6438341140747,0.0
13,waypoint_21,30.0,-0.1367604361042239,-0.7819241070227957,1.0638120569246137,703.106701374054,0.0
14,waypoint_21,30.0,-0.1367604361042239,-0.7819241070227957,1.0638120569246137,681.5365552902222,0.0
0,waypoint_22,30.0,-0.11676043610422432,-0.7819241070227957,1.0638120569246137,198.40316474437714,0.0
1,waypoint_22,30.0,-0.11676043610422432,-0.7819241070227957,1.0638120569246137,0.06837720866315067,0.00920873787254095
2,waypoint_22,30.0,-0.11676043610422432,-0.7819241070227957,1.0638120569246137,0.010707622095651459,0.0148320272564888
3,waypoint_22,30.0,-0.11676043610422432,-0.7819241070227957,1.0638120569246137,0.011014448318746872,0.009646656922996044
4,waypoint_22,30.0,-0.11676043610422432,-0.7819241070227957,1.0638120569246137,180.56032061576843,0.0
5,waypoint_22,30.0,-0.11676043610422432,-0.7819241070227957,1.0638120569246137,0.01918973430292681,0.00276417494751513
6,waypoint_22,30.0,-0.11676043610422432,-0.7819241070227957,1.0638120569246137,25.573624297976494,0.0
7,waypoint_22,30.0,-0.11676043610422432,-0.7819241070227957,1.0638120569246137,267.17108488082886,0.0
8,waypoint_22,30.0,-0.11676043610422432,-0.7819241070227957,1.0638120569246137,271.11801505088806,0.0
9,waypoint_22,30.0,-0.11676043610422432,-0.7819241070227957,1.0638120569246137,291.5382385253906,0.0
10,waypoint_22,30.0,-0.11676043610422432,-0.7819241070227957,1.0638120569246137,423.43974113464355,0.0
11,waypoint_22,30.0,-0.11676043610422432,-0.7819241070227957,1.0638120569246137,372.10971117019653,0.0
12,waypoint_22,30.0,-0.11676043610422432,-0.7819241070227957,1.0638120569246137,428.5658597946167,0.0
13,waypoint_22,30.0,-0.11676043610422432,-0.7819241070227957,1.0638120569246137,686.7199540138245,0.0
14,waypoint_22,30.0,-0.11676043610422432,-0.7819241070227957,1.0638120569246137,663.5075807571411,0.0
0,waypoint_22,15.0,-0.11676043610422432,-0.7819241070227957,1.0638120569246137,0.7742440793663263,0.006291208788752556
1,waypoint_22,15.0,-0.11676043610422432,-0.7819241070227957,1.0638120569246137,30.729619786143303,0.0
2,waypoint_22,15.0,-0.11676043610422432,-0.7819241070227957,1.0638120569246137,0.0036079277379030827,0.01775108091533184
3,waypoint_22,15.0,-0.11676043610422432,-0.7819241070227957,1.0638120569246137,0.0034052984574373113,0.010443749837577343
4,waypoint_22,15.0,-0.11676043610422432,-0.7819241070227957,1.0638120569246137,179.1767179965973,0.0
5,waypoint_22,15.0,-0.11676043610422432,-0.7819241070227957,1.0638120569246137,0.02501577910152264,0.006509813014417887
6,waypoint_22,15.0,-0.11676043610422432,-0.7819241070227957,1.0638120569246137,0.005957800112810219,0.010279765352606773
7,waypoint_22,15.0,-0.11676043610422432,-0.7819241070227957,1.0638120569246137,285.53932905197144,0.0
8,waypoint_22,15.0,-0.11676043610422432,-0.7819241070227957,1.0638120569246137,291.6293740272522,0.0
9,waypoint_22,15.0,-0.11676043610422432,-0.7819241070227957,1.0638120569246137,308.67600440979004,0.0
10,waypoint_22,15.0,-0.11676043610422432,-0.7819241070227957,1.0638120569246137,446.5848207473755,0.0
11,waypoint_22,15.0,-0.11676043610422432,-0.7819241070227957,1.0638120569246137,394.06687021255493,0.0
12,waypoint_22,15.0,-0.11676043610422432,-0.7819241070227957,1.0638120569246137,434.64183807373047,0.0
13,waypoint_22,15.0,-0.11676043610422432,-0.7819241070227957,1.0638120569246137,711.9240760803223,0.0
14,waypoint_22,15.0,-0.11676043610422432,-0.7819241070227957,1.0638120569246137,681.2491416931152,0.0
0,waypoint_22,0.0,-0.11676043610422432,-0.7819241070227957,1.0638120569246137,55.84217980504036,0.0
1,waypoint_22,0.0,-0.11676043610422432,-0.7819241070227957,1.0638120569246137,24.653226137161255,0.0
2,waypoint_22,0.0,-0.11676043610422432,-0.7819241070227957,1.0638120569246137,0.00380163646696019,0.019791120663285255
3,waypoint_22,0.0,-0.11676043610422432,-0.7819241070227957,1.0638120569246137,0.0035543564536055783,0.011300811544060707
4,waypoint_22,0.0,-0.11676043610422432,-0.7819241070227957,1.0638120569246137,170.25338113307953,0.0
5,waypoint_22,0.0,-0.11676043610422432,-0.7819241070227957,1.0638120569246137,0.005993750164634548,0.00790727511048317
6,waypoint_22,0.0,-0.11676043610422432,-0.7819241070227957,1.0638120569246137,0.01330926716036629,0.015787694603204727
7,waypoint_22,0.0,-0.11676043610422432,-0.7819241070227957,1.0638120569246137,304.4351637363434,0.0
8,waypoint_22,0.0,-0.11676043610422432,-0.7819241070227957,1.0638120569246137,297.5184917449951,0.0
9,waypoint_22,0.0,-0.11676043610422432,-0.7819241070227957,1.0638120569246137,316.29571318626404,0.0
10,waypoint_22,0.0,-0.11676043610422432,-0.7819241070227957,1.0638120569246137,471.2681472301483,0.0
11,waypoint_22,0.0,-0.11676043610422432,-0.7819241070227957,1.0638120569246137,416.60022735595703,0.0
12,waypoint_22,0.0,-0.11676043610422432,-0.7819241070227957,1.0638120569246137,437.9720985889435,0.0
13,waypoint_22,0.0,-0.11676043610422432,-0.7819241070227957,1.0638120569246137,732.6849102973938,0.0
14,waypoint_22,0.0,-0.11676043610422432,-0.7819241070227957,1.0638120569246137,701.6021013259888,0.0
0,waypoint_22,-15.0,-0.11676043610422432,-0.7819241070227957,1.0638120569246137,82.12802559137344,0.0
1,waypoint_22,-15.0,-0.11676043610422432,-0.7819241070227957,1.0638120569246137,75.13245195150375,0.0
2,waypoint_22,-15.0,-0.11676043610422432,-0.7819241070227957,1.0638120569246137,0.003471426907708519,0.021027781069278717
3,waypoint_22,-15.0,-0.11676043610422432,-0.7819241070227957,1.0638120569246137,0.003846231720672222,0.012061620131134987
4,waypoint_22,-15.0,-0.11676043610422432,-0.7819241070227957,1.0638120569246137,161.73799335956573,0.0
5,waypoint_22,-15.0,-0.11676043610422432,-0.7819241070227957,1.0638120569246137,0.006379646492860047,0.00805787555873394
6,waypoint_22,-15.0,-0.11676043610422432,-0.7819241070227957,1.0638120569246137,0.003999851742264582,0.017977718263864517
7,waypoint_22,-15.0,-0.11676043610422432,-0.7819241070227957,1.0638120569246137,322.35226035118103,0.0
8,waypoint_22,-15.0,-0.11676043610422432,-0.7819241070227957,1.0638120569246137,306.3431978225708,0.0
9,waypoint_22,-15.0,-0.11676043610422432,-0.7819241070227957,1.0638120569246137,321.4419484138489,0.0
10,waypoint_22,-15.0,-0.11676043610422432,-0.7819241070227957,1.0638120569246137,493.07844042778015,0.0
11,waypoint_22,-15.0,-0.11676043610422432,-0.7819241070227957,1.0638120569246137,433.0926835536957,0.0
12,waypoint_22,-15.0,-0.11676043610422432,-0.7819241070227957,1.0638120569246137,438.5738670825958,0.0
13,waypoint_22,-15.0,-0.11676043610422432,-0.7819241070227957,1.0638120569246137,784.7319841384888,0.0
14,waypoint_22,-15.0,-0.11676043610422432,-0.7819241070227957,1.0638120569246137,728.1531691551208,0.0
0,waypoint_22,-30.0,-0.11676043610422432,-0.7819241070227957,1.0638120569246137,146.86734974384308,0.0
1,waypoint_22,-30.0,-0.11676043610422432,-0.7819241070227957,1.0638120569246137,195.52336633205414,0.0
2,waypoint_22,-30.0,-0.11676043610422432,-0.7819241070227957,1.0638120569246137,0.004956870725436602,0.021498650312423706
3,waypoint_22,-30.0,-0.11676043610422432,-0.7819241070227957,1.0638120569246137,0.0050688486226135865,0.012536403723061085
4,waypoint_22,-30.0,-0.11676043610422432,-0.7819241070227957,1.0638120569246137,153.7143588066101,0.0
5,waypoint_22,-30.0,-0.11676043610422432,-0.7819241070227957,1.0638120569246137,0.005899354619032238,0.007512454874813557
6,waypoint_22,-30.0,-0.11676043610422432,-0.7819241070227957,1.0638120569246137,0.0056320081966987345,0.018438220024108887
7,waypoint_22,-30.0,-0.11676043610422432,-0.7819241070227957,1.0638120569246137,333.5103392601013,0.0
8,waypoint_22,-30.0,-0.11676043610422432,-0.7819241070227957,1.0638120569246137,308.9556396007538,0.0
9,waypoint_22,-30.0,-0.11676043610422432,-0.7819241070227957,1.0638120569246137,322.4077522754669,0.0
10,waypoint_22,-30.0,-0.11676043610422432,-0.7819241070227957,1.0638120569246137,496.9814717769623,0.0
11,waypoint_22,-30.0,-0.11676043610422432,-0.7819241070227957,1.0638120569246137,444.5120394229889,0.0
12,waypoint_22,-30.0,-0.11676043610422432,-0.7819241070227957,1.0638120569246137,442.8866505622864,0.0
13,waypoint_22,-30.0,-0.11676043610422432,-0.7819241070227957,1.0638120569246137,813.1152391433716,0.0
14,waypoint_22,-30.0,-0.11676043610422432,-0.7819241070227957,1.0638120569246137,748.7960457801819,0.0
0,waypoint_23,-30.0,-0.09676043610422452,-0.7819241070227957,1.0638120569246137,131.53663277626038,0.0
1,waypoint_23,-30.0,-0.09676043610422452,-0.7819241070227957,1.0638120569246137,186.56082451343536,0.0
2,waypoint_23,-30.0,-0.09676043610422452,-0.7819241070227957,1.0638120569246137,0.012938464351464063,0.02327987551689148
3,waypoint_23,-30.0,-0.09676043610422452,-0.7819241070227957,1.0638120569246137,0.010174077942792792,0.01433608215302229
4,waypoint_23,-30.0,-0.09676043610422452,-0.7819241070227957,1.0638120569246137,153.76031398773193,0.0
5,waypoint_23,-30.0,-0.09676043610422452,-0.7819241070227957,1.0638120569246137,0.011101195013907272,0.00540233263745904
6,waypoint_23,-30.0,-0.09676043610422452,-0.7819241070227957,1.0638120569246137,0.009676546142145526,0.016284458339214325
7,waypoint_23,-30.0,-0.09676043610422452,-0.7819241070227957,1.0638120569246137,334.5485329627991,0.0
8,waypoint_23,-30.0,-0.09676043610422452,-0.7819241070227957,1.0638120569246137,307.0827126502991,0.0
9,waypoint_23,-30.0,-0.09676043610422452,-0.7819241070227957,1.0638120569246137,321.64832949638367,0.0
10,waypoint_23,-30.0,-0.09676043610422452,-0.7819241070227957,1.0638120569246137,627.2017955780029,0.0
11,waypoint_23,-30.0,-0.09676043610422452,-0.7819241070227957,1.0638120569246137,431.0814142227173,0.0
12,waypoint_23,-30.0,-0.09676043610422452,-0.7819241070227957,1.0638120569246137,431.1012029647827,0.0
13,waypoint_23,-30.0,-0.09676043610422452,-0.7819241070227957,1.0638120569246137,795.2494621276855,0.0
14,waypoint_23,-30.0,-0.09676043610422452,-0.7819241070227957,1.0638120569246137,739.1641736030579,0.0
0,waypoint_23,-15.0,-0.09676043610422452,-0.7819241070227957,1.0638120569246137,87.42251992225647,0.0
1,waypoint_23,-15.0,-0.09676043610422452,-0.7819241070227957,1.0638120569246137,136.94164156913757,0.0
2,waypoint_23,-15.0,-0.09676043610422452,-0.7819241070227957,1.0638120569246137,0.0035443470096652163,0.022713663056492805
3,waypoint_23,-15.0,-0.09676043610422452,-0.7819241070227957,1.0638120569246137,0.00563319099455839,0.013909799978137016
4,waypoint_23,-15.0,-0.09676043610422452,-0.7819241070227957,1.0638120569246137,161.18353605270386,0.0
5,waypoint_23,-15.0,-0.09676043610422452,-0.7819241070227957,1.0638120569246137,0.0028435852073016576,0.005972729064524174
6,waypoint_23,-15.0,-0.09676043610422452,-0.7819241070227957,1.0638120569246137,0.005392784714786103,0.016155490651726723
7,waypoint_23,-15.0,-0.09676043610422452,-0.7819241070227957,1.0638120569246137,326.7582654953003,0.0
8,waypoint_23,-15.0,-0.09676043610422452,-0.7819241070227957,1.0638120569246137,304.9965500831604,0.0
9,waypoint_23,-15.0,-0.09676043610422452,-0.7819241070227957,1.0638120569246137,318.3990716934204,0.0
10,waypoint_23,-15.0,-0.09676043610422452,-0.7819241070227957,1.0638120569246137,378.14924120903015,0.0
11,waypoint_23,-15.0,-0.09676043610422452,-0.7819241070227957,1.0638120569246137,421.34973406791687,0.0
12,waypoint_23,-15.0,-0.09676043610422452,-0.7819241070227957,1.0638120569246137,429.8084080219269,0.0
13,waypoint_23,-15.0,-0.09676043610422452,-0.7819241070227957,1.0638120569246137,768.486738204956,0.0
14,waypoint_23,-15.0,-0.09676043610422452,-0.7819241070227957,1.0638120569246137,721.6241359710693,0.0
0,waypoint_23,0.0,-0.09676043610422452,-0.7819241070227957,1.0638120569246137,40.24837166070938,0.0
1,waypoint_23,0.0,-0.09676043610422452,-0.7819241070227957,1.0638120569246137,66.51344150304794,0.0
2,waypoint_23,0.0,-0.09676043610422452,-0.7819241070227957,1.0638120569246137,0.00411746896133991,0.021274251863360405
3,waypoint_23,0.0,-0.09676043610422452,-0.7819241070227957,1.0638120569246137,0.005257386419543764,0.013104056939482689
4,waypoint_23,0.0,-0.09676043610422452,-0.7819241070227957,1.0638120569246137,169.25665736198425,0.0
5,waypoint_23,0.0,-0.09676043610422452,-0.7819241070227957,1.0638120569246137,0.0028435852073016576,0.006010000128298998
6,waypoint_23,0.0,-0.09676043610422452,-0.7819241070227957,1.0638120569246137,0.0026104264634341234,0.014564772136509418
7,waypoint_23,0.0,-0.09676043610422452,-0.7819241070227957,1.0638120569246137,309.94918942451477,0.0
8,waypoint_23,0.0,-0.09676043610422452,-0.7819241070227957,1.0638120569246137,297.73664474487305,0.0
9,waypoint_23,0.0,-0.09676043610422452,-0.7819241070227957,1.0638120569246137,313.06251883506775,0.0
10,waypoint_23,0.0,-0.09676043610422452,-0.7819241070227957,1.0638120569246137,374.4547367095947,0.0
11,waypoint_23,0.0,-0.09676043610422452,-0.7819241070227957,1.0638120569246137,403.41636538505554,0.0
12,waypoint_23,0.0,-0.09676043610422452,-0.7819241070227957,1.0638120569246137,425.669401884079,0.0
13,waypoint_23,0.0,-0.09676043610422452,-0.7819241070227957,1.0638120569246137,739.703893661499,0.0
14,waypoint_23,0.0,-0.09676043610422452,-0.7819241070227957,1.0638120569246137,696.1845755577087,0.0
0,waypoint_23,15.0,-0.09676043610422452,-0.7819241070227957,1.0638120569246137,5.969945341348648,0.0
1,waypoint_23,15.0,-0.09676043610422452,-0.7819241070227957,1.0638120569246137,48.3894944190979,0.0
2,waypoint_23,15.0,-0.09676043610422452,-0.7819241070227957,1.0638120569246137,0.003960906724387314,0.018862038850784302
3,waypoint_23,15.0,-0.09676043610422452,-0.7819241070227957,1.0638120569246137,0.002384185791015625,0.012066606432199478
4,waypoint_23,15.0,-0.09676043610422452,-0.7819241070227957,1.0638120569246137,177.08390951156616,0.0
5,waypoint_23,15.0,-0.09676043610422452,-0.7819241070227957,1.0638120569246137,0.0015266238051481196,0.005035744979977608
6,waypoint_23,15.0,-0.09676043610422452,-0.7819241070227957,1.0638120569246137,0.0034657934975257376,0.010329503566026688
7,waypoint_23,15.0,-0.09676043610422452,-0.7819241070227957,1.0638120569246137,290.67060351371765,0.0
8,waypoint_23,15.0,-0.09676043610422452,-0.7819241070227957,1.0638120569246137,290.5280292034149,0.0
9,waypoint_23,15.0,-0.09676043610422452,-0.7819241070227957,1.0638120569246137,296.9947159290314,0.0
10,waypoint_23,15.0,-0.09676043610422452,-0.7819241070227957,1.0638120569246137,369.18094754219055,0.0
11,waypoint_23,15.0,-0.09676043610422452,-0.7819241070227957,1.0638120569246137,378.71232628822327,0.0
12,waypoint_23,15.0,-0.09676043610422452,-0.7819241070227957,1.0638120569246137,420.5060005187988,0.0
13,waypoint_23,15.0,-0.09676043610422452,-0.7819241070227957,1.0638120569246137,714.2302393913269,0.0
14,waypoint_23,15.0,-0.09676043610422452,-0.7819241070227957,1.0638120569246137,675.4866242408752,0.0
0,waypoint_23,30.0,-0.09676043610422452,-0.7819241070227957,1.0638120569246137,158.46072137355804,0.0
1,waypoint_23,30.0,-0.09676043610422452,-0.7819241070227957,1.0638120569246137,0.030019031328265555,0.009528634138405323
2,waypoint_23,30.0,-0.09676043610422452,-0.7819241070227957,1.0638120569246137,0.0036645951695390977,0.015293183736503124
3,waypoint_23,30.0,-0.09676043610422452,-0.7819241070227957,1.0638120569246137,0.0020265579223632812,0.010929821990430355
4,waypoint_23,30.0,-0.09676043610422452,-0.7819241070227957,1.0638120569246137,165.08911550045013,0.0
5,waypoint_23,30.0,-0.09676043610422452,-0.7819241070227957,1.0638120569246137,45.333705842494965,0.0
6,waypoint_23,30.0,-0.09676043610422452,-0.7819241070227957,1.0638120569246137,0.5204063490964472,2.20710935536772e-05
7,waypoint_23,30.0,-0.09676043610422452,-0.7819241070227957,1.0638120569246137,271.00685238838196,0.0
8,waypoint_23,30.0,-0.09676043610422452,-0.7819241070227957,1.0638120569246137,271.02482318878174,0.0
9,waypoint_23,30.0,-0.09676043610422452,-0.7819241070227957,1.0638120569246137,282.82496333122253,0.0
10,waypoint_23,30.0,-0.09676043610422452,-0.7819241070227957,1.0638120569246137,356.67604207992554,0.0
11,waypoint_23,30.0,-0.09676043610422452,-0.7819241070227957,1.0638120569246137,355.68007826805115,0.0
12,waypoint_23,30.0,-0.09676043610422452,-0.7819241070227957,1.0638120569246137,414.96700048446655,0.0
13,waypoint_23,30.0,-0.09676043610422452,-0.7819241070227957,1.0638120569246137,685.1184368133545,0.0
14,waypoint_23,30.0,-0.09676043610422452,-0.7819241070227957,1.0638120569246137,653.6239385604858,0.0
0,waypoint_24,30.0,-0.076760436104224,-0.7819241070227957,1.0638120569246137,193.31960380077362,0.0
1,waypoint_24,30.0,-0.076760436104224,-0.7819241070227957,1.0638120569246137,0.388432847103104,1.2945193361701968e-07
2,waypoint_24,30.0,-0.076760436104224,-0.7819241070227957,1.0638120569246137,0.009784606845641974,0.01541959960013628
3,waypoint_24,30.0,-0.076760436104224,-0.7819241070227957,1.0638120569246137,0.011846788765979,0.0121235903352499
4,waypoint_24,30.0,-0.076760436104224,-0.7819241070227957,1.0638120569246137,148.10775220394135,0.0
5,waypoint_24,30.0,-0.076760436104224,-0.7819241070227957,1.0638120569246137,88.6034220457077,0.0
6,waypoint_24,30.0,-0.076760436104224,-0.7819241070227957,1.0638120569246137,0.011236700629524421,0.001986843068152666
7,waypoint_24,30.0,-0.076760436104224,-0.7819241070227957,1.0638120569246137,277.28012204170227,0.0
8,waypoint_24,30.0,-0.076760436104224,-0.7819241070227957,1.0638120569246137,273.66212010383606,0.0
9,waypoint_24,30.0,-0.076760436104224,-0.7819241070227957,1.0638120569246137,281.9397747516632,0.0
10,waypoint_24,30.0,-0.076760436104224,-0.7819241070227957,1.0638120569246137,351.0640263557434,0.0
11,waypoint_24,30.0,-0.076760436104224,-0.7819241070227957,1.0638120569246137,341.26749634742737,0.0
12,waypoint_24,30.0,-0.076760436104224,-0.7819241070227957,1.0638120569246137,403.18867564201355,0.0
13,waypoint_24,30.0,-0.076760436104224,-0.7819241070227957,1.0638120569246137,668.2714223861694,0.0
14,waypoint_24,30.0,-0.076760436104224,-0.7819241070227957,1.0638120569246137,634.7036361694336,0.0
0,waypoint_24,15.0,-0.076760436104224,-0.7819241070227957,1.0638120569246137,138.61021399497986,0.0
1,waypoint_24,15.0,-0.076760436104224,-0.7819241070227957,1.0638120569246137,0.01631088525755331,0.01963253691792488
2,waypoint_24,15.0,-0.076760436104224,-0.7819241070227957,1.0638120569246137,0.0025484034722467186,0.01978636346757412
3,waypoint_24,15.0,-0.076760436104224,-0.7819241070227957,1.0638120569246137,0.002831063738994999,0.013626565225422382
4,waypoint_24,15.0,-0.076760436104224,-0.7819241070227957,1.0638120569246137,151.58182382583618,0.0
5,waypoint_24,15.0,-0.076760436104224,-0.7819241070227957,1.0638120569246137,0.0160804447659757,0.0034660114906728268
6,waypoint_24,15.0,-0.076760436104224,-0.7819241070227957,1.0638120569246137,0.008760567652643658,0.009839361533522606
7,waypoint_24,15.0,-0.076760436104224,-0.7819241070227957,1.0638120569246137,293.04102063179016,0.0
8,waypoint_24,15.0,-0.076760436104224,-0.7819241070227957,1.0638120569246137,290.44345021247864,0.0
9,waypoint_24,15.0,-0.076760436104224,-0.7819241070227957,1.0638120569246137,294.5587635040283,0.0
10,waypoint_24,15.0,-0.076760436104224,-0.7819241070227957,1.0638120569246137,355.1185429096222,0.0
11,waypoint_24,15.0,-0.076760436104224,-0.7819241070227957,1.0638120569246137,365.3227388858795,0.0
12,waypoint_24,15.0,-0.076760436104224,-0.7819241070227957,1.0638120569246137,408.7678790092468,0.0
13,waypoint_24,15.0,-0.076760436104224,-0.7819241070227957,1.0638120569246137,693.6461329460144,0.0
14,waypoint_24,15.0,-0.076760436104224,-0.7819241070227957,1.0638120569246137,647.1855044364929,0.0
0,waypoint_24,0.0,-0.076760436104224,-0.7819241070227957,1.0638120569246137,0.1328126818407327,0.012860678136348724
1,waypoint_24,0.0,-0.076760436104224,-0.7819241070227957,1.0638120569246137,0.0043788122638943605,0.026693115010857582
2,waypoint_24,0.0,-0.076760436104224,-0.7819241070227957,1.0638120569246137,0.00484083648188971,0.022646334022283554
3,waypoint_24,0.0,-0.076760436104224,-0.7819241070227957,1.0638120569246137,0.004636919584299903,0.014863351359963417
4,waypoint_24,0.0,-0.076760436104224,-0.7819241070227957,1.0638120569246137,153.29724550247192,0.0
5,waypoint_24,0.0,-0.076760436104224,-0.7819241070227957,1.0638120569246137,0.007570493835373782,0.004073961637914181
6,waypoint_24,0.0,-0.076760436104224,-0.7819241070227957,1.0638120569246137,0.00769425696489634,0.013112972490489483
7,waypoint_24,0.0,-0.076760436104224,-0.7819241070227957,1.0638120569246137,314.16991353034973,0.0
8,waypoint_24,0.0,-0.076760436104224,-0.7819241070227957,1.0638120569246137,297.6928651332855,0.0
9,waypoint_24,0.0,-0.076760436104224,-0.7819241070227957,1.0638120569246137,303.20805311203003,0.0
10,waypoint_24,0.0,-0.076760436104224,-0.7819241070227957,1.0638120569246137,353.8559675216675,0.0
11,waypoint_24,0.0,-0.076760436104224,-0.7819241070227957,1.0638120569246137,389.3766403198242,0.0
12,waypoint_24,0.0,-0.076760436104224,-0.7819241070227957,1.0638120569246137,410.29855608940125,0.0
13,waypoint_24,0.0,-0.076760436104224,-0.7819241070227957,1.0638120569246137,720.9812998771667,0.0
14,waypoint_24,0.0,-0.076760436104224,-0.7819241070227957,1.0638120569246137,663.5360717773438,0.0
0,waypoint_24,-15.0,-0.076760436104224,-0.7819241070227957,1.0638120569246137,75.41205734014511,0.0
1,waypoint_24,-15.0,-0.076760436104224,-0.7819241070227957,1.0638120569246137,0.006337182185234269,0.0307457335293293
2,waypoint_24,-15.0,-0.076760436104224,-0.7819241070227957,1.0638120569246137,0.005592682100541424,0.024341486394405365
3,waypoint_24,-15.0,-0.076760436104224,-0.7819241070227957,1.0638120569246137,0.0040478530536347535,0.015733161941170692
4,waypoint_24,-15.0,-0.076760436104224,-0.7819241070227957,1.0638120569246137,156.90618753433228,0.0
5,waypoint_24,-15.0,-0.076760436104224,-0.7819241070227957,1.0638120569246137,0.005551877620746382,0.003911496605724096
6,waypoint_24,-15.0,-0.076760436104224,-0.7819241070227957,1.0638120569246137,0.00394858261643094,0.014218499884009361
7,waypoint_24,-15.0,-0.076760436104224,-0.7819241070227957,1.0638120569246137,331.4118683338165,0.0
8,waypoint_24,-15.0,-0.076760436104224,-0.7819241070227957,1.0638120569246137,303.0514419078827,0.0
9,waypoint_24,-15.0,-0.076760436104224,-0.7819241070227957,1.0638120569246137,306.1803877353668,0.0
10,waypoint_24,-15.0,-0.076760436104224,-0.7819241070227957,1.0638120569246137,349.36782717704773,0.0
11,waypoint_24,-15.0,-0.076760436104224,-0.7819241070227957,1.0638120569246137,410.2665185928345,0.0
12,waypoint_24,-15.0,-0.076760436104224,-0.7819241070227957,1.0638120569246137,411.0143780708313,0.0
13,waypoint_24,-15.0,-0.076760436104224,-0.7819241070227957,1.0638120569246137,751.9546151161194,0.0
14,waypoint_24,-15.0,-0.076760436104224,-0.7819241070227957,1.0638120569246137,691.2785768508911,0.0
0,waypoint_24,-30.0,-0.076760436104224,-0.7819241070227957,1.0638120569246137,131.93444907665253,0.0
1,waypoint_24,-30.0,-0.076760436104224,-0.7819241070227957,1.0638120569246137,0.005568809228861937,0.032893501222133636
2,waypoint_24,-30.0,-0.076760436104224,-0.7819241070227957,1.0638120569246137,0.004498472662817221,0.025043796747922897
3,waypoint_24,-30.0,-0.076760436104224,-0.7819241070227957,1.0638120569246137,0.00381655945602688,0.016129205003380775
4,waypoint_24,-30.0,-0.076760436104224,-0.7819241070227957,1.0638120569246137,161.75974905490875,0.0
5,waypoint_24,-30.0,-0.076760436104224,-0.7819241070227957,1.0638120569246137,0.0031719528124085627,0.0034056880977004766
6,waypoint_24,-30.0,-0.076760436104224,-0.7819241070227957,1.0638120569246137,0.006979599675105419,0.014090193435549736
7,waypoint_24,-30.0,-0.076760436104224,-0.7819241070227957,1.0638120569246137,338.66462111473083,0.0
8,waypoint_24,-30.0,-0.076760436104224,-0.7819241070227957,1.0638120569246137,306.18205666542053,0.0
9,waypoint_24,-30.0,-0.076760436104224,-0.7819241070227957,1.0638120569246137,303.6498427391052,0.0
10,waypoint_24,-30.0,-0.076760436104224,-0.7819241070227957,1.0638120569246137,339.67629075050354,0.0
11,waypoint_24,-30.0,-0.076760436104224,-0.7819241070227957,1.0638120569246137,421.24807834625244,0.0
12,waypoint_24,-30.0,-0.076760436104224,-0.7819241070227957,1.0638120569246137,411.4989936351776,0.0
13,waypoint_24,-30.0,-0.076760436104224,-0.7819241070227957,1.0638120569246137,781.403660774231,0.0
14,waypoint_24,-30.0,-0.076760436104224,-0.7819241070227957,1.0638120569246137,712.359368801117,0.0
0,waypoint_25,-30.0,-0.05676043610422443,-0.7819241070227957,1.0638120569246137,114.54135924577713,0.0
1,waypoint_25,-30.0,-0.05676043610422443,-0.7819241070227957,1.0638120569246137,0.010274153282807674,0.03415144607424736
2,waypoint_25,-30.0,-0.05676043610422443,-0.7819241070227957,1.0638120569246137,0.010370523341407534,0.026781633496284485
3,waypoint_25,-30.0,-0.05676043610422443,-0.7819241070227957,1.0638120569246137,0.008991415597847663,0.01792173646390438
4,waypoint_25,-30.0,-0.05676043610422443,-0.7819241070227957,1.0638120569246137,159.0123325586319,0.0
5,waypoint_25,-30.0,-0.05676043610422443,-0.7819241070227957,1.0638120569246137,0.010274153282807674,0.0017420619260519743
6,waypoint_25,-30.0,-0.05676043610422443,-0.7819241070227957,1.0638120569246137,0.011815493053290993,0.011879348196089268
7,waypoint_25,-30.0,-0.05676043610422443,-0.7819241070227957,1.0638120569246137,342.2711193561554,0.0
8,waypoint_25,-30.0,-0.05676043610422443,-0.7819241070227957,1.0638120569246137,306.8886399269104,0.0
9,waypoint_25,-30.0,-0.05676043610422443,-0.7819241070227957,1.0638120569246137,303.87112498283386,0.0
10,waypoint_25,-30.0,-0.05676043610422443,-0.7819241070227957,1.0638120569246137,334.4031572341919,0.0
11,waypoint_25,-30.0,-0.05676043610422443,-0.7819241070227957,1.0638120569246137,410.78609228134155,0.0
12,waypoint_25,-30.0,-0.05676043610422443,-0.7819241070227957,1.0638120569246137,400.02062916755676,0.0
13,waypoint_25,-30.0,-0.05676043610422443,-0.7819241070227957,1.0638120569246137,763.6780142784119,0.0
14,waypoint_25,-30.0,-0.05676043610422443,-0.7819241070227957,1.0638120569246137,700.3069519996643,0.0
0,waypoint_25,-15.0,-0.05676043610422443,-0.7819241070227957,1.0638120569246137,58.50336700677872,0.0
1,waypoint_25,-15.0,-0.05676043610422443,-0.7819241070227957,1.0638120569246137,0.0049165705604536925,0.03146826848387718
2,waypoint_25,-15.0,-0.05676043610422443,-0.7819241070227957,1.0638120569246137,0.004498472662817221,0.025893298909068108
3,waypoint_25,-15.0,-0.05676043610422443,-0.7819241070227957,1.0638120569246137,0.004653744781535352,0.017530178651213646
4,waypoint_25,-15.0,-0.05676043610422443,-0.7819241070227957,1.0638120569246137,154.1009396314621,0.0
5,waypoint_25,-15.0,-0.05676043610422443,-0.7819241070227957,1.0638120569246137,0.007755936167086475,0.0019407671643421054
6,waypoint_25,-15.0,-0.05676043610422443,-0.7819241070227957,1.0638120569246137,0.004544953299046028,0.012204423546791077
7,waypoint_25,-15.0,-0.05676043610422443,-0.7819241070227957,1.0638120569246137,336.2491726875305,0.0
8,waypoint_25,-15.0,-0.05676043610422443,-0.7819241070227957,1.0638120569246137,304.4779598712921,0.0
9,waypoint_25,-15.0,-0.05676043610422443,-0.7819241070227957,1.0638120569246137,307.223379611969,0.0
10,waypoint_25,-15.0,-0.05676043610422443,-0.7819241070227957,1.0638120569246137,335.54667234420776,0.0
11,waypoint_25,-15.0,-0.05676043610422443,-0.7819241070227957,1.0638120569246137,403.2913148403168,0.0
12,waypoint_25,-15.0,-0.05676043610422443,-0.7819241070227957,1.0638120569246137,398.87556433677673,0.0
13,waypoint_25,-15.0,-0.05676043610422443,-0.7819241070227957,1.0638120569246137,739.2401099205017,0.0
14,waypoint_25,-15.0,-0.05676043610422443,-0.7819241070227957,1.0638120569246137,679.3650984764099,0.0
0,waypoint_25,0.0,-0.05676043610422443,-0.7819241070227957,1.0638120569246137,0.020434919861145318,0.005478585604578257
1,waypoint_25,0.0,-0.05676043610422443,-0.7819241070227957,1.0638120569246137,0.005192450771573931,0.026531152427196503
2,waypoint_25,0.0,-0.05676043610422443,-0.7819241070227957,1.0638120569246137,0.004005502887594048,0.0238798875361681
3,waypoint_25,0.0,-0.05676043610422443,-0.7819241070227957,1.0638120569246137,0.0033569640436326154,0.016571171581745148
4,waypoint_25,0.0,-0.05676043610422443,-0.7819241070227957,1.0638120569246137,150.27457475662231,0.0
5,waypoint_25,0.0,-0.05676043610422443,-0.7819241070227957,1.0638120569246137,0.005682170467480319,0.0021173313725739717
6,waypoint_25,0.0,-0.05676043610422443,-0.7819241070227957,1.0638120569246137,0.0026699703994381707,0.011491176672279835
7,waypoint_25,0.0,-0.05676043610422443,-0.7819241070227957,1.0638120569246137,320.95062732696533,0.0
8,waypoint_25,0.0,-0.05676043610422443,-0.7819241070227957,1.0638120569246137,298.1380820274353,0.0
9,waypoint_25,0.0,-0.05676043610422443,-0.7819241070227957,1.0638120569246137,306.05348944664,0.0
10,waypoint_25,0.0,-0.05676043610422443,-0.7819241070227957,1.0638120569246137,317.4664080142975,0.0
11,waypoint_25,0.0,-0.05676043610422443,-0.7819241070227957,1.0638120569246137,377.9785633087158,0.0
12,waypoint_25,0.0,-0.05676043610422443,-0.7819241070227957,1.0638120569246137,399.207204580307,0.0
13,waypoint_25,0.0,-0.05676043610422443,-0.7819241070227957,1.0638120569246137,711.8538618087769,0.0
14,waypoint_25,0.0,-0.05676043610422443,-0.7819241070227957,1.0638120569246137,657.5807929039001,0.0
0,waypoint_25,15.0,-0.05676043610422443,-0.7819241070227957,1.0638120569246137,233.053058385849,0.0
1,waypoint_25,15.0,-0.05676043610422443,-0.7819241070227957,1.0638120569246137,0.0043544036998355296,0.01758280210196972
2,waypoint_25,15.0,-0.05676043610422443,-0.7819241070227957,1.0638120569246137,0.0019073486328125,0.02047615684568882
3,waypoint_25,15.0,-0.05676043610422443,-0.7819241070227957,1.0638120569246137,0.0022899357645655982,0.015107088722288609
4,waypoint_25,15.0,-0.05676043610422443,-0.7819241070227957,1.0638120569246137,148.22906255722046,0.0
5,waypoint_25,15.0,-0.05676043610422443,-0.7819241070227957,1.0638120569246137,0.003756511432584375,0.0018604382639750838
6,waypoint_25,15.0,-0.05676043610422443,-0.7819241070227957,1.0638120569246137,0.0031750337257108185,0.008977030403912067
7,waypoint_25,15.0,-0.05676043610422443,-0.7819241070227957,1.0638120569246137,301.1806905269623,0.0
8,waypoint_25,15.0,-0.05676043610422443,-0.7819241070227957,1.0638120569246137,291.8809950351715,0.0
9,waypoint_25,15.0,-0.05676043610422443,-0.7819241070227957,1.0638120569246137,296.12189531326294,0.0
10,waypoint_25,15.0,-0.05676043610422443,-0.7819241070227957,1.0638120569246137,311.8624687194824,0.0
11,waypoint_25,15.0,-0.05676043610422443,-0.7819241070227957,1.0638120569246137,353.2176613807678,0.0
12,waypoint_25,15.0,-0.05676043610422443,-0.7819241070227957,1.0638120569246137,396.25415205955505,0.0
13,waypoint_25,15.0,-0.05676043610422443,-0.7819241070227957,1.0638120569246137,685.6037974357605,0.0
14,waypoint_25,15.0,-0.05676043610422443,-0.7819241070227957,1.0638120569246137,629.0585398674011,0.0
0,waypoint_25,30.0,-0.05676043610422443,-0.7819241070227957,1.0638120569246137,243.3052510023117,0.0
1,waypoint_25,30.0,-0.05676043610422443,-0.7819241070227957,1.0638120569246137,33.57379138469696,0.0
2,waypoint_25,30.0,-0.05676043610422443,-0.7819241070227957,1.0638120569246137,0.00384438408218557,0.015094920061528683
3,waypoint_25,30.0,-0.05676043610422443,-0.7819241070227957,1.0638120569246137,0.004978326160198776,0.013195711188018322
4,waypoint_25,30.0,-0.05676043610422443,-0.7819241070227957,1.0638120569246137,133.47497582435608,0.0
5,waypoint_25,30.0,-0.05676043610422443,-0.7819241070227957,1.0638120569246137,92.94427186250687,0.0
6,waypoint_25,30.0,-0.05676043610422443,-0.7819241070227957,1.0638120569246137,0.002883018396460102,0.0020770691335201263
7,waypoint_25,30.0,-0.05676043610422443,-0.7819241070227957,1.0638120569246137,286.6072952747345,0.0
8,waypoint_25,30.0,-0.05676043610422443,-0.7819241070227957,1.0638120569246137,273.7489640712738,0.0
9,waypoint_25,30.0,-0.05676043610422443,-0.7819241070227957,1.0638120569246137,284.8513424396515,0.0
10,waypoint_25,30.0,-0.05676043610422443,-0.7819241070227957,1.0638120569246137,303.8877546787262,0.0
11,waypoint_25,30.0,-0.05676043610422443,-0.7819241070227957,1.0638120569246137,330.6303322315216,0.0
12,waypoint_25,30.0,-0.05676043610422443,-0.7819241070227957,1.0638120569246137,385.99538803100586,0.0
13,waypoint_25,30.0,-0.05676043610422443,-0.7819241070227957,1.0638120569246137,656.1182141304016,0.0
14,waypoint_25,30.0,-0.05676043610422443,-0.7819241070227957,1.0638120569246137,613.8919591903687,0.0
0,waypoint_26,30.0,-0.0367604361042248,-0.7819241070227957,1.0638120569246137,270.9847688674927,0.0
1,waypoint_26,30.0,-0.0367604361042248,-0.7819241070227957,1.0638120569246137,118.82005631923676,0.0
2,waypoint_26,30.0,-0.0367604361042248,-0.7819241070227957,1.0638120569246137,0.010673060387489386,0.014130719937384129
3,waypoint_26,30.0,-0.0367604361042248,-0.7819241070227957,1.0638120569246137,0.00892080606718082,0.0141132902354002
4,waypoint_26,30.0,-0.0367604361042248,-0.7819241070227957,1.0638120569246137,98.39299321174622,0.0
5,waypoint_26,30.0,-0.0367604361042248,-0.7819241070227957,1.0638120569246137,110.34715175628662,0.0
6,waypoint_26,30.0,-0.0367604361042248,-0.7819241070227957,1.0638120569246137,0.009188358490064275,0.002410606713965535
7,waypoint_26,30.0,-0.0367604361042248,-0.7819241070227957,1.0638120569246137,294.6428060531616,0.0
8,waypoint_26,30.0,-0.0367604361042248,-0.7819241070227957,1.0638120569246137,278.0488431453705,0.0
9,waypoint_26,30.0,-0.0367604361042248,-0.7819241070227957,1.0638120569246137,289.19675946235657,0.0
10,waypoint_26,30.0,-0.0367604361042248,-0.7819241070227957,1.0638120569246137,304.58128452301025,0.0
11,waypoint_26,30.0,-0.0367604361042248,-0.7819241070227957,1.0638120569246137,318.28010082244873,0.0
12,waypoint_26,30.0,-0.0367604361042248,-0.7819241070227957,1.0638120569246137,374.08944964408875,0.0
13,waypoint_26,30.0,-0.0367604361042248,-0.7819241070227957,1.0638120569246137,638.5868787765503,0.0
14,waypoint_26,30.0,-0.0367604361042248,-0.7819241070227957,1.0638120569246137,594.4674611091614,0.0
0,waypoint_26,15.0,-0.0367604361042248,-0.7819241070227957,1.0638120569246137,219.24257278442383,0.0
1,waypoint_26,15.0,-0.0367604361042248,-0.7819241070227957,1.0638120569246137,0.1042292860802263,0.011220640502870083
2,waypoint_26,15.0,-0.0367604361042248,-0.7819241070227957,1.0638120569246137,0.005179777417652076,0.020868301391601562
3,waypoint_26,15.0,-0.0367604361042248,-0.7819241070227957,1.0638120569246137,0.0028832880616391776,0.01648964174091816
4,waypoint_26,15.0,-0.0367604361042248,-0.7819241070227957,1.0638120569246137,123.74930083751678,0.0
5,waypoint_26,15.0,-0.0367604361042248,-0.7819241070227957,1.0638120569246137,163.8748049736023,0.0
6,waypoint_26,15.0,-0.0367604361042248,-0.7819241070227957,1.0638120569246137,0.009202912224282045,0.007841715589165688
7,waypoint_26,15.0,-0.0367604361042248,-0.7819241070227957,1.0638120569246137,308.9916706085205,0.0
8,waypoint_26,15.0,-0.0367604361042248,-0.7819241070227957,1.0638120569246137,293.73785853385925,0.0
9,waypoint_26,15.0,-0.0367604361042248,-0.7819241070227957,1.0638120569246137,299.5373606681824,0.0
10,waypoint_26,15.0,-0.0367604361042248,-0.7819241070227957,1.0638120569246137,309.82398986816406,0.0
11,waypoint_26,15.0,-0.0367604361042248,-0.7819241070227957,1.0638120569246137,342.8826332092285,0.0
12,waypoint_26,15.0,-0.0367604361042248,-0.7819241070227957,1.0638120569246137,384.69454646110535,0.0
13,waypoint_26,15.0,-0.0367604361042248,-0.7819241070227957,1.0638120569246137,663.6493802070618,0.0
14,waypoint_26,15.0,-0.0367604361042248,-0.7819241070227957,1.0638120569246137,608.6972951889038,0.0
0,waypoint_26,0.0,-0.0367604361042248,-0.7819241070227957,1.0638120569246137,183.19043517112732,0.0
1,waypoint_26,0.0,-0.0367604361042248,-0.7819241070227957,1.0638120569246137,60.20652502775192,0.0
2,waypoint_26,0.0,-0.0367604361042248,-0.7819241070227957,1.0638120569246137,0.003337860107421875,0.024940315634012222
3,waypoint_26,0.0,-0.0367604361042248,-0.7819241070227957,1.0638120569246137,0.0025484034722467186,0.018218012526631355
4,waypoint_26,0.0,-0.0367604361042248,-0.7819241070227957,1.0638120569246137,135.18227636814117,0.0
5,waypoint_26,0.0,-0.0367604361042248,-0.7819241070227957,1.0638120569246137,1.1448118602856994,0.0002675662690307945
6,waypoint_26,0.0,-0.0367604361042248,-0.7819241070227957,1.0638120569246137,0.006359542112477357,0.00974405836313963
7,waypoint_26,0.0,-0.0367604361042248,-0.7819241070227957,1.0638120569246137,327.473908662796,0.0
8,waypoint_26,0.0,-0.0367604361042248,-0.7819241070227957,1.0638120569246137,298.9218831062317,0.0
9,waypoint_26,0.0,-0.0367604361042248,-0.7819241070227957,1.0638120569246137,307.6188564300537,0.0
10,waypoint_26,0.0,-0.0367604361042248,-0.7819241070227957,1.0638120569246137,311.81278824806213,0.0
11,waypoint_26,0.0,-0.0367604361042248,-0.7819241070227957,1.0638120569246137,367.8221106529236,0.0
12,waypoint_26,0.0,-0.0367604361042248,-0.7819241070227957,1.0638120569246137,386.4743411540985,0.0
13,waypoint_26,0.0,-0.0367604361042248,-0.7819241070227957,1.0638120569246137,690.9967660903931,0.0
14,waypoint_26,0.0,-0.0367604361042248,-0.7819241070227957,1.0638120569246137,626.052975654602,0.0
0,waypoint_26,-15.0,-0.0367604361042248,-0.7819241070227957,1.0638120569246137,239.49289321899414,0.0
1,waypoint_26,-15.0,-0.0367604361042248,-0.7819241070227957,1.0638120569246137,75.82589238882065,0.0
2,waypoint_26,-15.0,-0.0367604361042248,-0.7819241070227957,1.0638120569246137,0.006976544682402164,0.02734667994081974
3,waypoint_26,-15.0,-0.0367604361042248,-0.7819241070227957,1.0638120569246137,0.0029873763196519576,0.019297227263450623
4,waypoint_26,-15.0,-0.0367604361042248,-0.7819241070227957,1.0638120569246137,149.63610470294952,0.0
5,waypoint_26,-15.0,-0.0367604361042248,-0.7819241070227957,1.0638120569246137,49.42181706428528,0.0
6,waypoint_26,-15.0,-0.0367604361042248,-0.7819241070227957,1.0638120569246137,0.004715130216936814,0.010142522864043713
7,waypoint_26,-15.0,-0.0367604361042248,-0.7819241070227957,1.0638120569246137,341.1048650741577,0.0
8,waypoint_26,-15.0,-0.0367604361042248,-0.7819241070227957,1.0638120569246137,304.7667145729065,0.0
9,waypoint_26,-15.0,-0.0367604361042248,-0.7819241070227957,1.0638120569246137,308.417409658432,0.0
10,waypoint_26,-15.0,-0.0367604361042248,-0.7819241070227957,1.0638120569246137,297.8701889514923,0.0
11,waypoint_26,-15.0,-0.0367604361042248,-0.7819241070227957,1.0638120569246137,386.49800419807434,0.0
12,waypoint_26,-15.0,-0.0367604361042248,-0.7819241070227957,1.0638120569246137,386.22158765792847,0.0
13,waypoint_26,-15.0,-0.0367604361042248,-0.7819241070227957,1.0638120569246137,722.9686379432678,0.0
14,waypoint_26,-15.0,-0.0367604361042248,-0.7819241070227957,1.0638120569246137,649.4656205177307,0.0
0,waypoint_26,-30.0,-0.0367604361042248,-0.7819241070227957,1.0638120569246137,97.11811691522598,0.0
1,waypoint_26,-30.0,-0.0367604361042248,-0.7819241070227957,1.0638120569246137,150.49739181995392,0.0
2,waypoint_26,-30.0,-0.0367604361042248,-0.7819241070227957,1.0638120569246137,0.0050688486226135865,0.028472816571593285
3,waypoint_26,-30.0,-0.0367604361042248,-0.7819241070227957,1.0638120569246137,0.00518114893566235,0.01971152424812317
4,waypoint_26,-30.0,-0.0367604361042248,-0.7819241070227957,1.0638120569246137,164.8949533700943,0.0
5,waypoint_26,-30.0,-0.0367604361042248,-0.7819241070227957,1.0638120569246137,0.14551133790519089,0.0016147383721545339
6,waypoint_26,-30.0,-0.0367604361042248,-0.7819241070227957,1.0638120569246137,0.005268494533083867,0.009680589661002159
7,waypoint_26,-30.0,-0.0367604361042248,-0.7819241070227957,1.0638120569246137,347.61843085289,0.0
8,waypoint_26,-30.0,-0.0367604361042248,-0.7819241070227957,1.0638120569246137,307.87137150764465,0.0
9,waypoint_26,-30.0,-0.0367604361042248,-0.7819241070227957,1.0638120569246137,304.93971705436707,0.0
10,waypoint_26,-30.0,-0.0367604361042248,-0.7819241070227957,1.0638120569246137,297.3001003265381,0.0
11,waypoint_26,-30.0,-0.0367604361042248,-0.7819241070227957,1.0638120569246137,394.938200712204,0.0
12,waypoint_26,-30.0,-0.0367604361042248,-0.7819241070227957,1.0638120569246137,387.8113627433777,0.0
13,waypoint_26,-30.0,-0.0367604361042248,-0.7819241070227957,1.0638120569246137,748.3898401260376,0.0
14,waypoint_26,-30.0,-0.0367604361042248,-0.7819241070227957,1.0638120569246137,661.0050797462463,0.0
0,waypoint_27,-30.0,-0.01676043610422462,-0.7819241070227957,1.0638120569246137,66.75601005554199,0.0
1,waypoint_27,-30.0,-0.01676043610422462,-0.7819241070227957,1.0638120569246137,132.81963765621185,0.0
2,waypoint_27,-30.0,-0.01676043610422462,-0.7819241070227957,1.0638120569246137,0.010779710464703385,0.030098583549261093
3,waypoint_27,-30.0,-0.01676043610422462,-0.7819241070227957,1.0638120569246137,0.01056129713106202,0.02150009386241436
4,waypoint_27,-30.0,-0.01676043610422462,-0.7819241070227957,1.0638120569246137,160.73009371757507,0.0
5,waypoint_27,-30.0,-0.01676043610422462,-0.7819241070227957,1.0638120569246137,0.015003331100160722,0.003444257890805602
6,waypoint_27,-30.0,-0.01676043610422462,-0.7819241070227957,1.0638120569246137,0.010427460438222624,0.007511686068028212
7,waypoint_27,-30.0,-0.01676043610422462,-0.7819241070227957,1.0638120569246137,353.64916920661926,0.0
8,waypoint_27,-30.0,-0.01676043610422462,-0.7819241070227957,1.0638120569246137,310.8590841293335,0.0
9,waypoint_27,-30.0,-0.01676043610422462,-0.7819241070227957,1.0638120569246137,306.4967691898346,0.0
10,waypoint_27,-30.0,-0.01676043610422462,-0.7819241070227957,1.0638120569246137,294.94354128837585,0.0
11,waypoint_27,-30.0,-0.01676043610422462,-0.7819241070227957,1.0638120569246137,394.121915102005,0.0
12,waypoint_27,-30.0,-0.01676043610422462,-0.7819241070227957,1.0638120569246137,377.78159976005554,0.0
13,waypoint_27,-30.0,-0.01676043610422462,-0.7819241070227957,1.0638120569246137,731.1747670173645,0.0
14,waypoint_27,-30.0,-0.01676043610422462,-0.7819241070227957,1.0638120569246137,644.2915201187134,0.0
0,waypoint_27,-15.0,-0.01676043610422462,-0.7819241070227957,1.0638120569246137,0.1369504607282579,0.01427084393799305
1,waypoint_27,-15.0,-0.01676043610422462,-0.7819241070227957,1.0638120569246137,84.99349653720856,0.0
2,waypoint_27,-15.0,-0.01676043610422462,-0.7819241070227957,1.0638120569246137,0.0037012516713730292,0.028671327978372574
3,waypoint_27,-15.0,-0.01676043610422462,-0.7819241070227957,1.0638120569246137,0.0051356932999624405,0.021028272807598114
4,waypoint_27,-15.0,-0.01676043610422462,-0.7819241070227957,1.0638120569246137,145.4213708639145,0.0
5,waypoint_27,-15.0,-0.01676043610422462,-0.7819241070227957,1.0638120569246137,0.0033717478800099343,0.0025109408888965845
6,waypoint_27,-15.0,-0.01676043610422462,-0.7819241070227957,1.0638120569246137,0.003307437282273895,0.008058433420956135
7,waypoint_27,-15.0,-0.01676043610422462,-0.7819241070227957,1.0638120569246137,347.48929738998413,0.0
8,waypoint_27,-15.0,-0.01676043610422462,-0.7819241070227957,1.0638120569246137,308.127224445343,0.0
9,waypoint_27,-15.0,-0.01676043610422462,-0.7819241070227957,1.0638120569246137,311.4519715309143,0.0
10,waypoint_27,-15.0,-0.01676043610422462,-0.7819241070227957,1.0638120569246137,296.149879693985,0.0
11,waypoint_27,-15.0,-0.01676043610422462,-0.7819241070227957,1.0638120569246137,381.4709484577179,0.0
12,waypoint_27,-15.0,-0.01676043610422462,-0.7819241070227957,1.0638120569246137,376.2269616127014,0.0
13,waypoint_27,-15.0,-0.01676043610422462,-0.7819241070227957,1.0638120569246137,704.0678858757019,0.0
14,waypoint_27,-15.0,-0.01676043610422462,-0.7819241070227957,1.0638120569246137,640.2971744537354,0.0
0,waypoint_27,0.0,-0.01676043610422462,-0.7819241070227957,1.0638120569246137,225.90939700603485,0.0
1,waypoint_27,0.0,-0.01676043610422462,-0.7819241070227957,1.0638120569246137,54.804373532533646,0.0
2,waypoint_27,0.0,-0.01676043610422462,-0.7819241070227957,1.0638120569246137,0.002902935875681578,0.02578234113752842
3,waypoint_27,0.0,-0.01676043610422462,-0.7819241070227957,1.0638120569246137,0.0028235242552909767,0.019791096448898315
4,waypoint_27,0.0,-0.01676043610422462,-0.7819241070227957,1.0638120569246137,131.01792335510254,0.0
5,waypoint_27,0.0,-0.01676043610422462,-0.7819241070227957,1.0638120569246137,0.00605038530920865,0.0018060747534036636
6,waypoint_27,0.0,-0.01676043610422462,-0.7819241070227957,1.0638120569246137,0.0037328936741687357,0.00790786650031805
7,waypoint_27,0.0,-0.01676043610422462,-0.7819241070227957,1.0638120569246137,335.3921175003052,0.0
8,waypoint_27,0.0,-0.01676043610422462,-0.7819241070227957,1.0638120569246137,302.123486995697,0.0
9,waypoint_27,0.0,-0.01676043610422462,-0.7819241070227957,1.0638120569246137,309.43962931632996,0.0
10,waypoint_27,0.0,-0.01676043610422462,-0.7819241070227957,1.0638120569246137,289.58627581596375,0.0
11,waypoint_27,0.0,-0.01676043610422462,-0.7819241070227957,1.0638120569246137,360.33374071121216,0.0
12,waypoint_27,0.0,-0.01676043610422462,-0.7819241070227957,1.0638120569246137,373.4520375728607,0.0
13,waypoint_27,0.0,-0.01676043610422462,-0.7819241070227957,1.0638120569246137,675.7384538650513,0.0
14,waypoint_27,0.0,-0.01676043610422462,-0.7819241070227957,1.0638120569246137,613.8583421707153,0.0
0,waypoint_27,15.0,-0.01676043610422462,-0.7819241070227957,1.0638120569246137,229.8968881368637,0.0
1,waypoint_27,15.0,-0.01676043610422462,-0.7819241070227957,1.0638120569246137,0.018700380678637885,0.004686977248638868
2,waypoint_27,15.0,-0.01676043610422462,-0.7819241070227957,1.0638120569246137,0.0015266238051481196,0.020875554531812668
3,waypoint_27,15.0,-0.01676043610422462,-0.7819241070227957,1.0638120569246137,0.0012839233249906101,0.017750561237335205
4,waypoint_27,15.0,-0.01676043610422462,-0.7819241070227957,1.0638120569246137,119.71241235733032,0.0
5,waypoint_27,15.0,-0.01676043610422462,-0.7819241070227957,1.0638120569246137,0.01634558975638356,0.0019706995226442814
6,waypoint_27,15.0,-0.01676043610422462,-0.7819241070227957,1.0638120569246137,0.005948587840975961,0.006510559469461441
7,waypoint_27,15.0,-0.01676043610422462,-0.7819241070227957,1.0638120569246137,318.4918463230133,0.0
8,waypoint_27,15.0,-0.01676043610422462,-0.7819241070227957,1.0638120569246137,297.16670513153076,0.0
9,waypoint_27,15.0,-0.01676043610422462,-0.7819241070227957,1.0638120569246137,302.59647965431213,0.0
10,waypoint_27,15.0,-0.01676043610422462,-0.7819241070227957,1.0638120569246137,278.65245938301086,0.0
11,waypoint_27,15.0,-0.01676043610422462,-0.7819241070227957,1.0638120569246137,334.1591954231262,0.0
12,waypoint_27,15.0,-0.01676043610422462,-0.7819241070227957,1.0638120569246137,371.3882267475128,0.0
13,waypoint_27,15.0,-0.01676043610422462,-0.7819241070227957,1.0638120569246137,650.2382755279541,0.0
14,waypoint_27,15.0,-0.01676043610422462,-0.7819241070227957,1.0638120569246137,591.5499329566956,0.0
0,waypoint_27,30.0,-0.01676043610422462,-0.7819241070227957,1.0638120569246137,239.12757635116577,0.0
1,waypoint_27,30.0,-0.01676043610422462,-0.7819241070227957,1.0638120569246137,168.0946946144104,0.0
2,waypoint_27,30.0,-0.01676043610422462,-0.7819241070227957,1.0638120569246137,0.0072158554758061655,0.012164738960564137
3,waypoint_27,30.0,-0.01676043610422462,-0.7819241070227957,1.0638120569246137,0.0027392209176468896,0.014830738306045532
4,waypoint_27,30.0,-0.01676043610422462,-0.7819241070227957,1.0638120569246137,78.3773809671402,0.0
5,waypoint_27,30.0,-0.01676043610422462,-0.7819241070227957,1.0638120569246137,0.005936574780207593,0.0029553293716162443
6,waypoint_27,30.0,-0.01676043610422462,-0.7819241070227957,1.0638120569246137,0.0010689717555578682,0.002553122816607356
7,waypoint_27,30.0,-0.01676043610422462,-0.7819241070227957,1.0638120569246137,303.29981446266174,0.0
8,waypoint_27,30.0,-0.01676043610422462,-0.7819241070227957,1.0638120569246137,281.3514769077301,0.0
9,waypoint_27,30.0,-0.01676043610422462,-0.7819241070227957,1.0638120569246137,293.285071849823,0.0
10,waypoint_27,30.0,-0.01676043610422462,-0.7819241070227957,1.0638120569246137,266.235888004303,0.0
11,waypoint_27,30.0,-0.01676043610422462,-0.7819241070227957,1.0638120569246137,312.91070580482483,0.0
12,waypoint_27,30.0,-0.01676043610422462,-0.7819241070227957,1.0638120569246137,368.5978651046753,0.0
13,waypoint_27,30.0,-0.01676043610422462,-0.7819241070227957,1.0638120569246137,620.0437545776367,0.0
14,waypoint_27,30.0,-0.01676043610422462,-0.7819241070227957,1.0638120569246137,561.3419413566589,0.0
0,waypoint_28,30.0,0.003239563895775177,-0.7819241070227957,1.0638120569246137,270.56869864463806,0.0
1,waypoint_28,30.0,0.003239563895775177,-0.7819241070227957,1.0638120569246137,188.25283646583557,0.0
2,waypoint_28,30.0,0.003239563895775177,-0.7819241070227957,1.0638120569246137,0.014510273103951477,0.008153471164405346
3,waypoint_28,30.0,0.003239563895775177,-0.7819241070227957,1.0638120569246137,0.011767351679736748,0.015292235650122166
4,waypoint_28,30.0,0.003239563895775177,-0.7819241070227957,1.0638120569246137,59.456825256347656,0.0
5,waypoint_28,30.0,0.003239563895775177,-0.7819241070227957,1.0638120569246137,0.011604398423514795,0.004147801082581282
6,waypoint_28,30.0,0.003239563895775177,-0.7819241070227957,1.0638120569246137,59.713538736104965,0.0
7,waypoint_28,30.0,0.003239563895775177,-0.7819241070227957,1.0638120569246137,314.0294849872589,0.0
8,waypoint_28,30.0,0.003239563895775177,-0.7819241070227957,1.0638120569246137,287.41735219955444,0.0
9,waypoint_28,30.0,0.003239563895775177,-0.7819241070227957,1.0638120569246137,298.2398271560669,0.0
10,waypoint_28,30.0,0.003239563895775177,-0.7819241070227957,1.0638120569246137,266.6615843772888,0.0
11,waypoint_28,30.0,0.003239563895775177,-0.7819241070227957,1.0638120569246137,303.24551463127136,0.0
12,waypoint_28,30.0,0.003239563895775177,-0.7819241070227957,1.0638120569246137,359.76892709732056,0.0
13,waypoint_28,30.0,0.003239563895775177,-0.7819241070227957,1.0638120569246137,604.1573286056519,0.0
14,waypoint_28,30.0,0.003239563895775177,-0.7819241070227957,1.0638120569246137,538.7866497039795,0.0
0,waypoint_28,15.0,0.003239563895775177,-0.7819241070227957,1.0638120569246137,273.1646001338959,0.0
1,waypoint_28,15.0,0.003239563895775177,-0.7819241070227957,1.0638120569246137,176.4443963766098,0.0
2,waypoint_28,15.0,0.003239563895775177,-0.7819241070227957,1.0638120569246137,0.012166941814939491,0.020372768864035606
3,waypoint_28,15.0,0.003239563895775177,-0.7819241070227957,1.0638120569246137,0.0037621816773025785,0.01886168122291565
4,waypoint_28,15.0,0.003239563895775177,-0.7819241070227957,1.0638120569246137,98.39888662099838,0.0
5,waypoint_28,15.0,0.003239563895775177,-0.7819241070227957,1.0638120569246137,0.005091227649245411,0.0036154258996248245
6,waypoint_28,15.0,0.003239563895775177,-0.7819241070227957,1.0638120569246137,0.018997909137397073,0.005035818554461002
7,waypoint_28,15.0,0.003239563895775177,-0.7819241070227957,1.0638120569246137,328.36952805519104,0.0
8,waypoint_28,15.0,0.003239563895775177,-0.7819241070227957,1.0638120569246137,300.31687021255493,0.0
9,waypoint_28,15.0,0.003239563895775177,-0.7819241070227957,1.0638120569246137,304.8304319381714,0.0
10,waypoint_28,15.0,0.003239563895775177,-0.7819241070227957,1.0638120569246137,277.9957950115204,0.0
11,waypoint_28,15.0,0.003239563895775177,-0.7819241070227957,1.0638120569246137,324.4844079017639,0.0
12,waypoint_28,15.0,0.003239563895775177,-0.7819241070227957,1.0638120569246137,366.2301301956177,0.0
13,waypoint_28,15.0,0.003239563895775177,-0.7819241070227957,1.0638120569246137,630.2883625030518,0.0
14,waypoint_28,15.0,0.003239563895775177,-0.7819241070227957,1.0638120569246137,558.6267709732056,0.0
0,waypoint_28,0.0,0.003239563895775177,-0.7819241070227957,1.0638120569246137,210.80593764781952,0.0
1,waypoint_28,0.0,0.003239563895775177,-0.7819241070227957,1.0638120569246137,38.86225447058678,0.0
2,waypoint_28,0.0,0.003239563895775177,-0.7819241070227957,1.0638120569246137,0.005975941803626483,0.026347292587161064
3,waypoint_28,0.0,0.003239563895775177,-0.7819241070227957,1.0638120569246137,0.003649050768217421,0.021274281665682793
4,waypoint_28,0.0,0.003239563895775177,-0.7819241070227957,1.0638120569246137,119.15133893489838,0.0
5,waypoint_28,0.0,0.003239563895775177,-0.7819241070227957,1.0638120569246137,0.004956870725436602,0.0037535822484642267
6,waypoint_28,0.0,0.003239563895775177,-0.7819241070227957,1.0638120569246137,0.0032734519663790707,0.0060102627612650394
7,waypoint_28,0.0,0.003239563895775177,-0.7819241070227957,1.0638120569246137,343.85043382644653,0.0
8,waypoint_28,0.0,0.003239563895775177,-0.7819241070227957,1.0638120569246137,303.88927459716797,0.0
9,waypoint_28,0.0,0.003239563895775177,-0.7819241070227957,1.0638120569246137,311.0410273075104,0.0
10,waypoint_28,0.0,0.003239563895775177,-0.7819241070227957,1.0638120569246137,285.7886850833893,0.0
11,waypoint_28,0.0,0.003239563895775177,-0.7819241070227957,1.0638120569246137,345.6830084323883,0.0
12,waypoint_28,0.0,0.003239563895775177,-0.7819241070227957,1.0638120569246137,368.328720331192,0.0
13,waypoint_28,0.0,0.003239563895775177,-0.7819241070227957,1.0638120569246137,656.1873555183411,0.0
14,waypoint_28,0.0,0.003239563895775177,-0.7819241070227957,1.0638120569246137,577.0393013954163,0.0
0,waypoint_28,-15.0,0.003239563895775177,-0.7819241070227957,1.0638120569246137,4.24489239230752,0.0
1,waypoint_28,-15.0,0.003239563895775177,-0.7819241070227957,1.0638120569246137,88.50520849227905,0.0
2,waypoint_28,-15.0,0.003239563895775177,-0.7819241070227957,1.0638120569246137,0.004317944330978207,0.029830174520611763
3,waypoint_28,-15.0,0.003239563895775177,-0.7819241070227957,1.0638120569246137,0.004523674306255998,0.022714195773005486
4,waypoint_28,-15.0,0.003239563895775177,-0.7819241070227957,1.0638120569246137,142.98728108406067,0.0
5,waypoint_28,-15.0,0.003239563895775177,-0.7819241070227957,1.0638120569246137,0.0032428433769382536,0.004434711765497923
6,waypoint_28,-15.0,0.003239563895775177,-0.7819241070227957,1.0638120569246137,0.0036382277812663233,0.005973041523247957
7,waypoint_28,-15.0,0.003239563895775177,-0.7819241070227957,1.0638120569246137,355.7727336883545,0.0
8,waypoint_28,-15.0,0.003239563895775177,-0.7819241070227957,1.0638120569246137,309.61573123931885,0.0
9,waypoint_28,-15.0,0.003239563895775177,-0.7819241070227957,1.0638120569246137,313.3663237094879,0.0
10,waypoint_28,-15.0,0.003239563895775177,-0.7819241070227957,1.0638120569246137,294.03558373451233,0.0
11,waypoint_28,-15.0,0.003239563895775177,-0.7819241070227957,1.0638120569246137,367.98807978630066,0.0
12,waypoint_28,-15.0,0.003239563895775177,-0.7819241070227957,1.0638120569246137,368.04285645484924,0.0
13,waypoint_28,-15.0,0.003239563895775177,-0.7819241070227957,1.0638120569246137,688.3174777030945,0.0
14,waypoint_28,-15.0,0.003239563895775177,-0.7819241070227957,1.0638120569246137,608.5831522941589,0.0
0,waypoint_28,-30.0,0.003239563895775177,-0.7819241070227957,1.0638120569246137,0.014525934602716006,0.026199646294116974
1,waypoint_28,-30.0,0.003239563895775177,-0.7819241070227957,1.0638120569246137,144.20896768569946,0.0
2,waypoint_28,-30.0,0.003239563895775177,-0.7819241070227957,1.0638120569246137,0.003948329776903847,0.031627412885427475
3,waypoint_28,-30.0,0.003239563895775177,-0.7819241070227957,1.0638120569246137,0.003960906724387314,0.023279661312699318
4,waypoint_28,-30.0,0.003239563895775177,-0.7819241070227957,1.0638120569246137,166.6732281446457,0.0
5,waypoint_28,-30.0,0.003239563895775177,-0.7819241070227957,1.0638120569246137,0.005288379725243431,0.005239491816610098
6,waypoint_28,-30.0,0.003239563895775177,-0.7819241070227957,1.0638120569246137,0.0031359193144453457,0.00540367653593421
7,waypoint_28,-30.0,0.003239563895775177,-0.7819241070227957,1.0638120569246137,361.60701513290405,0.0
8,waypoint_28,-30.0,0.003239563895775177,-0.7819241070227957,1.0638120569246137,313.544899225235,0.0
9,waypoint_28,-30.0,0.003239563895775177,-0.7819241070227957,1.0638120569246137,310.9966218471527,0.0
10,waypoint_28,-30.0,0.003239563895775177,-0.7819241070227957,1.0638120569246137,300.7217049598694,0.0
11,waypoint_28,-30.0,0.003239563895775177,-0.7819241070227957,1.0638120569246137,384.43446159362793,0.0
12,waypoint_28,-30.0,0.003239563895775177,-0.7819241070227957,1.0638120569246137,371.670663356781,0.0
13,waypoint_28,-30.0,0.003239563895775177,-0.7819241070227957,1.0638120569246137,715.1395082473755,0.0
14,waypoint_28,-30.0,0.003239563895775177,-0.7819241070227957,1.0638120569246137,640.9928202629089,0.0
0,waypoint_29,-30.0,0.023239563895775417,-0.7819241070227957,1.0638120569246137,0.010813274457177613,0.0172798503190279
1,waypoint_29,-30.0,0.023239563895775417,-0.7819241070227957,1.0638120569246137,128.54601442813873,0.0
2,waypoint_29,-30.0,0.023239563895775417,-0.7819241070227957,1.0638120569246137,0.013808223229716532,0.033026158809661865
3,waypoint_29,-30.0,0.023239563895775417,-0.7819241070227957,1.0638120569246137,0.010769159416668117,0.025045203045010567
4,waypoint_29,-30.0,0.023239563895775417,-0.7819241070227957,1.0638120569246137,161.69703006744385,0.0
5,waypoint_29,-30.0,0.023239563895775417,-0.7819241070227957,1.0638120569246137,0.010327267773391213,0.007077611517161131
6,waypoint_29,-30.0,0.023239563895775417,-0.7819241070227957,1.0638120569246137,0.010539999493630603,0.0034051628317683935
7,waypoint_29,-30.0,0.023239563895775417,-0.7819241070227957,1.0638120569246137,368.9038157463074,0.0
8,waypoint_29,-30.0,0.023239563895775417,-0.7819241070227957,1.0638120569246137,318.71747970581055,0.0
9,waypoint_29,-30.0,0.023239563895775417,-0.7819241070227957,1.0638120569246137,313.46040964126587,0.0
10,waypoint_29,-30.0,0.023239563895775417,-0.7819241070227957,1.0638120569246137,300.00340938568115,0.0
11,waypoint_29,-30.0,0.023239563895775417,-0.7819241070227957,1.0638120569246137,375.1053214073181,0.0
12,waypoint_29,-30.0,0.023239563895775417,-0.7819241070227957,1.0638120569246137,363.08279633522034,0.0
13,waypoint_29,-30.0,0.023239563895775417,-0.7819241070227957,1.0638120569246137,698.1539726257324,0.0
14,waypoint_29,-30.0,0.023239563895775417,-0.7819241070227957,1.0638120569246137,636.8225812911987,0.0
0,waypoint_29,-15.0,0.023239563895775417,-0.7819241070227957,1.0638120569246137,220.46759724617004,0.0
1,waypoint_29,-15.0,0.023239563895775417,-0.7819241070227957,1.0638120569246137,74.23897832632065,0.0
2,waypoint_29,-15.0,0.023239563895775417,-0.7819241070227957,1.0638120569246137,0.004317944330978207,0.03077460266649723
3,waypoint_29,-15.0,0.023239563895775417,-0.7819241070227957,1.0638120569246137,0.004191016159893479,0.02434173971414566
4,waypoint_29,-15.0,0.023239563895775417,-0.7819241070227957,1.0638120569246137,138.06836307048798,0.0
5,waypoint_29,-15.0,0.023239563895775417,-0.7819241070227957,1.0638120569246137,0.003662655672087567,0.006372166331857443
6,waypoint_29,-15.0,0.023239563895775417,-0.7819241070227957,1.0638120569246137,0.0034045203847199446,0.003911993466317654
7,waypoint_29,-15.0,0.023239563895775417,-0.7819241070227957,1.0638120569246137,364.5443320274353,0.0
8,waypoint_29,-15.0,0.023239563895775417,-0.7819241070227957,1.0638120569246137,315.4809772968292,0.0
9,waypoint_29,-15.0,0.023239563895775417,-0.7819241070227957,1.0638120569246137,316.42118096351624,0.0
10,waypoint_29,-15.0,0.023239563895775417,-0.7819241070227957,1.0638120569246137,297.4073588848114,0.0
11,waypoint_29,-15.0,0.023239563895775417,-0.7819241070227957,1.0638120569246137,365.5409812927246,0.0
12,waypoint_29,-15.0,0.023239563895775417,-0.7819241070227957,1.0638120569246137,362.7263903617859,0.0
13,waypoint_29,-15.0,0.023239563895775417,-0.7819241070227957,1.0638120569246137,671.4544296264648,0.0
14,waypoint_29,-15.0,0.023239563895775417,-0.7819241070227957,1.0638120569246137,620.3063726425171,0.0
0,waypoint_29,0.0,0.023239563895775417,-0.7819241070227957,1.0638120569246137,157.08525478839874,0.0
1,waypoint_29,0.0,0.023239563895775417,-0.7819241070227957,1.0638120569246137,0.2031284966506064,0.0128670958802104
2,waypoint_29,0.0,0.023239563895775417,-0.7819241070227957,1.0638120569246137,0.003617761421992327,0.02655625529587269
3,waypoint_29,0.0,0.023239563895775417,-0.7819241070227957,1.0638120569246137,0.003881173142872285,0.02264617569744587
4,waypoint_29,0.0,0.023239563895775417,-0.7819241070227957,1.0638120569246137,114.43536728620529,0.0
5,waypoint_29,0.0,0.023239563895775417,-0.7819241070227957,1.0638120569246137,0.0028235242552909767,0.005681296810507774
6,waypoint_29,0.0,0.023239563895775417,-0.7819241070227957,1.0638120569246137,0.002541107505749096,0.004074577707797289
7,waypoint_29,0.0,0.023239563895775417,-0.7819241070227957,1.0638120569246137,354.6203374862671,0.0
8,waypoint_29,0.0,0.023239563895775417,-0.7819241070227957,1.0638120569246137,309.2777729034424,0.0
9,waypoint_29,0.0,0.023239563895775417,-0.7819241070227957,1.0638120569246137,315.2015209197998,0.0
10,waypoint_29,0.0,0.023239563895775417,-0.7819241070227957,1.0638120569246137,290.25956988334656,0.0
11,waypoint_29,0.0,0.023239563895775417,-0.7819241070227957,1.0638120569246137,340.27278423309326,0.0
12,waypoint_29,0.0,0.023239563895775417,-0.7819241070227957,1.0638120569246137,362.5466525554657,0.0
13,waypoint_29,0.0,0.023239563895775417,-0.7819241070227957,1.0638120569246137,643.3116793632507,0.0
14,waypoint_29,0.0,0.023239563895775417,-0.7819241070227957,1.0638120569246137,591.8590426445007,0.0
0,waypoint_29,15.0,0.023239563895775417,-0.7819241070227957,1.0638120569246137,263.3965015411377,0.0
1,waypoint_29,15.0,0.023239563895775417,-0.7819241070227957,1.0638120569246137,152.29132771492004,0.0
2,waypoint_29,15.0,0.023239563895775417,-0.7819241070227957,1.0638120569246137,0.0037716131373599637,0.019153794273734093
3,waypoint_29,15.0,0.023239563895775417,-0.7819241070227957,1.0638120569246137,0.001980453362193657,0.019785597920417786
4,waypoint_29,15.0,0.023239563895775417,-0.7819241070227957,1.0638120569246137,95.07483243942261,0.0
5,waypoint_29,15.0,0.023239563895775417,-0.7819241070227957,1.0638120569246137,0.005213958502281457,0.005338293965905905
6,waypoint_29,15.0,0.023239563895775417,-0.7819241070227957,1.0638120569246137,0.0019946007796534104,0.003466616850346327
7,waypoint_29,15.0,0.023239563895775417,-0.7819241070227957,1.0638120569246137,342.0458734035492,0.0
8,waypoint_29,15.0,0.023239563895775417,-0.7819241070227957,1.0638120569246137,304.0289878845215,0.0
9,waypoint_29,15.0,0.023239563895775417,-0.7819241070227957,1.0638120569246137,311.1896514892578,0.0
10,waypoint_29,15.0,0.023239563895775417,-0.7819241070227957,1.0638120569246137,277.2454619407654,0.0
11,waypoint_29,15.0,0.023239563895775417,-0.7819241070227957,1.0638120569246137,315.0519132614136,0.0
12,waypoint_29,15.0,0.023239563895775417,-0.7819241070227957,1.0638120569246137,360.3964149951935,0.0
13,waypoint_29,15.0,0.023239563895775417,-0.7819241070227957,1.0638120569246137,617.1573400497437,0.0
14,waypoint_29,15.0,0.023239563895775417,-0.7819241070227957,1.0638120569246137,570.1302289962769,0.0
0,waypoint_29,30.0,0.023239563895775417,-0.7819241070227957,1.0638120569246137,244.1129982471466,0.0
1,waypoint_29,30.0,0.023239563895775417,-0.7819241070227957,1.0638120569246137,245.50165235996246,0.0
2,waypoint_29,30.0,0.023239563895775417,-0.7819241070227957,1.0638120569246137,1.0444315848872066,7.351349040618516e-08
3,waypoint_29,30.0,0.023239563895775417,-0.7819241070227957,1.0638120569246137,0.004298151907278225,0.015417681075632572
4,waypoint_29,30.0,0.023239563895775417,-0.7819241070227957,1.0638120569246137,41.792821139097214,0.0
5,waypoint_29,30.0,0.023239563895775417,-0.7819241070227957,1.0638120569246137,0.0037242173220874975,0.00551077863201499
6,waypoint_29,30.0,0.023239563895775417,-0.7819241070227957,1.0638120569246137,63.3574053645134,0.0
7,waypoint_29,30.0,0.023239563895775417,-0.7819241070227957,1.0638120569246137,331.42662048339844,0.0
8,waypoint_29,30.0,0.023239563895775417,-0.7819241070227957,1.0638120569246137,291.6140854358673,0.0
9,waypoint_29,30.0,0.023239563895775417,-0.7819241070227957,1.0638120569246137,300.05350708961487,0.0
10,waypoint_29,30.0,0.023239563895775417,-0.7819241070227957,1.0638120569246137,263.35862278938293,0.0
11,waypoint_29,30.0,0.023239563895775417,-0.7819241070227957,1.0638120569246137,292.77753829956055,0.0
12,waypoint_29,30.0,0.023239563895775417,-0.7819241070227957,1.0638120569246137,355.08790612220764,0.0
13,waypoint_29,30.0,0.023239563895775417,-0.7819241070227957,1.0638120569246137,591.0817980766296,0.0
14,waypoint_29,30.0,0.023239563895775417,-0.7819241070227957,1.0638120569246137,540.4185056686401,0.0
0,waypoint_30,30.0,0.04323956389577521,-0.7819241070227957,1.0638120569246137,212.17215061187744,0.0
1,waypoint_30,30.0,0.04323956389577521,-0.7819241070227957,1.0638120569246137,181.45155906677246,0.0
2,waypoint_30,30.0,0.04323956389577521,-0.7819241070227957,1.0638120569246137,18.062012270092964,0.0
3,waypoint_30,30.0,0.04323956389577521,-0.7819241070227957,1.0638120569246137,0.010137697245227173,0.015092356130480766
4,waypoint_30,30.0,0.04323956389577521,-0.7819241070227957,1.0638120569246137,3.7187987472862005,0.0
5,waypoint_30,30.0,0.04323956389577521,-0.7819241070227957,1.0638120569246137,0.011049871318391524,0.006910244934260845
6,waypoint_30,30.0,0.04323956389577521,-0.7819241070227957,1.0638120569246137,105.2262932062149,0.0
7,waypoint_30,30.0,0.04323956389577521,-0.7819241070227957,1.0638120569246137,343.28731894493103,0.0
8,waypoint_30,30.0,0.04323956389577521,-0.7819241070227957,1.0638120569246137,300.55996775627136,0.0
9,waypoint_30,30.0,0.04323956389577521,-0.7819241070227957,1.0638120569246137,305.9745132923126,0.0
10,waypoint_30,30.0,0.04323956389577521,-0.7819241070227957,1.0638120569246137,266.64090156555176,0.0
11,waypoint_30,30.0,0.04323956389577521,-0.7819241070227957,1.0638120569246137,286.7494523525238,0.0
12,waypoint_30,30.0,0.04323956389577521,-0.7819241070227957,1.0638120569246137,348.9406704902649,0.0
13,waypoint_30,30.0,0.04323956389577521,-0.7819241070227957,1.0638120569246137,575.5664706230164,0.0
14,waypoint_30,30.0,0.04323956389577521,-0.7819241070227957,1.0638120569246137,507.3879361152649,0.0
0,waypoint_30,15.0,0.04323956389577521,-0.7819241070227957,1.0638120569246137,311.8552267551422,0.0
1,waypoint_30,15.0,0.04323956389577521,-0.7819241070227957,1.0638120569246137,227.55153477191925,0.0
2,waypoint_30,15.0,0.04323956389577521,-0.7819241070227957,1.0638120569246137,0.00631246666671359,0.01685476116836071
3,waypoint_30,15.0,0.04323956389577521,-0.7819241070227957,1.0638120569246137,0.0025926308353518834,0.020475266501307487
4,waypoint_30,15.0,0.04323956389577521,-0.7819241070227957,1.0638120569246137,93.1224450469017,0.0
5,waypoint_30,15.0,0.04323956389577521,-0.7819241070227957,1.0638120569246137,0.003312216676931712,0.00706533994525671
6,waypoint_30,15.0,0.04323956389577521,-0.7819241070227957,1.0638120569246137,0.0131269043777138,0.0018603887874633074
7,waypoint_30,15.0,0.04323956389577521,-0.7819241070227957,1.0638120569246137,353.3969521522522,0.0
8,waypoint_30,15.0,0.04323956389577521,-0.7819241070227957,1.0638120569246137,310.0588023662567,0.0
9,waypoint_30,15.0,0.04323956389577521,-0.7819241070227957,1.0638120569246137,313.52925300598145,0.0
10,waypoint_30,15.0,0.04323956389577521,-0.7819241070227957,1.0638120569246137,280.16197681427,0.0
11,waypoint_30,15.0,0.04323956389577521,-0.7819241070227957,1.0638120569246137,305.3862452507019,0.0
12,waypoint_30,15.0,0.04323956389577521,-0.7819241070227957,1.0638120569246137,353.8368344306946,0.0
13,waypoint_30,15.0,0.04323956389577521,-0.7819241070227957,1.0638120569246137,601.009726524353,0.0
14,waypoint_30,15.0,0.04323956389577521,-0.7819241070227957,1.0638120569246137,524.3275165557861,0.0
0,waypoint_30,0.0,0.04323956389577521,-0.7819241070227957,1.0638120569246137,206.61380887031555,0.0
1,waypoint_30,0.0,0.04323956389577521,-0.7819241070227957,1.0638120569246137,155.85274994373322,0.0
2,waypoint_30,0.0,0.04323956389577521,-0.7819241070227957,1.0638120569246137,0.0031291019695345312,0.026301594451069832
3,waypoint_30,0.0,0.04323956389577521,-0.7819241070227957,1.0638120569246137,0.004685698513640091,0.023879680782556534
4,waypoint_30,0.0,0.04323956389577521,-0.7819241070227957,1.0638120569246137,127.82949209213257,0.0
5,waypoint_30,0.0,0.04323956389577521,-0.7819241070227957,1.0638120569246137,0.007089696282491786,0.007585226558148861
6,waypoint_30,0.0,0.04323956389577521,-0.7819241070227957,1.0638120569246137,0.014620381989516318,0.0021174943540245295
7,waypoint_30,0.0,0.04323956389577521,-0.7819241070227957,1.0638120569246137,366.86185002326965,0.0
8,waypoint_30,0.0,0.04323956389577521,-0.7819241070227957,1.0638120569246137,313.59583139419556,0.0
9,waypoint_30,0.0,0.04323956389577521,-0.7819241070227957,1.0638120569246137,318.6516463756561,0.0
10,waypoint_30,0.0,0.04323956389577521,-0.7819241070227957,1.0638120569246137,288.8263463973999,0.0
11,waypoint_30,0.0,0.04323956389577521,-0.7819241070227957,1.0638120569246137,334.064781665802,0.0
12,waypoint_30,0.0,0.04323956389577521,-0.7819241070227957,1.0638120569246137,356.58425092697144,0.0
13,waypoint_30,0.0,0.04323956389577521,-0.7819241070227957,1.0638120569246137,627.8930306434631,0.0
14,waypoint_30,0.0,0.04323956389577521,-0.7819241070227957,1.0638120569246137,545.9944605827332,0.0
0,waypoint_30,-15.0,0.04323956389577521,-0.7819241070227957,1.0638120569246137,218.2351052761078,0.0
1,waypoint_30,-15.0,0.04323956389577521,-0.7819241070227957,1.0638120569246137,57.058099657297134,0.0
2,waypoint_30,-15.0,0.04323956389577521,-0.7819241070227957,1.0638120569246137,0.003471426907708519,0.03144347295165062
3,waypoint_30,-15.0,0.04323956389577521,-0.7819241070227957,1.0638120569246137,0.003873843525070697,0.025893714278936386
4,waypoint_30,-15.0,0.04323956389577521,-0.7819241070227957,1.0638120569246137,163.57365250587463,0.0
5,waypoint_30,-15.0,0.04323956389577521,-0.7819241070227957,1.0638120569246137,0.005478441835293779,0.008292528800666332
6,waypoint_30,-15.0,0.04323956389577521,-0.7819241070227957,1.0638120569246137,0.0076842652561026625,0.0019405948696658015
7,waypoint_30,-15.0,0.04323956389577521,-0.7819241070227957,1.0638120569246137,377.4830102920532,0.0
8,waypoint_30,-15.0,0.04323956389577521,-0.7819241070227957,1.0638120569246137,319.23770904541016,0.0
9,waypoint_30,-15.0,0.04323956389577521,-0.7819241070227957,1.0638120569246137,319.45037841796875,0.0
10,waypoint_30,-15.0,0.04323956389577521,-0.7819241070227957,1.0638120569246137,294.67570781707764,0.0
11,waypoint_30,-15.0,0.04323956389577521,-0.7819241070227957,1.0638120569246137,355.0344407558441,0.0
12,waypoint_30,-15.0,0.04323956389577521,-0.7819241070227957,1.0638120569246137,355.4365038871765,0.0
13,waypoint_30,-15.0,0.04323956389577521,-0.7819241070227957,1.0638120569246137,655.76171875,0.0
14,waypoint_30,-15.0,0.04323956389577521,-0.7819241070227957,1.0638120569246137,574.6408104896545,0.0
0,waypoint_30,-30.0,0.04323956389577521,-0.7819241070227957,1.0638120569246137,3.847614862024784,0.0
1,waypoint_30,-30.0,0.04323956389577521,-0.7819241070227957,1.0638120569246137,112.54379898309708,0.0
2,waypoint_30,-30.0,0.04323956389577521,-0.7819241070227957,1.0638120569246137,0.004938200618198607,0.03424772620201111
3,waypoint_30,-30.0,0.04323956389577521,-0.7819241070227957,1.0638120569246137,0.004887580871582031,0.026781324297189713
4,waypoint_30,-30.0,0.04323956389577521,-0.7819241070227957,1.0638120569246137,196.01599872112274,0.0
5,waypoint_30,-30.0,0.04323956389577521,-0.7819241070227957,1.0638120569246137,0.004909339168079896,0.008909563533961773
6,waypoint_30,-30.0,0.04323956389577521,-0.7819241070227957,1.0638120569246137,0.007616761195095023,0.0017428144346922636
7,waypoint_30,-30.0,0.04323956389577521,-0.7819241070227957,1.0638120569246137,381.4765512943268,0.0
8,waypoint_30,-30.0,0.04323956389577521,-0.7819241070227957,1.0638120569246137,322.91150093078613,0.0
9,waypoint_30,-30.0,0.04323956389577521,-0.7819241070227957,1.0638120569246137,316.41221046447754,0.0
10,waypoint_30,-30.0,0.04323956389577521,-0.7819241070227957,1.0638120569246137,295.38699984550476,0.0
11,waypoint_30,-30.0,0.04323956389577521,-0.7819241070227957,1.0638120569246137,362.36992478370667,0.0
12,waypoint_30,-30.0,0.04323956389577521,-0.7819241070227957,1.0638120569246137,357.1809232234955,0.0
13,waypoint_30,-30.0,0.04323956389577521,-0.7819241070227957,1.0638120569246137,683.1405758857727,0.0
14,waypoint_30,-30.0,0.04323956389577521,-0.7819241070227957,1.0638120569246137,592.0656323432922,0.0
0,waypoint_31,-30.0,-0.1367604361042239,-0.7565540276512385,1.0638120569246137,0.016324709577020258,0.03589080646634102
1,waypoint_31,-30.0,-0.1367604361042239,-0.7565540276512385,1.0638120569246137,361.2539768218994,0.0
2,waypoint_31,-30.0,-0.1367604361042239,-0.7565540276512385,1.0638120569246137,0.018675953469937667,0.01940060779452324
3,waypoint_31,-30.0,-0.1367604361042239,-0.7565540276512385,1.0638120569246137,0.010414280950499233,0.010620706714689732
4,waypoint_31,-30.0,-0.1367604361042239,-0.7565540276512385,1.0638120569246137,330.3877115249634,0.0
5,waypoint_31,-30.0,-0.1367604361042239,-0.7565540276512385,1.0638120569246137,0.004769861334352754,0.009382654912769794
6,waypoint_31,-30.0,-0.1367604361042239,-0.7565540276512385,1.0638120569246137,0.021638230464304797,0.02064889296889305
7,waypoint_31,-30.0,-0.1367604361042239,-0.7565540276512385,1.0638120569246137,355.39618134498596,0.0
8,waypoint_31,-30.0,-0.1367604361042239,-0.7565540276512385,1.0638120569246137,314.92796540260315,0.0
9,waypoint_31,-30.0,-0.1367604361042239,-0.7565540276512385,1.0638120569246137,333.5346281528473,0.0
10,waypoint_31,-30.0,-0.1367604361042239,-0.7565540276512385,1.0638120569246137,341.3941562175751,0.0
11,waypoint_31,-30.0,-0.1367604361042239,-0.7565540276512385,1.0638120569246137,475.54248571395874,0.0
12,waypoint_31,-30.0,-0.1367604361042239,-0.7565540276512385,1.0638120569246137,451.0515630245209,0.0
13,waypoint_31,-30.0,-0.1367604361042239,-0.7565540276512385,1.0638120569246137,845.8829522132874,0.0
14,waypoint_31,-30.0,-0.1367604361042239,-0.7565540276512385,1.0638120569246137,757.0490837097168,0.0
0,waypoint_31,-15.0,-0.1367604361042239,-0.7565540276512385,1.0638120569246137,0.00631246666671359,0.033651165664196014
1,waypoint_31,-15.0,-0.1367604361042239,-0.7565540276512385,1.0638120569246137,335.53990721702576,0.0
2,waypoint_31,-15.0,-0.1367604361042239,-0.7565540276512385,1.0638120569246137,0.004498472662817221,0.01943180337548256
3,waypoint_31,-15.0,-0.1367604361042239,-0.7565540276512385,1.0638120569246137,0.0033569640436326154,0.01034195814281702
4,waypoint_31,-15.0,-0.1367604361042239,-0.7565540276512385,1.0638120569246137,303.8519620895386,0.0
5,waypoint_31,-15.0,-0.1367604361042239,-0.7565540276512385,1.0638120569246137,0.003337860107421875,0.01002758089452982
6,waypoint_31,-15.0,-0.1367604361042239,-0.7565540276512385,1.0638120569246137,0.004579507731250487,0.020265713334083557
7,waypoint_31,-15.0,-0.1367604361042239,-0.7565540276512385,1.0638120569246137,343.94511580467224,0.0
8,waypoint_31,-15.0,-0.1367604361042239,-0.7565540276512385,1.0638120569246137,306.9019317626953,0.0
9,waypoint_31,-15.0,-0.1367604361042239,-0.7565540276512385,1.0638120569246137,327.85099744796753,0.0
10,waypoint_31,-15.0,-0.1367604361042239,-0.7565540276512385,1.0638120569246137,322.5962817668915,0.0
11,waypoint_31,-15.0,-0.1367604361042239,-0.7565540276512385,1.0638120569246137,454.5305073261261,0.0
12,waypoint_31,-15.0,-0.1367604361042239,-0.7565540276512385,1.0638120569246137,450.07461309432983,0.0
13,waypoint_31,-15.0,-0.1367604361042239,-0.7565540276512385,1.0638120569246137,547.7268099784851,0.0
14,waypoint_31,-15.0,-0.1367604361042239,-0.7565540276512385,1.0638120569246137,752.4361610412598,0.0
0,waypoint_31,0.0,-0.1367604361042239,-0.7565540276512385,1.0638120569246137,0.005643272743327543,0.029424987733364105
1,waypoint_31,0.0,-0.1367604361042239,-0.7565540276512385,1.0638120569246137,127.29831039905548,0.0
2,waypoint_31,0.0,-0.1367604361042239,-0.7565540276512385,1.0638120569246137,0.004697813892562408,0.01885608583688736
3,waypoint_31,0.0,-0.1367604361042239,-0.7565540276512385,1.0638120569246137,0.0042799288166861515,0.009846962057054043
4,waypoint_31,0.0,-0.1367604361042239,-0.7565540276512385,1.0638120569246137,274.7538089752197,0.0
5,waypoint_31,0.0,-0.1367604361042239,-0.7565540276512385,1.0638120569246137,0.0034052984574373113,0.009986058808863163
6,waypoint_31,0.0,-0.1367604361042239,-0.7565540276512385,1.0638120569246137,0.0065048475335061084,0.018287479877471924
7,waypoint_31,0.0,-0.1367604361042239,-0.7565540276512385,1.0638120569246137,322.36820459365845,0.0
8,waypoint_31,0.0,-0.1367604361042239,-0.7565540276512385,1.0638120569246137,295.88407278060913,0.0
9,waypoint_31,0.0,-0.1367604361042239,-0.7565540276512385,1.0638120569246137,314.2390251159668,0.0
10,waypoint_31,0.0,-0.1367604361042239,-0.7565540276512385,1.0638120569246137,307.99251794815063,0.0
11,waypoint_31,0.0,-0.1367604361042239,-0.7565540276512385,1.0638120569246137,431.93429708480835,0.0
12,waypoint_31,0.0,-0.1367604361042239,-0.7565540276512385,1.0638120569246137,442.9658353328705,0.0
13,waypoint_31,0.0,-0.1367604361042239,-0.7565540276512385,1.0638120569246137,546.1469292640686,0.0
14,waypoint_31,0.0,-0.1367604361042239,-0.7565540276512385,1.0638120569246137,727.6604175567627,0.0
0,waypoint_31,15.0,-0.1367604361042239,-0.7565540276512385,1.0638120569246137,0.0035683226542460034,0.022125154733657837
1,waypoint_31,15.0,-0.1367604361042239,-0.7565540276512385,1.0638120569246137,58.014728128910065,0.0
2,waypoint_31,15.0,-0.1367604361042239,-0.7565540276512385,1.0638120569246137,0.00290048728857073,0.01772935315966606
3,waypoint_31,15.0,-0.1367604361042239,-0.7565540276512385,1.0638120569246137,0.002081900674966164,0.00936241913586855
4,waypoint_31,15.0,-0.1367604361042239,-0.7565540276512385,1.0638120569246137,245.1292872428894,0.0
5,waypoint_31,15.0,-0.1367604361042239,-0.7565540276512385,1.0638120569246137,0.0065997173805953935,0.008813315071165562
6,waypoint_31,15.0,-0.1367604361042239,-0.7565540276512385,1.0638120569246137,0.0036786257169296732,0.013598253019154072
7,waypoint_31,15.0,-0.1367604361042239,-0.7565540276512385,1.0638120569246137,297.8815734386444,0.0
8,waypoint_31,15.0,-0.1367604361042239,-0.7565540276512385,1.0638120569246137,251.5253722667694,0.0
9,waypoint_31,15.0,-0.1367604361042239,-0.7565540276512385,1.0638120569246137,305.9501349925995,0.0
10,waypoint_31,15.0,-0.1367604361042239,-0.7565540276512385,1.0638120569246137,291.8868064880371,0.0
11,waypoint_31,15.0,-0.1367604361042239,-0.7565540276512385,1.0638120569246137,409.5989763736725,0.0
12,waypoint_31,15.0,-0.1367604361042239,-0.7565540276512385,1.0638120569246137,435.5155825614929,0.0
13,waypoint_31,15.0,-0.1367604361042239,-0.7565540276512385,1.0638120569246137,541.786253452301,0.0
14,waypoint_31,15.0,-0.1367604361042239,-0.7565540276512385,1.0638120569246137,706.2045931816101,0.0
0,waypoint_31,30.0,-0.1367604361042239,-0.7565540276512385,1.0638120569246137,0.003731841161425109,0.0048692841082811356
1,waypoint_31,30.0,-0.1367604361042239,-0.7565540276512385,1.0638120569246137,54.13167551159859,0.0
2,waypoint_31,30.0,-0.1367604361042239,-0.7565540276512385,1.0638120569246137,0.0025678466499812203,0.01618090830743313
3,waypoint_31,30.0,-0.1367604361042239,-0.7565540276512385,1.0638120569246137,0.004938200618198607,0.009103100746870041
4,waypoint_31,30.0,-0.1367604361042239,-0.7565540276512385,1.0638120569246137,218.29664707183838,0.0
5,waypoint_31,30.0,-0.1367604361042239,-0.7565540276512385,1.0638120569246137,0.0028435852073016576,0.0056541841477155685
6,waypoint_31,30.0,-0.1367604361042239,-0.7565540276512385,1.0638120569246137,0.34902457264252007,0.0001700036518741399
7,waypoint_31,30.0,-0.1367604361042239,-0.7565540276512385,1.0638120569246137,275.9963274002075,0.0
8,waypoint_31,30.0,-0.1367604361042239,-0.7565540276512385,1.0638120569246137,237.8036081790924,0.0
9,waypoint_31,30.0,-0.1367604361042239,-0.7565540276512385,1.0638120569246137,283.48806500434875,0.0
10,waypoint_31,30.0,-0.1367604361042239,-0.7565540276512385,1.0638120569246137,274.11484718322754,0.0
11,waypoint_31,30.0,-0.1367604361042239,-0.7565540276512385,1.0638120569246137,386.2316608428955,0.0
12,waypoint_31,30.0,-0.1367604361042239,-0.7565540276512385,1.0638120569246137,427.28957533836365,0.0
13,waypoint_31,30.0,-0.1367604361042239,-0.7565540276512385,1.0638120569246137,529.8764705657959,0.0
14,waypoint_31,30.0,-0.1367604361042239,-0.7565540276512385,1.0638120569246137,684.2061877250671,0.0
0,waypoint_32,30.0,-0.11676043610422432,-0.7565540276512385,1.0638120569246137,7.0860860869288445,0.0
1,waypoint_32,30.0,-0.11676043610422432,-0.7565540276512385,1.0638120569246137,48.47997799515724,0.0
2,waypoint_32,30.0,-0.11676043610422432,-0.7565540276512385,1.0638120569246137,0.008860065463522915,0.017274891957640648
3,waypoint_32,30.0,-0.11676043610422432,-0.7565540276512385,1.0638120569246137,0.010207545528828632,0.01065694447606802
4,waypoint_32,30.0,-0.11676043610422432,-0.7565540276512385,1.0638120569246137,197.22525775432587,0.0
5,waypoint_32,30.0,-0.11676043610422432,-0.7565540276512385,1.0638120569246137,0.010831658073584549,0.004713873378932476
6,waypoint_32,30.0,-0.11676043610422432,-0.7565540276512385,1.0638120569246137,0.01335650358669227,0.003566514002159238
7,waypoint_32,30.0,-0.11676043610422432,-0.7565540276512385,1.0638120569246137,280.5924415588379,0.0
8,waypoint_32,30.0,-0.11676043610422432,-0.7565540276512385,1.0638120569246137,235.5501800775528,0.0
9,waypoint_32,30.0,-0.11676043610422432,-0.7565540276512385,1.0638120569246137,278.8117825984955,0.0
10,waypoint_32,30.0,-0.11676043610422432,-0.7565540276512385,1.0638120569246137,266.9619917869568,0.0
11,waypoint_32,30.0,-0.11676043610422432,-0.7565540276512385,1.0638120569246137,373.4848201274872,0.0
12,waypoint_32,30.0,-0.11676043610422432,-0.7565540276512385,1.0638120569246137,414.4451916217804,0.0
13,waypoint_32,30.0,-0.11676043610422432,-0.7565540276512385,1.0638120569246137,515.2140259742737,0.0
14,waypoint_32,30.0,-0.11676043610422432,-0.7565540276512385,1.0638120569246137,666.6240692138672,0.0
0,waypoint_32,15.0,-0.11676043610422432,-0.7565540276512385,1.0638120569246137,0.01557039468025323,0.01942881941795349
1,waypoint_32,15.0,-0.11676043610422432,-0.7565540276512385,1.0638120569246137,32.96133130788803,0.0
2,waypoint_32,15.0,-0.11676043610422432,-0.7565540276512385,1.0638120569246137,0.0024343225959455594,0.019186628982424736
3,waypoint_32,15.0,-0.11676043610422432,-0.7565540276512385,1.0638120569246137,0.0027079145183961373,0.011137590743601322
4,waypoint_32,15.0,-0.11676043610422432,-0.7565540276512385,1.0638120569246137,224.8198539018631,0.0
5,waypoint_32,15.0,-0.11676043610422432,-0.7565540276512385,1.0638120569246137,0.014307101082522422,0.0072027756832540035
6,waypoint_32,15.0,-0.11676043610422432,-0.7565540276512385,1.0638120569246137,0.012706636880466249,0.013345562852919102
7,waypoint_32,15.0,-0.11676043610422432,-0.7565540276512385,1.0638120569246137,303.66185307502747,0.0
8,waypoint_32,15.0,-0.11676043610422432,-0.7565540276512385,1.0638120569246137,246.9164878129959,0.0
9,waypoint_32,15.0,-0.11676043610422432,-0.7565540276512385,1.0638120569246137,299.2641031742096,0.0
10,waypoint_32,15.0,-0.11676043610422432,-0.7565540276512385,1.0638120569246137,285.87809205055237,0.0
11,waypoint_32,15.0,-0.11676043610422432,-0.7565540276512385,1.0638120569246137,395.109087228775,0.0
12,waypoint_32,15.0,-0.11676043610422432,-0.7565540276512385,1.0638120569246137,419.2650616168976,0.0
13,waypoint_32,15.0,-0.11676043610422432,-0.7565540276512385,1.0638120569246137,517.1639919281006,0.0
14,waypoint_32,15.0,-0.11676043610422432,-0.7565540276512385,1.0638120569246137,685.5469346046448,0.0
0,waypoint_32,0.0,-0.11676043610422432,-0.7565540276512385,1.0638120569246137,0.002314625817234628,0.02884676679968834
1,waypoint_32,0.0,-0.11676043610422432,-0.7565540276512385,1.0638120569246137,38.07692974805832,0.0
2,waypoint_32,0.0,-0.11676043610422432,-0.7565540276512385,1.0638120569246137,0.004474717115954263,0.020527297630906105
3,waypoint_32,0.0,-0.11676043610422432,-0.7565540276512385,1.0638120569246137,0.0028235242552909767,0.011718553490936756
4,waypoint_32,0.0,-0.11676043610422432,-0.7565540276512385,1.0638120569246137,255.5159330368042,0.0
5,waypoint_32,0.0,-0.11676043610422432,-0.7565540276512385,1.0638120569246137,0.004829079898627242,0.008010974153876305
6,waypoint_32,0.0,-0.11676043610422432,-0.7565540276512385,1.0638120569246137,0.004134481514483923,0.01697840541601181
7,waypoint_32,0.0,-0.11676043610422432,-0.7565540276512385,1.0638120569246137,325.3292441368103,0.0
8,waypoint_32,0.0,-0.11676043610422432,-0.7565540276512385,1.0638120569246137,254.70149517059326,0.0
9,waypoint_32,0.0,-0.11676043610422432,-0.7565540276512385,1.0638120569246137,299.7998297214508,0.0
10,waypoint_32,0.0,-0.11676043610422432,-0.7565540276512385,1.0638120569246137,300.55686831474304,0.0
11,waypoint_32,0.0,-0.11676043610422432,-0.7565540276512385,1.0638120569246137,419.3207025527954,0.0
12,waypoint_32,0.0,-0.11676043610422432,-0.7565540276512385,1.0638120569246137,424.76993799209595,0.0
13,waypoint_32,0.0,-0.11676043610422432,-0.7565540276512385,1.0638120569246137,519.0088152885437,0.0
14,waypoint_32,0.0,-0.11676043610422432,-0.7565540276512385,1.0638120569246137,705.747663974762,0.0
0,waypoint_32,-15.0,-0.11676043610422432,-0.7565540276512385,1.0638120569246137,0.006309088803391205,0.03410018980503082
1,waypoint_32,-15.0,-0.11676043610422432,-0.7565540276512385,1.0638120569246137,124.50563162565231,0.0
2,waypoint_32,-15.0,-0.11676043610422432,-0.7565540276512385,1.0638120569246137,0.0051356932999624405,0.021200567483901978
3,waypoint_32,-15.0,-0.11676043610422432,-0.7565540276512385,1.0638120569246137,0.003741349019037443,0.012193278409540653
4,waypoint_32,-15.0,-0.11676043610422432,-0.7565540276512385,1.0638120569246137,285.7491970062256,0.0
5,waypoint_32,-15.0,-0.11676043610422432,-0.7565540276512385,1.0638120569246137,0.002431401981084491,0.007877317257225513
6,waypoint_32,-15.0,-0.11676043610422432,-0.7565540276512385,1.0638120569246137,0.001914103222588892,0.01838582567870617
7,waypoint_32,-15.0,-0.11676043610422432,-0.7565540276512385,1.0638120569246137,345.9971249103546,0.0
8,waypoint_32,-15.0,-0.11676043610422432,-0.7565540276512385,1.0638120569246137,313.81797790527344,0.0
9,waypoint_32,-15.0,-0.11676043610422432,-0.7565540276512385,1.0638120569246137,305.534303188324,0.0
10,waypoint_32,-15.0,-0.11676043610422432,-0.7565540276512385,1.0638120569246137,314.75090980529785,0.0
11,waypoint_32,-15.0,-0.11676043610422432,-0.7565540276512385,1.0638120569246137,439.80759382247925,0.0
12,waypoint_32,-15.0,-0.11676043610422432,-0.7565540276512385,1.0638120569246137,428.0838072299957,0.0
13,waypoint_32,-15.0,-0.11676043610422432,-0.7565540276512385,1.0638120569246137,514.8726105690002,0.0
14,waypoint_32,-15.0,-0.11676043610422432,-0.7565540276512385,1.0638120569246137,732.6433658599854,0.0
0,waypoint_32,-30.0,-0.11676043610422432,-0.7565540276512385,1.0638120569246137,0.00556593795408844,0.03697851300239563
1,waypoint_32,-30.0,-0.11676043610422432,-0.7565540276512385,1.0638120569246137,236.82524263858795,0.0
2,waypoint_32,-30.0,-0.11676043610422432,-0.7565540276512385,1.0638120569246137,0.007136645308492007,0.021187961101531982
3,waypoint_32,-30.0,-0.11676043610422432,-0.7565540276512385,1.0638120569246137,0.005278966455080081,0.012369316071271896
4,waypoint_32,-30.0,-0.11676043610422432,-0.7565540276512385,1.0638120569246137,313.41418623924255,0.0
5,waypoint_32,-30.0,-0.11676043610422432,-0.7565540276512385,1.0638120569246137,0.0016518123402420315,0.007192212622612715
6,waypoint_32,-30.0,-0.11676043610422432,-0.7565540276512385,1.0638120569246137,0.003055573870369699,0.018435636535286903
7,waypoint_32,-30.0,-0.11676043610422432,-0.7565540276512385,1.0638120569246137,357.40986466407776,0.0
8,waypoint_32,-30.0,-0.11676043610422432,-0.7565540276512385,1.0638120569246137,328.14887166023254,0.0
9,waypoint_32,-30.0,-0.11676043610422432,-0.7565540276512385,1.0638120569246137,306.35741353034973,0.0
10,waypoint_32,-30.0,-0.11676043610422432,-0.7565540276512385,1.0638120569246137,325.2078890800476,0.0
11,waypoint_32,-30.0,-0.11676043610422432,-0.7565540276512385,1.0638120569246137,448.51991534233093,0.0
12,waypoint_32,-30.0,-0.11676043610422432,-0.7565540276512385,1.0638120569246137,429.44371700286865,0.0
13,waypoint_32,-30.0,-0.11676043610422432,-0.7565540276512385,1.0638120569246137,514.2659544944763,0.0
14,waypoint_32,-30.0,-0.11676043610422432,-0.7565540276512385,1.0638120569246137,745.380163192749,0.0
0,waypoint_33,-30.0,-0.09676043610422452,-0.7565540276512385,1.0638120569246137,0.009655216672399547,0.037764910608530045
1,waypoint_33,-30.0,-0.09676043610422452,-0.7565540276512385,1.0638120569246137,228.80730032920837,0.0
2,waypoint_33,-30.0,-0.09676043610422452,-0.7565540276512385,1.0638120569246137,0.012412086107360665,0.022988449782133102
3,waypoint_33,-30.0,-0.09676043610422452,-0.7565540276512385,1.0638120569246137,0.011299757716187742,0.014116446487605572
4,waypoint_33,-30.0,-0.09676043610422452,-0.7565540276512385,1.0638120569246137,297.02576994895935,0.0
5,waypoint_33,-30.0,-0.09676043610422452,-0.7565540276512385,1.0638120569246137,0.011701957191689871,0.005075711756944656
6,waypoint_33,-30.0,-0.09676043610422452,-0.7565540276512385,1.0638120569246137,0.013445439435599837,0.016172897070646286
7,waypoint_33,-30.0,-0.09676043610422452,-0.7565540276512385,1.0638120569246137,359.10969972610474,0.0
8,waypoint_33,-30.0,-0.09676043610422452,-0.7565540276512385,1.0638120569246137,326.0389566421509,0.0
9,waypoint_33,-30.0,-0.09676043610422452,-0.7565540276512385,1.0638120569246137,300.693541765213,0.0
10,waypoint_33,-30.0,-0.09676043610422452,-0.7565540276512385,1.0638120569246137,325.90538263320923,0.0
11,waypoint_33,-30.0,-0.09676043610422452,-0.7565540276512385,1.0638120569246137,438.0835294723511,0.0
12,waypoint_33,-30.0,-0.09676043610422452,-0.7565540276512385,1.0638120569246137,416.4045751094818,0.0
13,waypoint_33,-30.0,-0.09676043610422452,-0.7565540276512385,1.0638120569246137,499.56902861595154,0.0
14,waypoint_33,-30.0,-0.09676043610422452,-0.7565540276512385,1.0638120569246137,728.653609752655,0.0
0,waypoint_33,-15.0,-0.09676043610422452,-0.7565540276512385,1.0638120569246137,0.0026361160507804016,0.03410385549068451
1,waypoint_33,-15.0,-0.09676043610422452,-0.7565540276512385,1.0638120569246137,185.84829568862915,0.0
2,waypoint_33,-15.0,-0.09676043610422452,-0.7565540276512385,1.0638120569246137,0.006254796971916221,0.022944403812289238
3,waypoint_33,-15.0,-0.09676043610422452,-0.7565540276512385,1.0638120569246137,0.005235717708274024,0.014026103541254997
4,waypoint_33,-15.0,-0.09676043610422452,-0.7565540276512385,1.0638120569246137,268.20361614227295,0.0
5,waypoint_33,-15.0,-0.09676043610422452,-0.7565540276512385,1.0638120569246137,0.004317944330978207,0.005746085662394762
6,waypoint_33,-15.0,-0.09676043610422452,-0.7565540276512385,1.0638120569246137,0.00537562891622656,0.01638633757829666
7,waypoint_33,-15.0,-0.09676043610422452,-0.7565540276512385,1.0638120569246137,348.2549786567688,0.0
8,waypoint_33,-15.0,-0.09676043610422452,-0.7565540276512385,1.0638120569246137,323.9295184612274,0.0
9,waypoint_33,-15.0,-0.09676043610422452,-0.7565540276512385,1.0638120569246137,305.07373809814453,0.0
10,waypoint_33,-15.0,-0.09676043610422452,-0.7565540276512385,1.0638120569246137,346.42016887664795,0.0
11,waypoint_33,-15.0,-0.09676043610422452,-0.7565540276512385,1.0638120569246137,426.6495108604431,0.0
12,waypoint_33,-15.0,-0.09676043610422452,-0.7565540276512385,1.0638120569246137,413.0464792251587,0.0
13,waypoint_33,-15.0,-0.09676043610422452,-0.7565540276512385,1.0638120569246137,499.54235553741455,0.0
14,waypoint_33,-15.0,-0.09676043610422452,-0.7565540276512385,1.0638120569246137,725.0264286994934,0.0
0,waypoint_33,0.0,-0.09676043610422452,-0.7565540276512385,1.0638120569246137,0.003165225507473224,0.02751145325601101
1,waypoint_33,0.0,-0.09676043610422452,-0.7565540276512385,1.0638120569246137,133.03911685943604,0.0
2,waypoint_33,0.0,-0.09676043610422452,-0.7565540276512385,1.0638120569246137,0.007129672212613514,0.022132886573672295
3,waypoint_33,0.0,-0.09676043610422452,-0.7565540276512385,1.0638120569246137,0.00381655945602688,0.013558780774474144
4,waypoint_33,0.0,-0.09676043610422452,-0.7565540276512385,1.0638120569246137,236.74432933330536,0.0
5,waypoint_33,0.0,-0.09676043610422452,-0.7565540276512385,1.0638120569246137,0.002396076979493955,0.006001779809594154
6,waypoint_33,0.0,-0.09676043610422452,-0.7565540276512385,1.0638120569246137,0.005232514467934379,0.015441170893609524
7,waypoint_33,0.0,-0.09676043610422452,-0.7565540276512385,1.0638120569246137,329.04496788978577,0.0
8,waypoint_33,0.0,-0.09676043610422452,-0.7565540276512385,1.0638120569246137,320.7489550113678,0.0
9,waypoint_33,0.0,-0.09676043610422452,-0.7565540276512385,1.0638120569246137,297.56394028663635,0.0
10,waypoint_33,0.0,-0.09676043610422452,-0.7565540276512385,1.0638120569246137,338.43347430229187,0.0
11,waypoint_33,0.0,-0.09676043610422452,-0.7565540276512385,1.0638120569246137,407.0369005203247,0.0
12,waypoint_33,0.0,-0.09676043610422452,-0.7565540276512385,1.0638120569246137,404.66955304145813,0.0
13,waypoint_33,0.0,-0.09676043610422452,-0.7565540276512385,1.0638120569246137,496.8707263469696,0.0
14,waypoint_33,0.0,-0.09676043610422452,-0.7565540276512385,1.0638120569246137,701.057493686676,0.0
0,waypoint_33,15.0,-0.09676043610422452,-0.7565540276512385,1.0638120569246137,0.003471426907708519,0.01452544704079628
1,waypoint_33,15.0,-0.09676043610422452,-0.7565540276512385,1.0638120569246137,66.16216897964478,0.0
2,waypoint_33,15.0,-0.09676043610422452,-0.7565540276512385,1.0638120569246137,0.0029490749966498697,0.020531490445137024
3,waypoint_33,15.0,-0.09676043610422452,-0.7565540276512385,1.0638120569246137,0.0032340669804398203,0.012872486375272274
4,waypoint_33,15.0,-0.09676043610422452,-0.7565540276512385,1.0638120569246137,204.85632121562958,0.0
5,waypoint_33,15.0,-0.09676043610422452,-0.7565540276512385,1.0638120569246137,0.0038221405702643096,0.005499826744198799
6,waypoint_33,15.0,-0.09676043610422452,-0.7565540276512385,1.0638120569246137,0.005009649612475187,0.012634261511266232
7,waypoint_33,15.0,-0.09676043610422452,-0.7565540276512385,1.0638120569246137,305.2999973297119,0.0
8,waypoint_33,15.0,-0.09676043610422452,-0.7565540276512385,1.0638120569246137,315.2756690979004,0.0
9,waypoint_33,15.0,-0.09676043610422452,-0.7565540276512385,1.0638120569246137,286.4335775375366,0.0
10,waypoint_33,15.0,-0.09676043610422452,-0.7565540276512385,1.0638120569246137,318.75431537628174,0.0
11,waypoint_33,15.0,-0.09676043610422452,-0.7565540276512385,1.0638120569246137,382.8548789024353,0.0
12,waypoint_33,15.0,-0.09676043610422452,-0.7565540276512385,1.0638120569246137,398.8974690437317,0.0
13,waypoint_33,15.0,-0.09676043610422452,-0.7565540276512385,1.0638120569246137,492.15254187583923,0.0
14,waypoint_33,15.0,-0.09676043610422452,-0.7565540276512385,1.0638120569246137,679.8934936523438,0.0
0,waypoint_33,30.0,-0.09676043610422452,-0.7565540276512385,1.0638120569246137,164.0394628047943,0.0
1,waypoint_33,30.0,-0.09676043610422452,-0.7565540276512385,1.0638120569246137,40.20566865801811,0.0
2,waypoint_33,30.0,-0.09676043610422452,-0.7565540276512385,1.0638120569246137,0.003977019332523923,0.018190396949648857
3,waypoint_33,30.0,-0.09676043610422452,-0.7565540276512385,1.0638120569246137,0.003939321231882786,0.01216051634401083
4,waypoint_33,30.0,-0.09676043610422452,-0.7565540276512385,1.0638120569246137,176.33265256881714,0.0
5,waypoint_33,30.0,-0.09676043610422452,-0.7565540276512385,1.0638120569246137,0.0028709398520732066,0.003555817063897848
6,waypoint_33,30.0,-0.09676043610422452,-0.7565540276512385,1.0638120569246137,0.0021491277948371135,0.0058493162505328655
7,waypoint_33,30.0,-0.09676043610422452,-0.7565540276512385,1.0638120569246137,285.64268350601196,0.0
8,waypoint_33,30.0,-0.09676043610422452,-0.7565540276512385,1.0638120569246137,299.7378408908844,0.0
9,waypoint_33,30.0,-0.09676043610422452,-0.7565540276512385,1.0638120569246137,271.4283764362335,0.0
10,waypoint_33,30.0,-0.09676043610422452,-0.7565540276512385,1.0638120569246137,292.473703622818,0.0
11,waypoint_33,30.0,-0.09676043610422452,-0.7565540276512385,1.0638120569246137,361.21639609336853,0.0
12,waypoint_33,30.0,-0.09676043610422452,-0.7565540276512385,1.0638120569246137,390.5865252017975,0.0
13,waypoint_33,30.0,-0.09676043610422452,-0.7565540276512385,1.0638120569246137,481.3813865184784,0.0
14,waypoint_33,30.0,-0.09676043610422452,-0.7565540276512385,1.0638120569246137,652.5660157203674,0.0
0,waypoint_34,30.0,-0.076760436104224,-0.7565540276512385,1.0638120569246137,214.5485132932663,0.0
1,waypoint_34,30.0,-0.076760436104224,-0.7565540276512385,1.0638120569246137,0.3509515372570604,0.010485055856406689
2,waypoint_34,30.0,-0.076760436104224,-0.7565540276512385,1.0638120569246137,0.010073008525068872,0.018882770091295242
3,waypoint_34,30.0,-0.076760436104224,-0.7565540276512385,1.0638120569246137,0.010332771125831641,0.013597902841866016
4,waypoint_34,30.0,-0.076760436104224,-0.7565540276512385,1.0638120569246137,155.65909445285797,0.0
5,waypoint_34,30.0,-0.076760436104224,-0.7565540276512385,1.0638120569246137,43.571460992097855,0.0
6,waypoint_34,30.0,-0.076760436104224,-0.7565540276512385,1.0638120569246137,0.010892748832702637,0.006443326361477375
7,waypoint_34,30.0,-0.076760436104224,-0.7565540276512385,1.0638120569246137,291.363924741745,0.0
8,waypoint_34,30.0,-0.076760436104224,-0.7565540276512385,1.0638120569246137,303.3634126186371,0.0
9,waypoint_34,30.0,-0.076760436104224,-0.7565540276512385,1.0638120569246137,273.10290932655334,0.0
10,waypoint_34,30.0,-0.076760436104224,-0.7565540276512385,1.0638120569246137,284.567654132843,0.0
11,waypoint_34,30.0,-0.076760436104224,-0.7565540276512385,1.0638120569246137,345.8115756511688,0.0
12,waypoint_34,30.0,-0.076760436104224,-0.7565540276512385,1.0638120569246137,375.2928376197815,0.0
13,waypoint_34,30.0,-0.076760436104224,-0.7565540276512385,1.0638120569246137,465.6587541103363,0.0
14,waypoint_34,30.0,-0.076760436104224,-0.7565540276512385,1.0638120569246137,629.6122670173645,0.0
0,waypoint_34,15.0,-0.076760436104224,-0.7565540276512385,1.0638120569246137,220.7319587469101,0.0
1,waypoint_34,15.0,-0.076760436104224,-0.7565540276512385,1.0638120569246137,58.49417299032211,0.0
2,waypoint_34,15.0,-0.076760436104224,-0.7565540276512385,1.0638120569246137,0.00411746896133991,0.021737264469265938
3,waypoint_34,15.0,-0.076760436104224,-0.7565540276512385,1.0638120569246137,0.0031291019695345312,0.01455726195126772
4,waypoint_34,15.0,-0.076760436104224,-0.7565540276512385,1.0638120569246137,185.31619012355804,0.0
5,waypoint_34,15.0,-0.076760436104224,-0.7565540276512385,1.0638120569246137,0.025652165277278982,0.0037431991659104824
6,waypoint_34,15.0,-0.076760436104224,-0.7565540276512385,1.0638120569246137,0.021666217435267754,0.011586971580982208
7,waypoint_34,15.0,-0.076760436104224,-0.7565540276512385,1.0638120569246137,310.9194338321686,0.0
8,waypoint_34,15.0,-0.076760436104224,-0.7565540276512385,1.0638120569246137,309.9818229675293,0.0
9,waypoint_34,15.0,-0.076760436104224,-0.7565540276512385,1.0638120569246137,284.18731689453125,0.0
10,waypoint_34,15.0,-0.076760436104224,-0.7565540276512385,1.0638120569246137,310.35247445106506,0.0
11,waypoint_34,15.0,-0.076760436104224,-0.7565540276512385,1.0638120569246137,369.96710300445557,0.0
12,waypoint_34,15.0,-0.076760436104224,-0.7565540276512385,1.0638120569246137,384.01633501052856,0.0
13,waypoint_34,15.0,-0.076760436104224,-0.7565540276512385,1.0638120569246137,466.56665205955505,0.0
14,waypoint_34,15.0,-0.076760436104224,-0.7565540276512385,1.0638120569246137,649.415135383606,0.0
0,waypoint_34,0.0,-0.076760436104224,-0.7565540276512385,1.0638120569246137,55.60598149895668,0.0
1,waypoint_34,0.0,-0.076760436104224,-0.7565540276512385,1.0638120569246137,52.676960825920105,0.0
2,waypoint_34,0.0,-0.076760436104224,-0.7565540276512385,1.0638120569246137,0.0036645951695390977,0.023657526820898056
3,waypoint_34,0.0,-0.076760436104224,-0.7565540276512385,1.0638120569246137,0.005224849246587837,0.015364947728812695
4,waypoint_34,0.0,-0.076760436104224,-0.7565540276512385,1.0638120569246137,218.54931116104126,0.0
5,waypoint_34,0.0,-0.076760436104224,-0.7565540276512385,1.0638120569246137,0.0019110702851321548,0.003976049832999706
6,waypoint_34,0.0,-0.076760436104224,-0.7565540276512385,1.0638120569246137,0.0030300329854071606,0.01373379211872816
7,waypoint_34,0.0,-0.076760436104224,-0.7565540276512385,1.0638120569246137,333.3141803741455,0.0
8,waypoint_34,0.0,-0.076760436104224,-0.7565540276512385,1.0638120569246137,298.51698875427246,0.0
9,waypoint_34,0.0,-0.076760436104224,-0.7565540276512385,1.0638120569246137,295.2549159526825,0.0
10,waypoint_34,0.0,-0.076760436104224,-0.7565540276512385,1.0638120569246137,334.26323533058167,0.0
11,waypoint_34,0.0,-0.076760436104224,-0.7565540276512385,1.0638120569246137,393.7961757183075,0.0
12,waypoint_34,0.0,-0.076760436104224,-0.7565540276512385,1.0638120569246137,393.728643655777,0.0
13,waypoint_34,0.0,-0.076760436104224,-0.7565540276512385,1.0638120569246137,466.41436219215393,0.0
14,waypoint_34,0.0,-0.076760436104224,-0.7565540276512385,1.0638120569246137,669.8878407478333,0.0
0,waypoint_34,-15.0,-0.076760436104224,-0.7565540276512385,1.0638120569246137,107.0299968123436,0.0
1,waypoint_34,-15.0,-0.076760436104224,-0.7565540276512385,1.0638120569246137,111.0246330499649,0.0
2,waypoint_34,-15.0,-0.076760436104224,-0.7565540276512385,1.0638120569246137,0.004909339168079896,0.024653518572449684
3,waypoint_34,-15.0,-0.076760436104224,-0.7565540276512385,1.0638120569246137,0.004504786375036929,0.01584303379058838
4,waypoint_34,-15.0,-0.076760436104224,-0.7565540276512385,1.0638120569246137,251.3037919998169,0.0
5,waypoint_34,-15.0,-0.076760436104224,-0.7565540276512385,1.0638120569246137,0.0017233886637768592,0.003656469751149416
6,waypoint_34,-15.0,-0.076760436104224,-0.7565540276512385,1.0638120569246137,0.0021941800696367864,0.014305994845926762
7,waypoint_34,-15.0,-0.076760436104224,-0.7565540276512385,1.0638120569246137,351.19402408599854,0.0
8,waypoint_34,-15.0,-0.076760436104224,-0.7565540276512385,1.0638120569246137,300.9069263935089,0.0
9,waypoint_34,-15.0,-0.076760436104224,-0.7565540276512385,1.0638120569246137,301.95242166519165,0.0
10,waypoint_34,-15.0,-0.076760436104224,-0.7565540276512385,1.0638120569246137,395.20493149757385,0.0
11,waypoint_34,-15.0,-0.076760436104224,-0.7565540276512385,1.0638120569246137,416.25550389289856,0.0
12,waypoint_34,-15.0,-0.076760436104224,-0.7565540276512385,1.0638120569246137,400.6025195121765,0.0
13,waypoint_34,-15.0,-0.076760436104224,-0.7565540276512385,1.0638120569246137,471.99809551239014,0.0
14,waypoint_34,-15.0,-0.076760436104224,-0.7565540276512385,1.0638120569246137,699.0359425544739,0.0
0,waypoint_34,-30.0,-0.076760436104224,-0.7565540276512385,1.0638120569246137,166.47981107234955,0.0
1,waypoint_34,-30.0,-0.076760436104224,-0.7565540276512385,1.0638120569246137,213.2161408662796,0.0
2,waypoint_34,-30.0,-0.076760436104224,-0.7565540276512385,1.0638120569246137,0.005343183147488162,0.024793198332190514
3,waypoint_34,-30.0,-0.076760436104224,-0.7565540276512385,1.0638120569246137,0.005114898158353753,0.015866290777921677
4,waypoint_34,-30.0,-0.076760436104224,-0.7565540276512385,1.0638120569246137,281.34018182754517,0.0
5,waypoint_34,-30.0,-0.076760436104224,-0.7565540276512385,1.0638120569246137,0.0025926308353518834,0.0030872791539877653
6,waypoint_34,-30.0,-0.076760436104224,-0.7565540276512385,1.0638120569246137,0.0035601692616182845,0.013894440606236458
7,waypoint_34,-30.0,-0.076760436104224,-0.7565540276512385,1.0638120569246137,362.13284730911255,0.0
8,waypoint_34,-30.0,-0.076760436104224,-0.7565540276512385,1.0638120569246137,302.2150695323944,0.0
9,waypoint_34,-30.0,-0.076760436104224,-0.7565540276512385,1.0638120569246137,302.66401171684265,0.0
10,waypoint_34,-30.0,-0.076760436104224,-0.7565540276512385,1.0638120569246137,533.8297486305237,0.0
11,waypoint_34,-30.0,-0.076760436104224,-0.7565540276512385,1.0638120569246137,424.94019865989685,0.0
12,waypoint_34,-30.0,-0.076760436104224,-0.7565540276512385,1.0638120569246137,403.68542075157166,0.0
13,waypoint_34,-30.0,-0.076760436104224,-0.7565540276512385,1.0638120569246137,472.5877344608307,0.0
14,waypoint_34,-30.0,-0.076760436104224,-0.7565540276512385,1.0638120569246137,717.1966433525085,0.0
0,waypoint_35,-30.0,-0.05676043610422443,-0.7565540276512385,1.0638120569246137,146.57266438007355,0.0
1,waypoint_35,-30.0,-0.05676043610422443,-0.7565540276512385,1.0638120569246137,201.54568552970886,0.0
2,waypoint_35,-30.0,-0.05676043610422443,-0.7565540276512385,1.0638120569246137,0.010227712664345745,0.026595214381814003
3,waypoint_35,-30.0,-0.05676043610422443,-0.7565540276512385,1.0638120569246137,0.010904881492024288,0.017627498134970665
4,waypoint_35,-30.0,-0.05676043610422443,-0.7565540276512385,1.0638120569246137,266.4863169193268,0.0
5,waypoint_35,-30.0,-0.05676043610422443,-0.7565540276512385,1.0638120569246137,0.0110704295366304,0.0014670818345621228
6,waypoint_35,-30.0,-0.05676043610422443,-0.7565540276512385,1.0638120569246137,0.011639943295449484,0.011622341349720955
7,waypoint_35,-30.0,-0.05676043610422443,-0.7565540276512385,1.0638120569246137,365.04024267196655,0.0
8,waypoint_35,-30.0,-0.05676043610422443,-0.7565540276512385,1.0638120569246137,303.61852049827576,0.0
9,waypoint_35,-30.0,-0.05676043610422443,-0.7565540276512385,1.0638120569246137,303.0705451965332,0.0
10,waypoint_35,-30.0,-0.05676043610422443,-0.7565540276512385,1.0638120569246137,616.7134046554565,0.0
11,waypoint_35,-30.0,-0.05676043610422443,-0.7565540276512385,1.0638120569246137,415.071040391922,0.0
12,waypoint_35,-30.0,-0.05676043610422443,-0.7565540276512385,1.0638120569246137,391.3116455078125,0.0
13,waypoint_35,-30.0,-0.05676043610422443,-0.7565540276512385,1.0638120569246137,459.1050148010254,0.0
14,waypoint_35,-30.0,-0.05676043610422443,-0.7565540276512385,1.0638120569246137,700.5000710487366,0.0
0,waypoint_35,-15.0,-0.05676043610422443,-0.7565540276512385,1.0638120569246137,88.69700878858566,0.0
1,waypoint_35,-15.0,-0.05676043610422443,-0.7565540276512385,1.0638120569246137,145.32829821109772,0.0
2,waypoint_35,-15.0,-0.05676043610422443,-0.7565540276512385,1.0638120569246137,0.004163801349932328,0.026313817128539085
3,waypoint_35,-15.0,-0.05676043610422443,-0.7565540276512385,1.0638120569246137,0.003731841161425109,0.017645349726080894
4,waypoint_35,-15.0,-0.05676043610422443,-0.7565540276512385,1.0638120569246137,235.2307140827179,0.0
5,waypoint_35,-15.0,-0.05676043610422443,-0.7565540276512385,1.0638120569246137,0.005850978595844936,0.0016809299122542143
6,waypoint_35,-15.0,-0.05676043610422443,-0.7565540276512385,1.0638120569246137,0.003086179958700086,0.012178047560155392
7,waypoint_35,-15.0,-0.05676043610422443,-0.7565540276512385,1.0638120569246137,355.9914529323578,0.0
8,waypoint_35,-15.0,-0.05676043610422443,-0.7565540276512385,1.0638120569246137,305.00057339668274,0.0
9,waypoint_35,-15.0,-0.05676043610422443,-0.7565540276512385,1.0638120569246137,304.71134185791016,0.0
10,waypoint_35,-15.0,-0.05676043610422443,-0.7565540276512385,1.0638120569246137,601.7038226127625,0.0
11,waypoint_35,-15.0,-0.05676043610422443,-0.7565540276512385,1.0638120569246137,405.58791160583496,0.0
12,waypoint_35,-15.0,-0.05676043610422443,-0.7565540276512385,1.0638120569246137,390.77678322792053,0.0
13,waypoint_35,-15.0,-0.05676043610422443,-0.7565540276512385,1.0638120569246137,459.4744145870209,0.0
14,waypoint_35,-15.0,-0.05676043610422443,-0.7565540276512385,1.0638120569246137,695.0711607933044,0.0
0,waypoint_35,0.0,-0.05676043610422443,-0.7565540276512385,1.0638120569246137,33.47717598080635,0.0
1,waypoint_35,0.0,-0.05676043610422443,-0.7565540276512385,1.0638120569246137,92.78683364391327,0.0
2,waypoint_35,0.0,-0.05676043610422443,-0.7565540276512385,1.0638120569246137,0.0031291019695345312,0.025079352781176567
3,waypoint_35,0.0,-0.05676043610422443,-0.7565540276512385,1.0638120569246137,0.003991286575910635,0.017132911831140518
4,waypoint_35,0.0,-0.05676043610422443,-0.7565540276512385,1.0638120569246137,201.11136138439178,0.0
5,waypoint_35,0.0,-0.05676043610422443,-0.7565540276512385,1.0638120569246137,0.00531117166246986,0.001948184217326343
6,waypoint_35,0.0,-0.05676043610422443,-0.7565540276512385,1.0638120569246137,0.003709912334670662,0.011903624050319195
7,waypoint_35,0.0,-0.05676043610422443,-0.7565540276512385,1.0638120569246137,340.04414081573486,0.0
8,waypoint_35,0.0,-0.05676043610422443,-0.7565540276512385,1.0638120569246137,295.18431425094604,0.0
9,waypoint_35,0.0,-0.05676043610422443,-0.7565540276512385,1.0638120569246137,298.6097037792206,0.0
10,waypoint_35,0.0,-0.05676043610422443,-0.7565540276512385,1.0638120569246137,560.2675676345825,0.0
11,waypoint_35,0.0,-0.05676043610422443,-0.7565540276512385,1.0638120569246137,382.04970955848694,0.0
12,waypoint_35,0.0,-0.05676043610422443,-0.7565540276512385,1.0638120569246137,381.3989758491516,0.0
13,waypoint_35,0.0,-0.05676043610422443,-0.7565540276512385,1.0638120569246137,457.84562826156616,0.0
14,waypoint_35,0.0,-0.05676043610422443,-0.7565540276512385,1.0638120569246137,669.0528392791748,0.0
0,waypoint_35,15.0,-0.05676043610422443,-0.7565540276512385,1.0638120569246137,19.29391548037529,0.0
1,waypoint_35,15.0,-0.05676043610422443,-0.7565540276512385,1.0638120569246137,62.85274028778076,0.0
2,waypoint_35,15.0,-0.05676043610422443,-0.7565540276512385,1.0638120569246137,0.0026575919491733657,0.022770117968320847
3,waypoint_35,15.0,-0.05676043610422443,-0.7565540276512385,1.0638120569246137,0.004191016159893479,0.01618088409304619
4,waypoint_35,15.0,-0.05676043610422443,-0.7565540276512385,1.0638120569246137,166.36091470718384,0.0
5,waypoint_35,15.0,-0.05676043610422443,-0.7565540276512385,1.0638120569246137,0.0024805847260722658,0.0019970957655459642
6,waypoint_35,15.0,-0.05676043610422443,-0.7565540276512385,1.0638120569246137,0.0018448727132636122,0.01029135286808014
7,waypoint_35,15.0,-0.05676043610422443,-0.7565540276512385,1.0638120569246137,319.7143077850342,0.0
8,waypoint_35,15.0,-0.05676043610422443,-0.7565540276512385,1.0638120569246137,278.78284454345703,0.0
9,waypoint_35,15.0,-0.05676043610422443,-0.7565540276512385,1.0638120569246137,288.1852090358734,0.0
10,waypoint_35,15.0,-0.05676043610422443,-0.7565540276512385,1.0638120569246137,319.81542706489563,0.0
11,waypoint_35,15.0,-0.05676043610422443,-0.7565540276512385,1.0638120569246137,358.1913113594055,0.0
12,waypoint_35,15.0,-0.05676043610422443,-0.7565540276512385,1.0638120569246137,371.90526723861694,0.0
13,waypoint_35,15.0,-0.05676043610422443,-0.7565540276512385,1.0638120569246137,453.905314207077,0.0
14,waypoint_35,15.0,-0.05676043610422443,-0.7565540276512385,1.0638120569246137,644.4023251533508,0.0
0,waypoint_35,30.0,-0.05676043610422443,-0.7565540276512385,1.0638120569246137,227.10679471492767,0.0
1,waypoint_35,30.0,-0.05676043610422443,-0.7565540276512385,1.0638120569246137,0.10219803516520187,0.01077277772128582
2,waypoint_35,30.0,-0.05676043610422443,-0.7565540276512385,1.0638120569246137,0.0012839233249906101,0.01928943768143654
3,waypoint_35,30.0,-0.05676043610422443,-0.7565540276512385,1.0638120569246137,0.002831063738994999,0.014945399016141891
4,waypoint_35,30.0,-0.05676043610422443,-0.7565540276512385,1.0638120569246137,135.30771434307098,0.0
5,waypoint_35,30.0,-0.05676043610422443,-0.7565540276512385,1.0638120569246137,132.58270919322968,0.0
6,waypoint_35,30.0,-0.05676043610422443,-0.7565540276512385,1.0638120569246137,0.0025066774469451047,0.0062806024216115475
7,waypoint_35,30.0,-0.05676043610422443,-0.7565540276512385,1.0638120569246137,301.622599363327,0.0
8,waypoint_35,30.0,-0.05676043610422443,-0.7565540276512385,1.0638120569246137,261.75907254219055,0.0
9,waypoint_35,30.0,-0.05676043610422443,-0.7565540276512385,1.0638120569246137,275.185763835907,0.0
10,waypoint_35,30.0,-0.05676043610422443,-0.7565540276512385,1.0638120569246137,288.5998487472534,0.0
11,waypoint_35,30.0,-0.05676043610422443,-0.7565540276512385,1.0638120569246137,338.8688266277313,0.0
12,waypoint_35,30.0,-0.05676043610422443,-0.7565540276512385,1.0638120569246137,361.1512780189514,0.0
13,waypoint_35,30.0,-0.05676043610422443,-0.7565540276512385,1.0638120569246137,447.2062587738037,0.0
14,waypoint_35,30.0,-0.05676043610422443,-0.7565540276512385,1.0638120569246137,629.5141577720642,0.0
0,waypoint_36,30.0,-0.0367604361042248,-0.7565540276512385,1.0638120569246137,262.4054253101349,0.0
1,waypoint_36,30.0,-0.0367604361042248,-0.7565540276512385,1.0638120569246137,0.010261004717904143,0.003232085146009922
2,waypoint_36,30.0,-0.0367604361042248,-0.7565540276512385,1.0638120569246137,0.01076849912351463,0.01932787522673607
3,waypoint_36,30.0,-0.0367604361042248,-0.7565540276512385,1.0638120569246137,0.010282448783982545,0.016181083396077156
4,waypoint_36,30.0,-0.0367604361042248,-0.7565540276512385,1.0638120569246137,116.7260929942131,0.0
5,waypoint_36,30.0,-0.0367604361042248,-0.7565540276512385,1.0638120569246137,183.89442563056946,0.0
6,waypoint_36,30.0,-0.0367604361042248,-0.7565540276512385,1.0638120569246137,0.010113994903804269,0.0056541599333286285
7,waypoint_36,30.0,-0.0367604361042248,-0.7565540276512385,1.0638120569246137,310.4209005832672,0.0
8,waypoint_36,30.0,-0.0367604361042248,-0.7565540276512385,1.0638120569246137,266.87300205230713,0.0
9,waypoint_36,30.0,-0.0367604361042248,-0.7565540276512385,1.0638120569246137,278.71301770210266,0.0
10,waypoint_36,30.0,-0.0367604361042248,-0.7565540276512385,1.0638120569246137,281.4106345176697,0.0
11,waypoint_36,30.0,-0.0367604361042248,-0.7565540276512385,1.0638120569246137,326.2629806995392,0.0
12,waypoint_36,30.0,-0.0367604361042248,-0.7565540276512385,1.0638120569246137,348.4695255756378,0.0
13,waypoint_36,30.0,-0.0367604361042248,-0.7565540276512385,1.0638120569246137,434.93327498435974,0.0
14,waypoint_36,30.0,-0.0367604361042248,-0.7565540276512385,1.0638120569246137,612.7330660820007,0.0
0,waypoint_36,15.0,-0.0367604361042248,-0.7565540276512385,1.0638120569246137,206.7277878522873,0.0
1,waypoint_36,15.0,-0.0367604361042248,-0.7565540276512385,1.0638120569246137,50.48154294490814,0.0
2,waypoint_36,15.0,-0.0367604361042248,-0.7565540276512385,1.0638120569246137,0.004629251634469256,0.023586491122841835
3,waypoint_36,15.0,-0.0367604361042248,-0.7565540276512385,1.0638120569246137,0.004344193257566076,0.017729537561535835
4,waypoint_36,15.0,-0.0367604361042248,-0.7565540276512385,1.0638120569246137,148.1899470090866,0.0
5,waypoint_36,15.0,-0.0367604361042248,-0.7565540276512385,1.0638120569246137,180.84172904491425,0.0
6,waypoint_36,15.0,-0.0367604361042248,-0.7565540276512385,1.0638120569246137,0.012729185982607305,0.00881362333893776
7,waypoint_36,15.0,-0.0367604361042248,-0.7565540276512385,1.0638120569246137,327.1012008190155,0.0
8,waypoint_36,15.0,-0.0367604361042248,-0.7565540276512385,1.0638120569246137,287.3258888721466,0.0
9,waypoint_36,15.0,-0.0367604361042248,-0.7565540276512385,1.0638120569246137,289.84320163726807,0.0
10,waypoint_36,15.0,-0.0367604361042248,-0.7565540276512385,1.0638120569246137,296.6126501560211,0.0
11,waypoint_36,15.0,-0.0367604361042248,-0.7565540276512385,1.0638120569246137,350.10015964508057,0.0
12,waypoint_36,15.0,-0.0367604361042248,-0.7565540276512385,1.0638120569246137,356.2324345111847,0.0
13,waypoint_36,15.0,-0.0367604361042248,-0.7565540276512385,1.0638120569246137,438.31679224967957,0.0
14,waypoint_36,15.0,-0.0367604361042248,-0.7565540276512385,1.0638120569246137,623.8365769386292,0.0
0,waypoint_36,0.0,-0.0367604361042248,-0.7565540276512385,1.0638120569246137,0.07101672963472083,0.012817258015275002
1,waypoint_36,0.0,-0.0367604361042248,-0.7565540276512385,1.0638120569246137,69.11057978868484,0.0
2,waypoint_36,0.0,-0.0367604361042248,-0.7565540276512385,1.0638120569246137,0.005626880465570139,0.02637135237455368
3,waypoint_36,0.0,-0.0367604361042248,-0.7565540276512385,1.0638120569246137,0.004108831490157172,0.018856696784496307
4,waypoint_36,0.0,-0.0367604361042248,-0.7565540276512385,1.0638120569246137,184.62558090686798,0.0
5,waypoint_36,0.0,-0.0367604361042248,-0.7565540276512385,1.0638120569246137,0.3213582094758749,3.900945375789888e-05
6,waypoint_36,0.0,-0.0367604361042248,-0.7565540276512385,1.0638120569246137,0.002265494231323828,0.009986166842281818
7,waypoint_36,0.0,-0.0367604361042248,-0.7565540276512385,1.0638120569246137,346.50421142578125,0.0
8,waypoint_36,0.0,-0.0367604361042248,-0.7565540276512385,1.0638120569246137,293.5140132904053,0.0
9,waypoint_36,0.0,-0.0367604361042248,-0.7565540276512385,1.0638120569246137,299.3543744087219,0.0
10,waypoint_36,0.0,-0.0367604361042248,-0.7565540276512385,1.0638120569246137,305.18442392349243,0.0
11,waypoint_36,0.0,-0.0367604361042248,-0.7565540276512385,1.0638120569246137,375.1903772354126,0.0
12,waypoint_36,0.0,-0.0367604361042248,-0.7565540276512385,1.0638120569246137,370.1969385147095,0.0
13,waypoint_36,0.0,-0.0367604361042248,-0.7565540276512385,1.0638120569246137,437.87258863449097,0.0
14,waypoint_36,0.0,-0.0367604361042248,-0.7565540276512385,1.0638120569246137,643.3006525039673,0.0
0,waypoint_36,-15.0,-0.0367604361042248,-0.7565540276512385,1.0638120569246137,69.59376484155655,0.0
1,waypoint_36,-15.0,-0.0367604361042248,-0.7565540276512385,1.0638120569246137,101.07399523258209,0.0
2,waypoint_36,-15.0,-0.0367604361042248,-0.7565540276512385,1.0638120569246137,0.004218055437377188,0.027906106784939766
3,waypoint_36,-15.0,-0.0367604361042248,-0.7565540276512385,1.0638120569246137,0.0042649612623790745,0.01943250186741352
4,waypoint_36,-15.0,-0.0367604361042248,-0.7565540276512385,1.0638120569246137,220.14093399047852,0.0
5,waypoint_36,-15.0,-0.0367604361042248,-0.7565540276512385,1.0638120569246137,0.02306137503182981,0.001194463111460209
6,waypoint_36,-15.0,-0.0367604361042248,-0.7565540276512385,1.0638120569246137,0.003439411557337735,0.010028003714978695
7,waypoint_36,-15.0,-0.0367604361042248,-0.7565540276512385,1.0638120569246137,363.36246132850647,0.0
8,waypoint_36,-15.0,-0.0367604361042248,-0.7565540276512385,1.0638120569246137,302.8019368648529,0.0
9,waypoint_36,-15.0,-0.0367604361042248,-0.7565540276512385,1.0638120569246137,305.95287680625916,0.0
10,waypoint_36,-15.0,-0.0367604361042248,-0.7565540276512385,1.0638120569246137,314.62326645851135,0.0
11,waypoint_36,-15.0,-0.0367604361042248,-0.7565540276512385,1.0638120569246137,394.27030086517334,0.0
12,waypoint_36,-15.0,-0.0367604361042248,-0.7565540276512385,1.0638120569246137,376.8208920955658,0.0
13,waypoint_36,-15.0,-0.0367604361042248,-0.7565540276512385,1.0638120569246137,443.4678554534912,0.0
14,waypoint_36,-15.0,-0.0367604361042248,-0.7565540276512385,1.0638120569246137,670.0680255889893,0.0
0,waypoint_36,-30.0,-0.0367604361042248,-0.7565540276512385,1.0638120569246137,125.586599111557,0.0
1,waypoint_36,-30.0,-0.0367604361042248,-0.7565540276512385,1.0638120569246137,182.43111670017242,0.0
2,waypoint_36,-30.0,-0.0367604361042248,-0.7565540276512385,1.0638120569246137,0.0045126662371330895,0.02837674506008625
3,waypoint_36,-30.0,-0.0367604361042248,-0.7565540276512385,1.0638120569246137,0.005974752639303915,0.019400546327233315
4,waypoint_36,-30.0,-0.0367604361042248,-0.7565540276512385,1.0638120569246137,252.60084867477417,0.0
5,waypoint_36,-30.0,-0.0367604361042248,-0.7565540276512385,1.0638120569246137,0.0053538110478257295,0.0019824982155114412
6,waypoint_36,-30.0,-0.0367604361042248,-0.7565540276512385,1.0638120569246137,0.006052604931028327,0.009382777847349644
7,waypoint_36,-30.0,-0.0367604361042248,-0.7565540276512385,1.0638120569246137,371.8387186527252,0.0
8,waypoint_36,-30.0,-0.0367604361042248,-0.7565540276512385,1.0638120569246137,309.7861409187317,0.0
9,waypoint_36,-30.0,-0.0367604361042248,-0.7565540276512385,1.0638120569246137,306.68896436691284,0.0
10,waypoint_36,-30.0,-0.0367604361042248,-0.7565540276512385,1.0638120569246137,317.9781436920166,0.0
11,waypoint_36,-30.0,-0.0367604361042248,-0.7565540276512385,1.0638120569246137,415.31631350517273,0.0
12,waypoint_36,-30.0,-0.0367604361042248,-0.7565540276512385,1.0638120569246137,386.07892394065857,0.0
13,waypoint_36,-30.0,-0.0367604361042248,-0.7565540276512385,1.0638120569246137,449.53349232673645,0.0
14,waypoint_36,-30.0,-0.0367604361042248,-0.7565540276512385,1.0638120569246137,694.5130825042725,0.0
0,waypoint_37,-30.0,-0.01676043610422462,-0.7565540276512385,1.0638120569246137,102.44277119636536,0.0
1,waypoint_37,-30.0,-0.01676043610422462,-0.7565540276512385,1.0638120569246137,161.2202674150467,0.0
2,waypoint_37,-30.0,-0.01676043610422462,-0.7565540276512385,1.0638120569246137,0.010827065125340596,0.030120940878987312
3,waypoint_37,-30.0,-0.01676043610422462,-0.7565540276512385,1.0638120569246137,0.00917524448595941,0.021189458668231964
4,waypoint_37,-30.0,-0.01676043610422462,-0.7565540276512385,1.0638120569246137,239.86664414405823,0.0
5,waypoint_37,-30.0,-0.01676043610422462,-0.7565540276512385,1.0638120569246137,0.011439744412200525,0.003536342876031995
6,waypoint_37,-30.0,-0.01676043610422462,-0.7565540276512385,1.0638120569246137,0.009983017662307248,0.007191483397036791
7,waypoint_37,-30.0,-0.01676043610422462,-0.7565540276512385,1.0638120569246137,377.026230096817,0.0
8,waypoint_37,-30.0,-0.01676043610422462,-0.7565540276512385,1.0638120569246137,313.23567032814026,0.0
9,waypoint_37,-30.0,-0.01676043610422462,-0.7565540276512385,1.0638120569246137,305.18022179603577,0.0
10,waypoint_37,-30.0,-0.01676043610422462,-0.7565540276512385,1.0638120569246137,311.933696269989,0.0
11,waypoint_37,-30.0,-0.01676043610422462,-0.7565540276512385,1.0638120569246137,405.38477897644043,0.0
12,waypoint_37,-30.0,-0.01676043610422462,-0.7565540276512385,1.0638120569246137,374.3050694465637,0.0
13,waypoint_37,-30.0,-0.01676043610422462,-0.7565540276512385,1.0638120569246137,436.5846514701843,0.0
14,waypoint_37,-30.0,-0.01676043610422462,-0.7565540276512385,1.0638120569246137,683.2736730575562,0.0
0,waypoint_37,-15.0,-0.01676043610422462,-0.7565540276512385,1.0638120569246137,46.12234607338905,0.0
1,waypoint_37,-15.0,-0.01676043610422462,-0.7565540276512385,1.0638120569246137,103.10641676187515,0.0
2,waypoint_37,-15.0,-0.01676043610422462,-0.7565540276512385,1.0638120569246137,0.004271620127838105,0.029405247420072556
3,waypoint_37,-15.0,-0.01676043610422462,-0.7565540276512385,1.0638120569246137,0.004298151907278225,0.021201077848672867
4,waypoint_37,-15.0,-0.01676043610422462,-0.7565540276512385,1.0638120569246137,206.2690109014511,0.0
5,waypoint_37,-15.0,-0.01676043610422462,-0.7565540276512385,1.0638120569246137,0.0030625421914010076,0.0027329586446285248
6,waypoint_37,-15.0,-0.01676043610422462,-0.7565540276512385,1.0638120569246137,0.004140013061260106,0.007877851836383343
7,waypoint_37,-15.0,-0.01676043610422462,-0.7565540276512385,1.0638120569246137,370.7057237625122,0.0
8,waypoint_37,-15.0,-0.01676043610422462,-0.7565540276512385,1.0638120569246137,306.6464364528656,0.0
9,waypoint_37,-15.0,-0.01676043610422462,-0.7565540276512385,1.0638120569246137,308.0351650714874,0.0
10,waypoint_37,-15.0,-0.01676043610422462,-0.7565540276512385,1.0638120569246137,307.9907298088074,0.0
11,waypoint_37,-15.0,-0.01676043610422462,-0.7565540276512385,1.0638120569246137,391.93886518478394,0.0
12,waypoint_37,-15.0,-0.01676043610422462,-0.7565540276512385,1.0638120569246137,370.1668977737427,0.0
13,waypoint_37,-15.0,-0.01676043610422462,-0.7565540276512385,1.0638120569246137,436.4672899246216,0.0
14,waypoint_37,-15.0,-0.01676043610422462,-0.7565540276512385,1.0638120569246137,660.4095101356506,0.0
0,waypoint_37,0.0,-0.01676043610422462,-0.7565540276512385,1.0638120569246137,4.619893617928028,0.0
1,waypoint_37,0.0,-0.01676043610422462,-0.7565540276512385,1.0638120569246137,82.34868943691254,0.0
2,waypoint_37,0.0,-0.01676043610422462,-0.7565540276512385,1.0638120569246137,0.0033569640436326154,0.02749783545732498
3,waypoint_37,0.0,-0.01676043610422462,-0.7565540276512385,1.0638120569246137,0.004199484465061687,0.020527422428131104
4,waypoint_37,0.0,-0.01676043610422462,-0.7565540276512385,1.0638120569246137,169.34947669506073,0.0
5,waypoint_37,0.0,-0.01676043610422462,-0.7565540276512385,1.0638120569246137,0.004033785899082432,0.002075713826343417
6,waypoint_37,0.0,-0.01676043610422462,-0.7565540276512385,1.0638120569246137,0.0034547529139672406,0.008011715486645699
7,waypoint_37,0.0,-0.01676043610422462,-0.7565540276512385,1.0638120569246137,356.779009103775,0.0
8,waypoint_37,0.0,-0.01676043610422462,-0.7565540276512385,1.0638120569246137,296.3191568851471,0.0
9,waypoint_37,0.0,-0.01676043610422462,-0.7565540276512385,1.0638120569246137,302.6151955127716,0.0
10,waypoint_37,0.0,-0.01676043610422462,-0.7565540276512385,1.0638120569246137,295.0974702835083,0.0
11,waypoint_37,0.0,-0.01676043610422462,-0.7565540276512385,1.0638120569246137,366.2353754043579,0.0
12,waypoint_37,0.0,-0.01676043610422462,-0.7565540276512385,1.0638120569246137,361.2910211086273,0.0
13,waypoint_37,0.0,-0.01676043610422462,-0.7565540276512385,1.0638120569246137,433.7425231933594,0.0
14,waypoint_37,0.0,-0.01676043610422462,-0.7565540276512385,1.0638120569246137,630.7404637336731,0.0
0,waypoint_37,15.0,-0.01676043610422462,-0.7565540276512385,1.0638120569246137,293.404221534729,0.0
1,waypoint_37,15.0,-0.01676043610422462,-0.7565540276512385,1.0638120569246137,33.97374600172043,0.0
2,waypoint_37,15.0,-0.01676043610422462,-0.7565540276512385,1.0638120569246137,0.0026226043701171875,0.024128999561071396
3,waypoint_37,15.0,-0.01676043610422462,-0.7565540276512385,1.0638120569246137,0.003504023197820061,0.01918668858706951
4,waypoint_37,15.0,-0.01676043610422462,-0.7565540276512385,1.0638120569246137,131.08503818511963,0.0
5,waypoint_37,15.0,-0.01676043610422462,-0.7565540276512385,1.0638120569246137,0.012072552635800093,0.002138287527486682
6,waypoint_37,15.0,-0.01676043610422462,-0.7565540276512385,1.0638120569246137,0.002944714196928544,0.007203031796962023
7,waypoint_37,15.0,-0.01676043610422462,-0.7565540276512385,1.0638120569246137,341.152161359787,0.0
8,waypoint_37,15.0,-0.01676043610422462,-0.7565540276512385,1.0638120569246137,289.3310785293579,0.0
9,waypoint_37,15.0,-0.01676043610422462,-0.7565540276512385,1.0638120569246137,296.16039991378784,0.0
10,waypoint_37,15.0,-0.01676043610422462,-0.7565540276512385,1.0638120569246137,269.69918608665466,0.0
11,waypoint_37,15.0,-0.01676043610422462,-0.7565540276512385,1.0638120569246137,339.11290764808655,0.0
12,waypoint_37,15.0,-0.01676043610422462,-0.7565540276512385,1.0638120569246137,348.53681921958923,0.0
13,waypoint_37,15.0,-0.01676043610422462,-0.7565540276512385,1.0638120569246137,426.4242947101593,0.0
14,waypoint_37,15.0,-0.01676043610422462,-0.7565540276512385,1.0638120569246137,606.4639687538147,0.0
0,waypoint_37,30.0,-0.01676043610422462,-0.7565540276512385,1.0638120569246137,279.88970279693604,0.0
1,waypoint_37,30.0,-0.01676043610422462,-0.7565540276512385,1.0638120569246137,6.272135768085718,0.0
2,waypoint_37,30.0,-0.01676043610422462,-0.7565540276512385,1.0638120569246137,0.003053247610296239,0.018875157460570335
3,waypoint_37,30.0,-0.01676043610422462,-0.7565540276512385,1.0638120569246137,0.0029610973797389306,0.017273850739002228
4,waypoint_37,30.0,-0.01676043610422462,-0.7565540276512385,1.0638120569246137,98.88580441474915,0.0
5,waypoint_37,30.0,-0.01676043610422462,-0.7565540276512385,1.0638120569246137,0.006864633633085759,0.0030162606853991747
6,waypoint_37,30.0,-0.01676043610422462,-0.7565540276512385,1.0638120569246137,0.0020309666979301255,0.004714604001492262
7,waypoint_37,30.0,-0.01676043610422462,-0.7565540276512385,1.0638120569246137,328.6581337451935,0.0
8,waypoint_37,30.0,-0.01676043610422462,-0.7565540276512385,1.0638120569246137,268.3977484703064,0.0
9,waypoint_37,30.0,-0.01676043610422462,-0.7565540276512385,1.0638120569246137,280.6631326675415,0.0
10,waypoint_37,30.0,-0.01676043610422462,-0.7565540276512385,1.0638120569246137,251.24916434288025,0.0
11,waypoint_37,30.0,-0.01676043610422462,-0.7565540276512385,1.0638120569246137,317.5777196884155,0.0
12,waypoint_37,30.0,-0.01676043610422462,-0.7565540276512385,1.0638120569246137,339.01122212409973,0.0
13,waypoint_37,30.0,-0.01676043610422462,-0.7565540276512385,1.0638120569246137,420.6433296203613,0.0
14,waypoint_37,30.0,-0.01676043610422462,-0.7565540276512385,1.0638120569246137,573.5638737678528,0.0
0,waypoint_38,30.0,0.003239563895775177,-0.7565540276512385,1.0638120569246137,291.03025794029236,0.0
1,waypoint_38,30.0,0.003239563895775177,-0.7565540276512385,1.0638120569246137,88.16628158092499,0.0
2,waypoint_38,30.0,0.003239563895775177,-0.7565540276512385,1.0638120569246137,0.7099291542544961,0.01771467924118042
3,waypoint_38,30.0,0.003239563895775177,-0.7565540276512385,1.0638120569246137,0.8309920667670667,0.018253235146403313
4,waypoint_38,30.0,0.003239563895775177,-0.7565540276512385,1.0638120569246137,82.33208954334259,0.0
5,waypoint_38,30.0,0.003239563895775177,-0.7565540276512385,1.0638120569246137,1.4608327765017748,0.004482796881347895
6,waypoint_38,30.0,0.003239563895775177,-0.7565540276512385,1.0638120569246137,1.1718402383849025,0.003516286378726363
7,waypoint_38,30.0,0.003239563895775177,-0.7565540276512385,1.0638120569246137,338.01957964897156,0.0
8,waypoint_38,30.0,0.003239563895775177,-0.7565540276512385,1.0638120569246137,276.0165333747864,0.0
9,waypoint_38,30.0,0.003239563895775177,-0.7565540276512385,1.0638120569246137,285.6351435184479,0.0
10,waypoint_38,30.0,0.003239563895775177,-0.7565540276512385,1.0638120569246137,251.83182954788208,0.0
11,waypoint_38,30.0,0.003239563895775177,-0.7565540276512385,1.0638120569246137,307.2623014450073,0.0
12,waypoint_38,30.0,0.003239563895775177,-0.7565540276512385,1.0638120569246137,330.2226662635803,0.0
13,waypoint_38,30.0,0.003239563895775177,-0.7565540276512385,1.0638120569246137,409.5173180103302,0.0
14,waypoint_38,30.0,0.003239563895775177,-0.7565540276512385,1.0638120569246137,556.1126470565796,0.0
0,waypoint_38,15.0,0.003239563895775177,-0.7565540276512385,1.0638120569246137,242.44754016399384,0.0
1,waypoint_38,15.0,0.003239563895775177,-0.7565540276512385,1.0638120569246137,65.37012755870819,0.0
2,waypoint_38,15.0,0.003239563895775177,-0.7565540276512385,1.0638120569246137,7.869437336921692,0.0
3,waypoint_38,15.0,0.003239563895775177,-0.7565540276512385,1.0638120569246137,7.260945625603199,0.0
4,waypoint_38,15.0,0.003239563895775177,-0.7565540276512385,1.0638120569246137,87.94467151165009,0.0
5,waypoint_38,15.0,0.003239563895775177,-0.7565540276512385,1.0638120569246137,6.984670180827379,0.0
6,waypoint_38,15.0,0.003239563895775177,-0.7565540276512385,1.0638120569246137,16.086773946881294,0.0
7,waypoint_38,15.0,0.003239563895775177,-0.7565540276512385,1.0638120569246137,342.4648642539978,0.0
8,waypoint_38,15.0,0.003239563895775177,-0.7565540276512385,1.0638120569246137,280.3288996219635,0.0
9,waypoint_38,15.0,0.003239563895775177,-0.7565540276512385,1.0638120569246137,289.1353666782379,0.0
10,waypoint_38,15.0,0.003239563895775177,-0.7565540276512385,1.0638120569246137,256.3740015029907,0.0
11,waypoint_38,15.0,0.003239563895775177,-0.7565540276512385,1.0638120569246137,316.4716958999634,0.0
12,waypoint_38,15.0,0.003239563895775177,-0.7565540276512385,1.0638120569246137,334.65346693992615,0.0
13,waypoint_38,15.0,0.003239563895775177,-0.7565540276512385,1.0638120569246137,413.1934940814972,0.0
14,waypoint_38,15.0,0.003239563895775177,-0.7565540276512385,1.0638120569246137,562.3266696929932,0.0
0,waypoint_38,0.0,0.003239563895775177,-0.7565540276512385,1.0638120569246137,215.07659554481506,0.0
1,waypoint_38,0.0,0.003239563895775177,-0.7565540276512385,1.0638120569246137,71.42999768257141,0.0
2,waypoint_38,0.0,0.003239563895775177,-0.7565540276512385,1.0638120569246137,0.2748264232650399,0.028427360579371452
3,waypoint_38,0.0,0.003239563895775177,-0.7565540276512385,1.0638120569246137,0.2264959184685722,0.022141940891742706
4,waypoint_38,0.0,0.003239563895775177,-0.7565540276512385,1.0638120569246137,155.601367354393,0.0
5,waypoint_38,0.0,0.003239563895775177,-0.7565540276512385,1.0638120569246137,1.4432421885430813,0.004066575318574905
6,waypoint_38,0.0,0.003239563895775177,-0.7565540276512385,1.0638120569246137,0.4931266885250807,0.005991433747112751
7,waypoint_38,0.0,0.003239563895775177,-0.7565540276512385,1.0638120569246137,368.8756227493286,0.0
8,waypoint_38,0.0,0.003239563895775177,-0.7565540276512385,1.0638120569246137,297.11905121803284,0.0
9,waypoint_38,0.0,0.003239563895775177,-0.7565540276512385,1.0638120569246137,302.3723065853119,0.0
10,waypoint_38,0.0,0.003239563895775177,-0.7565540276512385,1.0638120569246137,281.4972400665283,0.0
11,waypoint_38,0.0,0.003239563895775177,-0.7565540276512385,1.0638120569246137,357.68938064575195,0.0
12,waypoint_38,0.0,0.003239563895775177,-0.7565540276512385,1.0638120569246137,349.213570356369,0.0
13,waypoint_38,0.0,0.003239563895775177,-0.7565540276512385,1.0638120569246137,417.69757866859436,0.0
14,waypoint_38,0.0,0.003239563895775177,-0.7565540276512385,1.0638120569246137,596.077561378479,0.0
0,waypoint_38,-15.0,0.003239563895775177,-0.7565540276512385,1.0638120569246137,243.63857507705688,0.0
1,waypoint_38,-15.0,0.003239563895775177,-0.7565540276512385,1.0638120569246137,92.00981259346008,0.0
2,waypoint_38,-15.0,0.003239563895775177,-0.7565540276512385,1.0638120569246137,6.460287142544985,0.0
3,waypoint_38,-15.0,0.003239563895775177,-0.7565540276512385,1.0638120569246137,7.56213441491127,0.0
4,waypoint_38,-15.0,0.003239563895775177,-0.7565540276512385,1.0638120569246137,165.1618480682373,0.0
5,waypoint_38,-15.0,0.003239563895775177,-0.7565540276512385,1.0638120569246137,9.62600763887167,0.0
6,waypoint_38,-15.0,0.003239563895775177,-0.7565540276512385,1.0638120569246137,15.135209076106548,0.0
7,waypoint_38,-15.0,0.003239563895775177,-0.7565540276512385,1.0638120569246137,372.44290113449097,0.0
8,waypoint_38,-15.0,0.003239563895775177,-0.7565540276512385,1.0638120569246137,299.8105585575104,0.0
9,waypoint_38,-15.0,0.003239563895775177,-0.7565540276512385,1.0638120569246137,303.2556474208832,0.0
10,waypoint_38,-15.0,0.003239563895775177,-0.7565540276512385,1.0638120569246137,284.4889163970947,0.0
11,waypoint_38,-15.0,0.003239563895775177,-0.7565540276512385,1.0638120569246137,361.11703515052795,0.0
12,waypoint_38,-15.0,0.003239563895775177,-0.7565540276512385,1.0638120569246137,351.04262828826904,0.0
13,waypoint_38,-15.0,0.003239563895775177,-0.7565540276512385,1.0638120569246137,416.37393832206726,0.0
14,waypoint_38,-15.0,0.003239563895775177,-0.7565540276512385,1.0638120569246137,602.6982069015503,0.0
0,waypoint_38,-30.0,0.003239563895775177,-0.7565540276512385,1.0638120569246137,73.58887791633606,0.0
1,waypoint_38,-30.0,0.003239563895775177,-0.7565540276512385,1.0638120569246137,174.666628241539,0.0
2,waypoint_38,-30.0,0.003239563895775177,-0.7565540276512385,1.0638120569246137,0.5605547339655459,0.031818486750125885
3,waypoint_38,-30.0,0.003239563895775177,-0.7565540276512385,1.0638120569246137,0.5542419967241585,0.023006560280919075
4,waypoint_38,-30.0,0.003239563895775177,-0.7565540276512385,1.0638120569246137,228.4325510263443,0.0
5,waypoint_38,-30.0,0.003239563895775177,-0.7565540276512385,1.0638120569246137,1.4140440616756678,0.005324900150299072
6,waypoint_38,-30.0,0.003239563895775177,-0.7565540276512385,1.0638120569246137,1.1777118779718876,0.005036387126892805
7,waypoint_38,-30.0,0.003239563895775177,-0.7565540276512385,1.0638120569246137,388.2010579109192,0.0
8,waypoint_38,-30.0,0.003239563895775177,-0.7565540276512385,1.0638120569246137,315.1358664035797,0.0
9,waypoint_38,-30.0,0.003239563895775177,-0.7565540276512385,1.0638120569246137,301.93719267845154,0.0
10,waypoint_38,-30.0,0.003239563895775177,-0.7565540276512385,1.0638120569246137,295.56697607040405,0.0
11,waypoint_38,-30.0,0.003239563895775177,-0.7565540276512385,1.0638120569246137,388.3212208747864,0.0
12,waypoint_38,-30.0,0.003239563895775177,-0.7565540276512385,1.0638120569246137,364.53548073768616,0.0
13,waypoint_38,-30.0,0.003239563895775177,-0.7565540276512385,1.0638120569246137,420.18863558769226,0.0
14,waypoint_38,-30.0,0.003239563895775177,-0.7565540276512385,1.0638120569246137,627.2376179695129,0.0
0,waypoint_39,-30.0,0.023239563895775417,-0.7565540276512385,1.0638120569246137,47.87704348564148,0.0
1,waypoint_39,-30.0,0.023239563895775417,-0.7565540276512385,1.0638120569246137,160.0242555141449,0.0
2,waypoint_39,-30.0,0.023239563895775417,-0.7565540276512385,1.0638120569246137,2.275342121720314,0.0
3,waypoint_39,-30.0,0.023239563895775417,-0.7565540276512385,1.0638120569246137,2.80606746673584,0.0
4,waypoint_39,-30.0,0.023239563895775417,-0.7565540276512385,1.0638120569246137,219.18803453445435,0.0
5,waypoint_39,-30.0,0.023239563895775417,-0.7565540276512385,1.0638120569246137,2.474904526025057,0.0
6,waypoint_39,-30.0,0.023239563895775417,-0.7565540276512385,1.0638120569246137,1.6683728899806738,0.0
7,waypoint_39,-30.0,0.023239563895775417,-0.7565540276512385,1.0638120569246137,395.59686183929443,0.0
8,waypoint_39,-30.0,0.023239563895775417,-0.7565540276512385,1.0638120569246137,320.45111060142517,0.0
9,waypoint_39,-30.0,0.023239563895775417,-0.7565540276512385,1.0638120569246137,303.9708435535431,0.0
10,waypoint_39,-30.0,0.023239563895775417,-0.7565540276512385,1.0638120569246137,292.43379831314087,0.0
11,waypoint_39,-30.0,0.023239563895775417,-0.7565540276512385,1.0638120569246137,378.749817609787,0.0
12,waypoint_39,-30.0,0.023239563895775417,-0.7565540276512385,1.0638120569246137,353.6785840988159,0.0
13,waypoint_39,-30.0,0.023239563895775417,-0.7565540276512385,1.0638120569246137,408.47310423851013,0.0
14,waypoint_39,-30.0,0.023239563895775417,-0.7565540276512385,1.0638120569246137,617.8383827209473,0.0
0,waypoint_39,-15.0,0.023239563895775417,-0.7565540276512385,1.0638120569246137,6.039094645529985,0.0
1,waypoint_39,-15.0,0.023239563895775417,-0.7565540276512385,1.0638120569246137,108.12505334615707,0.0
2,waypoint_39,-15.0,0.023239563895775417,-0.7565540276512385,1.0638120569246137,0.5742262001149356,0.0319967120885849
3,waypoint_39,-15.0,0.023239563895775417,-0.7565540276512385,1.0638120569246137,0.5855571944266558,0.02464069053530693
4,waypoint_39,-15.0,0.023239563895775417,-0.7565540276512385,1.0638120569246137,183.2602173089981,0.0
5,waypoint_39,-15.0,0.023239563895775417,-0.7565540276512385,1.0638120569246137,0.8487635641358793,0.0065571824088692665
6,waypoint_39,-15.0,0.023239563895775417,-0.7565540276512385,1.0638120569246137,1.2008552439510822,0.0036696584429591894
7,waypoint_39,-15.0,0.023239563895775417,-0.7565540276512385,1.0638120569246137,391.88486337661743,0.0
8,waypoint_39,-15.0,0.023239563895775417,-0.7565540276512385,1.0638120569246137,314.8133158683777,0.0
9,waypoint_39,-15.0,0.023239563895775417,-0.7565540276512385,1.0638120569246137,304.30757999420166,0.0
10,waypoint_39,-15.0,0.023239563895775417,-0.7565540276512385,1.0638120569246137,293.5831546783447,0.0
11,waypoint_39,-15.0,0.023239563895775417,-0.7565540276512385,1.0638120569246137,372.5579082965851,0.0
12,waypoint_39,-15.0,0.023239563895775417,-0.7565540276512385,1.0638120569246137,348.95092248916626,0.0
13,waypoint_39,-15.0,0.023239563895775417,-0.7565540276512385,1.0638120569246137,410.9911024570465,0.0
14,waypoint_39,-15.0,0.023239563895775417,-0.7565540276512385,1.0638120569246137,611.6473078727722,0.0
0,waypoint_39,0.0,0.023239563895775417,-0.7565540276512385,1.0638120569246137,10.46075765043497,0.0
1,waypoint_39,0.0,0.023239563895775417,-0.7565540276512385,1.0638120569246137,93.11670809984207,0.0
2,waypoint_39,0.0,0.023239563895775417,-0.7565540276512385,1.0638120569246137,6.112073082476854,0.0
3,waypoint_39,0.0,0.023239563895775417,-0.7565540276512385,1.0638120569246137,7.168224547058344,0.0
4,waypoint_39,0.0,0.023239563895775417,-0.7565540276512385,1.0638120569246137,174.34871196746826,0.0
5,waypoint_39,0.0,0.023239563895775417,-0.7565540276512385,1.0638120569246137,11.657580733299255,0.0
6,waypoint_39,0.0,0.023239563895775417,-0.7565540276512385,1.0638120569246137,17.11612567305565,0.0
7,waypoint_39,0.0,0.023239563895775417,-0.7565540276512385,1.0638120569246137,389.69993591308594,0.0
8,waypoint_39,0.0,0.023239563895775417,-0.7565540276512385,1.0638120569246137,312.89559602737427,0.0
9,waypoint_39,0.0,0.023239563895775417,-0.7565540276512385,1.0638120569246137,307.1437180042267,0.0
10,waypoint_39,0.0,0.023239563895775417,-0.7565540276512385,1.0638120569246137,293.36729645729065,0.0
11,waypoint_39,0.0,0.023239563895775417,-0.7565540276512385,1.0638120569246137,368.3467209339142,0.0
12,waypoint_39,0.0,0.023239563895775417,-0.7565540276512385,1.0638120569246137,349.1551876068115,0.0
13,waypoint_39,0.0,0.023239563895775417,-0.7565540276512385,1.0638120569246137,412.6562476158142,0.0
14,waypoint_39,0.0,0.023239563895775417,-0.7565540276512385,1.0638120569246137,605.3149104118347,0.0
0,waypoint_39,15.0,0.023239563895775417,-0.7565540276512385,1.0638120569246137,231.49091005325317,0.0
1,waypoint_39,15.0,0.023239563895775417,-0.7565540276512385,1.0638120569246137,1.8596992595121264,0.0
2,waypoint_39,15.0,0.023239563895775417,-0.7565540276512385,1.0638120569246137,0.2796968328766525,0.024069389328360558
3,waypoint_39,15.0,0.023239563895775417,-0.7565540276512385,1.0638120569246137,0.34089424298144877,0.021758640184998512
4,waypoint_39,15.0,0.023239563895775417,-0.7565540276512385,1.0638120569246137,102.0452231168747,0.0
5,waypoint_39,15.0,0.023239563895775417,-0.7565540276512385,1.0638120569246137,0.6489791558124125,0.005738613661378622
6,waypoint_39,15.0,0.023239563895775417,-0.7565540276512385,1.0638120569246137,0.6223954842425883,0.0038135123904794455
7,waypoint_39,15.0,0.023239563895775417,-0.7565540276512385,1.0638120569246137,365.93660712242126,0.0
8,waypoint_39,15.0,0.023239563895775417,-0.7565540276512385,1.0638120569246137,297.95360565185547,0.0
9,waypoint_39,15.0,0.023239563895775417,-0.7565540276512385,1.0638120569246137,298.87068271636963,0.0
10,waypoint_39,15.0,0.023239563895775417,-0.7565540276512385,1.0638120569246137,274.51497316360474,0.0
11,waypoint_39,15.0,0.023239563895775417,-0.7565540276512385,1.0638120569246137,323.33624362945557,0.0
12,waypoint_39,15.0,0.023239563895775417,-0.7565540276512385,1.0638120569246137,333.6167335510254,0.0
13,waypoint_39,15.0,0.023239563895775417,-0.7565540276512385,1.0638120569246137,410.0107252597809,0.0
14,waypoint_39,15.0,0.023239563895775417,-0.7565540276512385,1.0638120569246137,563.5409951210022,0.0
0,waypoint_39,30.0,0.023239563895775417,-0.7565540276512385,1.0638120569246137,262.96448707580566,0.0
1,waypoint_39,30.0,0.023239563895775417,-0.7565540276512385,1.0638120569246137,6.936363410204649,0.0
2,waypoint_39,30.0,0.023239563895775417,-0.7565540276512385,1.0638120569246137,7.415441796183586,0.0
3,waypoint_39,30.0,0.023239563895775417,-0.7565540276512385,1.0638120569246137,7.435791660100222,0.0
4,waypoint_39,30.0,0.023239563895775417,-0.7565540276512385,1.0638120569246137,93.62874180078506,0.0
5,waypoint_39,30.0,0.023239563895775417,-0.7565540276512385,1.0638120569246137,8.463959209620953,0.0
6,waypoint_39,30.0,0.023239563895775417,-0.7565540276512385,1.0638120569246137,15.119181014597416,0.0
7,waypoint_39,30.0,0.023239563895775417,-0.7565540276512385,1.0638120569246137,362.5800311565399,0.0
8,waypoint_39,30.0,0.023239563895775417,-0.7565540276512385,1.0638120569246137,294.74321007728577,0.0
9,waypoint_39,30.0,0.023239563895775417,-0.7565540276512385,1.0638120569246137,296.4767515659332,0.0
10,waypoint_39,30.0,0.023239563895775417,-0.7565540276512385,1.0638120569246137,271.9583809375763,0.0
11,waypoint_39,30.0,0.023239563895775417,-0.7565540276512385,1.0638120569246137,315.30043482780457,0.0
12,waypoint_39,30.0,0.023239563895775417,-0.7565540276512385,1.0638120569246137,329.98180389404297,0.0
13,waypoint_39,30.0,0.023239563895775417,-0.7565540276512385,1.0638120569246137,406.655490398407,0.0
14,waypoint_39,30.0,0.023239563895775417,-0.7565540276512385,1.0638120569246137,557.8457713127136,0.0
0,waypoint_40,30.0,0.04323956389577521,-0.7565540276512385,1.0638120569246137,227.78213024139404,0.0
1,waypoint_40,30.0,0.04323956389577521,-0.7565540276512385,1.0638120569246137,216.29391610622406,0.0
2,waypoint_40,30.0,0.04323956389577521,-0.7565540276512385,1.0638120569246137,0.013364738151722122,0.011418750509619713
3,waypoint_40,30.0,0.04323956389577521,-0.7565540276512385,1.0638120569246137,0.011384330719010904,0.019288191571831703
4,waypoint_40,30.0,0.04323956389577521,-0.7565540276512385,1.0638120569246137,57.320378720760345,0.0
5,waypoint_40,30.0,0.04323956389577521,-0.7565540276512385,1.0638120569246137,0.008603739843238145,0.00752240838482976
6,waypoint_40,30.0,0.04323956389577521,-0.7565540276512385,1.0638120569246137,124.91312623023987,0.0
7,waypoint_40,30.0,0.04323956389577521,-0.7565540276512385,1.0638120569246137,366.2897050380707,0.0
8,waypoint_40,30.0,0.04323956389577521,-0.7565540276512385,1.0638120569246137,290.84792733192444,0.0
9,waypoint_40,30.0,0.04323956389577521,-0.7565540276512385,1.0638120569246137,290.28451442718506,0.0
10,waypoint_40,30.0,0.04323956389577521,-0.7565540276512385,1.0638120569246137,263.8278603553772,0.0
11,waypoint_40,30.0,0.04323956389577521,-0.7565540276512385,1.0638120569246137,287.6456081867218,0.0
12,waypoint_40,30.0,0.04323956389577521,-0.7565540276512385,1.0638120569246137,313.96061182022095,0.0
13,waypoint_40,30.0,0.04323956389577521,-0.7565540276512385,1.0638120569246137,395.69091796875,0.0
14,waypoint_40,30.0,0.04323956389577521,-0.7565540276512385,1.0638120569246137,516.1489844322205,0.0
0,waypoint_40,15.0,0.04323956389577521,-0.7565540276512385,1.0638120569246137,223.6899733543396,0.0
1,waypoint_40,15.0,0.04323956389577521,-0.7565540276512385,1.0638120569246137,178.29139530658722,0.0
2,waypoint_40,15.0,0.04323956389577521,-0.7565540276512385,1.0638120569246137,0.3660043003037572,0.02323836460709572
3,waypoint_40,15.0,0.04323956389577521,-0.7565540276512385,1.0638120569246137,0.22459894535131752,0.022783616557717323
4,waypoint_40,15.0,0.04323956389577521,-0.7565540276512385,1.0638120569246137,91.6779562830925,0.0
5,waypoint_40,15.0,0.04323956389577521,-0.7565540276512385,1.0638120569246137,0.20936875080224127,0.0075611937791109085
6,waypoint_40,15.0,0.04323956389577521,-0.7565540276512385,1.0638120569246137,1.0433744173496962,0.0019706240855157375
7,waypoint_40,15.0,0.04323956389577521,-0.7565540276512385,1.0638120569246137,378.17835807800293,0.0
8,waypoint_40,15.0,0.04323956389577521,-0.7565540276512385,1.0638120569246137,303.057998418808,0.0
9,waypoint_40,15.0,0.04323956389577521,-0.7565540276512385,1.0638120569246137,300.99356174468994,0.0
10,waypoint_40,15.0,0.04323956389577521,-0.7565540276512385,1.0638120569246137,276.8131196498871,0.0
11,waypoint_40,15.0,0.04323956389577521,-0.7565540276512385,1.0638120569246137,310.42081117630005,0.0
12,waypoint_40,15.0,0.04323956389577521,-0.7565540276512385,1.0638120569246137,325.23196935653687,0.0
13,waypoint_40,15.0,0.04323956389577521,-0.7565540276512385,1.0638120569246137,398.92512559890747,0.0
14,waypoint_40,15.0,0.04323956389577521,-0.7565540276512385,1.0638120569246137,536.6560816764832,0.0
0,waypoint_40,0.0,0.04323956389577521,-0.7565540276512385,1.0638120569246137,182.5343519449234,0.0
1,waypoint_40,0.0,0.04323956389577521,-0.7565540276512385,1.0638120569246137,131.86170160770416,0.0
2,waypoint_40,0.0,0.04323956389577521,-0.7565540276512385,1.0638120569246137,7.357297465205193,0.0
3,waypoint_40,0.0,0.04323956389577521,-0.7565540276512385,1.0638120569246137,7.463402580469847,0.0
4,waypoint_40,0.0,0.04323956389577521,-0.7565540276512385,1.0638120569246137,103.00014168024063,0.0
5,waypoint_40,0.0,0.04323956389577521,-0.7565540276512385,1.0638120569246137,9.075868874788284,0.0
6,waypoint_40,0.0,0.04323956389577521,-0.7565540276512385,1.0638120569246137,11.018753983080387,0.0
7,waypoint_40,0.0,0.04323956389577521,-0.7565540276512385,1.0638120569246137,381.81665539741516,0.0
8,waypoint_40,0.0,0.04323956389577521,-0.7565540276512385,1.0638120569246137,305.4077625274658,0.0
9,waypoint_40,0.0,0.04323956389577521,-0.7565540276512385,1.0638120569246137,303.5900294780731,0.0
10,waypoint_40,0.0,0.04323956389577521,-0.7565540276512385,1.0638120569246137,279.908150434494,0.0
11,waypoint_40,0.0,0.04323956389577521,-0.7565540276512385,1.0638120569246137,318.78095865249634,0.0
12,waypoint_40,0.0,0.04323956389577521,-0.7565540276512385,1.0638120569246137,328.55284214019775,0.0
13,waypoint_40,0.0,0.04323956389577521,-0.7565540276512385,1.0638120569246137,400.7655680179596,0.0
14,waypoint_40,0.0,0.04323956389577521,-0.7565540276512385,1.0638120569246137,541.69100522995,0.0
0,waypoint_40,-15.0,0.04323956389577521,-0.7565540276512385,1.0638120569246137,236.46453022956848,0.0
1,waypoint_40,-15.0,0.04323956389577521,-0.7565540276512385,1.0638120569246137,1.2077116407454014,0.03213120996952057
2,waypoint_40,-15.0,0.04323956389577521,-0.7565540276512385,1.0638120569246137,0.34932204289361835,0.03299717605113983
3,waypoint_40,-15.0,0.04323956389577521,-0.7565540276512385,1.0638120569246137,0.41547356522642076,0.026331210508942604
4,waypoint_40,-15.0,0.04323956389577521,-0.7565540276512385,1.0638120569246137,174.5031774044037,0.0
5,waypoint_40,-15.0,0.04323956389577521,-0.7565540276512385,1.0638120569246137,0.7945256656967103,0.008486669510602951
6,waypoint_40,-15.0,0.04323956389577521,-0.7565540276512385,1.0638120569246137,1.1131179053336382,0.0016737326513975859
7,waypoint_40,-15.0,0.04323956389577521,-0.7565540276512385,1.0638120569246137,404.872864484787,0.0
8,waypoint_40,-15.0,0.04323956389577521,-0.7565540276512385,1.0638120569246137,319.3584680557251,0.0
9,waypoint_40,-15.0,0.04323956389577521,-0.7565540276512385,1.0638120569246137,312.1396601200104,0.0
10,waypoint_40,-15.0,0.04323956389577521,-0.7565540276512385,1.0638120569246137,295.1023280620575,0.0
11,waypoint_40,-15.0,0.04323956389577521,-0.7565540276512385,1.0638120569246137,360.77120900154114,0.0
12,waypoint_40,-15.0,0.04323956389577521,-0.7565540276512385,1.0638120569246137,338.8243019580841,0.0
13,waypoint_40,-15.0,0.04323956389577521,-0.7565540276512385,1.0638120569246137,398.9916443824768,0.0
14,waypoint_40,-15.0,0.04323956389577521,-0.7565540276512385,1.0638120569246137,577.0725607872009,0.0
0,waypoint_40,-30.0,0.04323956389577521,-0.7565540276512385,1.0638120569246137,198.03883135318756,0.0
1,waypoint_40,-30.0,0.04323956389577521,-0.7565540276512385,1.0638120569246137,5.90815395116806,0.0
2,waypoint_40,-30.0,0.04323956389577521,-0.7565540276512385,1.0638120569246137,5.357816349714994,0.0
3,waypoint_40,-30.0,0.04323956389577521,-0.7565540276512385,1.0638120569246137,6.511271931231022,0.0
4,waypoint_40,-30.0,0.04323956389577521,-0.7565540276512385,1.0638120569246137,183.5535764694214,0.0
5,waypoint_40,-30.0,0.04323956389577521,-0.7565540276512385,1.0638120569246137,10.97938697785139,0.0
6,waypoint_40,-30.0,0.04323956389577521,-0.7565540276512385,1.0638120569246137,11.710841208696365,0.0
7,waypoint_40,-30.0,0.04323956389577521,-0.7565540276512385,1.0638120569246137,406.03360533714294,0.0
8,waypoint_40,-30.0,0.04323956389577521,-0.7565540276512385,1.0638120569246137,320.7668662071228,0.0
9,waypoint_40,-30.0,0.04323956389577521,-0.7565540276512385,1.0638120569246137,312.70965933799744,0.0
10,waypoint_40,-30.0,0.04323956389577521,-0.7565540276512385,1.0638120569246137,295.17772793769836,0.0
11,waypoint_40,-30.0,0.04323956389577521,-0.7565540276512385,1.0638120569246137,361.97417974472046,0.0
12,waypoint_40,-30.0,0.04323956389577521,-0.7565540276512385,1.0638120569246137,339.8662507534027,0.0
13,waypoint_40,-30.0,0.04323956389577521,-0.7565540276512385,1.0638120569246137,398.08130264282227,0.0
14,waypoint_40,-30.0,0.04323956389577521,-0.7565540276512385,1.0638120569246137,582.1871757507324,0.0
0,waypoint_41,-30.0,-0.1367604361042239,-0.7304170035653912,1.056401224630453,0.8110295166261494,0.03631361946463585
1,waypoint_41,-30.0,-0.1367604361042239,-0.7304170035653912,1.056401224630453,0.9704872500151396,0.027724718675017357
2,waypoint_41,-30.0,-0.1367604361042239,-0.7304170035653912,1.056401224630453,1.4523622812703252,0.01884934864938259
3,waypoint_41,-30.0,-0.1367604361042239,-0.7304170035653912,1.056401224630453,0.6400264683179557,0.010354111902415752
4,waypoint_41,-30.0,-0.1367604361042239,-0.7304170035653912,1.056401224630453,342.7007794380188,0.0
5,waypoint_41,-30.0,-0.1367604361042239,-0.7304170035653912,1.056401224630453,0.39700185880064964,0.009025156497955322
6,waypoint_41,-30.0,-0.1367604361042239,-0.7304170035653912,1.056401224630453,0.7698858389630914,0.02063474804162979
7,waypoint_41,-30.0,-0.1367604361042239,-0.7304170035653912,1.056401224630453,378.2801330089569,0.0
8,waypoint_41,-30.0,-0.1367604361042239,-0.7304170035653912,1.056401224630453,309.1793656349182,0.0
9,waypoint_41,-30.0,-0.1367604361042239,-0.7304170035653912,1.056401224630453,328.66212725639343,0.0
10,waypoint_41,-30.0,-0.1367604361042239,-0.7304170035653912,1.056401224630453,334.76635813713074,0.0
11,waypoint_41,-30.0,-0.1367604361042239,-0.7304170035653912,1.056401224630453,473.6139178276062,0.0
12,waypoint_41,-30.0,-0.1367604361042239,-0.7304170035653912,1.056401224630453,450.58614015579224,0.0
13,waypoint_41,-30.0,-0.1367604361042239,-0.7304170035653912,1.056401224630453,504.0285587310791,0.0
14,waypoint_41,-30.0,-0.1367604361042239,-0.7304170035653912,1.056401224630453,744.0317273139954,0.0
0,waypoint_41,-15.0,-0.1367604361042239,-0.7304170035653912,1.056401224630453,4.336876794695854,0.0
1,waypoint_41,-15.0,-0.1367604361042239,-0.7304170035653912,1.056401224630453,4.7003841027617455,0.0
2,waypoint_41,-15.0,-0.1367604361042239,-0.7304170035653912,1.056401224630453,5.834551528096199,0.0
3,waypoint_41,-15.0,-0.1367604361042239,-0.7304170035653912,1.056401224630453,9.131232276558876,0.0
4,waypoint_41,-15.0,-0.1367604361042239,-0.7304170035653912,1.056401224630453,336.44720911979675,0.0
5,waypoint_41,-15.0,-0.1367604361042239,-0.7304170035653912,1.056401224630453,16.877202317118645,0.0
6,waypoint_41,-15.0,-0.1367604361042239,-0.7304170035653912,1.056401224630453,18.74014176428318,0.0
7,waypoint_41,-15.0,-0.1367604361042239,-0.7304170035653912,1.056401224630453,376.33201479911804,0.0
8,waypoint_41,-15.0,-0.1367604361042239,-0.7304170035653912,1.056401224630453,306.31551146507263,0.0
9,waypoint_41,-15.0,-0.1367604361042239,-0.7304170035653912,1.056401224630453,326.0502815246582,0.0
10,waypoint_41,-15.0,-0.1367604361042239,-0.7304170035653912,1.056401224630453,334.4714045524597,0.0
11,waypoint_41,-15.0,-0.1367604361042239,-0.7304170035653912,1.056401224630453,473.6705720424652,0.0
12,waypoint_41,-15.0,-0.1367604361042239,-0.7304170035653912,1.056401224630453,448.3184814453125,0.0
13,waypoint_41,-15.0,-0.1367604361042239,-0.7304170035653912,1.056401224630453,502.9935836791992,0.0
14,waypoint_41,-15.0,-0.1367604361042239,-0.7304170035653912,1.056401224630453,743.8587546348572,0.0
0,waypoint_41,0.0,-0.1367604361042239,-0.7304170035653912,1.056401224630453,0.39267336251214147,0.03233920782804489
1,waypoint_41,0.0,-0.1367604361042239,-0.7304170035653912,1.056401224630453,0.4512042796704918,0.0273057222366333
2,waypoint_41,0.0,-0.1367604361042239,-0.7304170035653912,1.056401224630453,0.48003450501710176,0.019251981750130653
3,waypoint_41,0.0,-0.1367604361042239,-0.7304170035653912,1.056401224630453,0.5045305006206036,0.010113260708749294
4,waypoint_41,0.0,-0.1367604361042239,-0.7304170035653912,1.056401224630453,281.3398241996765,0.0
5,waypoint_41,0.0,-0.1367604361042239,-0.7304170035653912,1.056401224630453,1.0635589715093374,0.010149496607482433
6,waypoint_41,0.0,-0.1367604361042239,-0.7304170035653912,1.056401224630453,0.7922419463284314,0.0196719728410244
7,waypoint_41,0.0,-0.1367604361042239,-0.7304170035653912,1.056401224630453,347.5264012813568,0.0
8,waypoint_41,0.0,-0.1367604361042239,-0.7304170035653912,1.056401224630453,294.3747639656067,0.0
9,waypoint_41,0.0,-0.1367604361042239,-0.7304170035653912,1.056401224630453,304.7999441623688,0.0
10,waypoint_41,0.0,-0.1367604361042239,-0.7304170035653912,1.056401224630453,305.7818114757538,0.0
11,waypoint_41,0.0,-0.1367604361042239,-0.7304170035653912,1.056401224630453,439.39369916915894,0.0
12,waypoint_41,0.0,-0.1367604361042239,-0.7304170035653912,1.056401224630453,434.0706765651703,0.0
13,waypoint_41,0.0,-0.1367604361042239,-0.7304170035653912,1.056401224630453,501.88708305358887,0.0
14,waypoint_41,0.0,-0.1367604361042239,-0.7304170035653912,1.056401224630453,717.7162170410156,0.0
0,waypoint_41,15.0,-0.1367604361042239,-0.7304170035653912,1.056401224630453,6.345618981868029,0.0
1,waypoint_41,15.0,-0.1367604361042239,-0.7304170035653912,1.056401224630453,6.602862384170294,0.0
2,waypoint_41,15.0,-0.1367604361042239,-0.7304170035653912,1.056401224630453,7.728205528110266,0.0
3,waypoint_41,15.0,-0.1367604361042239,-0.7304170035653912,1.056401224630453,9.570972993969917,0.0
4,waypoint_41,15.0,-0.1367604361042239,-0.7304170035653912,1.056401224630453,274.0148603916168,0.0
5,waypoint_41,15.0,-0.1367604361042239,-0.7304170035653912,1.056401224630453,16.195189207792282,0.0
6,waypoint_41,15.0,-0.1367604361042239,-0.7304170035653912,1.056401224630453,16.98365807533264,0.0
7,waypoint_41,15.0,-0.1367604361042239,-0.7304170035653912,1.056401224630453,341.9024348258972,0.0
8,waypoint_41,15.0,-0.1367604361042239,-0.7304170035653912,1.056401224630453,291.29356145858765,0.0
9,waypoint_41,15.0,-0.1367604361042239,-0.7304170035653912,1.056401224630453,303.3958375453949,0.0
10,waypoint_41,15.0,-0.1367604361042239,-0.7304170035653912,1.056401224630453,303.1056523323059,0.0
11,waypoint_41,15.0,-0.1367604361042239,-0.7304170035653912,1.056401224630453,434.45292115211487,0.0
12,waypoint_41,15.0,-0.1367604361042239,-0.7304170035653912,1.056401224630453,429.8003017902374,0.0
13,waypoint_41,15.0,-0.1367604361042239,-0.7304170035653912,1.056401224630453,498.0931580066681,0.0
14,waypoint_41,15.0,-0.1367604361042239,-0.7304170035653912,1.056401224630453,712.153434753418,0.0
0,waypoint_41,30.0,-0.1367604361042239,-0.7304170035653912,1.056401224630453,0.29886470292694867,0.020032092928886414
1,waypoint_41,30.0,-0.1367604361042239,-0.7304170035653912,1.056401224630453,0.32078393269330263,0.023211564868688583
2,waypoint_41,30.0,-0.1367604361042239,-0.7304170035653912,1.056401224630453,0.3396714455448091,0.01785203069448471
3,waypoint_41,30.0,-0.1367604361042239,-0.7304170035653912,1.056401224630453,0.4458674811758101,0.009792475961148739
4,waypoint_41,30.0,-0.1367604361042239,-0.7304170035653912,1.056401224630453,219.85222399234772,0.0
5,waypoint_41,30.0,-0.1367604361042239,-0.7304170035653912,1.056401224630453,0.4747639177367091,0.007710464298725128
6,waypoint_41,30.0,-0.1367604361042239,-0.7304170035653912,1.056401224630453,0.25233751512132585,0.010425723157823086
7,waypoint_41,30.0,-0.1367604361042239,-0.7304170035653912,1.056401224630453,301.96163058280945,0.0
8,waypoint_41,30.0,-0.1367604361042239,-0.7304170035653912,1.056401224630453,263.3657157421112,0.0
9,waypoint_41,30.0,-0.1367604361042239,-0.7304170035653912,1.056401224630453,268.7996029853821,0.0
10,waypoint_41,30.0,-0.1367604361042239,-0.7304170035653912,1.056401224630453,266.459584236145,0.0
11,waypoint_41,30.0,-0.1367604361042239,-0.7304170035653912,1.056401224630453,389.85520601272583,0.0
12,waypoint_41,30.0,-0.1367604361042239,-0.7304170035653912,1.056401224630453,412.0730459690094,0.0
13,waypoint_41,30.0,-0.1367604361042239,-0.7304170035653912,1.056401224630453,484.3546152114868,0.0
14,waypoint_41,30.0,-0.1367604361042239,-0.7304170035653912,1.056401224630453,670.1005101203918,0.0
0,waypoint_42,30.0,-0.11676043610422432,-0.7304170035653912,1.056401224630453,0.8190459338948131,0.01618800312280655
1,waypoint_42,30.0,-0.11676043610422432,-0.7304170035653912,1.056401224630453,0.7886805688031018,0.023644743487238884
2,waypoint_42,30.0,-0.11676043610422432,-0.7304170035653912,1.056401224630453,0.8545013843104243,0.01929139345884323
3,waypoint_42,30.0,-0.11676043610422432,-0.7304170035653912,1.056401224630453,0.9450598736293614,0.011585544794797897
4,waypoint_42,30.0,-0.11676043610422432,-0.7304170035653912,1.056401224630453,198.5662430524826,0.0
5,waypoint_42,30.0,-0.11676043610422432,-0.7304170035653912,1.056401224630453,1.1523456778377295,0.006179058458656073
6,waypoint_42,30.0,-0.11676043610422432,-0.7304170035653912,1.056401224630453,1.0718877892941236,0.010801034048199654
7,waypoint_42,30.0,-0.11676043610422432,-0.7304170035653912,1.056401224630453,306.5447509288788,0.0
8,waypoint_42,30.0,-0.11676043610422432,-0.7304170035653912,1.056401224630453,256.11352920532227,0.0
9,waypoint_42,30.0,-0.11676043610422432,-0.7304170035653912,1.056401224630453,273.7491726875305,0.0
10,waypoint_42,30.0,-0.11676043610422432,-0.7304170035653912,1.056401224630453,259.1399848461151,0.0
11,waypoint_42,30.0,-0.11676043610422432,-0.7304170035653912,1.056401224630453,374.483197927475,0.0
12,waypoint_42,30.0,-0.11676043610422432,-0.7304170035653912,1.056401224630453,397.122859954834,0.0
13,waypoint_42,30.0,-0.11676043610422432,-0.7304170035653912,1.056401224630453,468.6177670955658,0.0
14,waypoint_42,30.0,-0.11676043610422432,-0.7304170035653912,1.056401224630453,652.7502536773682,0.0
0,waypoint_42,15.0,-0.11676043610422432,-0.7304170035653912,1.056401224630453,9.16460994631052,0.0
1,waypoint_42,15.0,-0.11676043610422432,-0.7304170035653912,1.056401224630453,6.967554334551096,0.0
2,waypoint_42,15.0,-0.11676043610422432,-0.7304170035653912,1.056401224630453,6.972103845328093,0.0
3,waypoint_42,15.0,-0.11676043610422432,-0.7304170035653912,1.056401224630453,7.457913365215063,0.0
4,waypoint_42,15.0,-0.11676043610422432,-0.7304170035653912,1.056401224630453,205.22549748420715,0.0
5,waypoint_42,15.0,-0.11676043610422432,-0.7304170035653912,1.056401224630453,13.728801161050797,0.0
6,waypoint_42,15.0,-0.11676043610422432,-0.7304170035653912,1.056401224630453,14.843940734863281,0.0
7,waypoint_42,15.0,-0.11676043610422432,-0.7304170035653912,1.056401224630453,312.83316016197205,0.0
8,waypoint_42,15.0,-0.11676043610422432,-0.7304170035653912,1.056401224630453,258.0832839012146,0.0
9,waypoint_42,15.0,-0.11676043610422432,-0.7304170035653912,1.056401224630453,278.2575488090515,0.0
10,waypoint_42,15.0,-0.11676043610422432,-0.7304170035653912,1.056401224630453,264.4788324832916,0.0
11,waypoint_42,15.0,-0.11676043610422432,-0.7304170035653912,1.056401224630453,379.5236051082611,0.0
12,waypoint_42,15.0,-0.11676043610422432,-0.7304170035653912,1.056401224630453,400.3293216228485,0.0
13,waypoint_42,15.0,-0.11676043610422432,-0.7304170035653912,1.056401224630453,472.2285568714142,0.0
14,waypoint_42,15.0,-0.11676043610422432,-0.7304170035653912,1.056401224630453,657.0417284965515,0.0
0,waypoint_42,0.0,-0.11676043610422432,-0.7304170035653912,1.056401224630453,1.2306340504437685,0.0325077660381794
1,waypoint_42,0.0,-0.11676043610422432,-0.7304170035653912,1.056401224630453,0.34414505353197455,0.02870956063270569
2,waypoint_42,0.0,-0.11676043610422432,-0.7304170035653912,1.056401224630453,0.36238314351066947,0.02100358158349991
3,waypoint_42,0.0,-0.11676043610422432,-0.7304170035653912,1.056401224630453,0.48463832354173064,0.011999055743217468
4,waypoint_42,0.0,-0.11676043610422432,-0.7304170035653912,1.056401224630453,261.9260847568512,0.0
5,waypoint_42,0.0,-0.11676043610422432,-0.7304170035653912,1.056401224630453,1.2816359521821141,0.00793177355080843
6,waypoint_42,0.0,-0.11676043610422432,-0.7304170035653912,1.056401224630453,1.6698577674105763,0.0
7,waypoint_42,0.0,-0.11676043610422432,-0.7304170035653912,1.056401224630453,350.9444296360016,0.0
8,waypoint_42,0.0,-0.11676043610422432,-0.7304170035653912,1.056401224630453,280.5325984954834,0.0
9,waypoint_42,0.0,-0.11676043610422432,-0.7304170035653912,1.056401224630453,312.3096227645874,0.0
10,waypoint_42,0.0,-0.11676043610422432,-0.7304170035653912,1.056401224630453,292.7207350730896,0.0
11,waypoint_42,0.0,-0.11676043610422432,-0.7304170035653912,1.056401224630453,423.1165647506714,0.0
12,waypoint_42,0.0,-0.11676043610422432,-0.7304170035653912,1.056401224630453,412.4695658683777,0.0
13,waypoint_42,0.0,-0.11676043610422432,-0.7304170035653912,1.056401224630453,479.93752360343933,0.0
14,waypoint_42,0.0,-0.11676043610422432,-0.7304170035653912,1.056401224630453,690.3128027915955,0.0
0,waypoint_42,-15.0,-0.11676043610422432,-0.7304170035653912,1.056401224630453,0.4552314931061119,0.035958316177129745
1,waypoint_42,-15.0,-0.11676043610422432,-0.7304170035653912,1.056401224630453,0.4340982704889029,0.029602255672216415
2,waypoint_42,-15.0,-0.11676043610422432,-0.7304170035653912,1.056401224630453,0.4838203312829137,0.021087706089019775
3,waypoint_42,-15.0,-0.11676043610422432,-0.7304170035653912,1.056401224630453,0.5924892029725015,0.01215010229498148
4,waypoint_42,-15.0,-0.11676043610422432,-0.7304170035653912,1.056401224630453,295.084685087204,0.0
5,waypoint_42,-15.0,-0.11676043610422432,-0.7304170035653912,1.056401224630453,1.0979380458593369,0.007614027708768845
6,waypoint_42,-15.0,-0.11676043610422432,-0.7304170035653912,1.056401224630453,0.870821182616055,0.01861916109919548
7,waypoint_42,-15.0,-0.11676043610422432,-0.7304170035653912,1.056401224630453,373.17514419555664,0.0
8,waypoint_42,-15.0,-0.11676043610422432,-0.7304170035653912,1.056401224630453,299.0734279155731,0.0
9,waypoint_42,-15.0,-0.11676043610422432,-0.7304170035653912,1.056401224630453,319.5890486240387,0.0
10,waypoint_42,-15.0,-0.11676043610422432,-0.7304170035653912,1.056401224630453,307.8773319721222,0.0
11,waypoint_42,-15.0,-0.11676043610422432,-0.7304170035653912,1.056401224630453,443.384051322937,0.0
12,waypoint_42,-15.0,-0.11676043610422432,-0.7304170035653912,1.056401224630453,419.619619846344,0.0
13,waypoint_42,-15.0,-0.11676043610422432,-0.7304170035653912,1.056401224630453,484.86629128456116,0.0
14,waypoint_42,-15.0,-0.11676043610422432,-0.7304170035653912,1.056401224630453,711.6014361381531,0.0
0,waypoint_42,-30.0,-0.11676043610422432,-0.7304170035653912,1.056401224630453,5.073316395282745,0.0
1,waypoint_42,-30.0,-0.11676043610422432,-0.7304170035653912,1.056401224630453,5.591760855168104,0.0
2,waypoint_42,-30.0,-0.11676043610422432,-0.7304170035653912,1.056401224630453,7.112748455256224,0.0
3,waypoint_42,-30.0,-0.11676043610422432,-0.7304170035653912,1.056401224630453,9.59819182753563,0.0
4,waypoint_42,-30.0,-0.11676043610422432,-0.7304170035653912,1.056401224630453,302.5154769420624,0.0
5,waypoint_42,-30.0,-0.11676043610422432,-0.7304170035653912,1.056401224630453,16.98312908411026,0.0
6,waypoint_42,-30.0,-0.11676043610422432,-0.7304170035653912,1.056401224630453,18.614301458001137,0.0
7,waypoint_42,-30.0,-0.11676043610422432,-0.7304170035653912,1.056401224630453,376.09419226646423,0.0
8,waypoint_42,-30.0,-0.11676043610422432,-0.7304170035653912,1.056401224630453,301.93501710891724,0.0
9,waypoint_42,-30.0,-0.11676043610422432,-0.7304170035653912,1.056401224630453,322.20420241355896,0.0
10,waypoint_42,-30.0,-0.11676043610422432,-0.7304170035653912,1.056401224630453,315.30824303627014,0.0
11,waypoint_42,-30.0,-0.11676043610422432,-0.7304170035653912,1.056401224630453,449.30654764175415,0.0
12,waypoint_42,-30.0,-0.11676043610422432,-0.7304170035653912,1.056401224630453,420.08745670318604,0.0
13,waypoint_42,-30.0,-0.11676043610422432,-0.7304170035653912,1.056401224630453,483.84541273117065,0.0
14,waypoint_42,-30.0,-0.11676043610422432,-0.7304170035653912,1.056401224630453,719.49702501297,0.0
0,waypoint_43,-30.0,-0.09676043610422452,-0.7304170035653912,1.056401224630453,0.9348670719191432,0.03890861198306084
1,waypoint_43,-30.0,-0.09676043610422452,-0.7304170035653912,1.056401224630453,1.0285278549417853,0.03146647289395332
2,waypoint_43,-30.0,-0.09676043610422452,-0.7304170035653912,1.056401224630453,1.0743577731773257,0.02245352603495121
3,waypoint_43,-30.0,-0.09676043610422452,-0.7304170035653912,1.056401224630453,1.0942654917016625,0.013742496259510517
4,waypoint_43,-30.0,-0.09676043610422452,-0.7304170035653912,1.056401224630453,309.3259930610657,0.0
5,waypoint_43,-30.0,-0.09676043610422452,-0.7304170035653912,1.056401224630453,1.0663659777492285,0.004597085993736982
6,waypoint_43,-30.0,-0.09676043610422452,-0.7304170035653912,1.056401224630453,1.2116944417357445,0.015829501673579216
7,waypoint_43,-30.0,-0.09676043610422452,-0.7304170035653912,1.056401224630453,382.1689188480377,0.0
8,waypoint_43,-30.0,-0.09676043610422452,-0.7304170035653912,1.056401224630453,302.0648956298828,0.0
9,waypoint_43,-30.0,-0.09676043610422452,-0.7304170035653912,1.056401224630453,322.9830861091614,0.0
10,waypoint_43,-30.0,-0.09676043610422452,-0.7304170035653912,1.056401224630453,312.38192319869995,0.0
11,waypoint_43,-30.0,-0.09676043610422452,-0.7304170035653912,1.056401224630453,439.11829590797424,0.0
12,waypoint_43,-30.0,-0.09676043610422452,-0.7304170035653912,1.056401224630453,408.53580832481384,0.0
13,waypoint_43,-30.0,-0.09676043610422452,-0.7304170035653912,1.056401224630453,473.35729002952576,0.0
14,waypoint_43,-30.0,-0.09676043610422452,-0.7304170035653912,1.056401224630453,712.2158408164978,0.0
0,waypoint_43,-15.0,-0.09676043610422452,-0.7304170035653912,1.056401224630453,4.388216882944107,0.0
1,waypoint_43,-15.0,-0.09676043610422452,-0.7304170035653912,1.056401224630453,4.736038390547037,0.0
2,waypoint_43,-15.0,-0.09676043610422452,-0.7304170035653912,1.056401224630453,5.86283951997757,0.0
3,waypoint_43,-15.0,-0.09676043610422452,-0.7304170035653912,1.056401224630453,8.114990778267384,0.0
4,waypoint_43,-15.0,-0.09676043610422452,-0.7304170035653912,1.056401224630453,302.47563123703003,0.0
5,waypoint_43,-15.0,-0.09676043610422452,-0.7304170035653912,1.056401224630453,16.36308990418911,0.0
6,waypoint_43,-15.0,-0.09676043610422452,-0.7304170035653912,1.056401224630453,17.4413975328207,0.0
7,waypoint_43,-15.0,-0.09676043610422452,-0.7304170035653912,1.056401224630453,380.1021873950958,0.0
8,waypoint_43,-15.0,-0.09676043610422452,-0.7304170035653912,1.056401224630453,300.0679314136505,0.0
9,waypoint_43,-15.0,-0.09676043610422452,-0.7304170035653912,1.056401224630453,322.0010995864868,0.0
10,waypoint_43,-15.0,-0.09676043610422452,-0.7304170035653912,1.056401224630453,312.2899532318115,0.0
11,waypoint_43,-15.0,-0.09676043610422452,-0.7304170035653912,1.056401224630453,439.0133023262024,0.0
12,waypoint_43,-15.0,-0.09676043610422452,-0.7304170035653912,1.056401224630453,408.63585472106934,0.0
13,waypoint_43,-15.0,-0.09676043610422452,-0.7304170035653912,1.056401224630453,472.7986454963684,0.0
14,waypoint_43,-15.0,-0.09676043610422452,-0.7304170035653912,1.056401224630453,712.3755812644958,0.0
0,waypoint_43,0.0,-0.09676043610422452,-0.7304170035653912,1.056401224630453,0.37275804788805544,0.03207235038280487
1,waypoint_43,0.0,-0.09676043610422452,-0.7304170035653912,1.056401224630453,0.4342494357842952,0.029968136921525
2,waypoint_43,0.0,-0.09676043610422452,-0.7304170035653912,1.056401224630453,0.462611933471635,0.02270485833287239
3,waypoint_43,0.0,-0.09676043610422452,-0.7304170035653912,1.056401224630453,0.4799265007022768,0.013839353807270527
4,waypoint_43,0.0,-0.09676043610422452,-0.7304170035653912,1.056401224630453,242.96650290489197,0.0
5,waypoint_43,0.0,-0.09676043610422452,-0.7304170035653912,1.056401224630453,1.125955255702138,0.005955812055617571
6,waypoint_43,0.0,-0.09676043610422452,-0.7304170035653912,1.056401224630453,1.0312313679605722,0.016180753707885742
7,waypoint_43,0.0,-0.09676043610422452,-0.7304170035653912,1.056401224630453,357.13958740234375,0.0
8,waypoint_43,0.0,-0.09676043610422452,-0.7304170035653912,1.056401224630453,290.76090455055237,0.0
9,waypoint_43,0.0,-0.09676043610422452,-0.7304170035653912,1.056401224630453,317.13831424713135,0.0
10,waypoint_43,0.0,-0.09676043610422452,-0.7304170035653912,1.056401224630453,290.6838357448578,0.0
11,waypoint_43,0.0,-0.09676043610422452,-0.7304170035653912,1.056401224630453,412.69397735595703,0.0
12,waypoint_43,0.0,-0.09676043610422452,-0.7304170035653912,1.056401224630453,399.0180194377899,0.0
13,waypoint_43,0.0,-0.09676043610422452,-0.7304170035653912,1.056401224630453,470.8099365234375,0.0
14,waypoint_43,0.0,-0.09676043610422452,-0.7304170035653912,1.056401224630453,680.1776885986328,0.0
0,waypoint_43,15.0,-0.09676043610422452,-0.7304170035653912,1.056401224630453,6.438702344894409,0.0
1,waypoint_43,15.0,-0.09676043610422452,-0.7304170035653912,1.056401224630453,6.401449907571077,0.0
2,waypoint_43,15.0,-0.09676043610422452,-0.7304170035653912,1.056401224630453,7.149623241275549,0.0
3,waypoint_43,15.0,-0.09676043610422452,-0.7304170035653912,1.056401224630453,8.77512339502573,0.0
4,waypoint_43,15.0,-0.09676043610422452,-0.7304170035653912,1.056401224630453,235.0458800792694,0.0
5,waypoint_43,15.0,-0.09676043610422452,-0.7304170035653912,1.056401224630453,15.97234234213829,0.0
6,waypoint_43,15.0,-0.09676043610422452,-0.7304170035653912,1.056401224630453,16.81947335600853,0.0
7,waypoint_43,15.0,-0.09676043610422452,-0.7304170035653912,1.056401224630453,352.1355986595154,0.0
8,waypoint_43,15.0,-0.09676043610422452,-0.7304170035653912,1.056401224630453,288.07616233825684,0.0
9,waypoint_43,15.0,-0.09676043610422452,-0.7304170035653912,1.056401224630453,313.9738142490387,0.0
10,waypoint_43,15.0,-0.09676043610422452,-0.7304170035653912,1.056401224630453,284.3431532382965,0.0
11,waypoint_43,15.0,-0.09676043610422452,-0.7304170035653912,1.056401224630453,403.4895896911621,0.0
12,waypoint_43,15.0,-0.09676043610422452,-0.7304170035653912,1.056401224630453,395.71985602378845,0.0
13,waypoint_43,15.0,-0.09676043610422452,-0.7304170035653912,1.056401224630453,471.6450870037079,0.0
14,waypoint_43,15.0,-0.09676043610422452,-0.7304170035653912,1.056401224630453,673.8249659538269,0.0
0,waypoint_43,30.0,-0.09676043610422452,-0.7304170035653912,1.056401224630453,0.34552556462585926,0.008229524828493595
1,waypoint_43,30.0,-0.09676043610422452,-0.7304170035653912,1.056401224630453,0.2997929695993662,0.023659300059080124
2,waypoint_43,30.0,-0.09676043610422452,-0.7304170035653912,1.056401224630453,0.33483817242085934,0.02048834227025509
3,waypoint_43,30.0,-0.09676043610422452,-0.7304170035653912,1.056401224630453,0.38605794543400407,0.013182737864553928
4,waypoint_43,30.0,-0.09676043610422452,-0.7304170035653912,1.056401224630453,177.44620144367218,0.0
5,waypoint_43,30.0,-0.09676043610422452,-0.7304170035653912,1.056401224630453,0.19287355826236308,0.004800550639629364
6,waypoint_43,30.0,-0.09676043610422452,-0.7304170035653912,1.056401224630453,0.27215591398999095,0.01066561322659254
7,waypoint_43,30.0,-0.09676043610422452,-0.7304170035653912,1.056401224630453,319.16648149490356,0.0
8,waypoint_43,30.0,-0.09676043610422452,-0.7304170035653912,1.056401224630453,260.77938079833984,0.0
9,waypoint_43,30.0,-0.09676043610422452,-0.7304170035653912,1.056401224630453,290.53497314453125,0.0
10,waypoint_43,30.0,-0.09676043610422452,-0.7304170035653912,1.056401224630453,249.64001774787903,0.0
11,waypoint_43,30.0,-0.09676043610422452,-0.7304170035653912,1.056401224630453,361.16060614585876,0.0
12,waypoint_43,30.0,-0.09676043610422452,-0.7304170035653912,1.056401224630453,375.99509954452515,0.0
13,waypoint_43,30.0,-0.09676043610422452,-0.7304170035653912,1.056401224630453,458.0652117729187,0.0
14,waypoint_43,30.0,-0.09676043610422452,-0.7304170035653912,1.056401224630453,640.4870748519897,0.0
0,waypoint_44,30.0,-0.076760436104224,-0.7304170035653912,1.056401224630453,5.760588683187962,0.0
1,waypoint_44,30.0,-0.076760436104224,-0.7304170035653912,1.056401224630453,2.561139175668359,0.0
2,waypoint_44,30.0,-0.076760436104224,-0.7304170035653912,1.056401224630453,3.2125471625477076,0.0
3,waypoint_44,30.0,-0.076760436104224,-0.7304170035653912,1.056401224630453,3.6150438245385885,0.0
4,waypoint_44,30.0,-0.076760436104224,-0.7304170035653912,1.056401224630453,156.8821221590042,0.0
5,waypoint_44,30.0,-0.076760436104224,-0.7304170035653912,1.056401224630453,2.6019567158073187,0.0
6,waypoint_44,30.0,-0.076760436104224,-0.7304170035653912,1.056401224630453,2.692663809284568,0.0
7,waypoint_44,30.0,-0.076760436104224,-0.7304170035653912,1.056401224630453,325.02108812332153,0.0
8,waypoint_44,30.0,-0.076760436104224,-0.7304170035653912,1.056401224630453,261.2777352333069,0.0
9,waypoint_44,30.0,-0.076760436104224,-0.7304170035653912,1.056401224630453,286.9253158569336,0.0
10,waypoint_44,30.0,-0.076760436104224,-0.7304170035653912,1.056401224630453,244.37734484672546,0.0
11,waypoint_44,30.0,-0.076760436104224,-0.7304170035653912,1.056401224630453,351.49091482162476,0.0
12,waypoint_44,30.0,-0.076760436104224,-0.7304170035653912,1.056401224630453,364.0293478965759,0.0
13,waypoint_44,30.0,-0.076760436104224,-0.7304170035653912,1.056401224630453,443.7538683414459,0.0
14,waypoint_44,30.0,-0.076760436104224,-0.7304170035653912,1.056401224630453,624.3085861206055,0.0
0,waypoint_44,15.0,-0.076760436104224,-0.7304170035653912,1.056401224630453,38.42442110180855,0.0
1,waypoint_44,15.0,-0.076760436104224,-0.7304170035653912,1.056401224630453,0.35319841117598116,0.027970271185040474
2,waypoint_44,15.0,-0.076760436104224,-0.7304170035653912,1.056401224630453,0.4369224770925939,0.023287147283554077
3,waypoint_44,15.0,-0.076760436104224,-0.7304170035653912,1.056401224630453,0.4941148799844086,0.015272770076990128
4,waypoint_44,15.0,-0.076760436104224,-0.7304170035653912,1.056401224630453,188.3721500635147,0.0
5,waypoint_44,15.0,-0.076760436104224,-0.7304170035653912,1.056401224630453,0.6904798210598528,0.0039045275188982487
6,waypoint_44,15.0,-0.076760436104224,-0.7304170035653912,1.056401224630453,0.6620918866246939,0.012924731709063053
7,waypoint_44,15.0,-0.076760436104224,-0.7304170035653912,1.056401224630453,342.4556851387024,0.0
8,waypoint_44,15.0,-0.076760436104224,-0.7304170035653912,1.056401224630453,273.5385596752167,0.0
9,waypoint_44,15.0,-0.076760436104224,-0.7304170035653912,1.056401224630453,275.5599617958069,0.0
10,waypoint_44,15.0,-0.076760436104224,-0.7304170035653912,1.056401224630453,266.9636905193329,0.0
11,waypoint_44,15.0,-0.076760436104224,-0.7304170035653912,1.056401224630453,376.9455552101135,0.0
12,waypoint_44,15.0,-0.076760436104224,-0.7304170035653912,1.056401224630453,371.56203389167786,0.0
13,waypoint_44,15.0,-0.076760436104224,-0.7304170035653912,1.056401224630453,448.03452491760254,0.0
14,waypoint_44,15.0,-0.076760436104224,-0.7304170035653912,1.056401224630453,641.9142484664917,0.0
0,waypoint_44,0.0,-0.076760436104224,-0.7304170035653912,1.056401224630453,63.46926838159561,0.0
1,waypoint_44,0.0,-0.076760436104224,-0.7304170035653912,1.056401224630453,6.7884661257267,0.0
2,waypoint_44,0.0,-0.076760436104224,-0.7304170035653912,1.056401224630453,6.894679274410009,0.0
3,waypoint_44,0.0,-0.076760436104224,-0.7304170035653912,1.056401224630453,7.756643462926149,0.0
4,waypoint_44,0.0,-0.076760436104224,-0.7304170035653912,1.056401224630453,196.9447284936905,0.0
5,waypoint_44,0.0,-0.076760436104224,-0.7304170035653912,1.056401224630453,13.240184634923935,0.0
6,waypoint_44,0.0,-0.076760436104224,-0.7304170035653912,1.056401224630453,14.393492601811886,0.0
7,waypoint_44,0.0,-0.076760436104224,-0.7304170035653912,1.056401224630453,348.0808436870575,0.0
8,waypoint_44,0.0,-0.076760436104224,-0.7304170035653912,1.056401224630453,279.19304370880127,0.0
9,waypoint_44,0.0,-0.076760436104224,-0.7304170035653912,1.056401224630453,279.87319231033325,0.0
10,waypoint_44,0.0,-0.076760436104224,-0.7304170035653912,1.056401224630453,270.8120048046112,0.0
11,waypoint_44,0.0,-0.076760436104224,-0.7304170035653912,1.056401224630453,383.8149905204773,0.0
12,waypoint_44,0.0,-0.076760436104224,-0.7304170035653912,1.056401224630453,374.7437596321106,0.0
13,waypoint_44,0.0,-0.076760436104224,-0.7304170035653912,1.056401224630453,451.43455266952515,0.0
14,waypoint_44,0.0,-0.076760436104224,-0.7304170035653912,1.056401224630453,645.7673907279968,0.0
0,waypoint_44,-15.0,-0.076760436104224,-0.7304170035653912,1.056401224630453,145.15116810798645,0.0
1,waypoint_44,-15.0,-0.076760436104224,-0.7304170035653912,1.056401224630453,0.44473237358033657,0.032694846391677856
2,waypoint_44,-15.0,-0.076760436104224,-0.7304170035653912,1.056401224630453,0.4614938807208091,0.024663828313350677
3,waypoint_44,-15.0,-0.076760436104224,-0.7304170035653912,1.056401224630453,0.4922404186800122,0.015742069110274315
4,waypoint_44,-15.0,-0.076760436104224,-0.7304170035653912,1.056401224630453,260.4857385158539,0.0
5,waypoint_44,-15.0,-0.076760436104224,-0.7304170035653912,1.056401224630453,1.5235000755637884,0.0
6,waypoint_44,-15.0,-0.076760436104224,-0.7304170035653912,1.056401224630453,0.7649932522326708,0.014204034581780434
7,waypoint_44,-15.0,-0.076760436104224,-0.7304170035653912,1.056401224630453,381.2725841999054,0.0
8,waypoint_44,-15.0,-0.076760436104224,-0.7304170035653912,1.056401224630453,318.76447796821594,0.0
9,waypoint_44,-15.0,-0.076760436104224,-0.7304170035653912,1.056401224630453,295.13877630233765,0.0
10,waypoint_44,-15.0,-0.076760436104224,-0.7304170035653912,1.056401224630453,306.21275305747986,0.0
11,waypoint_44,-15.0,-0.076760436104224,-0.7304170035653912,1.056401224630453,424.1770803928375,0.0
12,waypoint_44,-15.0,-0.076760436104224,-0.7304170035653912,1.056401224630453,394.8770761489868,0.0
13,waypoint_44,-15.0,-0.076760436104224,-0.7304170035653912,1.056401224630453,455.91941475868225,0.0
14,waypoint_44,-15.0,-0.076760436104224,-0.7304170035653912,1.056401224630453,689.198911190033,0.0
0,waypoint_44,-30.0,-0.076760436104224,-0.7304170035653912,1.056401224630453,201.39069855213165,0.0
1,waypoint_44,-30.0,-0.076760436104224,-0.7304170035653912,1.056401224630453,0.48379783402197063,0.033164508640766144
2,waypoint_44,-30.0,-0.076760436104224,-0.7304170035653912,1.056401224630453,0.5113004008308053,0.024204017594456673
3,waypoint_44,-30.0,-0.076760436104224,-0.7304170035653912,1.056401224630453,0.5760888452641666,0.015344599261879921
4,waypoint_44,-30.0,-0.076760436104224,-0.7304170035653912,1.056401224630453,293.5415804386139,0.0
5,waypoint_44,-30.0,-0.076760436104224,-0.7304170035653912,1.056401224630453,1.1494382051751018,0.002739992458373308
6,waypoint_44,-30.0,-0.076760436104224,-0.7304170035653912,1.056401224630453,1.3866010122001171,0.013586394488811493
7,waypoint_44,-30.0,-0.076760436104224,-0.7304170035653912,1.056401224630453,387.2387707233429,0.0
8,waypoint_44,-30.0,-0.076760436104224,-0.7304170035653912,1.056401224630453,322.505384683609,0.0
9,waypoint_44,-30.0,-0.076760436104224,-0.7304170035653912,1.056401224630453,294.0613627433777,0.0
10,waypoint_44,-30.0,-0.076760436104224,-0.7304170035653912,1.056401224630453,313.9515221118927,0.0
11,waypoint_44,-30.0,-0.076760436104224,-0.7304170035653912,1.056401224630453,426.68139934539795,0.0
12,waypoint_44,-30.0,-0.076760436104224,-0.7304170035653912,1.056401224630453,398.5423743724823,0.0
13,waypoint_44,-30.0,-0.076760436104224,-0.7304170035653912,1.056401224630453,460.3325128555298,0.0
14,waypoint_44,-30.0,-0.076760436104224,-0.7304170035653912,1.056401224630453,700.8973956108093,0.0
0,waypoint_45,-30.0,-0.05676043610422443,-0.7304170035653912,1.056401224630453,183.2936704158783,0.0
1,waypoint_45,-30.0,-0.05676043610422443,-0.7304170035653912,1.056401224630453,0.9538208250887692,0.034933459013700485
2,waypoint_45,-30.0,-0.05676043610422443,-0.7304170035653912,1.056401224630453,0.9696976048871875,0.02614613249897957
3,waypoint_45,-30.0,-0.05676043610422443,-0.7304170035653912,1.056401224630453,0.9693863685242832,0.017127681523561478
4,waypoint_45,-30.0,-0.05676043610422443,-0.7304170035653912,1.056401224630453,278.6882221698761,0.0
5,waypoint_45,-30.0,-0.05676043610422443,-0.7304170035653912,1.056401224630453,1.398927066475153,0.0011345020029693842
6,waypoint_45,-30.0,-0.05676043610422443,-0.7304170035653912,1.056401224630453,1.007170183584094,0.011147993616759777
7,waypoint_45,-30.0,-0.05676043610422443,-0.7304170035653912,1.056401224630453,391.38263463974,0.0
8,waypoint_45,-30.0,-0.05676043610422443,-0.7304170035653912,1.056401224630453,324.33947920799255,0.0
9,waypoint_45,-30.0,-0.05676043610422443,-0.7304170035653912,1.056401224630453,291.6305363178253,0.0
10,waypoint_45,-30.0,-0.05676043610422443,-0.7304170035653912,1.056401224630453,307.14863538742065,0.0
11,waypoint_45,-30.0,-0.05676043610422443,-0.7304170035653912,1.056401224630453,419.27391290664673,0.0
12,waypoint_45,-30.0,-0.05676043610422443,-0.7304170035653912,1.056401224630453,393.216609954834,0.0
13,waypoint_45,-30.0,-0.05676043610422443,-0.7304170035653912,1.056401224630453,446.14386558532715,0.0
14,waypoint_45,-30.0,-0.05676043610422443,-0.7304170035653912,1.056401224630453,690.7253265380859,0.0
0,waypoint_45,-15.0,-0.05676043610422443,-0.7304170035653912,1.056401224630453,171.7393398284912,0.0
1,waypoint_45,-15.0,-0.05676043610422443,-0.7304170035653912,1.056401224630453,4.5100185088813305,0.0
2,waypoint_45,-15.0,-0.05676043610422443,-0.7304170035653912,1.056401224630453,5.284635350108147,0.0
3,waypoint_45,-15.0,-0.05676043610422443,-0.7304170035653912,1.056401224630453,7.057208102196455,0.0
4,waypoint_45,-15.0,-0.05676043610422443,-0.7304170035653912,1.056401224630453,271.14519476890564,0.0
5,waypoint_45,-15.0,-0.05676043610422443,-0.7304170035653912,1.056401224630453,16.870586201548576,0.0
6,waypoint_45,-15.0,-0.05676043610422443,-0.7304170035653912,1.056401224630453,17.533879727125168,0.0
7,waypoint_45,-15.0,-0.05676043610422443,-0.7304170035653912,1.056401224630453,389.6064758300781,0.0
8,waypoint_45,-15.0,-0.05676043610422443,-0.7304170035653912,1.056401224630453,322.9503035545349,0.0
9,waypoint_45,-15.0,-0.05676043610422443,-0.7304170035653912,1.056401224630453,294.3214774131775,0.0
10,waypoint_45,-15.0,-0.05676043610422443,-0.7304170035653912,1.056401224630453,306.196391582489,0.0
11,waypoint_45,-15.0,-0.05676043610422443,-0.7304170035653912,1.056401224630453,415.84157943725586,0.0
12,waypoint_45,-15.0,-0.05676043610422443,-0.7304170035653912,1.056401224630453,389.9681270122528,0.0
13,waypoint_45,-15.0,-0.05676043610422443,-0.7304170035653912,1.056401224630453,447.1365511417389,0.0
14,waypoint_45,-15.0,-0.05676043610422443,-0.7304170035653912,1.056401224630453,687.423050403595,0.0
0,waypoint_45,0.0,-0.05676043610422443,-0.7304170035653912,1.056401224630453,73.93262535333633,0.0
1,waypoint_45,0.0,-0.05676043610422443,-0.7304170035653912,1.056401224630453,0.4064126405864954,0.0318615585565567
2,waypoint_45,0.0,-0.05676043610422443,-0.7304170035653912,1.056401224630453,0.4461167845875025,0.025949038565158844
3,waypoint_45,0.0,-0.05676043610422443,-0.7304170035653912,1.056401224630453,0.4697188560385257,0.017472634091973305
4,waypoint_45,0.0,-0.05676043610422443,-0.7304170035653912,1.056401224630453,206.91123604774475,0.0
5,waypoint_45,0.0,-0.05676043610422443,-0.7304170035653912,1.056401224630453,1.3280072016641498,0.001813070266507566
6,waypoint_45,0.0,-0.05676043610422443,-0.7304170035653912,1.056401224630453,1.0439592879265547,0.012218963354825974
7,waypoint_45,0.0,-0.05676043610422443,-0.7304170035653912,1.056401224630453,372.3835349082947,0.0
8,waypoint_45,0.0,-0.05676043610422443,-0.7304170035653912,1.056401224630453,319.1060423851013,0.0
9,waypoint_45,0.0,-0.05676043610422443,-0.7304170035653912,1.056401224630453,289.9395227432251,0.0
10,waypoint_45,0.0,-0.05676043610422443,-0.7304170035653912,1.056401224630453,286.5752577781677,0.0
11,waypoint_45,0.0,-0.05676043610422443,-0.7304170035653912,1.056401224630453,390.57451486587524,0.0
12,waypoint_45,0.0,-0.05676043610422443,-0.7304170035653912,1.056401224630453,376.3309121131897,0.0
13,waypoint_45,0.0,-0.05676043610422443,-0.7304170035653912,1.056401224630453,445.3824758529663,0.0
14,waypoint_45,0.0,-0.05676043610422443,-0.7304170035653912,1.056401224630453,656.7211747169495,0.0
0,waypoint_45,15.0,-0.05676043610422443,-0.7304170035653912,1.056401224630453,57.765718549489975,0.0
1,waypoint_45,15.0,-0.05676043610422443,-0.7304170035653912,1.056401224630453,6.325397174805403,0.0
2,waypoint_45,15.0,-0.05676043610422443,-0.7304170035653912,1.056401224630453,6.7260791547596455,0.0
3,waypoint_45,15.0,-0.05676043610422443,-0.7304170035653912,1.056401224630453,8.022690191864967,0.0
4,waypoint_45,15.0,-0.05676043610422443,-0.7304170035653912,1.056401224630453,198.13574850559235,0.0
5,waypoint_45,15.0,-0.05676043610422443,-0.7304170035653912,1.056401224630453,10.556654073297977,0.0
6,waypoint_45,15.0,-0.05676043610422443,-0.7304170035653912,1.056401224630453,16.385454684495926,0.0
7,waypoint_45,15.0,-0.05676043610422443,-0.7304170035653912,1.056401224630453,367.8169846534729,0.0
8,waypoint_45,15.0,-0.05676043610422443,-0.7304170035653912,1.056401224630453,317.00992584228516,0.0
9,waypoint_45,15.0,-0.05676043610422443,-0.7304170035653912,1.056401224630453,287.43818402290344,0.0
10,waypoint_45,15.0,-0.05676043610422443,-0.7304170035653912,1.056401224630453,281.6980481147766,0.0
11,waypoint_45,15.0,-0.05676043610422443,-0.7304170035653912,1.056401224630453,383.9286267757416,0.0
12,waypoint_45,15.0,-0.05676043610422443,-0.7304170035653912,1.056401224630453,375.3131031990051,0.0
13,waypoint_45,15.0,-0.05676043610422443,-0.7304170035653912,1.056401224630453,444.0344274044037,0.0
14,waypoint_45,15.0,-0.05676043610422443,-0.7304170035653912,1.056401224630453,650.7692337036133,0.0
0,waypoint_45,30.0,-0.05676043610422443,-0.7304170035653912,1.056401224630453,237.77039349079132,0.0
1,waypoint_45,30.0,-0.05676043610422443,-0.7304170035653912,1.056401224630453,0.004763899141835282,0.022013386711478233
2,waypoint_45,30.0,-0.05676043610422443,-0.7304170035653912,1.056401224630453,0.003165225507473224,0.022470738738775253
3,waypoint_45,30.0,-0.05676043610422443,-0.7304170035653912,1.056401224630453,0.00551978928342578,0.016353342682123184
4,waypoint_45,30.0,-0.05676043610422443,-0.7304170035653912,1.056401224630453,135.9112560749054,0.0
5,waypoint_45,30.0,-0.05676043610422443,-0.7304170035653912,1.056401224630453,105.95326125621796,0.0
6,waypoint_45,30.0,-0.05676043610422443,-0.7304170035653912,1.056401224630453,0.01936465378093999,0.008867626078426838
7,waypoint_45,30.0,-0.05676043610422443,-0.7304170035653912,1.056401224630453,338.57855200767517,0.0
8,waypoint_45,30.0,-0.05676043610422443,-0.7304170035653912,1.056401224630453,298.8278865814209,0.0
9,waypoint_45,30.0,-0.05676043610422443,-0.7304170035653912,1.056401224630453,257.14749097824097,0.0
10,waypoint_45,30.0,-0.05676043610422443,-0.7304170035653912,1.056401224630453,247.23078310489655,0.0
11,waypoint_45,30.0,-0.05676043610422443,-0.7304170035653912,1.056401224630453,339.31317925453186,0.0
12,waypoint_45,30.0,-0.05676043610422443,-0.7304170035653912,1.056401224630453,348.37806224823,0.0
13,waypoint_45,30.0,-0.05676043610422443,-0.7304170035653912,1.056401224630453,431.5205514431,0.0
14,waypoint_45,30.0,-0.05676043610422443,-0.7304170035653912,1.056401224630453,609.3432903289795,0.0
0,waypoint_46,30.0,-0.0367604361042248,-0.7304170035653912,1.056401224630453,248.34474921226501,0.0
1,waypoint_46,30.0,-0.0367604361042248,-0.7304170035653912,1.056401224630453,0.008281400369014591,0.019845323637127876
2,waypoint_46,30.0,-0.0367604361042248,-0.7304170035653912,1.056401224630453,0.009338737072539516,0.023132437840104103
3,waypoint_46,30.0,-0.0367604361042248,-0.7304170035653912,1.056401224630453,0.00890805313247256,0.017833441495895386
4,waypoint_46,30.0,-0.0367604361042248,-0.7304170035653912,1.056401224630453,115.6725212931633,0.0
5,waypoint_46,30.0,-0.0367604361042248,-0.7304170035653912,1.056401224630453,243.5782253742218,0.0
6,waypoint_46,30.0,-0.0367604361042248,-0.7304170035653912,1.056401224630453,0.009957365364243742,0.007635138463228941
7,waypoint_46,30.0,-0.0367604361042248,-0.7304170035653912,1.056401224630453,347.24748134613037,0.0
8,waypoint_46,30.0,-0.0367604361042248,-0.7304170035653912,1.056401224630453,300.3464341163635,0.0
9,waypoint_46,30.0,-0.0367604361042248,-0.7304170035653912,1.056401224630453,259.62722301483154,0.0
10,waypoint_46,30.0,-0.0367604361042248,-0.7304170035653912,1.056401224630453,244.54450607299805,0.0
11,waypoint_46,30.0,-0.0367604361042248,-0.7304170035653912,1.056401224630453,327.26573944091797,0.0
12,waypoint_46,30.0,-0.0367604361042248,-0.7304170035653912,1.056401224630453,337.12437748908997,0.0
13,waypoint_46,30.0,-0.0367604361042248,-0.7304170035653912,1.056401224630453,417.85234212875366,0.0
14,waypoint_46,30.0,-0.0367604361042248,-0.7304170035653912,1.056401224630453,592.7247405052185,0.0
0,waypoint_46,15.0,-0.0367604361042248,-0.7304170035653912,1.056401224630453,276.30406618118286,0.0
1,waypoint_46,15.0,-0.0367604361042248,-0.7304170035653912,1.056401224630453,0.003817024662566837,0.027575993910431862
2,waypoint_46,15.0,-0.0367604361042248,-0.7304170035653912,1.056401224630453,0.0042649612623790745,0.025760821998119354
3,waypoint_46,15.0,-0.0367604361042248,-0.7304170035653912,1.056401224630453,0.0028235242552909767,0.01869453676044941
4,waypoint_46,15.0,-0.0367604361042248,-0.7304170035653912,1.056401224630453,150.66871047019958,0.0
5,waypoint_46,15.0,-0.0367604361042248,-0.7304170035653912,1.056401224630453,171.32754623889923,0.0
6,waypoint_46,15.0,-0.0367604361042248,-0.7304170035653912,1.056401224630453,0.005589178272202844,0.009501712396740913
7,waypoint_46,15.0,-0.0367604361042248,-0.7304170035653912,1.056401224630453,362.8697395324707,0.0
8,waypoint_46,15.0,-0.0367604361042248,-0.7304170035653912,1.056401224630453,281.3836932182312,0.0
9,waypoint_46,15.0,-0.0367604361042248,-0.7304170035653912,1.056401224630453,278.3306837081909,0.0
10,waypoint_46,15.0,-0.0367604361042248,-0.7304170035653912,1.056401224630453,263.77004384994507,0.0
11,waypoint_46,15.0,-0.0367604361042248,-0.7304170035653912,1.056401224630453,354.6167016029358,0.0
12,waypoint_46,15.0,-0.0367604361042248,-0.7304170035653912,1.056401224630453,348.6582338809967,0.0
13,waypoint_46,15.0,-0.0367604361042248,-0.7304170035653912,1.056401224630453,423.85387420654297,0.0
14,waypoint_46,15.0,-0.0367604361042248,-0.7304170035653912,1.056401224630453,615.074098110199,0.0
0,waypoint_46,0.0,-0.0367604361042248,-0.7304170035653912,1.056401224630453,262.0830237865448,0.0
1,waypoint_46,0.0,-0.0367604361042248,-0.7304170035653912,1.056401224630453,0.0037791412523802137,0.0323527567088604
2,waypoint_46,0.0,-0.0367604361042248,-0.7304170035653912,1.056401224630453,0.0043978375288133975,0.027433540672063828
3,waypoint_46,0.0,-0.0367604361042248,-0.7304170035653912,1.056401224630453,0.004955436907039257,0.019242826849222183
4,waypoint_46,0.0,-0.0367604361042248,-0.7304170035653912,1.056401224630453,190.18396735191345,0.0
5,waypoint_46,0.0,-0.0367604361042248,-0.7304170035653912,1.056401224630453,56.45006522536278,0.0
6,waypoint_46,0.0,-0.0367604361042248,-0.7304170035653912,1.056401224630453,0.005130031695443904,0.010089604184031487
7,waypoint_46,0.0,-0.0367604361042248,-0.7304170035653912,1.056401224630453,381.6220462322235,0.0
8,waypoint_46,0.0,-0.0367604361042248,-0.7304170035653912,1.056401224630453,294.8446571826935,0.0
9,waypoint_46,0.0,-0.0367604361042248,-0.7304170035653912,1.056401224630453,285.67054867744446,0.0
10,waypoint_46,0.0,-0.0367604361042248,-0.7304170035653912,1.056401224630453,283.59827399253845,0.0
11,waypoint_46,0.0,-0.0367604361042248,-0.7304170035653912,1.056401224630453,377.85619497299194,0.0
12,waypoint_46,0.0,-0.0367604361042248,-0.7304170035653912,1.056401224630453,358.0072224140167,0.0
13,waypoint_46,0.0,-0.0367604361042248,-0.7304170035653912,1.056401224630453,423.87256026268005,0.0
14,waypoint_46,0.0,-0.0367604361042248,-0.7304170035653912,1.056401224630453,632.2829127311707,0.0
0,waypoint_46,-15.0,-0.0367604361042248,-0.7304170035653912,1.056401224630453,225.4442721605301,0.0
1,waypoint_46,-15.0,-0.0367604361042248,-0.7304170035653912,1.056401224630453,0.42053544893860817,0.03515559807419777
2,waypoint_46,-15.0,-0.0367604361042248,-0.7304170035653912,1.056401224630453,0.45498349936679006,0.028130045160651207
3,waypoint_46,-15.0,-0.0367604361042248,-0.7304170035653912,1.056401224630453,0.5101598217152059,0.01930003985762596
4,waypoint_46,-15.0,-0.0367604361042248,-0.7304170035653912,1.056401224630453,228.90053689479828,0.0
5,waypoint_46,-15.0,-0.0367604361042248,-0.7304170035653912,1.056401224630453,0.44532839092426,0.0011674822308123112
6,waypoint_46,-15.0,-0.0367604361042248,-0.7304170035653912,1.056401224630453,0.12391424388624728,0.009803792461752892
7,waypoint_46,-15.0,-0.0367604361042248,-0.7304170035653912,1.056401224630453,393.3413028717041,0.0
8,waypoint_46,-15.0,-0.0367604361042248,-0.7304170035653912,1.056401224630453,300.73559284210205,0.0
9,waypoint_46,-15.0,-0.0367604361042248,-0.7304170035653912,1.056401224630453,293.37629675865173,0.0
10,waypoint_46,-15.0,-0.0367604361042248,-0.7304170035653912,1.056401224630453,303.15491557121277,0.0
11,waypoint_46,-15.0,-0.0367604361042248,-0.7304170035653912,1.056401224630453,402.3038148880005,0.0
12,waypoint_46,-15.0,-0.0367604361042248,-0.7304170035653912,1.056401224630453,364.68973755836487,0.0
13,waypoint_46,-15.0,-0.0367604361042248,-0.7304170035653912,1.056401224630453,427.96245217323303,0.0
14,waypoint_46,-15.0,-0.0367604361042248,-0.7304170035653912,1.056401224630453,658.0636501312256,0.0
0,waypoint_46,-30.0,-0.0367604361042248,-0.7304170035653912,1.056401224630453,178.21994423866272,0.0
1,waypoint_46,-30.0,-0.0367604361042248,-0.7304170035653912,1.056401224630453,5.085536744445562,0.0
2,waypoint_46,-30.0,-0.0367604361042248,-0.7304170035653912,1.056401224630453,5.807712208479643,0.0
3,waypoint_46,-30.0,-0.0367604361042248,-0.7304170035653912,1.056401224630453,7.5224097818136215,0.0
4,waypoint_46,-30.0,-0.0367604361042248,-0.7304170035653912,1.056401224630453,237.74856328964233,0.0
5,waypoint_46,-30.0,-0.0367604361042248,-0.7304170035653912,1.056401224630453,10.573196224868298,0.0
6,waypoint_46,-30.0,-0.0367604361042248,-0.7304170035653912,1.056401224630453,16.796529293060303,0.0
7,waypoint_46,-30.0,-0.0367604361042248,-0.7304170035653912,1.056401224630453,395.62952518463135,0.0
8,waypoint_46,-30.0,-0.0367604361042248,-0.7304170035653912,1.056401224630453,300.90823769569397,0.0
9,waypoint_46,-30.0,-0.0367604361042248,-0.7304170035653912,1.056401224630453,290.22103548049927,0.0
10,waypoint_46,-30.0,-0.0367604361042248,-0.7304170035653912,1.056401224630453,306.8601191043854,0.0
11,waypoint_46,-30.0,-0.0367604361042248,-0.7304170035653912,1.056401224630453,403.75998616218567,0.0
12,waypoint_46,-30.0,-0.0367604361042248,-0.7304170035653912,1.056401224630453,366.15145206451416,0.0
13,waypoint_46,-30.0,-0.0367604361042248,-0.7304170035653912,1.056401224630453,431.707888841629,0.0
14,waypoint_46,-30.0,-0.0367604361042248,-0.7304170035653912,1.056401224630453,659.3812704086304,0.0
0,waypoint_47,-30.0,-0.01676043610422462,-0.7304170035653912,1.056401224630453,142.7556574344635,0.0
1,waypoint_47,-30.0,-0.01676043610422462,-0.7304170035653912,1.056401224630453,0.985717517323792,0.037863727658987045
2,waypoint_47,-30.0,-0.01676043610422462,-0.7304170035653912,1.056401224630453,1.0421265615150332,0.02987252175807953
3,waypoint_47,-30.0,-0.01676043610422462,-0.7304170035653912,1.056401224630453,1.0774366091936827,0.02064492553472519
4,waypoint_47,-30.0,-0.01676043610422462,-0.7304170035653912,1.056401224630453,251.78611278533936,0.0
5,waypoint_47,-30.0,-0.01676043610422462,-0.7304170035653912,1.056401224630453,1.3499550987035036,0.003676049644127488
6,waypoint_47,-30.0,-0.01676043610422462,-0.7304170035653912,1.056401224630453,0.9744690614752471,0.00669773668050766
7,waypoint_47,-30.0,-0.01676043610422462,-0.7304170035653912,1.056401224630453,426.9084632396698,0.0
8,waypoint_47,-30.0,-0.01676043610422462,-0.7304170035653912,1.056401224630453,303.87821793556213,0.0
9,waypoint_47,-30.0,-0.01676043610422462,-0.7304170035653912,1.056401224630453,292.3620939254761,0.0
10,waypoint_47,-30.0,-0.01676043610422462,-0.7304170035653912,1.056401224630453,317.57867336273193,0.0
11,waypoint_47,-30.0,-0.01676043610422462,-0.7304170035653912,1.056401224630453,399.3471562862396,0.0
12,waypoint_47,-30.0,-0.01676043610422462,-0.7304170035653912,1.056401224630453,365.39140343666077,0.0
13,waypoint_47,-30.0,-0.01676043610422462,-0.7304170035653912,1.056401224630453,417.8209602832794,0.0
14,waypoint_47,-30.0,-0.01676043610422462,-0.7304170035653912,1.056401224630453,660.8025431632996,0.0
0,waypoint_47,-15.0,-0.01676043610422462,-0.7304170035653912,1.056401224630453,128.14196944236755,0.0
1,waypoint_47,-15.0,-0.01676043610422462,-0.7304170035653912,1.056401224630453,4.380878526717424,0.0
2,waypoint_47,-15.0,-0.01676043610422462,-0.7304170035653912,1.056401224630453,4.8602065071463585,0.0
3,waypoint_47,-15.0,-0.01676043610422462,-0.7304170035653912,1.056401224630453,6.192958913743496,0.0
4,waypoint_47,-15.0,-0.01676043610422462,-0.7304170035653912,1.056401224630453,243.61266195774078,0.0
5,waypoint_47,-15.0,-0.01676043610422462,-0.7304170035653912,1.056401224630453,10.845902375876904,0.0
6,waypoint_47,-15.0,-0.01676043610422462,-0.7304170035653912,1.056401224630453,16.568195074796677,0.0
7,waypoint_47,-15.0,-0.01676043610422462,-0.7304170035653912,1.056401224630453,425.0817894935608,0.0
8,waypoint_47,-15.0,-0.01676043610422462,-0.7304170035653912,1.056401224630453,304.3641746044159,0.0
9,waypoint_47,-15.0,-0.01676043610422462,-0.7304170035653912,1.056401224630453,293.48793625831604,0.0
10,waypoint_47,-15.0,-0.01676043610422462,-0.7304170035653912,1.056401224630453,314.15262818336487,0.0
11,waypoint_47,-15.0,-0.01676043610422462,-0.7304170035653912,1.056401224630453,398.70768785476685,0.0
12,waypoint_47,-15.0,-0.01676043610422462,-0.7304170035653912,1.056401224630453,362.8670871257782,0.0
13,waypoint_47,-15.0,-0.01676043610422462,-0.7304170035653912,1.056401224630453,417.5156354904175,0.0
14,waypoint_47,-15.0,-0.01676043610422462,-0.7304170035653912,1.056401224630453,660.713255405426,0.0
0,waypoint_47,0.0,-0.01676043610422462,-0.7304170035653912,1.056401224630453,13.37489951401949,0.0
1,waypoint_47,0.0,-0.01676043610422462,-0.7304170035653912,1.056401224630453,0.40201336378231645,0.03246429190039635
2,waypoint_47,0.0,-0.01676043610422462,-0.7304170035653912,1.056401224630453,0.44716597767546773,0.0288288202136755
3,waypoint_47,0.0,-0.01676043610422462,-0.7304170035653912,1.056401224630453,0.470738741569221,0.020998070016503334
4,waypoint_47,0.0,-0.01676043610422462,-0.7304170035653912,1.056401224630453,174.63408410549164,0.0
5,waypoint_47,0.0,-0.01676043610422462,-0.7304170035653912,1.056401224630453,0.6777668604627252,0.0023301802575588226
6,waypoint_47,0.0,-0.01676043610422462,-0.7304170035653912,1.056401224630453,1.2001139111816883,0.008055784739553928
7,waypoint_47,0.0,-0.01676043610422462,-0.7304170035653912,1.056401224630453,409.7893536090851,0.0
8,waypoint_47,0.0,-0.01676043610422462,-0.7304170035653912,1.056401224630453,294.0508723258972,0.0
9,waypoint_47,0.0,-0.01676043610422462,-0.7304170035653912,1.056401224630453,290.5319333076477,0.0
10,waypoint_47,0.0,-0.01676043610422462,-0.7304170035653912,1.056401224630453,285.7057750225067,0.0
11,waypoint_47,0.0,-0.01676043610422462,-0.7304170035653912,1.056401224630453,366.1482036113739,0.0
12,waypoint_47,0.0,-0.01676043610422462,-0.7304170035653912,1.056401224630453,353.70227694511414,0.0
13,waypoint_47,0.0,-0.01676043610422462,-0.7304170035653912,1.056401224630453,418.64630579948425,0.0
14,waypoint_47,0.0,-0.01676043610422462,-0.7304170035653912,1.056401224630453,636.591911315918,0.0
0,waypoint_47,15.0,-0.01676043610422462,-0.7304170035653912,1.056401224630453,6.444398779422045,0.0
1,waypoint_47,15.0,-0.01676043610422462,-0.7304170035653912,1.056401224630453,6.3786618411540985,0.0
2,waypoint_47,15.0,-0.01676043610422462,-0.7304170035653912,1.056401224630453,6.493100896477699,0.0
3,waypoint_47,15.0,-0.01676043610422462,-0.7304170035653912,1.056401224630453,7.421394344419241,0.0
4,waypoint_47,15.0,-0.01676043610422462,-0.7304170035653912,1.056401224630453,164.82290625572205,0.0
5,waypoint_47,15.0,-0.01676043610422462,-0.7304170035653912,1.056401224630453,3.3492345828562975,0.0
6,waypoint_47,15.0,-0.01676043610422462,-0.7304170035653912,1.056401224630453,16.13595336675644,0.0
7,waypoint_47,15.0,-0.01676043610422462,-0.7304170035653912,1.056401224630453,405.58820962905884,0.0
8,waypoint_47,15.0,-0.01676043610422462,-0.7304170035653912,1.056401224630453,290.21432995796204,0.0
9,waypoint_47,15.0,-0.01676043610422462,-0.7304170035653912,1.056401224630453,288.7416183948517,0.0
10,waypoint_47,15.0,-0.01676043610422462,-0.7304170035653912,1.056401224630453,282.3077142238617,0.0
11,waypoint_47,15.0,-0.01676043610422462,-0.7304170035653912,1.056401224630453,362.0193600654602,0.0
12,waypoint_47,15.0,-0.01676043610422462,-0.7304170035653912,1.056401224630453,348.9120304584503,0.0
13,waypoint_47,15.0,-0.01676043610422462,-0.7304170035653912,1.056401224630453,416.2258207798004,0.0
14,waypoint_47,15.0,-0.01676043610422462,-0.7304170035653912,1.056401224630453,629.5304298400879,0.0
0,waypoint_47,30.0,-0.01676043610422462,-0.7304170035653912,1.056401224630453,145.55427432060242,0.0
1,waypoint_47,30.0,-0.01676043610422462,-0.7304170035653912,1.056401224630453,0.2449175517540425,0.015878908336162567
2,waypoint_47,30.0,-0.01676043610422462,-0.7304170035653912,1.056401224630453,0.29012750019319355,0.02350573241710663
3,waypoint_47,30.0,-0.01676043610422462,-0.7304170035653912,1.056401224630453,0.3357100358698517,0.019233645871281624
4,waypoint_47,30.0,-0.01676043610422462,-0.7304170035653912,1.056401224630453,96.04176133871078,0.0
5,waypoint_47,30.0,-0.01676043610422462,-0.7304170035653912,1.056401224630453,1.223933883011341,0.0030452993232756853
6,waypoint_47,30.0,-0.01676043610422462,-0.7304170035653912,1.056401224630453,0.5961006390862167,0.006298806983977556
7,waypoint_47,30.0,-0.01676043610422462,-0.7304170035653912,1.056401224630453,375.81726908683777,0.0
8,waypoint_47,30.0,-0.01676043610422462,-0.7304170035653912,1.056401224630453,258.82118940353394,0.0
9,waypoint_47,30.0,-0.01676043610422462,-0.7304170035653912,1.056401224630453,260.37073135375977,0.0
10,waypoint_47,30.0,-0.01676043610422462,-0.7304170035653912,1.056401224630453,242.3427551984787,0.0
11,waypoint_47,30.0,-0.01676043610422462,-0.7304170035653912,1.056401224630453,317.8292214870453,0.0
12,waypoint_47,30.0,-0.01676043610422462,-0.7304170035653912,1.056401224630453,331.74341917037964,0.0
13,waypoint_47,30.0,-0.01676043610422462,-0.7304170035653912,1.056401224630453,405.3857624530792,0.0
14,waypoint_47,30.0,-0.01676043610422462,-0.7304170035653912,1.056401224630453,588.46515417099,0.0
0,waypoint_48,30.0,0.003239563895775177,-0.7304170035653912,1.056401224630453,229.90715503692627,0.0
1,waypoint_48,30.0,0.003239563895775177,-0.7304170035653912,1.056401224630453,0.9650281863287091,0.006908460520207882
2,waypoint_48,30.0,0.003239563895775177,-0.7304170035653912,1.056401224630453,0.7758159772492945,0.023452652618288994
3,waypoint_48,30.0,0.003239563895775177,-0.7304170035653912,1.056401224630453,0.8371322765015066,0.020540311932563782
4,waypoint_48,30.0,0.003239563895775177,-0.7304170035653912,1.056401224630453,79.27434146404266,0.0
5,waypoint_48,30.0,0.003239563895775177,-0.7304170035653912,1.056401224630453,1.316022127866745,0.004718327429145575
6,waypoint_48,30.0,0.003239563895775177,-0.7304170035653912,1.056401224630453,1.1066512670367956,0.004667924717068672
7,waypoint_48,30.0,0.003239563895775177,-0.7304170035653912,1.056401224630453,384.0658664703369,0.0
8,waypoint_48,30.0,0.003239563895775177,-0.7304170035653912,1.056401224630453,266.6483223438263,0.0
9,waypoint_48,30.0,0.003239563895775177,-0.7304170035653912,1.056401224630453,264.9131417274475,0.0
10,waypoint_48,30.0,0.003239563895775177,-0.7304170035653912,1.056401224630453,240.18526077270508,0.0
11,waypoint_48,30.0,0.003239563895775177,-0.7304170035653912,1.056401224630453,305.27618527412415,0.0
12,waypoint_48,30.0,0.003239563895775177,-0.7304170035653912,1.056401224630453,322.0195174217224,0.0
13,waypoint_48,30.0,0.003239563895775177,-0.7304170035653912,1.056401224630453,395.51615715026855,0.0
14,waypoint_48,30.0,0.003239563895775177,-0.7304170035653912,1.056401224630453,569.581925868988,0.0
0,waypoint_48,15.0,0.003239563895775177,-0.7304170035653912,1.056401224630453,261.4469826221466,0.0
1,waypoint_48,15.0,0.003239563895775177,-0.7304170035653912,1.056401224630453,32.94648975133896,0.0
2,waypoint_48,15.0,0.003239563895775177,-0.7304170035653912,1.056401224630453,7.111711893230677,0.0
3,waypoint_48,15.0,0.003239563895775177,-0.7304170035653912,1.056401224630453,6.914273835718632,0.0
4,waypoint_48,15.0,0.003239563895775177,-0.7304170035653912,1.056401224630453,86.23126894235611,0.0
5,waypoint_48,15.0,0.003239563895775177,-0.7304170035653912,1.056401224630453,7.022428326308727,0.0
6,waypoint_48,15.0,0.003239563895775177,-0.7304170035653912,1.056401224630453,13.511423021554947,0.0
7,waypoint_48,15.0,0.003239563895775177,-0.7304170035653912,1.056401224630453,388.3395195007324,0.0
8,waypoint_48,15.0,0.003239563895775177,-0.7304170035653912,1.056401224630453,271.9438076019287,0.0
9,waypoint_48,15.0,0.003239563895775177,-0.7304170035653912,1.056401224630453,269.1097855567932,0.0
10,waypoint_48,15.0,0.003239563895775177,-0.7304170035653912,1.056401224630453,246.80308997631073,0.0
11,waypoint_48,15.0,0.003239563895775177,-0.7304170035653912,1.056401224630453,314.96769189834595,0.0
12,waypoint_48,15.0,0.003239563895775177,-0.7304170035653912,1.056401224630453,323.0721652507782,0.0
13,waypoint_48,15.0,0.003239563895775177,-0.7304170035653912,1.056401224630453,396.8143165111542,0.0
14,waypoint_48,15.0,0.003239563895775177,-0.7304170035653912,1.056401224630453,575.6925344467163,0.0
0,waypoint_48,0.0,0.003239563895775177,-0.7304170035653912,1.056401224630453,271.3235914707184,0.0
1,waypoint_48,0.0,0.003239563895775177,-0.7304170035653912,1.056401224630453,0.6675244076177478,0.032086826860904694
2,waypoint_48,0.0,0.003239563895775177,-0.7304170035653912,1.056401224630453,0.1874869194580242,0.030050549656152725
3,waypoint_48,0.0,0.003239563895775177,-0.7304170035653912,1.056401224630453,0.2465091529302299,0.022704556584358215
4,waypoint_48,0.0,0.003239563895775177,-0.7304170035653912,1.056401224630453,160.55886447429657,0.0
5,waypoint_48,0.0,0.003239563895775177,-0.7304170035653912,1.056401224630453,1.385049894452095,0.00433288374915719
6,waypoint_48,0.0,0.003239563895775177,-0.7304170035653912,1.056401224630453,1.4514786889776587,0.005864214617758989
7,waypoint_48,0.0,0.003239563895775177,-0.7304170035653912,1.056401224630453,414.95051980018616,0.0
8,waypoint_48,0.0,0.003239563895775177,-0.7304170035653912,1.056401224630453,297.21152782440186,0.0
9,waypoint_48,0.0,0.003239563895775177,-0.7304170035653912,1.056401224630453,290.83287715911865,0.0
10,waypoint_48,0.0,0.003239563895775177,-0.7304170035653912,1.056401224630453,282.2079062461853,0.0
11,waypoint_48,0.0,0.003239563895775177,-0.7304170035653912,1.056401224630453,358.5873246192932,0.0
12,waypoint_48,0.0,0.003239563895775177,-0.7304170035653912,1.056401224630453,338.7714624404907,0.0
13,waypoint_48,0.0,0.003239563895775177,-0.7304170035653912,1.056401224630453,402.8805196285248,0.0
14,waypoint_48,0.0,0.003239563895775177,-0.7304170035653912,1.056401224630453,602.2756099700928,0.0
0,waypoint_48,-15.0,0.003239563895775177,-0.7304170035653912,1.056401224630453,279.7832787036896,0.0
1,waypoint_48,-15.0,0.003239563895775177,-0.7304170035653912,1.056401224630453,6.184564903378487,0.0
2,waypoint_48,-15.0,0.003239563895775177,-0.7304170035653912,1.056401224630453,6.326488219201565,0.0
3,waypoint_48,-15.0,0.003239563895775177,-0.7304170035653912,1.056401224630453,7.248273119330406,0.0
4,waypoint_48,-15.0,0.003239563895775177,-0.7304170035653912,1.056401224630453,171.07605934143066,0.0
5,waypoint_48,-15.0,0.003239563895775177,-0.7304170035653912,1.056401224630453,10.565013624727726,0.0
6,waypoint_48,-15.0,0.003239563895775177,-0.7304170035653912,1.056401224630453,15.569351613521576,0.0
7,waypoint_48,-15.0,0.003239563895775177,-0.7304170035653912,1.056401224630453,418.7367856502533,0.0
8,waypoint_48,-15.0,0.003239563895775177,-0.7304170035653912,1.056401224630453,300.4320561885834,0.0
9,waypoint_48,-15.0,0.003239563895775177,-0.7304170035653912,1.056401224630453,293.2838499546051,0.0
10,waypoint_48,-15.0,0.003239563895775177,-0.7304170035653912,1.056401224630453,286.98503971099854,0.0
11,waypoint_48,-15.0,0.003239563895775177,-0.7304170035653912,1.056401224630453,365.28968811035156,0.0
12,waypoint_48,-15.0,0.003239563895775177,-0.7304170035653912,1.056401224630453,342.0500159263611,0.0
13,waypoint_48,-15.0,0.003239563895775177,-0.7304170035653912,1.056401224630453,399.865984916687,0.0
14,waypoint_48,-15.0,0.003239563895775177,-0.7304170035653912,1.056401224630453,609.7039580345154,0.0
0,waypoint_48,-30.0,0.003239563895775177,-0.7304170035653912,1.056401224630453,122.44469672441483,0.0
1,waypoint_48,-30.0,0.003239563895775177,-0.7304170035653912,1.056401224630453,0.5362764932215214,0.038951847702264786
2,waypoint_48,-30.0,0.003239563895775177,-0.7304170035653912,1.056401224630453,0.5853589391335845,0.031627967953681946
3,waypoint_48,-30.0,0.003239563895775177,-0.7304170035653912,1.056401224630453,0.5880726384930313,0.022383321076631546
4,waypoint_48,-30.0,0.003239563895775177,-0.7304170035653912,1.056401224630453,240.14458060264587,0.0
5,waypoint_48,-30.0,0.003239563895775177,-0.7304170035653912,1.056401224630453,1.1743729701265693,0.005303678568452597
6,waypoint_48,-30.0,0.003239563895775177,-0.7304170035653912,1.056401224630453,1.2474366230890155,0.004661672282963991
7,waypoint_48,-30.0,0.003239563895775177,-0.7304170035653912,1.056401224630453,456.8122923374176,0.0
8,waypoint_48,-30.0,0.003239563895775177,-0.7304170035653912,1.056401224630453,306.6037893295288,0.0
9,waypoint_48,-30.0,0.003239563895775177,-0.7304170035653912,1.056401224630453,302.86917090415955,0.0
10,waypoint_48,-30.0,0.003239563895775177,-0.7304170035653912,1.056401224630453,309.51637029647827,0.0
11,waypoint_48,-30.0,0.003239563895775177,-0.7304170035653912,1.056401224630453,392.0835852622986,0.0
12,waypoint_48,-30.0,0.003239563895775177,-0.7304170035653912,1.056401224630453,356.90686106681824,0.0
13,waypoint_48,-30.0,0.003239563895775177,-0.7304170035653912,1.056401224630453,400.73052048683167,0.0
14,waypoint_48,-30.0,0.003239563895775177,-0.7304170035653912,1.056401224630453,646.5296149253845,0.0
0,waypoint_49,-30.0,0.023239563895775417,-0.7304170035653912,1.056401224630453,86.64760738611221,0.0
1,waypoint_49,-30.0,0.023239563895775417,-0.7304170035653912,1.056401224630453,1.14340428262949,0.03979300335049629
2,waypoint_49,-30.0,0.023239563895775417,-0.7304170035653912,1.056401224630453,1.1011057067662477,0.03347254917025566
3,waypoint_49,-30.0,0.023239563895775417,-0.7304170035653912,1.056401224630453,1.0996867204084992,0.024299772456288338
4,waypoint_49,-30.0,0.023239563895775417,-0.7304170035653912,1.056401224630453,229.9889624118805,0.0
5,waypoint_49,-30.0,0.023239563895775417,-0.7304170035653912,1.056401224630453,1.1455599451437593,0.0070727188140153885
6,waypoint_49,-30.0,0.023239563895775417,-0.7304170035653912,1.056401224630453,1.1548249749466777,0.0026324097998440266
7,waypoint_49,-30.0,0.023239563895775417,-0.7304170035653912,1.056401224630453,478.25300693511963,0.0
8,waypoint_49,-30.0,0.023239563895775417,-0.7304170035653912,1.056401224630453,308.6532652378082,0.0
9,waypoint_49,-30.0,0.023239563895775417,-0.7304170035653912,1.056401224630453,304.97869849205017,0.0
10,waypoint_49,-30.0,0.023239563895775417,-0.7304170035653912,1.056401224630453,310.5522394180298,0.0
11,waypoint_49,-30.0,0.023239563895775417,-0.7304170035653912,1.056401224630453,394.9218690395355,0.0
12,waypoint_49,-30.0,0.023239563895775417,-0.7304170035653912,1.056401224630453,347.4770486354828,0.0
13,waypoint_49,-30.0,0.023239563895775417,-0.7304170035653912,1.056401224630453,388.54897022247314,0.0
14,waypoint_49,-30.0,0.023239563895775417,-0.7304170035653912,1.056401224630453,634.0104341506958,0.0
0,waypoint_49,-15.0,0.023239563895775417,-0.7304170035653912,1.056401224630453,69.79107856750488,0.0
1,waypoint_49,-15.0,0.023239563895775417,-0.7304170035653912,1.056401224630453,4.378453828394413,0.0
2,waypoint_49,-15.0,0.023239563895775417,-0.7304170035653912,1.056401224630453,4.640820436179638,0.0
3,waypoint_49,-15.0,0.023239563895775417,-0.7304170035653912,1.056401224630453,5.604774225503206,0.0
4,waypoint_49,-15.0,0.023239563895775417,-0.7304170035653912,1.056401224630453,221.26300632953644,0.0
5,waypoint_49,-15.0,0.023239563895775417,-0.7304170035653912,1.056401224630453,10.68868488073349,0.0
6,waypoint_49,-15.0,0.023239563895775417,-0.7304170035653912,1.056401224630453,17.056841403245926,0.0
7,waypoint_49,-15.0,0.023239563895775417,-0.7304170035653912,1.056401224630453,476.2055277824402,0.0
8,waypoint_49,-15.0,0.023239563895775417,-0.7304170035653912,1.056401224630453,309.3717098236084,0.0
9,waypoint_49,-15.0,0.023239563895775417,-0.7304170035653912,1.056401224630453,304.64276671409607,0.0
10,waypoint_49,-15.0,0.023239563895775417,-0.7304170035653912,1.056401224630453,309.6958100795746,0.0
11,waypoint_49,-15.0,0.023239563895775417,-0.7304170035653912,1.056401224630453,392.259806394577,0.0
12,waypoint_49,-15.0,0.023239563895775417,-0.7304170035653912,1.056401224630453,344.09788250923157,0.0
13,waypoint_49,-15.0,0.023239563895775417,-0.7304170035653912,1.056401224630453,386.3699436187744,0.0
14,waypoint_49,-15.0,0.023239563895775417,-0.7304170035653912,1.056401224630453,633.4162354469299,0.0
0,waypoint_49,0.0,0.023239563895775417,-0.7304170035653912,1.056401224630453,59.24694612622261,0.0
1,waypoint_49,0.0,0.023239563895775417,-0.7304170035653912,1.056401224630453,0.37880477611906826,0.030842265114188194
2,waypoint_49,0.0,0.023239563895775417,-0.7304170035653912,1.056401224630453,0.43316822848282754,0.03108721226453781
3,waypoint_49,0.0,0.023239563895775417,-0.7304170035653912,1.056401224630453,0.4670405760407448,0.024361731484532356
4,waypoint_49,0.0,0.023239563895775417,-0.7304170035653912,1.056401224630453,148.4021693468094,0.0
5,waypoint_49,0.0,0.023239563895775417,-0.7304170035653912,1.056401224630453,0.5217075813561678,0.0062797097489237785
6,waypoint_49,0.0,0.023239563895775417,-0.7304170035653912,1.056401224630453,1.0744278552010655,0.003858541138470173
7,waypoint_49,0.0,0.023239563895775417,-0.7304170035653912,1.056401224630453,460.7769250869751,0.0
8,waypoint_49,0.0,0.023239563895775417,-0.7304170035653912,1.056401224630453,298.5920310020447,0.0
9,waypoint_49,0.0,0.023239563895775417,-0.7304170035653912,1.056401224630453,297.49593138694763,0.0
10,waypoint_49,0.0,0.023239563895775417,-0.7304170035653912,1.056401224630453,287.4596118927002,0.0
11,waypoint_49,0.0,0.023239563895775417,-0.7304170035653912,1.056401224630453,355.18932342529297,0.0
12,waypoint_49,0.0,0.023239563895775417,-0.7304170035653912,1.056401224630453,332.80348777770996,0.0
13,waypoint_49,0.0,0.023239563895775417,-0.7304170035653912,1.056401224630453,381.740927696228,0.0
14,waypoint_49,0.0,0.023239563895775417,-0.7304170035653912,1.056401224630453,601.3653874397278,0.0
0,waypoint_49,15.0,0.023239563895775417,-0.7304170035653912,1.056401224630453,34.15535390377045,0.0
1,waypoint_49,15.0,0.023239563895775417,-0.7304170035653912,1.056401224630453,6.515479646623135,0.0
2,waypoint_49,15.0,0.023239563895775417,-0.7304170035653912,1.056401224630453,6.369469221681356,0.0
3,waypoint_49,15.0,0.023239563895775417,-0.7304170035653912,1.056401224630453,6.926246453076601,0.0
4,waypoint_49,15.0,0.023239563895775417,-0.7304170035653912,1.056401224630453,137.6083642244339,0.0
5,waypoint_49,15.0,0.023239563895775417,-0.7304170035653912,1.056401224630453,10.265386663377285,0.0
6,waypoint_49,15.0,0.023239563895775417,-0.7304170035653912,1.056401224630453,16.109541058540344,0.0
7,waypoint_49,15.0,0.023239563895775417,-0.7304170035653912,1.056401224630453,456.7389488220215,0.0
8,waypoint_49,15.0,0.023239563895775417,-0.7304170035653912,1.056401224630453,294.78538036346436,0.0
9,waypoint_49,15.0,0.023239563895775417,-0.7304170035653912,1.056401224630453,295.0834631919861,0.0
10,waypoint_49,15.0,0.023239563895775417,-0.7304170035653912,1.056401224630453,282.3488712310791,0.0
11,waypoint_49,15.0,0.023239563895775417,-0.7304170035653912,1.056401224630453,346.36569023132324,0.0
12,waypoint_49,15.0,0.023239563895775417,-0.7304170035653912,1.056401224630453,328.11373472213745,0.0
13,waypoint_49,15.0,0.023239563895775417,-0.7304170035653912,1.056401224630453,382.11920857429504,0.0
14,waypoint_49,15.0,0.023239563895775417,-0.7304170035653912,1.056401224630453,595.3443646430969,0.0
0,waypoint_49,30.0,0.023239563895775417,-0.7304170035653912,1.056401224630453,304.8284947872162,0.0
1,waypoint_49,30.0,0.023239563895775417,-0.7304170035653912,1.056401224630453,7.935309782624245,0.0
2,waypoint_49,30.0,0.023239563895775417,-0.7304170035653912,1.056401224630453,0.26938304654322565,0.02286451868712902
3,waypoint_49,30.0,0.023239563895775417,-0.7304170035653912,1.056401224630453,0.31861558090895414,0.02158871293067932
4,waypoint_49,30.0,0.023239563895775417,-0.7304170035653912,1.056401224630453,64.73107635974884,0.0
5,waypoint_49,30.0,0.023239563895775417,-0.7304170035653912,1.056401224630453,0.7538247155025601,0.006321513559669256
6,waypoint_49,30.0,0.023239563895775417,-0.7304170035653912,1.056401224630453,0.8871693280525506,0.0032424619421362877
7,waypoint_49,30.0,0.023239563895775417,-0.7304170035653912,1.056401224630453,426.8559515476227,0.0
8,waypoint_49,30.0,0.023239563895775417,-0.7304170035653912,1.056401224630453,264.77518677711487,0.0
9,waypoint_49,30.0,0.023239563895775417,-0.7304170035653912,1.056401224630453,269.3687081336975,0.0
10,waypoint_49,30.0,0.023239563895775417,-0.7304170035653912,1.056401224630453,244.09303069114685,0.0
11,waypoint_49,30.0,0.023239563895775417,-0.7304170035653912,1.056401224630453,301.78603529930115,0.0
12,waypoint_49,30.0,0.023239563895775417,-0.7304170035653912,1.056401224630453,306.87013268470764,0.0
13,waypoint_49,30.0,0.023239563895775417,-0.7304170035653912,1.056401224630453,381.02829456329346,0.0
14,waypoint_49,30.0,0.023239563895775417,-0.7304170035653912,1.056401224630453,559.2700839042664,0.0
0,waypoint_50,30.0,0.04323956389577521,-0.7304170035653912,1.056401224630453,320.30317187309265,0.0
1,waypoint_50,30.0,0.04323956389577521,-0.7304170035653912,1.056401224630453,238.0715310573578,0.0
2,waypoint_50,30.0,0.04323956389577521,-0.7304170035653912,1.056401224630453,0.011504159374453593,0.021536897867918015
3,waypoint_50,30.0,0.04323956389577521,-0.7304170035653912,1.056401224630453,0.00979621836449951,0.022470340132713318
4,waypoint_50,30.0,0.04323956389577521,-0.7304170035653912,1.056401224630453,54.198913276195526,0.0
5,waypoint_50,30.0,0.04323956389577521,-0.7304170035653912,1.056401224630453,0.010304538591299206,0.008050012402236462
6,waypoint_50,30.0,0.04323956389577521,-0.7304170035653912,1.056401224630453,111.01303994655609,0.0
7,waypoint_50,30.0,0.04323956389577521,-0.7304170035653912,1.056401224630453,432.545006275177,0.0
8,waypoint_50,30.0,0.04323956389577521,-0.7304170035653912,1.056401224630453,273.5048830509186,0.0
9,waypoint_50,30.0,0.04323956389577521,-0.7304170035653912,1.056401224630453,275.99605917930603,0.0
10,waypoint_50,30.0,0.04323956389577521,-0.7304170035653912,1.056401224630453,245.64345180988312,0.0
11,waypoint_50,30.0,0.04323956389577521,-0.7304170035653912,1.056401224630453,293.96700859069824,0.0
12,waypoint_50,30.0,0.04323956389577521,-0.7304170035653912,1.056401224630453,297.84485697746277,0.0
13,waypoint_50,30.0,0.04323956389577521,-0.7304170035653912,1.056401224630453,370.54523825645447,0.0
14,waypoint_50,30.0,0.04323956389577521,-0.7304170035653912,1.056401224630453,540.8707857131958,0.0
0,waypoint_50,15.0,0.04323956389577521,-0.7304170035653912,1.056401224630453,270.7160413265228,0.0
1,waypoint_50,15.0,0.04323956389577521,-0.7304170035653912,1.056401224630453,300.29359459877014,0.0
2,waypoint_50,15.0,0.04323956389577521,-0.7304170035653912,1.056401224630453,0.26432526647113264,0.027863752096891403
3,waypoint_50,15.0,0.04323956389577521,-0.7304170035653912,1.056401224630453,0.2613446267787367,0.02461123839020729
4,waypoint_50,15.0,0.04323956389577521,-0.7304170035653912,1.056401224630453,92.48682856559753,0.0
5,waypoint_50,15.0,0.04323956389577521,-0.7304170035653912,1.056401224630453,0.2268878452014178,0.00797477550804615
6,waypoint_50,15.0,0.04323956389577521,-0.7304170035653912,1.056401224630453,1.0734186507761478,0.0019764702301472425
7,waypoint_50,15.0,0.04323956389577521,-0.7304170035653912,1.056401224630453,437.1320605278015,0.0
8,waypoint_50,15.0,0.04323956389577521,-0.7304170035653912,1.056401224630453,288.6268198490143,0.0
9,waypoint_50,15.0,0.04323956389577521,-0.7304170035653912,1.056401224630453,287.9940867424011,0.0
10,waypoint_50,15.0,0.04323956389577521,-0.7304170035653912,1.056401224630453,270.9880471229553,0.0
11,waypoint_50,15.0,0.04323956389577521,-0.7304170035653912,1.056401224630453,317.5380527973175,0.0
12,waypoint_50,15.0,0.04323956389577521,-0.7304170035653912,1.056401224630453,308.42065811157227,0.0
13,waypoint_50,15.0,0.04323956389577521,-0.7304170035653912,1.056401224630453,378.84828448295593,0.0
14,waypoint_50,15.0,0.04323956389577521,-0.7304170035653912,1.056401224630453,555.4506182670593,0.0
0,waypoint_50,0.0,0.04323956389577521,-0.7304170035653912,1.056401224630453,228.63559424877167,0.0
1,waypoint_50,0.0,0.04323956389577521,-0.7304170035653912,1.056401224630453,260.03003120422363,0.0
2,waypoint_50,0.0,0.04323956389577521,-0.7304170035653912,1.056401224630453,7.0723360404372215,0.0
3,waypoint_50,0.0,0.04323956389577521,-0.7304170035653912,1.056401224630453,7.063235621899366,0.0
4,waypoint_50,0.0,0.04323956389577521,-0.7304170035653912,1.056401224630453,104.65309023857117,0.0
5,waypoint_50,0.0,0.04323956389577521,-0.7304170035653912,1.056401224630453,8.978680707514286,0.0
6,waypoint_50,0.0,0.04323956389577521,-0.7304170035653912,1.056401224630453,11.992555111646652,0.0
7,waypoint_50,0.0,0.04323956389577521,-0.7304170035653912,1.056401224630453,443.8711106777191,0.0
8,waypoint_50,0.0,0.04323956389577521,-0.7304170035653912,1.056401224630453,293.0573523044586,0.0
9,waypoint_50,0.0,0.04323956389577521,-0.7304170035653912,1.056401224630453,291.01401567459106,0.0
10,waypoint_50,0.0,0.04323956389577521,-0.7304170035653912,1.056401224630453,276.7016589641571,0.0
11,waypoint_50,0.0,0.04323956389577521,-0.7304170035653912,1.056401224630453,325.6484270095825,0.0
12,waypoint_50,0.0,0.04323956389577521,-0.7304170035653912,1.056401224630453,312.09796667099,0.0
13,waypoint_50,0.0,0.04323956389577521,-0.7304170035653912,1.056401224630453,378.30761075019836,0.0
14,waypoint_50,0.0,0.04323956389577521,-0.7304170035653912,1.056401224630453,562.4955296516418,0.0
0,waypoint_50,-15.0,0.04323956389577521,-0.7304170035653912,1.056401224630453,264.7842764854431,0.0
1,waypoint_50,-15.0,0.04323956389577521,-0.7304170035653912,1.056401224630453,6.330667529255152,0.0
2,waypoint_50,-15.0,0.04323956389577521,-0.7304170035653912,1.056401224630453,0.4236987151671201,0.03413896635174751
3,waypoint_50,-15.0,0.04323956389577521,-0.7304170035653912,1.056401224630453,0.49224146641790867,0.02642158977687359
4,waypoint_50,-15.0,0.04323956389577521,-0.7304170035653912,1.056401224630453,182.01479315757751,0.0
5,waypoint_50,-15.0,0.04323956389577521,-0.7304170035653912,1.056401224630453,0.9005203610286117,0.00854493584483862
6,waypoint_50,-15.0,0.04323956389577521,-0.7304170035653912,1.056401224630453,1.3335008407011628,0.0014024185948073864
7,waypoint_50,-15.0,0.04323956389577521,-0.7304170035653912,1.056401224630453,455.07699251174927,0.0
8,waypoint_50,-15.0,0.04323956389577521,-0.7304170035653912,1.056401224630453,310.1913630962372,0.0
9,waypoint_50,-15.0,0.04323956389577521,-0.7304170035653912,1.056401224630453,301.89093947410583,0.0
10,waypoint_50,-15.0,0.04323956389577521,-0.7304170035653912,1.056401224630453,307.0084750652313,0.0
11,waypoint_50,-15.0,0.04323956389577521,-0.7304170035653912,1.056401224630453,373.72782826423645,0.0
12,waypoint_50,-15.0,0.04323956389577521,-0.7304170035653912,1.056401224630453,324.88322257995605,0.0
13,waypoint_50,-15.0,0.04323956389577521,-0.7304170035653912,1.056401224630453,378.6163926124573,0.0
14,waypoint_50,-15.0,0.04323956389577521,-0.7304170035653912,1.056401224630453,599.3235111236572,0.0
0,waypoint_50,-30.0,0.04323956389577521,-0.7304170035653912,1.056401224630453,228.1600385904312,0.0
1,waypoint_50,-30.0,0.04323956389577521,-0.7304170035653912,1.056401224630453,6.4765834249556065,0.0
2,waypoint_50,-30.0,0.04323956389577521,-0.7304170035653912,1.056401224630453,5.313420668244362,0.0
3,waypoint_50,-30.0,0.04323956389577521,-0.7304170035653912,1.056401224630453,6.196611560881138,0.0
4,waypoint_50,-30.0,0.04323956389577521,-0.7304170035653912,1.056401224630453,192.0367032289505,0.0
5,waypoint_50,-30.0,0.04323956389577521,-0.7304170035653912,1.056401224630453,10.917142033576965,0.0
6,waypoint_50,-30.0,0.04323956389577521,-0.7304170035653912,1.056401224630453,12.82444503158331,0.0
7,waypoint_50,-30.0,0.04323956389577521,-0.7304170035653912,1.056401224630453,460.0203037261963,0.0
8,waypoint_50,-30.0,0.04323956389577521,-0.7304170035653912,1.056401224630453,310.1874887943268,0.0
9,waypoint_50,-30.0,0.04323956389577521,-0.7304170035653912,1.056401224630453,303.1297028064728,0.0
10,waypoint_50,-30.0,0.04323956389577521,-0.7304170035653912,1.056401224630453,309.7434341907501,0.0
11,waypoint_50,-30.0,0.04323956389577521,-0.7304170035653912,1.056401224630453,377.54708528518677,0.0
12,waypoint_50,-30.0,0.04323956389577521,-0.7304170035653912,1.056401224630453,327.05187797546387,0.0
13,waypoint_50,-30.0,0.04323956389577521,-0.7304170035653912,1.056401224630453,382.4438154697418,0.0
14,waypoint_50,-30.0,0.04323956389577521,-0.7304170035653912,1.056401224630453,599.3374586105347,0.0
0,waypoint_51,-30.0,-0.1367604361042239,-0.7050469241938334,1.043684508641266,0.7089488208293915,0.036257073283195496
1,waypoint_51,-30.0,-0.1367604361042239,-0.7050469241938334,1.043684508641266,0.9538950398564339,0.02688998356461525
2,waypoint_51,-30.0,-0.1367604361042239,-0.7050469241938334,1.043684508641266,1.4617607230320573,0.017946407198905945
3,waypoint_51,-30.0,-0.1367604361042239,-0.7050469241938334,1.043684508641266,0.6316541112028062,0.009876392781734467
4,waypoint_51,-30.0,-0.1367604361042239,-0.7050469241938334,1.043684508641266,349.32810068130493,0.0
5,waypoint_51,-30.0,-0.1367604361042239,-0.7050469241938334,1.043684508641266,0.3474633558653295,0.008565808646380901
6,waypoint_51,-30.0,-0.1367604361042239,-0.7050469241938334,1.043684508641266,0.709929910954088,0.020442621782422066
7,waypoint_51,-30.0,-0.1367604361042239,-0.7050469241938334,1.043684508641266,524.50031042099,0.0
8,waypoint_51,-30.0,-0.1367604361042239,-0.7050469241938334,1.043684508641266,324.53328371047974,0.0
9,waypoint_51,-30.0,-0.1367604361042239,-0.7050469241938334,1.043684508641266,317.3784017562866,0.0
10,waypoint_51,-30.0,-0.1367604361042239,-0.7050469241938334,1.043684508641266,382.24849104881287,0.0
11,waypoint_51,-30.0,-0.1367604361042239,-0.7050469241938334,1.043684508641266,487.9588186740875,0.0
12,waypoint_51,-30.0,-0.1367604361042239,-0.7050469241938334,1.043684508641266,436.8399679660797,0.0
13,waypoint_51,-30.0,-0.1367604361042239,-0.7050469241938334,1.043684508641266,487.9283308982849,0.0
14,waypoint_51,-30.0,-0.1367604361042239,-0.7050469241938334,1.043684508641266,761.6991996765137,0.0
0,waypoint_51,-15.0,-0.1367604361042239,-0.7050469241938334,1.043684508641266,4.132717382162809,0.0
1,waypoint_51,-15.0,-0.1367604361042239,-0.7050469241938334,1.043684508641266,4.50768182054162,0.0
2,waypoint_51,-15.0,-0.1367604361042239,-0.7050469241938334,1.043684508641266,5.5665019899606705,0.0
3,waypoint_51,-15.0,-0.1367604361042239,-0.7050469241938334,1.043684508641266,8.909821510314941,0.0
4,waypoint_51,-15.0,-0.1367604361042239,-0.7050469241938334,1.043684508641266,341.94836020469666,0.0
5,waypoint_51,-15.0,-0.1367604361042239,-0.7050469241938334,1.043684508641266,17.1784870326519,0.0
6,waypoint_51,-15.0,-0.1367604361042239,-0.7050469241938334,1.043684508641266,18.65440234541893,0.0
7,waypoint_51,-15.0,-0.1367604361042239,-0.7050469241938334,1.043684508641266,519.2301273345947,0.0
8,waypoint_51,-15.0,-0.1367604361042239,-0.7050469241938334,1.043684508641266,321.9653367996216,0.0
9,waypoint_51,-15.0,-0.1367604361042239,-0.7050469241938334,1.043684508641266,315.6978189945221,0.0
10,waypoint_51,-15.0,-0.1367604361042239,-0.7050469241938334,1.043684508641266,376.8647611141205,0.0
11,waypoint_51,-15.0,-0.1367604361042239,-0.7050469241938334,1.043684508641266,485.2910041809082,0.0
12,waypoint_51,-15.0,-0.1367604361042239,-0.7050469241938334,1.043684508641266,437.22790479660034,0.0
13,waypoint_51,-15.0,-0.1367604361042239,-0.7050469241938334,1.043684508641266,490.18555879592896,0.0
14,waypoint_51,-15.0,-0.1367604361042239,-0.7050469241938334,1.043684508641266,757.0307850837708,0.0
0,waypoint_51,0.0,-0.1367604361042239,-0.7050469241938334,1.043684508641266,0.4449801053851843,0.03434941917657852
1,waypoint_51,0.0,-0.1367604361042239,-0.7050469241938334,1.043684508641266,0.4945954424329102,0.027799073606729507
2,waypoint_51,0.0,-0.1367604361042239,-0.7050469241938334,1.043684508641266,0.5210558301769197,0.019293103367090225
3,waypoint_51,0.0,-0.1367604361042239,-0.7050469241938334,1.043684508641266,0.5350864958018064,0.01019568182528019
4,waypoint_51,0.0,-0.1367604361042239,-0.7050469241938334,1.043684508641266,282.8599214553833,0.0
5,waypoint_51,0.0,-0.1367604361042239,-0.7050469241938334,1.043684508641266,1.1761999921873212,0.010077438317239285
6,waypoint_51,0.0,-0.1367604361042239,-0.7050469241938334,1.043684508641266,1.0278701083734632,0.020502090454101562
7,waypoint_51,0.0,-0.1367604361042239,-0.7050469241938334,1.043684508641266,454.7467529773712,0.0
8,waypoint_51,0.0,-0.1367604361042239,-0.7050469241938334,1.043684508641266,285.036563873291,0.0
9,waypoint_51,0.0,-0.1367604361042239,-0.7050469241938334,1.043684508641266,298.4830439090729,0.0
10,waypoint_51,0.0,-0.1367604361042239,-0.7050469241938334,1.043684508641266,336.1191153526306,0.0
11,waypoint_51,0.0,-0.1367604361042239,-0.7050469241938334,1.043684508641266,443.926602602005,0.0
12,waypoint_51,0.0,-0.1367604361042239,-0.7050469241938334,1.043684508641266,421.4704632759094,0.0
13,waypoint_51,0.0,-0.1367604361042239,-0.7050469241938334,1.043684508641266,487.5432252883911,0.0
14,waypoint_51,0.0,-0.1367604361042239,-0.7050469241938334,1.043684508641266,732.4666976928711,0.0
0,waypoint_51,15.0,-0.1367604361042239,-0.7050469241938334,1.043684508641266,5.988426506519318,0.0
1,waypoint_51,15.0,-0.1367604361042239,-0.7050469241938334,1.043684508641266,6.2377192080020905,0.0
2,waypoint_51,15.0,-0.1367604361042239,-0.7050469241938334,1.043684508641266,7.429753430187702,0.0
3,waypoint_51,15.0,-0.1367604361042239,-0.7050469241938334,1.043684508641266,9.479114785790443,0.0
4,waypoint_51,15.0,-0.1367604361042239,-0.7050469241938334,1.043684508641266,274.509996175766,0.0
5,waypoint_51,15.0,-0.1367604361042239,-0.7050469241938334,1.043684508641266,16.466651111841202,0.0
6,waypoint_51,15.0,-0.1367604361042239,-0.7050469241938334,1.043684508641266,17.382023856043816,0.0
7,waypoint_51,15.0,-0.1367604361042239,-0.7050469241938334,1.043684508641266,446.76199555397034,0.0
8,waypoint_51,15.0,-0.1367604361042239,-0.7050469241938334,1.043684508641266,279.8232436180115,0.0
9,waypoint_51,15.0,-0.1367604361042239,-0.7050469241938334,1.043684508641266,296.6547906398773,0.0
10,waypoint_51,15.0,-0.1367604361042239,-0.7050469241938334,1.043684508641266,331.3492238521576,0.0
11,waypoint_51,15.0,-0.1367604361042239,-0.7050469241938334,1.043684508641266,436.1504018306732,0.0
12,waypoint_51,15.0,-0.1367604361042239,-0.7050469241938334,1.043684508641266,419.4164276123047,0.0
13,waypoint_51,15.0,-0.1367604361042239,-0.7050469241938334,1.043684508641266,485.84380745887756,0.0
14,waypoint_51,15.0,-0.1367604361042239,-0.7050469241938334,1.043684508641266,726.9434332847595,0.0
0,waypoint_51,30.0,-0.1367604361042239,-0.7050469241938334,1.043684508641266,0.2909934555646032,0.026867572218179703
1,waypoint_51,30.0,-0.1367604361042239,-0.7050469241938334,1.043684508641266,0.33301982330158353,0.025716597214341164
2,waypoint_51,30.0,-0.1367604361042239,-0.7050469241938334,1.043684508641266,0.34060931648127735,0.01897003874182701
3,waypoint_51,30.0,-0.1367604361042239,-0.7050469241938334,1.043684508641266,0.42850818135775626,0.010262740775942802
4,waypoint_51,30.0,-0.1367604361042239,-0.7050469241938334,1.043684508641266,219.54011917114258,0.0
5,waypoint_51,30.0,-0.1367604361042239,-0.7050469241938334,1.043684508641266,0.4322841123212129,0.00887071993201971
6,waypoint_51,30.0,-0.1367604361042239,-0.7050469241938334,1.043684508641266,0.3352240310050547,0.014841525815427303
7,waypoint_51,30.0,-0.1367604361042239,-0.7050469241938334,1.043684508641266,261.86317205429077,0.0
8,waypoint_51,30.0,-0.1367604361042239,-0.7050469241938334,1.043684508641266,215.02375602722168,0.0
9,waypoint_51,30.0,-0.1367604361042239,-0.7050469241938334,1.043684508641266,243.35767328739166,0.0
10,waypoint_51,30.0,-0.1367604361042239,-0.7050469241938334,1.043684508641266,286.643385887146,0.0
11,waypoint_51,30.0,-0.1367604361042239,-0.7050469241938334,1.043684508641266,387.77652382850647,0.0
12,waypoint_51,30.0,-0.1367604361042239,-0.7050469241938334,1.043684508641266,399.15668964385986,0.0
13,waypoint_51,30.0,-0.1367604361042239,-0.7050469241938334,1.043684508641266,466.0848379135132,0.0
14,waypoint_51,30.0,-0.1367604361042239,-0.7050469241938334,1.043684508641266,687.4971985816956,0.0
0,waypoint_52,30.0,-0.11676043610422432,-0.7050469241938334,1.043684508641266,0.7928094710223377,0.025409210473299026
1,waypoint_52,30.0,-0.11676043610422432,-0.7050469241938334,1.043684508641266,0.8152615046128631,0.02666025049984455
2,waypoint_52,30.0,-0.11676043610422432,-0.7050469241938334,1.043684508641266,0.8744000224396586,0.020617138594388962
3,waypoint_52,30.0,-0.11676043610422432,-0.7050469241938334,1.043684508641266,0.9471956291235983,0.012163190171122551
4,waypoint_52,30.0,-0.11676043610422432,-0.7050469241938334,1.043684508641266,198.2537806034088,0.0
5,waypoint_52,30.0,-0.11676043610422432,-0.7050469241938334,1.043684508641266,1.1571444338187575,0.00701862620189786
6,waypoint_52,30.0,-0.11676043610422432,-0.7050469241938334,1.043684508641266,1.1257969308644533,0.014050351455807686
7,waypoint_52,30.0,-0.11676043610422432,-0.7050469241938334,1.043684508641266,320.6218481063843,0.0
8,waypoint_52,30.0,-0.11676043610422432,-0.7050469241938334,1.043684508641266,209.90175008773804,0.0
9,waypoint_52,30.0,-0.11676043610422432,-0.7050469241938334,1.043684508641266,234.99611020088196,0.0
10,waypoint_52,30.0,-0.11676043610422432,-0.7050469241938334,1.043684508641266,274.7909426689148,0.0
11,waypoint_52,30.0,-0.11676043610422432,-0.7050469241938334,1.043684508641266,373.0534613132477,0.0
12,waypoint_52,30.0,-0.11676043610422432,-0.7050469241938334,1.043684508641266,383.5572302341461,0.0
13,waypoint_52,30.0,-0.11676043610422432,-0.7050469241938334,1.043684508641266,452.7125060558319,0.0
14,waypoint_52,30.0,-0.11676043610422432,-0.7050469241938334,1.043684508641266,666.7152643203735,0.0
0,waypoint_52,15.0,-0.11676043610422432,-0.7050469241938334,1.043684508641266,7.250122260302305,0.0
1,waypoint_52,15.0,-0.11676043610422432,-0.7050469241938334,1.043684508641266,6.580062676221132,0.0
2,waypoint_52,15.0,-0.11676043610422432,-0.7050469241938334,1.043684508641266,6.686557549983263,0.0
3,waypoint_52,15.0,-0.11676043610422432,-0.7050469241938334,1.043684508641266,7.324934005737305,0.0
4,waypoint_52,15.0,-0.11676043610422432,-0.7050469241938334,1.043684508641266,204.80865240097046,0.0
5,waypoint_52,15.0,-0.11676043610422432,-0.7050469241938334,1.043684508641266,13.204268179833889,0.0
6,waypoint_52,15.0,-0.11676043610422432,-0.7050469241938334,1.043684508641266,14.153390191495419,0.0
7,waypoint_52,15.0,-0.11676043610422432,-0.7050469241938334,1.043684508641266,327.33362913131714,0.0
8,waypoint_52,15.0,-0.11676043610422432,-0.7050469241938334,1.043684508641266,213.86133134365082,0.0
9,waypoint_52,15.0,-0.11676043610422432,-0.7050469241938334,1.043684508641266,242.7396923303604,0.0
10,waypoint_52,15.0,-0.11676043610422432,-0.7050469241938334,1.043684508641266,283.68574380874634,0.0
11,waypoint_52,15.0,-0.11676043610422432,-0.7050469241938334,1.043684508641266,379.5299232006073,0.0
12,waypoint_52,15.0,-0.11676043610422432,-0.7050469241938334,1.043684508641266,385.7037425041199,0.0
13,waypoint_52,15.0,-0.11676043610422432,-0.7050469241938334,1.043684508641266,453.2642662525177,0.0
14,waypoint_52,15.0,-0.11676043610422432,-0.7050469241938334,1.043684508641266,672.4575161933899,0.0
0,waypoint_52,0.0,-0.11676043610422432,-0.7050469241938334,1.043684508641266,0.25332497898489237,0.0350225605070591
1,waypoint_52,0.0,-0.11676043610422432,-0.7050469241938334,1.043684508641266,0.3723124391399324,0.029403528198599815
2,waypoint_52,0.0,-0.11676043610422432,-0.7050469241938334,1.043684508641266,0.3865215112455189,0.021089134737849236
3,waypoint_52,0.0,-0.11676043610422432,-0.7050469241938334,1.043684508641266,0.5059937248006463,0.012051809579133987
4,waypoint_52,0.0,-0.11676043610422432,-0.7050469241938334,1.043684508641266,263.2358968257904,0.0
5,waypoint_52,0.0,-0.11676043610422432,-0.7050469241938334,1.043684508641266,1.0216711089015007,0.007815531454980373
6,waypoint_52,0.0,-0.11676043610422432,-0.7050469241938334,1.043684508641266,0.8581257425248623,0.018413783982396126
7,waypoint_52,0.0,-0.11676043610422432,-0.7050469241938334,1.043684508641266,372.4151849746704,0.0
8,waypoint_52,0.0,-0.11676043610422432,-0.7050469241938334,1.043684508641266,246.72147631645203,0.0
9,waypoint_52,0.0,-0.11676043610422432,-0.7050469241938334,1.043684508641266,296.1575984954834,0.0
10,waypoint_52,0.0,-0.11676043610422432,-0.7050469241938334,1.043684508641266,325.0513970851898,0.0
11,waypoint_52,0.0,-0.11676043610422432,-0.7050469241938334,1.043684508641266,426.9546866416931,0.0
12,waypoint_52,0.0,-0.11676043610422432,-0.7050469241938334,1.043684508641266,404.1057229042053,0.0
13,waypoint_52,0.0,-0.11676043610422432,-0.7050469241938334,1.043684508641266,464.5653963088989,0.0
14,waypoint_52,0.0,-0.11676043610422432,-0.7050469241938334,1.043684508641266,705.1644325256348,0.0
0,waypoint_52,-15.0,-0.11676043610422432,-0.7050469241938334,1.043684508641266,5.849327892065048,0.0
1,waypoint_52,-15.0,-0.11676043610422432,-0.7050469241938334,1.043684508641266,6.1568766832351685,0.0
2,waypoint_52,-15.0,-0.11676043610422432,-0.7050469241938334,1.043684508641266,7.260575890541077,0.0
3,waypoint_52,-15.0,-0.11676043610422432,-0.7050469241938334,1.043684508641266,9.377297945320606,0.0
4,waypoint_52,-15.0,-0.11676043610422432,-0.7050469241938334,1.043684508641266,271.70172333717346,0.0
5,waypoint_52,-15.0,-0.11676043610422432,-0.7050469241938334,1.043684508641266,15.205363743007183,0.0
6,waypoint_52,-15.0,-0.11676043610422432,-0.7050469241938334,1.043684508641266,16.73809438943863,0.0
7,waypoint_52,-15.0,-0.11676043610422432,-0.7050469241938334,1.043684508641266,378.7117600440979,0.0
8,waypoint_52,-15.0,-0.11676043610422432,-0.7050469241938334,1.043684508641266,255.00354170799255,0.0
9,waypoint_52,-15.0,-0.11676043610422432,-0.7050469241938334,1.043684508641266,299.7504472732544,0.0
10,waypoint_52,-15.0,-0.11676043610422432,-0.7050469241938334,1.043684508641266,329.0030360221863,0.0
11,waypoint_52,-15.0,-0.11676043610422432,-0.7050469241938334,1.043684508641266,433.236300945282,0.0
12,waypoint_52,-15.0,-0.11676043610422432,-0.7050469241938334,1.043684508641266,409.30336713790894,0.0
13,waypoint_52,-15.0,-0.11676043610422432,-0.7050469241938334,1.043684508641266,467.3088788986206,0.0
14,waypoint_52,-15.0,-0.11676043610422432,-0.7050469241938334,1.043684508641266,708.5378170013428,0.0
0,waypoint_52,-30.0,-0.11676043610422432,-0.7050469241938334,1.043684508641266,0.5607287166640162,0.037938959896564484
1,waypoint_52,-30.0,-0.11676043610422432,-0.7050469241938334,1.043684508641266,0.5863577825948596,0.02880922704935074
2,waypoint_52,-30.0,-0.11676043610422432,-0.7050469241938334,1.043684508641266,0.5971185746602714,0.019631385803222656
3,waypoint_52,-30.0,-0.11676043610422432,-0.7050469241938334,1.043684508641266,0.590149371419102,0.011419055052101612
4,waypoint_52,-30.0,-0.11676043610422432,-0.7050469241938334,1.043684508641266,332.08563923835754,0.0
5,waypoint_52,-30.0,-0.11676043610422432,-0.7050469241938334,1.043684508641266,1.2889209901914,0.006332258693873882
6,waypoint_52,-30.0,-0.11676043610422432,-0.7050469241938334,1.043684508641266,1.2388932518661022,0.017972664907574654
7,waypoint_52,-30.0,-0.11676043610422432,-0.7050469241938334,1.043684508641266,418.89992356300354,0.0
8,waypoint_52,-30.0,-0.11676043610422432,-0.7050469241938334,1.043684508641266,333.3377540111542,0.0
9,waypoint_52,-30.0,-0.11676043610422432,-0.7050469241938334,1.043684508641266,318.98048520088196,0.0
10,waypoint_52,-30.0,-0.11676043610422432,-0.7050469241938334,1.043684508641266,366.54096841812134,0.0
11,waypoint_52,-30.0,-0.11676043610422432,-0.7050469241938334,1.043684508641266,456.0239613056183,0.0
12,waypoint_52,-30.0,-0.11676043610422432,-0.7050469241938334,1.043684508641266,417.43937134742737,0.0
13,waypoint_52,-30.0,-0.11676043610422432,-0.7050469241938334,1.043684508641266,468.0497646331787,0.0
14,waypoint_52,-30.0,-0.11676043610422432,-0.7050469241938334,1.043684508641266,747.443675994873,0.0
0,waypoint_53,-30.0,-0.09676043610422452,-0.7050469241938334,1.043684508641266,1.120189786888659,0.03948795422911644
1,waypoint_53,-30.0,-0.09676043610422452,-0.7050469241938334,1.043684508641266,1.1202374007552862,0.030865004286170006
2,waypoint_53,-30.0,-0.09676043610422452,-0.7050469241938334,1.043684508641266,1.1233316035941243,0.021511290222406387
3,waypoint_53,-30.0,-0.09676043610422452,-0.7050469241938334,1.043684508641266,1.1231169337406754,0.013045555911958218
4,waypoint_53,-30.0,-0.09676043610422452,-0.7050469241938334,1.043684508641266,315.5864179134369,0.0
5,waypoint_53,-30.0,-0.09676043610422452,-0.7050469241938334,1.043684508641266,1.1441733222454786,0.0041778613813221455
6,waypoint_53,-30.0,-0.09676043610422452,-0.7050469241938334,1.043684508641266,1.2560044415295124,0.015422978438436985
7,waypoint_53,-30.0,-0.09676043610422452,-0.7050469241938334,1.043684508641266,416.7448580265045,0.0
8,waypoint_53,-30.0,-0.09676043610422452,-0.7050469241938334,1.043684508641266,326.76300406455994,0.0
9,waypoint_53,-30.0,-0.09676043610422452,-0.7050469241938334,1.043684508641266,313.4201765060425,0.0
10,waypoint_53,-30.0,-0.09676043610422452,-0.7050469241938334,1.043684508641266,356.67943954467773,0.0
11,waypoint_53,-30.0,-0.09676043610422452,-0.7050469241938334,1.043684508641266,444.77397203445435,0.0
12,waypoint_53,-30.0,-0.09676043610422452,-0.7050469241938334,1.043684508641266,402.7561545372009,0.0
13,waypoint_53,-30.0,-0.09676043610422452,-0.7050469241938334,1.043684508641266,453.02125811576843,0.0
14,waypoint_53,-30.0,-0.09676043610422452,-0.7050469241938334,1.043684508641266,731.7155599594116,0.0
0,waypoint_53,-15.0,-0.09676043610422452,-0.7050469241938334,1.043684508641266,4.131509456783533,0.0
1,waypoint_53,-15.0,-0.09676043610422452,-0.7050469241938334,1.043684508641266,4.46262676268816,0.0
2,waypoint_53,-15.0,-0.09676043610422452,-0.7050469241938334,1.043684508641266,5.531301721930504,0.0
3,waypoint_53,-15.0,-0.09676043610422452,-0.7050469241938334,1.043684508641266,7.799843326210976,0.0
4,waypoint_53,-15.0,-0.09676043610422452,-0.7050469241938334,1.043684508641266,307.86725878715515,0.0
5,waypoint_53,-15.0,-0.09676043610422452,-0.7050469241938334,1.043684508641266,16.90906286239624,0.0
6,waypoint_53,-15.0,-0.09676043610422452,-0.7050469241938334,1.043684508641266,18.44104379415512,0.0
7,waypoint_53,-15.0,-0.09676043610422452,-0.7050469241938334,1.043684508641266,411.6101861000061,0.0
8,waypoint_53,-15.0,-0.09676043610422452,-0.7050469241938334,1.043684508641266,326.49844884872437,0.0
9,waypoint_53,-15.0,-0.09676043610422452,-0.7050469241938334,1.043684508641266,311.81877851486206,0.0
10,waypoint_53,-15.0,-0.09676043610422452,-0.7050469241938334,1.043684508641266,354.15735840797424,0.0
11,waypoint_53,-15.0,-0.09676043610422452,-0.7050469241938334,1.043684508641266,444.0954625606537,0.0
12,waypoint_53,-15.0,-0.09676043610422452,-0.7050469241938334,1.043684508641266,403.5937786102295,0.0
13,waypoint_53,-15.0,-0.09676043610422452,-0.7050469241938334,1.043684508641266,453.67148518562317,0.0
14,waypoint_53,-15.0,-0.09676043610422452,-0.7050469241938334,1.043684508641266,726.9008755683899,0.0
0,waypoint_53,0.0,-0.09676043610422452,-0.7050469241938334,1.043684508641266,0.42344562825746834,0.035304710268974304
1,waypoint_53,0.0,-0.09676043610422452,-0.7050469241938334,1.043684508641266,0.4731395747512579,0.03090398572385311
2,waypoint_53,0.0,-0.09676043610422452,-0.7050469241938334,1.043684508641266,0.5013139452785254,0.02285603992640972
3,waypoint_53,0.0,-0.09676043610422452,-0.7050469241938334,1.043684508641266,0.518080429174006,0.013868738897144794
4,waypoint_53,0.0,-0.09676043610422452,-0.7050469241938334,1.043684508641266,244.1268414258957,0.0
5,waypoint_53,0.0,-0.09676043610422452,-0.7050469241938334,1.043684508641266,1.2183894868940115,0.005757371429353952
6,waypoint_53,0.0,-0.09676043610422452,-0.7050469241938334,1.043684508641266,1.0193056659772992,0.01652527041733265
7,waypoint_53,0.0,-0.09676043610422452,-0.7050469241938334,1.043684508641266,368.48658323287964,0.0
8,waypoint_53,0.0,-0.09676043610422452,-0.7050469241938334,1.043684508641266,314.0140473842621,0.0
9,waypoint_53,0.0,-0.09676043610422452,-0.7050469241938334,1.043684508641266,302.79770493507385,0.0
10,waypoint_53,0.0,-0.09676043610422452,-0.7050469241938334,1.043684508641266,322.5232660770416,0.0
11,waypoint_53,0.0,-0.09676043610422452,-0.7050469241938334,1.043684508641266,415.4314994812012,0.0
12,waypoint_53,0.0,-0.09676043610422452,-0.7050469241938334,1.043684508641266,388.41110467910767,0.0
13,waypoint_53,0.0,-0.09676043610422452,-0.7050469241938334,1.043684508641266,445.02726197242737,0.0
14,waypoint_53,0.0,-0.09676043610422452,-0.7050469241938334,1.043684508641266,693.4244632720947,0.0
0,waypoint_53,15.0,-0.09676043610422452,-0.7050469241938334,1.043684508641266,6.058179307729006,0.0
1,waypoint_53,15.0,-0.09676043610422452,-0.7050469241938334,1.043684508641266,6.024366244673729,0.0
2,waypoint_53,15.0,-0.09676043610422452,-0.7050469241938334,1.043684508641266,6.8011414259672165,0.0
3,waypoint_53,15.0,-0.09676043610422452,-0.7050469241938334,1.043684508641266,8.565384894609451,0.0
4,waypoint_53,15.0,-0.09676043610422452,-0.7050469241938334,1.043684508641266,235.49674451351166,0.0
5,waypoint_53,15.0,-0.09676043610422452,-0.7050469241938334,1.043684508641266,16.123315319418907,0.0
6,waypoint_53,15.0,-0.09676043610422452,-0.7050469241938334,1.043684508641266,17.053360119462013,0.0
7,waypoint_53,15.0,-0.09676043610422452,-0.7050469241938334,1.043684508641266,361.3814115524292,0.0
8,waypoint_53,15.0,-0.09676043610422452,-0.7050469241938334,1.043684508641266,311.8049204349518,0.0
9,waypoint_53,15.0,-0.09676043610422452,-0.7050469241938334,1.043684508641266,301.42515897750854,0.0
10,waypoint_53,15.0,-0.09676043610422452,-0.7050469241938334,1.043684508641266,317.09569692611694,0.0
11,waypoint_53,15.0,-0.09676043610422452,-0.7050469241938334,1.043684508641266,408.6424708366394,0.0
12,waypoint_53,15.0,-0.09676043610422452,-0.7050469241938334,1.043684508641266,382.6407194137573,0.0
13,waypoint_53,15.0,-0.09676043610422452,-0.7050469241938334,1.043684508641266,441.80384278297424,0.0
14,waypoint_53,15.0,-0.09676043610422452,-0.7050469241938334,1.043684508641266,688.9094114303589,0.0
0,waypoint_53,30.0,-0.09676043610422452,-0.7050469241938334,1.043684508641266,0.25658559752628207,0.022945228964090347
1,waypoint_53,30.0,-0.09676043610422452,-0.7050469241938334,1.043684508641266,0.31986457179300487,0.027276447042822838
2,waypoint_53,30.0,-0.09676043610422452,-0.7050469241938334,1.043684508641266,0.34214495099149644,0.022043371573090553
3,waypoint_53,30.0,-0.09676043610422452,-0.7050469241938334,1.043684508641266,0.3769464965444058,0.013864372856914997
4,waypoint_53,30.0,-0.09676043610422452,-0.7050469241938334,1.043684508641266,177.2795468568802,0.0
5,waypoint_53,30.0,-0.09676043610422452,-0.7050469241938334,1.043684508641266,0.09235789184458554,0.005421929061412811
6,waypoint_53,30.0,-0.09676043610422452,-0.7050469241938334,1.043684508641266,0.3411689249332994,0.0131987314671278
7,waypoint_53,30.0,-0.09676043610422452,-0.7050469241938334,1.043684508641266,361.9963526725769,0.0
8,waypoint_53,30.0,-0.09676043610422452,-0.7050469241938334,1.043684508641266,275.87950229644775,0.0
9,waypoint_53,30.0,-0.09676043610422452,-0.7050469241938334,1.043684508641266,275.5853533744812,0.0
10,waypoint_53,30.0,-0.09676043610422452,-0.7050469241938334,1.043684508641266,273.5068202018738,0.0
11,waypoint_53,30.0,-0.09676043610422452,-0.7050469241938334,1.043684508641266,366.98028445243835,0.0
12,waypoint_53,30.0,-0.09676043610422452,-0.7050469241938334,1.043684508641266,361.38173937797546,0.0
13,waypoint_53,30.0,-0.09676043610422452,-0.7050469241938334,1.043684508641266,424.54975843429565,0.0
14,waypoint_53,30.0,-0.09676043610422452,-0.7050469241938334,1.043684508641266,652.3951292037964,0.0
0,waypoint_54,30.0,-0.076760436104224,-0.7050469241938334,1.043684508641266,0.8417791104875505,0.01836545765399933
1,waypoint_54,30.0,-0.076760436104224,-0.7050469241938334,1.043684508641266,0.7935165194794536,0.02760152891278267
2,waypoint_54,30.0,-0.076760436104224,-0.7050469241938334,1.043684508641266,0.8462115074507892,0.023484185338020325
3,waypoint_54,30.0,-0.076760436104224,-0.7050469241938334,1.043684508641266,0.9166616364382207,0.01569470576941967
4,waypoint_54,30.0,-0.076760436104224,-0.7050469241938334,1.043684508641266,156.58944845199585,0.0
5,waypoint_54,30.0,-0.076760436104224,-0.7050469241938334,1.043684508641266,1.0730456560850143,0.003555085277184844
6,waypoint_54,30.0,-0.076760436104224,-0.7050469241938334,1.043684508641266,1.1882067192345858,0.011781774461269379
7,waypoint_54,30.0,-0.076760436104224,-0.7050469241938334,1.043684508641266,358.73425006866455,0.0
8,waypoint_54,30.0,-0.076760436104224,-0.7050469241938334,1.043684508641266,272.08763360977173,0.0
9,waypoint_54,30.0,-0.076760436104224,-0.7050469241938334,1.043684508641266,274.9583423137665,0.0
10,waypoint_54,30.0,-0.076760436104224,-0.7050469241938334,1.043684508641266,266.9489085674286,0.0
11,waypoint_54,30.0,-0.076760436104224,-0.7050469241938334,1.043684508641266,350.4575490951538,0.0
12,waypoint_54,30.0,-0.076760436104224,-0.7050469241938334,1.043684508641266,347.45481610298157,0.0
13,waypoint_54,30.0,-0.076760436104224,-0.7050469241938334,1.043684508641266,409.16410088539124,0.0
14,waypoint_54,30.0,-0.076760436104224,-0.7050469241938334,1.043684508641266,631.938636302948,0.0
0,waypoint_54,15.0,-0.076760436104224,-0.7050469241938334,1.043684508641266,8.291486650705338,0.0
1,waypoint_54,15.0,-0.076760436104224,-0.7050469241938334,1.043684508641266,6.7390031181275845,0.0
2,waypoint_54,15.0,-0.076760436104224,-0.7050469241938334,1.043684508641266,6.565114948898554,0.0
3,waypoint_54,15.0,-0.076760436104224,-0.7050469241938334,1.043684508641266,7.038750685751438,0.0
4,waypoint_54,15.0,-0.076760436104224,-0.7050469241938334,1.043684508641266,163.41647505760193,0.0
5,waypoint_54,15.0,-0.076760436104224,-0.7050469241938334,1.043684508641266,12.924565002322197,0.0
6,waypoint_54,15.0,-0.076760436104224,-0.7050469241938334,1.043684508641266,13.61913699656725,0.0
7,waypoint_54,15.0,-0.076760436104224,-0.7050469241938334,1.043684508641266,365.46918749809265,0.0
8,waypoint_54,15.0,-0.076760436104224,-0.7050469241938334,1.043684508641266,275.6507694721222,0.0
9,waypoint_54,15.0,-0.076760436104224,-0.7050469241938334,1.043684508641266,278.9439857006073,0.0
10,waypoint_54,15.0,-0.076760436104224,-0.7050469241938334,1.043684508641266,273.54544401168823,0.0
11,waypoint_54,15.0,-0.076760436104224,-0.7050469241938334,1.043684508641266,358.5515320301056,0.0
12,waypoint_54,15.0,-0.076760436104224,-0.7050469241938334,1.043684508641266,349.56803917884827,0.0
13,waypoint_54,15.0,-0.076760436104224,-0.7050469241938334,1.043684508641266,412.5343859195709,0.0
14,waypoint_54,15.0,-0.076760436104224,-0.7050469241938334,1.043684508641266,635.9298825263977,0.0
0,waypoint_54,0.0,-0.076760436104224,-0.7050469241938334,1.043684508641266,0.5338743212632835,0.03509677201509476
1,waypoint_54,0.0,-0.076760436104224,-0.7050469241938334,1.043684508641266,0.23604804300703108,0.032268621027469635
2,waypoint_54,0.0,-0.076760436104224,-0.7050469241938334,1.043684508641266,0.25059032486751676,0.024607734754681587
3,waypoint_54,0.0,-0.076760436104224,-0.7050469241938334,1.043684508641266,0.3026817867066711,0.0156907606869936
4,waypoint_54,0.0,-0.076760436104224,-0.7050469241938334,1.043684508641266,225.5704253911972,0.0
5,waypoint_54,0.0,-0.076760436104224,-0.7050469241938334,1.043684508641266,1.4566881582140923,0.0035548594314604998
6,waypoint_54,0.0,-0.076760436104224,-0.7050469241938334,1.043684508641266,1.2882784940302372,0.014316942542791367
7,waypoint_54,0.0,-0.076760436104224,-0.7050469241938334,1.043684508641266,417.4617528915405,0.0
8,waypoint_54,0.0,-0.076760436104224,-0.7050469241938334,1.043684508641266,307.2734475135803,0.0
9,waypoint_54,0.0,-0.076760436104224,-0.7050469241938334,1.043684508641266,286.2423062324524,0.0
10,waypoint_54,0.0,-0.076760436104224,-0.7050469241938334,1.043684508641266,315.8979117870331,0.0
11,waypoint_54,0.0,-0.076760436104224,-0.7050469241938334,1.043684508641266,401.9755423069,0.0
12,waypoint_54,0.0,-0.076760436104224,-0.7050469241938334,1.043684508641266,370.110422372818,0.0
13,waypoint_54,0.0,-0.076760436104224,-0.7050469241938334,1.043684508641266,428.3636212348938,0.0
14,waypoint_54,0.0,-0.076760436104224,-0.7050469241938334,1.043684508641266,669.212818145752,0.0
0,waypoint_54,-15.0,-0.076760436104224,-0.7050469241938334,1.043684508641266,5.649733357131481,0.0
1,waypoint_54,-15.0,-0.076760436104224,-0.7050469241938334,1.043684508641266,5.953516345471144,0.0
2,waypoint_54,-15.0,-0.076760436104224,-0.7050469241938334,1.043684508641266,6.660285871475935,0.0
3,waypoint_54,-15.0,-0.076760436104224,-0.7050469241938334,1.043684508641266,8.38752556592226,0.0
4,waypoint_54,-15.0,-0.076760436104224,-0.7050469241938334,1.043684508641266,234.7048670053482,0.0
5,waypoint_54,-15.0,-0.076760436104224,-0.7050469241938334,1.043684508641266,15.641381964087486,0.0
6,waypoint_54,-15.0,-0.076760436104224,-0.7050469241938334,1.043684508641266,16.45071804523468,0.0
7,waypoint_54,-15.0,-0.076760436104224,-0.7050469241938334,1.043684508641266,424.3616759777069,0.0
8,waypoint_54,-15.0,-0.076760436104224,-0.7050469241938334,1.043684508641266,309.0561032295227,0.0
9,waypoint_54,-15.0,-0.076760436104224,-0.7050469241938334,1.043684508641266,288.2615625858307,0.0
10,waypoint_54,-15.0,-0.076760436104224,-0.7050469241938334,1.043684508641266,321.4797377586365,0.0
11,waypoint_54,-15.0,-0.076760436104224,-0.7050469241938334,1.043684508641266,410.04157066345215,0.0
12,waypoint_54,-15.0,-0.076760436104224,-0.7050469241938334,1.043684508641266,371.9903528690338,0.0
13,waypoint_54,-15.0,-0.076760436104224,-0.7050469241938334,1.043684508641266,430.72983622550964,0.0
14,waypoint_54,-15.0,-0.076760436104224,-0.7050469241938334,1.043684508641266,672.5585460662842,0.0
0,waypoint_54,-30.0,-0.076760436104224,-0.7050469241938334,1.043684508641266,0.5682361079379916,0.04065869748592377
1,waypoint_54,-30.0,-0.076760436104224,-0.7050469241938334,1.043684508641266,0.5804037791676819,0.0327153354883194
2,waypoint_54,-30.0,-0.076760436104224,-0.7050469241938334,1.043684508641266,0.599502818658948,0.023283252492547035
3,waypoint_54,-30.0,-0.076760436104224,-0.7050469241938334,1.043684508641266,0.5967360339127481,0.014573093503713608
4,waypoint_54,-30.0,-0.076760436104224,-0.7050469241938334,1.043684508641266,299.67647790908813,0.0
5,waypoint_54,-30.0,-0.076760436104224,-0.7050469241938334,1.043684508641266,1.3973452150821686,0.0023488053120672703
6,waypoint_54,-30.0,-0.076760436104224,-0.7050469241938334,1.043684508641266,1.273237052373588,0.013131942600011826
7,waypoint_54,-30.0,-0.076760436104224,-0.7050469241938334,1.043684508641266,466.59380197525024,0.0
8,waypoint_54,-30.0,-0.076760436104224,-0.7050469241938334,1.043684508641266,297.58426547050476,0.0
9,waypoint_54,-30.0,-0.076760436104224,-0.7050469241938334,1.043684508641266,284.2150032520294,0.0
10,waypoint_54,-30.0,-0.076760436104224,-0.7050469241938334,1.043684508641266,354.9239933490753,0.0
11,waypoint_54,-30.0,-0.076760436104224,-0.7050469241938334,1.043684508641266,439.61575627326965,0.0
12,waypoint_54,-30.0,-0.076760436104224,-0.7050469241938334,1.043684508641266,387.4707520008087,0.0
13,waypoint_54,-30.0,-0.076760436104224,-0.7050469241938334,1.043684508641266,438.2592737674713,0.0
14,waypoint_54,-30.0,-0.076760436104224,-0.7050469241938334,1.043684508641266,708.4179520606995,0.0
0,waypoint_55,-30.0,-0.05676043610422443,-0.7050469241938334,1.043684508641266,0.430703948950395,0.041553396731615067
1,waypoint_55,-30.0,-0.05676043610422443,-0.7050469241938334,1.043684508641266,0.4311581142246723,0.03462871164083481
2,waypoint_55,-30.0,-0.05676043610422443,-0.7050469241938334,1.043684508641266,0.4354826232884079,0.025210119783878326
3,waypoint_55,-30.0,-0.05676043610422443,-0.7050469241938334,1.043684508641266,0.4389038076624274,0.01622418314218521
4,waypoint_55,-30.0,-0.05676043610422443,-0.7050469241938334,1.043684508641266,284.56759452819824,0.0
5,waypoint_55,-30.0,-0.05676043610422443,-0.7050469241938334,1.043684508641266,1.3306085020303726,0.0009356154478155077
6,waypoint_55,-30.0,-0.05676043610422443,-0.7050469241938334,1.043684508641266,0.44709924259223044,0.010759723372757435
7,waypoint_55,-30.0,-0.05676043610422443,-0.7050469241938334,1.043684508641266,463.7027978897095,0.0
8,waypoint_55,-30.0,-0.05676043610422443,-0.7050469241938334,1.043684508641266,297.2607612609863,0.0
9,waypoint_55,-30.0,-0.05676043610422443,-0.7050469241938334,1.043684508641266,281.6331088542938,0.0
10,waypoint_55,-30.0,-0.05676043610422443,-0.7050469241938334,1.043684508641266,337.6801013946533,0.0
11,waypoint_55,-30.0,-0.05676043610422443,-0.7050469241938334,1.043684508641266,434.45056676864624,0.0
12,waypoint_55,-30.0,-0.05676043610422443,-0.7050469241938334,1.043684508641266,374.3043839931488,0.0
13,waypoint_55,-30.0,-0.05676043610422443,-0.7050469241938334,1.043684508641266,424.1063594818115,0.0
14,waypoint_55,-30.0,-0.05676043610422443,-0.7050469241938334,1.043684508641266,689.5342469215393,0.0
0,waypoint_55,-15.0,-0.05676043610422443,-0.7050469241938334,1.043684508641266,4.196445923298597,0.0
1,waypoint_55,-15.0,-0.05676043610422443,-0.7050469241938334,1.043684508641266,4.439523443579674,0.0
2,waypoint_55,-15.0,-0.05676043610422443,-0.7050469241938334,1.043684508641266,5.244440399110317,0.0
3,waypoint_55,-15.0,-0.05676043610422443,-0.7050469241938334,1.043684508641266,6.931222975254059,0.0
4,waypoint_55,-15.0,-0.05676043610422443,-0.7050469241938334,1.043684508641266,276.27652883529663,0.0
5,waypoint_55,-15.0,-0.05676043610422443,-0.7050469241938334,1.043684508641266,16.5052842348814,0.0
6,waypoint_55,-15.0,-0.05676043610422443,-0.7050469241938334,1.043684508641266,17.567049711942673,0.0
7,waypoint_55,-15.0,-0.05676043610422443,-0.7050469241938334,1.043684508641266,459.01432633399963,0.0
8,waypoint_55,-15.0,-0.05676043610422443,-0.7050469241938334,1.043684508641266,296.6131865978241,0.0
9,waypoint_55,-15.0,-0.05676043610422443,-0.7050469241938334,1.043684508641266,282.6823890209198,0.0
10,waypoint_55,-15.0,-0.05676043610422443,-0.7050469241938334,1.043684508641266,338.6395573616028,0.0
11,waypoint_55,-15.0,-0.05676043610422443,-0.7050469241938334,1.043684508641266,430.54699897766113,0.0
12,waypoint_55,-15.0,-0.05676043610422443,-0.7050469241938334,1.043684508641266,375.1599192619324,0.0
13,waypoint_55,-15.0,-0.05676043610422443,-0.7050469241938334,1.043684508641266,421.82061076164246,0.0
14,waypoint_55,-15.0,-0.05676043610422443,-0.7050469241938334,1.043684508641266,689.1454458236694,0.0
0,waypoint_55,0.0,-0.05676043610422443,-0.7050469241938334,1.043684508641266,0.32833797740750015,0.0341680683195591
1,waypoint_55,0.0,-0.05676043610422443,-0.7050469241938334,1.043684508641266,0.33781706588342786,0.033459216356277466
2,waypoint_55,0.0,-0.05676043610422443,-0.7050469241938334,1.043684508641266,0.3525849024299532,0.02632032334804535
3,waypoint_55,0.0,-0.05676043610422443,-0.7050469241938334,1.043684508641266,0.36122690653428435,0.01749250292778015
4,waypoint_55,0.0,-0.05676043610422443,-0.7050469241938334,1.043684508641266,207.7150195837021,0.0
5,waypoint_55,0.0,-0.05676043610422443,-0.7050469241938334,1.043684508641266,1.4534281799569726,0.001619805465452373
6,waypoint_55,0.0,-0.05676043610422443,-0.7050469241938334,1.043684508641266,1.2293317122384906,0.012232164852321148
7,waypoint_55,0.0,-0.05676043610422443,-0.7050469241938334,1.043684508641266,417.04294085502625,0.0
8,waypoint_55,0.0,-0.05676043610422443,-0.7050469241938334,1.043684508641266,284.41888093948364,0.0
9,waypoint_55,0.0,-0.05676043610422443,-0.7050469241938334,1.043684508641266,275.4293978214264,0.0
10,waypoint_55,0.0,-0.05676043610422443,-0.7050469241938334,1.043684508641266,316.35135412216187,0.0
11,waypoint_55,0.0,-0.05676043610422443,-0.7050469241938334,1.043684508641266,392.5524950027466,0.0
12,waypoint_55,0.0,-0.05676043610422443,-0.7050469241938334,1.043684508641266,358.2104742527008,0.0
13,waypoint_55,0.0,-0.05676043610422443,-0.7050469241938334,1.043684508641266,413.2046401500702,0.0
14,waypoint_55,0.0,-0.05676043610422443,-0.7050469241938334,1.043684508641266,661.851167678833,0.0
0,waypoint_55,15.0,-0.05676043610422443,-0.7050469241938334,1.043684508641266,6.2493528239429,0.0
1,waypoint_55,15.0,-0.05676043610422443,-0.7050469241938334,1.043684508641266,5.992869846522808,0.0
2,waypoint_55,15.0,-0.05676043610422443,-0.7050469241938334,1.043684508641266,6.406897213310003,0.0
3,waypoint_55,15.0,-0.05676043610422443,-0.7050469241938334,1.043684508641266,7.779928855597973,0.0
4,waypoint_55,15.0,-0.05676043610422443,-0.7050469241938334,1.043684508641266,198.3625888824463,0.0
5,waypoint_55,15.0,-0.05676043610422443,-0.7050469241938334,1.043684508641266,9.835122153162956,0.0
6,waypoint_55,15.0,-0.05676043610422443,-0.7050469241938334,1.043684508641266,16.76204986870289,0.0
7,waypoint_55,15.0,-0.05676043610422443,-0.7050469241938334,1.043684508641266,410.1066291332245,0.0
8,waypoint_55,15.0,-0.05676043610422443,-0.7050469241938334,1.043684508641266,279.15871143341064,0.0
9,waypoint_55,15.0,-0.05676043610422443,-0.7050469241938334,1.043684508641266,272.0338702201843,0.0
10,waypoint_55,15.0,-0.05676043610422443,-0.7050469241938334,1.043684508641266,308.87842178344727,0.0
11,waypoint_55,15.0,-0.05676043610422443,-0.7050469241938334,1.043684508641266,383.8934004306793,0.0
12,waypoint_55,15.0,-0.05676043610422443,-0.7050469241938334,1.043684508641266,355.4796278476715,0.0
13,waypoint_55,15.0,-0.05676043610422443,-0.7050469241938334,1.043684508641266,412.1851623058319,0.0
14,waypoint_55,15.0,-0.05676043610422443,-0.7050469241938334,1.043684508641266,655.5808782577515,0.0
0,waypoint_55,30.0,-0.05676043610422443,-0.7050469241938334,1.043684508641266,0.007867813110351562,0.009553137235343456
1,waypoint_55,30.0,-0.05676043610422443,-0.7050469241938334,1.043684508641266,0.00442080045104376,0.02746201679110527
2,waypoint_55,30.0,-0.05676043610422443,-0.7050469241938334,1.043684508641266,0.004436443759914255,0.02465631626546383
3,waypoint_55,30.0,-0.05676043610422443,-0.7050469241938334,1.043684508641266,0.0031359068088931963,0.017305711284279823
4,waypoint_55,30.0,-0.05676043610422443,-0.7050469241938334,1.043684508641266,136.27015054225922,0.0
5,waypoint_55,30.0,-0.05676043610422443,-0.7050469241938334,1.043684508641266,57.88561329245567,0.0
6,waypoint_55,30.0,-0.05676043610422443,-0.7050469241938334,1.043684508641266,0.017208518329425715,0.010385315865278244
7,waypoint_55,30.0,-0.05676043610422443,-0.7050469241938334,1.043684508641266,390.0536000728607,0.0
8,waypoint_55,30.0,-0.05676043610422443,-0.7050469241938334,1.043684508641266,235.57737469673157,0.0
9,waypoint_55,30.0,-0.05676043610422443,-0.7050469241938334,1.043684508641266,238.93333971500397,0.0
10,waypoint_55,30.0,-0.05676043610422443,-0.7050469241938334,1.043684508641266,264.4582688808441,0.0
11,waypoint_55,30.0,-0.05676043610422443,-0.7050469241938334,1.043684508641266,341.1512076854706,0.0
12,waypoint_55,30.0,-0.05676043610422443,-0.7050469241938334,1.043684508641266,331.2337398529053,0.0
13,waypoint_55,30.0,-0.05676043610422443,-0.7050469241938334,1.043684508641266,395.79105377197266,0.0
14,waypoint_55,30.0,-0.05676043610422443,-0.7050469241938334,1.043684508641266,614.9959564208984,0.0
0,waypoint_56,30.0,-0.0367604361042248,-0.7050469241938334,1.043684508641266,8.144224062561989,0.0
1,waypoint_56,30.0,-0.0367604361042248,-0.7050469241938334,1.043684508641266,0.011652060493361205,0.02678205817937851
2,waypoint_56,30.0,-0.0367604361042248,-0.7050469241938334,1.043684508641266,0.011137618457723875,0.025736292824149132
3,waypoint_56,30.0,-0.0367604361042248,-0.7050469241938334,1.043684508641266,0.00938049106480321,0.0189540795981884
4,waypoint_56,30.0,-0.0367604361042248,-0.7050469241938334,1.043684508641266,116.44292622804642,0.0
5,waypoint_56,30.0,-0.0367604361042248,-0.7050469241938334,1.043684508641266,177.7346432209015,0.0
6,waypoint_56,30.0,-0.0367604361042248,-0.7050469241938334,1.043684508641266,0.012010234058834612,0.008789923042058945
7,waypoint_56,30.0,-0.0367604361042248,-0.7050469241938334,1.043684508641266,388.44019174575806,0.0
8,waypoint_56,30.0,-0.0367604361042248,-0.7050469241938334,1.043684508641266,241.73445999622345,0.0
9,waypoint_56,30.0,-0.0367604361042248,-0.7050469241938334,1.043684508641266,240.71751534938812,0.0
10,waypoint_56,30.0,-0.0367604361042248,-0.7050469241938334,1.043684508641266,259.7789168357849,0.0
11,waypoint_56,30.0,-0.0367604361042248,-0.7050469241938334,1.043684508641266,325.3423571586609,0.0
12,waypoint_56,30.0,-0.0367604361042248,-0.7050469241938334,1.043684508641266,321.64427638053894,0.0
13,waypoint_56,30.0,-0.0367604361042248,-0.7050469241938334,1.043684508641266,381.9781243801117,0.0
14,waypoint_56,30.0,-0.0367604361042248,-0.7050469241938334,1.043684508641266,594.6246981620789,0.0
0,waypoint_56,15.0,-0.0367604361042248,-0.7050469241938334,1.043684508641266,0.008331015123985708,0.021397385746240616
1,waypoint_56,15.0,-0.0367604361042248,-0.7050469241938334,1.043684508641266,0.004513059593591606,0.031409814953804016
2,waypoint_56,15.0,-0.0367604361042248,-0.7050469241938334,1.043684508641266,0.002902935875681578,0.02721486985683441
3,waypoint_56,15.0,-0.0367604361042248,-0.7050469241938334,1.043684508641266,0.004726464339910308,0.01925942674279213
4,waypoint_56,15.0,-0.0367604361042248,-0.7050469241938334,1.043684508641266,150.1108855009079,0.0
5,waypoint_56,15.0,-0.0367604361042248,-0.7050469241938334,1.043684508641266,117.32946336269379,0.0
6,waypoint_56,15.0,-0.0367604361042248,-0.7050469241938334,1.043684508641266,0.003594115696614608,0.009883148595690727
7,waypoint_56,15.0,-0.0367604361042248,-0.7050469241938334,1.043684508641266,417.3387289047241,0.0
8,waypoint_56,15.0,-0.0367604361042248,-0.7050469241938334,1.043684508641266,262.3142898082733,0.0
9,waypoint_56,15.0,-0.0367604361042248,-0.7050469241938334,1.043684508641266,261.31555438041687,0.0
10,waypoint_56,15.0,-0.0367604361042248,-0.7050469241938334,1.043684508641266,287.6366078853607,0.0
11,waypoint_56,15.0,-0.0367604361042248,-0.7050469241938334,1.043684508641266,349.9150574207306,0.0
12,waypoint_56,15.0,-0.0367604361042248,-0.7050469241938334,1.043684508641266,330.7468891143799,0.0
13,waypoint_56,15.0,-0.0367604361042248,-0.7050469241938334,1.043684508641266,392.019659280777,0.0
14,waypoint_56,15.0,-0.0367604361042248,-0.7050469241938334,1.043684508641266,615.202784538269,0.0
0,waypoint_56,0.0,-0.0367604361042248,-0.7050469241938334,1.043684508641266,0.0051577826525317505,0.03232080489397049
1,waypoint_56,0.0,-0.0367604361042248,-0.7050469241938334,1.043684508641266,0.0056281432989635505,0.03439998999238014
2,waypoint_56,0.0,-0.0367604361042248,-0.7050469241938334,1.043684508641266,0.0056470485105819535,0.027973083779215813
3,waypoint_56,0.0,-0.0367604361042248,-0.7050469241938334,1.043684508641266,0.004163801349932328,0.019286789000034332
4,waypoint_56,0.0,-0.0367604361042248,-0.7050469241938334,1.043684508641266,190.7510608434677,0.0
5,waypoint_56,0.0,-0.0367604361042248,-0.7050469241938334,1.043684508641266,86.25390380620956,0.0
6,waypoint_56,0.0,-0.0367604361042248,-0.7050469241938334,1.043684508641266,0.003956447926611872,0.01002681627869606
7,waypoint_56,0.0,-0.0367604361042248,-0.7050469241938334,1.043684508641266,445.8759129047394,0.0
8,waypoint_56,0.0,-0.0367604361042248,-0.7050469241938334,1.043684508641266,280.5037796497345,0.0
9,waypoint_56,0.0,-0.0367604361042248,-0.7050469241938334,1.043684508641266,273.14040064811707,0.0
10,waypoint_56,0.0,-0.0367604361042248,-0.7050469241938334,1.043684508641266,309.4041645526886,0.0
11,waypoint_56,0.0,-0.0367604361042248,-0.7050469241938334,1.043684508641266,376.14724040031433,0.0
12,waypoint_56,0.0,-0.0367604361042248,-0.7050469241938334,1.043684508641266,344.19697523117065,0.0
13,waypoint_56,0.0,-0.0367604361042248,-0.7050469241938334,1.043684508641266,400.42799711227417,0.0
14,waypoint_56,0.0,-0.0367604361042248,-0.7050469241938334,1.043684508641266,629.3883919715881,0.0
0,waypoint_56,-15.0,-0.0367604361042248,-0.7050469241938334,1.043684508641266,0.005762878572568297,0.03847206011414528
1,waypoint_56,-15.0,-0.0367604361042248,-0.7050469241938334,1.043684508641266,0.005871586836292408,0.03596808761358261
2,waypoint_56,-15.0,-0.0367604361042248,-0.7050469241938334,1.043684508641266,0.005114898158353753,0.027909738942980766
3,waypoint_56,-15.0,-0.0367604361042248,-0.7050469241938334,1.043684508641266,0.004075842298334464,0.018841397017240524
4,waypoint_56,-15.0,-0.0367604361042248,-0.7050469241938334,1.043684508641266,231.8657636642456,0.0
5,waypoint_56,-15.0,-0.0367604361042248,-0.7050469241938334,1.043684508641266,79.64157313108444,0.0
6,waypoint_56,-15.0,-0.0367604361042248,-0.7050469241938334,1.043684508641266,0.0006970275876483356,0.009487236849963665
7,waypoint_56,-15.0,-0.0367604361042248,-0.7050469241938334,1.043684508641266,471.8531668186188,0.0
8,waypoint_56,-15.0,-0.0367604361042248,-0.7050469241938334,1.043684508641266,293.2842969894409,0.0
9,waypoint_56,-15.0,-0.0367604361042248,-0.7050469241938334,1.043684508641266,285.77524423599243,0.0
10,waypoint_56,-15.0,-0.0367604361042248,-0.7050469241938334,1.043684508641266,337.09877729415894,0.0
11,waypoint_56,-15.0,-0.0367604361042248,-0.7050469241938334,1.043684508641266,404.46609258651733,0.0
12,waypoint_56,-15.0,-0.0367604361042248,-0.7050469241938334,1.043684508641266,355.986088514328,0.0
13,waypoint_56,-15.0,-0.0367604361042248,-0.7050469241938334,1.043684508641266,396.14924788475037,0.0
14,waypoint_56,-15.0,-0.0367604361042248,-0.7050469241938334,1.043684508641266,660.9947681427002,0.0
0,waypoint_56,-30.0,-0.0367604361042248,-0.7050469241938334,1.043684508641266,0.0040531158447265625,0.04199158772826195
1,waypoint_56,-30.0,-0.0367604361042248,-0.7050469241938334,1.043684508641266,0.006665334694844205,0.03638855740427971
2,waypoint_56,-30.0,-0.0367604361042248,-0.7050469241938334,1.043684508641266,0.005125999450683594,0.02711082063615322
3,waypoint_56,-30.0,-0.0367604361042248,-0.7050469241938334,1.043684508641266,0.005623091055895202,0.017877908423542976
4,waypoint_56,-30.0,-0.0367604361042248,-0.7050469241938334,1.043684508641266,270.32721042633057,0.0
5,waypoint_56,-30.0,-0.0367604361042248,-0.7050469241938334,1.043684508641266,65.94237685203552,0.0
6,waypoint_56,-30.0,-0.0367604361042248,-0.7050469241938334,1.043684508641266,0.0027315193165122764,0.008538821712136269
7,waypoint_56,-30.0,-0.0367604361042248,-0.7050469241938334,1.043684508641266,494.69876289367676,0.0
8,waypoint_56,-30.0,-0.0367604361042248,-0.7050469241938334,1.043684508641266,296.7434227466583,0.0
9,waypoint_56,-30.0,-0.0367604361042248,-0.7050469241938334,1.043684508641266,293.11686754226685,0.0
10,waypoint_56,-30.0,-0.0367604361042248,-0.7050469241938334,1.043684508641266,359.0907156467438,0.0
11,waypoint_56,-30.0,-0.0367604361042248,-0.7050469241938334,1.043684508641266,418.99481415748596,0.0
12,waypoint_56,-30.0,-0.0367604361042248,-0.7050469241938334,1.043684508641266,360.1934015750885,0.0
13,waypoint_56,-30.0,-0.0367604361042248,-0.7050469241938334,1.043684508641266,413.6052131652832,0.0
14,waypoint_56,-30.0,-0.0367604361042248,-0.7050469241938334,1.043684508641266,703.0580043792725,0.0
0,waypoint_57,-30.0,-0.01676043610422462,-0.7050469241938334,1.043684508641266,0.010103998647537082,0.0418706014752388
1,waypoint_57,-30.0,-0.01676043610422462,-0.7050469241938334,1.043684508641266,0.013636313269671518,0.03804974630475044
2,waypoint_57,-30.0,-0.01676043610422462,-0.7050469241938334,1.043684508641266,0.009993692401621956,0.029070155695080757
3,waypoint_57,-30.0,-0.01676043610422462,-0.7050469241938334,1.043684508641266,0.011014448318746872,0.019620170816779137
4,waypoint_57,-30.0,-0.01676043610422462,-0.7050469241938334,1.043684508641266,257.14030861854553,0.0
5,waypoint_57,-30.0,-0.01676043610422462,-0.7050469241938334,1.043684508641266,80.63093572854996,0.0
6,waypoint_57,-30.0,-0.01676043610422462,-0.7050469241938334,1.043684508641266,0.01033206262945896,0.00635853037238121
7,waypoint_57,-30.0,-0.01676043610422462,-0.7050469241938334,1.043684508641266,492.21235513687134,0.0
8,waypoint_57,-30.0,-0.01676043610422462,-0.7050469241938334,1.043684508641266,297.326922416687,0.0
9,waypoint_57,-30.0,-0.01676043610422462,-0.7050469241938334,1.043684508641266,293.05753111839294,0.0
10,waypoint_57,-30.0,-0.01676043610422462,-0.7050469241938334,1.043684508641266,362.34909296035767,0.0
11,waypoint_57,-30.0,-0.01676043610422462,-0.7050469241938334,1.043684508641266,408.0541133880615,0.0
12,waypoint_57,-30.0,-0.01676043610422462,-0.7050469241938334,1.043684508641266,348.1231927871704,0.0
13,waypoint_57,-30.0,-0.01676043610422462,-0.7050469241938334,1.043684508641266,404.5639634132385,0.0
14,waypoint_57,-30.0,-0.01676043610422462,-0.7050469241938334,1.043684508641266,693.1929588317871,0.0
0,waypoint_57,-15.0,-0.01676043610422462,-0.7050469241938334,1.043684508641266,0.0018506258356865146,0.03723989054560661
1,waypoint_57,-15.0,-0.01676043610422462,-0.7050469241938334,1.043684508641266,0.0057248394114139955,0.037198834121227264
2,waypoint_57,-15.0,-0.01676043610422462,-0.7050469241938334,1.043684508641266,0.003932099843950709,0.029710469767451286
3,waypoint_57,-15.0,-0.01676043610422462,-0.7050469241938334,1.043684508641266,0.005562106707657222,0.02062661200761795
4,waypoint_57,-15.0,-0.01676043610422462,-0.7050469241938334,1.043684508641266,217.46975183486938,0.0
5,waypoint_57,-15.0,-0.01676043610422462,-0.7050469241938334,1.043684508641266,104.45226728916168,0.0
6,waypoint_57,-15.0,-0.01676043610422462,-0.7050469241938334,1.043684508641266,0.0025970616661652457,0.007268558721989393
7,waypoint_57,-15.0,-0.01676043610422462,-0.7050469241938334,1.043684508641266,485.36810278892517,0.0
8,waypoint_57,-15.0,-0.01676043610422462,-0.7050469241938334,1.043684508641266,295.1001524925232,0.0
9,waypoint_57,-15.0,-0.01676043610422462,-0.7050469241938334,1.043684508641266,286.8260145187378,0.0
10,waypoint_57,-15.0,-0.01676043610422462,-0.7050469241938334,1.043684508641266,357.5301766395569,0.0
11,waypoint_57,-15.0,-0.01676043610422462,-0.7050469241938334,1.043684508641266,400.5451202392578,0.0
12,waypoint_57,-15.0,-0.01676043610422462,-0.7050469241938334,1.043684508641266,341.98254346847534,0.0
13,waypoint_57,-15.0,-0.01676043610422462,-0.7050469241938334,1.043684508641266,395.03294229507446,0.0
14,waypoint_57,-15.0,-0.01676043610422462,-0.7050469241938334,1.043684508641266,685.024619102478,0.0
0,waypoint_57,0.0,-0.01676043610422462,-0.7050469241938334,1.043684508641266,0.005643272743327543,0.029118724167346954
1,waypoint_57,0.0,-0.01676043610422462,-0.7050469241938334,1.043684508641266,0.004948621608491521,0.035047437995672226
2,waypoint_57,0.0,-0.01676043610422462,-0.7050469241938334,1.043684508641266,0.0034136346585000865,0.02955798991024494
3,waypoint_57,0.0,-0.01676043610422462,-0.7050469241938334,1.043684508641266,0.004733974947157549,0.021075205877423286
4,waypoint_57,0.0,-0.01676043610422462,-0.7050469241938334,1.043684508641266,174.94714260101318,0.0
5,waypoint_57,0.0,-0.01676043610422462,-0.7050469241938334,1.043684508641266,132.69001245498657,0.0
6,waypoint_57,0.0,-0.01676043610422462,-0.7050469241938334,1.043684508641266,0.0030412843443627935,0.007860162295401096
7,waypoint_57,0.0,-0.01676043610422462,-0.7050469241938334,1.043684508641266,444.236695766449,0.0
8,waypoint_57,0.0,-0.01676043610422462,-0.7050469241938334,1.043684508641266,283.52323174476624,0.0
9,waypoint_57,0.0,-0.01676043610422462,-0.7050469241938334,1.043684508641266,275.04491806030273,0.0
10,waypoint_57,0.0,-0.01676043610422462,-0.7050469241938334,1.043684508641266,330.472856760025,0.0
11,waypoint_57,0.0,-0.01676043610422462,-0.7050469241938334,1.043684508641266,370.1533377170563,0.0
12,waypoint_57,0.0,-0.01676043610422462,-0.7050469241938334,1.043684508641266,333.8075578212738,0.0
13,waypoint_57,0.0,-0.01676043610422462,-0.7050469241938334,1.043684508641266,381.6947340965271,0.0
14,waypoint_57,0.0,-0.01676043610422462,-0.7050469241938334,1.043684508641266,649.9269008636475,0.0
0,waypoint_57,15.0,-0.01676043610422462,-0.7050469241938334,1.043684508641266,0.003504023197820061,0.01185294147580862
1,waypoint_57,15.0,-0.01676043610422462,-0.7050469241938334,1.043684508641266,0.0057012084653251804,0.031232532113790512
2,waypoint_57,15.0,-0.01676043610422462,-0.7050469241938334,1.043684508641266,0.0034897998375527095,0.028498351573944092
3,waypoint_57,15.0,-0.01676043610422462,-0.7050469241938334,1.043684508641266,0.0027210026019020006,0.020983727648854256
4,waypoint_57,15.0,-0.01676043610422462,-0.7050469241938334,1.043684508641266,132.5938105583191,0.0
5,waypoint_57,15.0,-0.01676043610422462,-0.7050469241938334,1.043684508641266,155.97380697727203,0.0
6,waypoint_57,15.0,-0.01676043610422462,-0.7050469241938334,1.043684508641266,0.0010925981541731744,0.007887642830610275
7,waypoint_57,15.0,-0.01676043610422462,-0.7050469241938334,1.043684508641266,417.34087467193604,0.0
8,waypoint_57,15.0,-0.01676043610422462,-0.7050469241938334,1.043684508641266,264.6115720272064,0.0
9,waypoint_57,15.0,-0.01676043610422462,-0.7050469241938334,1.043684508641266,263.65891098976135,0.0
10,waypoint_57,15.0,-0.01676043610422462,-0.7050469241938334,1.043684508641266,308.049738407135,0.0
11,waypoint_57,15.0,-0.01676043610422462,-0.7050469241938334,1.043684508641266,342.4813449382782,0.0
12,waypoint_57,15.0,-0.01676043610422462,-0.7050469241938334,1.043684508641266,317.4269497394562,0.0
13,waypoint_57,15.0,-0.01676043610422462,-0.7050469241938334,1.043684508641266,368.9437210559845,0.0
14,waypoint_57,15.0,-0.01676043610422462,-0.7050469241938334,1.043684508641266,626.1733174324036,0.0
0,waypoint_57,30.0,-0.01676043610422462,-0.7050469241938334,1.043684508641266,368.1710660457611,0.0
1,waypoint_57,30.0,-0.01676043610422462,-0.7050469241938334,1.043684508641266,0.007042686775093898,0.025322087109088898
2,waypoint_57,30.0,-0.01676043610422462,-0.7050469241938334,1.043684508641266,0.00484083648188971,0.02660180628299713
3,waypoint_57,30.0,-0.01676043610422462,-0.7050469241938334,1.043684508641266,0.005469355528475717,0.02053171955049038
4,waypoint_57,30.0,-0.01676043610422462,-0.7050469241938334,1.043684508641266,97.40497916936874,0.0
5,waypoint_57,30.0,-0.01676043610422462,-0.7050469241938334,1.043684508641266,1.288456842303276,0.003089992329478264
6,waypoint_57,30.0,-0.01676043610422462,-0.7050469241938334,1.043684508641266,0.004417408945300849,0.007100858725607395
7,waypoint_57,30.0,-0.01676043610422462,-0.7050469241938334,1.043684508641266,387.19484210014343,0.0
8,waypoint_57,30.0,-0.01676043610422462,-0.7050469241938334,1.043684508641266,242.91162192821503,0.0
9,waypoint_57,30.0,-0.01676043610422462,-0.7050469241938334,1.043684508641266,241.97867512702942,0.0
10,waypoint_57,30.0,-0.01676043610422462,-0.7050469241938334,1.043684508641266,279.3366312980652,0.0
11,waypoint_57,30.0,-0.01676043610422462,-0.7050469241938334,1.043684508641266,318.14178824424744,0.0
12,waypoint_57,30.0,-0.01676043610422462,-0.7050469241938334,1.043684508641266,306.8888187408447,0.0
13,waypoint_57,30.0,-0.01676043610422462,-0.7050469241938334,1.043684508641266,355.7682931423187,0.0
14,waypoint_57,30.0,-0.01676043610422462,-0.7050469241938334,1.043684508641266,602.4825572967529,0.0
0,waypoint_58,30.0,0.003239563895775177,-0.7050469241938334,1.043684508641266,306.7604601383209,0.0
1,waypoint_58,30.0,0.003239563895775177,-0.7050469241938334,1.043684508641266,0.712489360012114,0.022587478160858154
2,waypoint_58,30.0,0.003239563895775177,-0.7050469241938334,1.043684508641266,0.7690560887567699,0.027237264439463615
3,waypoint_58,30.0,0.003239563895775177,-0.7050469241938334,1.043684508641266,0.845447473693639,0.022103726863861084
4,waypoint_58,30.0,0.003239563895775177,-0.7050469241938334,1.043684508641266,79.60081100463867,0.0
5,waypoint_58,30.0,0.003239563895775177,-0.7050469241938334,1.043684508641266,1.344064949080348,0.00490567646920681
6,waypoint_58,30.0,0.003239563895775177,-0.7050469241938334,1.043684508641266,1.2231966247782111,0.005275202449411154
7,waypoint_58,30.0,0.003239563895775177,-0.7050469241938334,1.043684508641266,387.1133327484131,0.0
8,waypoint_58,30.0,0.003239563895775177,-0.7050469241938334,1.043684508641266,250.5735158920288,0.0
9,waypoint_58,30.0,0.003239563895775177,-0.7050469241938334,1.043684508641266,245.79864740371704,0.0
10,waypoint_58,30.0,0.003239563895775177,-0.7050469241938334,1.043684508641266,275.3334939479828,0.0
11,waypoint_58,30.0,0.003239563895775177,-0.7050469241938334,1.043684508641266,308.4978759288788,0.0
12,waypoint_58,30.0,0.003239563895775177,-0.7050469241938334,1.043684508641266,296.7539429664612,0.0
13,waypoint_58,30.0,0.003239563895775177,-0.7050469241938334,1.043684508641266,341.7782783508301,0.0
14,waypoint_58,30.0,0.003239563895775177,-0.7050469241938334,1.043684508641266,585.9874486923218,0.0
0,waypoint_58,15.0,0.003239563895775177,-0.7050469241938334,1.043684508641266,352.24494338035583,0.0
1,waypoint_58,15.0,0.003239563895775177,-0.7050469241938334,1.043684508641266,7.614865433424711,0.0
2,waypoint_58,15.0,0.003239563895775177,-0.7050469241938334,1.043684508641266,6.671099457889795,0.0
3,waypoint_58,15.0,0.003239563895775177,-0.7050469241938334,1.043684508641266,6.620030850172043,0.0
4,waypoint_58,15.0,0.003239563895775177,-0.7050469241938334,1.043684508641266,87.70078420639038,0.0
5,waypoint_58,15.0,0.003239563895775177,-0.7050469241938334,1.043684508641266,7.279821205884218,0.0
6,waypoint_58,15.0,0.003239563895775177,-0.7050469241938334,1.043684508641266,12.907295487821102,0.0
7,waypoint_58,15.0,0.003239563895775177,-0.7050469241938334,1.043684508641266,393.33072304725647,0.0
8,waypoint_58,15.0,0.003239563895775177,-0.7050469241938334,1.043684508641266,256.62127137184143,0.0
9,waypoint_58,15.0,0.003239563895775177,-0.7050469241938334,1.043684508641266,250.3061592578888,0.0
10,waypoint_58,15.0,0.003239563895775177,-0.7050469241938334,1.043684508641266,282.13396668434143,0.0
11,waypoint_58,15.0,0.003239563895775177,-0.7050469241938334,1.043684508641266,314.2058849334717,0.0
12,waypoint_58,15.0,0.003239563895775177,-0.7050469241938334,1.043684508641266,302.38357186317444,0.0
13,waypoint_58,15.0,0.003239563895775177,-0.7050469241938334,1.043684508641266,344.56923604011536,0.0
14,waypoint_58,15.0,0.003239563895775177,-0.7050469241938334,1.043684508641266,590.9077525138855,0.0
0,waypoint_58,0.0,0.003239563895775177,-0.7050469241938334,1.043684508641266,243.85732412338257,0.0
1,waypoint_58,0.0,0.003239563895775177,-0.7050469241938334,1.043684508641266,0.22946970420889556,0.03531349077820778
2,waypoint_58,0.0,0.003239563895775177,-0.7050469241938334,1.043684508641266,0.2517275861464441,0.031048843637108803
3,waypoint_58,0.0,0.003239563895775177,-0.7050469241938334,1.043684508641266,0.2694233553484082,0.022858548909425735
4,waypoint_58,0.0,0.003239563895775177,-0.7050469241938334,1.043684508641266,160.62073409557343,0.0
5,waypoint_58,0.0,0.003239563895775177,-0.7050469241938334,1.043684508641266,1.352468621917069,0.004520160146057606
6,waypoint_58,0.0,0.003239563895775177,-0.7050469241938334,1.043684508641266,1.4055374776944518,0.00567791098728776
7,waypoint_58,0.0,0.003239563895775177,-0.7050469241938334,1.043684508641266,442.48729944229126,0.0
8,waypoint_58,0.0,0.003239563895775177,-0.7050469241938334,1.043684508641266,286.32301092147827,0.0
9,waypoint_58,0.0,0.003239563895775177,-0.7050469241938334,1.043684508641266,276.43969655036926,0.0
10,waypoint_58,0.0,0.003239563895775177,-0.7050469241938334,1.043684508641266,326.6966640949249,0.0
11,waypoint_58,0.0,0.003239563895775177,-0.7050469241938334,1.043684508641266,361.3530993461609,0.0
12,waypoint_58,0.0,0.003239563895775177,-0.7050469241938334,1.043684508641266,323.1382966041565,0.0
13,waypoint_58,0.0,0.003239563895775177,-0.7050469241938334,1.043684508641266,364.5111322402954,0.0
14,waypoint_58,0.0,0.003239563895775177,-0.7050469241938334,1.043684508641266,621.5553283691406,0.0
0,waypoint_58,-15.0,0.003239563895775177,-0.7050469241938334,1.043684508641266,274.2847502231598,0.0
1,waypoint_58,-15.0,0.003239563895775177,-0.7050469241938334,1.043684508641266,5.782661959528923,0.0
2,waypoint_58,-15.0,0.003239563895775177,-0.7050469241938334,1.043684508641266,6.031104363501072,0.0
3,waypoint_58,-15.0,0.003239563895775177,-0.7050469241938334,1.043684508641266,6.922525819391012,0.0
4,waypoint_58,-15.0,0.003239563895775177,-0.7050469241938334,1.043684508641266,171.47062718868256,0.0
5,waypoint_58,-15.0,0.003239563895775177,-0.7050469241938334,1.043684508641266,11.191962286829948,0.0
6,waypoint_58,-15.0,0.003239563895775177,-0.7050469241938334,1.043684508641266,15.48280194401741,0.0
7,waypoint_58,-15.0,0.003239563895775177,-0.7050469241938334,1.043684508641266,448.3802020549774,0.0
8,waypoint_58,-15.0,0.003239563895775177,-0.7050469241938334,1.043684508641266,290.30299186706543,0.0
9,waypoint_58,-15.0,0.003239563895775177,-0.7050469241938334,1.043684508641266,279.3405055999756,0.0
10,waypoint_58,-15.0,0.003239563895775177,-0.7050469241938334,1.043684508641266,332.76963233947754,0.0
11,waypoint_58,-15.0,0.003239563895775177,-0.7050469241938334,1.043684508641266,368.2403862476349,0.0
12,waypoint_58,-15.0,0.003239563895775177,-0.7050469241938334,1.043684508641266,325.57758688926697,0.0
13,waypoint_58,-15.0,0.003239563895775177,-0.7050469241938334,1.043684508641266,367.54247546195984,0.0
14,waypoint_58,-15.0,0.003239563895775177,-0.7050469241938334,1.043684508641266,626.6407370567322,0.0
0,waypoint_58,-30.0,0.003239563895775177,-0.7050469241938334,1.043684508641266,161.4610254764557,0.0
1,waypoint_58,-30.0,0.003239563895775177,-0.7050469241938334,1.043684508641266,0.5997096304781735,0.03953389450907707
2,waypoint_58,-30.0,0.003239563895775177,-0.7050469241938334,1.043684508641266,0.6124878418631852,0.031039556488394737
3,waypoint_58,-30.0,0.003239563895775177,-0.7050469241938334,1.043684508641266,0.6234171451069415,0.021431470289826393
4,waypoint_58,-30.0,0.003239563895775177,-0.7050469241938334,1.043684508641266,245.18100917339325,0.0
5,waypoint_58,-30.0,0.003239563895775177,-0.7050469241938334,1.043684508641266,1.0073867160826921,0.005181401502341032
6,waypoint_58,-30.0,0.003239563895775177,-0.7050469241938334,1.043684508641266,1.3444540090858936,0.004261289723217487
7,waypoint_58,-30.0,0.003239563895775177,-0.7050469241938334,1.043684508641266,490.1964068412781,0.0
8,waypoint_58,-30.0,0.003239563895775177,-0.7050469241938334,1.043684508641266,299.5796799659729,0.0
9,waypoint_58,-30.0,0.003239563895775177,-0.7050469241938334,1.043684508641266,291.246622800827,0.0
10,waypoint_58,-30.0,0.003239563895775177,-0.7050469241938334,1.043684508641266,369.67578530311584,0.0
11,waypoint_58,-30.0,0.003239563895775177,-0.7050469241938334,1.043684508641266,408.10081362724304,0.0
12,waypoint_58,-30.0,0.003239563895775177,-0.7050469241938334,1.043684508641266,339.80634808540344,0.0
13,waypoint_58,-30.0,0.003239563895775177,-0.7050469241938334,1.043684508641266,382.5531601905823,0.0
14,waypoint_58,-30.0,0.003239563895775177,-0.7050469241938334,1.043684508641266,654.3175578117371,0.0
0,waypoint_59,-30.0,0.023239563895775417,-0.7050469241938334,1.043684508641266,133.4119588136673,0.0
1,waypoint_59,-30.0,0.023239563895775417,-0.7050469241938334,1.043684508641266,1.2885144678875804,0.040792468935251236
2,waypoint_59,-30.0,0.023239563895775417,-0.7050469241938334,1.043684508641266,1.2330979807302356,0.03306315839290619
3,waypoint_59,-30.0,0.023239563895775417,-0.7050469241938334,1.043684508641266,1.2319103116169572,0.023371851071715355
4,waypoint_59,-30.0,0.023239563895775417,-0.7050469241938334,1.043684508641266,234.65509712696075,0.0
5,waypoint_59,-30.0,0.023239563895775417,-0.7050469241938334,1.043684508641266,1.259861746802926,0.006829994730651379
6,waypoint_59,-30.0,0.023239563895775417,-0.7050469241938334,1.043684508641266,1.141996355727315,0.0022821316961199045
7,waypoint_59,-30.0,0.023239563895775417,-0.7050469241938334,1.043684508641266,489.2950654029846,0.0
8,waypoint_59,-30.0,0.023239563895775417,-0.7050469241938334,1.043684508641266,302.2981882095337,0.0
9,waypoint_59,-30.0,0.023239563895775417,-0.7050469241938334,1.043684508641266,293.77371072769165,0.0
10,waypoint_59,-30.0,0.023239563895775417,-0.7050469241938334,1.043684508641266,371.2281286716461,0.0
11,waypoint_59,-30.0,0.023239563895775417,-0.7050469241938334,1.043684508641266,398.27123284339905,0.0
12,waypoint_59,-30.0,0.023239563895775417,-0.7050469241938334,1.043684508641266,328.2308876514435,0.0
13,waypoint_59,-30.0,0.023239563895775417,-0.7050469241938334,1.043684508641266,370.8089292049408,0.0
14,waypoint_59,-30.0,0.023239563895775417,-0.7050469241938334,1.043684508641266,635.5364322662354,0.0
0,waypoint_59,-15.0,0.023239563895775417,-0.7050469241938334,1.043684508641266,117.09566414356232,0.0
1,waypoint_59,-15.0,0.023239563895775417,-0.7050469241938334,1.043684508641266,4.083309322595596,0.0
2,waypoint_59,-15.0,0.023239563895775417,-0.7050469241938334,1.043684508641266,4.290394950658083,0.0
3,waypoint_59,-15.0,0.023239563895775417,-0.7050469241938334,1.043684508641266,5.155581049621105,0.0
4,waypoint_59,-15.0,0.023239563895775417,-0.7050469241938334,1.043684508641266,225.28766095638275,0.0
5,waypoint_59,-15.0,0.023239563895775417,-0.7050469241938334,1.043684508641266,10.423648171126842,0.0
6,waypoint_59,-15.0,0.023239563895775417,-0.7050469241938334,1.043684508641266,17.184993252158165,0.0
7,waypoint_59,-15.0,0.023239563895775417,-0.7050469241938334,1.043684508641266,485.57835817337036,0.0
8,waypoint_59,-15.0,0.023239563895775417,-0.7050469241938334,1.043684508641266,302.62020230293274,0.0
9,waypoint_59,-15.0,0.023239563895775417,-0.7050469241938334,1.043684508641266,292.99798607826233,0.0
10,waypoint_59,-15.0,0.023239563895775417,-0.7050469241938334,1.043684508641266,369.7121739387512,0.0
11,waypoint_59,-15.0,0.023239563895775417,-0.7050469241938334,1.043684508641266,395.06080746650696,0.0
12,waypoint_59,-15.0,0.023239563895775417,-0.7050469241938334,1.043684508641266,328.7152051925659,0.0
13,waypoint_59,-15.0,0.023239563895775417,-0.7050469241938334,1.043684508641266,368.1356608867645,0.0
14,waypoint_59,-15.0,0.023239563895775417,-0.7050469241938334,1.043684508641266,635.7488036155701,0.0
0,waypoint_59,0.0,0.023239563895775417,-0.7050469241938334,1.043684508641266,1.5654355520382524,0.0
1,waypoint_59,0.0,0.023239563895775417,-0.7050469241938334,1.043684508641266,0.4419615725055337,0.03503696620464325
2,waypoint_59,0.0,0.023239563895775417,-0.7050469241938334,1.043684508641266,0.48826716374605894,0.032391685992479324
3,waypoint_59,0.0,0.023239563895775417,-0.7050469241938334,1.043684508641266,0.5151068326085806,0.0246078260242939
4,waypoint_59,0.0,0.023239563895775417,-0.7050469241938334,1.043684508641266,148.16175401210785,0.0
5,waypoint_59,0.0,0.023239563895775417,-0.7050469241938334,1.043684508641266,0.546955328900367,0.006432705093175173
6,waypoint_59,0.0,0.023239563895775417,-0.7050469241938334,1.043684508641266,1.2964247725903988,0.003631995525211096
7,waypoint_59,0.0,0.023239563895775417,-0.7050469241938334,1.043684508641266,447.32311367988586,0.0
8,waypoint_59,0.0,0.023239563895775417,-0.7050469241938334,1.043684508641266,293.4289872646332,0.0
9,waypoint_59,0.0,0.023239563895775417,-0.7050469241938334,1.043684508641266,284.06092524528503,0.0
10,waypoint_59,0.0,0.023239563895775417,-0.7050469241938334,1.043684508641266,339.7310972213745,0.0
11,waypoint_59,0.0,0.023239563895775417,-0.7050469241938334,1.043684508641266,354.4493615627289,0.0
12,waypoint_59,0.0,0.023239563895775417,-0.7050469241938334,1.043684508641266,313.6614263057709,0.0
13,waypoint_59,0.0,0.023239563895775417,-0.7050469241938334,1.043684508641266,356.0118079185486,0.0
14,waypoint_59,0.0,0.023239563895775417,-0.7050469241938334,1.043684508641266,609.9711060523987,0.0
0,waypoint_59,15.0,0.023239563895775417,-0.7050469241938334,1.043684508641266,19.61476355791092,0.0
1,waypoint_59,15.0,0.023239563895775417,-0.7050469241938334,1.043684508641266,6.121604237705469,0.0
2,waypoint_59,15.0,0.023239563895775417,-0.7050469241938334,1.043684508641266,5.9974221512675285,0.0
3,waypoint_59,15.0,0.023239563895775417,-0.7050469241938334,1.043684508641266,6.579570006579161,0.0
4,waypoint_59,15.0,0.023239563895775417,-0.7050469241938334,1.043684508641266,137.11732625961304,0.0
5,waypoint_59,15.0,0.023239563895775417,-0.7050469241938334,1.043684508641266,10.325659066438675,0.0
6,waypoint_59,15.0,0.023239563895775417,-0.7050469241938334,1.043684508641266,16.313280910253525,0.0
7,waypoint_59,15.0,0.023239563895775417,-0.7050469241938334,1.043684508641266,440.7244324684143,0.0
8,waypoint_59,15.0,0.023239563895775417,-0.7050469241938334,1.043684508641266,288.4484827518463,0.0
9,waypoint_59,15.0,0.023239563895775417,-0.7050469241938334,1.043684508641266,280.2972197532654,0.0
10,waypoint_59,15.0,0.023239563895775417,-0.7050469241938334,1.043684508641266,332.76239037513733,0.0
11,waypoint_59,15.0,0.023239563895775417,-0.7050469241938334,1.043684508641266,349.13700819015503,0.0
12,waypoint_59,15.0,0.023239563895775417,-0.7050469241938334,1.043684508641266,307.5438141822815,0.0
13,waypoint_59,15.0,0.023239563895775417,-0.7050469241938334,1.043684508641266,354.3757200241089,0.0
14,waypoint_59,15.0,0.023239563895775417,-0.7050469241938334,1.043684508641266,602.2577285766602,0.0
0,waypoint_59,30.0,0.023239563895775417,-0.7050469241938334,1.043684508641266,110.82109063863754,0.0
1,waypoint_59,30.0,0.023239563895775417,-0.7050469241938334,1.043684508641266,0.24145423958543688,0.018063582479953766
2,waypoint_59,30.0,0.023239563895775417,-0.7050469241938334,1.043684508641266,0.3055056731682271,0.02746620588004589
3,waypoint_59,30.0,0.023239563895775417,-0.7050469241938334,1.043684508641266,0.33940866705961525,0.023429062217473984
4,waypoint_59,30.0,0.023239563895775417,-0.7050469241938334,1.043684508641266,64.85842168331146,0.0
5,waypoint_59,30.0,0.023239563895775417,-0.7050469241938334,1.043684508641266,0.6793785141780972,0.006598397623747587
6,waypoint_59,30.0,0.023239563895775417,-0.7050469241938334,1.043684508641266,0.7986790151335299,0.003686795011162758
7,waypoint_59,30.0,0.023239563895775417,-0.7050469241938334,1.043684508641266,387.9193663597107,0.0
8,waypoint_59,30.0,0.023239563895775417,-0.7050469241938334,1.043684508641266,251.40982866287231,0.0
9,waypoint_59,30.0,0.023239563895775417,-0.7050469241938334,1.043684508641266,250.36588311195374,0.0
10,waypoint_59,30.0,0.023239563895775417,-0.7050469241938334,1.043684508641266,287.0016098022461,0.0
11,waypoint_59,30.0,0.023239563895775417,-0.7050469241938334,1.043684508641266,301.96669697761536,0.0
12,waypoint_59,30.0,0.023239563895775417,-0.7050469241938334,1.043684508641266,290.36399722099304,0.0
13,waypoint_59,30.0,0.023239563895775417,-0.7050469241938334,1.043684508641266,330.45053482055664,0.0
14,waypoint_59,30.0,0.023239563895775417,-0.7050469241938334,1.043684508641266,567.0666098594666,0.0
0,waypoint_60,30.0,0.04323956389577521,-0.7050469241938334,1.043684508641266,279.04772758483887,0.0
1,waypoint_60,30.0,0.04323956389577521,-0.7050469241938334,1.043684508641266,0.011574969903449528,0.008259699679911137
2,waypoint_60,30.0,0.04323956389577521,-0.7050469241938334,1.043684508641266,0.008996945325634442,0.027243860065937042
3,waypoint_60,30.0,0.04323956389577521,-0.7050469241938334,1.043684508641266,0.00984180769592058,0.024656537920236588
4,waypoint_60,30.0,0.04323956389577521,-0.7050469241938334,1.043684508641266,55.91525509953499,0.0
5,waypoint_60,30.0,0.04323956389577521,-0.7050469241938334,1.043684508641266,0.009548656635161024,0.00842670351266861
6,waypoint_60,30.0,0.04323956389577521,-0.7050469241938334,1.043684508641266,66.44677370786667,0.0
7,waypoint_60,30.0,0.04323956389577521,-0.7050469241938334,1.043684508641266,389.6823227405548,0.0
8,waypoint_60,30.0,0.04323956389577521,-0.7050469241938334,1.043684508641266,260.2854073047638,0.0
9,waypoint_60,30.0,0.04323956389577521,-0.7050469241938334,1.043684508641266,257.47814774513245,0.0
10,waypoint_60,30.0,0.04323956389577521,-0.7050469241938334,1.043684508641266,284.457802772522,0.0
11,waypoint_60,30.0,0.04323956389577521,-0.7050469241938334,1.043684508641266,294.5125699043274,0.0
12,waypoint_60,30.0,0.04323956389577521,-0.7050469241938334,1.043684508641266,281.80065751075745,0.0
13,waypoint_60,30.0,0.04323956389577521,-0.7050469241938334,1.043684508641266,317.91847944259644,0.0
14,waypoint_60,30.0,0.04323956389577521,-0.7050469241938334,1.043684508641266,540.7131314277649,0.0
0,waypoint_60,15.0,0.04323956389577521,-0.7050469241938334,1.043684508641266,308.6843192577362,0.0
1,waypoint_60,15.0,0.04323956389577521,-0.7050469241938334,1.043684508641266,2.0133350044488907,0.0
2,waypoint_60,15.0,0.04323956389577521,-0.7050469241938334,1.043684508641266,0.5770285497419536,0.031114082783460617
3,waypoint_60,15.0,0.04323956389577521,-0.7050469241938334,1.043684508641266,0.4488215781748295,0.02581079863011837
4,waypoint_60,15.0,0.04323956389577521,-0.7050469241938334,1.043684508641266,91.69282019138336,0.0
5,waypoint_60,15.0,0.04323956389577521,-0.7050469241938334,1.043684508641266,0.6804412114433944,0.008248228579759598
6,waypoint_60,15.0,0.04323956389577521,-0.7050469241938334,1.043684508641266,1.832134323194623,0.0
7,waypoint_60,15.0,0.04323956389577521,-0.7050469241938334,1.043684508641266,417.1517789363861,0.0
8,waypoint_60,15.0,0.04323956389577521,-0.7050469241938334,1.043684508641266,276.831179857254,0.0
9,waypoint_60,15.0,0.04323956389577521,-0.7050469241938334,1.043684508641266,271.2821364402771,0.0
10,waypoint_60,15.0,0.04323956389577521,-0.7050469241938334,1.043684508641266,314.51311707496643,0.0
11,waypoint_60,15.0,0.04323956389577521,-0.7050469241938334,1.043684508641266,322.7786421775818,0.0
12,waypoint_60,15.0,0.04323956389577521,-0.7050469241938334,1.043684508641266,291.0879850387573,0.0
13,waypoint_60,15.0,0.04323956389577521,-0.7050469241938334,1.043684508641266,329.748272895813,0.0
14,waypoint_60,15.0,0.04323956389577521,-0.7050469241938334,1.043684508641266,553.1578660011292,0.0
0,waypoint_60,0.0,0.04323956389577521,-0.7050469241938334,1.043684508641266,284.3380272388458,0.0
1,waypoint_60,0.0,0.04323956389577521,-0.7050469241938334,1.043684508641266,0.5258743185549974,0.034096959978342056
2,waypoint_60,0.0,0.04323956389577521,-0.7050469241938334,1.043684508641266,0.4421880003064871,0.033547576516866684
3,waypoint_60,0.0,0.04323956389577521,-0.7050469241938334,1.043684508641266,0.3958317975047976,0.02632145769894123
4,waypoint_60,0.0,0.04323956389577521,-0.7050469241938334,1.043684508641266,137.99095153808594,0.0
5,waypoint_60,0.0,0.04323956389577521,-0.7050469241938334,1.043684508641266,0.6436124094761908,0.008329360745847225
6,waypoint_60,0.0,0.04323956389577521,-0.7050469241938334,1.043684508641266,0.9770097676664591,0.001527866581454873
7,waypoint_60,0.0,0.04323956389577521,-0.7050469241938334,1.043684508641266,442.61375069618225,0.0
8,waypoint_60,0.0,0.04323956389577521,-0.7050469241938334,1.043684508641266,292.34278202056885,0.0
9,waypoint_60,0.0,0.04323956389577521,-0.7050469241938334,1.043684508641266,280.9627950191498,0.0
10,waypoint_60,0.0,0.04323956389577521,-0.7050469241938334,1.043684508641266,337.43685483932495,0.0
11,waypoint_60,0.0,0.04323956389577521,-0.7050469241938334,1.043684508641266,347.29716181755066,0.0
12,waypoint_60,0.0,0.04323956389577521,-0.7050469241938334,1.043684508641266,304.8001825809479,0.0
13,waypoint_60,0.0,0.04323956389577521,-0.7050469241938334,1.043684508641266,338.0577266216278,0.0
14,waypoint_60,0.0,0.04323956389577521,-0.7050469241938334,1.043684508641266,569.0329670906067,0.0
0,waypoint_60,-15.0,0.04323956389577521,-0.7050469241938334,1.043684508641266,241.9118583202362,0.0
1,waypoint_60,-15.0,0.04323956389577521,-0.7050469241938334,1.043684508641266,6.070761475712061,0.0
2,waypoint_60,-15.0,0.04323956389577521,-0.7050469241938334,1.043684508641266,5.780148319900036,0.0
3,waypoint_60,-15.0,0.04323956389577521,-0.7050469241938334,1.043684508641266,6.3713546842336655,0.0
4,waypoint_60,-15.0,0.04323956389577521,-0.7050469241938334,1.043684508641266,149.51950311660767,0.0
5,waypoint_60,-15.0,0.04323956389577521,-0.7050469241938334,1.043684508641266,10.405424982309341,0.0
6,waypoint_60,-15.0,0.04323956389577521,-0.7050469241938334,1.043684508641266,9.612125344574451,0.0
7,waypoint_60,-15.0,0.04323956389577521,-0.7050469241938334,1.043684508641266,448.38976860046387,0.0
8,waypoint_60,-15.0,0.04323956389577521,-0.7050469241938334,1.043684508641266,296.1481809616089,0.0
9,waypoint_60,-15.0,0.04323956389577521,-0.7050469241938334,1.043684508641266,282.99444913864136,0.0
10,waypoint_60,-15.0,0.04323956389577521,-0.7050469241938334,1.043684508641266,344.17614340782166,0.0
11,waypoint_60,-15.0,0.04323956389577521,-0.7050469241938334,1.043684508641266,353.79666090011597,0.0
12,waypoint_60,-15.0,0.04323956389577521,-0.7050469241938334,1.043684508641266,308.3042502403259,0.0
13,waypoint_60,-15.0,0.04323956389577521,-0.7050469241938334,1.043684508641266,341.36760234832764,0.0
14,waypoint_60,-15.0,0.04323956389577521,-0.7050469241938334,1.043684508641266,572.8760957717896,0.0
0,waypoint_60,-30.0,0.04323956389577521,-0.7050469241938334,1.043684508641266,282.00817108154297,0.0
1,waypoint_60,-30.0,0.04323956389577521,-0.7050469241938334,1.043684508641266,0.6329977186396718,0.04160588979721069
2,waypoint_60,-30.0,0.04323956389577521,-0.7050469241938334,1.043684508641266,0.6743445992469788,0.034846529364585876
3,waypoint_60,-30.0,0.04323956389577521,-0.7050469241938334,1.043684508641266,0.669901492074132,0.025187425315380096
4,waypoint_60,-30.0,0.04323956389577521,-0.7050469241938334,1.043684508641266,225.6510704755783,0.0
5,waypoint_60,-30.0,0.04323956389577521,-0.7050469241938334,1.043684508641266,0.7911378052085638,0.00832843966782093
6,waypoint_60,-30.0,0.04323956389577521,-0.7050469241938334,1.043684508641266,1.2161184567958117,0.0009502837783657014
7,waypoint_60,-30.0,0.04323956389577521,-0.7050469241938334,1.043684508641266,489.8396134376526,0.0
8,waypoint_60,-30.0,0.04323956389577521,-0.7050469241938334,1.043684508641266,304.3997287750244,0.0
9,waypoint_60,-30.0,0.04323956389577521,-0.7050469241938334,1.043684508641266,294.53110694885254,0.0
10,waypoint_60,-30.0,0.04323956389577521,-0.7050469241938334,1.043684508641266,389.4079327583313,0.0
11,waypoint_60,-30.0,0.04323956389577521,-0.7050469241938334,1.043684508641266,372.9724586009979,0.0
12,waypoint_60,-30.0,0.04323956389577521,-0.7050469241938334,1.043684508641266,324.99516010284424,0.0
13,waypoint_60,-30.0,0.04323956389577521,-0.7050469241938334,1.043684508641266,355.4392457008362,0.0
14,waypoint_60,-30.0,0.04323956389577521,-0.7050469241938334,1.043684508641266,605.1576733589172,0.0
0,waypoint_61,-30.0,-0.1367604361042239,-0.6888739146935746,1.0242258486310418,0.9859817801043391,0.03595787659287453
1,waypoint_61,-30.0,-0.1367604361042239,-0.6888739146935746,1.0242258486310418,0.9793445933610201,0.026034828275442123
2,waypoint_61,-30.0,-0.1367604361042239,-0.6888739146935746,1.0242258486310418,1.4522266574203968,0.017058704048395157
3,waypoint_61,-30.0,-0.1367604361042239,-0.6888739146935746,1.0242258486310418,0.6874062237329781,0.009373788721859455
4,waypoint_61,-30.0,-0.1367604361042239,-0.6888739146935746,1.0242258486310418,353.45807671546936,0.0
5,waypoint_61,-30.0,-0.1367604361042239,-0.6888739146935746,1.0242258486310418,0.215216088690795,0.008169001899659634
6,waypoint_61,-30.0,-0.1367604361042239,-0.6888739146935746,1.0242258486310418,0.3940357419196516,0.020197276026010513
7,waypoint_61,-30.0,-0.1367604361042239,-0.6888739146935746,1.0242258486310418,541.1540269851685,0.0
8,waypoint_61,-30.0,-0.1367604361042239,-0.6888739146935746,1.0242258486310418,315.23793935775757,0.0
9,waypoint_61,-30.0,-0.1367604361042239,-0.6888739146935746,1.0242258486310418,300.1696467399597,0.0
10,waypoint_61,-30.0,-0.1367604361042239,-0.6888739146935746,1.0242258486310418,481.94706439971924,0.0
11,waypoint_61,-30.0,-0.1367604361042239,-0.6888739146935746,1.0242258486310418,490.4336929321289,0.0
12,waypoint_61,-30.0,-0.1367604361042239,-0.6888739146935746,1.0242258486310418,430.24715781211853,0.0
13,waypoint_61,-30.0,-0.1367604361042239,-0.6888739146935746,1.0242258486310418,474.94444251060486,0.0
14,waypoint_61,-30.0,-0.1367604361042239,-0.6888739146935746,1.0242258486310418,757.9007744789124,0.0
0,waypoint_61,-15.0,-0.1367604361042239,-0.6888739146935746,1.0242258486310418,3.9844196289777756,0.0
1,waypoint_61,-15.0,-0.1367604361042239,-0.6888739146935746,1.0242258486310418,4.544001538306475,0.0
2,waypoint_61,-15.0,-0.1367604361042239,-0.6888739146935746,1.0242258486310418,5.535246804356575,0.0
3,waypoint_61,-15.0,-0.1367604361042239,-0.6888739146935746,1.0242258486310418,8.738924749195576,0.0
4,waypoint_61,-15.0,-0.1367604361042239,-0.6888739146935746,1.0242258486310418,345.6107974052429,0.0
5,waypoint_61,-15.0,-0.1367604361042239,-0.6888739146935746,1.0242258486310418,17.56279729306698,0.0
6,waypoint_61,-15.0,-0.1367604361042239,-0.6888739146935746,1.0242258486310418,19.403347745537758,0.0
7,waypoint_61,-15.0,-0.1367604361042239,-0.6888739146935746,1.0242258486310418,536.0843539237976,0.0
8,waypoint_61,-15.0,-0.1367604361042239,-0.6888739146935746,1.0242258486310418,312.1197819709778,0.0
9,waypoint_61,-15.0,-0.1367604361042239,-0.6888739146935746,1.0242258486310418,298.2967495918274,0.0
10,waypoint_61,-15.0,-0.1367604361042239,-0.6888739146935746,1.0242258486310418,476.7912030220032,0.0
11,waypoint_61,-15.0,-0.1367604361042239,-0.6888739146935746,1.0242258486310418,485.58124899864197,0.0
12,waypoint_61,-15.0,-0.1367604361042239,-0.6888739146935746,1.0242258486310418,429.01575565338135,0.0
13,waypoint_61,-15.0,-0.1367604361042239,-0.6888739146935746,1.0242258486310418,472.2655415534973,0.0
14,waypoint_61,-15.0,-0.1367604361042239,-0.6888739146935746,1.0242258486310418,758.0713629722595,0.0
0,waypoint_61,0.0,-0.1367604361042239,-0.6888739146935746,1.0242258486310418,0.47066499246284366,0.03540880233049393
1,waypoint_61,0.0,-0.1367604361042239,-0.6888739146935746,1.0242258486310418,0.5323778023011982,0.027853233739733696
2,waypoint_61,0.0,-0.1367604361042239,-0.6888739146935746,1.0242258486310418,0.5580367869697511,0.01908090151846409
3,waypoint_61,0.0,-0.1367604361042239,-0.6888739146935746,1.0242258486310418,0.5686732474714518,0.010106587782502174
4,waypoint_61,0.0,-0.1367604361042239,-0.6888739146935746,1.0242258486310418,282.99427032470703,0.0
5,waypoint_61,0.0,-0.1367604361042239,-0.6888739146935746,1.0242258486310418,1.231451751664281,0.009936998598277569
6,waypoint_61,0.0,-0.1367604361042239,-0.6888739146935746,1.0242258486310418,0.9856114629656076,0.02090659737586975
7,waypoint_61,0.0,-0.1367604361042239,-0.6888739146935746,1.0242258486310418,464.5971655845642,0.0
8,waypoint_61,0.0,-0.1367604361042239,-0.6888739146935746,1.0242258486310418,272.090345621109,0.0
9,waypoint_61,0.0,-0.1367604361042239,-0.6888739146935746,1.0242258486310418,272.32474088668823,0.0
10,waypoint_61,0.0,-0.1367604361042239,-0.6888739146935746,1.0242258486310418,431.8639636039734,0.0
11,waypoint_61,0.0,-0.1367604361042239,-0.6888739146935746,1.0242258486310418,440.8116936683655,0.0
12,waypoint_61,0.0,-0.1367604361042239,-0.6888739146935746,1.0242258486310418,410.12245416641235,0.0
13,waypoint_61,0.0,-0.1367604361042239,-0.6888739146935746,1.0242258486310418,462.41095662117004,0.0
14,waypoint_61,0.0,-0.1367604361042239,-0.6888739146935746,1.0242258486310418,730.3978204727173,0.0
0,waypoint_61,15.0,-0.1367604361042239,-0.6888739146935746,1.0242258486310418,5.818619392812252,0.0
1,waypoint_61,15.0,-0.1367604361042239,-0.6888739146935746,1.0242258486310418,6.086754612624645,0.0
2,waypoint_61,15.0,-0.1367604361042239,-0.6888739146935746,1.0242258486310418,7.321809884160757,0.0
3,waypoint_61,15.0,-0.1367604361042239,-0.6888739146935746,1.0242258486310418,9.503508917987347,0.0
4,waypoint_61,15.0,-0.1367604361042239,-0.6888739146935746,1.0242258486310418,274.5455801486969,0.0
5,waypoint_61,15.0,-0.1367604361042239,-0.6888739146935746,1.0242258486310418,16.662925481796265,0.0
6,waypoint_61,15.0,-0.1367604361042239,-0.6888739146935746,1.0242258486310418,17.550228163599968,0.0
7,waypoint_61,15.0,-0.1367604361042239,-0.6888739146935746,1.0242258486310418,458.80478620529175,0.0
8,waypoint_61,15.0,-0.1367604361042239,-0.6888739146935746,1.0242258486310418,266.3985788822174,0.0
9,waypoint_61,15.0,-0.1367604361042239,-0.6888739146935746,1.0242258486310418,270.4862058162689,0.0
10,waypoint_61,15.0,-0.1367604361042239,-0.6888739146935746,1.0242258486310418,425.790935754776,0.0
11,waypoint_61,15.0,-0.1367604361042239,-0.6888739146935746,1.0242258486310418,434.8350763320923,0.0
12,waypoint_61,15.0,-0.1367604361042239,-0.6888739146935746,1.0242258486310418,406.2516391277313,0.0
13,waypoint_61,15.0,-0.1367604361042239,-0.6888739146935746,1.0242258486310418,459.88795161247253,0.0
14,waypoint_61,15.0,-0.1367604361042239,-0.6888739146935746,1.0242258486310418,725.0067591667175,0.0
0,waypoint_61,30.0,-0.1367604361042239,-0.6888739146935746,1.0242258486310418,0.31790058710612357,0.03041580691933632
1,waypoint_61,30.0,-0.1367604361042239,-0.6888739146935746,1.0242258486310418,0.3503981570247561,0.027046367526054382
2,waypoint_61,30.0,-0.1367604361042239,-0.6888739146935746,1.0242258486310418,0.3550038964021951,0.019502071663737297
3,waypoint_61,30.0,-0.1367604361042239,-0.6888739146935746,1.0242258486310418,0.4281483998056501,0.010471961461007595
4,waypoint_61,30.0,-0.1367604361042239,-0.6888739146935746,1.0242258486310418,219.09767389297485,0.0
5,waypoint_61,30.0,-0.1367604361042239,-0.6888739146935746,1.0242258486310418,0.509115750901401,0.009432855062186718
6,waypoint_61,30.0,-0.1367604361042239,-0.6888739146935746,1.0242258486310418,0.582757405936718,0.016989849507808685
7,waypoint_61,30.0,-0.1367604361042239,-0.6888739146935746,1.0242258486310418,408.3898365497589,0.0
8,waypoint_61,30.0,-0.1367604361042239,-0.6888739146935746,1.0242258486310418,199.3633359670639,0.0
9,waypoint_61,30.0,-0.1367604361042239,-0.6888739146935746,1.0242258486310418,220.7925170660019,0.0
10,waypoint_61,30.0,-0.1367604361042239,-0.6888739146935746,1.0242258486310418,379.2869746685028,0.0
11,waypoint_61,30.0,-0.1367604361042239,-0.6888739146935746,1.0242258486310418,385.62777638435364,0.0
12,waypoint_61,30.0,-0.1367604361042239,-0.6888739146935746,1.0242258486310418,384.2736482620239,0.0
13,waypoint_61,30.0,-0.1367604361042239,-0.6888739146935746,1.0242258486310418,434.67605113983154,0.0
14,waypoint_61,30.0,-0.1367604361042239,-0.6888739146935746,1.0242258486310418,687.1547698974609,0.0
0,waypoint_62,30.0,-0.11676043610422432,-0.6888739146935746,1.0242258486310418,0.7948640850372612,0.029888981953263283
1,waypoint_62,30.0,-0.11676043610422432,-0.6888739146935746,1.0242258486310418,0.8347021648660302,0.028284985572099686
2,waypoint_62,30.0,-0.11676043610422432,-0.6888739146935746,1.0242258486310418,0.8900298271328211,0.021265871822834015
3,waypoint_62,30.0,-0.11676043610422432,-0.6888739146935746,1.0242258486310418,0.9548537782393396,0.012420604936778545
4,waypoint_62,30.0,-0.11676043610422432,-0.6888739146935746,1.0242258486310418,198.21931421756744,0.0
5,waypoint_62,30.0,-0.11676043610422432,-0.6888739146935746,1.0242258486310418,1.1638212017714977,0.007413169369101524
6,waypoint_62,30.0,-0.11676043610422432,-0.6888739146935746,1.0242258486310418,1.1581957805901766,0.015697253867983818
7,waypoint_62,30.0,-0.11676043610422432,-0.6888739146935746,1.0242258486310418,404.8316478729248,0.0
8,waypoint_62,30.0,-0.11676043610422432,-0.6888739146935746,1.0242258486310418,194.05657052993774,0.0
9,waypoint_62,30.0,-0.11676043610422432,-0.6888739146935746,1.0242258486310418,215.05902707576752,0.0
10,waypoint_62,30.0,-0.11676043610422432,-0.6888739146935746,1.0242258486310418,371.3917136192322,0.0
11,waypoint_62,30.0,-0.11676043610422432,-0.6888739146935746,1.0242258486310418,368.51564049720764,0.0
12,waypoint_62,30.0,-0.11676043610422432,-0.6888739146935746,1.0242258486310418,368.5080409049988,0.0
13,waypoint_62,30.0,-0.11676043610422432,-0.6888739146935746,1.0242258486310418,417.8839325904846,0.0
14,waypoint_62,30.0,-0.11676043610422432,-0.6888739146935746,1.0242258486310418,668.8835620880127,0.0
0,waypoint_62,15.0,-0.11676043610422432,-0.6888739146935746,1.0242258486310418,6.978284101933241,0.0
1,waypoint_62,15.0,-0.11676043610422432,-0.6888739146935746,1.0242258486310418,6.445195060223341,0.0
2,waypoint_62,15.0,-0.11676043610422432,-0.6888739146935746,1.0242258486310418,6.594538222998381,0.0
3,waypoint_62,15.0,-0.11676043610422432,-0.6888739146935746,1.0242258486310418,7.301268167793751,0.0
4,waypoint_62,15.0,-0.11676043610422432,-0.6888739146935746,1.0242258486310418,204.3980062007904,0.0
5,waypoint_62,15.0,-0.11676043610422432,-0.6888739146935746,1.0242258486310418,12.98555638641119,0.0
6,waypoint_62,15.0,-0.11676043610422432,-0.6888739146935746,1.0242258486310418,13.869242742657661,0.0
7,waypoint_62,15.0,-0.11676043610422432,-0.6888739146935746,1.0242258486310418,410.19585728645325,0.0
8,waypoint_62,15.0,-0.11676043610422432,-0.6888739146935746,1.0242258486310418,198.83330166339874,0.0
9,waypoint_62,15.0,-0.11676043610422432,-0.6888739146935746,1.0242258486310418,220.14287114143372,0.0
10,waypoint_62,15.0,-0.11676043610422432,-0.6888739146935746,1.0242258486310418,376.7625093460083,0.0
11,waypoint_62,15.0,-0.11676043610422432,-0.6888739146935746,1.0242258486310418,374.0921914577484,0.0
12,waypoint_62,15.0,-0.11676043610422432,-0.6888739146935746,1.0242258486310418,372.55024909973145,0.0
13,waypoint_62,15.0,-0.11676043610422432,-0.6888739146935746,1.0242258486310418,421.4455485343933,0.0
14,waypoint_62,15.0,-0.11676043610422432,-0.6888739146935746,1.0242258486310418,674.6376156806946,0.0
0,waypoint_62,0.0,-0.11676043610422432,-0.6888739146935746,1.0242258486310418,0.4017638275399804,0.036433055996894836
1,waypoint_62,0.0,-0.11676043610422432,-0.6888739146935746,1.0242258486310418,0.39774883771315217,0.029590308666229248
2,waypoint_62,0.0,-0.11676043610422432,-0.6888739146935746,1.0242258486310418,0.4105291736777872,0.020895659923553467
3,waypoint_62,0.0,-0.11676043610422432,-0.6888739146935746,1.0242258486310418,0.5193492397665977,0.011920723132789135
4,waypoint_62,0.0,-0.11676043610422432,-0.6888739146935746,1.0242258486310418,263.234406709671,0.0
5,waypoint_62,0.0,-0.11676043610422432,-0.6888739146935746,1.0242258486310418,0.9589664987288415,0.007651615887880325
6,waypoint_62,0.0,-0.11676043610422432,-0.6888739146935746,1.0242258486310418,0.848381663672626,0.01867677830159664
7,waypoint_62,0.0,-0.11676043610422432,-0.6888739146935746,1.0242258486310418,451.39652490615845,0.0
8,waypoint_62,0.0,-0.11676043610422432,-0.6888739146935746,1.0242258486310418,228.13603281974792,0.0
9,waypoint_62,0.0,-0.11676043610422432,-0.6888739146935746,1.0242258486310418,277.5169014930725,0.0
10,waypoint_62,0.0,-0.11676043610422432,-0.6888739146935746,1.0242258486310418,420.16491293907166,0.0
11,waypoint_62,0.0,-0.11676043610422432,-0.6888739146935746,1.0242258486310418,418.70617866516113,0.0
12,waypoint_62,0.0,-0.11676043610422432,-0.6888739146935746,1.0242258486310418,387.3930871486664,0.0
13,waypoint_62,0.0,-0.11676043610422432,-0.6888739146935746,1.0242258486310418,440.2076303958893,0.0
14,waypoint_62,0.0,-0.11676043610422432,-0.6888739146935746,1.0242258486310418,705.1273584365845,0.0
0,waypoint_62,-15.0,-0.11676043610422432,-0.6888739146935746,1.0242258486310418,5.840059369802475,0.0
1,waypoint_62,-15.0,-0.11676043610422432,-0.6888739146935746,1.0242258486310418,6.018776446580887,0.0
2,waypoint_62,-15.0,-0.11676043610422432,-0.6888739146935746,1.0242258486310418,7.148196455091238,0.0
3,waypoint_62,-15.0,-0.11676043610422432,-0.6888739146935746,1.0242258486310418,9.367975406348705,0.0
4,waypoint_62,-15.0,-0.11676043610422432,-0.6888739146935746,1.0242258486310418,272.1341550350189,0.0
5,waypoint_62,-15.0,-0.11676043610422432,-0.6888739146935746,1.0242258486310418,15.61681181192398,0.0
6,waypoint_62,-15.0,-0.11676043610422432,-0.6888739146935746,1.0242258486310418,16.964532434940338,0.0
7,waypoint_62,-15.0,-0.11676043610422432,-0.6888739146935746,1.0242258486310418,457.5856626033783,0.0
8,waypoint_62,-15.0,-0.11676043610422432,-0.6888739146935746,1.0242258486310418,236.90339922904968,0.0
9,waypoint_62,-15.0,-0.11676043610422432,-0.6888739146935746,1.0242258486310418,281.61540627479553,0.0
10,waypoint_62,-15.0,-0.11676043610422432,-0.6888739146935746,1.0242258486310418,425.61161518096924,0.0
11,waypoint_62,-15.0,-0.11676043610422432,-0.6888739146935746,1.0242258486310418,421.57915234565735,0.0
12,waypoint_62,-15.0,-0.11676043610422432,-0.6888739146935746,1.0242258486310418,391.7747437953949,0.0
13,waypoint_62,-15.0,-0.11676043610422432,-0.6888739146935746,1.0242258486310418,442.416250705719,0.0
14,waypoint_62,-15.0,-0.11676043610422432,-0.6888739146935746,1.0242258486310418,712.2250199317932,0.0
0,waypoint_62,-30.0,-0.11676043610422432,-0.6888739146935746,1.0242258486310418,0.5567536572925746,0.037843234837055206
1,waypoint_62,-30.0,-0.11676043610422432,-0.6888739146935746,1.0242258486310418,0.5984362796880305,0.02802048809826374
2,waypoint_62,-30.0,-0.11676043610422432,-0.6888739146935746,1.0242258486310418,0.6198057672008872,0.01871131733059883
3,waypoint_62,-30.0,-0.11676043610422432,-0.6888739146935746,1.0242258486310418,0.6197307957336307,0.010810601525008678
4,waypoint_62,-30.0,-0.11676043610422432,-0.6888739146935746,1.0242258486310418,336.1595571041107,0.0
5,waypoint_62,-30.0,-0.11676043610422432,-0.6888739146935746,1.0242258486310418,1.3886092929169536,0.005977334454655647
6,waypoint_62,-30.0,-0.11676043610422432,-0.6888739146935746,1.0242258486310418,1.175321638584137,0.017653843387961388
7,waypoint_62,-30.0,-0.11676043610422432,-0.6888739146935746,1.0242258486310418,513.6004686355591,0.0
8,waypoint_62,-30.0,-0.11676043610422432,-0.6888739146935746,1.0242258486310418,323.2325315475464,0.0
9,waypoint_62,-30.0,-0.11676043610422432,-0.6888739146935746,1.0242258486310418,303.99563908576965,0.0
10,waypoint_62,-30.0,-0.11676043610422432,-0.6888739146935746,1.0242258486310418,452.29145884513855,0.0
11,waypoint_62,-30.0,-0.11676043610422432,-0.6888739146935746,1.0242258486310418,453.15101742744446,0.0
12,waypoint_62,-30.0,-0.11676043610422432,-0.6888739146935746,1.0242258486310418,404.9414396286011,0.0
13,waypoint_62,-30.0,-0.11676043610422432,-0.6888739146935746,1.0242258486310418,457.72358775138855,0.0
14,waypoint_62,-30.0,-0.11676043610422432,-0.6888739146935746,1.0242258486310418,748.7633228302002,0.0
0,waypoint_63,-30.0,-0.09676043610422452,-0.6888739146935746,1.0242258486310418,1.1240948224440217,0.03963727504014969
1,waypoint_63,-30.0,-0.09676043610422452,-0.6888739146935746,1.0242258486310418,1.1326678795740008,0.030175158753991127
2,waypoint_63,-30.0,-0.09676043610422452,-0.6888739146935746,1.0242258486310418,1.1397730559110641,0.020583445206284523
3,waypoint_63,-30.0,-0.09676043610422452,-0.6888739146935746,1.0242258486310418,1.131344586610794,0.012341652996838093
4,waypoint_63,-30.0,-0.09676043610422452,-0.6888739146935746,1.0242258486310418,319.4136321544647,0.0
5,waypoint_63,-30.0,-0.09676043610422452,-0.6888739146935746,1.0242258486310418,1.1524463770911098,0.0038640527054667473
6,waypoint_63,-30.0,-0.09676043610422452,-0.6888739146935746,1.0242258486310418,1.2275438057258725,0.01504680048674345
7,waypoint_63,-30.0,-0.09676043610422452,-0.6888739146935746,1.0242258486310418,509.22858715057373,0.0
8,waypoint_63,-30.0,-0.09676043610422452,-0.6888739146935746,1.0242258486310418,316.8873190879822,0.0
9,waypoint_63,-30.0,-0.09676043610422452,-0.6888739146935746,1.0242258486310418,298.1944680213928,0.0
10,waypoint_63,-30.0,-0.09676043610422452,-0.6888739146935746,1.0242258486310418,447.06425070762634,0.0
11,waypoint_63,-30.0,-0.09676043610422452,-0.6888739146935746,1.0242258486310418,440.5308663845062,0.0
12,waypoint_63,-30.0,-0.09676043610422452,-0.6888739146935746,1.0242258486310418,389.67251777648926,0.0
13,waypoint_63,-30.0,-0.09676043610422452,-0.6888739146935746,1.0242258486310418,441.02585315704346,0.0
14,waypoint_63,-30.0,-0.09676043610422452,-0.6888739146935746,1.0242258486310418,732.9506278038025,0.0
0,waypoint_63,-15.0,-0.09676043610422452,-0.6888739146935746,1.0242258486310418,3.972715698182583,0.0
1,waypoint_63,-15.0,-0.09676043610422452,-0.6888739146935746,1.0242258486310418,4.337276332080364,0.0
2,waypoint_63,-15.0,-0.09676043610422452,-0.6888739146935746,1.0242258486310418,5.375881213694811,0.0
3,waypoint_63,-15.0,-0.09676043610422452,-0.6888739146935746,1.0242258486310418,7.588457316160202,0.0
4,waypoint_63,-15.0,-0.09676043610422452,-0.6888739146935746,1.0242258486310418,311.02314591407776,0.0
5,waypoint_63,-15.0,-0.09676043610422452,-0.6888739146935746,1.0242258486310418,17.18040555715561,0.0
6,waypoint_63,-15.0,-0.09676043610422452,-0.6888739146935746,1.0242258486310418,18.79783906042576,0.0
7,waypoint_63,-15.0,-0.09676043610422452,-0.6888739146935746,1.0242258486310418,504.3952465057373,0.0
8,waypoint_63,-15.0,-0.09676043610422452,-0.6888739146935746,1.0242258486310418,315.989226102829,0.0
9,waypoint_63,-15.0,-0.09676043610422452,-0.6888739146935746,1.0242258486310418,295.85787653923035,0.0
10,waypoint_63,-15.0,-0.09676043610422452,-0.6888739146935746,1.0242258486310418,447.5371241569519,0.0
11,waypoint_63,-15.0,-0.09676043610422452,-0.6888739146935746,1.0242258486310418,439.57585096359253,0.0
12,waypoint_63,-15.0,-0.09676043610422452,-0.6888739146935746,1.0242258486310418,389.81977105140686,0.0
13,waypoint_63,-15.0,-0.09676043610422452,-0.6888739146935746,1.0242258486310418,441.81886315345764,0.0
14,waypoint_63,-15.0,-0.09676043610422452,-0.6888739146935746,1.0242258486310418,728.2853722572327,0.0
0,waypoint_63,0.0,-0.09676043610422452,-0.6888739146935746,1.0242258486310418,0.4566744901239872,0.03714170306921005
1,waypoint_63,0.0,-0.09676043610422452,-0.6888739146935746,1.0242258486310418,0.5033457418903708,0.03125196695327759
2,waypoint_63,0.0,-0.09676043610422452,-0.6888739146935746,1.0242258486310418,0.5350759020075202,0.02269541285932064
3,waypoint_63,0.0,-0.09676043610422452,-0.6888739146935746,1.0242258486310418,0.5561128491535783,0.013699359260499477
4,waypoint_63,0.0,-0.09676043610422452,-0.6888739146935746,1.0242258486310418,243.9236342906952,0.0
5,waypoint_63,0.0,-0.09676043610422452,-0.6888739146935746,1.0242258486310418,1.273557310923934,0.0055697523057460785
6,waypoint_63,0.0,-0.09676043610422452,-0.6888739146935746,1.0242258486310418,1.0515692410990596,0.016622649505734444
7,waypoint_63,0.0,-0.09676043610422452,-0.6888739146935746,1.0242258486310418,463.91573548316956,0.0
8,waypoint_63,0.0,-0.09676043610422452,-0.6888739146935746,1.0242258486310418,303.25281620025635,0.0
9,waypoint_63,0.0,-0.09676043610422452,-0.6888739146935746,1.0242258486310418,287.55757212638855,0.0
10,waypoint_63,0.0,-0.09676043610422452,-0.6888739146935746,1.0242258486310418,420.8452105522156,0.0
11,waypoint_63,0.0,-0.09676043610422452,-0.6888739146935746,1.0242258486310418,410.83741188049316,0.0
12,waypoint_63,0.0,-0.09676043610422452,-0.6888739146935746,1.0242258486310418,373.1280267238617,0.0
13,waypoint_63,0.0,-0.09676043610422452,-0.6888739146935746,1.0242258486310418,425.2796471118927,0.0
14,waypoint_63,0.0,-0.09676043610422452,-0.6888739146935746,1.0242258486310418,702.7946710586548,0.0
0,waypoint_63,15.0,-0.09676043610422452,-0.6888739146935746,1.0242258486310418,5.880638025701046,0.0
1,waypoint_63,15.0,-0.09676043610422452,-0.6888739146935746,1.0242258486310418,5.869601853191853,0.0
2,waypoint_63,15.0,-0.09676043610422452,-0.6888739146935746,1.0242258486310418,6.672224495559931,0.0
3,waypoint_63,15.0,-0.09676043610422452,-0.6888739146935746,1.0242258486310418,8.528155274689198,0.0
4,waypoint_63,15.0,-0.09676043610422452,-0.6888739146935746,1.0242258486310418,234.96031761169434,0.0
5,waypoint_63,15.0,-0.09676043610422452,-0.6888739146935746,1.0242258486310418,16.281289979815483,0.0
6,waypoint_63,15.0,-0.09676043610422452,-0.6888739146935746,1.0242258486310418,17.26066879928112,0.0
7,waypoint_63,15.0,-0.09676043610422452,-0.6888739146935746,1.0242258486310418,458.0625593662262,0.0
8,waypoint_63,15.0,-0.09676043610422452,-0.6888739146935746,1.0242258486310418,300.14845728874207,0.0
9,waypoint_63,15.0,-0.09676043610422452,-0.6888739146935746,1.0242258486310418,285.19999980926514,0.0
10,waypoint_63,15.0,-0.09676043610422452,-0.6888739146935746,1.0242258486310418,413.0198359489441,0.0
11,waypoint_63,15.0,-0.09676043610422452,-0.6888739146935746,1.0242258486310418,401.9215703010559,0.0
12,waypoint_63,15.0,-0.09676043610422452,-0.6888739146935746,1.0242258486310418,371.47119641304016,0.0
13,waypoint_63,15.0,-0.09676043610422452,-0.6888739146935746,1.0242258486310418,421.41181230545044,0.0
14,waypoint_63,15.0,-0.09676043610422452,-0.6888739146935746,1.0242258486310418,696.6482996940613,0.0
0,waypoint_63,30.0,-0.09676043610422452,-0.6888739146935746,1.0242258486310418,0.29228103812783957,0.028695281594991684
1,waypoint_63,30.0,-0.09676043610422452,-0.6888739146935746,1.0242258486310418,0.3458160499576479,0.029236149042844772
2,waypoint_63,30.0,-0.09676043610422452,-0.6888739146935746,1.0242258486310418,0.36010329495184124,0.022822245955467224
3,waypoint_63,30.0,-0.09676043610422452,-0.6888739146935746,1.0242258486310418,0.384220271371305,0.014169970527291298
4,waypoint_63,30.0,-0.09676043610422452,-0.6888739146935746,1.0242258486310418,177.63808369636536,0.0
5,waypoint_63,30.0,-0.09676043610422452,-0.6888739146935746,1.0242258486310418,0.33060129499062896,0.005701883230358362
6,waypoint_63,30.0,-0.09676043610422452,-0.6888739146935746,1.0242258486310418,0.5666669458150864,0.014494402334094048
7,waypoint_63,30.0,-0.09676043610422452,-0.6888739146935746,1.0242258486310418,399.62562918663025,0.0
8,waypoint_63,30.0,-0.09676043610422452,-0.6888739146935746,1.0242258486310418,255.8315396308899,0.0
9,waypoint_63,30.0,-0.09676043610422452,-0.6888739146935746,1.0242258486310418,262.78433203697205,0.0
10,waypoint_63,30.0,-0.09676043610422452,-0.6888739146935746,1.0242258486310418,366.8448030948639,0.0
11,waypoint_63,30.0,-0.09676043610422452,-0.6888739146935746,1.0242258486310418,354.7123968601227,0.0
12,waypoint_63,30.0,-0.09676043610422452,-0.6888739146935746,1.0242258486310418,348.08436036109924,0.0
13,waypoint_63,30.0,-0.09676043610422452,-0.6888739146935746,1.0242258486310418,400.50050616264343,0.0
14,waypoint_63,30.0,-0.09676043610422452,-0.6888739146935746,1.0242258486310418,656.0293436050415,0.0
0,waypoint_64,30.0,-0.076760436104224,-0.6888739146935746,1.0242258486310418,0.8146795444190502,0.026338748633861542
1,waypoint_64,30.0,-0.076760436104224,-0.6888739146935746,1.0242258486310418,0.8133507799357176,0.03000352717936039
2,waypoint_64,30.0,-0.076760436104224,-0.6888739146935746,1.0242258486310418,0.8669438539072871,0.024435725063085556
3,waypoint_64,30.0,-0.076760436104224,-0.6888739146935746,1.0242258486310418,0.926765613257885,0.016065245494246483
4,waypoint_64,30.0,-0.076760436104224,-0.6888739146935746,1.0242258486310418,157.4845314025879,0.0
5,waypoint_64,30.0,-0.076760436104224,-0.6888739146935746,1.0242258486310418,1.0680026607587934,0.003727183910086751
6,waypoint_64,30.0,-0.076760436104224,-0.6888739146935746,1.0242258486310418,1.2106054928153753,0.012762856669723988
7,waypoint_64,30.0,-0.076760436104224,-0.6888739146935746,1.0242258486310418,397.6360857486725,0.0
8,waypoint_64,30.0,-0.076760436104224,-0.6888739146935746,1.0242258486310418,253.6284327507019,0.0
9,waypoint_64,30.0,-0.076760436104224,-0.6888739146935746,1.0242258486310418,258.74507427215576,0.0
10,waypoint_64,30.0,-0.076760436104224,-0.6888739146935746,1.0242258486310418,359.7083389759064,0.0
11,waypoint_64,30.0,-0.076760436104224,-0.6888739146935746,1.0242258486310418,343.74678134918213,0.0
12,waypoint_64,30.0,-0.076760436104224,-0.6888739146935746,1.0242258486310418,332.6285779476166,0.0
13,waypoint_64,30.0,-0.076760436104224,-0.6888739146935746,1.0242258486310418,384.8010003566742,0.0
14,waypoint_64,30.0,-0.076760436104224,-0.6888739146935746,1.0242258486310418,638.4471654891968,0.0
0,waypoint_64,15.0,-0.076760436104224,-0.6888739146935746,1.0242258486310418,7.471712306141853,0.0
1,waypoint_64,15.0,-0.076760436104224,-0.6888739146935746,1.0242258486310418,6.5817078575491905,0.0
2,waypoint_64,15.0,-0.076760436104224,-0.6888739146935746,1.0242258486310418,6.459308788180351,0.0
3,waypoint_64,15.0,-0.076760436104224,-0.6888739146935746,1.0242258486310418,6.979606114327908,0.0
4,waypoint_64,15.0,-0.076760436104224,-0.6888739146935746,1.0242258486310418,163.6076122522354,0.0
5,waypoint_64,15.0,-0.076760436104224,-0.6888739146935746,1.0242258486310418,12.646535411477089,0.0
6,waypoint_64,15.0,-0.076760436104224,-0.6888739146935746,1.0242258486310418,13.410929590463638,0.0
7,waypoint_64,15.0,-0.076760436104224,-0.6888739146935746,1.0242258486310418,403.3477306365967,0.0
8,waypoint_64,15.0,-0.076760436104224,-0.6888739146935746,1.0242258486310418,258.36849212646484,0.0
9,waypoint_64,15.0,-0.076760436104224,-0.6888739146935746,1.0242258486310418,262.71799206733704,0.0
10,waypoint_64,15.0,-0.076760436104224,-0.6888739146935746,1.0242258486310418,365.742951631546,0.0
11,waypoint_64,15.0,-0.076760436104224,-0.6888739146935746,1.0242258486310418,349.46340322494507,0.0
12,waypoint_64,15.0,-0.076760436104224,-0.6888739146935746,1.0242258486310418,335.7559144496918,0.0
13,waypoint_64,15.0,-0.076760436104224,-0.6888739146935746,1.0242258486310418,387.8938853740692,0.0
14,waypoint_64,15.0,-0.076760436104224,-0.6888739146935746,1.0242258486310418,644.4469094276428,0.0
0,waypoint_64,0.0,-0.076760436104224,-0.6888739146935746,1.0242258486310418,0.2455876092426479,0.03744829073548317
1,waypoint_64,0.0,-0.076760436104224,-0.6888739146935746,1.0242258486310418,0.3972178092226386,0.03282330557703972
2,waypoint_64,0.0,-0.076760436104224,-0.6888739146935746,1.0242258486310418,0.40156784234568477,0.024511056020855904
3,waypoint_64,0.0,-0.076760436104224,-0.6888739146935746,1.0242258486310418,0.44827081728726625,0.015501494519412518
4,waypoint_64,0.0,-0.076760436104224,-0.6888739146935746,1.0242258486310418,225.17117857933044,0.0
5,waypoint_64,0.0,-0.076760436104224,-0.6888739146935746,1.0242258486310418,1.480518956668675,0.0033615508582443
6,waypoint_64,0.0,-0.076760436104224,-0.6888739146935746,1.0242258486310418,0.8488266030326486,0.014299784786999226
7,waypoint_64,0.0,-0.076760436104224,-0.6888739146935746,1.0242258486310418,443.1208372116089,0.0
8,waypoint_64,0.0,-0.076760436104224,-0.6888739146935746,1.0242258486310418,288.82527351379395,0.0
9,waypoint_64,0.0,-0.076760436104224,-0.6888739146935746,1.0242258486310418,272.7872133255005,0.0
10,waypoint_64,0.0,-0.076760436104224,-0.6888739146935746,1.0242258486310418,411.92516684532166,0.0
11,waypoint_64,0.0,-0.076760436104224,-0.6888739146935746,1.0242258486310418,389.4370198249817,0.0
12,waypoint_64,0.0,-0.076760436104224,-0.6888739146935746,1.0242258486310418,355.3676903247833,0.0
13,waypoint_64,0.0,-0.076760436104224,-0.6888739146935746,1.0242258486310418,406.39597177505493,0.0
14,waypoint_64,0.0,-0.076760436104224,-0.6888739146935746,1.0242258486310418,675.5520701408386,0.0
0,waypoint_64,-15.0,-0.076760436104224,-0.6888739146935746,1.0242258486310418,5.784362554550171,0.0
1,waypoint_64,-15.0,-0.076760436104224,-0.6888739146935746,1.0242258486310418,5.853309761732817,0.0
2,waypoint_64,-15.0,-0.076760436104224,-0.6888739146935746,1.0242258486310418,6.567597854882479,0.0
3,waypoint_64,-15.0,-0.076760436104224,-0.6888739146935746,1.0242258486310418,8.363725617527962,0.0
4,waypoint_64,-15.0,-0.076760436104224,-0.6888739146935746,1.0242258486310418,234.71462726593018,0.0
5,waypoint_64,-15.0,-0.076760436104224,-0.6888739146935746,1.0242258486310418,15.487675555050373,0.0
6,waypoint_64,-15.0,-0.076760436104224,-0.6888739146935746,1.0242258486310418,16.579294577240944,0.0
7,waypoint_64,-15.0,-0.076760436104224,-0.6888739146935746,1.0242258486310418,449.03168082237244,0.0
8,waypoint_64,-15.0,-0.076760436104224,-0.6888739146935746,1.0242258486310418,292.29915142059326,0.0
9,waypoint_64,-15.0,-0.076760436104224,-0.6888739146935746,1.0242258486310418,276.8474817276001,0.0
10,waypoint_64,-15.0,-0.076760436104224,-0.6888739146935746,1.0242258486310418,418.5759425163269,0.0
11,waypoint_64,-15.0,-0.076760436104224,-0.6888739146935746,1.0242258486310418,395.259290933609,0.0
12,waypoint_64,-15.0,-0.076760436104224,-0.6888739146935746,1.0242258486310418,359.66312885284424,0.0
13,waypoint_64,-15.0,-0.076760436104224,-0.6888739146935746,1.0242258486310418,408.19790959358215,0.0
14,waypoint_64,-15.0,-0.076760436104224,-0.6888739146935746,1.0242258486310418,682.7160120010376,0.0
0,waypoint_64,-30.0,-0.076760436104224,-0.6888739146935746,1.0242258486310418,0.5674949497915804,0.041064243763685226
1,waypoint_64,-30.0,-0.076760436104224,-0.6888739146935746,1.0242258486310418,0.5970692727714777,0.032131992280483246
2,waypoint_64,-30.0,-0.076760436104224,-0.6888739146935746,1.0242258486310418,0.625382293947041,0.022362198680639267
3,waypoint_64,-30.0,-0.076760436104224,-0.6888739146935746,1.0242258486310418,0.6281134556047618,0.013793719001114368
4,waypoint_64,-30.0,-0.076760436104224,-0.6888739146935746,1.0242258486310418,303.2456040382385,0.0
5,waypoint_64,-30.0,-0.076760436104224,-0.6888739146935746,1.0242258486310418,1.4549162006005645,0.002094197552651167
6,waypoint_64,-30.0,-0.076760436104224,-0.6888739146935746,1.0242258486310418,1.3214676873758435,0.012740553356707096
7,waypoint_64,-30.0,-0.076760436104224,-0.6888739146935746,1.0242258486310418,500.30529499053955,0.0
8,waypoint_64,-30.0,-0.076760436104224,-0.6888739146935746,1.0242258486310418,288.7094020843506,0.0
9,waypoint_64,-30.0,-0.076760436104224,-0.6888739146935746,1.0242258486310418,293.79022121429443,0.0
10,waypoint_64,-30.0,-0.076760436104224,-0.6888739146935746,1.0242258486310418,453.4206986427307,0.0
11,waypoint_64,-30.0,-0.076760436104224,-0.6888739146935746,1.0242258486310418,439.40141797065735,0.0
12,waypoint_64,-30.0,-0.076760436104224,-0.6888739146935746,1.0242258486310418,374.74536895751953,0.0
13,waypoint_64,-30.0,-0.076760436104224,-0.6888739146935746,1.0242258486310418,425.1577854156494,0.0
14,waypoint_64,-30.0,-0.076760436104224,-0.6888739146935746,1.0242258486310418,714.8308753967285,0.0
0,waypoint_65,-30.0,-0.05676043610422443,-0.6888739146935746,1.0242258486310418,0.14842514065094292,0.042273182421922684
1,waypoint_65,-30.0,-0.05676043610422443,-0.6888739146935746,1.0242258486310418,0.1476862671552226,0.034164633601903915
2,waypoint_65,-30.0,-0.05676043610422443,-0.6888739146935746,1.0242258486310418,0.1498611964052543,0.02429734356701374
3,waypoint_65,-30.0,-0.05676043610422443,-0.6888739146935746,1.0242258486310418,0.15257093764375895,0.015361525118350983
4,waypoint_65,-30.0,-0.05676043610422443,-0.6888739146935746,1.0242258486310418,287.8647744655609,0.0
5,waypoint_65,-30.0,-0.05676043610422443,-0.6888739146935746,1.0242258486310418,1.368083292618394,0.0008723606588318944
6,waypoint_65,-30.0,-0.05676043610422443,-0.6888739146935746,1.0242258486310418,0.15476146654691547,0.010388458147644997
7,waypoint_65,-30.0,-0.05676043610422443,-0.6888739146935746,1.0242258486310418,496.97795510292053,0.0
8,waypoint_65,-30.0,-0.05676043610422443,-0.6888739146935746,1.0242258486310418,285.35813093185425,0.0
9,waypoint_65,-30.0,-0.05676043610422443,-0.6888739146935746,1.0242258486310418,290.49602150917053,0.0
10,waypoint_65,-30.0,-0.05676043610422443,-0.6888739146935746,1.0242258486310418,471.4622497558594,0.0
11,waypoint_65,-30.0,-0.05676043610422443,-0.6888739146935746,1.0242258486310418,430.23744225502014,0.0
12,waypoint_65,-30.0,-0.05676043610422443,-0.6888739146935746,1.0242258486310418,359.67591404914856,0.0
13,waypoint_65,-30.0,-0.05676043610422443,-0.6888739146935746,1.0242258486310418,409.843385219574,0.0
14,waypoint_65,-30.0,-0.05676043610422443,-0.6888739146935746,1.0242258486310418,709.4578146934509,0.0
0,waypoint_65,-15.0,-0.05676043610422443,-0.6888739146935746,1.0242258486310418,4.113807342946529,0.0
1,waypoint_65,-15.0,-0.05676043610422443,-0.6888739146935746,1.0242258486310418,4.4735632836818695,0.0
2,waypoint_65,-15.0,-0.05676043610422443,-0.6888739146935746,1.0242258486310418,5.33861992880702,0.0
3,waypoint_65,-15.0,-0.05676043610422443,-0.6888739146935746,1.0242258486310418,6.947212852537632,0.0
4,waypoint_65,-15.0,-0.05676043610422443,-0.6888739146935746,1.0242258486310418,278.91644835472107,0.0
5,waypoint_65,-15.0,-0.05676043610422443,-0.6888739146935746,1.0242258486310418,12.266203761100769,0.0
6,waypoint_65,-15.0,-0.05676043610422443,-0.6888739146935746,1.0242258486310418,17.909834161400795,0.0
7,waypoint_65,-15.0,-0.05676043610422443,-0.6888739146935746,1.0242258486310418,492.613285779953,0.0
8,waypoint_65,-15.0,-0.05676043610422443,-0.6888739146935746,1.0242258486310418,284.55275297164917,0.0
9,waypoint_65,-15.0,-0.05676043610422443,-0.6888739146935746,1.0242258486310418,290.0422513484955,0.0
10,waypoint_65,-15.0,-0.05676043610422443,-0.6888739146935746,1.0242258486310418,469.8406159877777,0.0
11,waypoint_65,-15.0,-0.05676043610422443,-0.6888739146935746,1.0242258486310418,427.7278780937195,0.0
12,waypoint_65,-15.0,-0.05676043610422443,-0.6888739146935746,1.0242258486310418,360.59775948524475,0.0
13,waypoint_65,-15.0,-0.05676043610422443,-0.6888739146935746,1.0242258486310418,410.35935282707214,0.0
14,waypoint_65,-15.0,-0.05676043610422443,-0.6888739146935746,1.0242258486310418,703.7778496742249,0.0
0,waypoint_65,0.0,-0.05676043610422443,-0.6888739146935746,1.0242258486310418,0.3591509012039751,0.03721136599779129
1,waypoint_65,0.0,-0.05676043610422443,-0.6888739146935746,1.0242258486310418,0.375842530047521,0.03425072878599167
2,waypoint_65,0.0,-0.05676043610422443,-0.6888739146935746,1.0242258486310418,0.39837483200244606,0.026298008859157562
3,waypoint_65,0.0,-0.05676043610422443,-0.6888739146935746,1.0242258486310418,0.4162057884968817,0.017282364889979362
4,waypoint_65,0.0,-0.05676043610422443,-0.6888739146935746,1.0242258486310418,207.13208615779877,0.0
5,waypoint_65,0.0,-0.05676043610422443,-0.6888739146935746,1.0242258486310418,1.4626429183408618,0.001469315611757338
6,waypoint_65,0.0,-0.05676043610422443,-0.6888739146935746,1.0242258486310418,1.3967412523925304,0.012149861082434654
7,waypoint_65,0.0,-0.05676043610422443,-0.6888739146935746,1.0242258486310418,455.04412055015564,0.0
8,waypoint_65,0.0,-0.05676043610422443,-0.6888739146935746,1.0242258486310418,267.6273584365845,0.0
9,waypoint_65,0.0,-0.05676043610422443,-0.6888739146935746,1.0242258486310418,285.22375226020813,0.0
10,waypoint_65,0.0,-0.05676043610422443,-0.6888739146935746,1.0242258486310418,438.62441182136536,0.0
11,waypoint_65,0.0,-0.05676043610422443,-0.6888739146935746,1.0242258486310418,388.9169991016388,0.0
12,waypoint_65,0.0,-0.05676043610422443,-0.6888739146935746,1.0242258486310418,343.429297208786,0.0
13,waypoint_65,0.0,-0.05676043610422443,-0.6888739146935746,1.0242258486310418,392.29410886764526,0.0
14,waypoint_65,0.0,-0.05676043610422443,-0.6888739146935746,1.0242258486310418,671.4787483215332,0.0
0,waypoint_65,15.0,-0.05676043610422443,-0.6888739146935746,1.0242258486310418,6.0504828579723835,0.0
1,waypoint_65,15.0,-0.05676043610422443,-0.6888739146935746,1.0242258486310418,5.834076087921858,0.0
2,waypoint_65,15.0,-0.05676043610422443,-0.6888739146935746,1.0242258486310418,6.258627865463495,0.0
3,waypoint_65,15.0,-0.05676043610422443,-0.6888739146935746,1.0242258486310418,7.68715376034379,0.0
4,waypoint_65,15.0,-0.05676043610422443,-0.6888739146935746,1.0242258486310418,197.5388526916504,0.0
5,waypoint_65,15.0,-0.05676043610422443,-0.6888739146935746,1.0242258486310418,9.44550707936287,0.0
6,waypoint_65,15.0,-0.05676043610422443,-0.6888739146935746,1.0242258486310418,17.068535089492798,0.0
7,waypoint_65,15.0,-0.05676043610422443,-0.6888739146935746,1.0242258486310418,449.1691589355469,0.0
8,waypoint_65,15.0,-0.05676043610422443,-0.6888739146935746,1.0242258486310418,261.80410385131836,0.0
9,waypoint_65,15.0,-0.05676043610422443,-0.6888739146935746,1.0242258486310418,283.74698758125305,0.0
10,waypoint_65,15.0,-0.05676043610422443,-0.6888739146935746,1.0242258486310418,431.60274624824524,0.0
11,waypoint_65,15.0,-0.05676043610422443,-0.6888739146935746,1.0242258486310418,379.506915807724,0.0
12,waypoint_65,15.0,-0.05676043610422443,-0.6888739146935746,1.0242258486310418,338.02568912506104,0.0
13,waypoint_65,15.0,-0.05676043610422443,-0.6888739146935746,1.0242258486310418,388.4718716144562,0.0
14,waypoint_65,15.0,-0.05676043610422443,-0.6888739146935746,1.0242258486310418,666.2636995315552,0.0
0,waypoint_65,30.0,-0.05676043610422443,-0.6888739146935746,1.0242258486310418,0.005521076218428789,0.022611817345023155
1,waypoint_65,30.0,-0.05676043610422443,-0.6888739146935746,1.0242258486310418,0.0041157427403959446,0.030380282551050186
2,waypoint_65,30.0,-0.05676043610422443,-0.6888739146935746,1.0242258486310418,0.0037621816773025785,0.02580198645591736
3,waypoint_65,30.0,-0.05676043610422443,-0.6888739146935746,1.0242258486310418,0.0036645951695390977,0.01774909906089306
4,waypoint_65,30.0,-0.05676043610422443,-0.6888739146935746,1.0242258486310418,137.89570331573486,0.0
5,waypoint_65,30.0,-0.05676043610422443,-0.6888739146935746,1.0242258486310418,34.76876765489578,0.0
6,waypoint_65,30.0,-0.05676043610422443,-0.6888739146935746,1.0242258486310418,0.017343680156045593,0.011146189644932747
7,waypoint_65,30.0,-0.05676043610422443,-0.6888739146935746,1.0242258486310418,410.6273353099823,0.0
8,waypoint_65,30.0,-0.05676043610422443,-0.6888739146935746,1.0242258486310418,211.74399554729462,0.0
9,waypoint_65,30.0,-0.05676043610422443,-0.6888739146935746,1.0242258486310418,256.35260343551636,0.0
10,waypoint_65,30.0,-0.05676043610422443,-0.6888739146935746,1.0242258486310418,386.73311471939087,0.0
11,waypoint_65,30.0,-0.05676043610422443,-0.6888739146935746,1.0242258486310418,334.60330963134766,0.0
12,waypoint_65,30.0,-0.05676043610422443,-0.6888739146935746,1.0242258486310418,314.00755047798157,0.0
13,waypoint_65,30.0,-0.05676043610422443,-0.6888739146935746,1.0242258486310418,374.6781051158905,0.0
14,waypoint_65,30.0,-0.05676043610422443,-0.6888739146935746,1.0242258486310418,623.9708065986633,0.0
0,waypoint_66,30.0,-0.0367604361042248,-0.6888739146935746,1.0242258486310418,0.01336048444500193,0.015598650090396404
1,waypoint_66,30.0,-0.0367604361042248,-0.6888739146935746,1.0242258486310418,0.011003476174664684,0.03038596548140049
2,waypoint_66,30.0,-0.0367604361042248,-0.6888739146935746,1.0242258486310418,0.008985090971691534,0.027124058455228806
3,waypoint_66,30.0,-0.0367604361042248,-0.6888739146935746,1.0242258486310418,0.009936650712916162,0.019488617777824402
4,waypoint_66,30.0,-0.0367604361042248,-0.6888739146935746,1.0242258486310418,119.12063509225845,0.0
5,waypoint_66,30.0,-0.0367604361042248,-0.6888739146935746,1.0242258486310418,327.5566101074219,0.0
6,waypoint_66,30.0,-0.0367604361042248,-0.6888739146935746,1.0242258486310418,0.010963063687086105,0.009355123154819012
7,waypoint_66,30.0,-0.0367604361042248,-0.6888739146935746,1.0242258486310418,410.2683961391449,0.0
8,waypoint_66,30.0,-0.0367604361042248,-0.6888739146935746,1.0242258486310418,216.6374772787094,0.0
9,waypoint_66,30.0,-0.0367604361042248,-0.6888739146935746,1.0242258486310418,258.35224986076355,0.0
10,waypoint_66,30.0,-0.0367604361042248,-0.6888739146935746,1.0242258486310418,378.4526288509369,0.0
11,waypoint_66,30.0,-0.0367604361042248,-0.6888739146935746,1.0242258486310418,321.76849246025085,0.0
12,waypoint_66,30.0,-0.0367604361042248,-0.6888739146935746,1.0242258486310418,299.0811765193939,0.0
13,waypoint_66,30.0,-0.0367604361042248,-0.6888739146935746,1.0242258486310418,360.2735102176666,0.0
14,waypoint_66,30.0,-0.0367604361042248,-0.6888739146935746,1.0242258486310418,604.4406294822693,0.0
0,waypoint_66,15.0,-0.0367604361042248,-0.6888739146935746,1.0242258486310418,0.002336015541004599,0.028950562700629234
1,waypoint_66,15.0,-0.0367604361042248,-0.6888739146935746,1.0242258486310418,0.004285321210772963,0.03355111554265022
2,waypoint_66,15.0,-0.0367604361042248,-0.6888739146935746,1.0242258486310418,0.005878843239770504,0.02790907584130764
3,waypoint_66,15.0,-0.0367604361042248,-0.6888739146935746,1.0242258486310418,0.004024968802696094,0.019422410055994987
4,waypoint_66,15.0,-0.0367604361042248,-0.6888739146935746,1.0242258486310418,149.49291944503784,0.0
5,waypoint_66,15.0,-0.0367604361042248,-0.6888739146935746,1.0242258486310418,164.5670235157013,0.0
6,waypoint_66,15.0,-0.0367604361042248,-0.6888739146935746,1.0242258486310418,0.0034913582567241974,0.010028628632426262
7,waypoint_66,15.0,-0.0367604361042248,-0.6888739146935746,1.0242258486310418,429.88941073417664,0.0
8,waypoint_66,15.0,-0.0367604361042248,-0.6888739146935746,1.0242258486310418,240.50171673297882,0.0
9,waypoint_66,15.0,-0.0367604361042248,-0.6888739146935746,1.0242258486310418,269.42920684814453,0.0
10,waypoint_66,15.0,-0.0367604361042248,-0.6888739146935746,1.0242258486310418,406.89608454704285,0.0
11,waypoint_66,15.0,-0.0367604361042248,-0.6888739146935746,1.0242258486310418,343.9118266105652,0.0
12,waypoint_66,15.0,-0.0367604361042248,-0.6888739146935746,1.0242258486310418,310.87180972099304,0.0
13,waypoint_66,15.0,-0.0367604361042248,-0.6888739146935746,1.0242258486310418,379.7221779823303,0.0
14,waypoint_66,15.0,-0.0367604361042248,-0.6888739146935746,1.0242258486310418,624.3670582771301,0.0
0,waypoint_66,0.0,-0.0367604361042248,-0.6888739146935746,1.0242258486310418,0.005096806944493437,0.03625843673944473
1,waypoint_66,0.0,-0.0367604361042248,-0.6888739146935746,1.0242258486310418,0.004308471943659242,0.03548517823219299
2,waypoint_66,0.0,-0.0367604361042248,-0.6888739146935746,1.0242258486310418,0.00381655945602688,0.028058568015694618
3,waypoint_66,0.0,-0.0367604361042248,-0.6888739146935746,1.0242258486310418,0.004612336852005683,0.019077233970165253
4,waypoint_66,0.0,-0.0367604361042248,-0.6888739146935746,1.0242258486310418,190.04027545452118,0.0
5,waypoint_66,0.0,-0.0367604361042248,-0.6888739146935746,1.0242258486310418,135.96227765083313,0.0
6,waypoint_66,0.0,-0.0367604361042248,-0.6888739146935746,1.0242258486310418,0.005227145265962463,0.009894936345517635
7,waypoint_66,0.0,-0.0367604361042248,-0.6888739146935746,1.0242258486310418,456.2722146511078,0.0
8,waypoint_66,0.0,-0.0367604361042248,-0.6888739146935746,1.0242258486310418,262.658953666687,0.0
9,waypoint_66,0.0,-0.0367604361042248,-0.6888739146935746,1.0242258486310418,255.55917620658875,0.0
10,waypoint_66,0.0,-0.0367604361042248,-0.6888739146935746,1.0242258486310418,433.44858288764954,0.0
11,waypoint_66,0.0,-0.0367604361042248,-0.6888739146935746,1.0242258486310418,373.3922839164734,0.0
12,waypoint_66,0.0,-0.0367604361042248,-0.6888739146935746,1.0242258486310418,328.34336161613464,0.0
13,waypoint_66,0.0,-0.0367604361042248,-0.6888739146935746,1.0242258486310418,382.4520409107208,0.0
14,waypoint_66,0.0,-0.0367604361042248,-0.6888739146935746,1.0242258486310418,642.4797773361206,0.0
0,waypoint_66,-15.0,-0.0367604361042248,-0.6888739146935746,1.0242258486310418,0.005070250153949019,0.0406535379588604
1,waypoint_66,-15.0,-0.0367604361042248,-0.6888739146935746,1.0242258486310418,0.004093672032468021,0.036263298243284225
2,waypoint_66,-15.0,-0.0367604361042248,-0.6888739146935746,1.0242258486310418,0.004653744781535352,0.027476973831653595
3,waypoint_66,-15.0,-0.0367604361042248,-0.6888739146935746,1.0242258486310418,0.005448529464047169,0.01827087625861168
4,waypoint_66,-15.0,-0.0367604361042248,-0.6888739146935746,1.0242258486310418,232.64305293560028,0.0
5,waypoint_66,-15.0,-0.0367604361042248,-0.6888739146935746,1.0242258486310418,113.83187025785446,0.0
6,waypoint_66,-15.0,-0.0367604361042248,-0.6888739146935746,1.0242258486310418,0.002439709760437836,0.009183033369481564
7,waypoint_66,-15.0,-0.0367604361042248,-0.6888739146935746,1.0242258486310418,480.66332936286926,0.0
8,waypoint_66,-15.0,-0.0367604361042248,-0.6888739146935746,1.0242258486310418,281.3044786453247,0.0
9,waypoint_66,-15.0,-0.0367604361042248,-0.6888739146935746,1.0242258486310418,260.20997762680054,0.0
10,waypoint_66,-15.0,-0.0367604361042248,-0.6888739146935746,1.0242258486310418,516.6566967964172,0.0
11,waypoint_66,-15.0,-0.0367604361042248,-0.6888739146935746,1.0242258486310418,401.3456702232361,0.0
12,waypoint_66,-15.0,-0.0367604361042248,-0.6888739146935746,1.0242258486310418,336.9481861591339,0.0
13,waypoint_66,-15.0,-0.0367604361042248,-0.6888739146935746,1.0242258486310418,379.76133823394775,0.0
14,waypoint_66,-15.0,-0.0367604361042248,-0.6888739146935746,1.0242258486310418,680.8857917785645,0.0
0,waypoint_66,-30.0,-0.0367604361042248,-0.6888739146935746,1.0242258486310418,0.005223489552008687,0.04310354217886925
1,waypoint_66,-30.0,-0.0367604361042248,-0.6888739146935746,1.0242258486310418,0.006184251105878502,0.03611528500914574
2,waypoint_66,-30.0,-0.0367604361042248,-0.6888739146935746,1.0242258486310418,0.00605038530920865,0.026272505521774292
3,waypoint_66,-30.0,-0.0367604361042248,-0.6888739146935746,1.0242258486310418,0.005524935659195762,0.016989506781101227
4,waypoint_66,-30.0,-0.0367604361042248,-0.6888739146935746,1.0242258486310418,273.346483707428,0.0
5,waypoint_66,-30.0,-0.0367604361042248,-0.6888739146935746,1.0242258486310418,113.15359175205231,0.0
6,waypoint_66,-30.0,-0.0367604361042248,-0.6888739146935746,1.0242258486310418,0.003670394107757602,0.00814695656299591
7,waypoint_66,-30.0,-0.0367604361042248,-0.6888739146935746,1.0242258486310418,502.2951364517212,0.0
8,waypoint_66,-30.0,-0.0367604361042248,-0.6888739146935746,1.0242258486310418,284.9655747413635,0.0
9,waypoint_66,-30.0,-0.0367604361042248,-0.6888739146935746,1.0242258486310418,265.0802433490753,0.0
10,waypoint_66,-30.0,-0.0367604361042248,-0.6888739146935746,1.0242258486310418,587.2513055801392,0.0
11,waypoint_66,-30.0,-0.0367604361042248,-0.6888739146935746,1.0242258486310418,405.9765934944153,0.0
12,waypoint_66,-30.0,-0.0367604361042248,-0.6888739146935746,1.0242258486310418,345.9067642688751,0.0
13,waypoint_66,-30.0,-0.0367604361042248,-0.6888739146935746,1.0242258486310418,392.32903718948364,0.0
14,waypoint_66,-30.0,-0.0367604361042248,-0.6888739146935746,1.0242258486310418,707.0665955543518,0.0
0,waypoint_67,-30.0,-0.01676043610422462,-0.6888739146935746,1.0242258486310418,0.011163107956235763,0.04344853386282921
1,waypoint_67,-30.0,-0.01676043610422462,-0.6888739146935746,1.0242258486310418,0.009783880159375258,0.03797387704253197
2,waypoint_67,-30.0,-0.01676043610422462,-0.6888739146935746,1.0242258486310418,0.011882721082656644,0.028303613886237144
3,waypoint_67,-30.0,-0.01676043610422462,-0.6888739146935746,1.0242258486310418,0.012140633771196008,0.018702682107686996
4,waypoint_67,-30.0,-0.01676043610422462,-0.6888739146935746,1.0242258486310418,259.8769962787628,0.0
5,waypoint_67,-30.0,-0.01676043610422462,-0.6888739146935746,1.0242258486310418,168.86231303215027,0.0
6,waypoint_67,-30.0,-0.01676043610422462,-0.6888739146935746,1.0242258486310418,0.011417196219554171,0.005996910855174065
7,waypoint_67,-30.0,-0.01676043610422462,-0.6888739146935746,1.0242258486310418,500.54121017456055,0.0
8,waypoint_67,-30.0,-0.01676043610422462,-0.6888739146935746,1.0242258486310418,285.1729094982147,0.0
9,waypoint_67,-30.0,-0.01676043610422462,-0.6888739146935746,1.0242258486310418,265.36357402801514,0.0
10,waypoint_67,-30.0,-0.01676043610422462,-0.6888739146935746,1.0242258486310418,576.6980051994324,0.0
11,waypoint_67,-30.0,-0.01676043610422462,-0.6888739146935746,1.0242258486310418,396.49656414985657,0.0
12,waypoint_67,-30.0,-0.01676043610422462,-0.6888739146935746,1.0242258486310418,333.19181203842163,0.0
13,waypoint_67,-30.0,-0.01676043610422462,-0.6888739146935746,1.0242258486310418,377.11602449417114,0.0
14,waypoint_67,-30.0,-0.01676043610422462,-0.6888739146935746,1.0242258486310418,689.541220664978,0.0
0,waypoint_67,-15.0,-0.01676043610422462,-0.6888739146935746,1.0242258486310418,0.0037261247598507907,0.04011870548129082
1,waypoint_67,-15.0,-0.01676043610422462,-0.6888739146935746,1.0242258486310418,0.005391173544921912,0.037750665098428726
2,waypoint_67,-15.0,-0.01676043610422462,-0.6888739146935746,1.0242258486310418,0.0045126662371330895,0.029372984543442726
3,waypoint_67,-15.0,-0.01676043610422462,-0.6888739146935746,1.0242258486310418,0.004862803962168982,0.02004360407590866
4,waypoint_67,-15.0,-0.01676043610422462,-0.6888739146935746,1.0242258486310418,217.98919141292572,0.0
5,waypoint_67,-15.0,-0.01676043610422462,-0.6888739146935746,1.0242258486310418,145.8398550748825,0.0
6,waypoint_67,-15.0,-0.01676043610422462,-0.6888739146935746,1.0242258486310418,0.002119694272550987,0.006968621164560318
7,waypoint_67,-15.0,-0.01676043610422462,-0.6888739146935746,1.0242258486310418,482.1995794773102,0.0
8,waypoint_67,-15.0,-0.01676043610422462,-0.6888739146935746,1.0242258486310418,281.2535762786865,0.0
9,waypoint_67,-15.0,-0.01676043610422462,-0.6888739146935746,1.0242258486310418,263.8867497444153,0.0
10,waypoint_67,-15.0,-0.01676043610422462,-0.6888739146935746,1.0242258486310418,574.5595097541809,0.0
11,waypoint_67,-15.0,-0.01676043610422462,-0.6888739146935746,1.0242258486310418,390.43745398521423,0.0
12,waypoint_67,-15.0,-0.01676043610422462,-0.6888739146935746,1.0242258486310418,331.123948097229,0.0
13,waypoint_67,-15.0,-0.01676043610422462,-0.6888739146935746,1.0242258486310418,366.1167621612549,0.0
14,waypoint_67,-15.0,-0.01676043610422462,-0.6888739146935746,1.0242258486310418,667.3039197921753,0.0
0,waypoint_67,0.0,-0.01676043610422462,-0.6888739146935746,1.0242258486310418,0.004978326160198776,0.03434324637055397
1,waypoint_67,0.0,-0.01676043610422462,-0.6888739146935746,1.0242258486310418,0.0050308581194258295,0.036487385630607605
2,waypoint_67,0.0,-0.01676043610422462,-0.6888739146935746,1.0242258486310418,0.0042799288166861515,0.02977941557765007
3,waypoint_67,0.0,-0.01676043610422462,-0.6888739146935746,1.0242258486310418,0.0045126662371330895,0.020882178097963333
4,waypoint_67,0.0,-0.01676043610422462,-0.6888739146935746,1.0242258486310418,174.11834001541138,0.0
5,waypoint_67,0.0,-0.01676043610422462,-0.6888739146935746,1.0242258486310418,177.68731713294983,0.0
6,waypoint_67,0.0,-0.01676043610422462,-0.6888739146935746,1.0242258486310418,0.003740043439393048,0.00769400829449296
7,waypoint_67,0.0,-0.01676043610422462,-0.6888739146935746,1.0242258486310418,459.8739445209503,0.0
8,waypoint_67,0.0,-0.01676043610422462,-0.6888739146935746,1.0242258486310418,265.55532217025757,0.0
9,waypoint_67,0.0,-0.01676043610422462,-0.6888739146935746,1.0242258486310418,256.71327114105225,0.0
10,waypoint_67,0.0,-0.01676043610422462,-0.6888739146935746,1.0242258486310418,676.1693358421326,0.0
11,waypoint_67,0.0,-0.01676043610422462,-0.6888739146935746,1.0242258486310418,366.1113381385803,0.0
12,waypoint_67,0.0,-0.01676043610422462,-0.6888739146935746,1.0242258486310418,318.6095952987671,0.0
13,waypoint_67,0.0,-0.01676043610422462,-0.6888739146935746,1.0242258486310418,359.4147861003876,0.0
14,waypoint_67,0.0,-0.01676043610422462,-0.6888739146935746,1.0242258486310418,641.9662833213806,0.0
0,waypoint_67,15.0,-0.01676043610422462,-0.6888739146935746,1.0242258486310418,0.0030902579055691604,0.02438514493405819
1,waypoint_67,15.0,-0.01676043610422462,-0.6888739146935746,1.0242258486310418,0.003035158442799002,0.03390771523118019
2,waypoint_67,15.0,-0.01676043610422462,-0.6888739146935746,1.0242258486310418,0.004298151907278225,0.029391467571258545
3,waypoint_67,15.0,-0.01676043610422462,-0.6888739146935746,1.0242258486310418,0.00469630140287336,0.021204873919487
4,waypoint_67,15.0,-0.01676043610422462,-0.6888739146935746,1.0242258486310418,132.24327564239502,0.0
5,waypoint_67,15.0,-0.01676043610422462,-0.6888739146935746,1.0242258486310418,244.9316829442978,0.0
6,waypoint_67,15.0,-0.01676043610422462,-0.6888739146935746,1.0242258486310418,0.00274401509159361,0.007945679128170013
7,waypoint_67,15.0,-0.01676043610422462,-0.6888739146935746,1.0242258486310418,435.3750944137573,0.0
8,waypoint_67,15.0,-0.01676043610422462,-0.6888739146935746,1.0242258486310418,243.23883652687073,0.0
9,waypoint_67,15.0,-0.01676043610422462,-0.6888739146935746,1.0242258486310418,240.69584906101227,0.0
10,waypoint_67,15.0,-0.01676043610422462,-0.6888739146935746,1.0242258486310418,269.1521942615509,0.0
11,waypoint_67,15.0,-0.01676043610422462,-0.6888739146935746,1.0242258486310418,337.8187417984009,0.0
12,waypoint_67,15.0,-0.01676043610422462,-0.6888739146935746,1.0242258486310418,302.72796750068665,0.0
13,waypoint_67,15.0,-0.01676043610422462,-0.6888739146935746,1.0242258486310418,355.48532009124756,0.0
14,waypoint_67,15.0,-0.01676043610422462,-0.6888739146935746,1.0242258486310418,613.8240694999695,0.0
0,waypoint_67,30.0,-0.01676043610422462,-0.6888739146935746,1.0242258486310418,3.0231561977416277,0.0
1,waypoint_67,30.0,-0.01676043610422462,-0.6888739146935746,1.0242258486310418,0.00658246881357627,0.02984464354813099
2,waypoint_67,30.0,-0.01676043610422462,-0.6888739146935746,1.0242258486310418,0.0047936364353518,0.02828325890004635
3,waypoint_67,30.0,-0.01676043610422462,-0.6888739146935746,1.0242258486310418,0.00278296897704422,0.0211772657930851
4,waypoint_67,30.0,-0.01676043610422462,-0.6888739146935746,1.0242258486310418,101.53426229953766,0.0
5,waypoint_67,30.0,-0.01676043610422462,-0.6888739146935746,1.0242258486310418,331.2854468822479,0.0
6,waypoint_67,30.0,-0.01676043610422462,-0.6888739146935746,1.0242258486310418,0.003111115347564919,0.007507528178393841
7,waypoint_67,30.0,-0.01676043610422462,-0.6888739146935746,1.0242258486310418,416.7858064174652,0.0
8,waypoint_67,30.0,-0.01676043610422462,-0.6888739146935746,1.0242258486310418,219.160795211792,0.0
9,waypoint_67,30.0,-0.01676043610422462,-0.6888739146935746,1.0242258486310418,216.25858545303345,0.0
10,waypoint_67,30.0,-0.01676043610422462,-0.6888739146935746,1.0242258486310418,224.85001385211945,0.0
11,waypoint_67,30.0,-0.01676043610422462,-0.6888739146935746,1.0242258486310418,309.2302083969116,0.0
12,waypoint_67,30.0,-0.01676043610422462,-0.6888739146935746,1.0242258486310418,289.69210386276245,0.0
13,waypoint_67,30.0,-0.01676043610422462,-0.6888739146935746,1.0242258486310418,344.1712260246277,0.0
14,waypoint_67,30.0,-0.01676043610422462,-0.6888739146935746,1.0242258486310418,579.4904232025146,0.0
0,waypoint_68,30.0,0.003239563895775177,-0.6888739146935746,1.0242258486310418,354.07090187072754,0.0
1,waypoint_68,30.0,0.003239563895775177,-0.6888739146935746,1.0242258486310418,0.008850637641444337,0.028562437742948532
2,waypoint_68,30.0,0.003239563895775177,-0.6888739146935746,1.0242258486310418,0.009599123586667702,0.029237762093544006
3,waypoint_68,30.0,0.003239563895775177,-0.6888739146935746,1.0242258486310418,0.010582803952274844,0.02280527725815773
4,waypoint_68,30.0,0.003239563895775177,-0.6888739146935746,1.0242258486310418,85.80684661865234,0.0
5,waypoint_68,30.0,0.003239563895775177,-0.6888739146935746,1.0242258486310418,357.60757327079773,0.0
6,waypoint_68,30.0,0.003239563895775177,-0.6888739146935746,1.0242258486310418,0.009501483873464167,0.005638979375362396
7,waypoint_68,30.0,0.003239563895775177,-0.6888739146935746,1.0242258486310418,418.0295765399933,0.0
8,waypoint_68,30.0,0.003239563895775177,-0.6888739146935746,1.0242258486310418,226.0616421699524,0.0
9,waypoint_68,30.0,0.003239563895775177,-0.6888739146935746,1.0242258486310418,220.4424887895584,0.0
10,waypoint_68,30.0,0.003239563895775177,-0.6888739146935746,1.0242258486310418,219.6057140827179,0.0
11,waypoint_68,30.0,0.003239563895775177,-0.6888739146935746,1.0242258486310418,298.9679276943207,0.0
12,waypoint_68,30.0,0.003239563895775177,-0.6888739146935746,1.0242258486310418,278.74088287353516,0.0
13,waypoint_68,30.0,0.003239563895775177,-0.6888739146935746,1.0242258486310418,330.4120600223541,0.0
14,waypoint_68,30.0,0.003239563895775177,-0.6888739146935746,1.0242258486310418,563.2885098457336,0.0
0,waypoint_68,15.0,0.003239563895775177,-0.6888739146935746,1.0242258486310418,275.63855051994324,0.0
1,waypoint_68,15.0,0.003239563895775177,-0.6888739146935746,1.0242258486310418,0.004866090421273839,0.033794887363910675
2,waypoint_68,15.0,0.003239563895775177,-0.6888739146935746,1.0242258486310418,0.0040531158447265625,0.030741242691874504
3,waypoint_68,15.0,0.003239563895775177,-0.6888739146935746,1.0242258486310418,0.003053247610296239,0.02295766957104206
4,waypoint_68,15.0,0.003239563895775177,-0.6888739146935746,1.0242258486310418,116.63302779197693,0.0
5,waypoint_68,15.0,0.003239563895775177,-0.6888739146935746,1.0242258486310418,270.5228626728058,0.0
6,waypoint_68,15.0,0.003239563895775177,-0.6888739146935746,1.0242258486310418,0.00370125462723081,0.0058656372129917145
7,waypoint_68,15.0,0.003239563895775177,-0.6888739146935746,1.0242258486310418,436.55943870544434,0.0
8,waypoint_68,15.0,0.003239563895775177,-0.6888739146935746,1.0242258486310418,247.39859998226166,0.0
9,waypoint_68,15.0,0.003239563895775177,-0.6888739146935746,1.0242258486310418,243.36224794387817,0.0
10,waypoint_68,15.0,0.003239563895775177,-0.6888739146935746,1.0242258486310418,227.82480716705322,0.0
11,waypoint_68,15.0,0.003239563895775177,-0.6888739146935746,1.0242258486310418,325.101763010025,0.0
12,waypoint_68,15.0,0.003239563895775177,-0.6888739146935746,1.0242258486310418,288.28924894332886,0.0
13,waypoint_68,15.0,0.003239563895775177,-0.6888739146935746,1.0242258486310418,344.72906589508057,0.0
14,waypoint_68,15.0,0.003239563895775177,-0.6888739146935746,1.0242258486310418,579.0292024612427,0.0
0,waypoint_68,0.0,0.003239563895775177,-0.6888739146935746,1.0242258486310418,271.13401889801025,0.0
1,waypoint_68,0.0,0.003239563895775177,-0.6888739146935746,1.0242258486310418,0.0034467773275537184,0.037170492112636566
2,waypoint_68,0.0,0.003239563895775177,-0.6888739146935746,1.0242258486310418,0.0040618715502205305,0.031427934765815735
3,waypoint_68,0.0,0.003239563895775177,-0.6888739146935746,1.0242258486310418,0.0047444696065213066,0.022691119462251663
4,waypoint_68,0.0,0.003239563895775177,-0.6888739146935746,1.0242258486310418,159.67319905757904,0.0
5,waypoint_68,0.0,0.003239563895775177,-0.6888739146935746,1.0242258486310418,203.84693145751953,0.0
6,waypoint_68,0.0,0.003239563895775177,-0.6888739146935746,1.0242258486310418,0.002913712705776561,0.005529140122234821
7,waypoint_68,0.0,0.003239563895775177,-0.6888739146935746,1.0242258486310418,462.1557891368866,0.0
8,waypoint_68,0.0,0.003239563895775177,-0.6888739146935746,1.0242258486310418,267.1162188053131,0.0
9,waypoint_68,0.0,0.003239563895775177,-0.6888739146935746,1.0242258486310418,252.6637315750122,0.0
10,waypoint_68,0.0,0.003239563895775177,-0.6888739146935746,1.0242258486310418,241.8549656867981,0.0
11,waypoint_68,0.0,0.003239563895775177,-0.6888739146935746,1.0242258486310418,355.5028438568115,0.0
12,waypoint_68,0.0,0.003239563895775177,-0.6888739146935746,1.0242258486310418,309.2569410800934,0.0
13,waypoint_68,0.0,0.003239563895775177,-0.6888739146935746,1.0242258486310418,351.4878451824188,0.0
14,waypoint_68,0.0,0.003239563895775177,-0.6888739146935746,1.0242258486310418,593.2254791259766,0.0
0,waypoint_68,-15.0,0.003239563895775177,-0.6888739146935746,1.0242258486310418,134.59093868732452,0.0
1,waypoint_68,-15.0,0.003239563895775177,-0.6888739146935746,1.0242258486310418,0.004978326160198776,0.03901579603552818
2,waypoint_68,-15.0,0.003239563895775177,-0.6888739146935746,1.0242258486310418,0.004317944330978207,0.031248658895492554
3,waypoint_68,-15.0,0.003239563895775177,-0.6888739146935746,1.0242258486310418,0.005228927875577938,0.02185586467385292
4,waypoint_68,-15.0,0.003239563895775177,-0.6888739146935746,1.0242258486310418,204.71492409706116,0.0
5,waypoint_68,-15.0,0.003239563895775177,-0.6888739146935746,1.0242258486310418,192.8781419992447,0.0
6,waypoint_68,-15.0,0.003239563895775177,-0.6888739146935746,1.0242258486310418,0.0019699127733474597,0.00483346963301301
7,waypoint_68,-15.0,0.003239563895775177,-0.6888739146935746,1.0242258486310418,486.2964451313019,0.0
8,waypoint_68,-15.0,0.003239563895775177,-0.6888739146935746,1.0242258486310418,283.2108438014984,0.0
9,waypoint_68,-15.0,0.003239563895775177,-0.6888739146935746,1.0242258486310418,264.3730342388153,0.0
10,waypoint_68,-15.0,0.003239563895775177,-0.6888739146935746,1.0242258486310418,295.8320677280426,0.0
11,waypoint_68,-15.0,0.003239563895775177,-0.6888739146935746,1.0242258486310418,379.77495789527893,0.0
12,waypoint_68,-15.0,0.003239563895775177,-0.6888739146935746,1.0242258486310418,318.9891576766968,0.0
13,waypoint_68,-15.0,0.003239563895775177,-0.6888739146935746,1.0242258486310418,351.5157699584961,0.0
14,waypoint_68,-15.0,0.003239563895775177,-0.6888739146935746,1.0242258486310418,617.051899433136,0.0
0,waypoint_68,-30.0,0.003239563895775177,-0.6888739146935746,1.0242258486310418,200.6523162126541,0.0
1,waypoint_68,-30.0,0.003239563895775177,-0.6888739146935746,1.0242258486310418,0.006451634817494778,0.03967444598674774
2,waypoint_68,-30.0,0.003239563895775177,-0.6888739146935746,1.0242258486310418,0.006468133960879641,0.03035486303269863
3,waypoint_68,-30.0,0.003239563895775177,-0.6888739146935746,1.0242258486310418,0.006198883056640625,0.020491011440753937
4,waypoint_68,-30.0,0.003239563895775177,-0.6888739146935746,1.0242258486310418,247.59159982204437,0.0
5,waypoint_68,-30.0,0.003239563895775177,-0.6888739146935746,1.0242258486310418,225.03827512264252,0.0
6,waypoint_68,-30.0,0.003239563895775177,-0.6888739146935746,1.0242258486310418,0.002819427209033165,0.003976285923272371
7,waypoint_68,-30.0,0.003239563895775177,-0.6888739146935746,1.0242258486310418,503.71021032333374,0.0
8,waypoint_68,-30.0,0.003239563895775177,-0.6888739146935746,1.0242258486310418,284.73109006881714,0.0
9,waypoint_68,-30.0,0.003239563895775177,-0.6888739146935746,1.0242258486310418,272.8056013584137,0.0
10,waypoint_68,-30.0,0.003239563895775177,-0.6888739146935746,1.0242258486310418,297.47021198272705,0.0
11,waypoint_68,-30.0,0.003239563895775177,-0.6888739146935746,1.0242258486310418,390.18791913986206,0.0
12,waypoint_68,-30.0,0.003239563895775177,-0.6888739146935746,1.0242258486310418,322.510689496994,0.0
13,waypoint_68,-30.0,0.003239563895775177,-0.6888739146935746,1.0242258486310418,366.9590950012207,0.0
14,waypoint_68,-30.0,0.003239563895775177,-0.6888739146935746,1.0242258486310418,662.527322769165,0.0
0,waypoint_69,-30.0,0.023239563895775417,-0.6888739146935746,1.0242258486310418,171.72382771968842,0.0
1,waypoint_69,-30.0,0.023239563895775417,-0.6888739146935746,1.0242258486310418,0.011923312740691472,0.04115792363882065
2,waypoint_69,-30.0,0.023239563895775417,-0.6888739146935746,1.0242258486310418,0.0084099601735943,0.032405152916908264
3,waypoint_69,-30.0,0.023239563895775417,-0.6888739146935746,1.0242258486310418,0.010813274457177613,0.022355159744620323
4,waypoint_69,-30.0,0.023239563895775417,-0.6888739146935746,1.0242258486310418,236.71266436576843,0.0
5,waypoint_69,-30.0,0.023239563895775417,-0.6888739146935746,1.0242258486310418,240.8287674188614,0.0
6,waypoint_69,-30.0,0.023239563895775417,-0.6888739146935746,1.0242258486310418,0.010283253686793614,0.002124430611729622
7,waypoint_69,-30.0,0.023239563895775417,-0.6888739146935746,1.0242258486310418,502.7228593826294,0.0
8,waypoint_69,-30.0,0.023239563895775417,-0.6888739146935746,1.0242258486310418,286.96906566619873,0.0
9,waypoint_69,-30.0,0.023239563895775417,-0.6888739146935746,1.0242258486310418,275.32386779785156,0.0
10,waypoint_69,-30.0,0.023239563895775417,-0.6888739146935746,1.0242258486310418,290.9522354602814,0.0
11,waypoint_69,-30.0,0.023239563895775417,-0.6888739146935746,1.0242258486310418,385.17117500305176,0.0
12,waypoint_69,-30.0,0.023239563895775417,-0.6888739146935746,1.0242258486310418,311.5914762020111,0.0
13,waypoint_69,-30.0,0.023239563895775417,-0.6888739146935746,1.0242258486310418,359.1821491718292,0.0
14,waypoint_69,-30.0,0.023239563895775417,-0.6888739146935746,1.0242258486310418,663.8895869255066,0.0
0,waypoint_69,-15.0,0.023239563895775417,-0.6888739146935746,1.0242258486310418,109.58907753229141,0.0
1,waypoint_69,-15.0,0.023239563895775417,-0.6888739146935746,1.0242258486310418,0.005396442702476634,0.039984673261642456
2,waypoint_69,-15.0,0.023239563895775417,-0.6888739146935746,1.0242258486310418,0.004291534423828125,0.03307656943798065
3,waypoint_69,-15.0,0.023239563895775417,-0.6888739146935746,1.0242258486310418,0.0034897998375527095,0.023704687133431435
4,waypoint_69,-15.0,0.023239563895775417,-0.6888739146935746,1.0242258486310418,193.04467737674713,0.0
5,waypoint_69,-15.0,0.023239563895775417,-0.6888739146935746,1.0242258486310418,215.12699127197266,0.0
6,waypoint_69,-15.0,0.023239563895775417,-0.6888739146935746,1.0242258486310418,0.003509559974190779,0.002794250613078475
7,waypoint_69,-15.0,0.023239563895775417,-0.6888739146935746,1.0242258486310418,487.0835840702057,0.0
8,waypoint_69,-15.0,0.023239563895775417,-0.6888739146935746,1.0242258486310418,284.3220829963684,0.0
9,waypoint_69,-15.0,0.023239563895775417,-0.6888739146935746,1.0242258486310418,266.9341564178467,0.0
10,waypoint_69,-15.0,0.023239563895775417,-0.6888739146935746,1.0242258486310418,289.4796133041382,0.0
11,waypoint_69,-15.0,0.023239563895775417,-0.6888739146935746,1.0242258486310418,376.3348460197449,0.0
12,waypoint_69,-15.0,0.023239563895775417,-0.6888739146935746,1.0242258486310418,313.7115240097046,0.0
13,waypoint_69,-15.0,0.023239563895775417,-0.6888739146935746,1.0242258486310418,339.72495794296265,0.0
14,waypoint_69,-15.0,0.023239563895775417,-0.6888739146935746,1.0242258486310418,644.3732976913452,0.0
0,waypoint_69,0.0,0.023239563895775417,-0.6888739146935746,1.0242258486310418,44.33954134583473,0.0
1,waypoint_69,0.0,0.023239563895775417,-0.6888739146935746,1.0242258486310418,0.006408538865798619,0.03743670508265495
2,waypoint_69,0.0,0.023239563895775417,-0.6888739146935746,1.0242258486310418,0.00440268149759504,0.03297274559736252
3,waypoint_69,0.0,0.023239563895775417,-0.6888739146935746,1.0242258486310418,0.003846231720672222,0.024497831240296364
4,waypoint_69,0.0,0.023239563895775417,-0.6888739146935746,1.0242258486310418,147.20815420150757,0.0
5,waypoint_69,0.0,0.023239563895775417,-0.6888739146935746,1.0242258486310418,229.1439026594162,0.0
6,waypoint_69,0.0,0.023239563895775417,-0.6888739146935746,1.0242258486310418,0.0028596457468665903,0.003409316297620535
7,waypoint_69,0.0,0.023239563895775417,-0.6888739146935746,1.0242258486310418,466.22541546821594,0.0
8,waypoint_69,0.0,0.023239563895775417,-0.6888739146935746,1.0242258486310418,270.58637142181396,0.0
9,waypoint_69,0.0,0.023239563895775417,-0.6888739146935746,1.0242258486310418,258.6338222026825,0.0
10,waypoint_69,0.0,0.023239563895775417,-0.6888739146935746,1.0242258486310418,284.5999300479889,0.0
11,waypoint_69,0.0,0.023239563895775417,-0.6888739146935746,1.0242258486310418,347.25624322891235,0.0
12,waypoint_69,0.0,0.023239563895775417,-0.6888739146935746,1.0242258486310418,300.42535066604614,0.0
13,waypoint_69,0.0,0.023239563895775417,-0.6888739146935746,1.0242258486310418,331.6454887390137,0.0
14,waypoint_69,0.0,0.023239563895775417,-0.6888739146935746,1.0242258486310418,611.2756729125977,0.0
0,waypoint_69,15.0,0.023239563895775417,-0.6888739146935746,1.0242258486310418,4.561326000839472,0.0
1,waypoint_69,15.0,0.023239563895775417,-0.6888739146935746,1.0242258486310418,0.003868336989398813,0.03306058421730995
2,waypoint_69,15.0,0.023239563895775417,-0.6888739146935746,1.0242258486310418,0.0035443470096652163,0.03191790357232094
3,waypoint_69,15.0,0.023239563895775417,-0.6888739146935746,1.0242258486310418,0.004191016159893479,0.024669935926795006
4,waypoint_69,15.0,0.023239563895775417,-0.6888739146935746,1.0242258486310418,103.32398116588593,0.0
5,waypoint_69,15.0,0.023239563895775417,-0.6888739146935746,1.0242258486310418,305.00978231430054,0.0
6,waypoint_69,15.0,0.023239563895775417,-0.6888739146935746,1.0242258486310418,0.001260559429283603,0.0038140853866934776
7,waypoint_69,15.0,0.023239563895775417,-0.6888739146935746,1.0242258486310418,444.19124722480774,0.0
8,waypoint_69,15.0,0.023239563895775417,-0.6888739146935746,1.0242258486310418,250.1378357410431,0.0
9,waypoint_69,15.0,0.023239563895775417,-0.6888739146935746,1.0242258486310418,247.702956199646,0.0
10,waypoint_69,15.0,0.023239563895775417,-0.6888739146935746,1.0242258486310418,219.1571444272995,0.0
11,waypoint_69,15.0,0.023239563895775417,-0.6888739146935746,1.0242258486310418,319.61172819137573,0.0
12,waypoint_69,15.0,0.023239563895775417,-0.6888739146935746,1.0242258486310418,284.3804061412811,0.0
13,waypoint_69,15.0,0.023239563895775417,-0.6888739146935746,1.0242258486310418,331.0326635837555,0.0
14,waypoint_69,15.0,0.023239563895775417,-0.6888739146935746,1.0242258486310418,587.4310731887817,0.0
0,waypoint_69,30.0,0.023239563895775417,-0.6888739146935746,1.0242258486310418,356.6286861896515,0.0
1,waypoint_69,30.0,0.023239563895775417,-0.6888739146935746,1.0242258486310418,0.04724001701106317,0.026227109134197235
2,waypoint_69,30.0,0.023239563895775417,-0.6888739146935746,1.0242258486310418,0.05224046981311403,0.02993101067841053
3,waypoint_69,30.0,0.023239563895775417,-0.6888739146935746,1.0242258486310418,0.05204205808695406,0.02435464598238468
4,waypoint_69,30.0,0.023239563895775417,-0.6888739146935746,1.0242258486310418,73.04888218641281,0.0
5,waypoint_69,30.0,0.023239563895775417,-0.6888739146935746,1.0242258486310418,1.0931647848337889,0.006636694073677063
6,waypoint_69,30.0,0.023239563895775417,-0.6888739146935746,1.0242258486310418,0.02847181895049289,0.0038184979930520058
7,waypoint_69,30.0,0.023239563895775417,-0.6888739146935746,1.0242258486310418,424.94064569473267,0.0
8,waypoint_69,30.0,0.023239563895775417,-0.6888739146935746,1.0242258486310418,228.3906638622284,0.0
9,waypoint_69,30.0,0.023239563895775417,-0.6888739146935746,1.0242258486310418,223.87181222438812,0.0
10,waypoint_69,30.0,0.023239563895775417,-0.6888739146935746,1.0242258486310418,203.32540571689606,0.0
11,waypoint_69,30.0,0.023239563895775417,-0.6888739146935746,1.0242258486310418,293.959379196167,0.0
12,waypoint_69,30.0,0.023239563895775417,-0.6888739146935746,1.0242258486310418,278.52383255958557,0.0
13,waypoint_69,30.0,0.023239563895775417,-0.6888739146935746,1.0242258486310418,321.49043679237366,0.0
14,waypoint_69,30.0,0.023239563895775417,-0.6888739146935746,1.0242258486310418,551.5328645706177,0.0
0,waypoint_70,30.0,0.04323956389577521,-0.6888739146935746,1.0242258486310418,351.43449902534485,0.0
1,waypoint_70,30.0,0.04323956389577521,-0.6888739146935746,1.0242258486310418,0.011585400898184162,0.022221015766263008
2,waypoint_70,30.0,0.04323956389577521,-0.6888739146935746,1.0242258486310418,0.010204760656051803,0.030284583568572998
3,waypoint_70,30.0,0.04323956389577521,-0.6888739146935746,1.0242258486310418,0.009141883310803678,0.025802617892622948
4,waypoint_70,30.0,0.04323956389577521,-0.6888739146935746,1.0242258486310418,66.07166677713394,0.0
5,waypoint_70,30.0,0.04323956389577521,-0.6888739146935746,1.0242258486310418,0.010512069820833858,0.008596090599894524
6,waypoint_70,30.0,0.04323956389577521,-0.6888739146935746,1.0242258486310418,40.16206040978432,0.0
7,waypoint_70,30.0,0.04323956389577521,-0.6888739146935746,1.0242258486310418,428.3759593963623,0.0
8,waypoint_70,30.0,0.04323956389577521,-0.6888739146935746,1.0242258486310418,237.030491232872,0.0
9,waypoint_70,30.0,0.04323956389577521,-0.6888739146935746,1.0242258486310418,230.78659176826477,0.0
10,waypoint_70,30.0,0.04323956389577521,-0.6888739146935746,1.0242258486310418,203.49447429180145,0.0
11,waypoint_70,30.0,0.04323956389577521,-0.6888739146935746,1.0242258486310418,287.1409058570862,0.0
12,waypoint_70,30.0,0.04323956389577521,-0.6888739146935746,1.0242258486310418,268.282949924469,0.0
13,waypoint_70,30.0,0.04323956389577521,-0.6888739146935746,1.0242258486310418,309.4033896923065,0.0
14,waypoint_70,30.0,0.04323956389577521,-0.6888739146935746,1.0242258486310418,520.4629898071289,0.0
0,waypoint_70,15.0,0.04323956389577521,-0.6888739146935746,1.0242258486310418,287.80627250671387,0.0
1,waypoint_70,15.0,0.04323956389577521,-0.6888739146935746,1.0242258486310418,0.6569410325028002,0.03154272958636284
2,waypoint_70,15.0,0.04323956389577521,-0.6888739146935746,1.0242258486310418,0.5555023089982569,0.032894477248191833
3,waypoint_70,15.0,0.04323956389577521,-0.6888739146935746,1.0242258486310418,0.4239855334162712,0.02633771114051342
4,waypoint_70,15.0,0.04323956389577521,-0.6888739146935746,1.0242258486310418,93.19626539945602,0.0
5,waypoint_70,15.0,0.04323956389577521,-0.6888739146935746,1.0242258486310418,0.661304104141891,0.008332746103405952
6,waypoint_70,15.0,0.04323956389577521,-0.6888739146935746,1.0242258486310418,1.199664082378149,0.0018527510110288858
7,waypoint_70,15.0,0.04323956389577521,-0.6888739146935746,1.0242258486310418,457.07055926322937,0.0
8,waypoint_70,15.0,0.04323956389577521,-0.6888739146935746,1.0242258486310418,255.84912300109863,0.0
9,waypoint_70,15.0,0.04323956389577521,-0.6888739146935746,1.0242258486310418,248.46279621124268,0.0
10,waypoint_70,15.0,0.04323956389577521,-0.6888739146935746,1.0242258486310418,210.48510074615479,0.0
11,waypoint_70,15.0,0.04323956389577521,-0.6888739146935746,1.0242258486310418,309.1638684272766,0.0
12,waypoint_70,15.0,0.04323956389577521,-0.6888739146935746,1.0242258486310418,277.13653445243835,0.0
13,waypoint_70,15.0,0.04323956389577521,-0.6888739146935746,1.0242258486310418,321.04283571243286,0.0
14,waypoint_70,15.0,0.04323956389577521,-0.6888739146935746,1.0242258486310418,540.4582023620605,0.0
0,waypoint_70,0.0,0.04323956389577521,-0.6888739146935746,1.0242258486310418,316.10727310180664,0.0
1,waypoint_70,0.0,0.04323956389577521,-0.6888739146935746,1.0242258486310418,6.862969603389502,0.0
2,waypoint_70,0.0,0.04323956389577521,-0.6888739146935746,1.0242258486310418,6.26056082546711,0.0
3,waypoint_70,0.0,0.04323956389577521,-0.6888739146935746,1.0242258486310418,6.484664976596832,0.0
4,waypoint_70,0.0,0.04323956389577521,-0.6888739146935746,1.0242258486310418,103.85336726903915,0.0
5,waypoint_70,0.0,0.04323956389577521,-0.6888739146935746,1.0242258486310418,9.467195719480515,0.0
6,waypoint_70,0.0,0.04323956389577521,-0.6888739146935746,1.0242258486310418,14.07247968018055,0.0
7,waypoint_70,0.0,0.04323956389577521,-0.6888739146935746,1.0242258486310418,460.4640305042267,0.0
8,waypoint_70,0.0,0.04323956389577521,-0.6888739146935746,1.0242258486310418,261.5257501602173,0.0
9,waypoint_70,0.0,0.04323956389577521,-0.6888739146935746,1.0242258486310418,251.29500031471252,0.0
10,waypoint_70,0.0,0.04323956389577521,-0.6888739146935746,1.0242258486310418,214.65833485126495,0.0
11,waypoint_70,0.0,0.04323956389577521,-0.6888739146935746,1.0242258486310418,316.5542185306549,0.0
12,waypoint_70,0.0,0.04323956389577521,-0.6888739146935746,1.0242258486310418,277.6525914669037,0.0
13,waypoint_70,0.0,0.04323956389577521,-0.6888739146935746,1.0242258486310418,321.8757212162018,0.0
14,waypoint_70,0.0,0.04323956389577521,-0.6888739146935746,1.0242258486310418,547.4759340286255,0.0
0,waypoint_70,-15.0,0.04323956389577521,-0.6888739146935746,1.0242258486310418,293.1462824344635,0.0
1,waypoint_70,-15.0,0.04323956389577521,-0.6888739146935746,1.0242258486310418,0.4786653444170952,0.040581099689006805
2,waypoint_70,-15.0,0.04323956389577521,-0.6888739146935746,1.0242258486310418,0.5677160224877298,0.03484095260500908
3,waypoint_70,-15.0,0.04323956389577521,-0.6888739146935746,1.0242258486310418,0.5702775088138878,0.025599174201488495
4,waypoint_70,-15.0,0.04323956389577521,-0.6888739146935746,1.0242258486310418,183.30302834510803,0.0
5,waypoint_70,-15.0,0.04323956389577521,-0.6888739146935746,1.0242258486310418,0.9054847760125995,0.008234478533267975
6,waypoint_70,-15.0,0.04323956389577521,-0.6888739146935746,1.0242258486310418,0.9719955269247293,0.0009536272846162319
7,waypoint_70,-15.0,0.04323956389577521,-0.6888739146935746,1.0242258486310418,460.19524335861206,0.0
8,waypoint_70,-15.0,0.04323956389577521,-0.6888739146935746,1.0242258486310418,286.1882448196411,0.0
9,waypoint_70,-15.0,0.04323956389577521,-0.6888739146935746,1.0242258486310418,270.94098925590515,0.0
10,waypoint_70,-15.0,0.04323956389577521,-0.6888739146935746,1.0242258486310418,283.4812104701996,0.0
11,waypoint_70,-15.0,0.04323956389577521,-0.6888739146935746,1.0242258486310418,370.8537817001343,0.0
12,waypoint_70,-15.0,0.04323956389577521,-0.6888739146935746,1.0242258486310418,303.37753891944885,0.0
13,waypoint_70,-15.0,0.04323956389577521,-0.6888739146935746,1.0242258486310418,330.4457664489746,0.0
14,waypoint_70,-15.0,0.04323956389577521,-0.6888739146935746,1.0242258486310418,587.9818201065063,0.0
0,waypoint_70,-30.0,0.04323956389577521,-0.6888739146935746,1.0242258486310418,305.12455105781555,0.0
1,waypoint_70,-30.0,0.04323956389577521,-0.6888739146935746,1.0242258486310418,4.830445162951946,0.0
2,waypoint_70,-30.0,0.04323956389577521,-0.6888739146935746,1.0242258486310418,4.998392891138792,0.0
3,waypoint_70,-30.0,0.04323956389577521,-0.6888739146935746,1.0242258486310418,5.780222360044718,0.0
4,waypoint_70,-30.0,0.04323956389577521,-0.6888739146935746,1.0242258486310418,194.40028071403503,0.0
5,waypoint_70,-30.0,0.04323956389577521,-0.6888739146935746,1.0242258486310418,10.852782987058163,0.0
6,waypoint_70,-30.0,0.04323956389577521,-0.6888739146935746,1.0242258486310418,14.72216285765171,0.0
7,waypoint_70,-30.0,0.04323956389577521,-0.6888739146935746,1.0242258486310418,466.39296412467957,0.0
8,waypoint_70,-30.0,0.04323956389577521,-0.6888739146935746,1.0242258486310418,286.9057357311249,0.0
9,waypoint_70,-30.0,0.04323956389577521,-0.6888739146935746,1.0242258486310418,272.37823605537415,0.0
10,waypoint_70,-30.0,0.04323956389577521,-0.6888739146935746,1.0242258486310418,284.61918234825134,0.0
11,waypoint_70,-30.0,0.04323956389577521,-0.6888739146935746,1.0242258486310418,376.97353959083557,0.0
12,waypoint_70,-30.0,0.04323956389577521,-0.6888739146935746,1.0242258486310418,309.2908561229706,0.0
13,waypoint_70,-30.0,0.04323956389577521,-0.6888739146935746,1.0242258486310418,334.2394530773163,0.0
14,waypoint_70,-30.0,0.04323956389577521,-0.6888739146935746,1.0242258486310418,587.7435207366943,0.0
