Env_ID,Waypoint,Angle_X,Pos_X,Pos_Y,Pos_Z,Error_mm,Manipulability_Index
0,waypoint_01,-30.0,-0.23676043610422387,-0.8322438621242686,1.0638120569246137,0.012832590982725378,0.027346070855855942
1,waypoint_01,-30.0,-0.23676043610422387,-0.8322438621242686,1.0638120569246137,0.01468078244215576,0.01942531019449234
2,waypoint_01,-30.0,-0.23676043610422387,-0.8322438621242686,1.0638120569246137,0.015425976016558707,0.010546108707785606
3,waypoint_01,-30.0,-0.23676043610422387,-0.8322438621242686,1.0638120569246137,86.15735918283463,0.0
4,waypoint_01,-30.0,-0.23676043610422387,-0.8322438621242686,1.0638120569246137,0.013443192983686458,0.010074211284518242
5,waypoint_01,-30.0,-0.23676043610422387,-0.8322438621242686,1.0638120569246137,0.01605789475433994,0.019640356302261353
6,waypoint_01,-30.0,-0.23676043610422387,-0.8322438621242686,1.0638120569246137,0.008311375495395623,0.023257622495293617
7,waypoint_01,-30.0,-0.23676043610422387,-0.8322438621242686,1.0638120569246137,76.82227343320847,0.0
8,waypoint_01,-30.0,-0.23676043610422387,-0.8322438621242686,1.0638120569246137,279.5522212982178,0.0
9,waypoint_01,-30.0,-0.23676043610422387,-0.8322438621242686,1.0638120569246137,442.50908493995667,0.0
10,waypoint_01,-30.0,-0.23676043610422387,-0.8322438621242686,1.0638120569246137,566.5575265884399,0.0
11,waypoint_01,-30.0,-0.23676043610422387,-0.8322438621242686,1.0638120569246137,673.5037565231323,0.0
12,waypoint_01,-30.0,-0.23676043610422387,-0.8322438621242686,1.0638120569246137,584.2663645744324,0.0
13,waypoint_01,-30.0,-0.23676043610422387,-0.8322438621242686,1.0638120569246137,612.7405166625977,0.0
14,waypoint_01,-30.0,-0.23676043610422387,-0.8322438621242686,1.0638120569246137,920.4961061477661,0.0
0,waypoint_01,-15.0,-0.23676043610422387,-0.8322438621242686,1.0638120569246137,0.0037716131373599637,0.02470109984278679
1,waypoint_01,-15.0,-0.23676043610422387,-0.8322438621242686,1.0638120569246137,0.0036509973142528906,0.01803920604288578
2,waypoint_01,-15.0,-0.23676043610422387,-0.8322438621242686,1.0638120569246137,0.0051356932999624405,0.009459666907787323
3,waypoint_01,-15.0,-0.23676043610422387,-0.8322438621242686,1.0638120569246137,0.2746143436525017,0.0010448646498844028
4,waypoint_01,-15.0,-0.23676043610422387,-0.8322438621242686,1.0638120569246137,0.003718489097082056,0.009993460960686207
5,waypoint_01,-15.0,-0.23676043610422387,-0.8322438621242686,1.0638120569246137,0.004624644589057425,0.017285889014601707
6,waypoint_01,-15.0,-0.23676043610422387,-0.8322438621242686,1.0638120569246137,0.0060861711972393095,0.012055166997015476
7,waypoint_01,-15.0,-0.23676043610422387,-0.8322438621242686,1.0638120569246137,269.87746357917786,0.0
8,waypoint_01,-15.0,-0.23676043610422387,-0.8322438621242686,1.0638120569246137,352.6313006877899,0.0
9,waypoint_01,-15.0,-0.23676043610422387,-0.8322438621242686,1.0638120569246137,429.0224611759186,0.0
10,waypoint_01,-15.0,-0.23676043610422387,-0.8322438621242686,1.0638120569246137,557.3733448982239,0.0
11,waypoint_01,-15.0,-0.23676043610422387,-0.8322438621242686,1.0638120569246137,661.1037254333496,0.0
12,waypoint_01,-15.0,-0.23676043610422387,-0.8322438621242686,1.0638120569246137,583.0071568489075,0.0
13,waypoint_01,-15.0,-0.23676043610422387,-0.8322438621242686,1.0638120569246137,696.4493989944458,0.0
14,waypoint_01,-15.0,-0.23676043610422387,-0.8322438621242686,1.0638120569246137,913.2035374641418,0.0
0,waypoint_01,0.0,-0.23676043610422387,-0.8322438621242686,1.0638120569246137,0.004436443759914255,0.019994236528873444
1,waypoint_01,0.0,-0.23676043610422387,-0.8322438621242686,1.0638120569246137,0.005222469098953297,0.015765056014060974
2,waypoint_01,0.0,-0.23676043610422387,-0.8322438621242686,1.0638120569246137,0.002239739160359022,0.008208136074244976
3,waypoint_01,0.0,-0.23676043610422387,-0.8322438621242686,1.0638120569246137,0.1464391389163211,0.00054622144671157
4,waypoint_01,0.0,-0.23676043610422387,-0.8322438621242686,1.0638120569246137,0.0024870212200767128,0.00847577303647995
5,waypoint_01,0.0,-0.23676043610422387,-0.8322438621242686,1.0638120569246137,0.00479215395898791,0.010684182867407799
6,waypoint_01,0.0,-0.23676043610422387,-0.8322438621242686,1.0638120569246137,141.9975310564041,0.0
7,waypoint_01,0.0,-0.23676043610422387,-0.8322438621242686,1.0638120569246137,277.38431096076965,0.0
8,waypoint_01,0.0,-0.23676043610422387,-0.8322438621242686,1.0638120569246137,345.3902304172516,0.0
9,waypoint_01,0.0,-0.23676043610422387,-0.8322438621242686,1.0638120569246137,396.1050808429718,0.0
10,waypoint_01,0.0,-0.23676043610422387,-0.8322438621242686,1.0638120569246137,479.35980558395386,0.0
11,waypoint_01,0.0,-0.23676043610422387,-0.8322438621242686,1.0638120569246137,560.9869360923767,0.0
12,waypoint_01,0.0,-0.23676043610422387,-0.8322438621242686,1.0638120569246137,577.4970054626465,0.0
13,waypoint_01,0.0,-0.23676043610422387,-0.8322438621242686,1.0638120569246137,714.3352031707764,0.0
14,waypoint_01,0.0,-0.23676043610422387,-0.8322438621242686,1.0638120569246137,902.1251797676086,0.0
0,waypoint_01,15.0,-0.23676043610422387,-0.8322438621242686,1.0638120569246137,0.003948329776903847,0.010953783057630062
1,waypoint_01,15.0,-0.23676043610422387,-0.8322438621242686,1.0638120569246137,0.005865533239557408,0.01231902651488781
2,waypoint_01,15.0,-0.23676043610422387,-0.8322438621242686,1.0638120569246137,0.0019110702851321548,0.006987377069890499
3,waypoint_01,15.0,-0.23676043610422387,-0.8322438621242686,1.0638120569246137,30.154315754771233,0.0
4,waypoint_01,15.0,-0.23676043610422387,-0.8322438621242686,1.0638120569246137,0.004254953637428116,0.002848414471372962
5,waypoint_01,15.0,-0.23676043610422387,-0.8322438621242686,1.0638120569246137,70.33573091030121,0.0
6,waypoint_01,15.0,-0.23676043610422387,-0.8322438621242686,1.0638120569246137,259.00349020957947,0.0
7,waypoint_01,15.0,-0.23676043610422387,-0.8322438621242686,1.0638120569246137,297.50707745552063,0.0
8,waypoint_01,15.0,-0.23676043610422387,-0.8322438621242686,1.0638120569246137,337.71175146102905,0.0
9,waypoint_01,15.0,-0.23676043610422387,-0.8322438621242686,1.0638120569246137,390.27997851371765,0.0
10,waypoint_01,15.0,-0.23676043610422387,-0.8322438621242686,1.0638120569246137,457.3189914226532,0.0
11,waypoint_01,15.0,-0.23676043610422387,-0.8322438621242686,1.0638120569246137,551.0633587837219,0.0
12,waypoint_01,15.0,-0.23676043610422387,-0.8322438621242686,1.0638120569246137,570.5915093421936,0.0
13,waypoint_01,15.0,-0.23676043610422387,-0.8322438621242686,1.0638120569246137,705.8346271514893,0.0
14,waypoint_01,15.0,-0.23676043610422387,-0.8322438621242686,1.0638120569246137,849.9369025230408,0.0
0,waypoint_01,30.0,-0.23676043610422387,-0.8322438621242686,1.0638120569246137,75.87333768606186,0.0
1,waypoint_01,30.0,-0.23676043610422387,-0.8322438621242686,1.0638120569246137,0.0029084378638799535,0.006120898295193911
2,waypoint_01,30.0,-0.23676043610422387,-0.8322438621242686,1.0638120569246137,0.0067445494096318725,0.005736227612942457
3,waypoint_01,30.0,-0.23676043610422387,-0.8322438621242686,1.0638120569246137,30.063927173614502,0.0
4,waypoint_01,30.0,-0.23676043610422387,-0.8322438621242686,1.0638120569246137,88.96797150373459,0.0
5,waypoint_01,30.0,-0.23676043610422387,-0.8322438621242686,1.0638120569246137,189.26185369491577,0.0
6,waypoint_01,30.0,-0.23676043610422387,-0.8322438621242686,1.0638120569246137,260.23170351982117,0.0
7,waypoint_01,30.0,-0.23676043610422387,-0.8322438621242686,1.0638120569246137,297.7727949619293,0.0
8,waypoint_01,30.0,-0.23676043610422387,-0.8322438621242686,1.0638120569246137,324.6682584285736,0.0
9,waypoint_01,30.0,-0.23676043610422387,-0.8322438621242686,1.0638120569246137,373.16685914993286,0.0
10,waypoint_01,30.0,-0.23676043610422387,-0.8322438621242686,1.0638120569246137,443.99014115333557,0.0
11,waypoint_01,30.0,-0.23676043610422387,-0.8322438621242686,1.0638120569246137,539.6324992179871,0.0
12,waypoint_01,30.0,-0.23676043610422387,-0.8322438621242686,1.0638120569246137,557.2338104248047,0.0
13,waypoint_01,30.0,-0.23676043610422387,-0.8322438621242686,1.0638120569246137,697.6101398468018,0.0
14,waypoint_01,30.0,-0.23676043610422387,-0.8322438621242686,1.0638120569246137,723.5448956489563,0.0
0,waypoint_02,30.0,-0.2167604361042243,-0.8322438621242686,1.0638120569246137,83.02225917577744,0.0
1,waypoint_02,30.0,-0.2167604361042243,-0.8322438621242686,1.0638120569246137,0.011513574463606346,0.00431408965960145
2,waypoint_02,30.0,-0.2167604361042243,-0.8322438621242686,1.0638120569246137,0.008217662980314344,0.006281422916799784
3,waypoint_02,30.0,-0.2167604361042243,-0.8322438621242686,1.0638120569246137,1.0747804772108793,0.0027910969220101833
4,waypoint_02,30.0,-0.2167604361042243,-0.8322438621242686,1.0638120569246137,76.41107589006424,0.0
5,waypoint_02,30.0,-0.2167604361042243,-0.8322438621242686,1.0638120569246137,167.35363006591797,0.0
6,waypoint_02,30.0,-0.2167604361042243,-0.8322438621242686,1.0638120569246137,244.2692071199417,0.0
7,waypoint_02,30.0,-0.2167604361042243,-0.8322438621242686,1.0638120569246137,292.55297780036926,0.0
8,waypoint_02,30.0,-0.2167604361042243,-0.8322438621242686,1.0638120569246137,318.96427273750305,0.0
9,waypoint_02,30.0,-0.2167604361042243,-0.8322438621242686,1.0638120569246137,359.96079444885254,0.0
10,waypoint_02,30.0,-0.2167604361042243,-0.8322438621242686,1.0638120569246137,426.45207047462463,0.0
11,waypoint_02,30.0,-0.2167604361042243,-0.8322438621242686,1.0638120569246137,512.1731758117676,0.0
12,waypoint_02,30.0,-0.2167604361042243,-0.8322438621242686,1.0638120569246137,541.4801239967346,0.0
13,waypoint_02,30.0,-0.2167604361042243,-0.8322438621242686,1.0638120569246137,681.3349723815918,0.0
14,waypoint_02,30.0,-0.2167604361042243,-0.8322438621242686,1.0638120569246137,706.7593932151794,0.0
0,waypoint_02,15.0,-0.2167604361042243,-0.8322438621242686,1.0638120569246137,0.038173784560058266,0.00785160530358553
1,waypoint_02,15.0,-0.2167604361042243,-0.8322438621242686,1.0638120569246137,0.018853543224395253,0.012899386696517467
2,waypoint_02,15.0,-0.2167604361042243,-0.8322438621242686,1.0638120569246137,0.003198720833097468,0.008264456875622272
3,waypoint_02,15.0,-0.2167604361042243,-0.8322438621242686,1.0638120569246137,0.005272232101560803,0.0016757521079853177
4,waypoint_02,15.0,-0.2167604361042243,-0.8322438621242686,1.0638120569246137,0.03254113471484743,0.0029600809793919325
5,waypoint_02,15.0,-0.2167604361042243,-0.8322438621242686,1.0638120569246137,28.732111677527428,0.0
6,waypoint_02,15.0,-0.2167604361042243,-0.8322438621242686,1.0638120569246137,225.23848712444305,0.0
7,waypoint_02,15.0,-0.2167604361042243,-0.8322438621242686,1.0638120569246137,302.0307719707489,0.0
8,waypoint_02,15.0,-0.2167604361042243,-0.8322438621242686,1.0638120569246137,328.05293798446655,0.0
9,waypoint_02,15.0,-0.2167604361042243,-0.8322438621242686,1.0638120569246137,370.4816997051239,0.0
10,waypoint_02,15.0,-0.2167604361042243,-0.8322438621242686,1.0638120569246137,434.13737416267395,0.0
11,waypoint_02,15.0,-0.2167604361042243,-0.8322438621242686,1.0638120569246137,519.6234583854675,0.0
12,waypoint_02,15.0,-0.2167604361042243,-0.8322438621242686,1.0638120569246137,544.9765920639038,0.0
13,waypoint_02,15.0,-0.2167604361042243,-0.8322438621242686,1.0638120569246137,679.816722869873,0.0
14,waypoint_02,15.0,-0.2167604361042243,-0.8322438621242686,1.0638120569246137,707.4834108352661,0.0
0,waypoint_02,0.0,-0.2167604361042243,-0.8322438621242686,1.0638120569246137,1.009712927043438,0.009520347230136395
1,waypoint_02,0.0,-0.2167604361042243,-0.8322438621242686,1.0638120569246137,0.005127385520609096,0.017013564705848694
2,waypoint_02,0.0,-0.2167604361042243,-0.8322438621242686,1.0638120569246137,0.005070250153949019,0.00987709779292345
3,waypoint_02,0.0,-0.2167604361042243,-0.8322438621242686,1.0638120569246137,0.009098253940464929,0.0012261065421625972
4,waypoint_02,0.0,-0.2167604361042243,-0.8322438621242686,1.0638120569246137,0.012697328202193603,0.007093632593750954
5,waypoint_02,0.0,-0.2167604361042243,-0.8322438621242686,1.0638120569246137,0.00969047596299788,0.011303695850074291
6,waypoint_02,0.0,-0.2167604361042243,-0.8322438621242686,1.0638120569246137,58.00839886069298,0.0
7,waypoint_02,0.0,-0.2167604361042243,-0.8322438621242686,1.0638120569246137,319.48336958885193,0.0
8,waypoint_02,0.0,-0.2167604361042243,-0.8322438621242686,1.0638120569246137,330.04966378211975,0.0
9,waypoint_02,0.0,-0.2167604361042243,-0.8322438621242686,1.0638120569246137,375.0319480895996,0.0
10,waypoint_02,0.0,-0.2167604361042243,-0.8322438621242686,1.0638120569246137,439.70561027526855,0.0
11,waypoint_02,0.0,-0.2167604361042243,-0.8322438621242686,1.0638120569246137,527.5095105171204,0.0
12,waypoint_02,0.0,-0.2167604361042243,-0.8322438621242686,1.0638120569246137,545.3888177871704,0.0
13,waypoint_02,0.0,-0.2167604361042243,-0.8322438621242686,1.0638120569246137,680.5741190910339,0.0
14,waypoint_02,0.0,-0.2167604361042243,-0.8322438621242686,1.0638120569246137,707.0991396903992,0.0
0,waypoint_02,-15.0,-0.2167604361042243,-0.8322438621242686,1.0638120569246137,5.392943043261766,0.0
1,waypoint_02,-15.0,-0.2167604361042243,-0.8322438621242686,1.0638120569246137,0.004498472662817221,0.019616184756159782
2,waypoint_02,-15.0,-0.2167604361042243,-0.8322438621242686,1.0638120569246137,0.005070250153949019,0.01129649393260479
3,waypoint_02,-15.0,-0.2167604361042243,-0.8322438621242686,1.0638120569246137,0.011792082659667358,0.0019530709832906723
4,waypoint_02,-15.0,-0.2167604361042243,-0.8322438621242686,1.0638120569246137,0.003964492861996405,0.008132445625960827
5,waypoint_02,-15.0,-0.2167604361042243,-0.8322438621242686,1.0638120569246137,0.0149772604345344,0.016264233738183975
6,waypoint_02,-15.0,-0.2167604361042243,-0.8322438621242686,1.0638120569246137,276.68359875679016,0.0
7,waypoint_02,-15.0,-0.2167604361042243,-0.8322438621242686,1.0638120569246137,343.2116508483887,0.0
8,waypoint_02,-15.0,-0.2167604361042243,-0.8322438621242686,1.0638120569246137,330.7376205921173,0.0
9,waypoint_02,-15.0,-0.2167604361042243,-0.8322438621242686,1.0638120569246137,384.6943974494934,0.0
10,waypoint_02,-15.0,-0.2167604361042243,-0.8322438621242686,1.0638120569246137,514.7262215614319,0.0
11,waypoint_02,-15.0,-0.2167604361042243,-0.8322438621242686,1.0638120569246137,568.0041909217834,0.0
12,waypoint_02,-15.0,-0.2167604361042243,-0.8322438621242686,1.0638120569246137,540.5421853065491,0.0
13,waypoint_02,-15.0,-0.2167604361042243,-0.8322438621242686,1.0638120569246137,680.0984144210815,0.0
14,waypoint_02,-15.0,-0.2167604361042243,-0.8322438621242686,1.0638120569246137,704.6223878860474,0.0
0,waypoint_02,-30.0,-0.2167604361042243,-0.8322438621242686,1.0638120569246137,48.27943444252014,0.0
1,waypoint_02,-30.0,-0.2167604361042243,-0.8322438621242686,1.0638120569246137,0.005989303190290229,0.021155856549739838
2,waypoint_02,-30.0,-0.2167604361042243,-0.8322438621242686,1.0638120569246137,0.007193171768449247,0.012407726608216763
3,waypoint_02,-30.0,-0.2167604361042243,-0.8322438621242686,1.0638120569246137,0.004046097274112981,0.0031200451776385307
4,waypoint_02,-30.0,-0.2167604361042243,-0.8322438621242686,1.0638120569246137,0.0027855207918037195,0.008009537123143673
5,waypoint_02,-30.0,-0.2167604361042243,-0.8322438621242686,1.0638120569246137,0.006591098554054042,0.0179423950612545
6,waypoint_02,-30.0,-0.2167604361042243,-0.8322438621242686,1.0638120569246137,278.86566519737244,0.0
7,waypoint_02,-30.0,-0.2167604361042243,-0.8322438621242686,1.0638120569246137,343.67239475250244,0.0
8,waypoint_02,-30.0,-0.2167604361042243,-0.8322438621242686,1.0638120569246137,327.10495591163635,0.0
9,waypoint_02,-30.0,-0.2167604361042243,-0.8322438621242686,1.0638120569246137,391.7928636074066,0.0
10,waypoint_02,-30.0,-0.2167604361042243,-0.8322438621242686,1.0638120569246137,524.8299241065979,0.0
11,waypoint_02,-30.0,-0.2167604361042243,-0.8322438621242686,1.0638120569246137,640.6600475311279,0.0
12,waypoint_02,-30.0,-0.2167604361042243,-0.8322438621242686,1.0638120569246137,528.3463001251221,0.0
13,waypoint_02,-30.0,-0.2167604361042243,-0.8322438621242686,1.0638120569246137,677.6307821273804,0.0
14,waypoint_02,-30.0,-0.2167604361042243,-0.8322438621242686,1.0638120569246137,699.2769241333008,0.0
0,waypoint_03,-30.0,-0.1967604361042245,-0.8322438621242686,1.0638120569246137,45.54435610771179,0.0
1,waypoint_03,-30.0,-0.1967604361042245,-0.8322438621242686,1.0638120569246137,0.009781701919564512,0.022840464487671852
2,waypoint_03,-30.0,-0.1967604361042245,-0.8322438621242686,1.0638120569246137,0.009632376531953923,0.01424984261393547
3,waypoint_03,-30.0,-0.1967604361042245,-0.8322438621242686,1.0638120569246137,0.01056129713106202,0.004903340246528387
4,waypoint_03,-30.0,-0.1967604361042245,-0.8322438621242686,1.0638120569246137,0.013497655345418025,0.005967388395220041
5,waypoint_03,-30.0,-0.1967604361042245,-0.8322438621242686,1.0638120569246137,0.010757936252048239,0.01609567552804947
6,waypoint_03,-30.0,-0.1967604361042245,-0.8322438621242686,1.0638120569246137,279.1456878185272,0.0
7,waypoint_03,-30.0,-0.1967604361042245,-0.8322438621242686,1.0638120569246137,336.1879885196686,0.0
8,waypoint_03,-30.0,-0.1967604361042245,-0.8322438621242686,1.0638120569246137,321.6676712036133,0.0
9,waypoint_03,-30.0,-0.1967604361042245,-0.8322438621242686,1.0638120569246137,379.16454672813416,0.0
10,waypoint_03,-30.0,-0.1967604361042245,-0.8322438621242686,1.0638120569246137,508.81820917129517,0.0
11,waypoint_03,-30.0,-0.1967604361042245,-0.8322438621242686,1.0638120569246137,622.816801071167,0.0
12,waypoint_03,-30.0,-0.1967604361042245,-0.8322438621242686,1.0638120569246137,511.241614818573,0.0
13,waypoint_03,-30.0,-0.1967604361042245,-0.8322438621242686,1.0638120569246137,661.292552947998,0.0
14,waypoint_03,-30.0,-0.1967604361042245,-0.8322438621242686,1.0638120569246137,682.2266578674316,0.0
0,waypoint_03,-15.0,-0.1967604361042245,-0.8322438621242686,1.0638120569246137,16.056284308433533,0.0
1,waypoint_03,-15.0,-0.1967604361042245,-0.8322438621242686,1.0638120569246137,0.005162257821211824,0.021103115752339363
2,waypoint_03,-15.0,-0.1967604361042245,-0.8322438621242686,1.0638120569246137,0.003932099843950709,0.013095185160636902
3,waypoint_03,-15.0,-0.1967604361042245,-0.8322438621242686,1.0638120569246137,0.004498472662817221,0.003801214275881648
4,waypoint_03,-15.0,-0.1967604361042245,-0.8322438621242686,1.0638120569246137,0.005091227649245411,0.006223767064511776
5,waypoint_03,-15.0,-0.1967604361042245,-0.8322438621242686,1.0638120569246137,0.004504786375036929,0.014960379339754581
6,waypoint_03,-15.0,-0.1967604361042245,-0.8322438621242686,1.0638120569246137,275.3513753414154,0.0
7,waypoint_03,-15.0,-0.1967604361042245,-0.8322438621242686,1.0638120569246137,334.9599242210388,0.0
8,waypoint_03,-15.0,-0.1967604361042245,-0.8322438621242686,1.0638120569246137,321.9105303287506,0.0
9,waypoint_03,-15.0,-0.1967604361042245,-0.8322438621242686,1.0638120569246137,371.9295859336853,0.0
10,waypoint_03,-15.0,-0.1967604361042245,-0.8322438621242686,1.0638120569246137,481.05114698410034,0.0
11,waypoint_03,-15.0,-0.1967604361042245,-0.8322438621242686,1.0638120569246137,615.1891350746155,0.0
12,waypoint_03,-15.0,-0.1967604361042245,-0.8322438621242686,1.0638120569246137,510.4559659957886,0.0
13,waypoint_03,-15.0,-0.1967604361042245,-0.8322438621242686,1.0638120569246137,657.87273645401,0.0
14,waypoint_03,-15.0,-0.1967604361042245,-0.8322438621242686,1.0638120569246137,678.9371967315674,0.0
0,waypoint_03,0.0,-0.1967604361042245,-0.8322438621242686,1.0638120569246137,32.84323588013649,0.0
1,waypoint_03,0.0,-0.1967604361042245,-0.8322438621242686,1.0638120569246137,0.0028863669285783544,0.018106888979673386
2,waypoint_03,0.0,-0.1967604361042245,-0.8322438621242686,1.0638120569246137,0.004436443759914255,0.011489829048514366
3,waypoint_03,0.0,-0.1967604361042245,-0.8322438621242686,1.0638120569246137,0.004537788754532812,0.002993013011291623
4,waypoint_03,0.0,-0.1967604361042245,-0.8322438621242686,1.0638120569246137,0.002351930106669897,0.0055749197490513325
5,waypoint_03,0.0,-0.1967604361042245,-0.8322438621242686,1.0638120569246137,0.0043978375288133975,0.011200407519936562
6,waypoint_03,0.0,-0.1967604361042245,-0.8322438621242686,1.0638120569246137,5.828828550875187,0.0
7,waypoint_03,0.0,-0.1967604361042245,-0.8322438621242686,1.0638120569246137,325.51881670951843,0.0
8,waypoint_03,0.0,-0.1967604361042245,-0.8322438621242686,1.0638120569246137,313.8592541217804,0.0
9,waypoint_03,0.0,-0.1967604361042245,-0.8322438621242686,1.0638120569246137,355.8095693588257,0.0
10,waypoint_03,0.0,-0.1967604361042245,-0.8322438621242686,1.0638120569246137,447.35559821128845,0.0
11,waypoint_03,0.0,-0.1967604361042245,-0.8322438621242686,1.0638120569246137,500.93352794647217,0.0
12,waypoint_03,0.0,-0.1967604361042245,-0.8322438621242686,1.0638120569246137,505.42014837265015,0.0
13,waypoint_03,0.0,-0.1967604361042245,-0.8322438621242686,1.0638120569246137,649.4073867797852,0.0
14,waypoint_03,0.0,-0.1967604361042245,-0.8322438621242686,1.0638120569246137,664.151132106781,0.0
0,waypoint_03,15.0,-0.1967604361042245,-0.8322438621242686,1.0638120569246137,0.600637577008456,4.1916681681186674e-08
1,waypoint_03,15.0,-0.1967604361042245,-0.8322438621242686,1.0638120569246137,0.003504023197820061,0.01317666471004486
2,waypoint_03,15.0,-0.1967604361042245,-0.8322438621242686,1.0638120569246137,0.002678895498320344,0.009461993351578712
3,waypoint_03,15.0,-0.1967604361042245,-0.8322438621242686,1.0638120569246137,0.004887580871582031,0.002941334852948785
4,waypoint_03,15.0,-0.1967604361042245,-0.8322438621242686,1.0638120569246137,0.0066608022279979195,0.002475222572684288
5,waypoint_03,15.0,-0.1967604361042245,-0.8322438621242686,1.0638120569246137,4.104491788893938,0.0
6,waypoint_03,15.0,-0.1967604361042245,-0.8322438621242686,1.0638120569246137,189.63313102722168,0.0
7,waypoint_03,15.0,-0.1967604361042245,-0.8322438621242686,1.0638120569246137,316.29112362861633,0.0
8,waypoint_03,15.0,-0.1967604361042245,-0.8322438621242686,1.0638120569246137,304.5661449432373,0.0
9,waypoint_03,15.0,-0.1967604361042245,-0.8322438621242686,1.0638120569246137,344.6506857872009,0.0
10,waypoint_03,15.0,-0.1967604361042245,-0.8322438621242686,1.0638120569246137,406.2249958515167,0.0
11,waypoint_03,15.0,-0.1967604361042245,-0.8322438621242686,1.0638120569246137,493.8327372074127,0.0
12,waypoint_03,15.0,-0.1967604361042245,-0.8322438621242686,1.0638120569246137,497.9987442493439,0.0
13,waypoint_03,15.0,-0.1967604361042245,-0.8322438621242686,1.0638120569246137,641.0765647888184,0.0
14,waypoint_03,15.0,-0.1967604361042245,-0.8322438621242686,1.0638120569246137,656.3113331794739,0.0
0,waypoint_03,30.0,-0.1967604361042245,-0.8322438621242686,1.0638120569246137,90.1273712515831,0.0
1,waypoint_03,30.0,-0.1967604361042245,-0.8322438621242686,1.0638120569246137,0.4658026446122676,4.387057686017215e-07
2,waypoint_03,30.0,-0.1967604361042245,-0.8322438621242686,1.0638120569246137,0.004103640094399452,0.006650048773735762
3,waypoint_03,30.0,-0.1967604361042245,-0.8322438621242686,1.0638120569246137,0.004144987542531453,0.0035219895653426647
4,waypoint_03,30.0,-0.1967604361042245,-0.8322438621242686,1.0638120569246137,64.83051180839539,0.0
5,waypoint_03,30.0,-0.1967604361042245,-0.8322438621242686,1.0638120569246137,147.51850068569183,0.0
6,waypoint_03,30.0,-0.1967604361042245,-0.8322438621242686,1.0638120569246137,251.60366296768188,0.0
7,waypoint_03,30.0,-0.1967604361042245,-0.8322438621242686,1.0638120569246137,298.0918884277344,0.0
8,waypoint_03,30.0,-0.1967604361042245,-0.8322438621242686,1.0638120569246137,294.5122420787811,0.0
9,waypoint_03,30.0,-0.1967604361042245,-0.8322438621242686,1.0638120569246137,326.00679993629456,0.0
10,waypoint_03,30.0,-0.1967604361042245,-0.8322438621242686,1.0638120569246137,386.4041268825531,0.0
11,waypoint_03,30.0,-0.1967604361042245,-0.8322438621242686,1.0638120569246137,486.96866631507874,0.0
12,waypoint_03,30.0,-0.1967604361042245,-0.8322438621242686,1.0638120569246137,489.3147647380829,0.0
13,waypoint_03,30.0,-0.1967604361042245,-0.8322438621242686,1.0638120569246137,631.452202796936,0.0
14,waypoint_03,30.0,-0.1967604361042245,-0.8322438621242686,1.0638120569246137,640.9434676170349,0.0
0,waypoint_04,30.0,-0.17676043610422398,-0.8322438621242686,1.0638120569246137,94.48204189538956,0.0
1,waypoint_04,30.0,-0.17676043610422398,-0.8322438621242686,1.0638120569246137,4.937076475471258,0.0
2,waypoint_04,30.0,-0.17676043610422398,-0.8322438621242686,1.0638120569246137,0.011018963050446473,0.006762571632862091
3,waypoint_04,30.0,-0.17676043610422398,-0.8322438621242686,1.0638120569246137,0.007867813110351562,0.004320087376981974
4,waypoint_04,30.0,-0.17676043610422398,-0.8322438621242686,1.0638120569246137,49.93116110563278,0.0
5,waypoint_04,30.0,-0.17676043610422398,-0.8322438621242686,1.0638120569246137,126.80000066757202,0.0
6,waypoint_04,30.0,-0.17676043610422398,-0.8322438621242686,1.0638120569246137,244.85847353935242,0.0
7,waypoint_04,30.0,-0.17676043610422398,-0.8322438621242686,1.0638120569246137,297.9537546634674,0.0
8,waypoint_04,30.0,-0.17676043610422398,-0.8322438621242686,1.0638120569246137,291.6572093963623,0.0
9,waypoint_04,30.0,-0.17676043610422398,-0.8322438621242686,1.0638120569246137,312.6032054424286,0.0
10,waypoint_04,30.0,-0.17676043610422398,-0.8322438621242686,1.0638120569246137,370.6057369709015,0.0
11,waypoint_04,30.0,-0.17676043610422398,-0.8322438621242686,1.0638120569246137,468.8372313976288,0.0
12,waypoint_04,30.0,-0.17676043610422398,-0.8322438621242686,1.0638120569246137,474.8706817626953,0.0
13,waypoint_04,30.0,-0.17676043610422398,-0.8322438621242686,1.0638120569246137,616.0106658935547,0.0
14,waypoint_04,30.0,-0.17676043610422398,-0.8322438621242686,1.0638120569246137,621.8209266662598,0.0
0,waypoint_04,15.0,-0.17676043610422398,-0.8322438621242686,1.0638120569246137,6.559325382113457,0.0
1,waypoint_04,15.0,-0.17676043610422398,-0.8322438621242686,1.0638120569246137,0.13105390826240182,0.007480447180569172
2,waypoint_04,15.0,-0.17676043610422398,-0.8322438621242686,1.0638120569246137,0.003860982815240277,0.010550524108111858
3,waypoint_04,15.0,-0.17676043610422398,-0.8322438621242686,1.0638120569246137,0.005581235654972261,0.004298599902540445
4,waypoint_04,15.0,-0.17676043610422398,-0.8322438621242686,1.0638120569246137,0.019207220248063095,0.0016079547349363565
5,waypoint_04,15.0,-0.17676043610422398,-0.8322438621242686,1.0638120569246137,0.41371717816218734,9.772135172170238e-07
6,waypoint_04,15.0,-0.17676043610422398,-0.8322438621242686,1.0638120569246137,153.26696634292603,0.0
7,waypoint_04,15.0,-0.17676043610422398,-0.8322438621242686,1.0638120569246137,310.33027172088623,0.0
8,waypoint_04,15.0,-0.17676043610422398,-0.8322438621242686,1.0638120569246137,298.9371716976166,0.0
9,waypoint_04,15.0,-0.17676043610422398,-0.8322438621242686,1.0638120569246137,326.5661299228668,0.0
10,waypoint_04,15.0,-0.17676043610422398,-0.8322438621242686,1.0638120569246137,382.28797912597656,0.0
11,waypoint_04,15.0,-0.17676043610422398,-0.8322438621242686,1.0638120569246137,473.79836440086365,0.0
12,waypoint_04,15.0,-0.17676043610422398,-0.8322438621242686,1.0638120569246137,481.66167736053467,0.0
13,waypoint_04,15.0,-0.17676043610422398,-0.8322438621242686,1.0638120569246137,615.3149604797363,0.0
14,waypoint_04,15.0,-0.17676043610422398,-0.8322438621242686,1.0638120569246137,626.2860894203186,0.0
0,waypoint_04,0.0,-0.17676043610422398,-0.8322438621242686,1.0638120569246137,0.4412137786857784,0.01034366525709629
1,waypoint_04,0.0,-0.17676043610422398,-0.8322438621242686,1.0638120569246137,53.78565937280655,0.0
2,waypoint_04,0.0,-0.17676043610422398,-0.8322438621242686,1.0638120569246137,0.0040478530536347535,0.013033060356974602
3,waypoint_04,0.0,-0.17676043610422398,-0.8322438621242686,1.0638120569246137,0.004185927082289709,0.004754367284476757
4,waypoint_04,0.0,-0.17676043610422398,-0.8322438621242686,1.0638120569246137,0.009327507541456725,0.003955329768359661
5,waypoint_04,0.0,-0.17676043610422398,-0.8322438621242686,1.0638120569246137,0.00860951877257321,0.010608888231217861
6,waypoint_04,0.0,-0.17676043610422398,-0.8322438621242686,1.0638120569246137,0.01162306853075279,0.003292887704446912
7,waypoint_04,0.0,-0.17676043610422398,-0.8322438621242686,1.0638120569246137,320.8921253681183,0.0
8,waypoint_04,0.0,-0.17676043610422398,-0.8322438621242686,1.0638120569246137,302.72263288497925,0.0
9,waypoint_04,0.0,-0.17676043610422398,-0.8322438621242686,1.0638120569246137,338.9933407306671,0.0
10,waypoint_04,0.0,-0.17676043610422398,-0.8322438621242686,1.0638120569246137,399.93104338645935,0.0
11,waypoint_04,0.0,-0.17676043610422398,-0.8322438621242686,1.0638120569246137,479.7329604625702,0.0
12,waypoint_04,0.0,-0.17676043610422398,-0.8322438621242686,1.0638120569246137,480.8928668498993,0.0
13,waypoint_04,0.0,-0.17676043610422398,-0.8322438621242686,1.0638120569246137,615.7762408256531,0.0
14,waypoint_04,0.0,-0.17676043610422398,-0.8322438621242686,1.0638120569246137,628.4841895103455,0.0
0,waypoint_04,-15.0,-0.17676043610422398,-0.8322438621242686,1.0638120569246137,23.854123428463936,0.0
1,waypoint_04,-15.0,-0.17676043610422398,-0.8322438621242686,1.0638120569246137,34.34473276138306,0.0
2,waypoint_04,-15.0,-0.17676043610422398,-0.8322438621242686,1.0638120569246137,0.0031291019695345312,0.014849149622023106
3,waypoint_04,-15.0,-0.17676043610422398,-0.8322438621242686,1.0638120569246137,0.00518114893566235,0.005700349807739258
4,waypoint_04,-15.0,-0.17676043610422398,-0.8322438621242686,1.0638120569246137,0.007695464773860294,0.004297921899706125
5,waypoint_04,-15.0,-0.17676043610422398,-0.8322438621242686,1.0638120569246137,0.0037716131373599637,0.013445921242237091
6,waypoint_04,-15.0,-0.17676043610422398,-0.8322438621242686,1.0638120569246137,270.3613042831421,0.0
7,waypoint_04,-15.0,-0.17676043610422398,-0.8322438621242686,1.0638120569246137,323.6945569515228,0.0
8,waypoint_04,-15.0,-0.17676043610422398,-0.8322438621242686,1.0638120569246137,304.71575260162354,0.0
9,waypoint_04,-15.0,-0.17676043610422398,-0.8322438621242686,1.0638120569246137,348.76829385757446,0.0
10,waypoint_04,-15.0,-0.17676043610422398,-0.8322438621242686,1.0638120569246137,407.0477485656738,0.0
11,waypoint_04,-15.0,-0.17676043610422398,-0.8322438621242686,1.0638120569246137,527.447760105133,0.0
12,waypoint_04,-15.0,-0.17676043610422398,-0.8322438621242686,1.0638120569246137,480.0025522708893,0.0
13,waypoint_04,-15.0,-0.17676043610422398,-0.8322438621242686,1.0638120569246137,612.8621697425842,0.0
14,waypoint_04,-15.0,-0.17676043610422398,-0.8322438621242686,1.0638120569246137,629.5667290687561,0.0
0,waypoint_04,-30.0,-0.17676043610422398,-0.8322438621242686,1.0638120569246137,53.132638335227966,0.0
1,waypoint_04,-30.0,-0.17676043610422398,-0.8322438621242686,1.0638120569246137,19.776789471507072,0.0
2,waypoint_04,-30.0,-0.17676043610422398,-0.8322438621242686,1.0638120569246137,0.0057862571338773705,0.016066888347268105
3,waypoint_04,-30.0,-0.17676043610422398,-0.8322438621242686,1.0638120569246137,0.0036393016671354417,0.006778433918952942
4,waypoint_04,-30.0,-0.17676043610422398,-0.8322438621242686,1.0638120569246137,0.00442080045104376,0.004005218390375376
5,waypoint_04,-30.0,-0.17676043610422398,-0.8322438621242686,1.0638120569246137,0.0020921145278407494,0.01414624135941267
6,waypoint_04,-30.0,-0.17676043610422398,-0.8322438621242686,1.0638120569246137,275.76547861099243,0.0
7,waypoint_04,-30.0,-0.17676043610422398,-0.8322438621242686,1.0638120569246137,323.6946165561676,0.0
8,waypoint_04,-30.0,-0.17676043610422398,-0.8322438621242686,1.0638120569246137,302.6135563850403,0.0
9,waypoint_04,-30.0,-0.17676043610422398,-0.8322438621242686,1.0638120569246137,353.0188202857971,0.0
10,waypoint_04,-30.0,-0.17676043610422398,-0.8322438621242686,1.0638120569246137,415.7980680465698,0.0
11,waypoint_04,-30.0,-0.17676043610422398,-0.8322438621242686,1.0638120569246137,576.4397382736206,0.0
12,waypoint_04,-30.0,-0.17676043610422398,-0.8322438621242686,1.0638120569246137,485.70168018341064,0.0
13,waypoint_04,-30.0,-0.17676043610422398,-0.8322438621242686,1.0638120569246137,604.5165061950684,0.0
14,waypoint_04,-30.0,-0.17676043610422398,-0.8322438621242686,1.0638120569246137,662.3502969741821,0.0
0,waypoint_05,-30.0,-0.1567604361042244,-0.8322438621242686,1.0638120569246137,50.187136977910995,0.0
1,waypoint_05,-30.0,-0.1567604361042244,-0.8322438621242686,1.0638120569246137,6.75863167271018,0.0
2,waypoint_05,-30.0,-0.1567604361042244,-0.8322438621242686,1.0638120569246137,0.008176054507202934,0.017859209328889847
3,waypoint_05,-30.0,-0.1567604361042244,-0.8322438621242686,1.0638120569246137,0.011162471309944522,0.008668295107781887
4,waypoint_05,-30.0,-0.1567604361042244,-0.8322438621242686,1.0638120569246137,0.010250612831441686,0.0023073714692145586
5,waypoint_05,-30.0,-0.1567604361042244,-0.8322438621242686,1.0638120569246137,0.011076204827986658,0.012127012014389038
6,waypoint_05,-30.0,-0.1567604361042244,-0.8322438621242686,1.0638120569246137,276.74299478530884,0.0
7,waypoint_05,-30.0,-0.1567604361042244,-0.8322438621242686,1.0638120569246137,322.86596298217773,0.0
8,waypoint_05,-30.0,-0.1567604361042244,-0.8322438621242686,1.0638120569246137,302.24987864494324,0.0
9,waypoint_05,-30.0,-0.1567604361042244,-0.8322438621242686,1.0638120569246137,342.81793236732483,0.0
10,waypoint_05,-30.0,-0.1567604361042244,-0.8322438621242686,1.0638120569246137,402.30441093444824,0.0
11,waypoint_05,-30.0,-0.1567604361042244,-0.8322438621242686,1.0638120569246137,559.6994757652283,0.0
12,waypoint_05,-30.0,-0.1567604361042244,-0.8322438621242686,1.0638120569246137,481.91317915916443,0.0
13,waypoint_05,-30.0,-0.1567604361042244,-0.8322438621242686,1.0638120569246137,588.381290435791,0.0
14,waypoint_05,-30.0,-0.1567604361042244,-0.8322438621242686,1.0638120569246137,697.9276537895203,0.0
0,waypoint_05,-15.0,-0.1567604361042244,-0.8322438621242686,1.0638120569246137,41.91607981920242,0.0
1,waypoint_05,-15.0,-0.1567604361042244,-0.8322438621242686,1.0638120569246137,8.916816674172878,0.0
2,waypoint_05,-15.0,-0.1567604361042244,-0.8322438621242686,1.0638120569246137,0.003933906555175781,0.016550179570913315
3,waypoint_05,-15.0,-0.1567604361042244,-0.8322438621242686,1.0638120569246137,0.004108831490157172,0.007591823115944862
4,waypoint_05,-15.0,-0.1567604361042244,-0.8322438621242686,1.0638120569246137,0.005586326096818084,0.002412866335362196
5,waypoint_05,-15.0,-0.1567604361042244,-0.8322438621242686,1.0638120569246137,0.003754619456231012,0.01177569106221199
6,waypoint_05,-15.0,-0.1567604361042244,-0.8322438621242686,1.0638120569246137,271.436870098114,0.0
7,waypoint_05,-15.0,-0.1567604361042244,-0.8322438621242686,1.0638120569246137,323.9535987377167,0.0
8,waypoint_05,-15.0,-0.1567604361042244,-0.8322438621242686,1.0638120569246137,304.8960268497467,0.0
9,waypoint_05,-15.0,-0.1567604361042244,-0.8322438621242686,1.0638120569246137,331.7523002624512,0.0
10,waypoint_05,-15.0,-0.1567604361042244,-0.8322438621242686,1.0638120569246137,392.515629529953,0.0
11,waypoint_05,-15.0,-0.1567604361042244,-0.8322438621242686,1.0638120569246137,551.2231588363647,0.0
12,waypoint_05,-15.0,-0.1567604361042244,-0.8322438621242686,1.0638120569246137,473.00317883491516,0.0
13,waypoint_05,-15.0,-0.1567604361042244,-0.8322438621242686,1.0638120569246137,580.7429552078247,0.0
14,waypoint_05,-15.0,-0.1567604361042244,-0.8322438621242686,1.0638120569246137,708.224356174469,0.0
0,waypoint_05,0.0,-0.1567604361042244,-0.8322438621242686,1.0638120569246137,0.12637315376196057,0.010700605809688568
1,waypoint_05,0.0,-0.1567604361042244,-0.8322438621242686,1.0638120569246137,51.558736711740494,0.0
2,waypoint_05,0.0,-0.1567604361042244,-0.8322438621242686,1.0638120569246137,0.004587622242979705,0.01448996551334858
3,waypoint_05,0.0,-0.1567604361042244,-0.8322438621242686,1.0638120569246137,0.005070250153949019,0.006497071124613285
4,waypoint_05,0.0,-0.1567604361042244,-0.8322438621242686,1.0638120569246137,0.00463845162812504,0.0022671720944344997
5,waypoint_05,0.0,-0.1567604361042244,-0.8322438621242686,1.0638120569246137,0.0033717478800099343,0.009668862447142601
6,waypoint_05,0.0,-0.1567604361042244,-0.8322438621242686,1.0638120569246137,40.2204766869545,0.0
7,waypoint_05,0.0,-0.1567604361042244,-0.8322438621242686,1.0638120569246137,323.5004246234894,0.0
8,waypoint_05,0.0,-0.1567604361042244,-0.8322438621242686,1.0638120569246137,303.28676104545593,0.0
9,waypoint_05,0.0,-0.1567604361042244,-0.8322438621242686,1.0638120569246137,310.7573091983795,0.0
10,waypoint_05,0.0,-0.1567604361042244,-0.8322438621242686,1.0638120569246137,364.77208137512207,0.0
11,waypoint_05,0.0,-0.1567604361042244,-0.8322438621242686,1.0638120569246137,522.3846435546875,0.0
12,waypoint_05,0.0,-0.1567604361042244,-0.8322438621242686,1.0638120569246137,460.60094237327576,0.0
13,waypoint_05,0.0,-0.1567604361042244,-0.8322438621242686,1.0638120569246137,569.5971846580505,0.0
14,waypoint_05,0.0,-0.1567604361042244,-0.8322438621242686,1.0638120569246137,689.4829273223877,0.0
0,waypoint_05,15.0,-0.1567604361042244,-0.8322438621242686,1.0638120569246137,93.54200959205627,0.0
1,waypoint_05,15.0,-0.1567604361042244,-0.8322438621242686,1.0638120569246137,0.06819180271122605,0.0079616978764534
2,waypoint_05,15.0,-0.1567604361042244,-0.8322438621242686,1.0638120569246137,0.0019660499219753547,0.011495698243379593
3,waypoint_05,15.0,-0.1567604361042244,-0.8322438621242686,1.0638120569246137,0.0040810687096382026,0.0056569394655525684
4,waypoint_05,15.0,-0.1567604361042244,-0.8322438621242686,1.0638120569246137,46.29454016685486,0.0
5,waypoint_05,15.0,-0.1567604361042244,-0.8322438621242686,1.0638120569246137,0.00710571384843206,0.0010930087883025408
6,waypoint_05,15.0,-0.1567604361042244,-0.8322438621242686,1.0638120569246137,114.02188241481781,0.0
7,waypoint_05,15.0,-0.1567604361042244,-0.8322438621242686,1.0638120569246137,318.8994824886322,0.0
8,waypoint_05,15.0,-0.1567604361042244,-0.8322438621242686,1.0638120569246137,295.7472801208496,0.0
9,waypoint_05,15.0,-0.1567604361042244,-0.8322438621242686,1.0638120569246137,287.07048296928406,0.0
10,waypoint_05,15.0,-0.1567604361042244,-0.8322438621242686,1.0638120569246137,342.8589999675751,0.0
11,waypoint_05,15.0,-0.1567604361042244,-0.8322438621242686,1.0638120569246137,501.6555190086365,0.0
12,waypoint_05,15.0,-0.1567604361042244,-0.8322438621242686,1.0638120569246137,449.925035238266,0.0
13,waypoint_05,15.0,-0.1567604361042244,-0.8322438621242686,1.0638120569246137,561.1879229545593,0.0
14,waypoint_05,15.0,-0.1567604361042244,-0.8322438621242686,1.0638120569246137,669.1357493400574,0.0
0,waypoint_05,30.0,-0.1567604361042244,-0.8322438621242686,1.0638120569246137,149.86708760261536,0.0
1,waypoint_05,30.0,-0.1567604361042244,-0.8322438621242686,1.0638120569246137,21.71669527888298,0.0
2,waypoint_05,30.0,-0.1567604361042244,-0.8322438621242686,1.0638120569246137,0.0036000415093440097,0.006487781647592783
3,waypoint_05,30.0,-0.1567604361042244,-0.8322438621242686,1.0638120569246137,0.004324521341914078,0.005069784354418516
4,waypoint_05,30.0,-0.1567604361042244,-0.8322438621242686,1.0638120569246137,28.12470868229866,0.0
5,waypoint_05,30.0,-0.1567604361042244,-0.8322438621242686,1.0638120569246137,105.88594526052475,0.0
6,waypoint_05,30.0,-0.1567604361042244,-0.8322438621242686,1.0638120569246137,221.5825468301773,0.0
7,waypoint_05,30.0,-0.1567604361042244,-0.8322438621242686,1.0638120569246137,315.3313398361206,0.0
8,waypoint_05,30.0,-0.1567604361042244,-0.8322438621242686,1.0638120569246137,287.81965374946594,0.0
9,waypoint_05,30.0,-0.1567604361042244,-0.8322438621242686,1.0638120569246137,262.857049703598,0.0
10,waypoint_05,30.0,-0.1567604361042244,-0.8322438621242686,1.0638120569246137,322.6169943809509,0.0
11,waypoint_05,30.0,-0.1567604361042244,-0.8322438621242686,1.0638120569246137,460.2993428707123,0.0
12,waypoint_05,30.0,-0.1567604361042244,-0.8322438621242686,1.0638120569246137,432.46927857398987,0.0
13,waypoint_05,30.0,-0.1567604361042244,-0.8322438621242686,1.0638120569246137,537.216305732727,0.0
14,waypoint_05,30.0,-0.1567604361042244,-0.8322438621242686,1.0638120569246137,649.002194404602,0.0
0,waypoint_06,30.0,-0.13676043610422478,-0.8322438621242686,1.0638120569246137,111.80152744054794,0.0
1,waypoint_06,30.0,-0.13676043610422478,-0.8322438621242686,1.0638120569246137,69.64053213596344,0.0
2,waypoint_06,30.0,-0.13676043610422478,-0.8322438621242686,1.0638120569246137,0.01024437187879812,0.005565498489886522
3,waypoint_06,30.0,-0.13676043610422478,-0.8322438621242686,1.0638120569246137,0.01098020493373042,0.005736366380006075
4,waypoint_06,30.0,-0.13676043610422478,-0.8322438621242686,1.0638120569246137,43.41387376189232,0.0
5,waypoint_06,30.0,-0.13676043610422478,-0.8322438621242686,1.0638120569246137,88.06375414133072,0.0
6,waypoint_06,30.0,-0.13676043610422478,-0.8322438621242686,1.0638120569246137,190.50629436969757,0.0
7,waypoint_06,30.0,-0.13676043610422478,-0.8322438621242686,1.0638120569246137,319.2543387413025,0.0
8,waypoint_06,30.0,-0.13676043610422478,-0.8322438621242686,1.0638120569246137,291.9926643371582,0.0
9,waypoint_06,30.0,-0.13676043610422478,-0.8322438621242686,1.0638120569246137,257.29140639305115,0.0
10,waypoint_06,30.0,-0.13676043610422478,-0.8322438621242686,1.0638120569246137,316.05133414268494,0.0
11,waypoint_06,30.0,-0.13676043610422478,-0.8322438621242686,1.0638120569246137,445.0913965702057,0.0
12,waypoint_06,30.0,-0.13676043610422478,-0.8322438621242686,1.0638120569246137,417.07727313041687,0.0
13,waypoint_06,30.0,-0.13676043610422478,-0.8322438621242686,1.0638120569246137,521.9576358795166,0.0
14,waypoint_06,30.0,-0.13676043610422478,-0.8322438621242686,1.0638120569246137,630.7858228683472,0.0
0,waypoint_06,15.0,-0.13676043610422478,-0.8322438621242686,1.0638120569246137,88.09000253677368,0.0
1,waypoint_06,15.0,-0.13676043610422478,-0.8322438621242686,1.0638120569246137,0.016675778169883415,0.008409489877521992
2,waypoint_06,15.0,-0.13676043610422478,-0.8322438621242686,1.0638120569246137,0.00920925504033221,0.012256232090294361
3,waypoint_06,15.0,-0.13676043610422478,-0.8322438621242686,1.0638120569246137,0.003471426907708519,0.006987282074987888
4,waypoint_06,15.0,-0.13676043610422478,-0.8322438621242686,1.0638120569246137,64.5645409822464,0.0
5,waypoint_06,15.0,-0.13676043610422478,-0.8322438621242686,1.0638120569246137,0.012985060493519995,0.002848462201654911
6,waypoint_06,15.0,-0.13676043610422478,-0.8322438621242686,1.0638120569246137,73.38077574968338,0.0
7,waypoint_06,15.0,-0.13676043610422478,-0.8322438621242686,1.0638120569246137,320.8199441432953,0.0
8,waypoint_06,15.0,-0.13676043610422478,-0.8322438621242686,1.0638120569246137,299.4838356971741,0.0
9,waypoint_06,15.0,-0.13676043610422478,-0.8322438621242686,1.0638120569246137,278.0931890010834,0.0
10,waypoint_06,15.0,-0.13676043610422478,-0.8322438621242686,1.0638120569246137,329.3554186820984,0.0
11,waypoint_06,15.0,-0.13676043610422478,-0.8322438621242686,1.0638120569246137,450.6182670593262,0.0
12,waypoint_06,15.0,-0.13676043610422478,-0.8322438621242686,1.0638120569246137,435.0796639919281,0.0
13,waypoint_06,15.0,-0.13676043610422478,-0.8322438621242686,1.0638120569246137,525.4558324813843,0.0
14,waypoint_06,15.0,-0.13676043610422478,-0.8322438621242686,1.0638120569246137,651.557445526123,0.0
0,waypoint_06,0.0,-0.13676043610422478,-0.8322438621242686,1.0638120569246137,0.040933249692898244,0.010987735353410244
1,waypoint_06,0.0,-0.13676043610422478,-0.8322438621242686,1.0638120569246137,36.774516105651855,0.0
2,waypoint_06,0.0,-0.13676043610422478,-0.8322438621242686,1.0638120569246137,0.004163801349932328,0.015840351581573486
3,waypoint_06,0.0,-0.13676043610422478,-0.8322438621242686,1.0638120569246137,0.00470234954264015,0.00820859707891941
4,waypoint_06,0.0,-0.13676043610422478,-0.8322438621242686,1.0638120569246137,71.84234261512756,0.0
5,waypoint_06,0.0,-0.13676043610422478,-0.8322438621242686,1.0638120569246137,0.01604727003723383,0.008474292233586311
6,waypoint_06,0.0,-0.13676043610422478,-0.8322438621242686,1.0638120569246137,257.1689188480377,0.0
7,waypoint_06,0.0,-0.13676043610422478,-0.8322438621242686,1.0638120569246137,326.22092962265015,0.0
8,waypoint_06,0.0,-0.13676043610422478,-0.8322438621242686,1.0638120569246137,304.23179268836975,0.0
9,waypoint_06,0.0,-0.13676043610422478,-0.8322438621242686,1.0638120569246137,288.2579267024994,0.0
10,waypoint_06,0.0,-0.13676043610422478,-0.8322438621242686,1.0638120569246137,348.62133860588074,0.0
11,waypoint_06,0.0,-0.13676043610422478,-0.8322438621242686,1.0638120569246137,473.30430150032043,0.0
12,waypoint_06,0.0,-0.13676043610422478,-0.8322438621242686,1.0638120569246137,451.5860378742218,0.0
13,waypoint_06,0.0,-0.13676043610422478,-0.8322438621242686,1.0638120569246137,520.6069350242615,0.0
14,waypoint_06,0.0,-0.13676043610422478,-0.8322438621242686,1.0638120569246137,667.460024356842,0.0
0,waypoint_06,-15.0,-0.13676043610422478,-0.8322438621242686,1.0638120569246137,46.561989933252335,0.0
1,waypoint_06,-15.0,-0.13676043610422478,-0.8322438621242686,1.0638120569246137,50.061095505952835,0.0
2,waypoint_06,-15.0,-0.13676043610422478,-0.8322438621242686,1.0638120569246137,0.008190814696718007,0.018187928944826126
3,waypoint_06,-15.0,-0.13676043610422478,-0.8322438621242686,1.0638120569246137,0.0062763438108959235,0.00946018099784851
4,waypoint_06,-15.0,-0.13676043610422478,-0.8322438621242686,1.0638120569246137,112.19437420368195,0.0
5,waypoint_06,-15.0,-0.13676043610422478,-0.8322438621242686,1.0638120569246137,0.004575214461510768,0.009992536157369614
6,waypoint_06,-15.0,-0.13676043610422478,-0.8322438621242686,1.0638120569246137,267.4126625061035,0.0
7,waypoint_06,-15.0,-0.13676043610422478,-0.8322438621242686,1.0638120569246137,325.57207345962524,0.0
8,waypoint_06,-15.0,-0.13676043610422478,-0.8322438621242686,1.0638120569246137,303.8710951805115,0.0
9,waypoint_06,-15.0,-0.13676043610422478,-0.8322438621242686,1.0638120569246137,307.4053227901459,0.0
10,waypoint_06,-15.0,-0.13676043610422478,-0.8322438621242686,1.0638120569246137,365.97320437431335,0.0
11,waypoint_06,-15.0,-0.13676043610422478,-0.8322438621242686,1.0638120569246137,480.9775948524475,0.0
12,waypoint_06,-15.0,-0.13676043610422478,-0.8322438621242686,1.0638120569246137,476.42871737480164,0.0
13,waypoint_06,-15.0,-0.13676043610422478,-0.8322438621242686,1.0638120569246137,524.8429775238037,0.0
14,waypoint_06,-15.0,-0.13676043610422478,-0.8322438621242686,1.0638120569246137,699.1422176361084,0.0
0,waypoint_06,-30.0,-0.13676043610422478,-0.8322438621242686,1.0638120569246137,60.104552656412125,0.0
1,waypoint_06,-30.0,-0.13676043610422478,-0.8322438621242686,1.0638120569246137,60.01364439725876,0.0
2,waypoint_06,-30.0,-0.13676043610422478,-0.8322438621242686,1.0638120569246137,0.005703388978872681,0.019618498161435127
3,waypoint_06,-30.0,-0.13676043610422478,-0.8322438621242686,1.0638120569246137,0.004933882337354589,0.010546601377427578
4,waypoint_06,-30.0,-0.13676043610422478,-0.8322438621242686,1.0638120569246137,66.60770624876022,0.0
5,waypoint_06,-30.0,-0.13676043610422478,-0.8322438621242686,1.0638120569246137,0.00095367431640625,0.0100728003308177
6,waypoint_06,-30.0,-0.13676043610422478,-0.8322438621242686,1.0638120569246137,274.5819389820099,0.0
7,waypoint_06,-30.0,-0.13676043610422478,-0.8322438621242686,1.0638120569246137,319.87112760543823,0.0
8,waypoint_06,-30.0,-0.13676043610422478,-0.8322438621242686,1.0638120569246137,301.66080594062805,0.0
9,waypoint_06,-30.0,-0.13676043610422478,-0.8322438621242686,1.0638120569246137,315.9022927284241,0.0
10,waypoint_06,-30.0,-0.13676043610422478,-0.8322438621242686,1.0638120569246137,370.50583958625793,0.0
11,waypoint_06,-30.0,-0.13676043610422478,-0.8322438621242686,1.0638120569246137,484.53614115715027,0.0
12,waypoint_06,-30.0,-0.13676043610422478,-0.8322438621242686,1.0638120569246137,492.4752712249756,0.0
13,waypoint_06,-30.0,-0.13676043610422478,-0.8322438621242686,1.0638120569246137,533.5772037506104,0.0
14,waypoint_06,-30.0,-0.13676043610422478,-0.8322438621242686,1.0638120569246137,754.5972466468811,0.0
0,waypoint_07,-30.0,-0.1167604361042246,-0.8322438621242686,1.0638120569246137,57.30796605348587,0.0
1,waypoint_07,-30.0,-0.1167604361042246,-0.8322438621242686,1.0638120569246137,58.17832052707672,0.0
2,waypoint_07,-30.0,-0.1167604361042246,-0.8322438621242686,1.0638120569246137,0.007441753950843122,0.021341489627957344
3,waypoint_07,-30.0,-0.1167604361042246,-0.8322438621242686,1.0638120569246137,0.00921619630389614,0.012409253977239132
4,waypoint_07,-30.0,-0.1167604361042246,-0.8322438621242686,1.0638120569246137,0.012084465197403915,0.0031203918624669313
5,waypoint_07,-30.0,-0.1167604361042246,-0.8322438621242686,1.0638120569246137,0.01002776207315037,0.008007818832993507
6,waypoint_07,-30.0,-0.1167604361042246,-0.8322438621242686,1.0638120569246137,276.08633041381836,0.0
7,waypoint_07,-30.0,-0.1167604361042246,-0.8322438621242686,1.0638120569246137,322.39219546318054,0.0
8,waypoint_07,-30.0,-0.1167604361042246,-0.8322438621242686,1.0638120569246137,303.31549048423767,0.0
9,waypoint_07,-30.0,-0.1167604361042246,-0.8322438621242686,1.0638120569246137,309.85385179519653,0.0
10,waypoint_07,-30.0,-0.1167604361042246,-0.8322438621242686,1.0638120569246137,359.3551516532898,0.0
11,waypoint_07,-30.0,-0.1167604361042246,-0.8322438621242686,1.0638120569246137,471.16005420684814,0.0
12,waypoint_07,-30.0,-0.1167604361042246,-0.8322438621242686,1.0638120569246137,476.73818469047546,0.0
13,waypoint_07,-30.0,-0.1167604361042246,-0.8322438621242686,1.0638120569246137,518.9031958580017,0.0
14,waypoint_07,-30.0,-0.1167604361042246,-0.8322438621242686,1.0638120569246137,752.9317736625671,0.0
0,waypoint_07,-15.0,-0.1167604361042246,-0.8322438621242686,1.0638120569246137,43.82787644863129,0.0
1,waypoint_07,-15.0,-0.1167604361042246,-0.8322438621242686,1.0638120569246137,7.469648029655218,0.0
2,waypoint_07,-15.0,-0.1167604361042246,-0.8322438621242686,1.0638120569246137,0.004886127044301247,0.019749009981751442
3,waypoint_07,-15.0,-0.1167604361042246,-0.8322438621242686,1.0638120569246137,0.003846231720672222,0.011296674609184265
4,waypoint_07,-15.0,-0.1167604361042246,-0.8322438621242686,1.0638120569246137,0.004756809175887611,0.0019530431600287557
5,waypoint_07,-15.0,-0.1167604361042246,-0.8322438621242686,1.0638120569246137,0.003053247610296239,0.008131971582770348
6,waypoint_07,-15.0,-0.1167604361042246,-0.8322438621242686,1.0638120569246137,269.36113834381104,0.0
7,waypoint_07,-15.0,-0.1167604361042246,-0.8322438621242686,1.0638120569246137,323.4241008758545,0.0
8,waypoint_07,-15.0,-0.1167604361042246,-0.8322438621242686,1.0638120569246137,304.45125699043274,0.0
9,waypoint_07,-15.0,-0.1167604361042246,-0.8322438621242686,1.0638120569246137,302.72048711776733,0.0
10,waypoint_07,-15.0,-0.1167604361042246,-0.8322438621242686,1.0638120569246137,355.46329617500305,0.0
11,waypoint_07,-15.0,-0.1167604361042246,-0.8322438621242686,1.0638120569246137,442.27135181427,0.0
12,waypoint_07,-15.0,-0.1167604361042246,-0.8322438621242686,1.0638120569246137,474.83766078948975,0.0
13,waypoint_07,-15.0,-0.1167604361042246,-0.8322438621242686,1.0638120569246137,515.6914591789246,0.0
14,waypoint_07,-15.0,-0.1167604361042246,-0.8322438621242686,1.0638120569246137,736.374020576477,0.0
0,waypoint_07,0.0,-0.1167604361042246,-0.8322438621242686,1.0638120569246137,0.899240025319159,4.0346876062358206e-08
1,waypoint_07,0.0,-0.1167604361042246,-0.8322438621242686,1.0638120569246137,39.645347744226456,0.0
2,waypoint_07,0.0,-0.1167604361042246,-0.8322438621242686,1.0638120569246137,0.0036645951695390977,0.017059870064258575
3,waypoint_07,0.0,-0.1167604361042246,-0.8322438621242686,1.0638120569246137,0.0021981106783641735,0.009877149015665054
4,waypoint_07,0.0,-0.1167604361042246,-0.8322438621242686,1.0638120569246137,0.0060212491916900035,0.0012259013019502163
5,waypoint_07,0.0,-0.1167604361042246,-0.8322438621242686,1.0638120569246137,0.00380163646696019,0.007093821186572313
6,waypoint_07,0.0,-0.1167604361042246,-0.8322438621242686,1.0638120569246137,257.11357593536377,0.0
7,waypoint_07,0.0,-0.1167604361042246,-0.8322438621242686,1.0638120569246137,329.94771003723145,0.0
8,waypoint_07,0.0,-0.1167604361042246,-0.8322438621242686,1.0638120569246137,304.47402596473694,0.0
9,waypoint_07,0.0,-0.1167604361042246,-0.8322438621242686,1.0638120569246137,290.19954800605774,0.0
10,waypoint_07,0.0,-0.1167604361042246,-0.8322438621242686,1.0638120569246137,337.4035358428955,0.0
11,waypoint_07,0.0,-0.1167604361042246,-0.8322438621242686,1.0638120569246137,419.7821319103241,0.0
12,waypoint_07,0.0,-0.1167604361042246,-0.8322438621242686,1.0638120569246137,458.62749218940735,0.0
13,waypoint_07,0.0,-0.1167604361042246,-0.8322438621242686,1.0638120569246137,508.0900192260742,0.0
14,waypoint_07,0.0,-0.1167604361042246,-0.8322438621242686,1.0638120569246137,710.4183435440063,0.0
0,waypoint_07,15.0,-0.1167604361042246,-0.8322438621242686,1.0638120569246137,102.23851352930069,0.0
1,waypoint_07,15.0,-0.1167604361042246,-0.8322438621242686,1.0638120569246137,0.017273832781938836,0.0074950153939425945
2,waypoint_07,15.0,-0.1167604361042246,-0.8322438621242686,1.0638120569246137,0.00278296897704422,0.01277338620275259
3,waypoint_07,15.0,-0.1167604361042246,-0.8322438621242686,1.0638120569246137,0.00378665458811156,0.008264107629656792
4,waypoint_07,15.0,-0.1167604361042246,-0.8322438621242686,1.0638120569246137,0.014933551028661896,0.00167555152438581
5,waypoint_07,15.0,-0.1167604361042246,-0.8322438621242686,1.0638120569246137,0.0032362631827709265,0.0029574339278042316
6,waypoint_07,15.0,-0.1167604361042246,-0.8322438621242686,1.0638120569246137,21.03349007666111,0.0
7,waypoint_07,15.0,-0.1167604361042246,-0.8322438621242686,1.0638120569246137,331.9384753704071,0.0
8,waypoint_07,15.0,-0.1167604361042246,-0.8322438621242686,1.0638120569246137,298.6370921134949,0.0
9,waypoint_07,15.0,-0.1167604361042246,-0.8322438621242686,1.0638120569246137,277.3991525173187,0.0
10,waypoint_07,15.0,-0.1167604361042246,-0.8322438621242686,1.0638120569246137,317.4317479133606,0.0
11,waypoint_07,15.0,-0.1167604361042246,-0.8322438621242686,1.0638120569246137,394.0846025943756,0.0
12,waypoint_07,15.0,-0.1167604361042246,-0.8322438621242686,1.0638120569246137,443.2688355445862,0.0
13,waypoint_07,15.0,-0.1167604361042246,-0.8322438621242686,1.0638120569246137,503.4325122833252,0.0
14,waypoint_07,15.0,-0.1167604361042246,-0.8322438621242686,1.0638120569246137,688.9858841896057,0.0
0,waypoint_07,30.0,-0.1167604361042246,-0.8322438621242686,1.0638120569246137,161.27842664718628,0.0
1,waypoint_07,30.0,-0.1167604361042246,-0.8322438621242686,1.0638120569246137,83.7128683924675,0.0
2,waypoint_07,30.0,-0.1167604361042246,-0.8322438621242686,1.0638120569246137,0.003165225507473224,0.003087680321186781
3,waypoint_07,30.0,-0.1167604361042246,-0.8322438621242686,1.0638120569246137,0.003322925522297737,0.006280088797211647
4,waypoint_07,30.0,-0.1167604361042246,-0.8322438621242686,1.0638120569246137,0.11468511365819722,0.002789953723549843
5,waypoint_07,30.0,-0.1167604361042246,-0.8322438621242686,1.0638120569246137,75.27024298906326,0.0
6,waypoint_07,30.0,-0.1167604361042246,-0.8322438621242686,1.0638120569246137,167.2399640083313,0.0
7,waypoint_07,30.0,-0.1167604361042246,-0.8322438621242686,1.0638120569246137,326.6724944114685,0.0
8,waypoint_07,30.0,-0.1167604361042246,-0.8322438621242686,1.0638120569246137,290.79708456993103,0.0
9,waypoint_07,30.0,-0.1167604361042246,-0.8322438621242686,1.0638120569246137,264.5275890827179,0.0
10,waypoint_07,30.0,-0.1167604361042246,-0.8322438621242686,1.0638120569246137,305.00584840774536,0.0
11,waypoint_07,30.0,-0.1167604361042246,-0.8322438621242686,1.0638120569246137,372.5965619087219,0.0
12,waypoint_07,30.0,-0.1167604361042246,-0.8322438621242686,1.0638120569246137,421.2290644645691,0.0
13,waypoint_07,30.0,-0.1167604361042246,-0.8322438621242686,1.0638120569246137,497.64367938041687,0.0
14,waypoint_07,30.0,-0.1167604361042246,-0.8322438621242686,1.0638120569246137,665.6261086463928,0.0
0,waypoint_08,30.0,-0.0967604361042248,-0.8322438621242686,1.0638120569246137,160.46616435050964,0.0
1,waypoint_08,30.0,-0.0967604361042248,-0.8322438621242686,1.0638120569246137,94.25187855958939,0.0
2,waypoint_08,30.0,-0.0967604361042248,-0.8322438621242686,1.0638120569246137,0.8458374068140984,1.1335786354038646e-07
3,waypoint_08,30.0,-0.0967604361042248,-0.8322438621242686,1.0638120569246137,0.010332771125831641,0.006648901849985123
4,waypoint_08,30.0,-0.0967604361042248,-0.8322438621242686,1.0638120569246137,0.011900197932845913,0.003522491315379739
5,waypoint_08,30.0,-0.0967604361042248,-0.8322438621242686,1.0638120569246137,65.09482115507126,0.0
6,waypoint_08,30.0,-0.0967604361042248,-0.8322438621242686,1.0638120569246137,146.45762741565704,0.0
7,waypoint_08,30.0,-0.0967604361042248,-0.8322438621242686,1.0638120569246137,334.96472239494324,0.0
8,waypoint_08,30.0,-0.0967604361042248,-0.8322438621242686,1.0638120569246137,297.26266860961914,0.0
9,waypoint_08,30.0,-0.0967604361042248,-0.8322438621242686,1.0638120569246137,263.8868987560272,0.0
10,waypoint_08,30.0,-0.0967604361042248,-0.8322438621242686,1.0638120569246137,295.0843572616577,0.0
11,waypoint_08,30.0,-0.0967604361042248,-0.8322438621242686,1.0638120569246137,359.6607446670532,0.0
12,waypoint_08,30.0,-0.0967604361042248,-0.8322438621242686,1.0638120569246137,406.15689754486084,0.0
13,waypoint_08,30.0,-0.0967604361042248,-0.8322438621242686,1.0638120569246137,483.90015959739685,0.0
14,waypoint_08,30.0,-0.0967604361042248,-0.8322438621242686,1.0638120569246137,648.4569311141968,0.0
0,waypoint_08,15.0,-0.0967604361042248,-0.8322438621242686,1.0638120569246137,112.08228766918182,0.0
1,waypoint_08,15.0,-0.0967604361042248,-0.8322438621242686,1.0638120569246137,0.756634573917836,2.9360890607676993e-08
2,waypoint_08,15.0,-0.0967604361042248,-0.8322438621242686,1.0638120569246137,0.017981645214604214,0.012976618483662605
3,waypoint_08,15.0,-0.0967604361042248,-0.8322438621242686,1.0638120569246137,0.0037716131373599637,0.009461568668484688
4,waypoint_08,15.0,-0.0967604361042248,-0.8322438621242686,1.0638120569246137,0.0049843883971334435,0.002941287122666836
5,waypoint_08,15.0,-0.0967604361042248,-0.8322438621242686,1.0638120569246137,0.027460862838779576,0.002475340850651264
6,waypoint_08,15.0,-0.0967604361042248,-0.8322438621242686,1.0638120569246137,4.687488079071045,0.0
7,waypoint_08,15.0,-0.0967604361042248,-0.8322438621242686,1.0638120569246137,342.0180678367615,0.0
8,waypoint_08,15.0,-0.0967604361042248,-0.8322438621242686,1.0638120569246137,304.5509159564972,0.0
9,waypoint_08,15.0,-0.0967604361042248,-0.8322438621242686,1.0638120569246137,280.4061770439148,0.0
10,waypoint_08,15.0,-0.0967604361042248,-0.8322438621242686,1.0638120569246137,308.4840774536133,0.0
11,waypoint_08,15.0,-0.0967604361042248,-0.8322438621242686,1.0638120569246137,380.07599115371704,0.0
12,waypoint_08,15.0,-0.0967604361042248,-0.8322438621242686,1.0638120569246137,427.57973074913025,0.0
13,waypoint_08,15.0,-0.0967604361042248,-0.8322438621242686,1.0638120569246137,491.41547083854675,0.0
14,waypoint_08,15.0,-0.0967604361042248,-0.8322438621242686,1.0638120569246137,655.8734178543091,0.0
0,waypoint_08,0.0,-0.0967604361042248,-0.8322438621242686,1.0638120569246137,25.991961359977722,0.0
1,waypoint_08,0.0,-0.0967604361042248,-0.8322438621242686,1.0638120569246137,0.012273926586203743,0.01937679946422577
2,waypoint_08,0.0,-0.0967604361042248,-0.8322438621242686,1.0638120569246137,0.004306409664422972,0.01811782829463482
3,waypoint_08,0.0,-0.0967604361042248,-0.8322438621242686,1.0638120569246137,0.004075842298334464,0.011490198783576488
4,waypoint_08,0.0,-0.0967604361042248,-0.8322438621242686,1.0638120569246137,0.004745967089547776,0.002993163885548711
5,waypoint_08,0.0,-0.0967604361042248,-0.8322438621242686,1.0638120569246137,0.00905441447685007,0.005573788657784462
6,waypoint_08,0.0,-0.0967604361042248,-0.8322438621242686,1.0638120569246137,0.025257051674998365,0.01119875069707632
7,waypoint_08,0.0,-0.0967604361042248,-0.8322438621242686,1.0638120569246137,344.7645306587219,0.0
8,waypoint_08,0.0,-0.0967604361042248,-0.8322438621242686,1.0638120569246137,306.9732189178467,0.0
9,waypoint_08,0.0,-0.0967604361042248,-0.8322438621242686,1.0638120569246137,288.0382835865021,0.0
10,waypoint_08,0.0,-0.0967604361042248,-0.8322438621242686,1.0638120569246137,325.8132040500641,0.0
11,waypoint_08,0.0,-0.0967604361042248,-0.8322438621242686,1.0638120569246137,398.5450565814972,0.0
12,waypoint_08,0.0,-0.0967604361042248,-0.8322438621242686,1.0638120569246137,448.7045407295227,0.0
13,waypoint_08,0.0,-0.0967604361042248,-0.8322438621242686,1.0638120569246137,495.12535333633423,0.0
14,waypoint_08,0.0,-0.0967604361042248,-0.8322438621242686,1.0638120569246137,672.7969646453857,0.0
0,waypoint_08,-15.0,-0.0967604361042248,-0.8322438621242686,1.0638120569246137,0.29323945636861026,0.012547364458441734
1,waypoint_08,-15.0,-0.0967604361042248,-0.8322438621242686,1.0638120569246137,0.0035065570500592003,0.026197126135230064
2,waypoint_08,-15.0,-0.0967604361042248,-0.8322438621242686,1.0638120569246137,0.003741349019037443,0.02121666818857193
3,waypoint_08,-15.0,-0.0967604361042248,-0.8322438621242686,1.0638120569246137,0.004005502887594048,0.01309550553560257
4,waypoint_08,-15.0,-0.0967604361042248,-0.8322438621242686,1.0638120569246137,0.006629794370383024,0.003801243379712105
5,waypoint_08,-15.0,-0.0967604361042248,-0.8322438621242686,1.0638120569246137,0.003471426907708519,0.006223032716661692
6,waypoint_08,-15.0,-0.0967604361042248,-0.8322438621242686,1.0638120569246137,0.007473730875062756,0.014960487373173237
7,waypoint_08,-15.0,-0.0967604361042248,-0.8322438621242686,1.0638120569246137,343.6587154865265,0.0
8,waypoint_08,-15.0,-0.0967604361042248,-0.8322438621242686,1.0638120569246137,308.89859795570374,0.0
9,waypoint_08,-15.0,-0.0967604361042248,-0.8322438621242686,1.0638120569246137,297.2756624221802,0.0
10,waypoint_08,-15.0,-0.0967604361042248,-0.8322438621242686,1.0638120569246137,342.1149253845215,0.0
11,waypoint_08,-15.0,-0.0967604361042248,-0.8322438621242686,1.0638120569246137,419.1984236240387,0.0
12,waypoint_08,-15.0,-0.0967604361042248,-0.8322438621242686,1.0638120569246137,502.68834829330444,0.0
13,waypoint_08,-15.0,-0.0967604361042248,-0.8322438621242686,1.0638120569246137,496.96090817451477,0.0
14,waypoint_08,-15.0,-0.0967604361042248,-0.8322438621242686,1.0638120569246137,702.0465135574341,0.0
0,waypoint_08,-30.0,-0.0967604361042248,-0.8322438621242686,1.0638120569246137,77.94127613306046,0.0
1,waypoint_08,-30.0,-0.0967604361042248,-0.8322438621242686,1.0638120569246137,0.006604022473766236,0.029921896755695343
2,waypoint_08,-30.0,-0.0967604361042248,-0.8322438621242686,1.0638120569246137,0.0050688486226135865,0.02301422506570816
3,waypoint_08,-30.0,-0.0967604361042248,-0.8322438621242686,1.0638120569246137,0.005300458269630326,0.014249492436647415
4,waypoint_08,-30.0,-0.0967604361042248,-0.8322438621242686,1.0638120569246137,0.003989950982941082,0.004902406129986048
5,waypoint_08,-30.0,-0.0967604361042248,-0.8322438621242686,1.0638120569246137,0.002831063738994999,0.005967665929347277
6,waypoint_08,-30.0,-0.0967604361042248,-0.8322438621242686,1.0638120569246137,0.003572333980628173,0.016096875071525574
7,waypoint_08,-30.0,-0.0967604361042248,-0.8322438621242686,1.0638120569246137,337.9351794719696,0.0
8,waypoint_08,-30.0,-0.0967604361042248,-0.8322438621242686,1.0638120569246137,308.04601311683655,0.0
9,waypoint_08,-30.0,-0.0967604361042248,-0.8322438621242686,1.0638120569246137,302.7550280094147,0.0
10,waypoint_08,-30.0,-0.0967604361042248,-0.8322438621242686,1.0638120569246137,346.9536304473877,0.0
11,waypoint_08,-30.0,-0.0967604361042248,-0.8322438621242686,1.0638120569246137,428.2117784023285,0.0
12,waypoint_08,-30.0,-0.0967604361042248,-0.8322438621242686,1.0638120569246137,565.1244521141052,0.0
13,waypoint_08,-30.0,-0.0967604361042248,-0.8322438621242686,1.0638120569246137,506.13707304000854,0.0
14,waypoint_08,-30.0,-0.0967604361042248,-0.8322438621242686,1.0638120569246137,713.8780355453491,0.0
0,waypoint_09,-30.0,-0.07676043610422456,-0.8322438621242686,1.0638120569246137,65.10643661022186,0.0
1,waypoint_09,-30.0,-0.07676043610422456,-0.8322438621242686,1.0638120569246137,0.009783335372048896,0.03085329197347164
2,waypoint_09,-30.0,-0.07676043610422456,-0.8322438621242686,1.0638120569246137,0.01098020493373042,0.024626122787594795
3,waypoint_09,-30.0,-0.07676043610422456,-0.8322438621242686,1.0638120569246137,0.01016639271256281,0.016068076714873314
4,waypoint_09,-30.0,-0.07676043610422456,-0.8322438621242686,1.0638120569246137,0.010129458132723812,0.006779419258236885
5,waypoint_09,-30.0,-0.07676043610422456,-0.8322438621242686,1.0638120569246137,0.012138877536926884,0.00400381488725543
6,waypoint_09,-30.0,-0.07676043610422456,-0.8322438621242686,1.0638120569246137,0.010366242349846289,0.01414574310183525
7,waypoint_09,-30.0,-0.07676043610422456,-0.8322438621242686,1.0638120569246137,343.7581956386566,0.0
8,waypoint_09,-30.0,-0.07676043610422456,-0.8322438621242686,1.0638120569246137,312.0293319225311,0.0
9,waypoint_09,-30.0,-0.07676043610422456,-0.8322438621242686,1.0638120569246137,299.98546838760376,0.0
10,waypoint_09,-30.0,-0.07676043610422456,-0.8322438621242686,1.0638120569246137,338.3346498012543,0.0
11,waypoint_09,-30.0,-0.07676043610422456,-0.8322438621242686,1.0638120569246137,414.5984649658203,0.0
12,waypoint_09,-30.0,-0.07676043610422456,-0.8322438621242686,1.0638120569246137,648.2294797897339,0.0
13,waypoint_09,-30.0,-0.07676043610422456,-0.8322438621242686,1.0638120569246137,492.2662377357483,0.0
14,waypoint_09,-30.0,-0.07676043610422456,-0.8322438621242686,1.0638120569246137,696.4060664176941,0.0
0,waypoint_09,-15.0,-0.07676043610422456,-0.8322438621242686,1.0638120569246137,0.12997377780266106,0.012773786671459675
1,waypoint_09,-15.0,-0.07676043610422456,-0.8322438621242686,1.0638120569246137,0.004662897026719293,0.026412194594740868
2,waypoint_09,-15.0,-0.07676043610422456,-0.8322438621242686,1.0638120569246137,0.0034570693969726562,0.022568389773368835
3,waypoint_09,-15.0,-0.07676043610422456,-0.8322438621242686,1.0638120569246137,0.0034897998375527095,0.014849408529698849
4,waypoint_09,-15.0,-0.07676043610422456,-0.8322438621242686,1.0638120569246137,0.0050067901611328125,0.005700358655303717
5,waypoint_09,-15.0,-0.07676043610422456,-0.8322438621242686,1.0638120569246137,0.0025788913262658753,0.004297408275306225
6,waypoint_09,-15.0,-0.07676043610422456,-0.8322438621242686,1.0638120569246137,0.004483052180148661,0.013446301221847534
7,waypoint_09,-15.0,-0.07676043610422456,-0.8322438621242686,1.0638120569246137,345.81565856933594,0.0
8,waypoint_09,-15.0,-0.07676043610422456,-0.8322438621242686,1.0638120569246137,312.67446279525757,0.0
9,waypoint_09,-15.0,-0.07676043610422456,-0.8322438621242686,1.0638120569246137,296.02497816085815,0.0
10,waypoint_09,-15.0,-0.07676043610422456,-0.8322438621242686,1.0638120569246137,329.5307159423828,0.0
11,waypoint_09,-15.0,-0.07676043610422456,-0.8322438621242686,1.0638120569246137,403.3989608287811,0.0
12,waypoint_09,-15.0,-0.07676043610422456,-0.8322438621242686,1.0638120569246137,444.47624683380127,0.0
13,waypoint_09,-15.0,-0.07676043610422456,-0.8322438621242686,1.0638120569246137,490.058571100235,0.0
14,waypoint_09,-15.0,-0.07676043610422456,-0.8322438621242686,1.0638120569246137,688.4307265281677,0.0
0,waypoint_09,0.0,-0.07676043610422456,-0.8322438621242686,1.0638120569246137,121.4301809668541,0.0
1,waypoint_09,0.0,-0.07676043610422456,-0.8322438621242686,1.0638120569246137,0.004140270903008059,0.0180275347083807
2,waypoint_09,0.0,-0.07676043610422456,-0.8322438621242686,1.0638120569246137,0.004709898348664865,0.018974438309669495
3,waypoint_09,0.0,-0.07676043610422456,-0.8322438621242686,1.0638120569246137,0.004938200618198607,0.013032961636781693
4,waypoint_09,0.0,-0.07676043610422456,-0.8322438621242686,1.0638120569246137,0.004286564490030287,0.0047546736896038055
5,waypoint_09,0.0,-0.07676043610422456,-0.8322438621242686,1.0638120569246137,0.0025926308353518834,0.003955136984586716
6,waypoint_09,0.0,-0.07676043610422456,-0.8322438621242686,1.0638120569246137,0.0032320065201929538,0.010608579032123089
7,waypoint_09,0.0,-0.07676043610422456,-0.8322438621242686,1.0638120569246137,350.8327901363373,0.0
8,waypoint_09,0.0,-0.07676043610422456,-0.8322438621242686,1.0638120569246137,314.8180842399597,0.0
9,waypoint_09,0.0,-0.07676043610422456,-0.8322438621242686,1.0638120569246137,287.99375891685486,0.0
10,waypoint_09,0.0,-0.07676043610422456,-0.8322438621242686,1.0638120569246137,314.94760513305664,0.0
11,waypoint_09,0.0,-0.07676043610422456,-0.8322438621242686,1.0638120569246137,385.55288314819336,0.0
12,waypoint_09,0.0,-0.07676043610422456,-0.8322438621242686,1.0638120569246137,437.2384250164032,0.0
13,waypoint_09,0.0,-0.07676043610422456,-0.8322438621242686,1.0638120569246137,481.95648193359375,0.0
14,waypoint_09,0.0,-0.07676043610422456,-0.8322438621242686,1.0638120569246137,660.3388786315918,0.0
0,waypoint_09,15.0,-0.07676043610422456,-0.8322438621242686,1.0638120569246137,145.02528309822083,0.0
1,waypoint_09,15.0,-0.07676043610422456,-0.8322438621242686,1.0638120569246137,10.720139369368553,0.0
2,waypoint_09,15.0,-0.07676043610422456,-0.8322438621242686,1.0638120569246137,0.003948329776903847,0.012745349667966366
3,waypoint_09,15.0,-0.07676043610422456,-0.8322438621242686,1.0638120569246137,0.0017841613271230017,0.010549860075116158
4,waypoint_09,15.0,-0.07676043610422456,-0.8322438621242686,1.0638120569246137,0.005045314082963159,0.004298442043364048
5,waypoint_09,15.0,-0.07676043610422456,-0.8322438621242686,1.0638120569246137,0.008163007805706002,0.001605651224963367
6,waypoint_09,15.0,-0.07676043610422456,-0.8322438621242686,1.0638120569246137,0.34686579601839185,9.253968755729147e-07
7,waypoint_09,15.0,-0.07676043610422456,-0.8322438621242686,1.0638120569246137,351.8666625022888,0.0
8,waypoint_09,15.0,-0.07676043610422456,-0.8322438621242686,1.0638120569246137,312.11358308792114,0.0
9,waypoint_09,15.0,-0.07676043610422456,-0.8322438621242686,1.0638120569246137,275.7311463356018,0.0
10,waypoint_09,15.0,-0.07676043610422456,-0.8322438621242686,1.0638120569246137,296.755313873291,0.0
11,waypoint_09,15.0,-0.07676043610422456,-0.8322438621242686,1.0638120569246137,362.85102367401123,0.0
12,waypoint_09,15.0,-0.07676043610422456,-0.8322438621242686,1.0638120569246137,421.93204164505005,0.0
13,waypoint_09,15.0,-0.07676043610422456,-0.8322438621242686,1.0638120569246137,478.6972403526306,0.0
14,waypoint_09,15.0,-0.07676043610422456,-0.8322438621242686,1.0638120569246137,638.0524635314941,0.0
0,waypoint_09,30.0,-0.07676043610422456,-0.8322438621242686,1.0638120569246137,191.79631769657135,0.0
1,waypoint_09,30.0,-0.07676043610422456,-0.8322438621242686,1.0638120569246137,110.2147027850151,0.0
2,waypoint_09,30.0,-0.07676043610422456,-0.8322438621242686,1.0638120569246137,4.896579775959253,0.0
3,waypoint_09,30.0,-0.07676043610422456,-0.8322438621242686,1.0638120569246137,0.00278296897704422,0.006760484538972378
4,waypoint_09,30.0,-0.07676043610422456,-0.8322438621242686,1.0638120569246137,0.003338392161822412,0.0043196482583880424
5,waypoint_09,30.0,-0.07676043610422456,-0.8322438621242686,1.0638120569246137,50.14222487807274,0.0
6,waypoint_09,30.0,-0.07676043610422456,-0.8322438621242686,1.0638120569246137,126.74227356910706,0.0
7,waypoint_09,30.0,-0.07676043610422456,-0.8322438621242686,1.0638120569246137,349.331796169281,0.0
8,waypoint_09,30.0,-0.07676043610422456,-0.8322438621242686,1.0638120569246137,305.62537908554077,0.0
9,waypoint_09,30.0,-0.07676043610422456,-0.8322438621242686,1.0638120569246137,266.0510241985321,0.0
10,waypoint_09,30.0,-0.07676043610422456,-0.8322438621242686,1.0638120569246137,286.4697575569153,0.0
11,waypoint_09,30.0,-0.07676043610422456,-0.8322438621242686,1.0638120569246137,339.1878604888916,0.0
12,waypoint_09,30.0,-0.07676043610422456,-0.8322438621242686,1.0638120569246137,405.5226147174835,0.0
13,waypoint_09,30.0,-0.07676043610422456,-0.8322438621242686,1.0638120569246137,472.31823205947876,0.0
14,waypoint_09,30.0,-0.07676043610422456,-0.8322438621242686,1.0638120569246137,622.6786971092224,0.0
0,waypoint_10,30.0,-0.056760436104224765,-0.8322438621242686,1.0638120569246137,181.86654150485992,0.0
1,waypoint_10,30.0,-0.056760436104224765,-0.8322438621242686,1.0638120569246137,115.69514870643616,0.0
2,waypoint_10,30.0,-0.056760436104224765,-0.8322438621242686,1.0638120569246137,24.258745834231377,0.0
3,waypoint_10,30.0,-0.056760436104224765,-0.8322438621242686,1.0638120569246137,0.010427917004562914,0.006485230755060911
4,waypoint_10,30.0,-0.056760436104224765,-0.8322438621242686,1.0638120569246137,0.008327602699864656,0.005069779697805643
5,waypoint_10,30.0,-0.056760436104224765,-0.8322438621242686,1.0638120569246137,29.25107628107071,0.0
6,waypoint_10,30.0,-0.056760436104224765,-0.8322438621242686,1.0638120569246137,105.73998093605042,0.0
7,waypoint_10,30.0,-0.056760436104224765,-0.8322438621242686,1.0638120569246137,358.51484537124634,0.0
8,waypoint_10,30.0,-0.056760436104224765,-0.8322438621242686,1.0638120569246137,313.2898509502411,0.0
9,waypoint_10,30.0,-0.056760436104224765,-0.8322438621242686,1.0638120569246137,268.78857612609863,0.0
10,waypoint_10,30.0,-0.056760436104224765,-0.8322438621242686,1.0638120569246137,279.2314291000366,0.0
11,waypoint_10,30.0,-0.056760436104224765,-0.8322438621242686,1.0638120569246137,327.839195728302,0.0
12,waypoint_10,30.0,-0.056760436104224765,-0.8322438621242686,1.0638120569246137,392.9305374622345,0.0
13,waypoint_10,30.0,-0.056760436104224765,-0.8322438621242686,1.0638120569246137,459.61976051330566,0.0
14,waypoint_10,30.0,-0.056760436104224765,-0.8322438621242686,1.0638120569246137,605.6297421455383,0.0
0,waypoint_10,15.0,-0.056760436104224765,-0.8322438621242686,1.0638120569246137,211.1864984035492,0.0
1,waypoint_10,15.0,-0.056760436104224765,-0.8322438621242686,1.0638120569246137,65.63703715801239,0.0
2,waypoint_10,15.0,-0.056760436104224765,-0.8322438621242686,1.0638120569246137,0.009495676749793347,0.01189616322517395
3,waypoint_10,15.0,-0.056760436104224765,-0.8322438621242686,1.0638120569246137,0.004212998646835331,0.011495188809931278
4,waypoint_10,15.0,-0.056760436104224765,-0.8322438621242686,1.0638120569246137,0.004478288701648125,0.005656876601278782
5,waypoint_10,15.0,-0.056760436104224765,-0.8322438621242686,1.0638120569246137,44.34875771403313,0.0
6,waypoint_10,15.0,-0.056760436104224765,-0.8322438621242686,1.0638120569246137,23.142661899328232,0.0
7,waypoint_10,15.0,-0.056760436104224765,-0.8322438621242686,1.0638120569246137,359.1206669807434,0.0
8,waypoint_10,15.0,-0.056760436104224765,-0.8322438621242686,1.0638120569246137,319.24352049827576,0.0
9,waypoint_10,15.0,-0.056760436104224765,-0.8322438621242686,1.0638120569246137,279.0411710739136,0.0
10,waypoint_10,15.0,-0.056760436104224765,-0.8322438621242686,1.0638120569246137,288.811057806015,0.0
11,waypoint_10,15.0,-0.056760436104224765,-0.8322438621242686,1.0638120569246137,349.28902983665466,0.0
12,waypoint_10,15.0,-0.056760436104224765,-0.8322438621242686,1.0638120569246137,400.0413417816162,0.0
13,waypoint_10,15.0,-0.056760436104224765,-0.8322438621242686,1.0638120569246137,467.79558062553406,0.0
14,waypoint_10,15.0,-0.056760436104224765,-0.8322438621242686,1.0638120569246137,617.5630688667297,0.0
0,waypoint_10,0.0,-0.056760436104224765,-0.8322438621242686,1.0638120569246137,186.08221411705017,0.0
1,waypoint_10,0.0,-0.056760436104224765,-0.8322438621242686,1.0638120569246137,0.12709533621091396,0.010726779699325562
2,waypoint_10,0.0,-0.056760436104224765,-0.8322438621242686,1.0638120569246137,0.004306409664422972,0.019577806815505028
3,waypoint_10,0.0,-0.056760436104224765,-0.8322438621242686,1.0638120569246137,0.004005502887594048,0.014489809982478619
4,waypoint_10,0.0,-0.056760436104224765,-0.8322438621242686,1.0638120569246137,0.004193134827801259,0.006497022230178118
5,waypoint_10,0.0,-0.056760436104224765,-0.8322438621242686,1.0638120569246137,0.019304912711959332,0.0022662850096821785
6,waypoint_10,0.0,-0.056760436104224765,-0.8322438621242686,1.0638120569246137,252.3914873600006,0.0
7,waypoint_10,0.0,-0.056760436104224765,-0.8322438621242686,1.0638120569246137,360.44684052467346,0.0
8,waypoint_10,0.0,-0.056760436104224765,-0.8322438621242686,1.0638120569246137,322.2584128379822,0.0
9,waypoint_10,0.0,-0.056760436104224765,-0.8322438621242686,1.0638120569246137,287.87410259246826,0.0
10,waypoint_10,0.0,-0.056760436104224765,-0.8322438621242686,1.0638120569246137,303.7947416305542,0.0
11,waypoint_10,0.0,-0.056760436104224765,-0.8322438621242686,1.0638120569246137,368.26804280281067,0.0
12,waypoint_10,0.0,-0.056760436104224765,-0.8322438621242686,1.0638120569246137,398.1471359729767,0.0
13,waypoint_10,0.0,-0.056760436104224765,-0.8322438621242686,1.0638120569246137,482.1176826953888,0.0
14,waypoint_10,0.0,-0.056760436104224765,-0.8322438621242686,1.0638120569246137,637.2907757759094,0.0
0,waypoint_10,-15.0,-0.056760436104224765,-0.8322438621242686,1.0638120569246137,164.74835574626923,0.0
1,waypoint_10,-15.0,-0.056760436104224765,-0.8322438621242686,1.0638120569246137,33.6308516561985,0.0
2,waypoint_10,-15.0,-0.056760436104224765,-0.8322438621242686,1.0638120569246137,0.0037716131373599637,0.02377619408071041
3,waypoint_10,-15.0,-0.056760436104224765,-0.8322438621242686,1.0638120569246137,0.0028435852073016576,0.016550365835428238
4,waypoint_10,-15.0,-0.056760436104224765,-0.8322438621242686,1.0638120569246137,0.0032192026537813945,0.007591793313622475
5,waypoint_10,-15.0,-0.056760436104224765,-0.8322438621242686,1.0638120569246137,0.012162268831161782,0.0024120290763676167
6,waypoint_10,-15.0,-0.056760436104224765,-0.8322438621242686,1.0638120569246137,259.0614855289459,0.0
7,waypoint_10,-15.0,-0.056760436104224765,-0.8322438621242686,1.0638120569246137,356.6737473011017,0.0
8,waypoint_10,-15.0,-0.056760436104224765,-0.8322438621242686,1.0638120569246137,319.42451000213623,0.0
9,waypoint_10,-15.0,-0.056760436104224765,-0.8322438621242686,1.0638120569246137,294.119656085968,0.0
10,waypoint_10,-15.0,-0.056760436104224765,-0.8322438621242686,1.0638120569246137,315.92172384262085,0.0
11,waypoint_10,-15.0,-0.056760436104224765,-0.8322438621242686,1.0638120569246137,384.071409702301,0.0
12,waypoint_10,-15.0,-0.056760436104224765,-0.8322438621242686,1.0638120569246137,399.4159698486328,0.0
13,waypoint_10,-15.0,-0.056760436104224765,-0.8322438621242686,1.0638120569246137,470.2353775501251,0.0
14,waypoint_10,-15.0,-0.056760436104224765,-0.8322438621242686,1.0638120569246137,669.6804761886597,0.0
0,waypoint_10,-30.0,-0.056760436104224765,-0.8322438621242686,1.0638120569246137,45.68114876747131,0.0
1,waypoint_10,-30.0,-0.056760436104224765,-0.8322438621242686,1.0638120569246137,57.20300227403641,0.0
2,waypoint_10,-30.0,-0.056760436104224765,-0.8322438621242686,1.0638120569246137,0.0050067901611328125,0.026155272498726845
3,waypoint_10,-30.0,-0.056760436104224765,-0.8322438621242686,1.0638120569246137,0.00440268149759504,0.01785872131586075
4,waypoint_10,-30.0,-0.056760436104224765,-0.8322438621242686,1.0638120569246137,0.006309370746748755,0.008667468093335629
5,waypoint_10,-30.0,-0.056760436104224765,-0.8322438621242686,1.0638120569246137,0.00772656494518742,0.0023076680954545736
6,waypoint_10,-30.0,-0.056760436104224765,-0.8322438621242686,1.0638120569246137,264.57369327545166,0.0
7,waypoint_10,-30.0,-0.056760436104224765,-0.8322438621242686,1.0638120569246137,349.72426295280457,0.0
8,waypoint_10,-30.0,-0.056760436104224765,-0.8322438621242686,1.0638120569246137,315.4231905937195,0.0
9,waypoint_10,-30.0,-0.056760436104224765,-0.8322438621242686,1.0638120569246137,299.34245347976685,0.0
10,waypoint_10,-30.0,-0.056760436104224765,-0.8322438621242686,1.0638120569246137,333.11328291893005,0.0
11,waypoint_10,-30.0,-0.056760436104224765,-0.8322438621242686,1.0638120569246137,398.01207184791565,0.0
12,waypoint_10,-30.0,-0.056760436104224765,-0.8322438621242686,1.0638120569246137,407.81450271606445,0.0
13,waypoint_10,-30.0,-0.056760436104224765,-0.8322438621242686,1.0638120569246137,478.2157838344574,0.0
14,waypoint_10,-30.0,-0.056760436104224765,-0.8322438621242686,1.0638120569246137,681.4584136009216,0.0
0,waypoint_11,-30.0,-0.23676043610422387,-0.8068737827527108,1.0638120569246137,323.35489988327026,0.0
1,waypoint_11,-30.0,-0.23676043610422387,-0.8068737827527108,1.0638120569246137,355.35627603530884,0.0
2,waypoint_11,-30.0,-0.23676043610422387,-0.8068737827527108,1.0638120569246137,0.013176267202652525,0.010708649642765522
3,waypoint_11,-30.0,-0.23676043610422387,-0.8068737827527108,1.0638120569246137,0.10699682752601802,0.0024253700394183397
4,waypoint_11,-30.0,-0.23676043610422387,-0.8068737827527108,1.0638120569246137,0.01080012498277938,0.009915566071867943
5,waypoint_11,-30.0,-0.23676043610422387,-0.8068737827527108,1.0638120569246137,0.013537997801904567,0.020199475809931755
6,waypoint_11,-30.0,-0.23676043610422387,-0.8068737827527108,1.0638120569246137,278.7345349788666,0.0
7,waypoint_11,-30.0,-0.23676043610422387,-0.8068737827527108,1.0638120569246137,321.19396328926086,0.0
8,waypoint_11,-30.0,-0.23676043610422387,-0.8068737827527108,1.0638120569246137,311.13582849502563,0.0
9,waypoint_11,-30.0,-0.23676043610422387,-0.8068737827527108,1.0638120569246137,357.9087257385254,0.0
10,waypoint_11,-30.0,-0.23676043610422387,-0.8068737827527108,1.0638120569246137,443.1692659854889,0.0
11,waypoint_11,-30.0,-0.23676043610422387,-0.8068737827527108,1.0638120569246137,534.3945622444153,0.0
12,waypoint_11,-30.0,-0.23676043610422387,-0.8068737827527108,1.0638120569246137,550.1174330711365,0.0
13,waypoint_11,-30.0,-0.23676043610422387,-0.8068737827527108,1.0638120569246137,605.1201820373535,0.0
14,waypoint_11,-30.0,-0.23676043610422387,-0.8068737827527108,1.0638120569246137,858.6588501930237,0.0
0,waypoint_11,-15.0,-0.23676043610422387,-0.8068737827527108,1.0638120569246137,255.2759349346161,0.0
1,waypoint_11,-15.0,-0.23676043610422387,-0.8068737827527108,1.0638120569246137,316.8109953403473,0.0
2,waypoint_11,-15.0,-0.23676043610422387,-0.8068737827527108,1.0638120569246137,0.00343852161677205,0.00990397110581398
3,waypoint_11,-15.0,-0.23676043610422387,-0.8068737827527108,1.0638120569246137,35.90179979801178,0.0
4,waypoint_11,-15.0,-0.23676043610422387,-0.8068737827527108,1.0638120569246137,0.005214299562794622,0.010143008083105087
5,waypoint_11,-15.0,-0.23676043610422387,-0.8068737827527108,1.0638120569246137,0.0040810687096382026,0.018698370084166527
6,waypoint_11,-15.0,-0.23676043610422387,-0.8068737827527108,1.0638120569246137,277.82711386680603,0.0
7,waypoint_11,-15.0,-0.23676043610422387,-0.8068737827527108,1.0638120569246137,322.8656053543091,0.0
8,waypoint_11,-15.0,-0.23676043610422387,-0.8068737827527108,1.0638120569246137,305.5484890937805,0.0
9,waypoint_11,-15.0,-0.23676043610422387,-0.8068737827527108,1.0638120569246137,336.662620306015,0.0
10,waypoint_11,-15.0,-0.23676043610422387,-0.8068737827527108,1.0638120569246137,432.69580602645874,0.0
11,waypoint_11,-15.0,-0.23676043610422387,-0.8068737827527108,1.0638120569246137,518.5635089874268,0.0
12,waypoint_11,-15.0,-0.23676043610422387,-0.8068737827527108,1.0638120569246137,543.1692600250244,0.0
13,waypoint_11,-15.0,-0.23676043610422387,-0.8068737827527108,1.0638120569246137,596.8285202980042,0.0
14,waypoint_11,-15.0,-0.23676043610422387,-0.8068737827527108,1.0638120569246137,837.5855088233948,0.0
0,waypoint_11,0.0,-0.23676043610422387,-0.8068737827527108,1.0638120569246137,52.50617116689682,0.0
1,waypoint_11,0.0,-0.23676043610422387,-0.8068737827527108,1.0638120569246137,229.28884625434875,0.0
2,waypoint_11,0.0,-0.23676043610422387,-0.8068737827527108,1.0638120569246137,0.004956870725436602,0.00892917811870575
3,waypoint_11,0.0,-0.23676043610422387,-0.8068737827527108,1.0638120569246137,0.3182798682246357,0.0011421277886256576
4,waypoint_11,0.0,-0.23676043610422387,-0.8068737827527108,1.0638120569246137,0.004900647127215052,0.009278587996959686
5,waypoint_11,0.0,-0.23676043610422387,-0.8068737827527108,1.0638120569246137,0.006503191798401531,0.014401289634406567
6,waypoint_11,0.0,-0.23676043610422387,-0.8068737827527108,1.0638120569246137,7.2602201253175735,0.0
7,waypoint_11,0.0,-0.23676043610422387,-0.8068737827527108,1.0638120569246137,320.2555179595947,0.0
8,waypoint_11,0.0,-0.23676043610422387,-0.8068737827527108,1.0638120569246137,291.427880525589,0.0
9,waypoint_11,0.0,-0.23676043610422387,-0.8068737827527108,1.0638120569246137,317.52994656562805,0.0
10,waypoint_11,0.0,-0.23676043610422387,-0.8068737827527108,1.0638120569246137,411.35093569755554,0.0
11,waypoint_11,0.0,-0.23676043610422387,-0.8068737827527108,1.0638120569246137,501.312792301178,0.0
12,waypoint_11,0.0,-0.23676043610422387,-0.8068737827527108,1.0638120569246137,527.048647403717,0.0
13,waypoint_11,0.0,-0.23676043610422387,-0.8068737827527108,1.0638120569246137,587.6622796058655,0.0
14,waypoint_11,0.0,-0.23676043610422387,-0.8068737827527108,1.0638120569246137,811.6967082023621,0.0
0,waypoint_11,15.0,-0.23676043610422387,-0.8068737827527108,1.0638120569246137,31.771190464496613,0.0
1,waypoint_11,15.0,-0.23676043610422387,-0.8068737827527108,1.0638120569246137,81.89898729324341,0.0
2,waypoint_11,15.0,-0.23676043610422387,-0.8068737827527108,1.0638120569246137,0.00476837158203125,0.008008670061826706
3,waypoint_11,15.0,-0.23676043610422387,-0.8068737827527108,1.0638120569246137,45.74719816446304,0.0
4,waypoint_11,15.0,-0.23676043610422387,-0.8068737827527108,1.0638120569246137,0.0019442447865003487,0.006246577948331833
5,waypoint_11,15.0,-0.23676043610422387,-0.8068737827527108,1.0638120569246137,0.4976645577698946,1.1360550615790999e-06
6,waypoint_11,15.0,-0.23676043610422387,-0.8068737827527108,1.0638120569246137,202.11268961429596,0.0
7,waypoint_11,15.0,-0.23676043610422387,-0.8068737827527108,1.0638120569246137,312.5132620334625,0.0
8,waypoint_11,15.0,-0.23676043610422387,-0.8068737827527108,1.0638120569246137,275.4858434200287,0.0
9,waypoint_11,15.0,-0.23676043610422387,-0.8068737827527108,1.0638120569246137,298.7155020236969,0.0
10,waypoint_11,15.0,-0.23676043610422387,-0.8068737827527108,1.0638120569246137,388.3475363254547,0.0
11,waypoint_11,15.0,-0.23676043610422387,-0.8068737827527108,1.0638120569246137,475.0666320323944,0.0
12,waypoint_11,15.0,-0.23676043610422387,-0.8068737827527108,1.0638120569246137,506.3718557357788,0.0
13,waypoint_11,15.0,-0.23676043610422387,-0.8068737827527108,1.0638120569246137,580.8178782463074,0.0
14,waypoint_11,15.0,-0.23676043610422387,-0.8068737827527108,1.0638120569246137,790.2486324310303,0.0
0,waypoint_11,30.0,-0.23676043610422387,-0.8068737827527108,1.0638120569246137,0.016851994587341323,0.004183440934866667
1,waypoint_11,30.0,-0.23676043610422387,-0.8068737827527108,1.0638120569246137,0.19468370010145009,0.0059320200234651566
2,waypoint_11,30.0,-0.23676043610422387,-0.8068737827527108,1.0638120569246137,0.005442005203804001,0.007238723337650299
3,waypoint_11,30.0,-0.23676043610422387,-0.8068737827527108,1.0638120569246137,37.298783659935,0.0
4,waypoint_11,30.0,-0.23676043610422387,-0.8068737827527108,1.0638120569246137,28.69049832224846,0.0
5,waypoint_11,30.0,-0.23676043610422387,-0.8068737827527108,1.0638120569246137,128.03295254707336,0.0
6,waypoint_11,30.0,-0.23676043610422387,-0.8068737827527108,1.0638120569246137,248.06128442287445,0.0
7,waypoint_11,30.0,-0.23676043610422387,-0.8068737827527108,1.0638120569246137,286.6097390651703,0.0
8,waypoint_11,30.0,-0.23676043610422387,-0.8068737827527108,1.0638120569246137,263.57805728912354,0.0
9,waypoint_11,30.0,-0.23676043610422387,-0.8068737827527108,1.0638120569246137,284.7261428833008,0.0
10,waypoint_11,30.0,-0.23676043610422387,-0.8068737827527108,1.0638120569246137,375.06332993507385,0.0
11,waypoint_11,30.0,-0.23676043610422387,-0.8068737827527108,1.0638120569246137,452.1360397338867,0.0
12,waypoint_11,30.0,-0.23676043610422387,-0.8068737827527108,1.0638120569246137,487.6907765865326,0.0
13,waypoint_11,30.0,-0.23676043610422387,-0.8068737827527108,1.0638120569246137,571.1411833763123,0.0
14,waypoint_11,30.0,-0.23676043610422387,-0.8068737827527108,1.0638120569246137,764.9261355400085,0.0
0,waypoint_12,30.0,-0.2167604361042243,-0.8068737827527108,1.0638120569246137,2.9653769452124834,0.0
1,waypoint_12,30.0,-0.2167604361042243,-0.8068737827527108,1.0638120569246137,0.1121994573622942,0.006466083228588104
2,waypoint_12,30.0,-0.2167604361042243,-0.8068737827527108,1.0638120569246137,0.008665457244205754,0.008287251926958561
3,waypoint_12,30.0,-0.2167604361042243,-0.8068737827527108,1.0638120569246137,63.10465931892395,0.0
4,waypoint_12,30.0,-0.2167604361042243,-0.8068737827527108,1.0638120569246137,19.027629867196083,0.0
5,waypoint_12,30.0,-0.2167604361042243,-0.8068737827527108,1.0638120569246137,104.41775619983673,0.0
6,waypoint_12,30.0,-0.2167604361042243,-0.8068737827527108,1.0638120569246137,247.08043038845062,0.0
7,waypoint_12,30.0,-0.2167604361042243,-0.8068737827527108,1.0638120569246137,286.9895398616791,0.0
8,waypoint_12,30.0,-0.2167604361042243,-0.8068737827527108,1.0638120569246137,262.4657452106476,0.0
9,waypoint_12,30.0,-0.2167604361042243,-0.8068737827527108,1.0638120569246137,278.9444029331207,0.0
10,waypoint_12,30.0,-0.2167604361042243,-0.8068737827527108,1.0638120569246137,361.532986164093,0.0
11,waypoint_12,30.0,-0.2167604361042243,-0.8068737827527108,1.0638120569246137,436.79603934288025,0.0
12,waypoint_12,30.0,-0.2167604361042243,-0.8068737827527108,1.0638120569246137,469.8967933654785,0.0
13,waypoint_12,30.0,-0.2167604361042243,-0.8068737827527108,1.0638120569246137,554.7816157341003,0.0
14,waypoint_12,30.0,-0.2167604361042243,-0.8068737827527108,1.0638120569246137,746.2788820266724,0.0
0,waypoint_12,15.0,-0.2167604361042243,-0.8068737827527108,1.0638120569246137,0.01929276368173305,0.016538189724087715
1,waypoint_12,15.0,-0.2167604361042243,-0.8068737827527108,1.0638120569246137,69.9487254023552,0.0
2,waypoint_12,15.0,-0.2167604361042243,-0.8068737827527108,1.0638120569246137,0.004886127044301247,0.009524582885205746
3,waypoint_12,15.0,-0.2167604361042243,-0.8068737827527108,1.0638120569246137,0.020671042875619605,0.001816483330912888
4,waypoint_12,15.0,-0.2167604361042243,-0.8068737827527108,1.0638120569246137,232.79494047164917,0.0
5,waypoint_12,15.0,-0.2167604361042243,-0.8068737827527108,1.0638120569246137,24.119680747389793,0.0
6,waypoint_12,15.0,-0.2167604361042243,-0.8068737827527108,1.0638120569246137,161.9487851858139,0.0
7,waypoint_12,15.0,-0.2167604361042243,-0.8068737827527108,1.0638120569246137,296.7292070388794,0.0
8,waypoint_12,15.0,-0.2167604361042243,-0.8068737827527108,1.0638120569246137,272.34748005867004,0.0
9,waypoint_12,15.0,-0.2167604361042243,-0.8068737827527108,1.0638120569246137,292.6042377948761,0.0
10,waypoint_12,15.0,-0.2167604361042243,-0.8068737827527108,1.0638120569246137,379.24110889434814,0.0
11,waypoint_12,15.0,-0.2167604361042243,-0.8068737827527108,1.0638120569246137,457.5606882572174,0.0
12,waypoint_12,15.0,-0.2167604361042243,-0.8068737827527108,1.0638120569246137,487.1775507926941,0.0
13,waypoint_12,15.0,-0.2167604361042243,-0.8068737827527108,1.0638120569246137,565.2957558631897,0.0
14,waypoint_12,15.0,-0.2167604361042243,-0.8068737827527108,1.0638120569246137,765.0864124298096,0.0
0,waypoint_12,0.0,-0.2167604361042243,-0.8068737827527108,1.0638120569246137,0.003977019332523923,0.02340615913271904
1,waypoint_12,0.0,-0.2167604361042243,-0.8068737827527108,1.0638120569246137,69.9266791343689,0.0
2,waypoint_12,0.0,-0.2167604361042243,-0.8068737827527108,1.0638120569246137,0.004598451141646365,0.010706829838454723
3,waypoint_12,0.0,-0.2167604361042243,-0.8068737827527108,1.0638120569246137,0.010351321179769002,0.0015243806410580873
4,waypoint_12,0.0,-0.2167604361042243,-0.8068737827527108,1.0638120569246137,238.90207707881927,0.0
5,waypoint_12,0.0,-0.2167604361042243,-0.8068737827527108,1.0638120569246137,256.8959891796112,0.0
6,waypoint_12,0.0,-0.2167604361042243,-0.8068737827527108,1.0638120569246137,0.08214071567635983,1.0169338565901853e-05
7,waypoint_12,0.0,-0.2167604361042243,-0.8068737827527108,1.0638120569246137,306.0527741909027,0.0
8,waypoint_12,0.0,-0.2167604361042243,-0.8068737827527108,1.0638120569246137,282.1163535118103,0.0
9,waypoint_12,0.0,-0.2167604361042243,-0.8068737827527108,1.0638120569246137,304.33160066604614,0.0
10,waypoint_12,0.0,-0.2167604361042243,-0.8068737827527108,1.0638120569246137,406.1569571495056,0.0
11,waypoint_12,0.0,-0.2167604361042243,-0.8068737827527108,1.0638120569246137,484.1949939727783,0.0
12,waypoint_12,0.0,-0.2167604361042243,-0.8068737827527108,1.0638120569246137,507.96109437942505,0.0
13,waypoint_12,0.0,-0.2167604361042243,-0.8068737827527108,1.0638120569246137,571.3145136833191,0.0
14,waypoint_12,0.0,-0.2167604361042243,-0.8068737827527108,1.0638120569246137,781.9819450378418,0.0
0,waypoint_12,-15.0,-0.2167604361042243,-0.8068737827527108,1.0638120569246137,0.0034897998375527095,0.02732725255191326
1,waypoint_12,-15.0,-0.2167604361042243,-0.8068737827527108,1.0638120569246137,89.46879953145981,0.0
2,waypoint_12,-15.0,-0.2167604361042243,-0.8068737827527108,1.0638120569246137,0.0055313626035058405,0.011773491278290749
3,waypoint_12,-15.0,-0.2167604361042243,-0.8068737827527108,1.0638120569246137,0.015033609997772146,0.002255219966173172
4,waypoint_12,-15.0,-0.2167604361042243,-0.8068737827527108,1.0638120569246137,243.61377954483032,0.0
5,waypoint_12,-15.0,-0.2167604361042243,-0.8068737827527108,1.0638120569246137,265.7034993171692,0.0
6,waypoint_12,-15.0,-0.2167604361042243,-0.8068737827527108,1.0638120569246137,273.3352780342102,0.0
7,waypoint_12,-15.0,-0.2167604361042243,-0.8068737827527108,1.0638120569246137,308.99515748023987,0.0
8,waypoint_12,-15.0,-0.2167604361042243,-0.8068737827527108,1.0638120569246137,291.1464273929596,0.0
9,waypoint_12,-15.0,-0.2167604361042243,-0.8068737827527108,1.0638120569246137,315.69603085517883,0.0
10,waypoint_12,-15.0,-0.2167604361042243,-0.8068737827527108,1.0638120569246137,427.64830589294434,0.0
11,waypoint_12,-15.0,-0.2167604361042243,-0.8068737827527108,1.0638120569246137,509.5421075820923,0.0
12,waypoint_12,-15.0,-0.2167604361042243,-0.8068737827527108,1.0638120569246137,545.3431010246277,0.0
13,waypoint_12,-15.0,-0.2167604361042243,-0.8068737827527108,1.0638120569246137,576.8595337867737,0.0
14,waypoint_12,-15.0,-0.2167604361042243,-0.8068737827527108,1.0638120569246137,812.4164938926697,0.0
0,waypoint_12,-30.0,-0.2167604361042243,-0.8068737827527108,1.0638120569246137,0.00551978928342578,0.029452554881572723
1,waypoint_12,-30.0,-0.2167604361042243,-0.8068737827527108,1.0638120569246137,115.78350514173508,0.0
2,waypoint_12,-30.0,-0.2167604361042243,-0.8068737827527108,1.0638120569246137,0.004479478320718044,0.01255408301949501
3,waypoint_12,-30.0,-0.2167604361042243,-0.8068737827527108,1.0638120569246137,0.005727010830014478,0.003308212850242853
4,waypoint_12,-30.0,-0.2167604361042243,-0.8068737827527108,1.0638120569246137,246.7658370733261,0.0
5,waypoint_12,-30.0,-0.2167604361042243,-0.8068737827527108,1.0638120569246137,272.2451984882355,0.0
6,waypoint_12,-30.0,-0.2167604361042243,-0.8068737827527108,1.0638120569246137,277.6927649974823,0.0
7,waypoint_12,-30.0,-0.2167604361042243,-0.8068737827527108,1.0638120569246137,306.2472343444824,0.0
8,waypoint_12,-30.0,-0.2167604361042243,-0.8068737827527108,1.0638120569246137,292.9931581020355,0.0
9,waypoint_12,-30.0,-0.2167604361042243,-0.8068737827527108,1.0638120569246137,324.9352276325226,0.0
10,waypoint_12,-30.0,-0.2167604361042243,-0.8068737827527108,1.0638120569246137,432.53910541534424,0.0
11,waypoint_12,-30.0,-0.2167604361042243,-0.8068737827527108,1.0638120569246137,515.5333280563354,0.0
12,waypoint_12,-30.0,-0.2167604361042243,-0.8068737827527108,1.0638120569246137,569.8487162590027,0.0
13,waypoint_12,-30.0,-0.2167604361042243,-0.8068737827527108,1.0638120569246137,589.3048048019409,0.0
14,waypoint_12,-30.0,-0.2167604361042243,-0.8068737827527108,1.0638120569246137,839.0434384346008,0.0
0,waypoint_13,-30.0,-0.1967604361042245,-0.8068737827527108,1.0638120569246137,0.012879569112556055,0.03083844669163227
1,waypoint_13,-30.0,-0.1967604361042245,-0.8068737827527108,1.0638120569246137,112.23151534795761,0.0
2,waypoint_13,-30.0,-0.1967604361042245,-0.8068737827527108,1.0638120569246137,0.007008046395640122,0.014386006630957127
3,waypoint_13,-30.0,-0.1967604361042245,-0.8068737827527108,1.0638120569246137,0.00928302870306652,0.005110540892928839
4,waypoint_13,-30.0,-0.1967604361042245,-0.8068737827527108,1.0638120569246137,167.33108460903168,0.0
5,waypoint_13,-30.0,-0.1967604361042245,-0.8068737827527108,1.0638120569246137,273.9087641239166,0.0
6,waypoint_13,-30.0,-0.1967604361042245,-0.8068737827527108,1.0638120569246137,278.7468731403351,0.0
7,waypoint_13,-30.0,-0.1967604361042245,-0.8068737827527108,1.0638120569246137,306.66396021842957,0.0
8,waypoint_13,-30.0,-0.1967604361042245,-0.8068737827527108,1.0638120569246137,292.4649119377136,0.0
9,waypoint_13,-30.0,-0.1967604361042245,-0.8068737827527108,1.0638120569246137,315.0717318058014,0.0
10,waypoint_13,-30.0,-0.1967604361042245,-0.8068737827527108,1.0638120569246137,418.9079701900482,0.0
11,waypoint_13,-30.0,-0.1967604361042245,-0.8068737827527108,1.0638120569246137,499.90805983543396,0.0
12,waypoint_13,-30.0,-0.1967604361042245,-0.8068737827527108,1.0638120569246137,574.849545955658,0.0
13,waypoint_13,-30.0,-0.1967604361042245,-0.8068737827527108,1.0638120569246137,574.919581413269,0.0
14,waypoint_13,-30.0,-0.1967604361042245,-0.8068737827527108,1.0638120569246137,830.329418182373,0.0
0,waypoint_13,-15.0,-0.1967604361042245,-0.8068737827527108,1.0638120569246137,0.004185927082289709,0.02827375754714012
1,waypoint_13,-15.0,-0.1967604361042245,-0.8068737827527108,1.0638120569246137,87.1996209025383,0.0
2,waypoint_13,-15.0,-0.1967604361042245,-0.8068737827527108,1.0638120569246137,0.006144773578853346,0.013611850328743458
3,waypoint_13,-15.0,-0.1967604361042245,-0.8068737827527108,1.0638120569246137,0.006181665412441362,0.004155442584306002
4,waypoint_13,-15.0,-0.1967604361042245,-0.8068737827527108,1.0638120569246137,210.0708782672882,0.0
5,waypoint_13,-15.0,-0.1967604361042245,-0.8068737827527108,1.0638120569246137,268.1700587272644,0.0
6,waypoint_13,-15.0,-0.1967604361042245,-0.8068737827527108,1.0638120569246137,273.997962474823,0.0
7,waypoint_13,-15.0,-0.1967604361042245,-0.8068737827527108,1.0638120569246137,307.54634737968445,0.0
8,waypoint_13,-15.0,-0.1967604361042245,-0.8068737827527108,1.0638120569246137,291.14505648612976,0.0
9,waypoint_13,-15.0,-0.1967604361042245,-0.8068737827527108,1.0638120569246137,308.6417317390442,0.0
10,waypoint_13,-15.0,-0.1967604361042245,-0.8068737827527108,1.0638120569246137,414.57369923591614,0.0
11,waypoint_13,-15.0,-0.1967604361042245,-0.8068737827527108,1.0638120569246137,492.94784665107727,0.0
12,waypoint_13,-15.0,-0.1967604361042245,-0.8068737827527108,1.0638120569246137,574.6887922286987,0.0
13,waypoint_13,-15.0,-0.1967604361042245,-0.8068737827527108,1.0638120569246137,570.4885125160217,0.0
14,waypoint_13,-15.0,-0.1967604361042245,-0.8068737827527108,1.0638120569246137,795.6783771514893,0.0
0,waypoint_13,0.0,-0.1967604361042245,-0.8068737827527108,1.0638120569246137,0.002941837919934187,0.023592276498675346
1,waypoint_13,0.0,-0.1967604361042245,-0.8068737827527108,1.0638120569246137,70.82968950271606,0.0
2,waypoint_13,0.0,-0.1967604361042245,-0.8068737827527108,1.0638120569246137,0.002457562459312612,0.01243830006569624
3,waypoint_13,0.0,-0.1967604361042245,-0.8068737827527108,1.0638120569246137,0.0025033950805664062,0.0034034461714327335
4,waypoint_13,0.0,-0.1967604361042245,-0.8068737827527108,1.0638120569246137,254.6883225440979,0.0
5,waypoint_13,0.0,-0.1967604361042245,-0.8068737827527108,1.0638120569246137,258.61963629722595,0.0
6,waypoint_13,0.0,-0.1967604361042245,-0.8068737827527108,1.0638120569246137,50.76947808265686,0.0
7,waypoint_13,0.0,-0.1967604361042245,-0.8068737827527108,1.0638120569246137,307.0233464241028,0.0
8,waypoint_13,0.0,-0.1967604361042245,-0.8068737827527108,1.0638120569246137,280.3775370121002,0.0
9,waypoint_13,0.0,-0.1967604361042245,-0.8068737827527108,1.0638120569246137,300.2299964427948,0.0
10,waypoint_13,0.0,-0.1967604361042245,-0.8068737827527108,1.0638120569246137,395.4649567604065,0.0
11,waypoint_13,0.0,-0.1967604361042245,-0.8068737827527108,1.0638120569246137,469.0271019935608,0.0
12,waypoint_13,0.0,-0.1967604361042245,-0.8068737827527108,1.0638120569246137,561.9511008262634,0.0
13,waypoint_13,0.0,-0.1967604361042245,-0.8068737827527108,1.0638120569246137,556.6887855529785,0.0
14,waypoint_13,0.0,-0.1967604361042245,-0.8068737827527108,1.0638120569246137,765.3365135192871,0.0
0,waypoint_13,15.0,-0.1967604361042245,-0.8068737827527108,1.0638120569246137,0.003910355644620722,0.015001984313130379
1,waypoint_13,15.0,-0.1967604361042245,-0.8068737827527108,1.0638120569246137,36.14792600274086,0.0
2,waypoint_13,15.0,-0.1967604361042245,-0.8068737827527108,1.0638120569246137,0.003504023197820061,0.010980214923620224
3,waypoint_13,15.0,-0.1967604361042245,-0.8068737827527108,1.0638120569246137,0.0034897998375527095,0.003297555958852172
4,waypoint_13,15.0,-0.1967604361042245,-0.8068737827527108,1.0638120569246137,296.29260301589966,0.0
5,waypoint_13,15.0,-0.1967604361042245,-0.8068737827527108,1.0638120569246137,238.27897012233734,0.0
6,waypoint_13,15.0,-0.1967604361042245,-0.8068737827527108,1.0638120569246137,116.37768149375916,0.0
7,waypoint_13,15.0,-0.1967604361042245,-0.8068737827527108,1.0638120569246137,301.850825548172,0.0
8,waypoint_13,15.0,-0.1967604361042245,-0.8068737827527108,1.0638120569246137,267.90904998779297,0.0
9,waypoint_13,15.0,-0.1967604361042245,-0.8068737827527108,1.0638120569246137,290.83096981048584,0.0
10,waypoint_13,15.0,-0.1967604361042245,-0.8068737827527108,1.0638120569246137,369.0702021121979,0.0
11,waypoint_13,15.0,-0.1967604361042245,-0.8068737827527108,1.0638120569246137,445.372998714447,0.0
12,waypoint_13,15.0,-0.1967604361042245,-0.8068737827527108,1.0638120569246137,547.0524430274963,0.0
13,waypoint_13,15.0,-0.1967604361042245,-0.8068737827527108,1.0638120569246137,548.0835437774658,0.0
14,waypoint_13,15.0,-0.1967604361042245,-0.8068737827527108,1.0638120569246137,751.1637806892395,0.0
0,waypoint_13,30.0,-0.1967604361042245,-0.8068737827527108,1.0638120569246137,15.789920464158058,0.0
1,waypoint_13,30.0,-0.1967604361042245,-0.8068737827527108,1.0638120569246137,0.06456041592173278,0.006978072691708803
2,waypoint_13,30.0,-0.1967604361042245,-0.8068737827527108,1.0638120569246137,0.003473473043413833,0.009241089224815369
3,waypoint_13,30.0,-0.1967604361042245,-0.8068737827527108,1.0638120569246137,0.003147215466015041,0.0038639854174107313
4,waypoint_13,30.0,-0.1967604361042245,-0.8068737827527108,1.0638120569246137,343.6613380908966,0.0
5,waypoint_13,30.0,-0.1967604361042245,-0.8068737827527108,1.0638120569246137,67.41851568222046,0.0
6,waypoint_13,30.0,-0.1967604361042245,-0.8068737827527108,1.0638120569246137,224.6353030204773,0.0
7,waypoint_13,30.0,-0.1967604361042245,-0.8068737827527108,1.0638120569246137,290.21623730659485,0.0
8,waypoint_13,30.0,-0.1967604361042245,-0.8068737827527108,1.0638120569246137,252.44596600532532,0.0
9,waypoint_13,30.0,-0.1967604361042245,-0.8068737827527108,1.0638120569246137,279.3118357658386,0.0
10,waypoint_13,30.0,-0.1967604361042245,-0.8068737827527108,1.0638120569246137,350.49816966056824,0.0
11,waypoint_13,30.0,-0.1967604361042245,-0.8068737827527108,1.0638120569246137,423.2356548309326,0.0
12,waypoint_13,30.0,-0.1967604361042245,-0.8068737827527108,1.0638120569246137,523.7475037574768,0.0
13,waypoint_13,30.0,-0.1967604361042245,-0.8068737827527108,1.0638120569246137,536.4726185798645,0.0
14,waypoint_13,30.0,-0.1967604361042245,-0.8068737827527108,1.0638120569246137,720.1430797576904,0.0
0,waypoint_14,30.0,-0.17676043610422398,-0.8068737827527108,1.0638120569246137,96.90174460411072,0.0
1,waypoint_14,30.0,-0.17676043610422398,-0.8068737827527108,1.0638120569246137,0.025758379706530832,0.0074639348313212395
2,waypoint_14,30.0,-0.17676043610422398,-0.8068737827527108,1.0638120569246137,0.011071071639889851,0.01006334275007248
3,waypoint_14,30.0,-0.17676043610422398,-0.8068737827527108,1.0638120569246137,0.010588174518488813,0.004990504123270512
4,waypoint_14,30.0,-0.17676043610422398,-0.8068737827527108,1.0638120569246137,318.3223605155945,0.0
5,waypoint_14,30.0,-0.17676043610422398,-0.8068737827527108,1.0638120569246137,46.88802734017372,0.0
6,waypoint_14,30.0,-0.17676043610422398,-0.8068737827527108,1.0638120569246137,194.55856084823608,0.0
7,waypoint_14,30.0,-0.17676043610422398,-0.8068737827527108,1.0638120569246137,292.95045137405396,0.0
8,waypoint_14,30.0,-0.17676043610422398,-0.8068737827527108,1.0638120569246137,254.3008029460907,0.0
9,waypoint_14,30.0,-0.17676043610422398,-0.8068737827527108,1.0638120569246137,275.8771777153015,0.0
10,waypoint_14,30.0,-0.17676043610422398,-0.8068737827527108,1.0638120569246137,338.7843668460846,0.0
11,waypoint_14,30.0,-0.17676043610422398,-0.8068737827527108,1.0638120569246137,408.21534395217896,0.0
12,waypoint_14,30.0,-0.17676043610422398,-0.8068737827527108,1.0638120569246137,506.82348012924194,0.0
13,waypoint_14,30.0,-0.17676043610422398,-0.8068737827527108,1.0638120569246137,520.0693607330322,0.0
14,waypoint_14,30.0,-0.17676043610422398,-0.8068737827527108,1.0638120569246137,699.437141418457,0.0
0,waypoint_14,15.0,-0.17676043610422398,-0.8068737827527108,1.0638120569246137,0.06606829992961138,0.010030881501734257
1,waypoint_14,15.0,-0.17676043610422398,-0.8068737827527108,1.0638120569246137,1.7845170805230737,0.0
2,waypoint_14,15.0,-0.17676043610422398,-0.8068737827527108,1.0638120569246137,0.003207593863407965,0.012354743666946888
3,waypoint_14,15.0,-0.17676043610422398,-0.8068737827527108,1.0638120569246137,0.005293751655699452,0.00487153697758913
4,waypoint_14,15.0,-0.17676043610422398,-0.8068737827527108,1.0638120569246137,266.3888931274414,0.0
5,waypoint_14,15.0,-0.17676043610422398,-0.8068737827527108,1.0638120569246137,236.53104901313782,0.0
6,waypoint_14,15.0,-0.17676043610422398,-0.8068737827527108,1.0638120569246137,66.38509780168533,0.0
7,waypoint_14,15.0,-0.17676043610422398,-0.8068737827527108,1.0638120569246137,303.61875891685486,0.0
8,waypoint_14,15.0,-0.17676043610422398,-0.8068737827527108,1.0638120569246137,267.8931653499603,0.0
9,waypoint_14,15.0,-0.17676043610422398,-0.8068737827527108,1.0638120569246137,287.2435450553894,0.0
10,waypoint_14,15.0,-0.17676043610422398,-0.8068737827527108,1.0638120569246137,352.7950942516327,0.0
11,waypoint_14,15.0,-0.17676043610422398,-0.8068737827527108,1.0638120569246137,431.3463568687439,0.0
12,waypoint_14,15.0,-0.17676043610422398,-0.8068737827527108,1.0638120569246137,531.7196846008301,0.0
13,waypoint_14,15.0,-0.17676043610422398,-0.8068737827527108,1.0638120569246137,533.7697863578796,0.0
14,waypoint_14,15.0,-0.17676043610422398,-0.8068737827527108,1.0638120569246137,717.0687913894653,0.0
0,waypoint_14,0.0,-0.17676043610422398,-0.8068737827527108,1.0638120569246137,34.868065267801285,0.0
1,waypoint_14,0.0,-0.17676043610422398,-0.8068737827527108,1.0638120569246137,38.75172138214111,0.0
2,waypoint_14,0.0,-0.17676043610422398,-0.8068737827527108,1.0638120569246137,0.004636919584299903,0.014114870689809322
3,waypoint_14,0.0,-0.17676043610422398,-0.8068737827527108,1.0638120569246137,0.0026575919491733657,0.005269724875688553
4,waypoint_14,0.0,-0.17676043610422398,-0.8068737827527108,1.0638120569246137,217.02708303928375,0.0
5,waypoint_14,0.0,-0.17676043610422398,-0.8068737827527108,1.0638120569246137,249.50526654720306,0.0
6,waypoint_14,0.0,-0.17676043610422398,-0.8068737827527108,1.0638120569246137,259.4779431819916,0.0
7,waypoint_14,0.0,-0.17676043610422398,-0.8068737827527108,1.0638120569246137,309.80217456817627,0.0
8,waypoint_14,0.0,-0.17676043610422398,-0.8068737827527108,1.0638120569246137,278.97778153419495,0.0
9,waypoint_14,0.0,-0.17676043610422398,-0.8068737827527108,1.0638120569246137,299.5438575744629,0.0
10,waypoint_14,0.0,-0.17676043610422398,-0.8068737827527108,1.0638120569246137,371.580570936203,0.0
11,waypoint_14,0.0,-0.17676043610422398,-0.8068737827527108,1.0638120569246137,452.8384208679199,0.0
12,waypoint_14,0.0,-0.17676043610422398,-0.8068737827527108,1.0638120569246137,573.6117362976074,0.0
13,waypoint_14,0.0,-0.17676043610422398,-0.8068737827527108,1.0638120569246137,539.7390127182007,0.0
14,waypoint_14,0.0,-0.17676043610422398,-0.8068737827527108,1.0638120569246137,734.130859375,0.0
0,waypoint_14,-15.0,-0.17676043610422398,-0.8068737827527108,1.0638120569246137,41.05222597718239,0.0
1,waypoint_14,-15.0,-0.17676043610422398,-0.8068737827527108,1.0638120569246137,19.475553184747696,0.0
2,waypoint_14,-15.0,-0.17676043610422398,-0.8068737827527108,1.0638120569246137,0.005224849246587837,0.015416265465319157
3,waypoint_14,-15.0,-0.17676043610422398,-0.8068737827527108,1.0638120569246137,0.004504786375036929,0.0060877809301018715
4,waypoint_14,-15.0,-0.17676043610422398,-0.8068737827527108,1.0638120569246137,166.47064685821533,0.0
5,waypoint_14,-15.0,-0.17676043610422398,-0.8068737827527108,1.0638120569246137,260.21498441696167,0.0
6,waypoint_14,-15.0,-0.17676043610422398,-0.8068737827527108,1.0638120569246137,269.5375084877014,0.0
7,waypoint_14,-15.0,-0.17676043610422398,-0.8068737827527108,1.0638120569246137,314.02644515037537,0.0
8,waypoint_14,-15.0,-0.17676043610422398,-0.8068737827527108,1.0638120569246137,292.38858819007874,0.0
9,waypoint_14,-15.0,-0.17676043610422398,-0.8068737827527108,1.0638120569246137,302.95780301094055,0.0
10,waypoint_14,-15.0,-0.17676043610422398,-0.8068737827527108,1.0638120569246137,391.8395936489105,0.0
11,waypoint_14,-15.0,-0.17676043610422398,-0.8068737827527108,1.0638120569246137,471.830815076828,0.0
12,waypoint_14,-15.0,-0.17676043610422398,-0.8068737827527108,1.0638120569246137,634.9228620529175,0.0
13,waypoint_14,-15.0,-0.17676043610422398,-0.8068737827527108,1.0638120569246137,544.7534918785095,0.0
14,waypoint_14,-15.0,-0.17676043610422398,-0.8068737827527108,1.0638120569246137,768.4943675994873,0.0
0,waypoint_14,-30.0,-0.17676043610422398,-0.8068737827527108,1.0638120569246137,115.56854844093323,0.0
1,waypoint_14,-30.0,-0.17676043610422398,-0.8068737827527108,1.0638120569246137,36.11154854297638,0.0
2,waypoint_14,-30.0,-0.17676043610422398,-0.8068737827527108,1.0638120569246137,0.004886127044301247,0.016202429309487343
3,waypoint_14,-30.0,-0.17676043610422398,-0.8068737827527108,1.0638120569246137,0.0051577826525317505,0.0069771017879247665
4,waypoint_14,-30.0,-0.17676043610422398,-0.8068737827527108,1.0638120569246137,124.1614818572998,0.0
5,waypoint_14,-30.0,-0.17676043610422398,-0.8068737827527108,1.0638120569246137,268.9426839351654,0.0
6,waypoint_14,-30.0,-0.17676043610422398,-0.8068737827527108,1.0638120569246137,275.9786546230316,0.0
7,waypoint_14,-30.0,-0.17676043610422398,-0.8068737827527108,1.0638120569246137,314.3066167831421,0.0
8,waypoint_14,-30.0,-0.17676043610422398,-0.8068737827527108,1.0638120569246137,293.7980890274048,0.0
9,waypoint_14,-30.0,-0.17676043610422398,-0.8068737827527108,1.0638120569246137,308.9052438735962,0.0
10,waypoint_14,-30.0,-0.17676043610422398,-0.8068737827527108,1.0638120569246137,401.0467231273651,0.0
11,waypoint_14,-30.0,-0.17676043610422398,-0.8068737827527108,1.0638120569246137,482.8493595123291,0.0
12,waypoint_14,-30.0,-0.17676043610422398,-0.8068737827527108,1.0638120569246137,664.8233532905579,0.0
13,waypoint_14,-30.0,-0.17676043610422398,-0.8068737827527108,1.0638120569246137,555.4920434951782,0.0
14,waypoint_14,-30.0,-0.17676043610422398,-0.8068737827527108,1.0638120569246137,784.6276164054871,0.0
0,waypoint_15,-30.0,-0.1567604361042244,-0.8068737827527108,1.0638120569246137,107.00073093175888,0.0
1,waypoint_15,-30.0,-0.1567604361042244,-0.8068737827527108,1.0638120569246137,15.754027292132378,0.0
2,waypoint_15,-30.0,-0.1567604361042244,-0.8068737827527108,1.0638120569246137,0.010457855751155876,0.018006296828389168
3,waypoint_15,-30.0,-0.1567604361042244,-0.8068737827527108,1.0638120569246137,0.009098253940464929,0.008849697187542915
4,waypoint_15,-30.0,-0.1567604361042244,-0.8068737827527108,1.0638120569246137,73.01708310842514,0.0
5,waypoint_15,-30.0,-0.1567604361042244,-0.8068737827527108,1.0638120569246137,271.06112241744995,0.0
6,waypoint_15,-30.0,-0.1567604361042244,-0.8068737827527108,1.0638120569246137,277.55269408226013,0.0
7,waypoint_15,-30.0,-0.1567604361042244,-0.8068737827527108,1.0638120569246137,316.9716000556946,0.0
8,waypoint_15,-30.0,-0.1567604361042244,-0.8068737827527108,1.0638120569246137,294.33876276016235,0.0
9,waypoint_15,-30.0,-0.1567604361042244,-0.8068737827527108,1.0638120569246137,306.1438798904419,0.0
10,waypoint_15,-30.0,-0.1567604361042244,-0.8068737827527108,1.0638120569246137,388.8437747955322,0.0
11,waypoint_15,-30.0,-0.1567604361042244,-0.8068737827527108,1.0638120569246137,467.9632782936096,0.0
12,waypoint_15,-30.0,-0.1567604361042244,-0.8068737827527108,1.0638120569246137,648.2720971107483,0.0
13,waypoint_15,-30.0,-0.1567604361042244,-0.8068737827527108,1.0638120569246137,541.2514209747314,0.0
14,waypoint_15,-30.0,-0.1567604361042244,-0.8068737827527108,1.0638120569246137,767.1340703964233,0.0
0,waypoint_15,-15.0,-0.1567604361042244,-0.8068737827527108,1.0638120569246137,78.38404178619385,0.0
1,waypoint_15,-15.0,-0.1567604361042244,-0.8068737827527108,1.0638120569246137,31.259983777999878,0.0
2,waypoint_15,-15.0,-0.1567604361042244,-0.8068737827527108,1.0638120569246137,0.004805479875358287,0.017181817442178726
3,waypoint_15,-15.0,-0.1567604361042244,-0.8068737827527108,1.0638120569246137,0.0056934136409836356,0.008007804863154888
4,waypoint_15,-15.0,-0.1567604361042244,-0.8068737827527108,1.0638120569246137,103.80522906780243,0.0
5,waypoint_15,-15.0,-0.1567604361042244,-0.8068737827527108,1.0638120569246137,262.96862959861755,0.0
6,waypoint_15,-15.0,-0.1567604361042244,-0.8068737827527108,1.0638120569246137,271.4657783508301,0.0
7,waypoint_15,-15.0,-0.1567604361042244,-0.8068737827527108,1.0638120569246137,317.0076608657837,0.0
8,waypoint_15,-15.0,-0.1567604361042244,-0.8068737827527108,1.0638120569246137,292.9052710533142,0.0
9,waypoint_15,-15.0,-0.1567604361042244,-0.8068737827527108,1.0638120569246137,303.663432598114,0.0
10,waypoint_15,-15.0,-0.1567604361042244,-0.8068737827527108,1.0638120569246137,381.04885816574097,0.0
11,waypoint_15,-15.0,-0.1567604361042244,-0.8068737827527108,1.0638120569246137,459.964394569397,0.0
12,waypoint_15,-15.0,-0.1567604361042244,-0.8068737827527108,1.0638120569246137,638.8916373252869,0.0
13,waypoint_15,-15.0,-0.1567604361042244,-0.8068737827527108,1.0638120569246137,533.8665246963501,0.0
14,waypoint_15,-15.0,-0.1567604361042244,-0.8068737827527108,1.0638120569246137,761.930525302887,0.0
0,waypoint_15,0.0,-0.1567604361042244,-0.8068737827527108,1.0638120569246137,48.15481975674629,0.0
1,waypoint_15,0.0,-0.1567604361042244,-0.8068737827527108,1.0638120569246137,35.24288535118103,0.0
2,waypoint_15,0.0,-0.1567604361042244,-0.8068737827527108,1.0638120569246137,0.004733974947157549,0.015724502503871918
3,waypoint_15,0.0,-0.1567604361042244,-0.8068737827527108,1.0638120569246137,0.003471426907708519,0.007114407606422901
4,waypoint_15,0.0,-0.1567604361042244,-0.8068737827527108,1.0638120569246137,148.10626208782196,0.0
5,waypoint_15,0.0,-0.1567604361042244,-0.8068737827527108,1.0638120569246137,251.75011157989502,0.0
6,waypoint_15,0.0,-0.1567604361042244,-0.8068737827527108,1.0638120569246137,259.2647671699524,0.0
7,waypoint_15,0.0,-0.1567604361042244,-0.8068737827527108,1.0638120569246137,315.2554929256439,0.0
8,waypoint_15,0.0,-0.1567604361042244,-0.8068737827527108,1.0638120569246137,283.8938534259796,0.0
9,waypoint_15,0.0,-0.1567604361042244,-0.8068737827527108,1.0638120569246137,289.9779677391052,0.0
10,waypoint_15,0.0,-0.1567604361042244,-0.8068737827527108,1.0638120569246137,367.62356758117676,0.0
11,waypoint_15,0.0,-0.1567604361042244,-0.8068737827527108,1.0638120569246137,434.66633558273315,0.0
12,waypoint_15,0.0,-0.1567604361042244,-0.8068737827527108,1.0638120569246137,607.2573661804199,0.0
13,waypoint_15,0.0,-0.1567604361042244,-0.8068737827527108,1.0638120569246137,523.6765742301941,0.0
14,waypoint_15,0.0,-0.1567604361042244,-0.8068737827527108,1.0638120569246137,725.1062393188477,0.0
0,waypoint_15,15.0,-0.1567604361042244,-0.8068737827527108,1.0638120569246137,0.018071121303364635,0.005243651103228331
1,waypoint_15,15.0,-0.1567604361042244,-0.8068737827527108,1.0638120569246137,34.24568846821785,0.0
2,waypoint_15,15.0,-0.1567604361042244,-0.8068737827527108,1.0638120569246137,0.007188231393229216,0.0136261573061347
3,waypoint_15,15.0,-0.1567604361042244,-0.8068737827527108,1.0638120569246137,0.005119064098835224,0.006450978107750416
4,waypoint_15,15.0,-0.1567604361042244,-0.8068737827527108,1.0638120569246137,0.0333208627125714,0.0010415390133857727
5,waypoint_15,15.0,-0.1567604361042244,-0.8068737827527108,1.0638120569246137,237.02313005924225,0.0
6,waypoint_15,15.0,-0.1567604361042244,-0.8068737827527108,1.0638120569246137,21.568072959780693,0.0
7,waypoint_15,15.0,-0.1567604361042244,-0.8068737827527108,1.0638120569246137,308.037668466568,0.0
8,waypoint_15,15.0,-0.1567604361042244,-0.8068737827527108,1.0638120569246137,270.07004618644714,0.0
9,waypoint_15,15.0,-0.1567604361042244,-0.8068737827527108,1.0638120569246137,276.63442492485046,0.0
10,waypoint_15,15.0,-0.1567604361042244,-0.8068737827527108,1.0638120569246137,343.69778633117676,0.0
11,waypoint_15,15.0,-0.1567604361042244,-0.8068737827527108,1.0638120569246137,416.0044193267822,0.0
12,waypoint_15,15.0,-0.1567604361042244,-0.8068737827527108,1.0638120569246137,584.9739909172058,0.0
13,waypoint_15,15.0,-0.1567604361042244,-0.8068737827527108,1.0638120569246137,518.1740522384644,0.0
14,waypoint_15,15.0,-0.1567604361042244,-0.8068737827527108,1.0638120569246137,709.8281979560852,0.0
0,waypoint_15,30.0,-0.1567604361042244,-0.8068737827527108,1.0638120569246137,93.03393959999084,0.0
1,waypoint_15,30.0,-0.1567604361042244,-0.8068737827527108,1.0638120569246137,0.01494306434324244,0.007917596958577633
2,waypoint_15,30.0,-0.1567604361042244,-0.8068737827527108,1.0638120569246137,0.0014745374983249349,0.010705864056944847
3,waypoint_15,30.0,-0.1567604361042244,-0.8068737827527108,1.0638120569246137,0.004979753157385858,0.006129173561930656
4,waypoint_15,30.0,-0.1567604361042244,-0.8068737827527108,1.0638120569246137,27.32766605913639,0.0
5,waypoint_15,30.0,-0.1567604361042244,-0.8068737827527108,1.0638120569246137,30.826594680547714,0.0
6,waypoint_15,30.0,-0.1567604361042244,-0.8068737827527108,1.0638120569246137,162.73008286952972,0.0
7,waypoint_15,30.0,-0.1567604361042244,-0.8068737827527108,1.0638120569246137,301.3872504234314,0.0
8,waypoint_15,30.0,-0.1567604361042244,-0.8068737827527108,1.0638120569246137,255.95897436141968,0.0
9,waypoint_15,30.0,-0.1567604361042244,-0.8068737827527108,1.0638120569246137,263.52760195732117,0.0
10,waypoint_15,30.0,-0.1567604361042244,-0.8068737827527108,1.0638120569246137,327.4208903312683,0.0
11,waypoint_15,30.0,-0.1567604361042244,-0.8068737827527108,1.0638120569246137,390.9381628036499,0.0
12,waypoint_15,30.0,-0.1567604361042244,-0.8068737827527108,1.0638120569246137,561.3749623298645,0.0
13,waypoint_15,30.0,-0.1567604361042244,-0.8068737827527108,1.0638120569246137,508.3123445510864,0.0
14,waypoint_15,30.0,-0.1567604361042244,-0.8068737827527108,1.0638120569246137,682.5426816940308,0.0
0,waypoint_16,30.0,-0.13676043610422478,-0.8068737827527108,1.0638120569246137,138.1281614303589,0.0
1,waypoint_16,30.0,-0.13676043610422478,-0.8068737827527108,1.0638120569246137,0.008433794391748961,0.003509389702230692
2,waypoint_16,30.0,-0.13676043610422478,-0.8068737827527108,1.0638120569246137,0.009503904038865585,0.011109692975878716
3,waypoint_16,30.0,-0.13676043610422478,-0.8068737827527108,1.0638120569246137,0.012044268260069657,0.007239055819809437
4,waypoint_16,30.0,-0.13676043610422478,-0.8068737827527108,1.0638120569246137,54.86905947327614,0.0
5,waypoint_16,30.0,-0.13676043610422478,-0.8068737827527108,1.0638120569246137,18.494904041290283,0.0
6,waypoint_16,30.0,-0.13676043610422478,-0.8068737827527108,1.0638120569246137,128.80846858024597,0.0
7,waypoint_16,30.0,-0.13676043610422478,-0.8068737827527108,1.0638120569246137,307.0167601108551,0.0
8,waypoint_16,30.0,-0.13676043610422478,-0.8068737827527108,1.0638120569246137,259.6338391304016,0.0
9,waypoint_16,30.0,-0.13676043610422478,-0.8068737827527108,1.0638120569246137,261.5708112716675,0.0
10,waypoint_16,30.0,-0.13676043610422478,-0.8068737827527108,1.0638120569246137,315.5645430088043,0.0
11,waypoint_16,30.0,-0.13676043610422478,-0.8068737827527108,1.0638120569246137,379.4921040534973,0.0
12,waypoint_16,30.0,-0.13676043610422478,-0.8068737827527108,1.0638120569246137,547.8753447532654,0.0
13,waypoint_16,30.0,-0.13676043610422478,-0.8068737827527108,1.0638120569246137,492.9381012916565,0.0
14,waypoint_16,30.0,-0.13676043610422478,-0.8068737827527108,1.0638120569246137,663.3317470550537,0.0
0,waypoint_16,15.0,-0.13676043610422478,-0.8068737827527108,1.0638120569246137,5.200268235057592,0.0
1,waypoint_16,15.0,-0.13676043610422478,-0.8068737827527108,1.0638120569246137,0.6191557622514665,0.008850207552313805
2,waypoint_16,15.0,-0.13676043610422478,-0.8068737827527108,1.0638120569246137,0.0025678466499812203,0.014767535962164402
3,waypoint_16,15.0,-0.13676043610422478,-0.8068737827527108,1.0638120569246137,0.002081900674966164,0.00800864677876234
4,waypoint_16,15.0,-0.13676043610422478,-0.8068737827527108,1.0638120569246137,103.80472987890244,0.0
5,waypoint_16,15.0,-0.13676043610422478,-0.8068737827527108,1.0638120569246137,233.62068831920624,0.0
6,waypoint_16,15.0,-0.13676043610422478,-0.8068737827527108,1.0638120569246137,0.5581504083238542,1.0747760370577453e-06
7,waypoint_16,15.0,-0.13676043610422478,-0.8068737827527108,1.0638120569246137,313.3387267589569,0.0
8,waypoint_16,15.0,-0.13676043610422478,-0.8068737827527108,1.0638120569246137,272.46585488319397,0.0
9,waypoint_16,15.0,-0.13676043610422478,-0.8068737827527108,1.0638120569246137,273.2880115509033,0.0
10,waypoint_16,15.0,-0.13676043610422478,-0.8068737827527108,1.0638120569246137,328.08852195739746,0.0
11,waypoint_16,15.0,-0.13676043610422478,-0.8068737827527108,1.0638120569246137,401.27116441726685,0.0
12,waypoint_16,15.0,-0.13676043610422478,-0.8068737827527108,1.0638120569246137,576.2343406677246,0.0
13,waypoint_16,15.0,-0.13676043610422478,-0.8068737827527108,1.0638120569246137,504.6229958534241,0.0
14,waypoint_16,15.0,-0.13676043610422478,-0.8068737827527108,1.0638120569246137,684.3270659446716,0.0
0,waypoint_16,0.0,-0.13676043610422478,-0.8068737827527108,1.0638120569246137,0.01835397233662661,0.020636333152651787
1,waypoint_16,0.0,-0.13676043610422478,-0.8068737827527108,1.0638120569246137,16.661006957292557,0.0
2,waypoint_16,0.0,-0.13676043610422478,-0.8068737827527108,1.0638120569246137,0.004612336852005683,0.01725359633564949
3,waypoint_16,0.0,-0.13676043610422478,-0.8068737827527108,1.0638120569246137,0.002999244998136419,0.00892932154238224
4,waypoint_16,0.0,-0.13676043610422478,-0.8068737827527108,1.0638120569246137,0.029120086765033193,0.00036015213117934763
5,waypoint_16,0.0,-0.13676043610422478,-0.8068737827527108,1.0638120569246137,242.0908510684967,0.0
6,waypoint_16,0.0,-0.13676043610422478,-0.8068737827527108,1.0638120569246137,0.008599519787821919,0.014402274042367935
7,waypoint_16,0.0,-0.13676043610422478,-0.8068737827527108,1.0638120569246137,319.9830949306488,0.0
8,waypoint_16,0.0,-0.13676043610422478,-0.8068737827527108,1.0638120569246137,286.71911358833313,0.0
9,waypoint_16,0.0,-0.13676043610422478,-0.8068737827527108,1.0638120569246137,285.30803322792053,0.0
10,waypoint_16,0.0,-0.13676043610422478,-0.8068737827527108,1.0638120569246137,349.0435779094696,0.0
11,waypoint_16,0.0,-0.13676043610422478,-0.8068737827527108,1.0638120569246137,424.33926463127136,0.0
12,waypoint_16,0.0,-0.13676043610422478,-0.8068737827527108,1.0638120569246137,684.5120787620544,0.0
13,waypoint_16,0.0,-0.13676043610422478,-0.8068737827527108,1.0638120569246137,509.5938444137573,0.0
14,waypoint_16,0.0,-0.13676043610422478,-0.8068737827527108,1.0638120569246137,698.3587145805359,0.0
0,waypoint_16,-15.0,-0.13676043610422478,-0.8068737827527108,1.0638120569246137,0.006111147740739398,0.02922363206744194
1,waypoint_16,-15.0,-0.13676043610422478,-0.8068737827527108,1.0638120569246137,36.259692162275314,0.0
2,waypoint_16,-15.0,-0.13676043610422478,-0.8068737827527108,1.0638120569246137,0.0029802322387695312,0.018902111798524857
3,waypoint_16,-15.0,-0.13676043610422478,-0.8068737827527108,1.0638120569246137,0.003960906724387314,0.009904655627906322
4,waypoint_16,-15.0,-0.13676043610422478,-0.8068737827527108,1.0638120569246137,0.6842311122454703,0.0010175738716498017
5,waypoint_16,-15.0,-0.13676043610422478,-0.8068737827527108,1.0638120569246137,249.85378980636597,0.0
6,waypoint_16,-15.0,-0.13676043610422478,-0.8068737827527108,1.0638120569246137,0.0031691865842731204,0.018698424100875854
7,waypoint_16,-15.0,-0.13676043610422478,-0.8068737827527108,1.0638120569246137,327.7476131916046,0.0
8,waypoint_16,-15.0,-0.13676043610422478,-0.8068737827527108,1.0638120569246137,293.36464405059814,0.0
9,waypoint_16,-15.0,-0.13676043610422478,-0.8068737827527108,1.0638120569246137,296.06613516807556,0.0
10,waypoint_16,-15.0,-0.13676043610422478,-0.8068737827527108,1.0638120569246137,368.68059635162354,0.0
11,waypoint_16,-15.0,-0.13676043610422478,-0.8068737827527108,1.0638120569246137,439.7265315055847,0.0
12,waypoint_16,-15.0,-0.13676043610422478,-0.8068737827527108,1.0638120569246137,480.8541536331177,0.0
13,waypoint_16,-15.0,-0.13676043610422478,-0.8068737827527108,1.0638120569246137,514.3679976463318,0.0
14,waypoint_16,-15.0,-0.13676043610422478,-0.8068737827527108,1.0638120569246137,726.0725498199463,0.0
0,waypoint_16,-30.0,-0.13676043610422478,-0.8068737827527108,1.0638120569246137,0.004163801349932328,0.03380916267633438
1,waypoint_16,-30.0,-0.13676043610422478,-0.8068737827527108,1.0638120569246137,149.27929639816284,0.0
2,waypoint_16,-30.0,-0.13676043610422478,-0.8068737827527108,1.0638120569246137,0.005235717708274024,0.01979309320449829
3,waypoint_16,-30.0,-0.13676043610422478,-0.8068737827527108,1.0638120569246137,0.004769861334352754,0.010709057562053204
4,waypoint_16,-30.0,-0.13676043610422478,-0.8068737827527108,1.0638120569246137,101.37254744768143,0.0
5,waypoint_16,-30.0,-0.13676043610422478,-0.8068737827527108,1.0638120569246137,255.57658076286316,0.0
6,waypoint_16,-30.0,-0.13676043610422478,-0.8068737827527108,1.0638120569246137,0.005363113814382814,0.020199837163090706
7,waypoint_16,-30.0,-0.13676043610422478,-0.8068737827527108,1.0638120569246137,327.0617723464966,0.0
8,waypoint_16,-30.0,-0.13676043610422478,-0.8068737827527108,1.0638120569246137,297.5722849369049,0.0
9,waypoint_16,-30.0,-0.13676043610422478,-0.8068737827527108,1.0638120569246137,302.134245634079,0.0
10,waypoint_16,-30.0,-0.13676043610422478,-0.8068737827527108,1.0638120569246137,373.50136041641235,0.0
11,waypoint_16,-30.0,-0.13676043610422478,-0.8068737827527108,1.0638120569246137,452.1360695362091,0.0
12,waypoint_16,-30.0,-0.13676043610422478,-0.8068737827527108,1.0638120569246137,474.37456250190735,0.0
13,waypoint_16,-30.0,-0.13676043610422478,-0.8068737827527108,1.0638120569246137,524.654746055603,0.0
14,waypoint_16,-30.0,-0.13676043610422478,-0.8068737827527108,1.0638120569246137,743.5318827629089,0.0
0,waypoint_17,-30.0,-0.1167604361042246,-0.8068737827527108,1.0638120569246137,0.008376096047868486,0.03418894484639168
1,waypoint_17,-30.0,-0.1167604361042246,-0.8068737827527108,1.0638120569246137,142.31105148792267,0.0
2,waypoint_17,-30.0,-0.1167604361042246,-0.8068737827527108,1.0638120569246137,0.010144002771994565,0.02156160958111286
3,waypoint_17,-30.0,-0.1167604361042246,-0.8068737827527108,1.0638120569246137,0.0103622978713247,0.012555493041872978
4,waypoint_17,-30.0,-0.1167604361042246,-0.8068737827527108,1.0638120569246137,171.16467654705048,0.0
5,waypoint_17,-30.0,-0.1167604361042246,-0.8068737827527108,1.0638120569246137,258.76766443252563,0.0
6,waypoint_17,-30.0,-0.1167604361042246,-0.8068737827527108,1.0638120569246137,0.009831901479628868,0.01829000562429428
7,waypoint_17,-30.0,-0.1167604361042246,-0.8068737827527108,1.0638120569246137,331.38981461524963,0.0
8,waypoint_17,-30.0,-0.1167604361042246,-0.8068737827527108,1.0638120569246137,297.6647615432739,0.0
9,waypoint_17,-30.0,-0.1167604361042246,-0.8068737827527108,1.0638120569246137,298.1961965560913,0.0
10,waypoint_17,-30.0,-0.1167604361042246,-0.8068737827527108,1.0638120569246137,362.4320328235626,0.0
11,waypoint_17,-30.0,-0.1167604361042246,-0.8068737827527108,1.0638120569246137,438.0642771720886,0.0
12,waypoint_17,-30.0,-0.1167604361042246,-0.8068737827527108,1.0638120569246137,460.04968881607056,0.0
13,waypoint_17,-30.0,-0.1167604361042246,-0.8068737827527108,1.0638120569246137,509.6333622932434,0.0
14,waypoint_17,-30.0,-0.1167604361042246,-0.8068737827527108,1.0638120569246137,725.9606122970581,0.0
0,waypoint_17,-15.0,-0.1167604361042246,-0.8068737827527108,1.0638120569246137,0.0026575919491733657,0.02856137789785862
1,waypoint_17,-15.0,-0.1167604361042246,-0.8068737827527108,1.0638120569246137,79.12076264619827,0.0
2,waypoint_17,-15.0,-0.1167604361042246,-0.8068737827527108,1.0638120569246137,0.003649050768217421,0.020567486062645912
3,waypoint_17,-15.0,-0.1167604361042246,-0.8068737827527108,1.0638120569246137,0.0027804144338006154,0.011773770675063133
4,waypoint_17,-15.0,-0.1167604361042246,-0.8068737827527108,1.0638120569246137,110.39023846387863,0.0
5,waypoint_17,-15.0,-0.1167604361042246,-0.8068737827527108,1.0638120569246137,256.1190128326416,0.0
6,waypoint_17,-15.0,-0.1167604361042246,-0.8068737827527108,1.0638120569246137,0.0058673927014751825,0.017309797927737236
7,waypoint_17,-15.0,-0.1167604361042246,-0.8068737827527108,1.0638120569246137,332.9296112060547,0.0
8,waypoint_17,-15.0,-0.1167604361042246,-0.8068737827527108,1.0638120569246137,295.685350894928,0.0
9,waypoint_17,-15.0,-0.1167604361042246,-0.8068737827527108,1.0638120569246137,296.4552044868469,0.0
10,waypoint_17,-15.0,-0.1167604361042246,-0.8068737827527108,1.0638120569246137,359.93248224258423,0.0
11,waypoint_17,-15.0,-0.1167604361042246,-0.8068737827527108,1.0638120569246137,433.3783686161041,0.0
12,waypoint_17,-15.0,-0.1167604361042246,-0.8068737827527108,1.0638120569246137,458.2628905773163,0.0
13,waypoint_17,-15.0,-0.1167604361042246,-0.8068737827527108,1.0638120569246137,500.26851892471313,0.0
14,waypoint_17,-15.0,-0.1167604361042246,-0.8068737827527108,1.0638120569246137,721.2087512016296,0.0
0,waypoint_17,0.0,-0.1167604361042246,-0.8068737827527108,1.0638120569246137,0.0054066372285888065,0.017425399273633957
1,waypoint_17,0.0,-0.1167604361042246,-0.8068737827527108,1.0638120569246137,41.10036417841911,0.0
2,waypoint_17,0.0,-0.1167604361042246,-0.8068737827527108,1.0638120569246137,0.004158679075771943,0.018684498965740204
3,waypoint_17,0.0,-0.1167604361042246,-0.8068737827527108,1.0638120569246137,0.0033717478800099343,0.010706842876970768
4,waypoint_17,0.0,-0.1167604361042246,-0.8068737827527108,1.0638120569246137,0.11728281242540106,0.00153543206397444
5,waypoint_17,0.0,-0.1167604361042246,-0.8068737827527108,1.0638120569246137,247.8010505437851,0.0
6,waypoint_17,0.0,-0.1167604361042246,-0.8068737827527108,1.0638120569246137,0.0034964821225003107,0.014042436145246029
7,waypoint_17,0.0,-0.1167604361042246,-0.8068737827527108,1.0638120569246137,333.5307836532593,0.0
8,waypoint_17,0.0,-0.1167604361042246,-0.8068737827527108,1.0638120569246137,287.6659631729126,0.0
9,waypoint_17,0.0,-0.1167604361042246,-0.8068737827527108,1.0638120569246137,282.3302149772644,0.0
10,waypoint_17,0.0,-0.1167604361042246,-0.8068737827527108,1.0638120569246137,343.0272936820984,0.0
11,waypoint_17,0.0,-0.1167604361042246,-0.8068737827527108,1.0638120569246137,411.37784719467163,0.0
12,waypoint_17,0.0,-0.1167604361042246,-0.8068737827527108,1.0638120569246137,452.28835940361023,0.0
13,waypoint_17,0.0,-0.1167604361042246,-0.8068737827527108,1.0638120569246137,495.7994520664215,0.0
14,waypoint_17,0.0,-0.1167604361042246,-0.8068737827527108,1.0638120569246137,696.334183216095,0.0
0,waypoint_17,15.0,-0.1167604361042246,-0.8068737827527108,1.0638120569246137,100.25997459888458,0.0
1,waypoint_17,15.0,-0.1167604361042246,-0.8068737827527108,1.0638120569246137,0.5326778627932072,0.00930829532444477
2,waypoint_17,15.0,-0.1167604361042246,-0.8068737827527108,1.0638120569246137,0.0034073843835358275,0.01574482023715973
3,waypoint_17,15.0,-0.1167604361042246,-0.8068737827527108,1.0638120569246137,0.003754619456231012,0.009524701163172722
4,waypoint_17,15.0,-0.1167604361042246,-0.8068737827527108,1.0638120569246137,0.013669620784639847,0.0018162812339141965
5,waypoint_17,15.0,-0.1167604361042246,-0.8068737827527108,1.0638120569246137,236.4322543144226,0.0
6,waypoint_17,15.0,-0.1167604361042246,-0.8068737827527108,1.0638120569246137,0.0030625421914010076,0.003902000840753317
7,waypoint_17,15.0,-0.1167604361042246,-0.8068737827527108,1.0638120569246137,331.31861686706543,0.0
8,waypoint_17,15.0,-0.1167604361042246,-0.8068737827527108,1.0638120569246137,274.77702498435974,0.0
9,waypoint_17,15.0,-0.1167604361042246,-0.8068737827527108,1.0638120569246137,268.018901348114,0.0
10,waypoint_17,15.0,-0.1167604361042246,-0.8068737827527108,1.0638120569246137,318.56364011764526,0.0
11,waypoint_17,15.0,-0.1167604361042246,-0.8068737827527108,1.0638120569246137,388.09844851493835,0.0
12,waypoint_17,15.0,-0.1167604361042246,-0.8068737827527108,1.0638120569246137,432.3986768722534,0.0
13,waypoint_17,15.0,-0.1167604361042246,-0.8068737827527108,1.0638120569246137,490.3396964073181,0.0
14,waypoint_17,15.0,-0.1167604361042246,-0.8068737827527108,1.0638120569246137,674.8586297035217,0.0
0,waypoint_17,30.0,-0.1167604361042246,-0.8068737827527108,1.0638120569246137,119.5015162229538,0.0
1,waypoint_17,30.0,-0.1167604361042246,-0.8068737827527108,1.0638120569246137,7.261710707098246,0.0
2,waypoint_17,30.0,-0.1167604361042246,-0.8068737827527108,1.0638120569246137,0.0043978375288133975,0.011188633739948273
3,waypoint_17,30.0,-0.1167604361042246,-0.8068737827527108,1.0638120569246137,0.005036504262534436,0.00828662421554327
4,waypoint_17,30.0,-0.1167604361042246,-0.8068737827527108,1.0638120569246137,0.019913393771275878,0.002882198663428426
5,waypoint_17,30.0,-0.1167604361042246,-0.8068737827527108,1.0638120569246137,17.950309440493584,0.0
6,waypoint_17,30.0,-0.1167604361042246,-0.8068737827527108,1.0638120569246137,104.1879802942276,0.0
7,waypoint_17,30.0,-0.1167604361042246,-0.8068737827527108,1.0638120569246137,325.46544075012207,0.0
8,waypoint_17,30.0,-0.1167604361042246,-0.8068737827527108,1.0638120569246137,261.53868436813354,0.0
9,waypoint_17,30.0,-0.1167604361042246,-0.8068737827527108,1.0638120569246137,252.6533305644989,0.0
10,waypoint_17,30.0,-0.1167604361042246,-0.8068737827527108,1.0638120569246137,303.34553122520447,0.0
11,waypoint_17,30.0,-0.1167604361042246,-0.8068737827527108,1.0638120569246137,365.6419813632965,0.0
12,waypoint_17,30.0,-0.1167604361042246,-0.8068737827527108,1.0638120569246137,420.41248083114624,0.0
13,waypoint_17,30.0,-0.1167604361042246,-0.8068737827527108,1.0638120569246137,481.883704662323,0.0
14,waypoint_17,30.0,-0.1167604361042246,-0.8068737827527108,1.0638120569246137,649.9874591827393,0.0
0,waypoint_18,30.0,-0.0967604361042248,-0.8068737827527108,1.0638120569246137,164.8404598236084,0.0
1,waypoint_18,30.0,-0.0967604361042248,-0.8068737827527108,1.0638120569246137,26.35813131928444,0.0
2,waypoint_18,30.0,-0.0967604361042248,-0.8068737827527108,1.0638120569246137,0.012040138244628906,0.010812896303832531
3,waypoint_18,30.0,-0.0967604361042248,-0.8068737827527108,1.0638120569246137,0.00950764115259517,0.009240825660526752
4,waypoint_18,30.0,-0.0967604361042248,-0.8068737827527108,1.0638120569246137,0.012176865311630536,0.00386474234983325
5,waypoint_18,30.0,-0.0967604361042248,-0.8068737827527108,1.0638120569246137,15.561900101602077,0.0
6,waypoint_18,30.0,-0.0967604361042248,-0.8068737827527108,1.0638120569246137,74.59186762571335,0.0
7,waypoint_18,30.0,-0.0967604361042248,-0.8068737827527108,1.0638120569246137,332.56736397743225,0.0
8,waypoint_18,30.0,-0.0967604361042248,-0.8068737827527108,1.0638120569246137,267.2771215438843,0.0
9,waypoint_18,30.0,-0.0967604361042248,-0.8068737827527108,1.0638120569246137,254.6435296535492,0.0
10,waypoint_18,30.0,-0.0967604361042248,-0.8068737827527108,1.0638120569246137,293.7209904193878,0.0
11,waypoint_18,30.0,-0.0967604361042248,-0.8068737827527108,1.0638120569246137,351.8158197402954,0.0
12,waypoint_18,30.0,-0.0967604361042248,-0.8068737827527108,1.0638120569246137,403.40492129325867,0.0
13,waypoint_18,30.0,-0.0967604361042248,-0.8068737827527108,1.0638120569246137,467.6772654056549,0.0
14,waypoint_18,30.0,-0.0967604361042248,-0.8068737827527108,1.0638120569246137,632.7880024909973,0.0
0,waypoint_18,15.0,-0.0967604361042248,-0.8068737827527108,1.0638120569246137,152.43135392665863,0.0
1,waypoint_18,15.0,-0.0967604361042248,-0.8068737827527108,1.0638120569246137,0.09214014426106587,0.009711161255836487
2,waypoint_18,15.0,-0.0967604361042248,-0.8068737827527108,1.0638120569246137,0.0034570693969726562,0.01651633158326149
3,waypoint_18,15.0,-0.0967604361042248,-0.8068737827527108,1.0638120569246137,0.004548736797005404,0.01098006870597601
4,waypoint_18,15.0,-0.0967604361042248,-0.8068737827527108,1.0638120569246137,0.0015370603705378016,0.003297706600278616
5,waypoint_18,15.0,-0.0967604361042248,-0.8068737827527108,1.0638120569246137,235.14577746391296,0.0
6,waypoint_18,15.0,-0.0967604361042248,-0.8068737827527108,1.0638120569246137,30.903104692697525,0.0
7,waypoint_18,15.0,-0.0967604361042248,-0.8068737827527108,1.0638120569246137,334.12542939186096,0.0
8,waypoint_18,15.0,-0.0967604361042248,-0.8068737827527108,1.0638120569246137,279.497891664505,0.0
9,waypoint_18,15.0,-0.0967604361042248,-0.8068737827527108,1.0638120569246137,268.7969505786896,0.0
10,waypoint_18,15.0,-0.0967604361042248,-0.8068737827527108,1.0638120569246137,311.60464882850647,0.0
11,waypoint_18,15.0,-0.0967604361042248,-0.8068737827527108,1.0638120569246137,375.1823604106903,0.0
12,waypoint_18,15.0,-0.0967604361042248,-0.8068737827527108,1.0638120569246137,411.01816296577454,0.0
13,waypoint_18,15.0,-0.0967604361042248,-0.8068737827527108,1.0638120569246137,476.7947196960449,0.0
14,waypoint_18,15.0,-0.0967604361042248,-0.8068737827527108,1.0638120569246137,649.062991142273,0.0
0,waypoint_18,0.0,-0.0967604361042248,-0.8068737827527108,1.0638120569246137,0.026692501705838367,0.01123296283185482
1,waypoint_18,0.0,-0.0967604361042248,-0.8068737827527108,1.0638120569246137,5.399201065301895,0.0
2,waypoint_18,0.0,-0.0967604361042248,-0.8068737827527108,1.0638120569246137,0.004498472662817221,0.019995346665382385
3,waypoint_18,0.0,-0.0967604361042248,-0.8068737827527108,1.0638120569246137,0.004158679075771943,0.012438660487532616
4,waypoint_18,0.0,-0.0967604361042248,-0.8068737827527108,1.0638120569246137,0.006635418685618788,0.003403422422707081
5,waypoint_18,0.0,-0.0967604361042248,-0.8068737827527108,1.0638120569246137,238.28057944774628,0.0
6,waypoint_18,0.0,-0.0967604361042248,-0.8068737827527108,1.0638120569246137,255.09130954742432,0.0
7,waypoint_18,0.0,-0.0967604361042248,-0.8068737827527108,1.0638120569246137,338.8587236404419,0.0
8,waypoint_18,0.0,-0.0967604361042248,-0.8068737827527108,1.0638120569246137,291.3838326931,0.0
9,waypoint_18,0.0,-0.0967604361042248,-0.8068737827527108,1.0638120569246137,280.1307439804077,0.0
10,waypoint_18,0.0,-0.0967604361042248,-0.8068737827527108,1.0638120569246137,333.9158892631531,0.0
11,waypoint_18,0.0,-0.0967604361042248,-0.8068737827527108,1.0638120569246137,395.927757024765,0.0
12,waypoint_18,0.0,-0.0967604361042248,-0.8068737827527108,1.0638120569246137,416.59015417099,0.0
13,waypoint_18,0.0,-0.0967604361042248,-0.8068737827527108,1.0638120569246137,481.5877676010132,0.0
14,waypoint_18,0.0,-0.0967604361042248,-0.8068737827527108,1.0638120569246137,669.1956520080566,0.0
0,waypoint_18,-15.0,-0.0967604361042248,-0.8068737827527108,1.0638120569246137,60.523100197315216,0.0
1,waypoint_18,-15.0,-0.0967604361042248,-0.8068737827527108,1.0638120569246137,24.90449696779251,0.0
2,waypoint_18,-15.0,-0.0967604361042248,-0.8068737827527108,1.0638120569246137,0.004371910108602606,0.022165514528751373
3,waypoint_18,-15.0,-0.0967604361042248,-0.8068737827527108,1.0638120569246137,0.00500253099744441,0.013612459413707256
4,waypoint_18,-15.0,-0.0967604361042248,-0.8068737827527108,1.0638120569246137,0.004160387106821872,0.004155600909143686
5,waypoint_18,-15.0,-0.0967604361042248,-0.8068737827527108,1.0638120569246137,240.30980467796326,0.0
6,waypoint_18,-15.0,-0.0967604361042248,-0.8068737827527108,1.0638120569246137,262.68887519836426,0.0
7,waypoint_18,-15.0,-0.0967604361042248,-0.8068737827527108,1.0638120569246137,339.5628333091736,0.0
8,waypoint_18,-15.0,-0.0967604361042248,-0.8068737827527108,1.0638120569246137,298.16487431526184,0.0
9,waypoint_18,-15.0,-0.0967604361042248,-0.8068737827527108,1.0638120569246137,293.97132992744446,0.0
10,waypoint_18,-15.0,-0.0967604361042248,-0.8068737827527108,1.0638120569246137,354.68733310699463,0.0
11,waypoint_18,-15.0,-0.0967604361042248,-0.8068737827527108,1.0638120569246137,418.39802265167236,0.0
12,waypoint_18,-15.0,-0.0967604361042248,-0.8068737827527108,1.0638120569246137,417.846143245697,0.0
13,waypoint_18,-15.0,-0.0967604361042248,-0.8068737827527108,1.0638120569246137,485.4862093925476,0.0
14,waypoint_18,-15.0,-0.0967604361042248,-0.8068737827527108,1.0638120569246137,699.7972726821899,0.0
0,waypoint_18,-30.0,-0.0967604361042248,-0.8068737827527108,1.0638120569246137,108.22052508592606,0.0
1,waypoint_18,-30.0,-0.0967604361042248,-0.8068737827527108,1.0638120569246137,120.17486244440079,0.0
2,waypoint_18,-30.0,-0.0967604361042248,-0.8068737827527108,1.0638120569246137,0.0074025033427460585,0.023301642388105392
3,waypoint_18,-30.0,-0.0967604361042248,-0.8068737827527108,1.0638120569246137,0.005820539172418648,0.01438579149544239
4,waypoint_18,-30.0,-0.0967604361042248,-0.8068737827527108,1.0638120569246137,0.004108831490157172,0.005109680350869894
5,waypoint_18,-30.0,-0.0967604361042248,-0.8068737827527108,1.0638120569246137,240.48006534576416,0.0
6,waypoint_18,-30.0,-0.0967604361042248,-0.8068737827527108,1.0638120569246137,268.7295973300934,0.0
7,waypoint_18,-30.0,-0.0967604361042248,-0.8068737827527108,1.0638120569246137,338.99563550949097,0.0
8,waypoint_18,-30.0,-0.0967604361042248,-0.8068737827527108,1.0638120569246137,299.5859980583191,0.0
9,waypoint_18,-30.0,-0.0967604361042248,-0.8068737827527108,1.0638120569246137,301.90813541412354,0.0
10,waypoint_18,-30.0,-0.0967604361042248,-0.8068737827527108,1.0638120569246137,366.5121793746948,0.0
11,waypoint_18,-30.0,-0.0967604361042248,-0.8068737827527108,1.0638120569246137,430.92596530914307,0.0
12,waypoint_18,-30.0,-0.0967604361042248,-0.8068737827527108,1.0638120569246137,422.8130578994751,0.0
13,waypoint_18,-30.0,-0.0967604361042248,-0.8068737827527108,1.0638120569246137,494.5753812789917,0.0
14,waypoint_18,-30.0,-0.0967604361042248,-0.8068737827527108,1.0638120569246137,711.256206035614,0.0
0,waypoint_19,-30.0,-0.07676043610422456,-0.8068737827527108,1.0638120569246137,99.98074173927307,0.0
1,waypoint_19,-30.0,-0.07676043610422456,-0.8068737827527108,1.0638120569246137,112.62132227420807,0.0
2,waypoint_19,-30.0,-0.07676043610422456,-0.8068737827527108,1.0638120569246137,0.010507336810405832,0.025004994124174118
3,waypoint_19,-30.0,-0.07676043610422456,-0.8068737827527108,1.0638120569246137,0.009310542736784555,0.01620364934206009
4,waypoint_19,-30.0,-0.07676043610422456,-0.8068737827527108,1.0638120569246137,0.010475675480847713,0.006978051736950874
5,waypoint_19,-30.0,-0.07676043610422456,-0.8068737827527108,1.0638120569246137,255.60468435287476,0.0
6,waypoint_19,-30.0,-0.07676043610422456,-0.8068737827527108,1.0638120569246137,270.3847587108612,0.0
7,waypoint_19,-30.0,-0.07676043610422456,-0.8068737827527108,1.0638120569246137,344.98149156570435,0.0
8,waypoint_19,-30.0,-0.07676043610422456,-0.8068737827527108,1.0638120569246137,302.6638627052307,0.0
9,waypoint_19,-30.0,-0.07676043610422456,-0.8068737827527108,1.0638120569246137,299.86685514450073,0.0
10,waypoint_19,-30.0,-0.07676043610422456,-0.8068737827527108,1.0638120569246137,361.5795373916626,0.0
11,waypoint_19,-30.0,-0.07676043610422456,-0.8068737827527108,1.0638120569246137,417.8270697593689,0.0
12,waypoint_19,-30.0,-0.07676043610422456,-0.8068737827527108,1.0638120569246137,417.62685775756836,0.0
13,waypoint_19,-30.0,-0.07676043610422456,-0.8068737827527108,1.0638120569246137,480.1219701766968,0.0
14,waypoint_19,-30.0,-0.07676043610422456,-0.8068737827527108,1.0638120569246137,693.9104199409485,0.0
0,waypoint_19,-15.0,-0.07676043610422456,-0.8068737827527108,1.0638120569246137,45.59658840298653,0.0
1,waypoint_19,-15.0,-0.07676043610422456,-0.8068737827527108,1.0638120569246137,83.82626622915268,0.0
2,waypoint_19,-15.0,-0.07676043610422456,-0.8068737827527108,1.0638120569246137,0.005257386419543764,0.023679442703723907
3,waypoint_19,-15.0,-0.07676043610422456,-0.8068737827527108,1.0638120569246137,0.0027210026019020006,0.015416725538671017
4,waypoint_19,-15.0,-0.07676043610422456,-0.8068737827527108,1.0638120569246137,0.004390156391309574,0.006087848450988531
5,waypoint_19,-15.0,-0.07676043610422456,-0.8068737827527108,1.0638120569246137,256.41921162605286,0.0
6,waypoint_19,-15.0,-0.07676043610422456,-0.8068737827527108,1.0638120569246137,264.9883031845093,0.0
7,waypoint_19,-15.0,-0.07676043610422456,-0.8068737827527108,1.0638120569246137,346.1296856403351,0.0
8,waypoint_19,-15.0,-0.07676043610422456,-0.8068737827527108,1.0638120569246137,301.3286888599396,0.0
9,waypoint_19,-15.0,-0.07676043610422456,-0.8068737827527108,1.0638120569246137,297.21322655677795,0.0
10,waypoint_19,-15.0,-0.07676043610422456,-0.8068737827527108,1.0638120569246137,351.07526183128357,0.0
11,waypoint_19,-15.0,-0.07676043610422456,-0.8068737827527108,1.0638120569246137,408.3675444126129,0.0
12,waypoint_19,-15.0,-0.07676043610422456,-0.8068737827527108,1.0638120569246137,412.20957040786743,0.0
13,waypoint_19,-15.0,-0.07676043610422456,-0.8068737827527108,1.0638120569246137,471.19268774986267,0.0
14,waypoint_19,-15.0,-0.07676043610422456,-0.8068737827527108,1.0638120569246137,690.3276443481445,0.0
0,waypoint_19,0.0,-0.07676043610422456,-0.8068737827527108,1.0638120569246137,3.253490664064884,0.0
1,waypoint_19,0.0,-0.07676043610422456,-0.8068737827527108,1.0638120569246137,49.59894344210625,0.0
2,waypoint_19,0.0,-0.07676043610422456,-0.8068737827527108,1.0638120569246137,0.002941837919934187,0.021157611161470413
3,waypoint_19,0.0,-0.07676043610422456,-0.8068737827527108,1.0638120569246137,0.002457562459312612,0.014114880003035069
4,waypoint_19,0.0,-0.07676043610422456,-0.8068737827527108,1.0638120569246137,0.0030163719202391803,0.005269746296107769
5,waypoint_19,0.0,-0.07676043610422456,-0.8068737827527108,1.0638120569246137,286.17537021636963,0.0
6,waypoint_19,0.0,-0.07676043610422456,-0.8068737827527108,1.0638120569246137,256.76077604293823,0.0
7,waypoint_19,0.0,-0.07676043610422456,-0.8068737827527108,1.0638120569246137,347.12424874305725,0.0
8,waypoint_19,0.0,-0.07676043610422456,-0.8068737827527108,1.0638120569246137,294.28139328956604,0.0
9,waypoint_19,0.0,-0.07676043610422456,-0.8068737827527108,1.0638120569246137,286.8061363697052,0.0
10,waypoint_19,0.0,-0.07676043610422456,-0.8068737827527108,1.0638120569246137,328.9412260055542,0.0
11,waypoint_19,0.0,-0.07676043610422456,-0.8068737827527108,1.0638120569246137,386.28506660461426,0.0
12,waypoint_19,0.0,-0.07676043610422456,-0.8068737827527108,1.0638120569246137,402.03818678855896,0.0
13,waypoint_19,0.0,-0.07676043610422456,-0.8068737827527108,1.0638120569246137,466.8402969837189,0.0
14,waypoint_19,0.0,-0.07676043610422456,-0.8068737827527108,1.0638120569246137,666.3867235183716,0.0
0,waypoint_19,15.0,-0.07676043610422456,-0.8068737827527108,1.0638120569246137,192.38807260990143,0.0
1,waypoint_19,15.0,-0.07676043610422456,-0.8068737827527108,1.0638120569246137,0.051178700232412666,0.010056852363049984
2,waypoint_19,15.0,-0.07676043610422456,-0.8068737827527108,1.0638120569246137,0.0021851424207852688,0.017025990411639214
3,waypoint_19,15.0,-0.07676043610422456,-0.8068737827527108,1.0638120569246137,0.0022992255708231824,0.01235475018620491
4,waypoint_19,15.0,-0.07676043610422456,-0.8068737827527108,1.0638120569246137,0.002982615569635527,0.004871244542300701
5,waypoint_19,15.0,-0.07676043610422456,-0.8068737827527108,1.0638120569246137,177.6304841041565,0.0
6,waypoint_19,15.0,-0.07676043610422456,-0.8068737827527108,1.0638120569246137,243.65822970867157,0.0
7,waypoint_19,15.0,-0.07676043610422456,-0.8068737827527108,1.0638120569246137,346.1327254772186,0.0
8,waypoint_19,15.0,-0.07676043610422456,-0.8068737827527108,1.0638120569246137,282.2052240371704,0.0
9,waypoint_19,15.0,-0.07676043610422456,-0.8068737827527108,1.0638120569246137,270.2530026435852,0.0
10,waypoint_19,15.0,-0.07676043610422456,-0.8068737827527108,1.0638120569246137,305.1683008670807,0.0
11,waypoint_19,15.0,-0.07676043610422456,-0.8068737827527108,1.0638120569246137,361.8462085723877,0.0
12,waypoint_19,15.0,-0.07676043610422456,-0.8068737827527108,1.0638120569246137,389.16927576065063,0.0
13,waypoint_19,15.0,-0.07676043610422456,-0.8068737827527108,1.0638120569246137,462.07162737846375,0.0
14,waypoint_19,15.0,-0.07676043610422456,-0.8068737827527108,1.0638120569246137,643.605649471283,0.0
0,waypoint_19,30.0,-0.07676043610422456,-0.8068737827527108,1.0638120569246137,209.45878326892853,0.0
1,waypoint_19,30.0,-0.07676043610422456,-0.8068737827527108,1.0638120569246137,102.92290151119232,0.0
2,waypoint_19,30.0,-0.07676043610422456,-0.8068737827527108,1.0638120569246137,0.004537788754532812,0.009748995304107666
3,waypoint_19,30.0,-0.07676043610422456,-0.8068737827527108,1.0638120569246137,0.002054415745078586,0.010061861015856266
4,waypoint_19,30.0,-0.07676043610422456,-0.8068737827527108,1.0638120569246137,0.003617761421992327,0.004989781882613897
5,waypoint_19,30.0,-0.07676043610422456,-0.8068737827527108,1.0638120569246137,2.496832748875022,0.0
6,waypoint_19,30.0,-0.07676043610422456,-0.8068737827527108,1.0638120569246137,48.2858382165432,0.0
7,waypoint_19,30.0,-0.07676043610422456,-0.8068737827527108,1.0638120569246137,342.72700548171997,0.0
8,waypoint_19,30.0,-0.07676043610422456,-0.8068737827527108,1.0638120569246137,270.1976001262665,0.0
9,waypoint_19,30.0,-0.07676043610422456,-0.8068737827527108,1.0638120569246137,255.30990958213806,0.0
10,waypoint_19,30.0,-0.07676043610422456,-0.8068737827527108,1.0638120569246137,285.53882241249084,0.0
11,waypoint_19,30.0,-0.07676043610422456,-0.8068737827527108,1.0638120569246137,341.3555324077606,0.0
12,waypoint_19,30.0,-0.07676043610422456,-0.8068737827527108,1.0638120569246137,368.3675229549408,0.0
13,waypoint_19,30.0,-0.07676043610422456,-0.8068737827527108,1.0638120569246137,455.0289511680603,0.0
14,waypoint_19,30.0,-0.07676043610422456,-0.8068737827527108,1.0638120569246137,620.0523972511292,0.0
0,waypoint_20,30.0,-0.056760436104224765,-0.8068737827527108,1.0638120569246137,260.9196901321411,0.0
1,waypoint_20,30.0,-0.056760436104224765,-0.8068737827527108,1.0638120569246137,122.256800532341,0.0
2,waypoint_20,30.0,-0.056760436104224765,-0.8068737827527108,1.0638120569246137,0.010952343473036308,0.007437251973897219
3,waypoint_20,30.0,-0.056760436104224765,-0.8068737827527108,1.0638120569246137,0.011329901099088602,0.010705312713980675
4,waypoint_20,30.0,-0.056760436104224765,-0.8068737827527108,1.0638120569246137,0.007299074695765739,0.006129387766122818
5,waypoint_20,30.0,-0.056760436104224765,-0.8068737827527108,1.0638120569246137,20.05982957780361,0.0
6,waypoint_20,30.0,-0.056760436104224765,-0.8068737827527108,1.0638120569246137,30.537310987710953,0.0
7,waypoint_20,30.0,-0.056760436104224765,-0.8068737827527108,1.0638120569246137,351.8906831741333,0.0
8,waypoint_20,30.0,-0.056760436104224765,-0.8068737827527108,1.0638120569246137,277.66159176826477,0.0
9,waypoint_20,30.0,-0.056760436104224765,-0.8068737827527108,1.0638120569246137,257.22748041152954,0.0
10,waypoint_20,30.0,-0.056760436104224765,-0.8068737827527108,1.0638120569246137,280.63517808914185,0.0
11,waypoint_20,30.0,-0.056760436104224765,-0.8068737827527108,1.0638120569246137,328.55963706970215,0.0
12,waypoint_20,30.0,-0.056760436104224765,-0.8068737827527108,1.0638120569246137,353.12071442604065,0.0
13,waypoint_20,30.0,-0.056760436104224765,-0.8068737827527108,1.0638120569246137,441.6903555393219,0.0
14,waypoint_20,30.0,-0.056760436104224765,-0.8068737827527108,1.0638120569246137,593.8753485679626,0.0
0,waypoint_20,15.0,-0.056760436104224765,-0.8068737827527108,1.0638120569246137,177.1363615989685,0.0
1,waypoint_20,15.0,-0.056760436104224765,-0.8068737827527108,1.0638120569246137,0.03767414455069229,0.004077725112438202
2,waypoint_20,15.0,-0.056760436104224765,-0.8068737827527108,1.0638120569246137,0.007024249953246908,0.017198868095874786
3,waypoint_20,15.0,-0.056760436104224765,-0.8068737827527108,1.0638120569246137,0.003881173142872285,0.013626103289425373
4,waypoint_20,15.0,-0.056760436104224765,-0.8068737827527108,1.0638120569246137,0.0047253365664801095,0.006450895220041275
5,waypoint_20,15.0,-0.056760436104224765,-0.8068737827527108,1.0638120569246137,0.02660290920175612,0.0011253934353590012
6,waypoint_20,15.0,-0.056760436104224765,-0.8068737827527108,1.0638120569246137,235.24630069732666,0.0
7,waypoint_20,15.0,-0.056760436104224765,-0.8068737827527108,1.0638120569246137,353.0742824077606,0.0
8,waypoint_20,15.0,-0.056760436104224765,-0.8068737827527108,1.0638120569246137,287.7413332462311,0.0
9,waypoint_20,15.0,-0.056760436104224765,-0.8068737827527108,1.0638120569246137,271.83207869529724,0.0
10,waypoint_20,15.0,-0.056760436104224765,-0.8068737827527108,1.0638120569246137,294.9922978878021,0.0
11,waypoint_20,15.0,-0.056760436104224765,-0.8068737827527108,1.0638120569246137,353.7271022796631,0.0
12,waypoint_20,15.0,-0.056760436104224765,-0.8068737827527108,1.0638120569246137,370.81438302993774,0.0
13,waypoint_20,15.0,-0.056760436104224765,-0.8068737827527108,1.0638120569246137,450.20484924316406,0.0
14,waypoint_20,15.0,-0.056760436104224765,-0.8068737827527108,1.0638120569246137,610.6764078140259,0.0
0,waypoint_20,0.0,-0.056760436104224765,-0.8068737827527108,1.0638120569246137,167.76828467845917,0.0
1,waypoint_20,0.0,-0.056760436104224765,-0.8068737827527108,1.0638120569246137,47.9985810816288,0.0
2,waypoint_20,0.0,-0.056760436104224765,-0.8068737827527108,1.0638120569246137,0.0036079277379030827,0.022135742008686066
3,waypoint_20,0.0,-0.056760436104224765,-0.8068737827527108,1.0638120569246137,0.004769861334352754,0.01572444476187229
4,waypoint_20,0.0,-0.056760436104224765,-0.8068737827527108,1.0638120569246137,0.005377977686293889,0.007114506792277098
5,waypoint_20,0.0,-0.056760436104224765,-0.8068737827527108,1.0638120569246137,0.02430028143862728,0.0022300605196505785
6,waypoint_20,0.0,-0.056760436104224765,-0.8068737827527108,1.0638120569246137,245.57441473007202,0.0
7,waypoint_20,0.0,-0.056760436104224765,-0.8068737827527108,1.0638120569246137,354.5593321323395,0.0
8,waypoint_20,0.0,-0.056760436104224765,-0.8068737827527108,1.0638120569246137,295.8402633666992,0.0
9,waypoint_20,0.0,-0.056760436104224765,-0.8068737827527108,1.0638120569246137,283.903032541275,0.0
10,waypoint_20,0.0,-0.056760436104224765,-0.8068737827527108,1.0638120569246137,319.9540972709656,0.0
11,waypoint_20,0.0,-0.056760436104224765,-0.8068737827527108,1.0638120569246137,374.42559003829956,0.0
12,waypoint_20,0.0,-0.056760436104224765,-0.8068737827527108,1.0638120569246137,388.35686445236206,0.0
13,waypoint_20,0.0,-0.056760436104224765,-0.8068737827527108,1.0638120569246137,455.88794350624084,0.0
14,waypoint_20,0.0,-0.056760436104224765,-0.8068737827527108,1.0638120569246137,631.390392780304,0.0
0,waypoint_20,-15.0,-0.056760436104224765,-0.8068737827527108,1.0638120569246137,2.945934422314167,0.0
1,waypoint_20,-15.0,-0.056760436104224765,-0.8068737827527108,1.0638120569246137,42.54952073097229,0.0
2,waypoint_20,-15.0,-0.056760436104224765,-0.8068737827527108,1.0638120569246137,0.004537788754532812,0.025087032467126846
3,waypoint_20,-15.0,-0.056760436104224765,-0.8068737827527108,1.0638120569246137,0.0034052984574373113,0.01718243770301342
4,waypoint_20,-15.0,-0.056760436104224765,-0.8068737827527108,1.0638120569246137,0.004452830125956098,0.008007863536477089
5,waypoint_20,-15.0,-0.056760436104224765,-0.8068737827527108,1.0638120569246137,0.010061716238851659,0.0021848236210644245
6,waypoint_20,-15.0,-0.056760436104224765,-0.8068737827527108,1.0638120569246137,254.97353076934814,0.0
7,waypoint_20,-15.0,-0.056760436104224765,-0.8068737827527108,1.0638120569246137,354.05293107032776,0.0
8,waypoint_20,-15.0,-0.056760436104224765,-0.8068737827527108,1.0638120569246137,296.7391312122345,0.0
9,waypoint_20,-15.0,-0.056760436104224765,-0.8068737827527108,1.0638120569246137,293.4703826904297,0.0
10,waypoint_20,-15.0,-0.056760436104224765,-0.8068737827527108,1.0638120569246137,339.80995416641235,0.0
11,waypoint_20,-15.0,-0.056760436104224765,-0.8068737827527108,1.0638120569246137,390.3183043003082,0.0
12,waypoint_20,-15.0,-0.056760436104224765,-0.8068737827527108,1.0638120569246137,415.3560400009155,0.0
13,waypoint_20,-15.0,-0.056760436104224765,-0.8068737827527108,1.0638120569246137,458.02491903305054,0.0
14,waypoint_20,-15.0,-0.056760436104224765,-0.8068737827527108,1.0638120569246137,664.7254824638367,0.0
0,waypoint_20,-30.0,-0.056760436104224765,-0.8068737827527108,1.0638120569246137,80.21713048219681,0.0
1,waypoint_20,-30.0,-0.056760436104224765,-0.8068737827527108,1.0638120569246137,100.38232803344727,0.0
2,waypoint_20,-30.0,-0.056760436104224765,-0.8068737827527108,1.0638120569246137,0.00484523798149894,0.026654338464140892
3,waypoint_20,-30.0,-0.056760436104224765,-0.8068737827527108,1.0638120569246137,0.004396221356728347,0.01800614781677723
4,waypoint_20,-30.0,-0.056760436104224765,-0.8068737827527108,1.0638120569246137,0.0034467773275537184,0.008848786354064941
5,waypoint_20,-30.0,-0.056760436104224765,-0.8068737827527108,1.0638120569246137,0.0074874442361760885,0.0020218046847730875
6,waypoint_20,-30.0,-0.056760436104224765,-0.8068737827527108,1.0638120569246137,262.60697841644287,0.0
7,waypoint_20,-30.0,-0.056760436104224765,-0.8068737827527108,1.0638120569246137,351.6208529472351,0.0
8,waypoint_20,-30.0,-0.056760436104224765,-0.8068737827527108,1.0638120569246137,296.90414667129517,0.0
9,waypoint_20,-30.0,-0.056760436104224765,-0.8068737827527108,1.0638120569246137,300.96009373664856,0.0
10,waypoint_20,-30.0,-0.056760436104224765,-0.8068737827527108,1.0638120569246137,348.4278619289398,0.0
11,waypoint_20,-30.0,-0.056760436104224765,-0.8068737827527108,1.0638120569246137,401.62569284439087,0.0
12,waypoint_20,-30.0,-0.056760436104224765,-0.8068737827527108,1.0638120569246137,459.174782037735,0.0
13,waypoint_20,-30.0,-0.056760436104224765,-0.8068737827527108,1.0638120569246137,466.6122794151306,0.0
14,waypoint_20,-30.0,-0.056760436104224765,-0.8068737827527108,1.0638120569246137,674.2655038833618,0.0
0,waypoint_21,-30.0,-0.23676043610422387,-0.7819241070227957,1.0638120569246137,350.3480851650238,0.0
1,waypoint_21,-30.0,-0.23676043610422387,-0.7819241070227957,1.0638120569246137,376.8322765827179,0.0
2,waypoint_21,-30.0,-0.23676043610422387,-0.7819241070227957,1.0638120569246137,0.007310747150768293,0.010728362016379833
3,waypoint_21,-30.0,-0.23676043610422387,-0.7819241070227957,1.0638120569246137,0.013906671483709943,0.0019874069839715958
4,waypoint_21,-30.0,-0.23676043610422387,-0.7819241070227957,1.0638120569246137,0.011119901500933338,0.009681335650384426
5,waypoint_21,-30.0,-0.23676043610422387,-0.7819241070227957,1.0638120569246137,0.014056589861866087,0.020513400435447693
6,waypoint_21,-30.0,-0.23676043610422387,-0.7819241070227957,1.0638120569246137,277.51466631889343,0.0
7,waypoint_21,-30.0,-0.23676043610422387,-0.7819241070227957,1.0638120569246137,323.8130509853363,0.0
8,waypoint_21,-30.0,-0.23676043610422387,-0.7819241070227957,1.0638120569246137,339.6930992603302,0.0
9,waypoint_21,-30.0,-0.23676043610422387,-0.7819241070227957,1.0638120569246137,354.6942472457886,0.0
10,waypoint_21,-30.0,-0.23676043610422387,-0.7819241070227957,1.0638120569246137,463.78105878829956,0.0
11,waypoint_21,-30.0,-0.23676043610422387,-0.7819241070227957,1.0638120569246137,539.9283170700073,0.0
12,waypoint_21,-30.0,-0.23676043610422387,-0.7819241070227957,1.0638120569246137,634.7623467445374,0.0
13,waypoint_21,-30.0,-0.23676043610422387,-0.7819241070227957,1.0638120569246137,599.4097590446472,0.0
14,waypoint_21,-30.0,-0.23676043610422387,-0.7819241070227957,1.0638120569246137,856.0875058174133,0.0
0,waypoint_21,-15.0,-0.23676043610422387,-0.7819241070227957,1.0638120569246137,311.75515055656433,0.0
1,waypoint_21,-15.0,-0.23676043610422387,-0.7819241070227957,1.0638120569246137,340.0266170501709,0.0
2,waypoint_21,-15.0,-0.23676043610422387,-0.7819241070227957,1.0638120569246137,0.006345025667542359,0.010188549757003784
3,waypoint_21,-15.0,-0.23676043610422387,-0.7819241070227957,1.0638120569246137,0.2853967307601124,0.0021096544805914164
4,waypoint_21,-15.0,-0.23676043610422387,-0.7819241070227957,1.0638120569246137,0.0038779680835432373,0.010142834857106209
5,waypoint_21,-15.0,-0.23676043610422387,-0.7819241070227957,1.0638120569246137,0.006827269317000173,0.019639648497104645
6,waypoint_21,-15.0,-0.23676043610422387,-0.7819241070227957,1.0638120569246137,273.35846424102783,0.0
7,waypoint_21,-15.0,-0.23676043610422387,-0.7819241070227957,1.0638120569246137,323.8705098628998,0.0
8,waypoint_21,-15.0,-0.23676043610422387,-0.7819241070227957,1.0638120569246137,329.0660083293915,0.0
9,waypoint_21,-15.0,-0.23676043610422387,-0.7819241070227957,1.0638120569246137,340.76520800590515,0.0
10,waypoint_21,-15.0,-0.23676043610422387,-0.7819241070227957,1.0638120569246137,450.7017433643341,0.0
11,waypoint_21,-15.0,-0.23676043610422387,-0.7819241070227957,1.0638120569246137,530.8120846748352,0.0
12,waypoint_21,-15.0,-0.23676043610422387,-0.7819241070227957,1.0638120569246137,641.5638327598572,0.0
13,waypoint_21,-15.0,-0.23676043610422387,-0.7819241070227957,1.0638120569246137,598.1469750404358,0.0
14,waypoint_21,-15.0,-0.23676043610422387,-0.7819241070227957,1.0638120569246137,846.9153642654419,0.0
0,waypoint_21,0.0,-0.23676043610422387,-0.7819241070227957,1.0638120569246137,111.28567904233932,0.0
1,waypoint_21,0.0,-0.23676043610422387,-0.7819241070227957,1.0638120569246137,282.04765915870667,0.0
2,waypoint_21,0.0,-0.23676043610422387,-0.7819241070227957,1.0638120569246137,0.004805479875358287,0.009459086693823338
3,waypoint_21,0.0,-0.23676043610422387,-0.7819241070227957,1.0638120569246137,1.424891292117536,0.00033019838156178594
4,waypoint_21,0.0,-0.23676043610422387,-0.7819241070227957,1.0638120569246137,0.003602014658099506,0.00974438525736332
5,waypoint_21,0.0,-0.23676043610422387,-0.7819241070227957,1.0638120569246137,0.004624644589057425,0.016703415662050247
6,waypoint_21,0.0,-0.23676043610422387,-0.7819241070227957,1.0638120569246137,9.07218549400568,0.0
7,waypoint_21,0.0,-0.23676043610422387,-0.7819241070227957,1.0638120569246137,320.47519087791443,0.0
8,waypoint_21,0.0,-0.23676043610422387,-0.7819241070227957,1.0638120569246137,310.96670031547546,0.0
9,waypoint_21,0.0,-0.23676043610422387,-0.7819241070227957,1.0638120569246137,314.45127725601196,0.0
10,waypoint_21,0.0,-0.23676043610422387,-0.7819241070227957,1.0638120569246137,425.6240427494049,0.0
11,waypoint_21,0.0,-0.23676043610422387,-0.7819241070227957,1.0638120569246137,500.09071826934814,0.0
12,waypoint_21,0.0,-0.23676043610422387,-0.7819241070227957,1.0638120569246137,628.1211972236633,0.0
13,waypoint_21,0.0,-0.23676043610422387,-0.7819241070227957,1.0638120569246137,590.6262993812561,0.0
14,waypoint_21,0.0,-0.23676043610422387,-0.7819241070227957,1.0638120569246137,818.8988566398621,0.0
0,waypoint_21,15.0,-0.23676043610422387,-0.7819241070227957,1.0638120569246137,49.24115166068077,0.0
1,waypoint_21,15.0,-0.23676043610422387,-0.7819241070227957,1.0638120569246137,125.24957954883575,0.0
2,waypoint_21,15.0,-0.23676043610422387,-0.7819241070227957,1.0638120569246137,0.005941360541328322,0.00877171941101551
3,waypoint_21,15.0,-0.23676043610422387,-0.7819241070227957,1.0638120569246137,61.155788600444794,0.0
4,waypoint_21,15.0,-0.23676043610422387,-0.7819241070227957,1.0638120569246137,0.002796341050270712,0.00784297101199627
5,waypoint_21,15.0,-0.23676043610422387,-0.7819241070227957,1.0638120569246137,0.005119064098835224,0.00939834676682949
6,waypoint_21,15.0,-0.23676043610422387,-0.7819241070227957,1.0638120569246137,132.60792195796967,0.0
7,waypoint_21,15.0,-0.23676043610422387,-0.7819241070227957,1.0638120569246137,310.9757900238037,0.0
8,waypoint_21,15.0,-0.23676043610422387,-0.7819241070227957,1.0638120569246137,295.157253742218,0.0
9,waypoint_21,15.0,-0.23676043610422387,-0.7819241070227957,1.0638120569246137,296.6877818107605,0.0
10,waypoint_21,15.0,-0.23676043610422387,-0.7819241070227957,1.0638120569246137,403.305321931839,0.0
11,waypoint_21,15.0,-0.23676043610422387,-0.7819241070227957,1.0638120569246137,478.89649868011475,0.0
12,waypoint_21,15.0,-0.23676043610422387,-0.7819241070227957,1.0638120569246137,608.522355556488,0.0
13,waypoint_21,15.0,-0.23676043610422387,-0.7819241070227957,1.0638120569246137,581.0804963111877,0.0
14,waypoint_21,15.0,-0.23676043610422387,-0.7819241070227957,1.0638120569246137,797.1308827400208,0.0
0,waypoint_21,30.0,-0.23676043610422387,-0.7819241070227957,1.0638120569246137,0.38237866829149425,0.008757877163589
1,waypoint_21,30.0,-0.23676043610422387,-0.7819241070227957,1.0638120569246137,35.48403084278107,0.0
2,waypoint_21,30.0,-0.23676043610422387,-0.7819241070227957,1.0638120569246137,0.0025788913262658753,0.008297187276184559
3,waypoint_21,30.0,-0.23676043610422387,-0.7819241070227957,1.0638120569246137,72.26485759019852,0.0
4,waypoint_21,30.0,-0.23676043610422387,-0.7819241070227957,1.0638120569246137,0.0054305687626765575,0.002394281094893813
5,waypoint_21,30.0,-0.23676043610422387,-0.7819241070227957,1.0638120569246137,54.26550656557083,0.0
6,waypoint_21,30.0,-0.23676043610422387,-0.7819241070227957,1.0638120569246137,235.8490526676178,0.0
7,waypoint_21,30.0,-0.23676043610422387,-0.7819241070227957,1.0638120569246137,299.385666847229,0.0
8,waypoint_21,30.0,-0.23676043610422387,-0.7819241070227957,1.0638120569246137,266.94175601005554,0.0
9,waypoint_21,30.0,-0.23676043610422387,-0.7819241070227957,1.0638120569246137,278.602659702301,0.0
10,waypoint_21,30.0,-0.23676043610422387,-0.7819241070227957,1.0638120569246137,379.9494504928589,0.0
11,waypoint_21,30.0,-0.23676043610422387,-0.7819241070227957,1.0638120569246137,454.92440462112427,0.0
12,waypoint_21,30.0,-0.23676043610422387,-0.7819241070227957,1.0638120569246137,582.7336311340332,0.0
13,waypoint_21,30.0,-0.23676043610422387,-0.7819241070227957,1.0638120569246137,567.7852034568787,0.0
14,waypoint_21,30.0,-0.23676043610422387,-0.7819241070227957,1.0638120569246137,766.6740417480469,0.0
0,waypoint_22,30.0,-0.2167604361042243,-0.7819241070227957,1.0638120569246137,0.08561924187233672,0.009176827035844326
1,waypoint_22,30.0,-0.2167604361042243,-0.7819241070227957,1.0638120569246137,0.4310335498303175,0.00673846248537302
2,waypoint_22,30.0,-0.2167604361042243,-0.7819241070227957,1.0638120569246137,0.009865603715297766,0.009646720252931118
3,waypoint_22,30.0,-0.2167604361042243,-0.7819241070227957,1.0638120569246137,0.03283604746684432,0.00295473774895072
4,waypoint_22,30.0,-0.2167604361042243,-0.7819241070227957,1.0638120569246137,0.011087105121987406,0.0027580829337239265
5,waypoint_22,30.0,-0.2167604361042243,-0.7819241070227957,1.0638120569246137,23.086728528141975,0.0
6,waypoint_22,30.0,-0.2167604361042243,-0.7819241070227957,1.0638120569246137,202.21778750419617,0.0
7,waypoint_22,30.0,-0.2167604361042243,-0.7819241070227957,1.0638120569246137,299.1938292980194,0.0
8,waypoint_22,30.0,-0.2167604361042243,-0.7819241070227957,1.0638120569246137,259.93233919143677,0.0
9,waypoint_22,30.0,-0.2167604361042243,-0.7819241070227957,1.0638120569246137,272.13215827941895,0.0
10,waypoint_22,30.0,-0.2167604361042243,-0.7819241070227957,1.0638120569246137,365.5526638031006,0.0
11,waypoint_22,30.0,-0.2167604361042243,-0.7819241070227957,1.0638120569246137,438.8333261013031,0.0
12,waypoint_22,30.0,-0.2167604361042243,-0.7819241070227957,1.0638120569246137,565.6104683876038,0.0
13,waypoint_22,30.0,-0.2167604361042243,-0.7819241070227957,1.0638120569246137,551.5657067298889,0.0
14,waypoint_22,30.0,-0.2167604361042243,-0.7819241070227957,1.0638120569246137,744.8897361755371,0.0
0,waypoint_22,15.0,-0.2167604361042243,-0.7819241070227957,1.0638120569246137,11.09860185533762,0.0
1,waypoint_22,15.0,-0.2167604361042243,-0.7819241070227957,1.0638120569246137,59.89249050617218,0.0
2,waypoint_22,15.0,-0.2167604361042243,-0.7819241070227957,1.0638120569246137,0.00551978928342578,0.01044347696006298
3,waypoint_22,15.0,-0.2167604361042243,-0.7819241070227957,1.0638120569246137,0.002910269586209324,0.001970585435628891
4,waypoint_22,15.0,-0.2167604361042243,-0.7819241070227957,1.0638120569246137,0.023928128939587623,0.006510463077574968
5,waypoint_22,15.0,-0.2167604361042243,-0.7819241070227957,1.0638120569246137,0.01316493762715254,0.010279846377670765
6,waypoint_22,15.0,-0.2167604361042243,-0.7819241070227957,1.0638120569246137,77.58354395627975,0.0
7,waypoint_22,15.0,-0.2167604361042243,-0.7819241070227957,1.0638120569246137,303.3103942871094,0.0
8,waypoint_22,15.0,-0.2167604361042243,-0.7819241070227957,1.0638120569246137,281.7402780056,0.0
9,waypoint_22,15.0,-0.2167604361042243,-0.7819241070227957,1.0638120569246137,287.92813420295715,0.0
10,waypoint_22,15.0,-0.2167604361042243,-0.7819241070227957,1.0638120569246137,380.8543384075165,0.0
11,waypoint_22,15.0,-0.2167604361042243,-0.7819241070227957,1.0638120569246137,462.8790616989136,0.0
12,waypoint_22,15.0,-0.2167604361042243,-0.7819241070227957,1.0638120569246137,594.3310856819153,0.0
13,waypoint_22,15.0,-0.2167604361042243,-0.7819241070227957,1.0638120569246137,560.8499050140381,0.0
14,waypoint_22,15.0,-0.2167604361042243,-0.7819241070227957,1.0638120569246137,764.0590071678162,0.0
0,waypoint_22,0.0,-0.2167604361042243,-0.7819241070227957,1.0638120569246137,20.3110259026289,0.0
1,waypoint_22,0.0,-0.2167604361042243,-0.7819241070227957,1.0638120569246137,77.18300819396973,0.0
2,waypoint_22,0.0,-0.2167604361042243,-0.7819241070227957,1.0638120569246137,0.004199484465061687,0.01130038220435381
3,waypoint_22,0.0,-0.2167604361042243,-0.7819241070227957,1.0638120569246137,0.013393947483564261,0.0018059826688840985
4,waypoint_22,0.0,-0.2167604361042243,-0.7819241070227957,1.0638120569246137,0.004399452791403746,0.007907849736511707
5,waypoint_22,0.0,-0.2167604361042243,-0.7819241070227957,1.0638120569246137,0.013128184946253896,0.0157873947173357
6,waypoint_22,0.0,-0.2167604361042243,-0.7819241070227957,1.0638120569246137,261.9684934616089,0.0
7,waypoint_22,0.0,-0.2167604361042243,-0.7819241070227957,1.0638120569246137,306.4306974411011,0.0
8,waypoint_22,0.0,-0.2167604361042243,-0.7819241070227957,1.0638120569246137,296.2549328804016,0.0
9,waypoint_22,0.0,-0.2167604361042243,-0.7819241070227957,1.0638120569246137,301.7001152038574,0.0
10,waypoint_22,0.0,-0.2167604361042243,-0.7819241070227957,1.0638120569246137,401.83284878730774,0.0
11,waypoint_22,0.0,-0.2167604361042243,-0.7819241070227957,1.0638120569246137,480.6644320487976,0.0
12,waypoint_22,0.0,-0.2167604361042243,-0.7819241070227957,1.0638120569246137,624.3181824684143,0.0
13,waypoint_22,0.0,-0.2167604361042243,-0.7819241070227957,1.0638120569246137,568.1686997413635,0.0
14,waypoint_22,0.0,-0.2167604361042243,-0.7819241070227957,1.0638120569246137,778.4745693206787,0.0
0,waypoint_22,-15.0,-0.2167604361042243,-0.7819241070227957,1.0638120569246137,63.84287774562836,0.0
1,waypoint_22,-15.0,-0.2167604361042243,-0.7819241070227957,1.0638120569246137,110.46381294727325,0.0
2,waypoint_22,-15.0,-0.2167604361042243,-0.7819241070227957,1.0638120569246137,0.005170166332391091,0.01206095889210701
3,waypoint_22,-15.0,-0.2167604361042243,-0.7819241070227957,1.0638120569246137,0.011663031727948692,0.0025102957151830196
4,waypoint_22,-15.0,-0.2167604361042243,-0.7819241070227957,1.0638120569246137,0.001859244548541028,0.00805835984647274
5,waypoint_22,-15.0,-0.2167604361042243,-0.7819241070227957,1.0638120569246137,0.00442200598627096,0.017977437004446983
6,waypoint_22,-15.0,-0.2167604361042243,-0.7819241070227957,1.0638120569246137,271.61598205566406,0.0
7,waypoint_22,-15.0,-0.2167604361042243,-0.7819241070227957,1.0638120569246137,319.9009299278259,0.0
8,waypoint_22,-15.0,-0.2167604361042243,-0.7819241070227957,1.0638120569246137,313.398152589798,0.0
9,waypoint_22,-15.0,-0.2167604361042243,-0.7819241070227957,1.0638120569246137,312.5040531158447,0.0
10,waypoint_22,-15.0,-0.2167604361042243,-0.7819241070227957,1.0638120569246137,428.5010099411011,0.0
11,waypoint_22,-15.0,-0.2167604361042243,-0.7819241070227957,1.0638120569246137,510.37079095840454,0.0
12,waypoint_22,-15.0,-0.2167604361042243,-0.7819241070227957,1.0638120569246137,692.6455497741699,0.0
13,waypoint_22,-15.0,-0.2167604361042243,-0.7819241070227957,1.0638120569246137,576.3870477676392,0.0
14,waypoint_22,-15.0,-0.2167604361042243,-0.7819241070227957,1.0638120569246137,808.9731931686401,0.0
0,waypoint_22,-30.0,-0.2167604361042243,-0.7819241070227957,1.0638120569246137,188.6216253042221,0.0
1,waypoint_22,-30.0,-0.2167604361042243,-0.7819241070227957,1.0638120569246137,143.4071660041809,0.0
2,waypoint_22,-30.0,-0.2167604361042243,-0.7819241070227957,1.0638120569246137,0.004915124918625224,0.01253572292625904
3,waypoint_22,-30.0,-0.2167604361042243,-0.7819241070227957,1.0638120569246137,0.003860982815240277,0.0034427710343152285
4,waypoint_22,-30.0,-0.2167604361042243,-0.7819241070227957,1.0638120569246137,0.0030181381589500234,0.007513110525906086
5,waypoint_22,-30.0,-0.2167604361042243,-0.7819241070227957,1.0638120569246137,0.005922194759477861,0.018437828868627548
6,waypoint_22,-30.0,-0.2167604361042243,-0.7819241070227957,1.0638120569246137,277.1407961845398,0.0
7,waypoint_22,-30.0,-0.2167604361042243,-0.7819241070227957,1.0638120569246137,322.626531124115,0.0
8,waypoint_22,-30.0,-0.2167604361042243,-0.7819241070227957,1.0638120569246137,324.52675700187683,0.0
9,waypoint_22,-30.0,-0.2167604361042243,-0.7819241070227957,1.0638120569246137,319.7755515575409,0.0
10,waypoint_22,-30.0,-0.2167604361042243,-0.7819241070227957,1.0638120569246137,432.66645073890686,0.0
11,waypoint_22,-30.0,-0.2167604361042243,-0.7819241070227957,1.0638120569246137,519.9483633041382,0.0
12,waypoint_22,-30.0,-0.2167604361042243,-0.7819241070227957,1.0638120569246137,796.058177947998,0.0
13,waypoint_22,-30.0,-0.2167604361042243,-0.7819241070227957,1.0638120569246137,583.836019039154,0.0
14,waypoint_22,-30.0,-0.2167604361042243,-0.7819241070227957,1.0638120569246137,828.4874558448792,0.0
0,waypoint_23,-30.0,-0.1967604361042245,-0.7819241070227957,1.0638120569246137,188.7514293193817,0.0
1,waypoint_23,-30.0,-0.1967604361042245,-0.7819241070227957,1.0638120569246137,138.45080137252808,0.0
2,waypoint_23,-30.0,-0.1967604361042245,-0.7819241070227957,1.0638120569246137,0.011865966371260583,0.014335419051349163
3,waypoint_23,-30.0,-0.1967604361042245,-0.7819241070227957,1.0638120569246137,0.009512871656625066,0.005239802412688732
4,waypoint_23,-30.0,-0.1967604361042245,-0.7819241070227957,1.0638120569246137,0.011103275028290227,0.005402963608503342
5,waypoint_23,-30.0,-0.1967604361042245,-0.7819241070227957,1.0638120569246137,0.011892881957464851,0.016284124925732613
6,waypoint_23,-30.0,-0.1967604361042245,-0.7819241070227957,1.0638120569246137,278.2343327999115,0.0
7,waypoint_23,-30.0,-0.1967604361042245,-0.7819241070227957,1.0638120569246137,321.9451904296875,0.0
8,waypoint_23,-30.0,-0.1967604361042245,-0.7819241070227957,1.0638120569246137,317.99501180648804,0.0
9,waypoint_23,-30.0,-0.1967604361042245,-0.7819241070227957,1.0638120569246137,312.997967004776,0.0
10,waypoint_23,-30.0,-0.1967604361042245,-0.7819241070227957,1.0638120569246137,420.0572967529297,0.0
11,waypoint_23,-30.0,-0.1967604361042245,-0.7819241070227957,1.0638120569246137,503.966748714447,0.0
12,waypoint_23,-30.0,-0.1967604361042245,-0.7819241070227957,1.0638120569246137,517.4763202667236,0.0
13,waypoint_23,-30.0,-0.1967604361042245,-0.7819241070227957,1.0638120569246137,566.734254360199,0.0
14,waypoint_23,-30.0,-0.1967604361042245,-0.7819241070227957,1.0638120569246137,828.6361694335938,0.0
0,waypoint_23,-15.0,-0.1967604361042245,-0.7819241070227957,1.0638120569246137,147.6389467716217,0.0
1,waypoint_23,-15.0,-0.1967604361042245,-0.7819241070227957,1.0638120569246137,106.08876496553421,0.0
2,waypoint_23,-15.0,-0.1967604361042245,-0.7819241070227957,1.0638120569246137,0.002941837919934187,0.013909230940043926
3,waypoint_23,-15.0,-0.1967604361042245,-0.7819241070227957,1.0638120569246137,0.004191016159893479,0.0044340104795992374
4,waypoint_23,-15.0,-0.1967604361042245,-0.7819241070227957,1.0638120569246137,0.00442842838310753,0.005973373539745808
5,waypoint_23,-15.0,-0.1967604361042245,-0.7819241070227957,1.0638120569246137,0.005521076218428789,0.016155146062374115
6,waypoint_23,-15.0,-0.1967604361042245,-0.7819241070227957,1.0638120569246137,273.0516791343689,0.0
7,waypoint_23,-15.0,-0.1967604361042245,-0.7819241070227957,1.0638120569246137,321.1037218570709,0.0
8,waypoint_23,-15.0,-0.1967604361042245,-0.7819241070227957,1.0638120569246137,308.310866355896,0.0
9,waypoint_23,-15.0,-0.1967604361042245,-0.7819241070227957,1.0638120569246137,312.05591559410095,0.0
10,waypoint_23,-15.0,-0.1967604361042245,-0.7819241070227957,1.0638120569246137,413.83594274520874,0.0
11,waypoint_23,-15.0,-0.1967604361042245,-0.7819241070227957,1.0638120569246137,494.7584569454193,0.0
12,waypoint_23,-15.0,-0.1967604361042245,-0.7819241070227957,1.0638120569246137,499.25753474235535,0.0
13,waypoint_23,-15.0,-0.1967604361042245,-0.7819241070227957,1.0638120569246137,564.4355416297913,0.0
14,waypoint_23,-15.0,-0.1967604361042245,-0.7819241070227957,1.0638120569246137,816.3021206855774,0.0
0,waypoint_23,0.0,-0.1967604361042245,-0.7819241070227957,1.0638120569246137,85.17564088106155,0.0
1,waypoint_23,0.0,-0.1967604361042245,-0.7819241070227957,1.0638120569246137,73.67414236068726,0.0
2,waypoint_23,0.0,-0.1967604361042245,-0.7819241070227957,1.0638120569246137,0.0035383277463552076,0.013103583827614784
3,waypoint_23,0.0,-0.1967604361042245,-0.7819241070227957,1.0638120569246137,0.0055723171499266755,0.003752924967557192
4,waypoint_23,0.0,-0.1967604361042245,-0.7819241070227957,1.0638120569246137,0.0035348116398381535,0.006010722368955612
5,waypoint_23,0.0,-0.1967604361042245,-0.7819241070227957,1.0638120569246137,0.005013881036575185,0.014564326964318752
6,waypoint_23,0.0,-0.1967604361042245,-0.7819241070227957,1.0638120569246137,261.7115378379822,0.0
7,waypoint_23,0.0,-0.1967604361042245,-0.7819241070227957,1.0638120569246137,318.5989558696747,0.0
8,waypoint_23,0.0,-0.1967604361042245,-0.7819241070227957,1.0638120569246137,291.93949699401855,0.0
9,waypoint_23,0.0,-0.1967604361042245,-0.7819241070227957,1.0638120569246137,301.10448598861694,0.0
10,waypoint_23,0.0,-0.1967604361042245,-0.7819241070227957,1.0638120569246137,399.3648588657379,0.0
11,waypoint_23,0.0,-0.1967604361042245,-0.7819241070227957,1.0638120569246137,471.4793562889099,0.0
12,waypoint_23,0.0,-0.1967604361042245,-0.7819241070227957,1.0638120569246137,492.0748174190521,0.0
13,waypoint_23,0.0,-0.1967604361042245,-0.7819241070227957,1.0638120569246137,555.6036829948425,0.0
14,waypoint_23,0.0,-0.1967604361042245,-0.7819241070227957,1.0638120569246137,785.1739525794983,0.0
0,waypoint_23,15.0,-0.1967604361042245,-0.7819241070227957,1.0638120569246137,48.162177205085754,0.0
1,waypoint_23,15.0,-0.1967604361042245,-0.7819241070227957,1.0638120569246137,43.02455112338066,0.0
2,waypoint_23,15.0,-0.1967604361042245,-0.7819241070227957,1.0638120569246137,0.004473129138204968,0.012066662311553955
3,waypoint_23,15.0,-0.1967604361042245,-0.7819241070227957,1.0638120569246137,0.005918594069953542,0.003614863846451044
4,waypoint_23,15.0,-0.1967604361042245,-0.7819241070227957,1.0638120569246137,0.0018167198732044199,0.0050364164635539055
5,waypoint_23,15.0,-0.1967604361042245,-0.7819241070227957,1.0638120569246137,0.005113508905196795,0.01032915711402893
6,waypoint_23,15.0,-0.1967604361042245,-0.7819241070227957,1.0638120569246137,8.774400688707829,0.0
7,waypoint_23,15.0,-0.1967604361042245,-0.7819241070227957,1.0638120569246137,306.22225999832153,0.0
8,waypoint_23,15.0,-0.1967604361042245,-0.7819241070227957,1.0638120569246137,268.88948678970337,0.0
9,waypoint_23,15.0,-0.1967604361042245,-0.7819241070227957,1.0638120569246137,293.81904006004333,0.0
10,waypoint_23,15.0,-0.1967604361042245,-0.7819241070227957,1.0638120569246137,372.307151556015,0.0
11,waypoint_23,15.0,-0.1967604361042245,-0.7819241070227957,1.0638120569246137,451.33042335510254,0.0
12,waypoint_23,15.0,-0.1967604361042245,-0.7819241070227957,1.0638120569246137,495.1825737953186,0.0
13,waypoint_23,15.0,-0.1967604361042245,-0.7819241070227957,1.0638120569246137,555.0957322120667,0.0
14,waypoint_23,15.0,-0.1967604361042245,-0.7819241070227957,1.0638120569246137,766.7673230171204,0.0
0,waypoint_23,30.0,-0.1967604361042245,-0.7819241070227957,1.0638120569246137,0.03776677476707846,0.00954192504286766
1,waypoint_23,30.0,-0.1967604361042245,-0.7819241070227957,1.0638120569246137,33.384647220373154,0.0
2,waypoint_23,30.0,-0.1967604361042245,-0.7819241070227957,1.0638120569246137,0.003473473043413833,0.010930048301815987
3,waypoint_23,30.0,-0.1967604361042245,-0.7819241070227957,1.0638120569246137,0.005332534328772454,0.004146694205701351
4,waypoint_23,30.0,-0.1967604361042245,-0.7819241070227957,1.0638120569246137,45.3396812081337,0.0
5,waypoint_23,30.0,-0.1967604361042245,-0.7819241070227957,1.0638120569246137,0.1451974967494607,2.0839410353801213e-05
6,waypoint_23,30.0,-0.1967604361042245,-0.7819241070227957,1.0638120569246137,167.38979518413544,0.0
7,waypoint_23,30.0,-0.1967604361042245,-0.7819241070227957,1.0638120569246137,292.42822527885437,0.0
8,waypoint_23,30.0,-0.1967604361042245,-0.7819241070227957,1.0638120569246137,248.61976504325867,0.0
9,waypoint_23,30.0,-0.1967604361042245,-0.7819241070227957,1.0638120569246137,281.8079888820648,0.0
10,waypoint_23,30.0,-0.1967604361042245,-0.7819241070227957,1.0638120569246137,353.5885810852051,0.0
11,waypoint_23,30.0,-0.1967604361042245,-0.7819241070227957,1.0638120569246137,424.3857264518738,0.0
12,waypoint_23,30.0,-0.1967604361042245,-0.7819241070227957,1.0638120569246137,484.716922044754,0.0
13,waypoint_23,30.0,-0.1967604361042245,-0.7819241070227957,1.0638120569246137,546.2954640388489,0.0
14,waypoint_23,30.0,-0.1967604361042245,-0.7819241070227957,1.0638120569246137,743.5227036476135,0.0
0,waypoint_24,30.0,-0.17676043610422398,-0.7819241070227957,1.0638120569246137,0.18980335153173655,3.501455694276956e-07
1,waypoint_24,30.0,-0.17676043610422398,-0.7819241070227957,1.0638120569246137,35.0770503282547,0.0
2,waypoint_24,30.0,-0.17676043610422398,-0.7819241070227957,1.0638120569246137,0.00978678508545272,0.012123974040150642
3,waypoint_24,30.0,-0.17676043610422398,-0.7819241070227957,1.0638120569246137,0.010941957953036763,0.005511248018592596
4,waypoint_24,30.0,-0.17676043610422398,-0.7819241070227957,1.0638120569246137,88.59686553478241,0.0
5,waypoint_24,30.0,-0.17676043610422398,-0.7819241070227957,1.0638120569246137,0.009104499440582003,0.0019857496954500675
6,waypoint_24,30.0,-0.17676043610422398,-0.7819241070227957,1.0638120569246137,131.35631382465363,0.0
7,waypoint_24,30.0,-0.17676043610422398,-0.7819241070227957,1.0638120569246137,295.920729637146,0.0
8,waypoint_24,30.0,-0.17676043610422398,-0.7819241070227957,1.0638120569246137,248.27341735363007,0.0
9,waypoint_24,30.0,-0.17676043610422398,-0.7819241070227957,1.0638120569246137,278.6182165145874,0.0
10,waypoint_24,30.0,-0.17676043610422398,-0.7819241070227957,1.0638120569246137,341.9072926044464,0.0
11,waypoint_24,30.0,-0.17676043610422398,-0.7819241070227957,1.0638120569246137,410.1767838001251,0.0
12,waypoint_24,30.0,-0.17676043610422398,-0.7819241070227957,1.0638120569246137,471.4629054069519,0.0
13,waypoint_24,30.0,-0.17676043610422398,-0.7819241070227957,1.0638120569246137,531.1724543571472,0.0
14,waypoint_24,30.0,-0.17676043610422398,-0.7819241070227957,1.0638120569246137,725.64297914505,0.0
0,waypoint_24,15.0,-0.17676043610422398,-0.7819241070227957,1.0638120569246137,0.01328528560406994,0.019736338406801224
1,waypoint_24,15.0,-0.17676043610422398,-0.7819241070227957,1.0638120569246137,39.19897973537445,0.0
2,waypoint_24,15.0,-0.17676043610422398,-0.7819241070227957,1.0638120569246137,0.0026117447760043433,0.01362644974142313
3,waypoint_24,15.0,-0.17676043610422398,-0.7819241070227957,1.0638120569246137,0.003968075816374039,0.005338067188858986
4,waypoint_24,15.0,-0.17676043610422398,-0.7819241070227957,1.0638120569246137,0.017584987290319987,0.0034665362909436226
5,waypoint_24,15.0,-0.17676043610422398,-0.7819241070227957,1.0638120569246137,0.011439744412200525,0.009839095175266266
6,waypoint_24,15.0,-0.17676043610422398,-0.7819241070227957,1.0638120569246137,0.3651814186014235,1.862945737229893e-06
7,waypoint_24,15.0,-0.17676043610422398,-0.7819241070227957,1.0638120569246137,298.9930212497711,0.0
8,waypoint_24,15.0,-0.17676043610422398,-0.7819241070227957,1.0638120569246137,266.7994499206543,0.0
9,waypoint_24,15.0,-0.17676043610422398,-0.7819241070227957,1.0638120569246137,288.045734167099,0.0
10,waypoint_24,15.0,-0.17676043610422398,-0.7819241070227957,1.0638120569246137,360.07434129714966,0.0
11,waypoint_24,15.0,-0.17676043610422398,-0.7819241070227957,1.0638120569246137,435.16626954078674,0.0
12,waypoint_24,15.0,-0.17676043610422398,-0.7819241070227957,1.0638120569246137,483.3373427391052,0.0
13,waypoint_24,15.0,-0.17676043610422398,-0.7819241070227957,1.0638120569246137,539.6237969398499,0.0
14,waypoint_24,15.0,-0.17676043610422398,-0.7819241070227957,1.0638120569246137,740.348756313324,0.0
0,waypoint_24,0.0,-0.17676043610422398,-0.7819241070227957,1.0638120569246137,0.0045798715291311964,0.02668101154267788
1,waypoint_24,0.0,-0.17676043610422398,-0.7819241070227957,1.0638120569246137,53.250011056661606,0.0
2,waypoint_24,0.0,-0.17676043610422398,-0.7819241070227957,1.0638120569246137,0.003860982815240277,0.014863001182675362
3,waypoint_24,0.0,-0.17676043610422398,-0.7819241070227957,1.0638120569246137,0.005994935690978309,0.00568106584250927
4,waypoint_24,0.0,-0.17676043610422398,-0.7819241070227957,1.0638120569246137,0.007511131116189063,0.004074477590620518
5,waypoint_24,0.0,-0.17676043610422398,-0.7819241070227957,1.0638120569246137,0.009602824320609216,0.01311280857771635
6,waypoint_24,0.0,-0.17676043610422398,-0.7819241070227957,1.0638120569246137,0.008888801858120132,0.017141494899988174
7,waypoint_24,0.0,-0.17676043610422398,-0.7819241070227957,1.0638120569246137,309.1197907924652,0.0
8,waypoint_24,0.0,-0.17676043610422398,-0.7819241070227957,1.0638120569246137,284.86427664756775,0.0
9,waypoint_24,0.0,-0.17676043610422398,-0.7819241070227957,1.0638120569246137,293.77809166908264,0.0
10,waypoint_24,0.0,-0.17676043610422398,-0.7819241070227957,1.0638120569246137,378.0343234539032,0.0
11,waypoint_24,0.0,-0.17676043610422398,-0.7819241070227957,1.0638120569246137,456.1716914176941,0.0
12,waypoint_24,0.0,-0.17676043610422398,-0.7819241070227957,1.0638120569246137,478.27574610710144,0.0
13,waypoint_24,0.0,-0.17676043610422398,-0.7819241070227957,1.0638120569246137,541.8648719787598,0.0
14,waypoint_24,0.0,-0.17676043610422398,-0.7819241070227957,1.0638120569246137,755.3104162216187,0.0
0,waypoint_24,-15.0,-0.17676043610422398,-0.7819241070227957,1.0638120569246137,0.004184229055681499,0.0306741651147604
1,waypoint_24,-15.0,-0.17676043610422398,-0.7819241070227957,1.0638120569246137,88.76433223485947,0.0
2,waypoint_24,-15.0,-0.17676043610422398,-0.7819241070227957,1.0638120569246137,0.004410743713378906,0.01573263667523861
3,waypoint_24,-15.0,-0.17676043610422398,-0.7819241070227957,1.0638120569246137,0.004184229055681499,0.006371641997247934
4,waypoint_24,-15.0,-0.17676043610422398,-0.7819241070227957,1.0638120569246137,0.0030741207410756033,0.003911980427801609
5,waypoint_24,-15.0,-0.17676043610422398,-0.7819241070227957,1.0638120569246137,0.0016214216884691268,0.014218109659850597
6,waypoint_24,-15.0,-0.17676043610422398,-0.7819241070227957,1.0638120569246137,0.004177537448413204,0.022235386073589325
7,waypoint_24,-15.0,-0.17676043610422398,-0.7819241070227957,1.0638120569246137,317.83729791641235,0.0
8,waypoint_24,-15.0,-0.17676043610422398,-0.7819241070227957,1.0638120569246137,299.88691210746765,0.0
9,waypoint_24,-15.0,-0.17676043610422398,-0.7819241070227957,1.0638120569246137,305.4022490978241,0.0
10,waypoint_24,-15.0,-0.17676043610422398,-0.7819241070227957,1.0638120569246137,401.5512764453888,0.0
11,waypoint_24,-15.0,-0.17676043610422398,-0.7819241070227957,1.0638120569246137,477.2213101387024,0.0
12,waypoint_24,-15.0,-0.17676043610422398,-0.7819241070227957,1.0638120569246137,479.4425666332245,0.0
13,waypoint_24,-15.0,-0.17676043610422398,-0.7819241070227957,1.0638120569246137,536.6259813308716,0.0
14,waypoint_24,-15.0,-0.17676043610422398,-0.7819241070227957,1.0638120569246137,784.0337753295898,0.0
0,waypoint_24,-30.0,-0.17676043610422398,-0.7819241070227957,1.0638120569246137,0.0058981499932997394,0.03278547152876854
1,waypoint_24,-30.0,-0.17676043610422398,-0.7819241070227957,1.0638120569246137,125.96772611141205,0.0
2,waypoint_24,-30.0,-0.17676043610422398,-0.7819241070227957,1.0638120569246137,0.005119064098835224,0.016128599643707275
3,waypoint_24,-30.0,-0.17676043610422398,-0.7819241070227957,1.0638120569246137,0.004829079898627242,0.0070760976523160934
4,waypoint_24,-30.0,-0.17676043610422398,-0.7819241070227957,1.0638120569246137,0.0015370603705378016,0.0034061961341649294
5,waypoint_24,-30.0,-0.17676043610422398,-0.7819241070227957,1.0638120569246137,0.00545765078641125,0.014089771546423435
6,waypoint_24,-30.0,-0.17676043610422398,-0.7819241070227957,1.0638120569246137,0.006155622486403445,0.02425760217010975
7,waypoint_24,-30.0,-0.17676043610422398,-0.7819241070227957,1.0638120569246137,318.80971789360046,0.0
8,waypoint_24,-30.0,-0.17676043610422398,-0.7819241070227957,1.0638120569246137,304.8344552516937,0.0
9,waypoint_24,-30.0,-0.17676043610422398,-0.7819241070227957,1.0638120569246137,308.8102638721466,0.0
10,waypoint_24,-30.0,-0.17676043610422398,-0.7819241070227957,1.0638120569246137,407.02179074287415,0.0
11,waypoint_24,-30.0,-0.17676043610422398,-0.7819241070227957,1.0638120569246137,486.81968450546265,0.0
12,waypoint_24,-30.0,-0.17676043610422398,-0.7819241070227957,1.0638120569246137,486.7200553417206,0.0
13,waypoint_24,-30.0,-0.17676043610422398,-0.7819241070227957,1.0638120569246137,548.0070114135742,0.0
14,waypoint_24,-30.0,-0.17676043610422398,-0.7819241070227957,1.0638120569246137,806.1716556549072,0.0
0,waypoint_25,-30.0,-0.1567604361042244,-0.7819241070227957,1.0638120569246137,0.010823783668456599,0.0340580977499485
1,waypoint_25,-30.0,-0.1567604361042244,-0.7819241070227957,1.0638120569246137,120.60581892728806,0.0
2,waypoint_25,-30.0,-0.1567604361042244,-0.7819241070227957,1.0638120569246137,0.010947152077278588,0.017921222373843193
3,waypoint_25,-30.0,-0.1567604361042244,-0.7819241070227957,1.0638120569246137,0.00970878954831278,0.008909953758120537
4,waypoint_25,-30.0,-0.1567604361042244,-0.7819241070227957,1.0638120569246137,0.010885479241551366,0.001742337946780026
5,waypoint_25,-30.0,-0.1567604361042244,-0.7819241070227957,1.0638120569246137,0.011777008694480173,0.011878833174705505
6,waypoint_25,-30.0,-0.1567604361042244,-0.7819241070227957,1.0638120569246137,0.010141200618818402,0.022469518706202507
7,waypoint_25,-30.0,-0.1567604361042244,-0.7819241070227957,1.0638120569246137,320.95205783843994,0.0
8,waypoint_25,-30.0,-0.1567604361042244,-0.7819241070227957,1.0638120569246137,303.3735752105713,0.0
9,waypoint_25,-30.0,-0.1567604361042244,-0.7819241070227957,1.0638120569246137,302.9518127441406,0.0
10,waypoint_25,-30.0,-0.1567604361042244,-0.7819241070227957,1.0638120569246137,394.7605490684509,0.0
11,waypoint_25,-30.0,-0.1567604361042244,-0.7819241070227957,1.0638120569246137,472.07966446876526,0.0
12,waypoint_25,-30.0,-0.1567604361042244,-0.7819241070227957,1.0638120569246137,472.8071689605713,0.0
13,waypoint_25,-30.0,-0.1567604361042244,-0.7819241070227957,1.0638120569246137,532.7891707420349,0.0
14,waypoint_25,-30.0,-0.1567604361042244,-0.7819241070227957,1.0638120569246137,793.248176574707,0.0
0,waypoint_25,-15.0,-0.1567604361042244,-0.7819241070227957,1.0638120569246137,0.004899197392660426,0.03141968697309494
1,waypoint_25,-15.0,-0.1567604361042244,-0.7819241070227957,1.0638120569246137,83.9180052280426,0.0
2,waypoint_25,-15.0,-0.1567604361042244,-0.7819241070227957,1.0638120569246137,0.00442200598627096,0.01752953603863716
3,waypoint_25,-15.0,-0.1567604361042244,-0.7819241070227957,1.0638120569246137,0.0035543564536055783,0.00829195138067007
4,waypoint_25,-15.0,-0.1567604361042244,-0.7819241070227957,1.0638120569246137,0.006864892384328414,0.0019410471431910992
5,waypoint_25,-15.0,-0.1567604361042244,-0.7819241070227957,1.0638120569246137,0.004384893145470414,0.01220381073653698
6,waypoint_25,-15.0,-0.1567604361042244,-0.7819241070227957,1.0638120569246137,0.005967333891021553,0.021083828061819077
7,waypoint_25,-15.0,-0.1567604361042244,-0.7819241070227957,1.0638120569246137,321.4154243469238,0.0
8,waypoint_25,-15.0,-0.1567604361042244,-0.7819241070227957,1.0638120569246137,300.6349205970764,0.0
9,waypoint_25,-15.0,-0.1567604361042244,-0.7819241070227957,1.0638120569246137,299.4474768638611,0.0
10,waypoint_25,-15.0,-0.1567604361042244,-0.7819241070227957,1.0638120569246137,392.8070366382599,0.0
11,waypoint_25,-15.0,-0.1567604361042244,-0.7819241070227957,1.0638120569246137,467.62922406196594,0.0
12,waypoint_25,-15.0,-0.1567604361042244,-0.7819241070227957,1.0638120569246137,470.54198384284973,0.0
13,waypoint_25,-15.0,-0.1567604361042244,-0.7819241070227957,1.0638120569246137,520.5219388008118,0.0
14,waypoint_25,-15.0,-0.1567604361042244,-0.7819241070227957,1.0638120569246137,780.8659672737122,0.0
0,waypoint_25,0.0,-0.1567604361042244,-0.7819241070227957,1.0638120569246137,0.003305774725959054,0.02655734121799469
1,waypoint_25,0.0,-0.1567604361042244,-0.7819241070227957,1.0638120569246137,52.09018662571907,0.0
2,waypoint_25,0.0,-0.1567604361042244,-0.7819241070227957,1.0638120569246137,0.003860982815240277,0.016570955514907837
3,waypoint_25,0.0,-0.1567604361042244,-0.7819241070227957,1.0638120569246137,0.0064074301917571574,0.007584760431200266
4,waypoint_25,0.0,-0.1567604361042244,-0.7819241070227957,1.0638120569246137,0.007959396498335991,0.0021179369650781155
5,waypoint_25,0.0,-0.1567604361042244,-0.7819241070227957,1.0638120569246137,0.007168434422055725,0.011490660719573498
6,waypoint_25,0.0,-0.1567604361042244,-0.7819241070227957,1.0638120569246137,0.003925883447664091,0.0172067079693079
7,waypoint_25,0.0,-0.1567604361042244,-0.7819241070227957,1.0638120569246137,321.50453329086304,0.0
8,waypoint_25,0.0,-0.1567604361042244,-0.7819241070227957,1.0638120569246137,286.0599458217621,0.0
9,waypoint_25,0.0,-0.1567604361042244,-0.7819241070227957,1.0638120569246137,287.9238426685333,0.0
10,waypoint_25,0.0,-0.1567604361042244,-0.7819241070227957,1.0638120569246137,372.566819190979,0.0
11,waypoint_25,0.0,-0.1567604361042244,-0.7819241070227957,1.0638120569246137,441.7176842689514,0.0
12,waypoint_25,0.0,-0.1567604361042244,-0.7819241070227957,1.0638120569246137,466.8246805667877,0.0
13,waypoint_25,0.0,-0.1567604361042244,-0.7819241070227957,1.0638120569246137,515.6151652336121,0.0
14,waypoint_25,0.0,-0.1567604361042244,-0.7819241070227957,1.0638120569246137,745.5588579177856,0.0
0,waypoint_25,15.0,-0.1567604361042244,-0.7819241070227957,1.0638120569246137,0.002239739160359022,0.017780784517526627
1,waypoint_25,15.0,-0.1567604361042244,-0.7819241070227957,1.0638120569246137,5.050291307270527,0.0
2,waypoint_25,15.0,-0.1567604361042244,-0.7819241070227957,1.0638120569246137,0.003960906724387314,0.015107291750609875
3,waypoint_25,15.0,-0.1567604361042244,-0.7819241070227957,1.0638120569246137,0.0057332108553964645,0.007064887788146734
4,waypoint_25,15.0,-0.1567604361042244,-0.7819241070227957,1.0638120569246137,0.003331467723910464,0.001861076452769339
5,waypoint_25,15.0,-0.1567604361042244,-0.7819241070227957,1.0638120569246137,0.004324521341914078,0.008976669982075691
6,waypoint_25,15.0,-0.1567604361042244,-0.7819241070227957,1.0638120569246137,0.003804934976869845,0.006919196806848049
7,waypoint_25,15.0,-0.1567604361042244,-0.7819241070227957,1.0638120569246137,319.4827437400818,0.0
8,waypoint_25,15.0,-0.1567604361042244,-0.7819241070227957,1.0638120569246137,267.4603760242462,0.0
9,waypoint_25,15.0,-0.1567604361042244,-0.7819241070227957,1.0638120569246137,275.5436599254608,0.0
10,waypoint_25,15.0,-0.1567604361042244,-0.7819241070227957,1.0638120569246137,347.5210666656494,0.0
11,waypoint_25,15.0,-0.1567604361042244,-0.7819241070227957,1.0638120569246137,420.8375811576843,0.0
12,waypoint_25,15.0,-0.1567604361042244,-0.7819241070227957,1.0638120569246137,470.560222864151,0.0
13,waypoint_25,15.0,-0.1567604361042244,-0.7819241070227957,1.0638120569246137,509.10019874572754,0.0
14,waypoint_25,15.0,-0.1567604361042244,-0.7819241070227957,1.0638120569246137,723.5594391822815,0.0
0,waypoint_25,30.0,-0.1567604361042244,-0.7819241070227957,1.0638120569246137,14.319355599582195,0.0
1,waypoint_25,30.0,-0.1567604361042244,-0.7819241070227957,1.0638120569246137,31.96600079536438,0.0
2,waypoint_25,30.0,-0.1567604361042244,-0.7819241070227957,1.0638120569246137,0.005941360541328322,0.013196264393627644
3,waypoint_25,30.0,-0.1567604361042244,-0.7819241070227957,1.0638120569246137,0.004523674306255998,0.006909345276653767
4,waypoint_25,30.0,-0.1567604361042244,-0.7819241070227957,1.0638120569246137,93.28069537878036,0.0
5,waypoint_25,30.0,-0.1567604361042244,-0.7819241070227957,1.0638120569246137,0.007372687377937837,0.0020722101908177137
6,waypoint_25,30.0,-0.1567604361042244,-0.7819241070227957,1.0638120569246137,92.15433150529861,0.0
7,waypoint_25,30.0,-0.1567604361042244,-0.7819241070227957,1.0638120569246137,306.31572008132935,0.0
8,waypoint_25,30.0,-0.1567604361042244,-0.7819241070227957,1.0638120569246137,249.32585656642914,0.0
9,waypoint_25,30.0,-0.1567604361042244,-0.7819241070227957,1.0638120569246137,262.6489996910095,0.0
10,waypoint_25,30.0,-0.1567604361042244,-0.7819241070227957,1.0638120569246137,330.85182309150696,0.0
11,waypoint_25,30.0,-0.1567604361042244,-0.7819241070227957,1.0638120569246137,395.796000957489,0.0
12,waypoint_25,30.0,-0.1567604361042244,-0.7819241070227957,1.0638120569246137,465.0208055973053,0.0
13,waypoint_25,30.0,-0.1567604361042244,-0.7819241070227957,1.0638120569246137,498.5494911670685,0.0
14,waypoint_25,30.0,-0.1567604361042244,-0.7819241070227957,1.0638120569246137,703.8231492042542,0.0
0,waypoint_26,30.0,-0.13676043610422478,-0.7819241070227957,1.0638120569246137,173.14009368419647,0.0
1,waypoint_26,30.0,-0.13676043610422478,-0.7819241070227957,1.0638120569246137,0.3287324798293412,0.008793686516582966
2,waypoint_26,30.0,-0.13676043610422478,-0.7819241070227957,1.0638120569246137,0.012516407878138125,0.014114193618297577
3,waypoint_26,30.0,-0.13676043610422478,-0.7819241070227957,1.0638120569246137,0.011031852409359999,0.008297831751406193
4,waypoint_26,30.0,-0.13676043610422478,-0.7819241070227957,1.0638120569246137,110.42841523885727,0.0
5,waypoint_26,30.0,-0.13676043610422478,-0.7819241070227957,1.0638120569246137,0.010485675375093706,0.002409734297543764
6,waypoint_26,30.0,-0.13676043610422478,-0.7819241070227957,1.0638120569246137,54.696790874004364,0.0
7,waypoint_26,30.0,-0.13676043610422478,-0.7819241070227957,1.0638120569246137,311.4229440689087,0.0
8,waypoint_26,30.0,-0.13676043610422478,-0.7819241070227957,1.0638120569246137,252.1197497844696,0.0
9,waypoint_26,30.0,-0.13676043610422478,-0.7819241070227957,1.0638120569246137,261.16713881492615,0.0
10,waypoint_26,30.0,-0.13676043610422478,-0.7819241070227957,1.0638120569246137,315.52988290786743,0.0
11,waypoint_26,30.0,-0.13676043610422478,-0.7819241070227957,1.0638120569246137,381.5084993839264,0.0
12,waypoint_26,30.0,-0.13676043610422478,-0.7819241070227957,1.0638120569246137,452.6061415672302,0.0
13,waypoint_26,30.0,-0.13676043610422478,-0.7819241070227957,1.0638120569246137,483.0794036388397,0.0
14,waypoint_26,30.0,-0.13676043610422478,-0.7819241070227957,1.0638120569246137,685.9888434410095,0.0
0,waypoint_26,15.0,-0.13676043610422478,-0.7819241070227957,1.0638120569246137,0.1339021691819653,0.011202792637050152
1,waypoint_26,15.0,-0.13676043610422478,-0.7819241070227957,1.0638120569246137,5.048756953328848,0.0
2,waypoint_26,15.0,-0.13676043610422478,-0.7819241070227957,1.0638120569246137,0.005091227649245411,0.016489826142787933
3,waypoint_26,15.0,-0.13676043610422478,-0.7819241070227957,1.0638120569246137,0.005141224391991273,0.008771981112658978
4,waypoint_26,15.0,-0.13676043610422478,-0.7819241070227957,1.0638120569246137,161.05946898460388,0.0
5,waypoint_26,15.0,-0.13676043610422478,-0.7819241070227957,1.0638120569246137,0.010544464203121606,0.007841398939490318
6,waypoint_26,15.0,-0.13676043610422478,-0.7819241070227957,1.0638120569246137,0.0164752946147928,0.009398427791893482
7,waypoint_26,15.0,-0.13676043610422478,-0.7819241070227957,1.0638120569246137,313.83752822875977,0.0
8,waypoint_26,15.0,-0.13676043610422478,-0.7819241070227957,1.0638120569246137,269.02738213539124,0.0
9,waypoint_26,15.0,-0.13676043610422478,-0.7819241070227957,1.0638120569246137,274.16709065437317,0.0
10,waypoint_26,15.0,-0.13676043610422478,-0.7819241070227957,1.0638120569246137,333.61348509788513,0.0
11,waypoint_26,15.0,-0.13676043610422478,-0.7819241070227957,1.0638120569246137,405.5716097354889,0.0
12,waypoint_26,15.0,-0.13676043610422478,-0.7819241070227957,1.0638120569246137,452.11800932884216,0.0
13,waypoint_26,15.0,-0.13676043610422478,-0.7819241070227957,1.0638120569246137,493.71665716171265,0.0
14,waypoint_26,15.0,-0.13676043610422478,-0.7819241070227957,1.0638120569246137,696.6908574104309,0.0
0,waypoint_26,0.0,-0.13676043610422478,-0.7819241070227957,1.0638120569246137,61.30117177963257,0.0
1,waypoint_26,0.0,-0.13676043610422478,-0.7819241070227957,1.0638120569246137,9.122619405388832,0.0
2,waypoint_26,0.0,-0.13676043610422478,-0.7819241070227957,1.0638120569246137,0.006107658464316046,0.018217867240309715
3,waypoint_26,0.0,-0.13676043610422478,-0.7819241070227957,1.0638120569246137,0.004829079898627242,0.009459439665079117
4,waypoint_26,0.0,-0.13676043610422478,-0.7819241070227957,1.0638120569246137,0.7238271646201611,0.0003148539981339127
5,waypoint_26,0.0,-0.13676043610422478,-0.7819241070227957,1.0638120569246137,0.0068449389800662175,0.00974342506378889
6,waypoint_26,0.0,-0.13676043610422478,-0.7819241070227957,1.0638120569246137,0.028354999813018367,0.016704929992556572
7,waypoint_26,0.0,-0.13676043610422478,-0.7819241070227957,1.0638120569246137,316.93077087402344,0.0
8,waypoint_26,0.0,-0.13676043610422478,-0.7819241070227957,1.0638120569246137,286.3824963569641,0.0
9,waypoint_26,0.0,-0.13676043610422478,-0.7819241070227957,1.0638120569246137,284.7590744495392,0.0
10,waypoint_26,0.0,-0.13676043610422478,-0.7819241070227957,1.0638120569246137,355.1850616931915,0.0
11,waypoint_26,0.0,-0.13676043610422478,-0.7819241070227957,1.0638120569246137,428.39059233665466,0.0
12,waypoint_26,0.0,-0.13676043610422478,-0.7819241070227957,1.0638120569246137,453.50968837738037,0.0
13,waypoint_26,0.0,-0.13676043610422478,-0.7819241070227957,1.0638120569246137,500.3160238265991,0.0
14,waypoint_26,0.0,-0.13676043610422478,-0.7819241070227957,1.0638120569246137,712.5788927078247,0.0
0,waypoint_26,-15.0,-0.13676043610422478,-0.7819241070227957,1.0638120569246137,70.2868178486824,0.0
1,waypoint_26,-15.0,-0.13676043610422478,-0.7819241070227957,1.0638120569246137,39.81336206197739,0.0
2,waypoint_26,-15.0,-0.13676043610422478,-0.7819241070227957,1.0638120569246137,0.00384438408218557,0.019296690821647644
3,waypoint_26,-15.0,-0.13676043610422478,-0.7819241070227957,1.0638120569246137,0.003165225507473224,0.010189016349613667
4,waypoint_26,-15.0,-0.13676043610422478,-0.7819241070227957,1.0638120569246137,49.390990287065506,0.0
5,waypoint_26,-15.0,-0.13676043610422478,-0.7819241070227957,1.0638120569246137,0.0019660499219753547,0.010142059065401554
6,waypoint_26,-15.0,-0.13676043610422478,-0.7819241070227957,1.0638120569246137,0.006344623216136824,0.019639747217297554
7,waypoint_26,-15.0,-0.13676043610422478,-0.7819241070227957,1.0638120569246137,324.32883977890015,0.0
8,waypoint_26,-15.0,-0.13676043610422478,-0.7819241070227957,1.0638120569246137,299.91814494132996,0.0
9,waypoint_26,-15.0,-0.13676043610422478,-0.7819241070227957,1.0638120569246137,295.78858613967896,0.0
10,waypoint_26,-15.0,-0.13676043610422478,-0.7819241070227957,1.0638120569246137,378.62104177474976,0.0
11,waypoint_26,-15.0,-0.13676043610422478,-0.7819241070227957,1.0638120569246137,451.40185952186584,0.0
12,waypoint_26,-15.0,-0.13676043610422478,-0.7819241070227957,1.0638120569246137,454.0364146232605,0.0
13,waypoint_26,-15.0,-0.13676043610422478,-0.7819241070227957,1.0638120569246137,505.61290979385376,0.0
14,waypoint_26,-15.0,-0.13676043610422478,-0.7819241070227957,1.0638120569246137,749.373733997345,0.0
0,waypoint_26,-30.0,-0.13676043610422478,-0.7819241070227957,1.0638120569246137,136.76515221595764,0.0
1,waypoint_26,-30.0,-0.13676043610422478,-0.7819241070227957,1.0638120569246137,245.27905881404877,0.0
2,waypoint_26,-30.0,-0.13676043610422478,-0.7819241070227957,1.0638120569246137,0.005820539172418648,0.019710922613739967
3,waypoint_26,-30.0,-0.13676043610422478,-0.7819241070227957,1.0638120569246137,0.0026656007321435027,0.010728743858635426
4,waypoint_26,-30.0,-0.13676043610422478,-0.7819241070227957,1.0638120569246137,0.1455762831028551,0.001619788003154099
5,waypoint_26,-30.0,-0.13676043610422478,-0.7819241070227957,1.0638120569246137,0.0031359068088931963,0.00968013796955347
6,waypoint_26,-30.0,-0.13676043610422478,-0.7819241070227957,1.0638120569246137,0.0032429802558908705,0.020513620227575302
7,waypoint_26,-30.0,-0.13676043610422478,-0.7819241070227957,1.0638120569246137,323.7331211566925,0.0
8,waypoint_26,-30.0,-0.13676043610422478,-0.7819241070227957,1.0638120569246137,304.2357265949249,0.0
9,waypoint_26,-30.0,-0.13676043610422478,-0.7819241070227957,1.0638120569246137,299.39717054367065,0.0
10,waypoint_26,-30.0,-0.13676043610422478,-0.7819241070227957,1.0638120569246137,384.44438576698303,0.0
11,waypoint_26,-30.0,-0.13676043610422478,-0.7819241070227957,1.0638120569246137,461.86432242393494,0.0
12,waypoint_26,-30.0,-0.13676043610422478,-0.7819241070227957,1.0638120569246137,459.20878648757935,0.0
13,waypoint_26,-30.0,-0.13676043610422478,-0.7819241070227957,1.0638120569246137,518.2625651359558,0.0
14,waypoint_26,-30.0,-0.13676043610422478,-0.7819241070227957,1.0638120569246137,762.4393701553345,0.0
0,waypoint_27,-30.0,-0.1167604361042246,-0.7819241070227957,1.0638120569246137,122.39895015954971,0.0
1,waypoint_27,-30.0,-0.1167604361042246,-0.7819241070227957,1.0638120569246137,239.43527042865753,0.0
2,waypoint_27,-30.0,-0.1167604361042246,-0.7819241070227957,1.0638120569246137,0.012072552635800093,0.021499568596482277
3,waypoint_27,-30.0,-0.1167604361042246,-0.7819241070227957,1.0638120569246137,0.011035072020604275,0.012537084519863129
4,waypoint_27,-30.0,-0.1167604361042246,-0.7819241070227957,1.0638120569246137,0.014889712474541739,0.0034437391441315413
5,waypoint_27,-30.0,-0.1167604361042246,-0.7819241070227957,1.0638120569246137,0.013717358342546504,0.007511279080063105
6,waypoint_27,-30.0,-0.1167604361042246,-0.7819241070227957,1.0638120569246137,0.01000994598143734,0.018437128514051437
7,waypoint_27,-30.0,-0.1167604361042246,-0.7819241070227957,1.0638120569246137,327.92481780052185,0.0
8,waypoint_27,-30.0,-0.1167604361042246,-0.7819241070227957,1.0638120569246137,306.03867769241333,0.0
9,waypoint_27,-30.0,-0.1167604361042246,-0.7819241070227957,1.0638120569246137,295.02350091934204,0.0
10,waypoint_27,-30.0,-0.1167604361042246,-0.7819241070227957,1.0638120569246137,384.41070914268494,0.0
11,waypoint_27,-30.0,-0.1167604361042246,-0.7819241070227957,1.0638120569246137,447.83133268356323,0.0
12,waypoint_27,-30.0,-0.1167604361042246,-0.7819241070227957,1.0638120569246137,447.40307331085205,0.0
13,waypoint_27,-30.0,-0.1167604361042246,-0.7819241070227957,1.0638120569246137,505.0883889198303,0.0
14,waypoint_27,-30.0,-0.1167604361042246,-0.7819241070227957,1.0638120569246137,744.9793219566345,0.0
0,waypoint_27,-15.0,-0.1167604361042246,-0.7819241070227957,1.0638120569246137,76.0083794593811,0.0
1,waypoint_27,-15.0,-0.1167604361042246,-0.7819241070227957,1.0638120569246137,162.76852786540985,0.0
2,waypoint_27,-15.0,-0.1167604361042246,-0.7819241070227957,1.0638120569246137,0.0032428433769382536,0.021027833223342896
3,waypoint_27,-15.0,-0.1167604361042246,-0.7819241070227957,1.0638120569246137,0.0030181381589500234,0.012061476707458496
4,waypoint_27,-15.0,-0.1167604361042246,-0.7819241070227957,1.0638120569246137,0.0069632919803552795,0.00251029129140079
5,waypoint_27,-15.0,-0.1167604361042246,-0.7819241070227957,1.0638120569246137,0.004523674306255998,0.008057921193540096
6,waypoint_27,-15.0,-0.1167604361042246,-0.7819241070227957,1.0638120569246137,0.0033033643376256805,0.017977837473154068
7,waypoint_27,-15.0,-0.1167604361042246,-0.7819241070227957,1.0638120569246137,328.62696051597595,0.0
8,waypoint_27,-15.0,-0.1167604361042246,-0.7819241070227957,1.0638120569246137,302.7394115924835,0.0
9,waypoint_27,-15.0,-0.1167604361042246,-0.7819241070227957,1.0638120569246137,293.042927980423,0.0
10,waypoint_27,-15.0,-0.1167604361042246,-0.7819241070227957,1.0638120569246137,375.61970949172974,0.0
11,waypoint_27,-15.0,-0.1167604361042246,-0.7819241070227957,1.0638120569246137,440.4234290122986,0.0
12,waypoint_27,-15.0,-0.1167604361042246,-0.7819241070227957,1.0638120569246137,443.0982768535614,0.0
13,waypoint_27,-15.0,-0.1167604361042246,-0.7819241070227957,1.0638120569246137,499.9513030052185,0.0
14,waypoint_27,-15.0,-0.1167604361042246,-0.7819241070227957,1.0638120569246137,741.4162755012512,0.0
0,waypoint_27,0.0,-0.1167604361042246,-0.7819241070227957,1.0638120569246137,55.845074355602264,0.0
1,waypoint_27,0.0,-0.1167604361042246,-0.7819241070227957,1.0638120569246137,90.41754901409149,0.0
2,waypoint_27,0.0,-0.1167604361042246,-0.7819241070227957,1.0638120569246137,0.004005502887594048,0.01979110762476921
3,waypoint_27,0.0,-0.1167604361042246,-0.7819241070227957,1.0638120569246137,0.003055573870369699,0.011300772428512573
4,waypoint_27,0.0,-0.1167604361042246,-0.7819241070227957,1.0638120569246137,0.00671815996611258,0.0018059109570458531
5,waypoint_27,0.0,-0.1167604361042246,-0.7819241070227957,1.0638120569246137,0.004410743713378906,0.007907428778707981
6,waypoint_27,0.0,-0.1167604361042246,-0.7819241070227957,1.0638120569246137,0.0030562368920072913,0.015787454321980476
7,waypoint_27,0.0,-0.1167604361042246,-0.7819241070227957,1.0638120569246137,330.34244179725647,0.0
8,waypoint_27,0.0,-0.1167604361042246,-0.7819241070227957,1.0638120569246137,289.5037829875946,0.0
9,waypoint_27,0.0,-0.1167604361042246,-0.7819241070227957,1.0638120569246137,282.0022702217102,0.0
10,waypoint_27,0.0,-0.1167604361042246,-0.7819241070227957,1.0638120569246137,353.8508713245392,0.0
11,waypoint_27,0.0,-0.1167604361042246,-0.7819241070227957,1.0638120569246137,415.1681959629059,0.0
12,waypoint_27,0.0,-0.1167604361042246,-0.7819241070227957,1.0638120569246137,440.6853914260864,0.0
13,waypoint_27,0.0,-0.1167604361042246,-0.7819241070227957,1.0638120569246137,486.15387082099915,0.0
14,waypoint_27,0.0,-0.1167604361042246,-0.7819241070227957,1.0638120569246137,717.8640961647034,0.0
0,waypoint_27,15.0,-0.1167604361042246,-0.7819241070227957,1.0638120569246137,0.02057595156657044,0.0060782842338085175
1,waypoint_27,15.0,-0.1167604361042246,-0.7819241070227957,1.0638120569246137,44.778432697057724,0.0
2,waypoint_27,15.0,-0.1167604361042246,-0.7819241070227957,1.0638120569246137,0.00440268149759504,0.01775108464062214
3,waypoint_27,15.0,-0.1167604361042246,-0.7819241070227957,1.0638120569246137,0.004548736797005404,0.010443845763802528
4,waypoint_27,15.0,-0.1167604361042246,-0.7819241070227957,1.0638120569246137,0.01470592906116508,0.00197027251124382
5,waypoint_27,15.0,-0.1167604361042246,-0.7819241070227957,1.0638120569246137,0.0056420135479129385,0.006510251201689243
6,waypoint_27,15.0,-0.1167604361042246,-0.7819241070227957,1.0638120569246137,0.003593196424844791,0.010280923917889595
7,waypoint_27,15.0,-0.1167604361042246,-0.7819241070227957,1.0638120569246137,329.2750418186188,0.0
8,waypoint_27,15.0,-0.1167604361042246,-0.7819241070227957,1.0638120569246137,276.04442834854126,0.0
9,waypoint_27,15.0,-0.1167604361042246,-0.7819241070227957,1.0638120569246137,267.5277292728424,0.0
10,waypoint_27,15.0,-0.1167604361042246,-0.7819241070227957,1.0638120569246137,326.6861140727997,0.0
11,waypoint_27,15.0,-0.1167604361042246,-0.7819241070227957,1.0638120569246137,392.36029982566833,0.0
12,waypoint_27,15.0,-0.1167604361042246,-0.7819241070227957,1.0638120569246137,443.3881342411041,0.0
13,waypoint_27,15.0,-0.1167604361042246,-0.7819241070227957,1.0638120569246137,476.39426589012146,0.0
14,waypoint_27,15.0,-0.1167604361042246,-0.7819241070227957,1.0638120569246137,694.8601007461548,0.0
0,waypoint_27,30.0,-0.1167604361042246,-0.7819241070227957,1.0638120569246137,145.035520195961,0.0
1,waypoint_27,30.0,-0.1167604361042246,-0.7819241070227957,1.0638120569246137,0.13719944399781525,0.009208681993186474
2,waypoint_27,30.0,-0.1167604361042246,-0.7819241070227957,1.0638120569246137,0.0040531158447265625,0.014831769280135632
3,waypoint_27,30.0,-0.1167604361042246,-0.7819241070227957,1.0638120569246137,0.0011246181657043053,0.009645807556807995
4,waypoint_27,30.0,-0.1167604361042246,-0.7819241070227957,1.0638120569246137,0.007168682259361958,0.002955065807327628
5,waypoint_27,30.0,-0.1167604361042246,-0.7819241070227957,1.0638120569246137,0.005761645297752693,0.0025535263121128082
6,waypoint_27,30.0,-0.1167604361042246,-0.7819241070227957,1.0638120569246137,3.9806743152439594,0.0
7,waypoint_27,30.0,-0.1167604361042246,-0.7819241070227957,1.0638120569246137,321.6420114040375,0.0
8,waypoint_27,30.0,-0.1167604361042246,-0.7819241070227957,1.0638120569246137,253.78555059432983,0.0
9,waypoint_27,30.0,-0.1167604361042246,-0.7819241070227957,1.0638120569246137,253.02734971046448,0.0
10,waypoint_27,30.0,-0.1167604361042246,-0.7819241070227957,1.0638120569246137,307.4251711368561,0.0
11,waypoint_27,30.0,-0.1167604361042246,-0.7819241070227957,1.0638120569246137,365.59727787971497,0.0
12,waypoint_27,30.0,-0.1167604361042246,-0.7819241070227957,1.0638120569246137,436.7663562297821,0.0
13,waypoint_27,30.0,-0.1167604361042246,-0.7819241070227957,1.0638120569246137,463.7759327888489,0.0
14,waypoint_27,30.0,-0.1167604361042246,-0.7819241070227957,1.0638120569246137,666.3324236869812,0.0
0,waypoint_28,30.0,-0.0967604361042248,-0.7819241070227957,1.0638120569246137,170.14765739440918,0.0
1,waypoint_28,30.0,-0.0967604361042248,-0.7819241070227957,1.0638120569246137,0.011129482118121814,0.00952527578920126
2,waypoint_28,30.0,-0.0967604361042248,-0.7819241070227957,1.0638120569246137,0.009135663276538253,0.015293281525373459
3,waypoint_28,30.0,-0.0967604361042248,-0.7819241070227957,1.0638120569246137,0.010039092558145057,0.010930471122264862
4,waypoint_28,30.0,-0.0967604361042248,-0.7819241070227957,1.0638120569246137,0.011650383385131136,0.004147315863519907
5,waypoint_28,30.0,-0.0967604361042248,-0.7819241070227957,1.0638120569246137,59.98070910573006,0.0
6,waypoint_28,30.0,-0.0967604361042248,-0.7819241070227957,1.0638120569246137,0.023295930077438243,0.0009378521936014295
7,waypoint_28,30.0,-0.0967604361042248,-0.7819241070227957,1.0638120569246137,329.3023407459259,0.0
8,waypoint_28,30.0,-0.0967604361042248,-0.7819241070227957,1.0638120569246137,258.55234265327454,0.0
9,waypoint_28,30.0,-0.0967604361042248,-0.7819241070227957,1.0638120569246137,254.30706143379211,0.0
10,waypoint_28,30.0,-0.0967604361042248,-0.7819241070227957,1.0638120569246137,297.76355624198914,0.0
11,waypoint_28,30.0,-0.0967604361042248,-0.7819241070227957,1.0638120569246137,353.257417678833,0.0
12,waypoint_28,30.0,-0.0967604361042248,-0.7819241070227957,1.0638120569246137,425.7180690765381,0.0
13,waypoint_28,30.0,-0.0967604361042248,-0.7819241070227957,1.0638120569246137,448.1622874736786,0.0
14,waypoint_28,30.0,-0.0967604361042248,-0.7819241070227957,1.0638120569246137,646.1392045021057,0.0
0,waypoint_28,15.0,-0.0967604361042248,-0.7819241070227957,1.0638120569246137,6.066105328500271,0.0
1,waypoint_28,15.0,-0.0967604361042248,-0.7819241070227957,1.0638120569246137,44.55100744962692,0.0
2,waypoint_28,15.0,-0.0967604361042248,-0.7819241070227957,1.0638120569246137,0.006125084382802015,0.018862243741750717
3,waypoint_28,15.0,-0.0967604361042248,-0.7819241070227957,1.0638120569246137,0.0025678466499812203,0.012066710740327835
4,waypoint_28,15.0,-0.0967604361042248,-0.7819241070227957,1.0638120569246137,0.0038884895730006974,0.003614849178120494
5,waypoint_28,15.0,-0.0967604361042248,-0.7819241070227957,1.0638120569246137,0.02107949330820702,0.0050354450941085815
6,waypoint_28,15.0,-0.0967604361042248,-0.7819241070227957,1.0638120569246137,0.011181336049048696,0.010328010655939579
7,waypoint_28,15.0,-0.0967604361042248,-0.7819241070227957,1.0638120569246137,330.5625915527344,0.0
8,waypoint_28,15.0,-0.0967604361042248,-0.7819241070227957,1.0638120569246137,277.8809666633606,0.0
9,waypoint_28,15.0,-0.0967604361042248,-0.7819241070227957,1.0638120569246137,268.2267427444458,0.0
10,waypoint_28,15.0,-0.0967604361042248,-0.7819241070227957,1.0638120569246137,315.7408535480499,0.0
11,waypoint_28,15.0,-0.0967604361042248,-0.7819241070227957,1.0638120569246137,379.78681921958923,0.0
12,waypoint_28,15.0,-0.0967604361042248,-0.7819241070227957,1.0638120569246137,431.3322603702545,0.0
13,waypoint_28,15.0,-0.0967604361042248,-0.7819241070227957,1.0638120569246137,461.9985520839691,0.0
14,waypoint_28,15.0,-0.0967604361042248,-0.7819241070227957,1.0638120569246137,665.1502847671509,0.0
0,waypoint_28,0.0,-0.0967604361042248,-0.7819241070227957,1.0638120569246137,40.24980962276459,0.0
1,waypoint_28,0.0,-0.0967604361042248,-0.7819241070227957,1.0638120569246137,31.84187412261963,0.0
2,waypoint_28,0.0,-0.0967604361042248,-0.7819241070227957,1.0638120569246137,0.004537788754532812,0.021274248138070107
3,waypoint_28,0.0,-0.0967604361042248,-0.7819241070227957,1.0638120569246137,0.00384438408218557,0.013103935867547989
4,waypoint_28,0.0,-0.0967604361042248,-0.7819241070227957,1.0638120569246137,0.007193171768449247,0.0037529768887907267
5,waypoint_28,0.0,-0.0967604361042248,-0.7819241070227957,1.0638120569246137,0.008253037776739802,0.0060099707916378975
6,waypoint_28,0.0,-0.0967604361042248,-0.7819241070227957,1.0638120569246137,0.008673605407238938,0.01456460915505886
7,waypoint_28,0.0,-0.0967604361042248,-0.7819241070227957,1.0638120569246137,331.92354440689087,0.0
8,waypoint_28,0.0,-0.0967604361042248,-0.7819241070227957,1.0638120569246137,287.08890080451965,0.0
9,waypoint_28,0.0,-0.0967604361042248,-0.7819241070227957,1.0638120569246137,279.76420521736145,0.0
10,waypoint_28,0.0,-0.0967604361042248,-0.7819241070227957,1.0638120569246137,341.7012691497803,0.0
11,waypoint_28,0.0,-0.0967604361042248,-0.7819241070227957,1.0638120569246137,406.3851833343506,0.0
12,waypoint_28,0.0,-0.0967604361042248,-0.7819241070227957,1.0638120569246137,430.96768856048584,0.0
13,waypoint_28,0.0,-0.0967604361042248,-0.7819241070227957,1.0638120569246137,470.1809287071228,0.0
14,waypoint_28,0.0,-0.0967604361042248,-0.7819241070227957,1.0638120569246137,684.8587393760681,0.0
0,waypoint_28,-15.0,-0.0967604361042248,-0.7819241070227957,1.0638120569246137,89.09066766500473,0.0
1,waypoint_28,-15.0,-0.0967604361042248,-0.7819241070227957,1.0638120569246137,70.65469026565552,0.0
2,waypoint_28,-15.0,-0.0967604361042248,-0.7819241070227957,1.0638120569246137,0.0054158290367922746,0.022713657468557358
3,waypoint_28,-15.0,-0.0967604361042248,-0.7819241070227957,1.0638120569246137,0.0030181381589500234,0.013909809291362762
4,waypoint_28,-15.0,-0.0967604361042248,-0.7819241070227957,1.0638120569246137,0.005793926902697422,0.004434159491211176
5,waypoint_28,-15.0,-0.0967604361042248,-0.7819241070227957,1.0638120569246137,0.0056420135479129385,0.005972604732960463
6,waypoint_28,-15.0,-0.0967604361042248,-0.7819241070227957,1.0638120569246137,0.0012054523494953173,0.016155246645212173
7,waypoint_28,-15.0,-0.0967604361042248,-0.7819241070227957,1.0638120569246137,335.6910049915314,0.0
8,waypoint_28,-15.0,-0.0967604361042248,-0.7819241070227957,1.0638120569246137,298.56011271476746,0.0
9,waypoint_28,-15.0,-0.0967604361042248,-0.7819241070227957,1.0638120569246137,293.11972856521606,0.0
10,waypoint_28,-15.0,-0.0967604361042248,-0.7819241070227957,1.0638120569246137,358.8522970676422,0.0
11,waypoint_28,-15.0,-0.0967604361042248,-0.7819241070227957,1.0638120569246137,429.14435267448425,0.0
12,waypoint_28,-15.0,-0.0967604361042248,-0.7819241070227957,1.0638120569246137,429.20565605163574,0.0
13,waypoint_28,-15.0,-0.0967604361042248,-0.7819241070227957,1.0638120569246137,481.099933385849,0.0
14,waypoint_28,-15.0,-0.0967604361042248,-0.7819241070227957,1.0638120569246137,715.0954604148865,0.0
0,waypoint_28,-30.0,-0.0967604361042248,-0.7819241070227957,1.0638120569246137,144.1812813282013,0.0
1,waypoint_28,-30.0,-0.0967604361042248,-0.7819241070227957,1.0638120569246137,180.87057769298553,0.0
2,waypoint_28,-30.0,-0.0967604361042248,-0.7819241070227957,1.0638120569246137,0.005551877620746382,0.023278992623090744
3,waypoint_28,-30.0,-0.0967604361042248,-0.7819241070227957,1.0638120569246137,0.0036954879760742188,0.01433513779193163
4,waypoint_28,-30.0,-0.0967604361042248,-0.7819241070227957,1.0638120569246137,0.00379976677322702,0.005238913465291262
5,waypoint_28,-30.0,-0.0967604361042248,-0.7819241070227957,1.0638120569246137,0.0050011103667202406,0.005403419025242329
6,waypoint_28,-30.0,-0.0967604361042248,-0.7819241070227957,1.0638120569246137,0.005962554951111088,0.016285616904497147
7,waypoint_28,-30.0,-0.0967604361042248,-0.7819241070227957,1.0638120569246137,332.80372619628906,0.0
8,waypoint_28,-30.0,-0.0967604361042248,-0.7819241070227957,1.0638120569246137,297.94201254844666,0.0
9,waypoint_28,-30.0,-0.0967604361042248,-0.7819241070227957,1.0638120569246137,301.7420172691345,0.0
10,waypoint_28,-30.0,-0.0967604361042248,-0.7819241070227957,1.0638120569246137,363.3180558681488,0.0
11,waypoint_28,-30.0,-0.0967604361042248,-0.7819241070227957,1.0638120569246137,438.2130801677704,0.0
12,waypoint_28,-30.0,-0.0967604361042248,-0.7819241070227957,1.0638120569246137,435.0932836532593,0.0
13,waypoint_28,-30.0,-0.0967604361042248,-0.7819241070227957,1.0638120569246137,490.00877141952515,0.0
14,waypoint_28,-30.0,-0.0967604361042248,-0.7819241070227957,1.0638120569246137,735.6297969818115,0.0
0,waypoint_29,-30.0,-0.07676043610422456,-0.7819241070227957,1.0638120569246137,128.31701338291168,0.0
1,waypoint_29,-30.0,-0.07676043610422456,-0.7819241070227957,1.0638120569246137,169.7321981191635,0.0
2,waypoint_29,-30.0,-0.07676043610422456,-0.7819241070227957,1.0638120569246137,0.010853284038603306,0.025044746696949005
3,waypoint_29,-30.0,-0.07676043610422456,-0.7819241070227957,1.0638120569246137,0.011419851944083348,0.016129979863762856
4,waypoint_29,-30.0,-0.07676043610422456,-0.7819241070227957,1.0638120569246137,0.010706460670917295,0.0070770177990198135
5,waypoint_29,-30.0,-0.07676043610422456,-0.7819241070227957,1.0638120569246137,0.010349261174269486,0.003404824063181877
6,waypoint_29,-30.0,-0.07676043610422456,-0.7819241070227957,1.0638120569246137,0.011385579455236439,0.014089013449847698
7,waypoint_29,-30.0,-0.07676043610422456,-0.7819241070227957,1.0638120569246137,340.0007486343384,0.0
8,waypoint_29,-30.0,-0.07676043610422456,-0.7819241070227957,1.0638120569246137,297.79571294784546,0.0
9,waypoint_29,-30.0,-0.07676043610422456,-0.7819241070227957,1.0638120569246137,301.1997938156128,0.0
10,waypoint_29,-30.0,-0.07676043610422456,-0.7819241070227957,1.0638120569246137,354.00623083114624,0.0
11,waypoint_29,-30.0,-0.07676043610422456,-0.7819241070227957,1.0638120569246137,425.0495731830597,0.0
12,waypoint_29,-30.0,-0.07676043610422456,-0.7819241070227957,1.0638120569246137,423.2040345668793,0.0
13,waypoint_29,-30.0,-0.07676043610422456,-0.7819241070227957,1.0638120569246137,474.4606912136078,0.0
14,waypoint_29,-30.0,-0.07676043610422456,-0.7819241070227957,1.0638120569246137,721.7958569526672,0.0
0,waypoint_29,-15.0,-0.07676043610422456,-0.7819241070227957,1.0638120569246137,75.41123777627945,0.0
1,waypoint_29,-15.0,-0.07676043610422456,-0.7819241070227957,1.0638120569246137,121.88027054071426,0.0
2,waypoint_29,-15.0,-0.07676043610422456,-0.7819241070227957,1.0638120569246137,0.003754619456231012,0.02434149757027626
3,waypoint_29,-15.0,-0.07676043610422456,-0.7819241070227957,1.0638120569246137,0.0030181381589500234,0.015733204782009125
4,waypoint_29,-15.0,-0.07676043610422456,-0.7819241070227957,1.0638120569246137,0.0039089923120627645,0.006371588446199894
5,waypoint_29,-15.0,-0.07676043610422456,-0.7819241070227957,1.0638120569246137,0.0029224515856185462,0.003911672625690699
6,waypoint_29,-15.0,-0.07676043610422456,-0.7819241070227957,1.0638120569246137,0.004403444563649828,0.014218777418136597
7,waypoint_29,-15.0,-0.07676043610422456,-0.7819241070227957,1.0638120569246137,342.10216999053955,0.0
8,waypoint_29,-15.0,-0.07676043610422456,-0.7819241070227957,1.0638120569246137,296.01770639419556,0.0
9,waypoint_29,-15.0,-0.07676043610422456,-0.7819241070227957,1.0638120569246137,296.5328097343445,0.0
10,waypoint_29,-15.0,-0.07676043610422456,-0.7819241070227957,1.0638120569246137,354.59429025650024,0.0
11,waypoint_29,-15.0,-0.07676043610422456,-0.7819241070227957,1.0638120569246137,415.12537002563477,0.0
12,waypoint_29,-15.0,-0.07676043610422456,-0.7819241070227957,1.0638120569246137,423.76551032066345,0.0
13,waypoint_29,-15.0,-0.07676043610422456,-0.7819241070227957,1.0638120569246137,469.69231963157654,0.0
14,waypoint_29,-15.0,-0.07676043610422456,-0.7819241070227957,1.0638120569246137,705.6489586830139,0.0
0,waypoint_29,0.0,-0.07676043610422456,-0.7819241070227957,1.0638120569246137,0.23987420718185604,0.012860393151640892
1,waypoint_29,0.0,-0.07676043610422456,-0.7819241070227957,1.0638120569246137,70.34514099359512,0.0
2,waypoint_29,0.0,-0.07676043610422456,-0.7819241070227957,1.0638120569246137,0.0032186508178710938,0.022646315395832062
3,waypoint_29,0.0,-0.07676043610422456,-0.7819241070227957,1.0638120569246137,0.0031359068088931963,0.014863220974802971
4,waypoint_29,0.0,-0.07676043610422456,-0.7819241070227957,1.0638120569246137,0.003764541816053679,0.005681137088686228
5,waypoint_29,0.0,-0.07676043610422456,-0.7819241070227957,1.0638120569246137,0.0030369137675734237,0.004074118100106716
6,waypoint_29,0.0,-0.07676043610422456,-0.7819241070227957,1.0638120569246137,0.004910701136395801,0.01311311312019825
7,waypoint_29,0.0,-0.07676043610422456,-0.7819241070227957,1.0638120569246137,343.53840351104736,0.0
8,waypoint_29,0.0,-0.07676043610422456,-0.7819241070227957,1.0638120569246137,290.15275835990906,0.0
9,waypoint_29,0.0,-0.07676043610422456,-0.7819241070227957,1.0638120569246137,287.252277135849,0.0
10,waypoint_29,0.0,-0.07676043610422456,-0.7819241070227957,1.0638120569246137,333.9071571826935,0.0
11,waypoint_29,0.0,-0.07676043610422456,-0.7819241070227957,1.0638120569246137,392.7938640117645,0.0
12,waypoint_29,0.0,-0.07676043610422456,-0.7819241070227957,1.0638120569246137,419.8165237903595,0.0
13,waypoint_29,0.0,-0.07676043610422456,-0.7819241070227957,1.0638120569246137,454.8923969268799,0.0
14,waypoint_29,0.0,-0.07676043610422456,-0.7819241070227957,1.0638120569246137,680.6395053863525,0.0
0,waypoint_29,15.0,-0.07676043610422456,-0.7819241070227957,1.0638120569246137,173.268124461174,0.0
1,waypoint_29,15.0,-0.07676043610422456,-0.7819241070227957,1.0638120569246137,42.29778051376343,0.0
2,waypoint_29,15.0,-0.07676043610422456,-0.7819241070227957,1.0638120569246137,0.003198720833097468,0.01978626474738121
3,waypoint_29,15.0,-0.07676043610422456,-0.7819241070227957,1.0638120569246137,0.00396270024793921,0.013626654632389545
4,waypoint_29,15.0,-0.07676043610422456,-0.7819241070227957,1.0638120569246137,0.004133400580030866,0.005337894428521395
5,waypoint_29,15.0,-0.07676043610422456,-0.7819241070227957,1.0638120569246137,0.003198720833097468,0.0034662149846553802
6,waypoint_29,15.0,-0.07676043610422456,-0.7819241070227957,1.0638120569246137,0.005729569238610566,0.009840646758675575
7,waypoint_29,15.0,-0.07676043610422456,-0.7819241070227957,1.0638120569246137,343.3622717857361,0.0
8,waypoint_29,15.0,-0.07676043610422456,-0.7819241070227957,1.0638120569246137,274.7609615325928,0.0
9,waypoint_29,15.0,-0.07676043610422456,-0.7819241070227957,1.0638120569246137,271.916925907135,0.0
10,waypoint_29,15.0,-0.07676043610422456,-0.7819241070227957,1.0638120569246137,307.6287508010864,0.0
11,waypoint_29,15.0,-0.07676043610422456,-0.7819241070227957,1.0638120569246137,369.5976436138153,0.0
12,waypoint_29,15.0,-0.07676043610422456,-0.7819241070227957,1.0638120569246137,424.60861802101135,0.0
13,waypoint_29,15.0,-0.07676043610422456,-0.7819241070227957,1.0638120569246137,446.84672355651855,0.0
14,waypoint_29,15.0,-0.07676043610422456,-0.7819241070227957,1.0638120569246137,656.5164923667908,0.0
0,waypoint_29,30.0,-0.07676043610422456,-0.7819241070227957,1.0638120569246137,168.47333312034607,0.0
1,waypoint_29,30.0,-0.07676043610422456,-0.7819241070227957,1.0638120569246137,0.48580821021459997,1.7732064350184373e-07
2,waypoint_29,30.0,-0.07676043610422456,-0.7819241070227957,1.0638120569246137,0.0020230486370564904,0.01541920006275177
3,waypoint_29,30.0,-0.07676043610422456,-0.7819241070227957,1.0638120569246137,0.004661372713599121,0.012122979387640953
4,waypoint_29,30.0,-0.07676043610422456,-0.7819241070227957,1.0638120569246137,0.002932160896307323,0.005510356277227402
5,waypoint_29,30.0,-0.07676043610422456,-0.7819241070227957,1.0638120569246137,63.3075013756752,0.0
6,waypoint_29,30.0,-0.07676043610422456,-0.7819241070227957,1.0638120569246137,0.006686226697638631,0.0010004234500229359
7,waypoint_29,30.0,-0.07676043610422456,-0.7819241070227957,1.0638120569246137,340.57191014289856,0.0
8,waypoint_29,30.0,-0.07676043610422456,-0.7819241070227957,1.0638120569246137,258.53803753852844,0.0
9,waypoint_29,30.0,-0.07676043610422456,-0.7819241070227957,1.0638120569246137,256.978839635849,0.0
10,waypoint_29,30.0,-0.07676043610422456,-0.7819241070227957,1.0638120569246137,290.6053960323334,0.0
11,waypoint_29,30.0,-0.07676043610422456,-0.7819241070227957,1.0638120569246137,343.3135747909546,0.0
12,waypoint_29,30.0,-0.07676043610422456,-0.7819241070227957,1.0638120569246137,417.8468883037567,0.0
13,waypoint_29,30.0,-0.07676043610422456,-0.7819241070227957,1.0638120569246137,434.55401062965393,0.0
14,waypoint_29,30.0,-0.07676043610422456,-0.7819241070227957,1.0638120569246137,634.6191763877869,0.0
0,waypoint_30,30.0,-0.056760436104224765,-0.7819241070227957,1.0638120569246137,226.98232531547546,0.0
1,waypoint_30,30.0,-0.056760436104224765,-0.7819241070227957,1.0638120569246137,15.485068783164024,0.0
2,waypoint_30,30.0,-0.056760436104224765,-0.7819241070227957,1.0638120569246137,0.007448434644174995,0.01509485486894846
3,waypoint_30,30.0,-0.056760436104224765,-0.7819241070227957,1.0638120569246137,0.009411495739186648,0.013196141459047794
4,waypoint_30,30.0,-0.056760436104224765,-0.7819241070227957,1.0638120569246137,0.010660403859219514,0.006910005118697882
5,waypoint_30,30.0,-0.056760436104224765,-0.7819241070227957,1.0638120569246137,105.17627000808716,0.0
6,waypoint_30,30.0,-0.056760436104224765,-0.7819241070227957,1.0638120569246137,33.45734626054764,0.0
7,waypoint_30,30.0,-0.056760436104224765,-0.7819241070227957,1.0638120569246137,348.11824560165405,0.0
8,waypoint_30,30.0,-0.056760436104224765,-0.7819241070227957,1.0638120569246137,263.350248336792,0.0
9,waypoint_30,30.0,-0.056760436104224765,-0.7819241070227957,1.0638120569246137,259.61410999298096,0.0
10,waypoint_30,30.0,-0.056760436104224765,-0.7819241070227957,1.0638120569246137,282.79969096183777,0.0
11,waypoint_30,30.0,-0.056760436104224765,-0.7819241070227957,1.0638120569246137,329.5344412326813,0.0
12,waypoint_30,30.0,-0.056760436104224765,-0.7819241070227957,1.0638120569246137,408.37350487709045,0.0
13,waypoint_30,30.0,-0.056760436104224765,-0.7819241070227957,1.0638120569246137,420.07529735565186,0.0
14,waypoint_30,30.0,-0.056760436104224765,-0.7819241070227957,1.0638120569246137,612.4573349952698,0.0
0,waypoint_30,15.0,-0.056760436104224765,-0.7819241070227957,1.0638120569246137,248.8064020872116,0.0
1,waypoint_30,15.0,-0.056760436104224765,-0.7819241070227957,1.0638120569246137,0.004992934009351302,0.017582809552550316
2,waypoint_30,15.0,-0.056760436104224765,-0.7819241070227957,1.0638120569246137,0.002941837919934187,0.020476186648011208
3,waypoint_30,15.0,-0.056760436104224765,-0.7819241070227957,1.0638120569246137,0.005119064098835224,0.015107261016964912
4,waypoint_30,15.0,-0.056760436104224765,-0.7819241070227957,1.0638120569246137,0.003434903419474722,0.007064770441502333
5,waypoint_30,15.0,-0.056760436104224765,-0.7819241070227957,1.0638120569246137,0.013368990948947612,0.001859953859820962
6,waypoint_30,15.0,-0.056760436104224765,-0.7819241070227957,1.0638120569246137,0.02383494211244397,0.008975913748145103
7,waypoint_30,15.0,-0.056760436104224765,-0.7819241070227957,1.0638120569246137,348.8565683364868,0.0
8,waypoint_30,15.0,-0.056760436104224765,-0.7819241070227957,1.0638120569246137,279.0672183036804,0.0
9,waypoint_30,15.0,-0.056760436104224765,-0.7819241070227957,1.0638120569246137,273.23222160339355,0.0
10,waypoint_30,15.0,-0.056760436104224765,-0.7819241070227957,1.0638120569246137,298.59456419944763,0.0
11,waypoint_30,15.0,-0.056760436104224765,-0.7819241070227957,1.0638120569246137,355.52769899368286,0.0
12,waypoint_30,15.0,-0.056760436104224765,-0.7819241070227957,1.0638120569246137,412.51036524772644,0.0
13,waypoint_30,15.0,-0.056760436104224765,-0.7819241070227957,1.0638120569246137,432.90993571281433,0.0
14,waypoint_30,15.0,-0.056760436104224765,-0.7819241070227957,1.0638120569246137,628.0471682548523,0.0
0,waypoint_30,0.0,-0.056760436104224765,-0.7819241070227957,1.0638120569246137,131.05829060077667,0.0
1,waypoint_30,0.0,-0.056760436104224765,-0.7819241070227957,1.0638120569246137,0.0032885347991395975,0.02653135359287262
2,waypoint_30,0.0,-0.056760436104224765,-0.7819241070227957,1.0638120569246137,0.0040478530536347535,0.02387995459139347
3,waypoint_30,0.0,-0.056760436104224765,-0.7819241070227957,1.0638120569246137,0.005051999323768541,0.016571158543229103
4,waypoint_30,0.0,-0.056760436104224765,-0.7819241070227957,1.0638120569246137,0.004375565367809031,0.007584594190120697
5,waypoint_30,0.0,-0.056760436104224765,-0.7819241070227957,1.0638120569246137,0.015826128219487146,0.0021170994732528925
6,waypoint_30,0.0,-0.056760436104224765,-0.7819241070227957,1.0638120569246137,0.006218696853466099,0.011490878649055958
7,waypoint_30,0.0,-0.056760436104224765,-0.7819241070227957,1.0638120569246137,349.65789318084717,0.0
8,waypoint_30,0.0,-0.056760436104224765,-0.7819241070227957,1.0638120569246137,292.6199436187744,0.0
9,waypoint_30,0.0,-0.056760436104224765,-0.7819241070227957,1.0638120569246137,284.7900688648224,0.0
10,waypoint_30,0.0,-0.056760436104224765,-0.7819241070227957,1.0638120569246137,324.16635751724243,0.0
11,waypoint_30,0.0,-0.056760436104224765,-0.7819241070227957,1.0638120569246137,381.39718770980835,0.0
12,waypoint_30,0.0,-0.056760436104224765,-0.7819241070227957,1.0638120569246137,408.346027135849,0.0
13,waypoint_30,0.0,-0.056760436104224765,-0.7819241070227957,1.0638120569246137,440.9409463405609,0.0
14,waypoint_30,0.0,-0.056760436104224765,-0.7819241070227957,1.0638120569246137,647.274911403656,0.0
0,waypoint_30,-15.0,-0.056760436104224765,-0.7819241070227957,1.0638120569246137,58.5002638399601,0.0
1,waypoint_30,-15.0,-0.056760436104224765,-0.7819241070227957,1.0638120569246137,0.00432616388934548,0.03146837651729584
2,waypoint_30,-15.0,-0.056760436104224765,-0.7819241070227957,1.0638120569246137,0.004191016159893479,0.025893425568938255
3,waypoint_30,-15.0,-0.056760436104224765,-0.7819241070227957,1.0638120569246137,0.003873843525070697,0.01753012090921402
4,waypoint_30,-15.0,-0.056760436104224765,-0.7819241070227957,1.0638120569246137,0.003937968358513899,0.00829202588647604
5,waypoint_30,-15.0,-0.056760436104224765,-0.7819241070227957,1.0638120569246137,0.008730808986001648,0.0019402207108214498
6,waypoint_30,-15.0,-0.056760436104224765,-0.7819241070227957,1.0638120569246137,0.00293764833259047,0.012204197235405445
7,waypoint_30,-15.0,-0.056760436104224765,-0.7819241070227957,1.0638120569246137,345.01156210899353,0.0
8,waypoint_30,-15.0,-0.056760436104224765,-0.7819241070227957,1.0638120569246137,303.67299914360046,0.0
9,waypoint_30,-15.0,-0.056760436104224765,-0.7819241070227957,1.0638120569246137,293.75651478767395,0.0
10,waypoint_30,-15.0,-0.056760436104224765,-0.7819241070227957,1.0638120569246137,350.73137283325195,0.0
11,waypoint_30,-15.0,-0.056760436104224765,-0.7819241070227957,1.0638120569246137,399.9325931072235,0.0
12,waypoint_30,-15.0,-0.056760436104224765,-0.7819241070227957,1.0638120569246137,407.4817895889282,0.0
13,waypoint_30,-15.0,-0.056760436104224765,-0.7819241070227957,1.0638120569246137,447.28466868400574,0.0
14,waypoint_30,-15.0,-0.056760436104224765,-0.7819241070227957,1.0638120569246137,670.7451343536377,0.0
0,waypoint_30,-30.0,-0.056760436104224765,-0.7819241070227957,1.0638120569246137,114.09503221511841,0.0
1,waypoint_30,-30.0,-0.056760436104224765,-0.7819241070227957,1.0638120569246137,0.003968075816374039,0.034150853753089905
2,waypoint_30,-30.0,-0.056760436104224765,-0.7819241070227957,1.0638120569246137,0.006135515832284,0.026780815795063972
3,waypoint_30,-30.0,-0.056760436104224765,-0.7819241070227957,1.0638120569246137,0.005343183147488162,0.01792093738913536
4,waypoint_30,-30.0,-0.056760436104224765,-0.7819241070227957,1.0638120569246137,0.004928118414682103,0.008909033611416817
5,waypoint_30,-30.0,-0.056760436104224765,-0.7819241070227957,1.0638120569246137,0.007028294930933043,0.0017426582053303719
6,waypoint_30,-30.0,-0.056760436104224765,-0.7819241070227957,1.0638120569246137,0.004246393018547678,0.011880477890372276
7,waypoint_30,-30.0,-0.056760436104224765,-0.7819241070227957,1.0638120569246137,341.42088890075684,0.0
8,waypoint_30,-30.0,-0.056760436104224765,-0.7819241070227957,1.0638120569246137,308.10022354125977,0.0
9,waypoint_30,-30.0,-0.056760436104224765,-0.7819241070227957,1.0638120569246137,300.4187345504761,0.0
10,waypoint_30,-30.0,-0.056760436104224765,-0.7819241070227957,1.0638120569246137,361.1726462841034,0.0
11,waypoint_30,-30.0,-0.056760436104224765,-0.7819241070227957,1.0638120569246137,411.53818368911743,0.0
12,waypoint_30,-30.0,-0.056760436104224765,-0.7819241070227957,1.0638120569246137,413.1166338920593,0.0
13,waypoint_30,-30.0,-0.056760436104224765,-0.7819241070227957,1.0638120569246137,457.5227200984955,0.0
14,waypoint_30,-30.0,-0.056760436104224765,-0.7819241070227957,1.0638120569246137,695.7502961158752,0.0
0,waypoint_31,-30.0,-0.23676043610422387,-0.7565540276512385,1.0638120569246137,365.59754610061646,0.0
1,waypoint_31,-30.0,-0.23676043610422387,-0.7565540276512385,1.0638120569246137,0.015329986126744188,0.019168926402926445
2,waypoint_31,-30.0,-0.23676043610422387,-0.7565540276512385,1.0638120569246137,0.009783880159375258,0.010620130226016045
3,waypoint_31,-30.0,-0.23676043610422387,-0.7565540276512385,1.0638120569246137,0.006692728220514255,0.0019820043817162514
4,waypoint_31,-30.0,-0.23676043610422387,-0.7565540276512385,1.0638120569246137,0.007838860256015323,0.009383337572216988
5,waypoint_31,-30.0,-0.23676043610422387,-0.7565540276512385,1.0638120569246137,0.02175234658352565,0.02064862847328186
6,waypoint_31,-30.0,-0.23676043610422387,-0.7565540276512385,1.0638120569246137,0.009978928574128076,0.029333656653761864
7,waypoint_31,-30.0,-0.23676043610422387,-0.7565540276512385,1.0638120569246137,307.50858783721924,0.0
8,waypoint_31,-30.0,-0.23676043610422387,-0.7565540276512385,1.0638120569246137,343.51131319999695,0.0
9,waypoint_31,-30.0,-0.23676043610422387,-0.7565540276512385,1.0638120569246137,359.5722019672394,0.0
10,waypoint_31,-30.0,-0.23676043610422387,-0.7565540276512385,1.0638120569246137,477.3845374584198,0.0
11,waypoint_31,-30.0,-0.23676043610422387,-0.7565540276512385,1.0638120569246137,548.6260652542114,0.0
12,waypoint_31,-30.0,-0.23676043610422387,-0.7565540276512385,1.0638120569246137,524.4442224502563,0.0
13,waypoint_31,-30.0,-0.23676043610422387,-0.7565540276512385,1.0638120569246137,597.5041389465332,0.0
14,waypoint_31,-30.0,-0.23676043610422387,-0.7565540276512385,1.0638120569246137,868.7635064125061,0.0
0,waypoint_31,-15.0,-0.23676043610422387,-0.7565540276512385,1.0638120569246137,339.32623267173767,0.0
1,waypoint_31,-15.0,-0.23676043610422387,-0.7565540276512385,1.0638120569246137,0.004862803962168982,0.019220737740397453
2,waypoint_31,-15.0,-0.23676043610422387,-0.7565540276512385,1.0638120569246137,0.0054380866458814126,0.010341515764594078
3,waypoint_31,-15.0,-0.23676043610422387,-0.7565540276512385,1.0638120569246137,0.011124213415314443,0.001473555457778275
4,waypoint_31,-15.0,-0.23676043610422387,-0.7565540276512385,1.0638120569246137,0.003514652917147032,0.01002816017717123
5,waypoint_31,-15.0,-0.23676043610422387,-0.7565540276512385,1.0638120569246137,0.006935686087672366,0.02026534639298916
6,waypoint_31,-15.0,-0.23676043610422387,-0.7565540276512385,1.0638120569246137,0.004426246960065328,0.025601476430892944
7,waypoint_31,-15.0,-0.23676043610422387,-0.7565540276512385,1.0638120569246137,302.53297090530396,0.0
8,waypoint_31,-15.0,-0.23676043610422387,-0.7565540276512385,1.0638120569246137,332.6326012611389,0.0
9,waypoint_31,-15.0,-0.23676043610422387,-0.7565540276512385,1.0638120569246137,346.55439853668213,0.0
10,waypoint_31,-15.0,-0.23676043610422387,-0.7565540276512385,1.0638120569246137,461.9046151638031,0.0
11,waypoint_31,-15.0,-0.23676043610422387,-0.7565540276512385,1.0638120569246137,532.2089195251465,0.0
12,waypoint_31,-15.0,-0.23676043610422387,-0.7565540276512385,1.0638120569246137,514.5176649093628,0.0
13,waypoint_31,-15.0,-0.23676043610422387,-0.7565540276512385,1.0638120569246137,589.5039439201355,0.0
14,waypoint_31,-15.0,-0.23676043610422387,-0.7565540276512385,1.0638120569246137,862.95485496521,0.0
0,waypoint_31,0.0,-0.23676043610422387,-0.7565540276512385,1.0638120569246137,126.3510137796402,0.0
1,waypoint_31,0.0,-0.23676043610422387,-0.7565540276512385,1.0638120569246137,0.004522496510617202,0.018676849082112312
2,waypoint_31,0.0,-0.23676043610422387,-0.7565540276512385,1.0638120569246137,0.0047980811359593645,0.00984650943428278
3,waypoint_31,0.0,-0.23676043610422387,-0.7565540276512385,1.0638120569246137,0.4349882947281003,0.00011840341903734952
4,waypoint_31,0.0,-0.23676043610422387,-0.7565540276512385,1.0638120569246137,0.004257040473021334,0.009986674413084984
5,waypoint_31,0.0,-0.23676043610422387,-0.7565540276512385,1.0638120569246137,0.004291534423828125,0.018287111073732376
6,waypoint_31,0.0,-0.23676043610422387,-0.7565540276512385,1.0638120569246137,0.00462965908809565,0.017223630100488663
7,waypoint_31,0.0,-0.23676043610422387,-0.7565540276512385,1.0638120569246137,294.70983147621155,0.0
8,waypoint_31,0.0,-0.23676043610422387,-0.7565540276512385,1.0638120569246137,310.5546236038208,0.0
9,waypoint_31,0.0,-0.23676043610422387,-0.7565540276512385,1.0638120569246137,320.64926624298096,0.0
10,waypoint_31,0.0,-0.23676043610422387,-0.7565540276512385,1.0638120569246137,433.65487456321716,0.0
11,waypoint_31,0.0,-0.23676043610422387,-0.7565540276512385,1.0638120569246137,509.4430446624756,0.0
12,waypoint_31,0.0,-0.23676043610422387,-0.7565540276512385,1.0638120569246137,512.0192170143127,0.0
13,waypoint_31,0.0,-0.23676043610422387,-0.7565540276512385,1.0638120569246137,575.8128762245178,0.0
14,waypoint_31,0.0,-0.23676043610422387,-0.7565540276512385,1.0638120569246137,839.499831199646,0.0
0,waypoint_31,15.0,-0.23676043610422387,-0.7565540276512385,1.0638120569246137,56.25537782907486,0.0
1,waypoint_31,15.0,-0.23676043610422387,-0.7565540276512385,1.0638120569246137,0.004436443759914255,0.01759837381541729
2,waypoint_31,15.0,-0.23676043610422387,-0.7565540276512385,1.0638120569246137,0.0012839233249906101,0.009362069889903069
3,waypoint_31,15.0,-0.23676043610422387,-0.7565540276512385,1.0638120569246137,43.551020324230194,0.0
4,waypoint_31,15.0,-0.23676043610422387,-0.7565540276512385,1.0638120569246137,0.003897614988090936,0.00881383940577507
5,waypoint_31,15.0,-0.23676043610422387,-0.7565540276512385,1.0638120569246137,0.0034467773275537184,0.013597952201962471
6,waypoint_31,15.0,-0.23676043610422387,-0.7565540276512385,1.0638120569246137,15.144103206694126,0.0
7,waypoint_31,15.0,-0.23676043610422387,-0.7565540276512385,1.0638120569246137,285.6404781341553,0.0
8,waypoint_31,15.0,-0.23676043610422387,-0.7565540276512385,1.0638120569246137,291.52122139930725,0.0
9,waypoint_31,15.0,-0.23676043610422387,-0.7565540276512385,1.0638120569246137,295.8218455314636,0.0
10,waypoint_31,15.0,-0.23676043610422387,-0.7565540276512385,1.0638120569246137,406.8644344806671,0.0
11,waypoint_31,15.0,-0.23676043610422387,-0.7565540276512385,1.0638120569246137,481.22113943099976,0.0
12,waypoint_31,15.0,-0.23676043610422387,-0.7565540276512385,1.0638120569246137,515.030562877655,0.0
13,waypoint_31,15.0,-0.23676043610422387,-0.7565540276512385,1.0638120569246137,566.7864680290222,0.0
14,waypoint_31,15.0,-0.23676043610422387,-0.7565540276512385,1.0638120569246137,817.6811933517456,0.0
0,waypoint_31,30.0,-0.23676043610422387,-0.7565540276512385,1.0638120569246137,54.44442108273506,0.0
1,waypoint_31,30.0,-0.23676043610422387,-0.7565540276512385,1.0638120569246137,0.003445230959187029,0.016121551394462585
2,waypoint_31,30.0,-0.23676043610422387,-0.7565540276512385,1.0638120569246137,0.004199484465061687,0.009102846495807171
3,waypoint_31,30.0,-0.23676043610422387,-0.7565540276512385,1.0638120569246137,90.77828377485275,0.0
4,waypoint_31,30.0,-0.23676043610422387,-0.7565540276512385,1.0638120569246137,0.0014465642834693426,0.0056549739092588425
5,waypoint_31,30.0,-0.23676043610422387,-0.7565540276512385,1.0638120569246137,0.3456504491623491,0.00017178432608488947
6,waypoint_31,30.0,-0.23676043610422387,-0.7565540276512385,1.0638120569246137,179.7841191291809,0.0
7,waypoint_31,30.0,-0.23676043610422387,-0.7565540276512385,1.0638120569246137,271.7013955116272,0.0
8,waypoint_31,30.0,-0.23676043610422387,-0.7565540276512385,1.0638120569246137,257.80972838401794,0.0
9,waypoint_31,30.0,-0.23676043610422387,-0.7565540276512385,1.0638120569246137,274.0834355354309,0.0
10,waypoint_31,30.0,-0.23676043610422387,-0.7565540276512385,1.0638120569246137,385.116845369339,0.0
11,waypoint_31,30.0,-0.23676043610422387,-0.7565540276512385,1.0638120569246137,457.77827501296997,0.0
12,waypoint_31,30.0,-0.23676043610422387,-0.7565540276512385,1.0638120569246137,505.4723620414734,0.0
13,waypoint_31,30.0,-0.23676043610422387,-0.7565540276512385,1.0638120569246137,554.8962354660034,0.0
14,waypoint_31,30.0,-0.23676043610422387,-0.7565540276512385,1.0638120569246137,788.5366678237915,0.0
0,waypoint_32,30.0,-0.2167604361042243,-0.7565540276512385,1.0638120569246137,48.96988719701767,0.0
1,waypoint_32,30.0,-0.2167604361042243,-0.7565540276512385,1.0638120569246137,0.011277885278104804,0.017248397693037987
2,waypoint_32,30.0,-0.2167604361042243,-0.7565540276512385,1.0638120569246137,0.009261571904062293,0.01065679732710123
3,waypoint_32,30.0,-0.2167604361042243,-0.7565540276512385,1.0638120569246137,0.062355575209949166,0.0030147547367960215
4,waypoint_32,30.0,-0.2167604361042243,-0.7565540276512385,1.0638120569246137,0.011758291293517686,0.004714722745120525
5,waypoint_32,30.0,-0.2167604361042243,-0.7565540276512385,1.0638120569246137,0.013407203368842602,0.0035662935115396976
6,waypoint_32,30.0,-0.2167604361042243,-0.7565540276512385,1.0638120569246137,139.62037861347198,0.0
7,waypoint_32,30.0,-0.2167604361042243,-0.7565540276512385,1.0638120569246137,273.10845255851746,0.0
8,waypoint_32,30.0,-0.2167604361042243,-0.7565540276512385,1.0638120569246137,253.19665670394897,0.0
9,waypoint_32,30.0,-0.2167604361042243,-0.7565540276512385,1.0638120569246137,266.8837010860443,0.0
10,waypoint_32,30.0,-0.2167604361042243,-0.7565540276512385,1.0638120569246137,371.76313996315,0.0
11,waypoint_32,30.0,-0.2167604361042243,-0.7565540276512385,1.0638120569246137,442.40567088127136,0.0
12,waypoint_32,30.0,-0.2167604361042243,-0.7565540276512385,1.0638120569246137,490.7692074775696,0.0
13,waypoint_32,30.0,-0.2167604361042243,-0.7565540276512385,1.0638120569246137,537.9136204719543,0.0
14,waypoint_32,30.0,-0.2167604361042243,-0.7565540276512385,1.0638120569246137,770.4085111618042,0.0
0,waypoint_32,15.0,-0.2167604361042243,-0.7565540276512385,1.0638120569246137,31.21093101799488,0.0
1,waypoint_32,15.0,-0.2167604361042243,-0.7565540276512385,1.0638120569246137,0.004412756879901281,0.01907488703727722
2,waypoint_32,15.0,-0.2167604361042243,-0.7565540276512385,1.0638120569246137,0.004868645191891119,0.011137350462377071
3,waypoint_32,15.0,-0.2167604361042243,-0.7565540276512385,1.0638120569246137,0.003092556426054216,0.00213793502189219
4,waypoint_32,15.0,-0.2167604361042243,-0.7565540276512385,1.0638120569246137,0.013602531907963566,0.007203304674476385
5,waypoint_32,15.0,-0.2167604361042243,-0.7565540276512385,1.0638120569246137,0.015154121683735866,0.013345405459403992
6,waypoint_32,15.0,-0.2167604361042243,-0.7565540276512385,1.0638120569246137,0.5987598560750484,1.2606753898580791e-06
7,waypoint_32,15.0,-0.2167604361042243,-0.7565540276512385,1.0638120569246137,282.4226915836334,0.0
8,waypoint_32,15.0,-0.2167604361042243,-0.7565540276512385,1.0638120569246137,278.193861246109,0.0
9,waypoint_32,15.0,-0.2167604361042243,-0.7565540276512385,1.0638120569246137,284.35295820236206,0.0
10,waypoint_32,15.0,-0.2167604361042243,-0.7565540276512385,1.0638120569246137,391.7597830295563,0.0
11,waypoint_32,15.0,-0.2167604361042243,-0.7565540276512385,1.0638120569246137,467.7361845970154,0.0
12,waypoint_32,15.0,-0.2167604361042243,-0.7565540276512385,1.0638120569246137,493.78642439842224,0.0
13,waypoint_32,15.0,-0.2167604361042243,-0.7565540276512385,1.0638120569246137,550.7006049156189,0.0
14,waypoint_32,15.0,-0.2167604361042243,-0.7565540276512385,1.0638120569246137,784.5200300216675,0.0
0,waypoint_32,0.0,-0.2167604361042243,-0.7565540276512385,1.0638120569246137,38.1304956972599,0.0
1,waypoint_32,0.0,-0.2167604361042243,-0.7565540276512385,1.0638120569246137,0.004399856607051333,0.020358264446258545
2,waypoint_32,0.0,-0.2167604361042243,-0.7565540276512385,1.0638120569246137,0.005224849246587837,0.011718180030584335
3,waypoint_32,0.0,-0.2167604361042243,-0.7565540276512385,1.0638120569246137,0.013098383533360902,0.0020753969438374043
4,waypoint_32,0.0,-0.2167604361042243,-0.7565540276512385,1.0638120569246137,0.0049165705604536925,0.008011736907064915
5,waypoint_32,0.0,-0.2167604361042243,-0.7565540276512385,1.0638120569246137,0.010354752703278791,0.016978036612272263
6,waypoint_32,0.0,-0.2167604361042243,-0.7565540276512385,1.0638120569246137,0.00809225002740277,0.019170532003045082
7,waypoint_32,0.0,-0.2167604361042243,-0.7565540276512385,1.0638120569246137,291.80917143821716,0.0
8,waypoint_32,0.0,-0.2167604361042243,-0.7565540276512385,1.0638120569246137,293.4887409210205,0.0
9,waypoint_32,0.0,-0.2167604361042243,-0.7565540276512385,1.0638120569246137,299.1870939731598,0.0
10,waypoint_32,0.0,-0.2167604361042243,-0.7565540276512385,1.0638120569246137,410.6607437133789,0.0
11,waypoint_32,0.0,-0.2167604361042243,-0.7565540276512385,1.0638120569246137,493.35020780563354,0.0
12,waypoint_32,0.0,-0.2167604361042243,-0.7565540276512385,1.0638120569246137,497.5956976413727,0.0
13,waypoint_32,0.0,-0.2167604361042243,-0.7565540276512385,1.0638120569246137,558.1483244895935,0.0
14,waypoint_32,0.0,-0.2167604361042243,-0.7565540276512385,1.0638120569246137,804.0396571159363,0.0
0,waypoint_32,-15.0,-0.2167604361042243,-0.7565540276512385,1.0638120569246137,57.565394788980484,0.0
1,waypoint_32,-15.0,-0.2167604361042243,-0.7565540276512385,1.0638120569246137,0.004068862835993059,0.020992958918213844
2,waypoint_32,-15.0,-0.2167604361042243,-0.7565540276512385,1.0638120569246137,0.005331201464287005,0.012192685157060623
3,waypoint_32,-15.0,-0.2167604361042243,-0.7565540276512385,1.0638120569246137,0.008503224307787605,0.00273250718601048
4,waypoint_32,-15.0,-0.2167604361042243,-0.7565540276512385,1.0638120569246137,0.003620215466071386,0.007877910509705544
5,waypoint_32,-15.0,-0.2167604361042243,-0.7565540276512385,1.0638120569246137,0.0026361160507804016,0.018385404720902443
6,waypoint_32,-15.0,-0.2167604361042243,-0.7565540276512385,1.0638120569246137,0.004800140231964178,0.025389384478330612
7,waypoint_32,-15.0,-0.2167604361042243,-0.7565540276512385,1.0638120569246137,300.38368701934814,0.0
8,waypoint_32,-15.0,-0.2167604361042243,-0.7565540276512385,1.0638120569246137,316.9274926185608,0.0
9,waypoint_32,-15.0,-0.2167604361042243,-0.7565540276512385,1.0638120569246137,310.7243776321411,0.0
10,waypoint_32,-15.0,-0.2167604361042243,-0.7565540276512385,1.0638120569246137,431.9363832473755,0.0
11,waypoint_32,-15.0,-0.2167604361042243,-0.7565540276512385,1.0638120569246137,517.2121524810791,0.0
12,waypoint_32,-15.0,-0.2167604361042243,-0.7565540276512385,1.0638120569246137,499.68135356903076,0.0
13,waypoint_32,-15.0,-0.2167604361042243,-0.7565540276512385,1.0638120569246137,563.5128021240234,0.0
14,waypoint_32,-15.0,-0.2167604361042243,-0.7565540276512385,1.0638120569246137,830.2270770072937,0.0
0,waypoint_32,-30.0,-0.2167604361042243,-0.7565540276512385,1.0638120569246137,242.54870414733887,0.0
1,waypoint_32,-30.0,-0.2167604361042243,-0.7565540276512385,1.0638120569246137,0.0046015402404009365,0.02095390297472477
2,waypoint_32,-30.0,-0.2167604361042243,-0.7565540276512385,1.0638120569246137,0.006794929504394531,0.012368617579340935
3,waypoint_32,-30.0,-0.2167604361042243,-0.7565540276512385,1.0638120569246137,0.00396270024793921,0.0035347978118807077
4,waypoint_32,-30.0,-0.2167604361042243,-0.7565540276512385,1.0638120569246137,0.001455134793104662,0.007192655466496944
5,waypoint_32,-30.0,-0.2167604361042243,-0.7565540276512385,1.0638120569246137,0.00692748562869383,0.018435128033161163
6,waypoint_32,-30.0,-0.2167604361042243,-0.7565540276512385,1.0638120569246137,0.006948032932996284,0.028125334531068802
7,waypoint_32,-30.0,-0.2167604361042243,-0.7565540276512385,1.0638120569246137,299.1786301136017,0.0
8,waypoint_32,-30.0,-0.2167604361042243,-0.7565540276512385,1.0638120569246137,328.14398407936096,0.0
9,waypoint_32,-30.0,-0.2167604361042243,-0.7565540276512385,1.0638120569246137,316.00722670555115,0.0
10,waypoint_32,-30.0,-0.2167604361042243,-0.7565540276512385,1.0638120569246137,440.99992513656616,0.0
11,waypoint_32,-30.0,-0.2167604361042243,-0.7565540276512385,1.0638120569246137,530.7116508483887,0.0
12,waypoint_32,-30.0,-0.2167604361042243,-0.7565540276512385,1.0638120569246137,508.37165117263794,0.0
13,waypoint_32,-30.0,-0.2167604361042243,-0.7565540276512385,1.0638120569246137,579.0595412254333,0.0
14,waypoint_32,-30.0,-0.2167604361042243,-0.7565540276512385,1.0638120569246137,857.6059937477112,0.0
0,waypoint_33,-30.0,-0.1967604361042245,-0.7565540276512385,1.0638120569246137,232.52244293689728,0.0
1,waypoint_33,-30.0,-0.1967604361042245,-0.7565540276512385,1.0638120569246137,0.012698586942860857,0.02275395765900612
2,waypoint_33,-30.0,-0.1967604361042245,-0.7565540276512385,1.0638120569246137,0.00969707343756454,0.014115700498223305
3,waypoint_33,-30.0,-0.1967604361042245,-0.7565540276512385,1.0638120569246137,0.010983440006384626,0.00530357426032424
4,waypoint_33,-30.0,-0.1967604361042245,-0.7565540276512385,1.0638120569246137,0.010805386409629136,0.005076252389699221
5,waypoint_33,-30.0,-0.1967604361042245,-0.7565540276512385,1.0638120569246137,0.010598235348879825,0.016172366216778755
6,waypoint_33,-30.0,-0.1967604361042245,-0.7565540276512385,1.0638120569246137,0.009955268978956155,0.02657451666891575
7,waypoint_33,-30.0,-0.1967604361042245,-0.7565540276512385,1.0638120569246137,299.15571212768555,0.0
8,waypoint_33,-30.0,-0.1967604361042245,-0.7565540276512385,1.0638120569246137,324.333518743515,0.0
9,waypoint_33,-30.0,-0.1967604361042245,-0.7565540276512385,1.0638120569246137,314.7050738334656,0.0
10,waypoint_33,-30.0,-0.1967604361042245,-0.7565540276512385,1.0638120569246137,427.96894907951355,0.0
11,waypoint_33,-30.0,-0.1967604361042245,-0.7565540276512385,1.0638120569246137,515.0889158248901,0.0
12,waypoint_33,-30.0,-0.1967604361042245,-0.7565540276512385,1.0638120569246137,493.4893250465393,0.0
13,waypoint_33,-30.0,-0.1967604361042245,-0.7565540276512385,1.0638120569246137,566.1321878433228,0.0
14,waypoint_33,-30.0,-0.1967604361042245,-0.7565540276512385,1.0638120569246137,840.1652574539185,0.0
0,waypoint_33,-15.0,-0.1967604361042245,-0.7565540276512385,1.0638120569246137,182.91208148002625,0.0
1,waypoint_33,-15.0,-0.1967604361042245,-0.7565540276512385,1.0638120569246137,0.005807095476484392,0.022742200642824173
2,waypoint_33,-15.0,-0.1967604361042245,-0.7565540276512385,1.0638120569246137,0.004191016159893479,0.014025339856743813
3,waypoint_33,-15.0,-0.1967604361042245,-0.7565540276512385,1.0638120569246137,0.00278296897704422,0.004653408657759428
4,waypoint_33,-15.0,-0.1967604361042245,-0.7565540276512385,1.0638120569246137,0.004116174295631936,0.005746802780777216
5,waypoint_33,-15.0,-0.1967604361042245,-0.7565540276512385,1.0638120569246137,0.008276249900518451,0.016386017203330994
6,waypoint_33,-15.0,-0.1967604361042245,-0.7565540276512385,1.0638120569246137,0.004434140919329366,0.0246284119784832
7,waypoint_33,-15.0,-0.1967604361042245,-0.7565540276512385,1.0638120569246137,298.5284924507141,0.0
8,waypoint_33,-15.0,-0.1967604361042245,-0.7565540276512385,1.0638120569246137,320.63454389572144,0.0
9,waypoint_33,-15.0,-0.1967604361042245,-0.7565540276512385,1.0638120569246137,308.7390661239624,0.0
10,waypoint_33,-15.0,-0.1967604361042245,-0.7565540276512385,1.0638120569246137,425.0929057598114,0.0
11,waypoint_33,-15.0,-0.1967604361042245,-0.7565540276512385,1.0638120569246137,506.34872913360596,0.0
12,waypoint_33,-15.0,-0.1967604361042245,-0.7565540276512385,1.0638120569246137,488.44489455223083,0.0
13,waypoint_33,-15.0,-0.1967604361042245,-0.7565540276512385,1.0638120569246137,563.4405612945557,0.0
14,waypoint_33,-15.0,-0.1967604361042245,-0.7565540276512385,1.0638120569246137,824.1277933120728,0.0
0,waypoint_33,0.0,-0.1967604361042245,-0.7565540276512385,1.0638120569246137,125.99004805088043,0.0
1,waypoint_33,0.0,-0.1967604361042245,-0.7565540276512385,1.0638120569246137,0.0032625036965328036,0.02197755128145218
2,waypoint_33,0.0,-0.1967604361042245,-0.7565540276512385,1.0638120569246137,0.004199484465061687,0.013558149337768555
3,waypoint_33,0.0,-0.1967604361042245,-0.7565540276512385,1.0638120569246137,0.0043978375288133975,0.004057400394231081
4,waypoint_33,0.0,-0.1967604361042245,-0.7565540276512385,1.0638120569246137,0.00278296897704422,0.006002503912895918
5,waypoint_33,0.0,-0.1967604361042245,-0.7565540276512385,1.0638120569246137,0.0035222260521550197,0.015440735965967178
6,waypoint_33,0.0,-0.1967604361042245,-0.7565540276512385,1.0638120569246137,0.0038247248994593974,0.01992017589509487
7,waypoint_33,0.0,-0.1967604361042245,-0.7565540276512385,1.0638120569246137,294.3730056285858,0.0
8,waypoint_33,0.0,-0.1967604361042245,-0.7565540276512385,1.0638120569246137,300.08310079574585,0.0
9,waypoint_33,0.0,-0.1967604361042245,-0.7565540276512385,1.0638120569246137,294.1025495529175,0.0
10,waypoint_33,0.0,-0.1967604361042245,-0.7565540276512385,1.0638120569246137,406.2245786190033,0.0
11,waypoint_33,0.0,-0.1967604361042245,-0.7565540276512385,1.0638120569246137,478.5207509994507,0.0
12,waypoint_33,0.0,-0.1967604361042245,-0.7565540276512385,1.0638120569246137,483.2935333251953,0.0
13,waypoint_33,0.0,-0.1967604361042245,-0.7565540276512385,1.0638120569246137,544.7813272476196,0.0
14,waypoint_33,0.0,-0.1967604361042245,-0.7565540276512385,1.0638120569246137,797.0409393310547,0.0
0,waypoint_33,15.0,-0.1967604361042245,-0.7565540276512385,1.0638120569246137,56.565091013908386,0.0
1,waypoint_33,15.0,-0.1967604361042245,-0.7565540276512385,1.0638120569246137,0.0038281777960946783,0.02044341154396534
2,waypoint_33,15.0,-0.1967604361042245,-0.7565540276512385,1.0638120569246137,0.0045126662371330895,0.012872479856014252
3,waypoint_33,15.0,-0.1967604361042245,-0.7565540276512385,1.0638120569246137,0.00518114893566235,0.0039043999277055264
4,waypoint_33,15.0,-0.1967604361042245,-0.7565540276512385,1.0638120569246137,0.002770814717223402,0.005500431172549725
5,waypoint_33,15.0,-0.1967604361042245,-0.7565540276512385,1.0638120569246137,0.003380166845090571,0.012633861973881721
6,waypoint_33,15.0,-0.1967604361042245,-0.7565540276512385,1.0638120569246137,0.004572495981847169,0.008212096057832241
7,waypoint_33,15.0,-0.1967604361042245,-0.7565540276512385,1.0638120569246137,285.99318861961365,0.0
8,waypoint_33,15.0,-0.1967604361042245,-0.7565540276512385,1.0638120569246137,281.52772784233093,0.0
9,waypoint_33,15.0,-0.1967604361042245,-0.7565540276512385,1.0638120569246137,278.22622656822205,0.0
10,waypoint_33,15.0,-0.1967604361042245,-0.7565540276512385,1.0638120569246137,375.88369846343994,0.0
11,waypoint_33,15.0,-0.1967604361042245,-0.7565540276512385,1.0638120569246137,449.5912194252014,0.0
12,waypoint_33,15.0,-0.1967604361042245,-0.7565540276512385,1.0638120569246137,486.02110147476196,0.0
13,waypoint_33,15.0,-0.1967604361042245,-0.7565540276512385,1.0638120569246137,533.7310433387756,0.0
14,waypoint_33,15.0,-0.1967604361042245,-0.7565540276512385,1.0638120569246137,776.3561606407166,0.0
0,waypoint_33,30.0,-0.1967604361042245,-0.7565540276512385,1.0638120569246137,40.918488055467606,0.0
1,waypoint_33,30.0,-0.1967604361042245,-0.7565540276512385,1.0638120569246137,0.005021315246267477,0.0182036180049181
2,waypoint_33,30.0,-0.1967604361042245,-0.7565540276512385,1.0638120569246137,0.0022992255708231824,0.01216049399226904
3,waypoint_33,30.0,-0.1967604361042245,-0.7565540276512385,1.0638120569246137,0.002999244998136419,0.0043907915242016315
4,waypoint_33,30.0,-0.1967604361042245,-0.7565540276512385,1.0638120569246137,0.0016388568155889516,0.003556584008038044
5,waypoint_33,30.0,-0.1967604361042245,-0.7565540276512385,1.0638120569246137,0.00484523798149894,0.005849007982760668
6,waypoint_33,30.0,-0.1967604361042245,-0.7565540276512385,1.0638120569246137,92.79551357030869,0.0
7,waypoint_33,30.0,-0.1967604361042245,-0.7565540276512385,1.0638120569246137,278.228223323822,0.0
8,waypoint_33,30.0,-0.1967604361042245,-0.7565540276512385,1.0638120569246137,256.5089166164398,0.0
9,waypoint_33,30.0,-0.1967604361042245,-0.7565540276512385,1.0638120569246137,262.37669587135315,0.0
10,waypoint_33,30.0,-0.1967604361042245,-0.7565540276512385,1.0638120569246137,357.924222946167,0.0
11,waypoint_33,30.0,-0.1967604361042245,-0.7565540276512385,1.0638120569246137,430.35832047462463,0.0
12,waypoint_33,30.0,-0.1967604361042245,-0.7565540276512385,1.0638120569246137,475.6077229976654,0.0
13,waypoint_33,30.0,-0.1967604361042245,-0.7565540276512385,1.0638120569246137,521.4836597442627,0.0
14,waypoint_33,30.0,-0.1967604361042245,-0.7565540276512385,1.0638120569246137,752.0137429237366,0.0
0,waypoint_34,30.0,-0.17676043610422398,-0.7565540276512385,1.0638120569246137,0.37964864168316126,0.010457240045070648
1,waypoint_34,30.0,-0.17676043610422398,-0.7565540276512385,1.0638120569246137,0.012084906302334275,0.01894569769501686
2,waypoint_34,30.0,-0.17676043610422398,-0.7565540276512385,1.0638120569246137,0.00905441447685007,0.013598097488284111
3,waypoint_34,30.0,-0.17676043610422398,-0.7565540276512385,1.0638120569246137,0.00884401197254192,0.005936709698289633
4,waypoint_34,30.0,-0.17676043610422398,-0.7565540276512385,1.0638120569246137,43.559640645980835,0.0
5,waypoint_34,30.0,-0.17676043610422398,-0.7565540276512385,1.0638120569246137,0.011414873370085843,0.006443080957978964
6,waypoint_34,30.0,-0.17676043610422398,-0.7565540276512385,1.0638120569246137,45.03707215189934,0.0
7,waypoint_34,30.0,-0.17676043610422398,-0.7565540276512385,1.0638120569246137,282.33611583709717,0.0
8,waypoint_34,30.0,-0.17676043610422398,-0.7565540276512385,1.0638120569246137,255.3148865699768,0.0
9,waypoint_34,30.0,-0.17676043610422398,-0.7565540276512385,1.0638120569246137,257.9426169395447,0.0
10,waypoint_34,30.0,-0.17676043610422398,-0.7565540276512385,1.0638120569246137,345.5645740032196,0.0
11,waypoint_34,30.0,-0.17676043610422398,-0.7565540276512385,1.0638120569246137,414.75239396095276,0.0
12,waypoint_34,30.0,-0.17676043610422398,-0.7565540276512385,1.0638120569246137,462.8854990005493,0.0
13,waypoint_34,30.0,-0.17676043610422398,-0.7565540276512385,1.0638120569246137,504.9858093261719,0.0
14,waypoint_34,30.0,-0.17676043610422398,-0.7565540276512385,1.0638120569246137,734.2748641967773,0.0
0,waypoint_34,15.0,-0.17676043610422398,-0.7565540276512385,1.0638120569246137,50.30013248324394,0.0
1,waypoint_34,15.0,-0.17676043610422398,-0.7565540276512385,1.0638120569246137,0.0034719384984782664,0.02167843095958233
2,waypoint_34,15.0,-0.17676043610422398,-0.7565540276512385,1.0638120569246137,0.008341243301401846,0.014557240530848503
3,waypoint_34,15.0,-0.17676043610422398,-0.7565540276512385,1.0638120569246137,0.005504320142790675,0.005730871576815844
4,waypoint_34,15.0,-0.17676043610422398,-0.7565540276512385,1.0638120569246137,0.025207691578543745,0.0037438368890434504
5,waypoint_34,15.0,-0.17676043610422398,-0.7565540276512385,1.0638120569246137,0.02291331475134939,0.011586695909500122
6,waypoint_34,15.0,-0.17676043610422398,-0.7565540276512385,1.0638120569246137,0.014025215023139026,0.01173315104097128
7,waypoint_34,15.0,-0.17676043610422398,-0.7565540276512385,1.0638120569246137,289.6456718444824,0.0
8,waypoint_34,15.0,-0.17676043610422398,-0.7565540276512385,1.0638120569246137,279.2658507823944,0.0
9,waypoint_34,15.0,-0.17676043610422398,-0.7565540276512385,1.0638120569246137,274.64091777801514,0.0
10,waypoint_34,15.0,-0.17676043610422398,-0.7565540276512385,1.0638120569246137,365.14607071876526,0.0
11,waypoint_34,15.0,-0.17676043610422398,-0.7565540276512385,1.0638120569246137,436.4602267742157,0.0
12,waypoint_34,15.0,-0.17676043610422398,-0.7565540276512385,1.0638120569246137,468.6674773693085,0.0
13,waypoint_34,15.0,-0.17676043610422398,-0.7565540276512385,1.0638120569246137,516.9334411621094,0.0
14,waypoint_34,15.0,-0.17676043610422398,-0.7565540276512385,1.0638120569246137,748.5374212265015,0.0
0,waypoint_34,0.0,-0.17676043610422398,-0.7565540276512385,1.0638120569246137,46.84443771839142,0.0
1,waypoint_34,0.0,-0.17676043610422398,-0.7565540276512385,1.0638120569246137,0.004771351086674258,0.0235182736068964
2,waypoint_34,0.0,-0.17676043610422398,-0.7565540276512385,1.0638120569246137,0.005235717708274024,0.015364378690719604
3,waypoint_34,0.0,-0.17676043610422398,-0.7565540276512385,1.0638120569246137,0.0045126662371330895,0.006014961749315262
4,waypoint_34,0.0,-0.17676043610422398,-0.7565540276512385,1.0638120569246137,0.002081900674966164,0.003976484760642052
5,waypoint_34,0.0,-0.17676043610422398,-0.7565540276512385,1.0638120569246137,0.005831515863974346,0.01373341865837574
6,waypoint_34,0.0,-0.17676043610422398,-0.7565540276512385,1.0638120569246137,0.019913577489205636,0.019884927198290825
7,waypoint_34,0.0,-0.17676043610422398,-0.7565540276512385,1.0638120569246137,296.71233892440796,0.0
8,waypoint_34,0.0,-0.17676043610422398,-0.7565540276512385,1.0638120569246137,297.3763048648834,0.0
9,waypoint_34,0.0,-0.17676043610422398,-0.7565540276512385,1.0638120569246137,288.2886528968811,0.0
10,waypoint_34,0.0,-0.17676043610422398,-0.7565540276512385,1.0638120569246137,385.83889603614807,0.0
11,waypoint_34,0.0,-0.17676043610422398,-0.7565540276512385,1.0638120569246137,463.0965292453766,0.0
12,waypoint_34,0.0,-0.17676043610422398,-0.7565540276512385,1.0638120569246137,469.22847628593445,0.0
13,waypoint_34,0.0,-0.17676043610422398,-0.7565540276512385,1.0638120569246137,523.2897400856018,0.0
14,waypoint_34,0.0,-0.17676043610422398,-0.7565540276512385,1.0638120569246137,764.4891142845154,0.0
0,waypoint_34,-15.0,-0.17676043610422398,-0.7565540276512385,1.0638120569246137,139.45958018302917,0.0
1,waypoint_34,-15.0,-0.17676043610422398,-0.7565540276512385,1.0638120569246137,0.0040810687096382026,0.024459294974803925
2,waypoint_34,-15.0,-0.17676043610422398,-0.7565540276512385,1.0638120569246137,0.004629251634469256,0.015842348337173462
3,waypoint_34,-15.0,-0.17676043610422398,-0.7565540276512385,1.0638120569246137,0.006468133960879641,0.006572405807673931
4,waypoint_34,-15.0,-0.17676043610422398,-0.7565540276512385,1.0638120569246137,0.003305774725959054,0.0036572087556123734
5,waypoint_34,-15.0,-0.17676043610422398,-0.7565540276512385,1.0638120569246137,0.006092516287026228,0.014305740594863892
6,waypoint_34,-15.0,-0.17676043610422398,-0.7565540276512385,1.0638120569246137,0.005163633886695607,0.023456329479813576
7,waypoint_34,-15.0,-0.17676043610422398,-0.7565540276512385,1.0638120569246137,304.9648106098175,0.0
8,waypoint_34,-15.0,-0.17676043610422398,-0.7565540276512385,1.0638120569246137,318.49122047424316,0.0
9,waypoint_34,-15.0,-0.17676043610422398,-0.7565540276512385,1.0638120569246137,302.70299315452576,0.0
10,waypoint_34,-15.0,-0.17676043610422398,-0.7565540276512385,1.0638120569246137,407.2644114494324,0.0
11,waypoint_34,-15.0,-0.17676043610422398,-0.7565540276512385,1.0638120569246137,487.3430132865906,0.0
12,waypoint_34,-15.0,-0.17676043610422398,-0.7565540276512385,1.0638120569246137,470.6735908985138,0.0
13,waypoint_34,-15.0,-0.17676043610422398,-0.7565540276512385,1.0638120569246137,533.604621887207,0.0
14,waypoint_34,-15.0,-0.17676043610422398,-0.7565540276512385,1.0638120569246137,791.8551564216614,0.0
0,waypoint_34,-30.0,-0.17676043610422398,-0.7565540276512385,1.0638120569246137,212.56838738918304,0.0
1,waypoint_34,-30.0,-0.17676043610422398,-0.7565540276512385,1.0638120569246137,0.0069182483457552735,0.024559561163187027
2,waypoint_34,-30.0,-0.17676043610422398,-0.7565540276512385,1.0638120569246137,0.004504786375036929,0.015865441411733627
3,waypoint_34,-30.0,-0.17676043610422398,-0.7565540276512385,1.0638120569246137,0.004199484465061687,0.007088459096848965
4,waypoint_34,-30.0,-0.17676043610422398,-0.7565540276512385,1.0638120569246137,0.0027294761366647435,0.0030878158286213875
5,waypoint_34,-30.0,-0.17676043610422398,-0.7565540276512385,1.0638120569246137,0.004910786174150417,0.013894091360270977
6,waypoint_34,-30.0,-0.17676043610422398,-0.7565540276512385,1.0638120569246137,0.0034405875339871272,0.02476886846125126
7,waypoint_34,-30.0,-0.17676043610422398,-0.7565540276512385,1.0638120569246137,309.10447239875793,0.0
8,waypoint_34,-30.0,-0.17676043610422398,-0.7565540276512385,1.0638120569246137,335.23014187812805,0.0
9,waypoint_34,-30.0,-0.17676043610422398,-0.7565540276512385,1.0638120569246137,307.04107880592346,0.0
10,waypoint_34,-30.0,-0.17676043610422398,-0.7565540276512385,1.0638120569246137,415.1206612586975,0.0
11,waypoint_34,-30.0,-0.17676043610422398,-0.7565540276512385,1.0638120569246137,493.51468682289124,0.0
12,waypoint_34,-30.0,-0.17676043610422398,-0.7565540276512385,1.0638120569246137,479.2853593826294,0.0
13,waypoint_34,-30.0,-0.17676043610422398,-0.7565540276512385,1.0638120569246137,540.0112271308899,0.0
14,waypoint_34,-30.0,-0.17676043610422398,-0.7565540276512385,1.0638120569246137,818.9908862113953,0.0
0,waypoint_35,-30.0,-0.1567604361042244,-0.7565540276512385,1.0638120569246137,203.4655213356018,0.0
1,waypoint_35,-30.0,-0.1567604361042244,-0.7565540276512385,1.0638120569246137,0.011999497473880183,0.026365410536527634
2,waypoint_35,-30.0,-0.1567604361042244,-0.7565540276512385,1.0638120569246137,0.010093443961523008,0.01762673445045948
3,waypoint_35,-30.0,-0.1567604361042244,-0.7565540276512385,1.0638120569246137,0.011018963050446473,0.008862589485943317
4,waypoint_35,-30.0,-0.1567604361042244,-0.7565540276512385,1.0638120569246137,0.010814753295562696,0.0014673486584797502
5,waypoint_35,-30.0,-0.1567604361042244,-0.7565540276512385,1.0638120569246137,0.012489697837736458,0.011621973477303982
6,waypoint_35,-30.0,-0.1567604361042244,-0.7565540276512385,1.0638120569246137,0.010641891094564926,0.02277369052171707
7,waypoint_35,-30.0,-0.1567604361042244,-0.7565540276512385,1.0638120569246137,312.6673102378845,0.0
8,waypoint_35,-30.0,-0.1567604361042244,-0.7565540276512385,1.0638120569246137,337.3817503452301,0.0
9,waypoint_35,-30.0,-0.1567604361042244,-0.7565540276512385,1.0638120569246137,301.7599582672119,0.0
10,waypoint_35,-30.0,-0.1567604361042244,-0.7565540276512385,1.0638120569246137,403.8505554199219,0.0
11,waypoint_35,-30.0,-0.1567604361042244,-0.7565540276512385,1.0638120569246137,482.386976480484,0.0
12,waypoint_35,-30.0,-0.1567604361042244,-0.7565540276512385,1.0638120569246137,465.24056792259216,0.0
13,waypoint_35,-30.0,-0.1567604361042244,-0.7565540276512385,1.0638120569246137,525.6407260894775,0.0
14,waypoint_35,-30.0,-0.1567604361042244,-0.7565540276512385,1.0638120569246137,804.5463562011719,0.0
0,waypoint_35,-15.0,-0.1567604361042244,-0.7565540276512385,1.0638120569246137,149.40547943115234,0.0
1,waypoint_35,-15.0,-0.1567604361042244,-0.7565540276512385,1.0638120569246137,0.004396625627123285,0.02613045834004879
2,waypoint_35,-15.0,-0.1567604361042244,-0.7565540276512385,1.0638120569246137,0.004184229055681499,0.017644790932536125
3,waypoint_35,-15.0,-0.1567604361042244,-0.7565540276512385,1.0638120569246137,0.0045126662371330895,0.008468988351523876
4,waypoint_35,-15.0,-0.1567604361042244,-0.7565540276512385,1.0638120569246137,0.006071487405279186,0.0016813823021948338
5,waypoint_35,-15.0,-0.1567604361042244,-0.7565540276512385,1.0638120569246137,0.0040810687096382026,0.012177717871963978
6,waypoint_35,-15.0,-0.1567604361042244,-0.7565540276512385,1.0638120569246137,0.004140297733101761,0.021976355463266373
7,waypoint_35,-15.0,-0.1567604361042244,-0.7565540276512385,1.0638120569246137,310.79456210136414,0.0
8,waypoint_35,-15.0,-0.1567604361042244,-0.7565540276512385,1.0638120569246137,332.69041776657104,0.0
9,waypoint_35,-15.0,-0.1567604361042244,-0.7565540276512385,1.0638120569246137,298.510879278183,0.0
10,waypoint_35,-15.0,-0.1567604361042244,-0.7565540276512385,1.0638120569246137,396.6754674911499,0.0
11,waypoint_35,-15.0,-0.1567604361042244,-0.7565540276512385,1.0638120569246137,471.6063141822815,0.0
12,waypoint_35,-15.0,-0.1567604361042244,-0.7565540276512385,1.0638120569246137,461.43579483032227,0.0
13,waypoint_35,-15.0,-0.1567604361042244,-0.7565540276512385,1.0638120569246137,518.9741849899292,0.0
14,waypoint_35,-15.0,-0.1567604361042244,-0.7565540276512385,1.0638120569246137,776.157557964325,0.0
0,waypoint_35,0.0,-0.1567604361042244,-0.7565540276512385,1.0638120569246137,93.843474984169,0.0
1,waypoint_35,0.0,-0.1567604361042244,-0.7565540276512385,1.0638120569246137,0.003921242750948295,0.024961251765489578
2,waypoint_35,0.0,-0.1567604361042244,-0.7565540276512385,1.0638120569246137,0.0033569640436326154,0.01713228039443493
3,waypoint_35,0.0,-0.1567604361042244,-0.7565540276512385,1.0638120569246137,0.00563319099455839,0.007945331744849682
4,waypoint_35,0.0,-0.1567604361042244,-0.7565540276512385,1.0638120569246137,0.006936710633453913,0.0019486171659082174
5,waypoint_35,0.0,-0.1567604361042244,-0.7565540276512385,1.0638120569246137,0.0033906608223333023,0.011903231032192707
6,waypoint_35,0.0,-0.1567604361042244,-0.7565540276512385,1.0638120569246137,0.005446654540719464,0.01929059438407421
7,waypoint_35,0.0,-0.1567604361042244,-0.7565540276512385,1.0638120569246137,305.1106333732605,0.0
8,waypoint_35,0.0,-0.1567604361042244,-0.7565540276512385,1.0638120569246137,310.8828663825989,0.0
9,waypoint_35,0.0,-0.1567604361042244,-0.7565540276512385,1.0638120569246137,283.77729654312134,0.0
10,waypoint_35,0.0,-0.1567604361042244,-0.7565540276512385,1.0638120569246137,381.550133228302,0.0
11,waypoint_35,0.0,-0.1567604361042244,-0.7565540276512385,1.0638120569246137,446.7434585094452,0.0
12,waypoint_35,0.0,-0.1567604361042244,-0.7565540276512385,1.0638120569246137,455.63602447509766,0.0
13,waypoint_35,0.0,-0.1567604361042244,-0.7565540276512385,1.0638120569246137,507.5429081916809,0.0
14,waypoint_35,0.0,-0.1567604361042244,-0.7565540276512385,1.0638120569246137,747.7373480796814,0.0
0,waypoint_35,15.0,-0.1567604361042244,-0.7565540276512385,1.0638120569246137,63.64833563566208,0.0
1,waypoint_35,15.0,-0.1567604361042244,-0.7565540276512385,1.0638120569246137,0.0027026615043723723,0.022747330367565155
2,waypoint_35,15.0,-0.1567604361042244,-0.7565540276512385,1.0638120569246137,0.004184229055681499,0.016180647537112236
3,waypoint_35,15.0,-0.1567604361042244,-0.7565540276512385,1.0638120569246137,0.0019660499219753547,0.0075563290156424046
4,waypoint_35,15.0,-0.1567604361042244,-0.7565540276512385,1.0638120569246137,0.0032537802781007485,0.001997699262574315
5,waypoint_35,15.0,-0.1567604361042244,-0.7565540276512385,1.0638120569246137,0.00381655945602688,0.010290808044373989
6,waypoint_35,15.0,-0.1567604361042244,-0.7565540276512385,1.0638120569246137,0.00470234954264015,0.013186325319111347
7,waypoint_35,15.0,-0.1567604361042244,-0.7565540276512385,1.0638120569246137,297.3986566066742,0.0
8,waypoint_35,15.0,-0.1567604361042244,-0.7565540276512385,1.0638120569246137,290.7915711402893,0.0
9,waypoint_35,15.0,-0.1567604361042244,-0.7565540276512385,1.0638120569246137,275.43938159942627,0.0
10,waypoint_35,15.0,-0.1567604361042244,-0.7565540276512385,1.0638120569246137,352.5271713733673,0.0
11,waypoint_35,15.0,-0.1567604361042244,-0.7565540276512385,1.0638120569246137,422.7937161922455,0.0
12,waypoint_35,15.0,-0.1567604361042244,-0.7565540276512385,1.0638120569246137,455.1132321357727,0.0
13,waypoint_35,15.0,-0.1567604361042244,-0.7565540276512385,1.0638120569246137,500.84608793258667,0.0
14,waypoint_35,15.0,-0.1567604361042244,-0.7565540276512385,1.0638120569246137,728.6828756332397,0.0
0,waypoint_35,30.0,-0.1567604361042244,-0.7565540276512385,1.0638120569246137,0.12206868268549442,0.010752638801932335
1,waypoint_35,30.0,-0.1567604361042244,-0.7565540276512385,1.0638120569246137,0.003297166131233098,0.019415225833654404
2,waypoint_35,30.0,-0.1567604361042244,-0.7565540276512385,1.0638120569246137,0.0018810908386512892,0.014945325441658497
3,waypoint_35,30.0,-0.1567604361042244,-0.7565540276512385,1.0638120569246137,0.00384438408218557,0.007521318271756172
4,waypoint_35,30.0,-0.1567604361042244,-0.7565540276512385,1.0638120569246137,132.64428079128265,0.0
5,waypoint_35,30.0,-0.1567604361042244,-0.7565540276512385,1.0638120569246137,0.006442818175855791,0.00628044456243515
6,waypoint_35,30.0,-0.1567604361042244,-0.7565540276512385,1.0638120569246137,16.28579944372177,0.0
7,waypoint_35,30.0,-0.1567604361042244,-0.7565540276512385,1.0638120569246137,288.2724404335022,0.0
8,waypoint_35,30.0,-0.1567604361042244,-0.7565540276512385,1.0638120569246137,264.0933692455292,0.0
9,waypoint_35,30.0,-0.1567604361042244,-0.7565540276512385,1.0638120569246137,274.0313708782196,0.0
10,waypoint_35,30.0,-0.1567604361042244,-0.7565540276512385,1.0638120569246137,335.5961740016937,0.0
11,waypoint_35,30.0,-0.1567604361042244,-0.7565540276512385,1.0638120569246137,397.569477558136,0.0
12,waypoint_35,30.0,-0.1567604361042244,-0.7565540276512385,1.0638120569246137,445.7586705684662,0.0
13,waypoint_35,30.0,-0.1567604361042244,-0.7565540276512385,1.0638120569246137,490.48590660095215,0.0
14,waypoint_35,30.0,-0.1567604361042244,-0.7565540276512385,1.0638120569246137,710.225522518158,0.0
0,waypoint_36,30.0,-0.13676043610422478,-0.7565540276512385,1.0638120569246137,0.010582803952274844,0.0048663136549293995
1,waypoint_36,30.0,-0.13676043610422478,-0.7565540276512385,1.0638120569246137,0.007207973794720601,0.01953500136733055
2,waypoint_36,30.0,-0.13676043610422478,-0.7565540276512385,1.0638120569246137,0.012224620149936527,0.016181495040655136
3,waypoint_36,30.0,-0.13676043610422478,-0.7565540276512385,1.0638120569246137,0.009673596650827676,0.009103703312575817
4,waypoint_36,30.0,-0.13676043610422478,-0.7565540276512385,1.0638120569246137,183.93978476524353,0.0
5,waypoint_36,30.0,-0.13676043610422478,-0.7565540276512385,1.0638120569246137,0.009655952453613281,0.0056539117358624935
6,waypoint_36,30.0,-0.13676043610422478,-0.7565540276512385,1.0638120569246137,0.01306429930991726,0.00031549911363981664
7,waypoint_36,30.0,-0.13676043610422478,-0.7565540276512385,1.0638120569246137,295.5862879753113,0.0
8,waypoint_36,30.0,-0.13676043610422478,-0.7565540276512385,1.0638120569246137,264.1293406486511,0.0
9,waypoint_36,30.0,-0.13676043610422478,-0.7565540276512385,1.0638120569246137,274.2193341255188,0.0
10,waypoint_36,30.0,-0.13676043610422478,-0.7565540276512385,1.0638120569246137,324.92342591285706,0.0
11,waypoint_36,30.0,-0.13676043610422478,-0.7565540276512385,1.0638120569246137,385.99666953086853,0.0
12,waypoint_36,30.0,-0.13676043610422478,-0.7565540276512385,1.0638120569246137,433.04988741874695,0.0
13,waypoint_36,30.0,-0.13676043610422478,-0.7565540276512385,1.0638120569246137,474.9286472797394,0.0
14,waypoint_36,30.0,-0.13676043610422478,-0.7565540276512385,1.0638120569246137,692.7083134651184,0.0
0,waypoint_36,15.0,-0.13676043610422478,-0.7565540276512385,1.0638120569246137,51.536642014980316,0.0
1,waypoint_36,15.0,-0.13676043610422478,-0.7565540276512385,1.0638120569246137,0.0037089225770614576,0.023608000949025154
2,waypoint_36,15.0,-0.13676043610422478,-0.7565540276512385,1.0638120569246137,0.00234815070143668,0.017729291692376137
3,waypoint_36,15.0,-0.13676043610422478,-0.7565540276512385,1.0638120569246137,0.003649050768217421,0.009362422861158848
4,waypoint_36,15.0,-0.13676043610422478,-0.7565540276512385,1.0638120569246137,180.8825135231018,0.0
5,waypoint_36,15.0,-0.13676043610422478,-0.7565540276512385,1.0638120569246137,0.011349951819283888,0.008813212625682354
6,waypoint_36,15.0,-0.13676043610422478,-0.7565540276512385,1.0638120569246137,0.023020687876851298,0.013595747761428356
7,waypoint_36,15.0,-0.13676043610422478,-0.7565540276512385,1.0638120569246137,301.44003033638,0.0
8,waypoint_36,15.0,-0.13676043610422478,-0.7565540276512385,1.0638120569246137,290.3541028499603,0.0
9,waypoint_36,15.0,-0.13676043610422478,-0.7565540276512385,1.0638120569246137,283.456951379776,0.0
10,waypoint_36,15.0,-0.13676043610422478,-0.7565540276512385,1.0638120569246137,341.04394912719727,0.0
11,waypoint_36,15.0,-0.13676043610422478,-0.7565540276512385,1.0638120569246137,410.6571674346924,0.0
12,waypoint_36,15.0,-0.13676043610422478,-0.7565540276512385,1.0638120569246137,438.73193860054016,0.0
13,waypoint_36,15.0,-0.13676043610422478,-0.7565540276512385,1.0638120569246137,491.98025465011597,0.0
14,waypoint_36,15.0,-0.13676043610422478,-0.7565540276512385,1.0638120569246137,708.2598805427551,0.0
0,waypoint_36,0.0,-0.13676043610422478,-0.7565540276512385,1.0638120569246137,68.59476864337921,0.0
1,waypoint_36,0.0,-0.13676043610422478,-0.7565540276512385,1.0638120569246137,0.0034897998375527095,0.02627960778772831
2,waypoint_36,0.0,-0.13676043610422478,-0.7565540276512385,1.0638120569246137,0.0034570693969726562,0.01885620318353176
3,waypoint_36,0.0,-0.13676043610422478,-0.7565540276512385,1.0638120569246137,0.00500253099744441,0.009846966713666916
4,waypoint_36,0.0,-0.13676043610422478,-0.7565540276512385,1.0638120569246137,0.31799214775674045,3.8593338103964925e-05
5,waypoint_36,0.0,-0.13676043610422478,-0.7565540276512385,1.0638120569246137,0.0066937900555785745,0.0099859107285738
6,waypoint_36,0.0,-0.13676043610422478,-0.7565540276512385,1.0638120569246137,0.005262135800876422,0.01828722283244133
7,waypoint_36,0.0,-0.13676043610422478,-0.7565540276512385,1.0638120569246137,307.05368518829346,0.0
8,waypoint_36,0.0,-0.13676043610422478,-0.7565540276512385,1.0638120569246137,310.1104199886322,0.0
9,waypoint_36,0.0,-0.13676043610422478,-0.7565540276512385,1.0638120569246137,289.1456186771393,0.0
10,waypoint_36,0.0,-0.13676043610422478,-0.7565540276512385,1.0638120569246137,362.41182684898376,0.0
11,waypoint_36,0.0,-0.13676043610422478,-0.7565540276512385,1.0638120569246137,435.3279173374176,0.0
12,waypoint_36,0.0,-0.13676043610422478,-0.7565540276512385,1.0638120569246137,441.5780305862427,0.0
13,waypoint_36,0.0,-0.13676043610422478,-0.7565540276512385,1.0638120569246137,500.89049339294434,0.0
14,waypoint_36,0.0,-0.13676043610422478,-0.7565540276512385,1.0638120569246137,725.9664535522461,0.0
0,waypoint_36,-15.0,-0.13676043610422478,-0.7565540276512385,1.0638120569246137,101.19402408599854,0.0
1,waypoint_36,-15.0,-0.13676043610422478,-0.7565540276512385,1.0638120569246137,0.004273698777979007,0.02773762121796608
2,waypoint_36,-15.0,-0.13676043610422478,-0.7565540276512385,1.0638120569246137,0.0056420135479129385,0.01943189650774002
3,waypoint_36,-15.0,-0.13676043610422478,-0.7565540276512385,1.0638120569246137,0.0036000415093440097,0.010342016816139221
4,waypoint_36,-15.0,-0.13676043610422478,-0.7565540276512385,1.0638120569246137,0.026626468752510846,0.0012000512797385454
5,waypoint_36,-15.0,-0.13676043610422478,-0.7565540276512385,1.0638120569246137,0.005974752639303915,0.010027602314949036
6,waypoint_36,-15.0,-0.13676043610422478,-0.7565540276512385,1.0638120569246137,0.00507254890180775,0.020265497267246246
7,waypoint_36,-15.0,-0.13676043610422478,-0.7565540276512385,1.0638120569246137,313.5889172554016,0.0
8,waypoint_36,-15.0,-0.13676043610422478,-0.7565540276512385,1.0638120569246137,331.20691776275635,0.0
9,waypoint_36,-15.0,-0.13676043610422478,-0.7565540276512385,1.0638120569246137,291.849285364151,0.0
10,waypoint_36,-15.0,-0.13676043610422478,-0.7565540276512385,1.0638120569246137,385.3890895843506,0.0
11,waypoint_36,-15.0,-0.13676043610422478,-0.7565540276512385,1.0638120569246137,457.0605456829071,0.0
12,waypoint_36,-15.0,-0.13676043610422478,-0.7565540276512385,1.0638120569246137,443.3310925960541,0.0
13,waypoint_36,-15.0,-0.13676043610422478,-0.7565540276512385,1.0638120569246137,497.6973533630371,0.0
14,waypoint_36,-15.0,-0.13676043610422478,-0.7565540276512385,1.0638120569246137,758.8943243026733,0.0
0,waypoint_36,-30.0,-0.13676043610422478,-0.7565540276512385,1.0638120569246137,185.26308238506317,0.0
1,waypoint_36,-30.0,-0.13676043610422478,-0.7565540276512385,1.0638120569246137,0.00463845162812504,0.028153713792562485
2,waypoint_36,-30.0,-0.13676043610422478,-0.7565540276512385,1.0638120569246137,0.00549010246686521,0.01939978264272213
3,waypoint_36,-30.0,-0.13676043610422478,-0.7565540276512385,1.0638120569246137,0.00442200598627096,0.01062044594436884
4,waypoint_36,-30.0,-0.13676043610422478,-0.7565540276512385,1.0638120569246137,0.004235286269249627,0.001982153858989477
5,waypoint_36,-30.0,-0.13676043610422478,-0.7565540276512385,1.0638120569246137,0.0010662403155947686,0.009382257238030434
6,waypoint_36,-30.0,-0.13676043610422478,-0.7565540276512385,1.0638120569246137,0.0036231890589988325,0.020648522302508354
7,waypoint_36,-30.0,-0.13676043610422478,-0.7565540276512385,1.0638120569246137,317.1157240867615,0.0
8,waypoint_36,-30.0,-0.13676043610422478,-0.7565540276512385,1.0638120569246137,346.41027450561523,0.0
9,waypoint_36,-30.0,-0.13676043610422478,-0.7565540276512385,1.0638120569246137,293.39349269866943,0.0
10,waypoint_36,-30.0,-0.13676043610422478,-0.7565540276512385,1.0638120569246137,398.8141119480133,0.0
11,waypoint_36,-30.0,-0.13676043610422478,-0.7565540276512385,1.0638120569246137,468.3983325958252,0.0
12,waypoint_36,-30.0,-0.13676043610422478,-0.7565540276512385,1.0638120569246137,450.6295621395111,0.0
13,waypoint_36,-30.0,-0.13676043610422478,-0.7565540276512385,1.0638120569246137,507.81065225601196,0.0
14,waypoint_36,-30.0,-0.13676043610422478,-0.7565540276512385,1.0638120569246137,780.7791829109192,0.0
0,waypoint_37,-30.0,-0.1167604361042246,-0.7565540276512385,1.0638120569246137,163.49917650222778,0.0
1,waypoint_37,-30.0,-0.1167604361042246,-0.7565540276512385,1.0638120569246137,0.011016544704034459,0.029908668249845505
2,waypoint_37,-30.0,-0.1167604361042246,-0.7565540276512385,1.0638120569246137,0.01202596649818588,0.0211886428296566
3,waypoint_37,-30.0,-0.1167604361042246,-0.7565540276512385,1.0638120569246137,0.009991558727051597,0.012370103970170021
4,waypoint_37,-30.0,-0.1167604361042246,-0.7565540276512385,1.0638120569246137,0.011420007467677351,0.003535810625180602
5,waypoint_37,-30.0,-0.1167604361042246,-0.7565540276512385,1.0638120569246137,0.009933789442584384,0.007191141601651907
6,waypoint_37,-30.0,-0.1167604361042246,-0.7565540276512385,1.0638120569246137,0.010342997484258376,0.018434591591358185
7,waypoint_37,-30.0,-0.1167604361042246,-0.7565540276512385,1.0638120569246137,323.11198115348816,0.0
8,waypoint_37,-30.0,-0.1167604361042246,-0.7565540276512385,1.0638120569246137,343.23275089263916,0.0
9,waypoint_37,-30.0,-0.1167604361042246,-0.7565540276512385,1.0638120569246137,293.57340931892395,0.0
10,waypoint_37,-30.0,-0.1167604361042246,-0.7565540276512385,1.0638120569246137,394.8136270046234,0.0
11,waypoint_37,-30.0,-0.1167604361042246,-0.7565540276512385,1.0638120569246137,454.73137497901917,0.0
12,waypoint_37,-30.0,-0.1167604361042246,-0.7565540276512385,1.0638120569246137,437.3408555984497,0.0
13,waypoint_37,-30.0,-0.1167604361042246,-0.7565540276512385,1.0638120569246137,495.0064718723297,0.0
14,waypoint_37,-30.0,-0.1167604361042246,-0.7565540276512385,1.0638120569246137,775.3229141235352,0.0
0,waypoint_37,-15.0,-0.1167604361042246,-0.7565540276512385,1.0638120569246137,103.90612483024597,0.0
1,waypoint_37,-15.0,-0.1167604361042246,-0.7565540276512385,1.0638120569246137,0.005063589014753234,0.029256537556648254
2,waypoint_37,-15.0,-0.1167604361042246,-0.7565540276512385,1.0638120569246137,0.004479478320718044,0.021200498566031456
3,waypoint_37,-15.0,-0.1167604361042246,-0.7565540276512385,1.0638120569246137,0.0033717478800099343,0.012193281203508377
4,waypoint_37,-15.0,-0.1167604361042246,-0.7565540276512385,1.0638120569246137,0.005105512627778808,0.0027324873954057693
5,waypoint_37,-15.0,-0.1167604361042246,-0.7565540276512385,1.0638120569246137,0.00442200598627096,0.00787733681499958
6,waypoint_37,-15.0,-0.1167604361042246,-0.7565540276512385,1.0638120569246137,0.005689746558346087,0.018386049196124077
7,waypoint_37,-15.0,-0.1167604361042246,-0.7565540276512385,1.0638120569246137,321.8741714954376,0.0
8,waypoint_37,-15.0,-0.1167604361042246,-0.7565540276512385,1.0638120569246137,339.7104740142822,0.0
9,waypoint_37,-15.0,-0.1167604361042246,-0.7565540276512385,1.0638120569246137,293.4699356555939,0.0
10,waypoint_37,-15.0,-0.1167604361042246,-0.7565540276512385,1.0638120569246137,386.9820535182953,0.0
11,waypoint_37,-15.0,-0.1167604361042246,-0.7565540276512385,1.0638120569246137,442.3007369041443,0.0
12,waypoint_37,-15.0,-0.1167604361042246,-0.7565540276512385,1.0638120569246137,432.29812383651733,0.0
13,waypoint_37,-15.0,-0.1167604361042246,-0.7565540276512385,1.0638120569246137,483.02656412124634,0.0
14,waypoint_37,-15.0,-0.1167604361042246,-0.7565540276512385,1.0638120569246137,741.9675588607788,0.0
0,waypoint_37,0.0,-0.1167604361042246,-0.7565540276512385,1.0638120569246137,82.37198740243912,0.0
1,waypoint_37,0.0,-0.1167604361042246,-0.7565540276512385,1.0638120569246137,0.005668398443958722,0.02743937075138092
2,waypoint_37,0.0,-0.1167604361042246,-0.7565540276512385,1.0638120569246137,0.0028435852073016576,0.0205273125320673
3,waypoint_37,0.0,-0.1167604361042246,-0.7565540276512385,1.0638120569246137,0.003322925522297737,0.011718503199517727
4,waypoint_37,0.0,-0.1167604361042246,-0.7565540276512385,1.0638120569246137,0.005064641300123185,0.0020751014817506075
5,waypoint_37,0.0,-0.1167604361042246,-0.7565540276512385,1.0638120569246137,0.0028435852073016576,0.008011198602616787
6,waypoint_37,0.0,-0.1167604361042246,-0.7565540276512385,1.0638120569246137,0.0031359068088931963,0.016978707164525986
7,waypoint_37,0.0,-0.1167604361042246,-0.7565540276512385,1.0638120569246137,317.3554539680481,0.0
8,waypoint_37,0.0,-0.1167604361042246,-0.7565540276512385,1.0638120569246137,318.96117329597473,0.0
9,waypoint_37,0.0,-0.1167604361042246,-0.7565540276512385,1.0638120569246137,284.87563133239746,0.0
10,waypoint_37,0.0,-0.1167604361042246,-0.7565540276512385,1.0638120569246137,362.61507868766785,0.0
11,waypoint_37,0.0,-0.1167604361042246,-0.7565540276512385,1.0638120569246137,419.64080929756165,0.0
12,waypoint_37,0.0,-0.1167604361042246,-0.7565540276512385,1.0638120569246137,429.19546365737915,0.0
13,waypoint_37,0.0,-0.1167604361042246,-0.7565540276512385,1.0638120569246137,477.3949384689331,0.0
14,waypoint_37,0.0,-0.1167604361042246,-0.7565540276512385,1.0638120569246137,712.7320766448975,0.0
0,waypoint_37,15.0,-0.1167604361042246,-0.7565540276512385,1.0638120569246137,35.43928265571594,0.0
1,waypoint_37,15.0,-0.1167604361042246,-0.7565540276512385,1.0638120569246137,0.0030392525331990328,0.024206742644309998
2,waypoint_37,15.0,-0.1167604361042246,-0.7565540276512385,1.0638120569246137,0.003339988097650348,0.019186755642294884
3,waypoint_37,15.0,-0.1167604361042246,-0.7565540276512385,1.0638120569246137,0.0021981106783641735,0.011137740686535835
4,waypoint_37,15.0,-0.1167604361042246,-0.7565540276512385,1.0638120569246137,0.011375589565432165,0.0021378740202635527
5,waypoint_37,15.0,-0.1167604361042246,-0.7565540276512385,1.0638120569246137,0.0043978375288133975,0.007202718872576952
6,waypoint_37,15.0,-0.1167604361042246,-0.7565540276512385,1.0638120569246137,0.0031253475754056126,0.013347199186682701
7,waypoint_37,15.0,-0.1167604361042246,-0.7565540276512385,1.0638120569246137,311.2097680568695,0.0
8,waypoint_37,15.0,-0.1167604361042246,-0.7565540276512385,1.0638120569246137,297.5243628025055,0.0
9,waypoint_37,15.0,-0.1167604361042246,-0.7565540276512385,1.0638120569246137,271.93576097488403,0.0
10,waypoint_37,15.0,-0.1167604361042246,-0.7565540276512385,1.0638120569246137,334.7140848636627,0.0
11,waypoint_37,15.0,-0.1167604361042246,-0.7565540276512385,1.0638120569246137,395.86883783340454,0.0
12,waypoint_37,15.0,-0.1167604361042246,-0.7565540276512385,1.0638120569246137,430.7384788990021,0.0
13,waypoint_37,15.0,-0.1167604361042246,-0.7565540276512385,1.0638120569246137,470.1403081417084,0.0
14,waypoint_37,15.0,-0.1167604361042246,-0.7565540276512385,1.0638120569246137,694.031834602356,0.0
0,waypoint_37,30.0,-0.1167604361042246,-0.7565540276512385,1.0638120569246137,5.61117148026824,0.0
1,waypoint_37,30.0,-0.1167604361042246,-0.7565540276512385,1.0638120569246137,0.003570313310774509,0.019191358238458633
2,waypoint_37,30.0,-0.1167604361042246,-0.7565540276512385,1.0638120569246137,0.0032428433769382536,0.01727449521422386
3,waypoint_37,30.0,-0.1167604361042246,-0.7565540276512385,1.0638120569246137,0.0037716131373599637,0.010656160302460194
4,waypoint_37,30.0,-0.1167604361042246,-0.7565540276512385,1.0638120569246137,0.004039506620756583,0.0030158613808453083
5,waypoint_37,30.0,-0.1167604361042246,-0.7565540276512385,1.0638120569246137,0.002396076979493955,0.004714339971542358
6,waypoint_37,30.0,-0.1167604361042246,-0.7565540276512385,1.0638120569246137,0.0034050701742671663,0.0035576787777245045
7,waypoint_37,30.0,-0.1167604361042246,-0.7565540276512385,1.0638120569246137,303.4764230251312,0.0
8,waypoint_37,30.0,-0.1167604361042246,-0.7565540276512385,1.0638120569246137,271.5739905834198,0.0
9,waypoint_37,30.0,-0.1167604361042246,-0.7565540276512385,1.0638120569246137,258.3988308906555,0.0
10,waypoint_37,30.0,-0.1167604361042246,-0.7565540276512385,1.0638120569246137,312.353640794754,0.0
11,waypoint_37,30.0,-0.1167604361042246,-0.7565540276512385,1.0638120569246137,371.07884883880615,0.0
12,waypoint_37,30.0,-0.1167604361042246,-0.7565540276512385,1.0638120569246137,424.4745969772339,0.0
13,waypoint_37,30.0,-0.1167604361042246,-0.7565540276512385,1.0638120569246137,458.6910009384155,0.0
14,waypoint_37,30.0,-0.1167604361042246,-0.7565540276512385,1.0638120569246137,673.9889979362488,0.0
0,waypoint_38,30.0,-0.0967604361042248,-0.7565540276512385,1.0638120569246137,181.85032904148102,0.0
1,waypoint_38,30.0,-0.0967604361042248,-0.7565540276512385,1.0638120569246137,0.007445572009601165,0.018209291622042656
2,waypoint_38,30.0,-0.0967604361042248,-0.7565540276512385,1.0638120569246137,0.011103755241492763,0.018190767616033554
3,waypoint_38,30.0,-0.0967604361042248,-0.7565540276512385,1.0638120569246137,0.010171982466999907,0.01216148678213358
4,waypoint_38,30.0,-0.0967604361042248,-0.7565540276512385,1.0638120569246137,0.009813067663344555,0.004391717724502087
5,waypoint_38,30.0,-0.0967604361042248,-0.7565540276512385,1.0638120569246137,0.011643519428616855,0.0035553467459976673
6,waypoint_38,30.0,-0.0967604361042248,-0.7565540276512385,1.0638120569246137,0.011402788913983386,0.00585061963647604
7,waypoint_38,30.0,-0.0967604361042248,-0.7565540276512385,1.0638120569246137,312.91884183883667,0.0
8,waypoint_38,30.0,-0.0967604361042248,-0.7565540276512385,1.0638120569246137,273.1233239173889,0.0
9,waypoint_38,30.0,-0.0967604361042248,-0.7565540276512385,1.0638120569246137,260.3497803211212,0.0
10,waypoint_38,30.0,-0.0967604361042248,-0.7565540276512385,1.0638120569246137,304.93462085723877,0.0
11,waypoint_38,30.0,-0.0967604361042248,-0.7565540276512385,1.0638120569246137,359.3142628669739,0.0
12,waypoint_38,30.0,-0.0967604361042248,-0.7565540276512385,1.0638120569246137,412.3859405517578,0.0
13,waypoint_38,30.0,-0.0967604361042248,-0.7565540276512385,1.0638120569246137,443.67387890815735,0.0
14,waypoint_38,30.0,-0.0967604361042248,-0.7565540276512385,1.0638120569246137,657.23717212677,0.0
0,waypoint_38,15.0,-0.0967604361042248,-0.7565540276512385,1.0638120569246137,176.78219079971313,0.0
1,waypoint_38,15.0,-0.0967604361042248,-0.7565540276512385,1.0638120569246137,0.004268707925803028,0.024470416828989983
2,waypoint_38,15.0,-0.0967604361042248,-0.7565540276512385,1.0638120569246137,0.0037242173220874975,0.020531566813588142
3,waypoint_38,15.0,-0.0967604361042248,-0.7565540276512385,1.0638120569246137,0.003198720833097468,0.01287263073027134
4,waypoint_38,15.0,-0.0967604361042248,-0.7565540276512385,1.0638120569246137,0.003389088760741288,0.003904447890818119
5,waypoint_38,15.0,-0.0967604361042248,-0.7565540276512385,1.0638120569246137,0.016057450920925476,0.00550002371892333
6,waypoint_38,15.0,-0.0967604361042248,-0.7565540276512385,1.0638120569246137,0.03590048072510399,0.012635155580937862
7,waypoint_38,15.0,-0.0967604361042248,-0.7565540276512385,1.0638120569246137,317.3028826713562,0.0
8,waypoint_38,15.0,-0.0967604361042248,-0.7565540276512385,1.0638120569246137,299.59166049957275,0.0
9,waypoint_38,15.0,-0.0967604361042248,-0.7565540276512385,1.0638120569246137,273.27728271484375,0.0
10,waypoint_38,15.0,-0.0967604361042248,-0.7565540276512385,1.0638120569246137,321.56482338905334,0.0
11,waypoint_38,15.0,-0.0967604361042248,-0.7565540276512385,1.0638120569246137,383.5781216621399,0.0
12,waypoint_38,15.0,-0.0967604361042248,-0.7565540276512385,1.0638120569246137,421.2298095226288,0.0
13,waypoint_38,15.0,-0.0967604361042248,-0.7565540276512385,1.0638120569246137,455.000638961792,0.0
14,waypoint_38,15.0,-0.0967604361042248,-0.7565540276512385,1.0638120569246137,671.8820333480835,0.0
0,waypoint_38,0.0,-0.0967604361042248,-0.7565540276512385,1.0638120569246137,72.59529829025269,0.0
1,waypoint_38,0.0,-0.0967604361042248,-0.7565540276512385,1.0638120569246137,0.0037227860048005823,0.028397344052791595
2,waypoint_38,0.0,-0.0967604361042248,-0.7565540276512385,1.0638120569246137,0.0045126662371330895,0.02213294431567192
3,waypoint_38,0.0,-0.0967604361042248,-0.7565540276512385,1.0638120569246137,0.004933882337354589,0.01355879008769989
4,waypoint_38,0.0,-0.0967604361042248,-0.7565540276512385,1.0638120569246137,0.006806683359172894,0.004057665821164846
5,waypoint_38,0.0,-0.0967604361042248,-0.7565540276512385,1.0638120569246137,0.005448529464047169,0.006001903209835291
6,waypoint_38,0.0,-0.0967604361042248,-0.7565540276512385,1.0638120569246137,0.007221331088658189,0.015440989285707474
7,waypoint_38,0.0,-0.0967604361042248,-0.7565540276512385,1.0638120569246137,322.6257860660553,0.0
8,waypoint_38,0.0,-0.0967604361042248,-0.7565540276512385,1.0638120569246137,319.78946924209595,0.0
9,waypoint_38,0.0,-0.0967604361042248,-0.7565540276512385,1.0638120569246137,283.62035751342773,0.0
10,waypoint_38,0.0,-0.0967604361042248,-0.7565540276512385,1.0638120569246137,345.86101770401,0.0
11,waypoint_38,0.0,-0.0967604361042248,-0.7565540276512385,1.0638120569246137,411.53421998023987,0.0
12,waypoint_38,0.0,-0.0967604361042248,-0.7565540276512385,1.0638120569246137,417.5758361816406,0.0
13,waypoint_38,0.0,-0.0967604361042248,-0.7565540276512385,1.0638120569246137,461.19725704193115,0.0
14,waypoint_38,0.0,-0.0967604361042248,-0.7565540276512385,1.0638120569246137,688.8148784637451,0.0
0,waypoint_38,-15.0,-0.0967604361042248,-0.7565540276512385,1.0638120569246137,110.99579930305481,0.0
1,waypoint_38,-15.0,-0.0967604361042248,-0.7565540276512385,1.0638120569246137,0.0036901967632729793,0.030656544491648674
2,waypoint_38,-15.0,-0.0967604361042248,-0.7565540276512385,1.0638120569246137,0.004046097274112981,0.022944428026676178
3,waypoint_38,-15.0,-0.0967604361042248,-0.7565540276512385,1.0638120569246137,0.0057332108553964645,0.014026097021996975
4,waypoint_38,-15.0,-0.0967604361042248,-0.7565540276512385,1.0638120569246137,0.006133489023341099,0.0046535152941942215
5,waypoint_38,-15.0,-0.0967604361042248,-0.7565540276512385,1.0638120569246137,0.0019405865714361425,0.005746066104620695
6,waypoint_38,-15.0,-0.0967604361042248,-0.7565540276512385,1.0638120569246137,0.003900462616002187,0.01638607494533062
7,waypoint_38,-15.0,-0.0967604361042248,-0.7565540276512385,1.0638120569246137,327.7738392353058,0.0
8,waypoint_38,-15.0,-0.0967604361042248,-0.7565540276512385,1.0638120569246137,340.3664529323578,0.0
9,waypoint_38,-15.0,-0.0967604361042248,-0.7565540276512385,1.0638120569246137,292.7623391151428,0.0
10,waypoint_38,-15.0,-0.0967604361042248,-0.7565540276512385,1.0638120569246137,372.3301589488983,0.0
11,waypoint_38,-15.0,-0.0967604361042248,-0.7565540276512385,1.0638120569246137,429.83031272888184,0.0
12,waypoint_38,-15.0,-0.0967604361042248,-0.7565540276512385,1.0638120569246137,419.0167486667633,0.0
13,waypoint_38,-15.0,-0.0967604361042248,-0.7565540276512385,1.0638120569246137,467.8056538105011,0.0
14,waypoint_38,-15.0,-0.0967604361042248,-0.7565540276512385,1.0638120569246137,722.6496338844299,0.0
0,waypoint_38,-30.0,-0.0967604361042248,-0.7565540276512385,1.0638120569246137,176.95215344429016,0.0
1,waypoint_38,-30.0,-0.0967604361042248,-0.7565540276512385,1.0638120569246137,0.0039846049730840605,0.031603045761585236
2,waypoint_38,-30.0,-0.0967604361042248,-0.7565540276512385,1.0638120569246137,0.004726464339910308,0.0229876097291708
3,waypoint_38,-30.0,-0.0967604361042248,-0.7565540276512385,1.0638120569246137,0.005213958502281457,0.014115685597062111
4,waypoint_38,-30.0,-0.0967604361042248,-0.7565540276512385,1.0638120569246137,0.00585006773690111,0.005302738398313522
5,waypoint_38,-30.0,-0.0967604361042248,-0.7565540276512385,1.0638120569246137,0.0036000415093440097,0.005076774396002293
6,waypoint_38,-30.0,-0.0967604361042248,-0.7565540276512385,1.0638120569246137,0.004913323209621012,0.01617388054728508
7,waypoint_38,-30.0,-0.0967604361042248,-0.7565540276512385,1.0638120569246137,330.53815364837646,0.0
8,waypoint_38,-30.0,-0.0967604361042248,-0.7565540276512385,1.0638120569246137,344.4930613040924,0.0
9,waypoint_38,-30.0,-0.0967604361042248,-0.7565540276512385,1.0638120569246137,296.58177495002747,0.0
10,waypoint_38,-30.0,-0.0967604361042248,-0.7565540276512385,1.0638120569246137,383.7505280971527,0.0
11,waypoint_38,-30.0,-0.0967604361042248,-0.7565540276512385,1.0638120569246137,439.08804655075073,0.0
12,waypoint_38,-30.0,-0.0967604361042248,-0.7565540276512385,1.0638120569246137,421.560138463974,0.0
13,waypoint_38,-30.0,-0.0967604361042248,-0.7565540276512385,1.0638120569246137,481.2208116054535,0.0
14,waypoint_38,-30.0,-0.0967604361042248,-0.7565540276512385,1.0638120569246137,751.3071894645691,0.0
0,waypoint_39,-30.0,-0.07676043610422456,-0.7565540276512385,1.0638120569246137,161.45215928554535,0.0
1,waypoint_39,-30.0,-0.07676043610422456,-0.7565540276512385,1.0638120569246137,2.2690955083817244,0.0
2,waypoint_39,-30.0,-0.07676043610422456,-0.7565540276512385,1.0638120569246137,2.7888943441212177,0.0
3,waypoint_39,-30.0,-0.07676043610422456,-0.7565540276512385,1.0638120569246137,2.986971056088805,0.0
4,waypoint_39,-30.0,-0.07676043610422456,-0.7565540276512385,1.0638120569246137,2.5944674853235483,0.0
5,waypoint_39,-30.0,-0.07676043610422456,-0.7565540276512385,1.0638120569246137,1.9094736780971289,0.0
6,waypoint_39,-30.0,-0.07676043610422456,-0.7565540276512385,1.0638120569246137,1.2889642966911197,0.013955284841358662
7,waypoint_39,-30.0,-0.07676043610422456,-0.7565540276512385,1.0638120569246137,336.9971811771393,0.0
8,waypoint_39,-30.0,-0.07676043610422456,-0.7565540276512385,1.0638120569246137,349.07132387161255,0.0
9,waypoint_39,-30.0,-0.07676043610422456,-0.7565540276512385,1.0638120569246137,295.2520251274109,0.0
10,waypoint_39,-30.0,-0.07676043610422456,-0.7565540276512385,1.0638120569246137,373.6015260219574,0.0
11,waypoint_39,-30.0,-0.07676043610422456,-0.7565540276512385,1.0638120569246137,428.6791980266571,0.0
12,waypoint_39,-30.0,-0.07676043610422456,-0.7565540276512385,1.0638120569246137,410.8004570007324,0.0
13,waypoint_39,-30.0,-0.07676043610422456,-0.7565540276512385,1.0638120569246137,465.0806188583374,0.0
14,waypoint_39,-30.0,-0.07676043610422456,-0.7565540276512385,1.0638120569246137,733.2314252853394,0.0
0,waypoint_39,-15.0,-0.07676043610422456,-0.7565540276512385,1.0638120569246137,110.34988611936569,0.0
1,waypoint_39,-15.0,-0.07676043610422456,-0.7565540276512385,1.0638120569246137,0.5763118388131261,0.031905509531497955
2,waypoint_39,-15.0,-0.07676043610422456,-0.7565540276512385,1.0638120569246137,0.587102142162621,0.02463994175195694
3,waypoint_39,-15.0,-0.07676043610422456,-0.7565540276512385,1.0638120569246137,0.6697977660223842,0.015823740512132645
4,waypoint_39,-15.0,-0.07676043610422456,-0.7565540276512385,1.0638120569246137,0.8586226031184196,0.006555661559104919
5,waypoint_39,-15.0,-0.07676043610422456,-0.7565540276512385,1.0638120569246137,1.1776688043028116,0.0036703816149383783
6,waypoint_39,-15.0,-0.07676043610422456,-0.7565540276512385,1.0638120569246137,1.173467142507434,0.0143399303779006
7,waypoint_39,-15.0,-0.07676043610422456,-0.7565540276512385,1.0638120569246137,338.1340205669403,0.0
8,waypoint_39,-15.0,-0.07676043610422456,-0.7565540276512385,1.0638120569246137,343.6279594898224,0.0
9,waypoint_39,-15.0,-0.07676043610422456,-0.7565540276512385,1.0638120569246137,294.1961884498596,0.0
10,waypoint_39,-15.0,-0.07676043610422456,-0.7565540276512385,1.0638120569246137,366.2864565849304,0.0
11,waypoint_39,-15.0,-0.07676043610422456,-0.7565540276512385,1.0638120569246137,422.0536947250366,0.0
12,waypoint_39,-15.0,-0.07676043610422456,-0.7565540276512385,1.0638120569246137,411.1146628856659,0.0
13,waypoint_39,-15.0,-0.07676043610422456,-0.7565540276512385,1.0638120569246137,460.1447582244873,0.0
14,waypoint_39,-15.0,-0.07676043610422456,-0.7565540276512385,1.0638120569246137,728.3105850219727,0.0
0,waypoint_39,0.0,-0.07676043610422456,-0.7565540276512385,1.0638120569246137,95.43751180171967,0.0
1,waypoint_39,0.0,-0.07676043610422456,-0.7565540276512385,1.0638120569246137,6.1113969422876835,0.0
2,waypoint_39,0.0,-0.07676043610422456,-0.7565540276512385,1.0638120569246137,7.170993369072676,0.0
3,waypoint_39,0.0,-0.07676043610422456,-0.7565540276512385,1.0638120569246137,9.172849357128143,0.0
4,waypoint_39,0.0,-0.07676043610422456,-0.7565540276512385,1.0638120569246137,11.680972762405872,0.0
5,waypoint_39,0.0,-0.07676043610422456,-0.7565540276512385,1.0638120569246137,17.140327021479607,0.0
6,waypoint_39,0.0,-0.07676043610422456,-0.7565540276512385,1.0638120569246137,17.946507781744003,0.0
7,waypoint_39,0.0,-0.07676043610422456,-0.7565540276512385,1.0638120569246137,336.9310796260834,0.0
8,waypoint_39,0.0,-0.07676043610422456,-0.7565540276512385,1.0638120569246137,340.02652764320374,0.0
9,waypoint_39,0.0,-0.07676043610422456,-0.7565540276512385,1.0638120569246137,293.14443469047546,0.0
10,waypoint_39,0.0,-0.07676043610422456,-0.7565540276512385,1.0638120569246137,361.5368902683258,0.0
11,waypoint_39,0.0,-0.07676043610422456,-0.7565540276512385,1.0638120569246137,413.76951336860657,0.0
12,waypoint_39,0.0,-0.07676043610422456,-0.7565540276512385,1.0638120569246137,410.5939567089081,0.0
13,waypoint_39,0.0,-0.07676043610422456,-0.7565540276512385,1.0638120569246137,459.72931385040283,0.0
14,waypoint_39,0.0,-0.07676043610422456,-0.7565540276512385,1.0638120569246137,722.4661707878113,0.0
0,waypoint_39,15.0,-0.07676043610422456,-0.7565540276512385,1.0638120569246137,1.3217662926763296,4.7137164074229077e-05
1,waypoint_39,15.0,-0.07676043610422456,-0.7565540276512385,1.0638120569246137,0.28296836535446346,0.024314504116773605
2,waypoint_39,15.0,-0.07676043610422456,-0.7565540276512385,1.0638120569246137,0.3400348068680614,0.02175893634557724
3,waypoint_39,15.0,-0.07676043610422456,-0.7565540276512385,1.0638120569246137,0.3907273057848215,0.014572761952877045
4,waypoint_39,15.0,-0.07676043610422456,-0.7565540276512385,1.0638120569246137,0.6476499838754535,0.005738141480833292
5,waypoint_39,15.0,-0.07676043610422456,-0.7565540276512385,1.0638120569246137,0.6293078768067062,0.0038129983004182577
6,waypoint_39,15.0,-0.07676043610422456,-0.7565540276512385,1.0638120569246137,0.7483172812499106,0.011686904355883598
7,waypoint_39,15.0,-0.07676043610422456,-0.7565540276512385,1.0638120569246137,329.1870057582855,0.0
8,waypoint_39,15.0,-0.07676043610422456,-0.7565540276512385,1.0638120569246137,306.5032958984375,0.0
9,waypoint_39,15.0,-0.07676043610422456,-0.7565540276512385,1.0638120569246137,275.1868963241577,0.0
10,waypoint_39,15.0,-0.07676043610422456,-0.7565540276512385,1.0638120569246137,316.99517369270325,0.0
11,waypoint_39,15.0,-0.07676043610422456,-0.7565540276512385,1.0638120569246137,369.42601203918457,0.0
12,waypoint_39,15.0,-0.07676043610422456,-0.7565540276512385,1.0638120569246137,404.88114953041077,0.0
13,waypoint_39,15.0,-0.07676043610422456,-0.7565540276512385,1.0638120569246137,441.9611394405365,0.0
14,waypoint_39,15.0,-0.07676043610422456,-0.7565540276512385,1.0638120569246137,676.4211058616638,0.0
0,waypoint_39,30.0,-0.07676043610422456,-0.7565540276512385,1.0638120569246137,6.405682768672705,0.0
1,waypoint_39,30.0,-0.07676043610422456,-0.7565540276512385,1.0638120569246137,7.379795424640179,0.0
2,waypoint_39,30.0,-0.07676043610422456,-0.7565540276512385,1.0638120569246137,7.435016334056854,0.0
3,waypoint_39,30.0,-0.07676043610422456,-0.7565540276512385,1.0638120569246137,8.190109394490719,0.0
4,waypoint_39,30.0,-0.07676043610422456,-0.7565540276512385,1.0638120569246137,8.46097432076931,0.0
5,waypoint_39,30.0,-0.07676043610422456,-0.7565540276512385,1.0638120569246137,15.118821524083614,0.0
6,waypoint_39,30.0,-0.07676043610422456,-0.7565540276512385,1.0638120569246137,15.573902986943722,0.0
7,waypoint_39,30.0,-0.07676043610422456,-0.7565540276512385,1.0638120569246137,327.25855708122253,0.0
8,waypoint_39,30.0,-0.07676043610422456,-0.7565540276512385,1.0638120569246137,300.74527859687805,0.0
9,waypoint_39,30.0,-0.07676043610422456,-0.7565540276512385,1.0638120569246137,272.27336168289185,0.0
10,waypoint_39,30.0,-0.07676043610422456,-0.7565540276512385,1.0638120569246137,307.3992431163788,0.0
11,waypoint_39,30.0,-0.07676043610422456,-0.7565540276512385,1.0638120569246137,363.8247549533844,0.0
12,waypoint_39,30.0,-0.07676043610422456,-0.7565540276512385,1.0638120569246137,404.1711688041687,0.0
13,waypoint_39,30.0,-0.07676043610422456,-0.7565540276512385,1.0638120569246137,438.8302266597748,0.0
14,waypoint_39,30.0,-0.07676043610422456,-0.7565540276512385,1.0638120569246137,672.1649765968323,0.0
0,waypoint_40,30.0,-0.056760436104224765,-0.7565540276512385,1.0638120569246137,213.85152637958527,0.0
1,waypoint_40,30.0,-0.056760436104224765,-0.7565540276512385,1.0638120569246137,0.013389702871791087,0.012682214379310608
2,waypoint_40,30.0,-0.056760436104224765,-0.7565540276512385,1.0638120569246137,0.014745374755875673,0.019289560616016388
3,waypoint_40,30.0,-0.056760436104224765,-0.7565540276512385,1.0638120569246137,0.011336796887917444,0.01494595780968666
4,waypoint_40,30.0,-0.056760436104224765,-0.7565540276512385,1.0638120569246137,0.008850637641444337,0.007521850522607565
5,waypoint_40,30.0,-0.056760436104224765,-0.7565540276512385,1.0638120569246137,124.85300749540329,0.0
6,waypoint_40,30.0,-0.056760436104224765,-0.7565540276512385,1.0638120569246137,0.010781122000480536,0.00628157053142786
7,waypoint_40,30.0,-0.056760436104224765,-0.7565540276512385,1.0638120569246137,333.34600925445557,0.0
8,waypoint_40,30.0,-0.056760436104224765,-0.7565540276512385,1.0638120569246137,290.3227210044861,0.0
9,waypoint_40,30.0,-0.056760436104224765,-0.7565540276512385,1.0638120569246137,264.8966908454895,0.0
10,waypoint_40,30.0,-0.056760436104224765,-0.7565540276512385,1.0638120569246137,288.2729768753052,0.0
11,waypoint_40,30.0,-0.056760436104224765,-0.7565540276512385,1.0638120569246137,334.6947729587555,0.0
12,waypoint_40,30.0,-0.056760436104224765,-0.7565540276512385,1.0638120569246137,385.5803310871124,0.0
13,waypoint_40,30.0,-0.056760436104224765,-0.7565540276512385,1.0638120569246137,411.8620455265045,0.0
14,waypoint_40,30.0,-0.056760436104224765,-0.7565540276512385,1.0638120569246137,629.4764876365662,0.0
0,waypoint_40,15.0,-0.056760436104224765,-0.7565540276512385,1.0638120569246137,259.325236082077,0.0
1,waypoint_40,15.0,-0.056760436104224765,-0.7565540276512385,1.0638120569246137,0.2563124871812761,0.023592641577124596
2,waypoint_40,15.0,-0.056760436104224765,-0.7565540276512385,1.0638120569246137,0.2249873214168474,0.02278403751552105
3,waypoint_40,15.0,-0.056760436104224765,-0.7565540276512385,1.0638120569246137,0.22175852791406214,0.01618831977248192
4,waypoint_40,15.0,-0.056760436104224765,-0.7565540276512385,1.0638120569246137,0.20911864703521132,0.007560655940324068
5,waypoint_40,15.0,-0.056760436104224765,-0.7565540276512385,1.0638120569246137,1.0352465324103832,0.0019703474827110767
6,waypoint_40,15.0,-0.056760436104224765,-0.7565540276512385,1.0638120569246137,0.9330425527878106,0.010311650112271309
7,waypoint_40,15.0,-0.056760436104224765,-0.7565540276512385,1.0638120569246137,336.6672992706299,0.0
8,waypoint_40,15.0,-0.056760436104224765,-0.7565540276512385,1.0638120569246137,312.52312660217285,0.0
9,waypoint_40,15.0,-0.056760436104224765,-0.7565540276512385,1.0638120569246137,277.42549777030945,0.0
10,waypoint_40,15.0,-0.056760436104224765,-0.7565540276512385,1.0638120569246137,305.6366443634033,0.0
11,waypoint_40,15.0,-0.056760436104224765,-0.7565540276512385,1.0638120569246137,361.59467697143555,0.0
12,waypoint_40,15.0,-0.056760436104224765,-0.7565540276512385,1.0638120569246137,395.0718939304352,0.0
13,waypoint_40,15.0,-0.056760436104224765,-0.7565540276512385,1.0638120569246137,424.17287826538086,0.0
14,waypoint_40,15.0,-0.056760436104224765,-0.7565540276512385,1.0638120569246137,647.0724940299988,0.0
0,waypoint_40,0.0,-0.056760436104224765,-0.7565540276512385,1.0638120569246137,207.52845704555511,0.0
1,waypoint_40,0.0,-0.056760436104224765,-0.7565540276512385,1.0638120569246137,7.401955779641867,0.0
2,waypoint_40,0.0,-0.056760436104224765,-0.7565540276512385,1.0638120569246137,7.461911998689175,0.0
3,waypoint_40,0.0,-0.056760436104224765,-0.7565540276512385,1.0638120569246137,8.190610446035862,0.0
4,waypoint_40,0.0,-0.056760436104224765,-0.7565540276512385,1.0638120569246137,9.076233021914959,0.0
5,waypoint_40,0.0,-0.056760436104224765,-0.7565540276512385,1.0638120569246137,11.022842489182949,0.0
6,waypoint_40,0.0,-0.056760436104224765,-0.7565540276512385,1.0638120569246137,14.040667563676834,0.0
7,waypoint_40,0.0,-0.056760436104224765,-0.7565540276512385,1.0638120569246137,338.2389545440674,0.0
8,waypoint_40,0.0,-0.056760436104224765,-0.7565540276512385,1.0638120569246137,318.0539309978485,0.0
9,waypoint_40,0.0,-0.056760436104224765,-0.7565540276512385,1.0638120569246137,280.46172857284546,0.0
10,waypoint_40,0.0,-0.056760436104224765,-0.7565540276512385,1.0638120569246137,315.64149260520935,0.0
11,waypoint_40,0.0,-0.056760436104224765,-0.7565540276512385,1.0638120569246137,367.47610569000244,0.0
12,waypoint_40,0.0,-0.056760436104224765,-0.7565540276512385,1.0638120569246137,395.297110080719,0.0
13,waypoint_40,0.0,-0.056760436104224765,-0.7565540276512385,1.0638120569246137,427.4653196334839,0.0
14,waypoint_40,0.0,-0.056760436104224765,-0.7565540276512385,1.0638120569246137,652.7277827262878,0.0
0,waypoint_40,-15.0,-0.056760436104224765,-0.7565540276512385,1.0638120569246137,90.15990048646927,0.0
1,waypoint_40,-15.0,-0.056760436104224765,-0.7565540276512385,1.0638120569246137,0.33490106579847634,0.03294864296913147
2,waypoint_40,-15.0,-0.056760436104224765,-0.7565540276512385,1.0638120569246137,0.4114554903935641,0.026330580934882164
3,waypoint_40,-15.0,-0.056760436104224765,-0.7565540276512385,1.0638120569246137,0.4465480742510408,0.017663171514868736
4,waypoint_40,-15.0,-0.056760436104224765,-0.7565540276512385,1.0638120569246137,0.7982772658579051,0.00848614051938057
5,waypoint_40,-15.0,-0.056760436104224765,-0.7565540276512385,1.0638120569246137,1.1112012434750795,0.0016734643140807748
6,waypoint_40,-15.0,-0.056760436104224765,-0.7565540276512385,1.0638120569246137,0.894026889000088,0.012111491523683071
7,waypoint_40,-15.0,-0.056760436104224765,-0.7565540276512385,1.0638120569246137,345.68342566490173,0.0
8,waypoint_40,-15.0,-0.056760436104224765,-0.7565540276512385,1.0638120569246137,346.0015654563904,0.0
9,waypoint_40,-15.0,-0.056760436104224765,-0.7565540276512385,1.0638120569246137,294.7058975696564,0.0
10,waypoint_40,-15.0,-0.056760436104224765,-0.7565540276512385,1.0638120569246137,356.0514748096466,0.0
11,waypoint_40,-15.0,-0.056760436104224765,-0.7565540276512385,1.0638120569246137,406.66463971138,0.0
12,waypoint_40,-15.0,-0.056760436104224765,-0.7565540276512385,1.0638120569246137,397.1451222896576,0.0
13,waypoint_40,-15.0,-0.056760436104224765,-0.7565540276512385,1.0638120569246137,440.4864013195038,0.0
14,waypoint_40,-15.0,-0.056760436104224765,-0.7565540276512385,1.0638120569246137,694.1856145858765,0.0
0,waypoint_40,-30.0,-0.056760436104224765,-0.7565540276512385,1.0638120569246137,107.5313463807106,0.0
1,waypoint_40,-30.0,-0.056760436104224765,-0.7565540276512385,1.0638120569246137,5.37829427048564,0.0
2,waypoint_40,-30.0,-0.056760436104224765,-0.7565540276512385,1.0638120569246137,6.508657708764076,0.0
3,waypoint_40,-30.0,-0.056760436104224765,-0.7565540276512385,1.0638120569246137,8.305991999804974,0.0
4,waypoint_40,-30.0,-0.056760436104224765,-0.7565540276512385,1.0638120569246137,10.983158834278584,0.0
5,waypoint_40,-30.0,-0.056760436104224765,-0.7565540276512385,1.0638120569246137,11.712170206010342,0.0
6,waypoint_40,-30.0,-0.056760436104224765,-0.7565540276512385,1.0638120569246137,16.346629709005356,0.0
7,waypoint_40,-30.0,-0.056760436104224765,-0.7565540276512385,1.0638120569246137,346.46162390708923,0.0
8,waypoint_40,-30.0,-0.056760436104224765,-0.7565540276512385,1.0638120569246137,348.350465297699,0.0
9,waypoint_40,-30.0,-0.056760436104224765,-0.7565540276512385,1.0638120569246137,297.16336727142334,0.0
10,waypoint_40,-30.0,-0.056760436104224765,-0.7565540276512385,1.0638120569246137,357.7219545841217,0.0
11,waypoint_40,-30.0,-0.056760436104224765,-0.7565540276512385,1.0638120569246137,412.56701946258545,0.0
12,waypoint_40,-30.0,-0.056760436104224765,-0.7565540276512385,1.0638120569246137,397.70790934562683,0.0
13,waypoint_40,-30.0,-0.056760436104224765,-0.7565540276512385,1.0638120569246137,439.8016333580017,0.0
14,waypoint_40,-30.0,-0.056760436104224765,-0.7565540276512385,1.0638120569246137,696.0548162460327,0.0
0,waypoint_41,-30.0,-0.23676043610422387,-0.7304170035653912,1.056401224630453,369.1307008266449,0.0
1,waypoint_41,-30.0,-0.23676043610422387,-0.7304170035653912,1.056401224630453,1.4644169714301825,0.018611185252666473
2,waypoint_41,-30.0,-0.23676043610422387,-0.7304170035653912,1.056401224630453,0.6415553507395089,0.010353544726967812
3,waypoint_41,-30.0,-0.23676043610422387,-0.7304170035653912,1.056401224630453,0.26090661413036287,0.0019953649025410414
4,waypoint_41,-30.0,-0.23676043610422387,-0.7304170035653912,1.056401224630453,0.39584183832630515,0.009025931358337402
5,waypoint_41,-30.0,-0.23676043610422387,-0.7304170035653912,1.056401224630453,0.7693371153436601,0.020634643733501434
6,waypoint_41,-30.0,-0.23676043610422387,-0.7304170035653912,1.056401224630453,0.3324142307974398,0.03062060847878456
7,waypoint_41,-30.0,-0.23676043610422387,-0.7304170035653912,1.056401224630453,303.2604455947876,0.0
8,waypoint_41,-30.0,-0.23676043610422387,-0.7304170035653912,1.056401224630453,400.2895653247833,0.0
9,waypoint_41,-30.0,-0.23676043610422387,-0.7304170035653912,1.056401224630453,333.56523513793945,0.0
10,waypoint_41,-30.0,-0.23676043610422387,-0.7304170035653912,1.056401224630453,467.63381361961365,0.0
11,waypoint_41,-30.0,-0.23676043610422387,-0.7304170035653912,1.056401224630453,546.2504029273987,0.0
12,waypoint_41,-30.0,-0.23676043610422387,-0.7304170035653912,1.056401224630453,511.07949018478394,0.0
13,waypoint_41,-30.0,-0.23676043610422387,-0.7304170035653912,1.056401224630453,586.0815644264221,0.0
14,waypoint_41,-30.0,-0.23676043610422387,-0.7304170035653912,1.056401224630453,865.690290927887,0.0
0,waypoint_41,-15.0,-0.23676043610422387,-0.7304170035653912,1.056401224630453,363.46206068992615,0.0
1,waypoint_41,-15.0,-0.23676043610422387,-0.7304170035653912,1.056401224630453,5.851837806403637,0.0
2,waypoint_41,-15.0,-0.23676043610422387,-0.7304170035653912,1.056401224630453,9.128989651799202,0.0
3,waypoint_41,-15.0,-0.23676043610422387,-0.7304170035653912,1.056401224630453,10.652067139744759,0.0
4,waypoint_41,-15.0,-0.23676043610422387,-0.7304170035653912,1.056401224630453,16.875559464097023,0.0
5,waypoint_41,-15.0,-0.23676043610422387,-0.7304170035653912,1.056401224630453,18.741540610790253,0.0
6,waypoint_41,-15.0,-0.23676043610422387,-0.7304170035653912,1.056401224630453,19.175706431269646,0.0
7,waypoint_41,-15.0,-0.23676043610422387,-0.7304170035653912,1.056401224630453,301.376074552536,0.0
8,waypoint_41,-15.0,-0.23676043610422387,-0.7304170035653912,1.056401224630453,397.81543612480164,0.0
9,waypoint_41,-15.0,-0.23676043610422387,-0.7304170035653912,1.056401224630453,333.32398533821106,0.0
10,waypoint_41,-15.0,-0.23676043610422387,-0.7304170035653912,1.056401224630453,466.70499444007874,0.0
11,waypoint_41,-15.0,-0.23676043610422387,-0.7304170035653912,1.056401224630453,546.3237166404724,0.0
12,waypoint_41,-15.0,-0.23676043610422387,-0.7304170035653912,1.056401224630453,511.83587312698364,0.0
13,waypoint_41,-15.0,-0.23676043610422387,-0.7304170035653912,1.056401224630453,583.4389328956604,0.0
14,waypoint_41,-15.0,-0.23676043610422387,-0.7304170035653912,1.056401224630453,860.1978421211243,0.0
0,waypoint_41,0.0,-0.23676043610422387,-0.7304170035653912,1.056401224630453,307.06697702407837,0.0
1,waypoint_41,0.0,-0.23676043610422387,-0.7304170035653912,1.056401224630453,0.30828939634375274,0.019047286361455917
2,waypoint_41,0.0,-0.23676043610422387,-0.7304170035653912,1.056401224630453,0.32084694248624146,0.010111589916050434
3,waypoint_41,0.0,-0.23676043610422387,-0.7304170035653912,1.056401224630453,1.4190981164574623,0.0001568242150824517
4,waypoint_41,0.0,-0.23676043610422387,-0.7304170035653912,1.056401224630453,1.0081439977511764,0.010126795619726181
5,waypoint_41,0.0,-0.23676043610422387,-0.7304170035653912,1.056401224630453,1.2043361784890294,0.01963384822010994
6,waypoint_41,0.0,-0.23676043610422387,-0.7304170035653912,1.056401224630453,1.2160459300503135,0.02256256714463234
7,waypoint_41,0.0,-0.23676043610422387,-0.7304170035653912,1.056401224630453,289.3425524234772,0.0
8,waypoint_41,0.0,-0.23676043610422387,-0.7304170035653912,1.056401224630453,361.8187606334686,0.0
9,waypoint_41,0.0,-0.23676043610422387,-0.7304170035653912,1.056401224630453,299.55002665519714,0.0
10,waypoint_41,0.0,-0.23676043610422387,-0.7304170035653912,1.056401224630453,437.81405687332153,0.0
11,waypoint_41,0.0,-0.23676043610422387,-0.7304170035653912,1.056401224630453,514.0568614006042,0.0
12,waypoint_41,0.0,-0.23676043610422387,-0.7304170035653912,1.056401224630453,498.32895398139954,0.0
13,waypoint_41,0.0,-0.23676043610422387,-0.7304170035653912,1.056401224630453,565.5523538589478,0.0
14,waypoint_41,0.0,-0.23676043610422387,-0.7304170035653912,1.056401224630453,827.3460865020752,0.0
0,waypoint_41,15.0,-0.23676043610422387,-0.7304170035653912,1.056401224630453,312.1401369571686,0.0
1,waypoint_41,15.0,-0.23676043610422387,-0.7304170035653912,1.056401224630453,7.765123620629311,0.0
2,waypoint_41,15.0,-0.23676043610422387,-0.7304170035653912,1.056401224630453,9.588178247213364,0.0
3,waypoint_41,15.0,-0.23676043610422387,-0.7304170035653912,1.056401224630453,9.432516060769558,0.0
4,waypoint_41,15.0,-0.23676043610422387,-0.7304170035653912,1.056401224630453,16.165589913725853,0.0
5,waypoint_41,15.0,-0.23676043610422387,-0.7304170035653912,1.056401224630453,17.452426254749298,0.0
6,waypoint_41,15.0,-0.23676043610422387,-0.7304170035653912,1.056401224630453,18.298262730240822,0.0
7,waypoint_41,15.0,-0.23676043610422387,-0.7304170035653912,1.056401224630453,286.2128019332886,0.0
8,waypoint_41,15.0,-0.23676043610422387,-0.7304170035653912,1.056401224630453,354.05218601226807,0.0
9,waypoint_41,15.0,-0.23676043610422387,-0.7304170035653912,1.056401224630453,293.33820939064026,0.0
10,waypoint_41,15.0,-0.23676043610422387,-0.7304170035653912,1.056401224630453,429.8389256000519,0.0
11,waypoint_41,15.0,-0.23676043610422387,-0.7304170035653912,1.056401224630453,506.56843185424805,0.0
12,waypoint_41,15.0,-0.23676043610422387,-0.7304170035653912,1.056401224630453,497.3953664302826,0.0
13,waypoint_41,15.0,-0.23676043610422387,-0.7304170035653912,1.056401224630453,563.6656880378723,0.0
14,waypoint_41,15.0,-0.23676043610422387,-0.7304170035653912,1.056401224630453,823.302686214447,0.0
0,waypoint_41,30.0,-0.23676043610422387,-0.7304170035653912,1.056401224630453,72.32806086540222,0.0
1,waypoint_41,30.0,-0.23676043610422387,-0.7304170035653912,1.056401224630453,0.0037012516713730292,0.01771555282175541
2,waypoint_41,30.0,-0.23676043610422387,-0.7304170035653912,1.056401224630453,0.008163007805706002,0.0097815515473485
3,waypoint_41,30.0,-0.23676043610422387,-0.7304170035653912,1.056401224630453,170.55515944957733,0.0
4,waypoint_41,30.0,-0.23676043610422387,-0.7304170035653912,1.056401224630453,0.01701856126601342,0.00763680087402463
5,waypoint_41,30.0,-0.23676043610422387,-0.7304170035653912,1.056401224630453,0.03226698390790261,0.010263570584356785
6,waypoint_41,30.0,-0.23676043610422387,-0.7304170035653912,1.056401224630453,95.82097083330154,0.0
7,waypoint_41,30.0,-0.23676043610422387,-0.7304170035653912,1.056401224630453,263.70060443878174,0.0
8,waypoint_41,30.0,-0.23676043610422387,-0.7304170035653912,1.056401224630453,310.2661669254303,0.0
9,waypoint_41,30.0,-0.23676043610422387,-0.7304170035653912,1.056401224630453,262.042760848999,0.0
10,waypoint_41,30.0,-0.23676043610422387,-0.7304170035653912,1.056401224630453,384.44337248802185,0.0
11,waypoint_41,30.0,-0.23676043610422387,-0.7304170035653912,1.056401224630453,460.64382791519165,0.0
12,waypoint_41,30.0,-0.23676043610422387,-0.7304170035653912,1.056401224630453,481.3680946826935,0.0
13,waypoint_41,30.0,-0.23676043610422387,-0.7304170035653912,1.056401224630453,544.0678000450134,0.0
14,waypoint_41,30.0,-0.23676043610422387,-0.7304170035653912,1.056401224630453,780.5883884429932,0.0
0,waypoint_42,30.0,-0.2167604361042243,-0.7304170035653912,1.056401224630453,73.70645552873611,0.0
1,waypoint_42,30.0,-0.2167604361042243,-0.7304170035653912,1.056401224630453,0.5676188156940043,0.019159695133566856
2,waypoint_42,30.0,-0.2167604361042243,-0.7304170035653912,1.056401224630453,0.5631474195979536,0.011541702784597874
3,waypoint_42,30.0,-0.2167604361042243,-0.7304170035653912,1.056401224630453,1.0809845989570022,0.003069683676585555
4,waypoint_42,30.0,-0.2167604361042243,-0.7304170035653912,1.056401224630453,0.5424133851192892,0.006203061435371637
5,waypoint_42,30.0,-0.2167604361042243,-0.7304170035653912,1.056401224630453,0.5910838372074068,0.010765092447400093
6,waypoint_42,30.0,-0.2167604361042243,-0.7304170035653912,1.056401224630453,30.291471630334854,0.0
7,waypoint_42,30.0,-0.2167604361042243,-0.7304170035653912,1.056401224630453,265.2382552623749,0.0
8,waypoint_42,30.0,-0.2167604361042243,-0.7304170035653912,1.056401224630453,303.6794364452362,0.0
9,waypoint_42,30.0,-0.2167604361042243,-0.7304170035653912,1.056401224630453,254.4688880443573,0.0
10,waypoint_42,30.0,-0.2167604361042243,-0.7304170035653912,1.056401224630453,368.3631718158722,0.0
11,waypoint_42,30.0,-0.2167604361042243,-0.7304170035653912,1.056401224630453,444.7019100189209,0.0
12,waypoint_42,30.0,-0.2167604361042243,-0.7304170035653912,1.056401224630453,466.1566913127899,0.0
13,waypoint_42,30.0,-0.2167604361042243,-0.7304170035653912,1.056401224630453,526.8700122833252,0.0
14,waypoint_42,30.0,-0.2167604361042243,-0.7304170035653912,1.056401224630453,762.698233127594,0.0
0,waypoint_42,15.0,-0.2167604361042243,-0.7304170035653912,1.056401224630453,71.28368318080902,0.0
1,waypoint_42,15.0,-0.2167604361042243,-0.7304170035653912,1.056401224630453,7.3843300342559814,0.0
2,waypoint_42,15.0,-0.2167604361042243,-0.7304170035653912,1.056401224630453,8.04116576910019,0.0
3,waypoint_42,15.0,-0.2167604361042243,-0.7304170035653912,1.056401224630453,7.638704031705856,0.0
4,waypoint_42,15.0,-0.2167604361042243,-0.7304170035653912,1.056401224630453,14.391408301889896,0.0
5,waypoint_42,15.0,-0.2167604361042243,-0.7304170035653912,1.056401224630453,15.658771619200706,0.0
6,waypoint_42,15.0,-0.2167604361042243,-0.7304170035653912,1.056401224630453,34.16651859879494,0.0
7,waypoint_42,15.0,-0.2167604361042243,-0.7304170035653912,1.056401224630453,268.69502663612366,0.0
8,waypoint_42,15.0,-0.2167604361042243,-0.7304170035653912,1.056401224630453,310.96506118774414,0.0
9,waypoint_42,15.0,-0.2167604361042243,-0.7304170035653912,1.056401224630453,261.82156801223755,0.0
10,waypoint_42,15.0,-0.2167604361042243,-0.7304170035653912,1.056401224630453,376.0281503200531,0.0
11,waypoint_42,15.0,-0.2167604361042243,-0.7304170035653912,1.056401224630453,451.38880610466003,0.0
12,waypoint_42,15.0,-0.2167604361042243,-0.7304170035653912,1.056401224630453,467.85858273506165,0.0
13,waypoint_42,15.0,-0.2167604361042243,-0.7304170035653912,1.056401224630453,529.9347639083862,0.0
14,waypoint_42,15.0,-0.2167604361042243,-0.7304170035653912,1.056401224630453,766.5606737136841,0.0
0,waypoint_42,0.0,-0.2167604361042243,-0.7304170035653912,1.056401224630453,61.02282181382179,0.0
1,waypoint_42,0.0,-0.2167604361042243,-0.7304170035653912,1.056401224630453,0.239892557146959,0.020801903679966927
2,waypoint_42,0.0,-0.2167604361042243,-0.7304170035653912,1.056401224630453,0.3547496162354946,0.011991940438747406
3,waypoint_42,0.0,-0.2167604361042243,-0.7304170035653912,1.056401224630453,0.9139140602201223,0.0023484211415052414
4,waypoint_42,0.0,-0.2167604361042243,-0.7304170035653912,1.056401224630453,1.4513959176838398,0.007964391261339188
5,waypoint_42,0.0,-0.2167604361042243,-0.7304170035653912,1.056401224630453,0.4989931476302445,0.017885467037558556
6,waypoint_42,0.0,-0.2167604361042243,-0.7304170035653912,1.056401224630453,0.4266579053364694,0.023094329982995987
7,waypoint_42,0.0,-0.2167604361042243,-0.7304170035653912,1.056401224630453,284.9324643611908,0.0
8,waypoint_42,0.0,-0.2167604361042243,-0.7304170035653912,1.056401224630453,356.0969829559326,0.0
9,waypoint_42,0.0,-0.2167604361042243,-0.7304170035653912,1.056401224630453,286.9878113269806,0.0
10,waypoint_42,0.0,-0.2167604361042243,-0.7304170035653912,1.056401224630453,414.23311829566956,0.0
11,waypoint_42,0.0,-0.2167604361042243,-0.7304170035653912,1.056401224630453,496.16411328315735,0.0
12,waypoint_42,0.0,-0.2167604361042243,-0.7304170035653912,1.056401224630453,483.14812779426575,0.0
13,waypoint_42,0.0,-0.2167604361042243,-0.7304170035653912,1.056401224630453,546.3202595710754,0.0
14,waypoint_42,0.0,-0.2167604361042243,-0.7304170035653912,1.056401224630453,795.9092855453491,0.0
0,waypoint_42,-15.0,-0.2167604361042243,-0.7304170035653912,1.056401224630453,65.93026965856552,0.0
1,waypoint_42,-15.0,-0.2167604361042243,-0.7304170035653912,1.056401224630453,7.532544434070587,0.0
2,waypoint_42,-15.0,-0.2167604361042243,-0.7304170035653912,1.056401224630453,9.454706683754921,0.0
3,waypoint_42,-15.0,-0.2167604361042243,-0.7304170035653912,1.056401224630453,3.5139715764671564,0.0
4,waypoint_42,-15.0,-0.2167604361042243,-0.7304170035653912,1.056401224630453,15.587639063596725,0.0
5,waypoint_42,-15.0,-0.2167604361042243,-0.7304170035653912,1.056401224630453,16.576247289776802,0.0
6,waypoint_42,-15.0,-0.2167604361042243,-0.7304170035653912,1.056401224630453,16.61927066743374,0.0
7,waypoint_42,-15.0,-0.2167604361042243,-0.7304170035653912,1.056401224630453,288.814514875412,0.0
8,waypoint_42,-15.0,-0.2167604361042243,-0.7304170035653912,1.056401224630453,362.08683252334595,0.0
9,waypoint_42,-15.0,-0.2167604361042243,-0.7304170035653912,1.056401224630453,289.8358106613159,0.0
10,waypoint_42,-15.0,-0.2167604361042243,-0.7304170035653912,1.056401224630453,418.4388220310211,0.0
11,waypoint_42,-15.0,-0.2167604361042243,-0.7304170035653912,1.056401224630453,503.1670331954956,0.0
12,waypoint_42,-15.0,-0.2167604361042243,-0.7304170035653912,1.056401224630453,483.4592938423157,0.0
13,waypoint_42,-15.0,-0.2167604361042243,-0.7304170035653912,1.056401224630453,550.1512289047241,0.0
14,waypoint_42,-15.0,-0.2167604361042243,-0.7304170035653912,1.056401224630453,802.7336001396179,0.0
0,waypoint_42,-30.0,-0.2167604361042243,-0.7304170035653912,1.056401224630453,277.9799699783325,0.0
1,waypoint_42,-30.0,-0.2167604361042243,-0.7304170035653912,1.056401224630453,0.3000567958224565,0.02032352238893509
2,waypoint_42,-30.0,-0.2167604361042243,-0.7304170035653912,1.056401224630453,0.3151200944557786,0.012002008967101574
3,waypoint_42,-30.0,-0.2167604361042243,-0.7304170035653912,1.056401224630453,1.4692028053104877,0.0035884000826627016
4,waypoint_42,-30.0,-0.2167604361042243,-0.7304170035653912,1.056401224630453,0.8195074624381959,0.006784043274819851
5,waypoint_42,-30.0,-0.2167604361042243,-0.7304170035653912,1.056401224630453,0.9633282315917313,0.01827389746904373
6,waypoint_42,-30.0,-0.2167604361042243,-0.7304170035653912,1.056401224630453,0.6057195132598281,0.02898532524704933
7,waypoint_42,-30.0,-0.2167604361042243,-0.7304170035653912,1.056401224630453,302.31642723083496,0.0
8,waypoint_42,-30.0,-0.2167604361042243,-0.7304170035653912,1.056401224630453,401.0066092014313,0.0
9,waypoint_42,-30.0,-0.2167604361042243,-0.7304170035653912,1.056401224630453,310.6310963630676,0.0
10,waypoint_42,-30.0,-0.2167604361042243,-0.7304170035653912,1.056401224630453,451.5363574028015,0.0
11,waypoint_42,-30.0,-0.2167604361042243,-0.7304170035653912,1.056401224630453,533.3697199821472,0.0
12,waypoint_42,-30.0,-0.2167604361042243,-0.7304170035653912,1.056401224630453,489.12322521209717,0.0
13,waypoint_42,-30.0,-0.2167604361042243,-0.7304170035653912,1.056401224630453,568.006694316864,0.0
14,waypoint_42,-30.0,-0.2167604361042243,-0.7304170035653912,1.056401224630453,836.7416858673096,0.0
0,waypoint_43,-30.0,-0.1967604361042245,-0.7304170035653912,1.056401224630453,265.10605216026306,0.0
1,waypoint_43,-30.0,-0.1967604361042245,-0.7304170035653912,1.056401224630453,1.109893317334354,0.02221159264445305
2,waypoint_43,-30.0,-0.1967604361042245,-0.7304170035653912,1.056401224630453,1.113405916839838,0.013745928183197975
3,waypoint_43,-30.0,-0.1967604361042245,-0.7304170035653912,1.056401224630453,1.2170859845355153,0.005371655337512493
4,waypoint_43,-30.0,-0.1967604361042245,-0.7304170035653912,1.056401224630453,1.1294845025986433,0.004583038855344057
5,waypoint_43,-30.0,-0.1967604361042245,-0.7304170035653912,1.056401224630453,1.2512421235442162,0.01580076850950718
6,waypoint_43,-30.0,-0.1967604361042245,-0.7304170035653912,1.056401224630453,1.560643082484603,0.0
7,waypoint_43,-30.0,-0.1967604361042245,-0.7304170035653912,1.056401224630453,303.5183846950531,0.0
8,waypoint_43,-30.0,-0.1967604361042245,-0.7304170035653912,1.056401224630453,398.8184928894043,0.0
9,waypoint_43,-30.0,-0.1967604361042245,-0.7304170035653912,1.056401224630453,303.28208208084106,0.0
10,waypoint_43,-30.0,-0.1967604361042245,-0.7304170035653912,1.056401224630453,438.5276138782501,0.0
11,waypoint_43,-30.0,-0.1967604361042245,-0.7304170035653912,1.056401224630453,518.4176564216614,0.0
12,waypoint_43,-30.0,-0.1967604361042245,-0.7304170035653912,1.056401224630453,474.1944670677185,0.0
13,waypoint_43,-30.0,-0.1967604361042245,-0.7304170035653912,1.056401224630453,551.1536598205566,0.0
14,waypoint_43,-30.0,-0.1967604361042245,-0.7304170035653912,1.056401224630453,820.4089999198914,0.0
0,waypoint_43,-15.0,-0.1967604361042245,-0.7304170035653912,1.056401224630453,258.832186460495,0.0
1,waypoint_43,-15.0,-0.1967604361042245,-0.7304170035653912,1.056401224630453,5.932805594056845,0.0
2,waypoint_43,-15.0,-0.1967604361042245,-0.7304170035653912,1.056401224630453,8.198339492082596,0.0
3,waypoint_43,-15.0,-0.1967604361042245,-0.7304170035653912,1.056401224630453,11.205581948161125,0.0
4,waypoint_43,-15.0,-0.1967604361042245,-0.7304170035653912,1.056401224630453,16.78234338760376,0.0
5,waypoint_43,-15.0,-0.1967604361042245,-0.7304170035653912,1.056401224630453,18.125995993614197,0.0
6,waypoint_43,-15.0,-0.1967604361042245,-0.7304170035653912,1.056401224630453,18.52389983832836,0.0
7,waypoint_43,-15.0,-0.1967604361042245,-0.7304170035653912,1.056401224630453,301.75140500068665,0.0
8,waypoint_43,-15.0,-0.1967604361042245,-0.7304170035653912,1.056401224630453,397.3914086818695,0.0
9,waypoint_43,-15.0,-0.1967604361042245,-0.7304170035653912,1.056401224630453,303.2936453819275,0.0
10,waypoint_43,-15.0,-0.1967604361042245,-0.7304170035653912,1.056401224630453,438.09425830841064,0.0
11,waypoint_43,-15.0,-0.1967604361042245,-0.7304170035653912,1.056401224630453,514.6715044975281,0.0
12,waypoint_43,-15.0,-0.1967604361042245,-0.7304170035653912,1.056401224630453,474.8728573322296,0.0
13,waypoint_43,-15.0,-0.1967604361042245,-0.7304170035653912,1.056401224630453,548.1727719306946,0.0
14,waypoint_43,-15.0,-0.1967604361042245,-0.7304170035653912,1.056401224630453,814.8311972618103,0.0
0,waypoint_43,0.0,-0.1967604361042245,-0.7304170035653912,1.056401224630453,172.2748875617981,0.0
1,waypoint_43,0.0,-0.1967604361042245,-0.7304170035653912,1.056401224630453,0.467271835077554,0.02251792512834072
2,waypoint_43,0.0,-0.1967604361042245,-0.7304170035653912,1.056401224630453,0.4852649290114641,0.01383946556597948
3,waypoint_43,0.0,-0.1967604361042245,-0.7304170035653912,1.056401224630453,0.5804633256047964,0.004319023806601763
4,waypoint_43,0.0,-0.1967604361042245,-0.7304170035653912,1.056401224630453,1.119166612625122,0.005956715438514948
5,waypoint_43,0.0,-0.1967604361042245,-0.7304170035653912,1.056401224630453,1.032239873893559,0.016180193051695824
6,waypoint_43,0.0,-0.1967604361042245,-0.7304170035653912,1.056401224630453,2.53077270463109,0.0
7,waypoint_43,0.0,-0.1967604361042245,-0.7304170035653912,1.056401224630453,292.20953583717346,0.0
8,waypoint_43,0.0,-0.1967604361042245,-0.7304170035653912,1.056401224630453,366.87812209129333,0.0
9,waypoint_43,0.0,-0.1967604361042245,-0.7304170035653912,1.056401224630453,286.0334515571594,0.0
10,waypoint_43,0.0,-0.1967604361042245,-0.7304170035653912,1.056401224630453,409.180611371994,0.0
11,waypoint_43,0.0,-0.1967604361042245,-0.7304170035653912,1.056401224630453,481.97728395462036,0.0
12,waypoint_43,0.0,-0.1967604361042245,-0.7304170035653912,1.056401224630453,470.21859884262085,0.0
13,waypoint_43,0.0,-0.1967604361042245,-0.7304170035653912,1.056401224630453,533.5698127746582,0.0
14,waypoint_43,0.0,-0.1967604361042245,-0.7304170035653912,1.056401224630453,791.3088202476501,0.0
0,waypoint_43,15.0,-0.1967604361042245,-0.7304170035653912,1.056401224630453,171.04999721050262,0.0
1,waypoint_43,15.0,-0.1967604361042245,-0.7304170035653912,1.056401224630453,7.149952929466963,0.0
2,waypoint_43,15.0,-0.1967604361042245,-0.7304170035653912,1.056401224630453,8.759559132158756,0.0
3,waypoint_43,15.0,-0.1967604361042245,-0.7304170035653912,1.056401224630453,9.538895450532436,0.0
4,waypoint_43,15.0,-0.1967604361042245,-0.7304170035653912,1.056401224630453,15.965793281793594,0.0
5,waypoint_43,15.0,-0.1967604361042245,-0.7304170035653912,1.056401224630453,16.8144553899765,0.0
6,waypoint_43,15.0,-0.1967604361042245,-0.7304170035653912,1.056401224630453,18.552904948592186,0.0
7,waypoint_43,15.0,-0.1967604361042245,-0.7304170035653912,1.056401224630453,289.0641987323761,0.0
8,waypoint_43,15.0,-0.1967604361042245,-0.7304170035653912,1.056401224630453,360.0279688835144,0.0
9,waypoint_43,15.0,-0.1967604361042245,-0.7304170035653912,1.056401224630453,280.67827224731445,0.0
10,waypoint_43,15.0,-0.1967604361042245,-0.7304170035653912,1.056401224630453,401.5882611274719,0.0
11,waypoint_43,15.0,-0.1967604361042245,-0.7304170035653912,1.056401224630453,476.89107060432434,0.0
12,waypoint_43,15.0,-0.1967604361042245,-0.7304170035653912,1.056401224630453,468.69635581970215,0.0
13,waypoint_43,15.0,-0.1967604361042245,-0.7304170035653912,1.056401224630453,532.1440696716309,0.0
14,waypoint_43,15.0,-0.1967604361042245,-0.7304170035653912,1.056401224630453,785.696804523468,0.0
0,waypoint_43,30.0,-0.1967604361042245,-0.7304170035653912,1.056401224630453,75.82105696201324,0.0
1,waypoint_43,30.0,-0.1967604361042245,-0.7304170035653912,1.056401224630453,0.3348967875353992,0.020420091226696968
2,waypoint_43,30.0,-0.1967604361042245,-0.7304170035653912,1.056401224630453,0.3854420210700482,0.013182530179619789
3,waypoint_43,30.0,-0.1967604361042245,-0.7304170035653912,1.056401224630453,1.4770932029932737,0.004619617480784655
4,waypoint_43,30.0,-0.1967604361042245,-0.7304170035653912,1.056401224630453,0.19259381224401295,0.004801000002771616
5,waypoint_43,30.0,-0.1967604361042245,-0.7304170035653912,1.056401224630453,0.27750528533943,0.010665529407560825
6,waypoint_43,30.0,-0.1967604361042245,-0.7304170035653912,1.056401224630453,4.26102988421917,0.0
7,waypoint_43,30.0,-0.1967604361042245,-0.7304170035653912,1.056401224630453,269.4045901298523,0.0
8,waypoint_43,30.0,-0.1967604361042245,-0.7304170035653912,1.056401224630453,314.92817401885986,0.0
9,waypoint_43,30.0,-0.1967604361042245,-0.7304170035653912,1.056401224630453,248.76148998737335,0.0
10,waypoint_43,30.0,-0.1967604361042245,-0.7304170035653912,1.056401224630453,360.5216145515442,0.0
11,waypoint_43,30.0,-0.1967604361042245,-0.7304170035653912,1.056401224630453,430.44447898864746,0.0
12,waypoint_43,30.0,-0.1967604361042245,-0.7304170035653912,1.056401224630453,453.89971137046814,0.0
13,waypoint_43,30.0,-0.1967604361042245,-0.7304170035653912,1.056401224630453,510.2531313896179,0.0
14,waypoint_43,30.0,-0.1967604361042245,-0.7304170035653912,1.056401224630453,745.864987373352,0.0
0,waypoint_44,30.0,-0.17676043610422398,-0.7304170035653912,1.056401224630453,67.35885888338089,0.0
1,waypoint_44,30.0,-0.17676043610422398,-0.7304170035653912,1.056401224630453,0.8071326883509755,0.021597716957330704
2,waypoint_44,30.0,-0.17676043610422398,-0.7304170035653912,1.056401224630453,0.9028616477735341,0.014879770576953888
3,waypoint_44,30.0,-0.17676043610422398,-0.7304170035653912,1.056401224630453,1.012444612570107,0.006406329106539488
4,waypoint_44,30.0,-0.17676043610422398,-0.7304170035653912,1.056401224630453,1.128078904002905,0.003120998153463006
5,waypoint_44,30.0,-0.17676043610422398,-0.7304170035653912,1.056401224630453,1.4258130686357617,0.009852509014308453
6,waypoint_44,30.0,-0.17676043610422398,-0.7304170035653912,1.056401224630453,2.4028648622334003,0.0
7,waypoint_44,30.0,-0.17676043610422398,-0.7304170035653912,1.056401224630453,273.8465666770935,0.0
8,waypoint_44,30.0,-0.17676043610422398,-0.7304170035653912,1.056401224630453,310.390442609787,0.0
9,waypoint_44,30.0,-0.17676043610422398,-0.7304170035653912,1.056401224630453,244.9914664030075,0.0
10,waypoint_44,30.0,-0.17676043610422398,-0.7304170035653912,1.056401224630453,347.80922532081604,0.0
11,waypoint_44,30.0,-0.17676043610422398,-0.7304170035653912,1.056401224630453,414.39157724380493,0.0
12,waypoint_44,30.0,-0.17676043610422398,-0.7304170035653912,1.056401224630453,438.90026211738586,0.0
13,waypoint_44,30.0,-0.17676043610422398,-0.7304170035653912,1.056401224630453,493.51024627685547,0.0
14,waypoint_44,30.0,-0.17676043610422398,-0.7304170035653912,1.056401224630453,726.4341711997986,0.0
0,waypoint_44,15.0,-0.17676043610422398,-0.7304170035653912,1.056401224630453,78.76273989677429,0.0
1,waypoint_44,15.0,-0.17676043610422398,-0.7304170035653912,1.056401224630453,6.84984540566802,0.0
2,waypoint_44,15.0,-0.17676043610422398,-0.7304170035653912,1.056401224630453,7.227340713143349,0.0
3,waypoint_44,15.0,-0.17676043610422398,-0.7304170035653912,1.056401224630453,7.392670027911663,0.0
4,waypoint_44,15.0,-0.17676043610422398,-0.7304170035653912,1.056401224630453,13.379538431763649,0.0
5,waypoint_44,15.0,-0.17676043610422398,-0.7304170035653912,1.056401224630453,13.8077512383461,0.0
6,waypoint_44,15.0,-0.17676043610422398,-0.7304170035653912,1.056401224630453,28.13054621219635,0.0
7,waypoint_44,15.0,-0.17676043610422398,-0.7304170035653912,1.056401224630453,276.2984037399292,0.0
8,waypoint_44,15.0,-0.17676043610422398,-0.7304170035653912,1.056401224630453,317.12397933006287,0.0
9,waypoint_44,15.0,-0.17676043610422398,-0.7304170035653912,1.056401224630453,252.13104486465454,0.0
10,waypoint_44,15.0,-0.17676043610422398,-0.7304170035653912,1.056401224630453,355.41605949401855,0.0
11,waypoint_44,15.0,-0.17676043610422398,-0.7304170035653912,1.056401224630453,420.4677939414978,0.0
12,waypoint_44,15.0,-0.17676043610422398,-0.7304170035653912,1.056401224630453,440.82051515579224,0.0
13,waypoint_44,15.0,-0.17676043610422398,-0.7304170035653912,1.056401224630453,496.58408761024475,0.0
14,waypoint_44,15.0,-0.17676043610422398,-0.7304170035653912,1.056401224630453,730.2491664886475,0.0
0,waypoint_44,0.0,-0.17676043610422398,-0.7304170035653912,1.056401224630453,95.59910744428635,0.0
1,waypoint_44,0.0,-0.17676043610422398,-0.7304170035653912,1.056401224630453,0.3544862265698612,0.02418770268559456
2,waypoint_44,0.0,-0.17676043610422398,-0.7304170035653912,1.056401224630453,0.3995360457338393,0.015675930306315422
3,waypoint_44,0.0,-0.17676043610422398,-0.7304170035653912,1.056401224630453,1.1285473592579365,0.006295152008533478
4,waypoint_44,0.0,-0.17676043610422398,-0.7304170035653912,1.056401224630453,0.44315788545645773,0.003767730202525854
5,waypoint_44,0.0,-0.17676043610422398,-0.7304170035653912,1.056401224630453,0.9782831184566021,0.014087553136050701
6,waypoint_44,0.0,-0.17676043610422398,-0.7304170035653912,1.056401224630453,11.941456235945225,0.0
7,waypoint_44,0.0,-0.17676043610422398,-0.7304170035653912,1.056401224630453,289.1670763492584,0.0
8,waypoint_44,0.0,-0.17676043610422398,-0.7304170035653912,1.056401224630453,360.2299094200134,0.0
9,waypoint_44,0.0,-0.17676043610422398,-0.7304170035653912,1.056401224630453,277.78732776641846,0.0
10,waypoint_44,0.0,-0.17676043610422398,-0.7304170035653912,1.056401224630453,390.90490341186523,0.0
11,waypoint_44,0.0,-0.17676043610422398,-0.7304170035653912,1.056401224630453,463.64685893058777,0.0
12,waypoint_44,0.0,-0.17676043610422398,-0.7304170035653912,1.056401224630453,455.7947814464569,0.0
13,waypoint_44,0.0,-0.17676043610422398,-0.7304170035653912,1.056401224630453,512.5128030776978,0.0
14,waypoint_44,0.0,-0.17676043610422398,-0.7304170035653912,1.056401224630453,759.0444087982178,0.0
0,waypoint_44,-15.0,-0.17676043610422398,-0.7304170035653912,1.056401224630453,100.33562779426575,0.0
1,waypoint_44,-15.0,-0.17676043610422398,-0.7304170035653912,1.056401224630453,7.026038598269224,0.0
2,waypoint_44,-15.0,-0.17676043610422398,-0.7304170035653912,1.056401224630453,8.63196887075901,0.0
3,waypoint_44,-15.0,-0.17676043610422398,-0.7304170035653912,1.056401224630453,11.110980063676834,0.0
4,waypoint_44,-15.0,-0.17676043610422398,-0.7304170035653912,1.056401224630453,15.170867554843426,0.0
5,waypoint_44,-15.0,-0.17676043610422398,-0.7304170035653912,1.056401224630453,15.92351496219635,0.0
6,waypoint_44,-15.0,-0.17676043610422398,-0.7304170035653912,1.056401224630453,17.79056340456009,0.0
7,waypoint_44,-15.0,-0.17676043610422398,-0.7304170035653912,1.056401224630453,289.06238079071045,0.0
8,waypoint_44,-15.0,-0.17676043610422398,-0.7304170035653912,1.056401224630453,364.63841795921326,0.0
9,waypoint_44,-15.0,-0.17676043610422398,-0.7304170035653912,1.056401224630453,280.3467810153961,0.0
10,waypoint_44,-15.0,-0.17676043610422398,-0.7304170035653912,1.056401224630453,394.0277397632599,0.0
11,waypoint_44,-15.0,-0.17676043610422398,-0.7304170035653912,1.056401224630453,470.76666355133057,0.0
12,waypoint_44,-15.0,-0.17676043610422398,-0.7304170035653912,1.056401224630453,455.75085282325745,0.0
13,waypoint_44,-15.0,-0.17676043610422398,-0.7304170035653912,1.056401224630453,516.4071917533875,0.0
14,waypoint_44,-15.0,-0.17676043610422398,-0.7304170035653912,1.056401224630453,766.2703394889832,0.0
0,waypoint_44,-30.0,-0.17676043610422398,-0.7304170035653912,1.056401224630453,245.50151824951172,0.0
1,waypoint_44,-30.0,-0.17676043610422398,-0.7304170035653912,1.056401224630453,0.5689308745786548,0.02396589145064354
2,waypoint_44,-30.0,-0.17676043610422398,-0.7304170035653912,1.056401224630453,0.5591426743194461,0.01535892952233553
3,waypoint_44,-30.0,-0.17676043610422398,-0.7304170035653912,1.056401224630453,0.7263054139912128,0.0070023261941969395
4,waypoint_44,-30.0,-0.17676043610422398,-0.7304170035653912,1.056401224630453,1.3211921323090792,0.002700324170291424
5,waypoint_44,-30.0,-0.17676043610422398,-0.7304170035653912,1.056401224630453,1.1457228101789951,0.013543391600251198
6,waypoint_44,-30.0,-0.17676043610422398,-0.7304170035653912,1.056401224630453,1.4992905780673027,0.025056570768356323
7,waypoint_44,-30.0,-0.17676043610422398,-0.7304170035653912,1.056401224630453,297.4875569343567,0.0
8,waypoint_44,-30.0,-0.17676043610422398,-0.7304170035653912,1.056401224630453,388.46883177757263,0.0
9,waypoint_44,-30.0,-0.17676043610422398,-0.7304170035653912,1.056401224630453,297.7500855922699,0.0
10,waypoint_44,-30.0,-0.17676043610422398,-0.7304170035653912,1.056401224630453,420.8015501499176,0.0
11,waypoint_44,-30.0,-0.17676043610422398,-0.7304170035653912,1.056401224630453,500.2599358558655,0.0
12,waypoint_44,-30.0,-0.17676043610422398,-0.7304170035653912,1.056401224630453,464.60652351379395,0.0
13,waypoint_44,-30.0,-0.17676043610422398,-0.7304170035653912,1.056401224630453,532.6464176177979,0.0
14,waypoint_44,-30.0,-0.17676043610422398,-0.7304170035653912,1.056401224630453,797.749936580658,0.0
0,waypoint_45,-30.0,-0.1567604361042244,-0.7304170035653912,1.056401224630453,236.09429597854614,0.0
1,waypoint_45,-30.0,-0.1567604361042244,-0.7304170035653912,1.056401224630453,0.9653732995502651,0.025893207639455795
2,waypoint_45,-30.0,-0.1567604361042244,-0.7304170035653912,1.056401224630453,0.9689283324405551,0.01712663657963276
3,waypoint_45,-30.0,-0.1567604361042244,-0.7304170035653912,1.056401224630453,0.9633771260268986,0.008743328973650932
4,waypoint_45,-30.0,-0.1567604361042244,-0.7304170035653912,1.056401224630453,1.409235643222928,0.0011337195755913854
5,waypoint_45,-30.0,-0.1567604361042244,-0.7304170035653912,1.056401224630453,1.0146162239834666,0.011142544448375702
6,waypoint_45,-30.0,-0.1567604361042244,-0.7304170035653912,1.056401224630453,1.1956454254686832,0.022807134315371513
7,waypoint_45,-30.0,-0.1567604361042244,-0.7304170035653912,1.056401224630453,299.6229827404022,0.0
8,waypoint_45,-30.0,-0.1567604361042244,-0.7304170035653912,1.056401224630453,385.5321705341339,0.0
9,waypoint_45,-30.0,-0.1567604361042244,-0.7304170035653912,1.056401224630453,292.42950677871704,0.0
10,waypoint_45,-30.0,-0.1567604361042244,-0.7304170035653912,1.056401224630453,407.7551066875458,0.0
11,waypoint_45,-30.0,-0.1567604361042244,-0.7304170035653912,1.056401224630453,488.07492852211,0.0
12,waypoint_45,-30.0,-0.1567604361042244,-0.7304170035653912,1.056401224630453,452.5602161884308,0.0
13,waypoint_45,-30.0,-0.1567604361042244,-0.7304170035653912,1.056401224630453,519.8535323143005,0.0
14,waypoint_45,-30.0,-0.1567604361042244,-0.7304170035653912,1.056401224630453,782.9201221466064,0.0
0,waypoint_45,-15.0,-0.1567604361042244,-0.7304170035653912,1.056401224630453,234.45692658424377,0.0
1,waypoint_45,-15.0,-0.1567604361042244,-0.7304170035653912,1.056401224630453,5.303881596773863,0.0
2,waypoint_45,-15.0,-0.1567604361042244,-0.7304170035653912,1.056401224630453,7.063034921884537,0.0
3,waypoint_45,-15.0,-0.1567604361042244,-0.7304170035653912,1.056401224630453,9.975971654057503,0.0
4,waypoint_45,-15.0,-0.1567604361042244,-0.7304170035653912,1.056401224630453,16.821838915348053,0.0
5,waypoint_45,-15.0,-0.1567604361042244,-0.7304170035653912,1.056401224630453,17.453964799642563,0.0
6,waypoint_45,-15.0,-0.1567604361042244,-0.7304170035653912,1.056401224630453,19.01944912970066,0.0
7,waypoint_45,-15.0,-0.1567604361042244,-0.7304170035653912,1.056401224630453,301.0576665401459,0.0
8,waypoint_45,-15.0,-0.1567604361042244,-0.7304170035653912,1.056401224630453,384.24238562583923,0.0
9,waypoint_45,-15.0,-0.1567604361042244,-0.7304170035653912,1.056401224630453,292.13598370552063,0.0
10,waypoint_45,-15.0,-0.1567604361042244,-0.7304170035653912,1.056401224630453,406.4725935459137,0.0
11,waypoint_45,-15.0,-0.1567604361042244,-0.7304170035653912,1.056401224630453,483.3477735519409,0.0
12,waypoint_45,-15.0,-0.1567604361042244,-0.7304170035653912,1.056401224630453,453.8552165031433,0.0
13,waypoint_45,-15.0,-0.1567604361042244,-0.7304170035653912,1.056401224630453,517.7789330482483,0.0
14,waypoint_45,-15.0,-0.1567604361042244,-0.7304170035653912,1.056401224630453,777.9139876365662,0.0
0,waypoint_45,0.0,-0.1567604361042244,-0.7304170035653912,1.056401224630453,132.9982876777649,0.0
1,waypoint_45,0.0,-0.1567604361042244,-0.7304170035653912,1.056401224630453,0.44737107236869633,0.025786761194467545
2,waypoint_45,0.0,-0.1567604361042244,-0.7304170035653912,1.056401224630453,0.46853613457642496,0.01747216284275055
3,waypoint_45,0.0,-0.1567604361042244,-0.7304170035653912,1.056401224630453,0.5137987318448722,0.008209297433495522
4,waypoint_45,0.0,-0.1567604361042244,-0.7304170035653912,1.056401224630453,1.3279770500957966,0.0018136511789634824
5,waypoint_45,0.0,-0.1567604361042244,-0.7304170035653912,1.056401224630453,1.046090037561953,0.012218402698636055
6,waypoint_45,0.0,-0.1567604361042244,-0.7304170035653912,1.056401224630453,0.4940871149301529,0.021114425733685493
7,waypoint_45,0.0,-0.1567604361042244,-0.7304170035653912,1.056401224630453,287.3114049434662,0.0
8,waypoint_45,0.0,-0.1567604361042244,-0.7304170035653912,1.056401224630453,361.0910177230835,0.0
9,waypoint_45,0.0,-0.1567604361042244,-0.7304170035653912,1.056401224630453,278.38876843452454,0.0
10,waypoint_45,0.0,-0.1567604361042244,-0.7304170035653912,1.056401224630453,384.97769832611084,0.0
11,waypoint_45,0.0,-0.1567604361042244,-0.7304170035653912,1.056401224630453,454.51146364212036,0.0
12,waypoint_45,0.0,-0.1567604361042244,-0.7304170035653912,1.056401224630453,449.555903673172,0.0
13,waypoint_45,0.0,-0.1567604361042244,-0.7304170035653912,1.056401224630453,499.19605255126953,0.0
14,waypoint_45,0.0,-0.1567604361042244,-0.7304170035653912,1.056401224630453,752.9584765434265,0.0
0,waypoint_45,15.0,-0.1567604361042244,-0.7304170035653912,1.056401224630453,129.5199692249298,0.0
1,waypoint_45,15.0,-0.1567604361042244,-0.7304170035653912,1.056401224630453,6.726850755512714,0.0
2,waypoint_45,15.0,-0.1567604361042244,-0.7304170035653912,1.056401224630453,8.024413138628006,0.0
3,waypoint_45,15.0,-0.1567604361042244,-0.7304170035653912,1.056401224630453,9.947367943823338,0.0
4,waypoint_45,15.0,-0.1567604361042244,-0.7304170035653912,1.056401224630453,10.558192618191242,0.0
5,waypoint_45,15.0,-0.1567604361042244,-0.7304170035653912,1.056401224630453,16.38627052307129,0.0
6,waypoint_45,15.0,-0.1567604361042244,-0.7304170035653912,1.056401224630453,16.934460029006004,0.0
7,waypoint_45,15.0,-0.1567604361042244,-0.7304170035653912,1.056401224630453,283.6645841598511,0.0
8,waypoint_45,15.0,-0.1567604361042244,-0.7304170035653912,1.056401224630453,354.5650243759155,0.0
9,waypoint_45,15.0,-0.1567604361042244,-0.7304170035653912,1.056401224630453,275.4324972629547,0.0
10,waypoint_45,15.0,-0.1567604361042244,-0.7304170035653912,1.056401224630453,377.09879875183105,0.0
11,waypoint_45,15.0,-0.1567604361042244,-0.7304170035653912,1.056401224630453,448.9433169364929,0.0
12,waypoint_45,15.0,-0.1567604361042244,-0.7304170035653912,1.056401224630453,447.64068722724915,0.0
13,waypoint_45,15.0,-0.1567604361042244,-0.7304170035653912,1.056401224630453,497.75829911231995,0.0
14,waypoint_45,15.0,-0.1567604361042244,-0.7304170035653912,1.056401224630453,746.0858225822449,0.0
0,waypoint_45,30.0,-0.1567604361042244,-0.7304170035653912,1.056401224630453,56.76153674721718,0.0
1,waypoint_45,30.0,-0.1567604361042244,-0.7304170035653912,1.056401224630453,0.005031211003370117,0.022476814687252045
2,waypoint_45,30.0,-0.1567604361042244,-0.7304170035653912,1.056401224630453,0.003198720833097468,0.016353284940123558
3,waypoint_45,30.0,-0.1567604361042244,-0.7304170035653912,1.056401224630453,0.00978678508545272,0.008048943243920803
4,waypoint_45,30.0,-0.1567604361042244,-0.7304170035653912,1.056401224630453,105.91532289981842,0.0
5,waypoint_45,30.0,-0.1567604361042244,-0.7304170035653912,1.056401224630453,0.017899265003507026,0.008867421187460423
6,waypoint_45,30.0,-0.1567604361042244,-0.7304170035653912,1.056401224630453,0.01273630914511159,0.008627881295979023
7,waypoint_45,30.0,-0.1567604361042244,-0.7304170035653912,1.056401224630453,248.87433648109436,0.0
8,waypoint_45,30.0,-0.1567604361042244,-0.7304170035653912,1.056401224630453,309.4911277294159,0.0
9,waypoint_45,30.0,-0.1567604361042244,-0.7304170035653912,1.056401224630453,252.01305747032166,0.0
10,waypoint_45,30.0,-0.1567604361042244,-0.7304170035653912,1.056401224630453,330.38967847824097,0.0
11,waypoint_45,30.0,-0.1567604361042244,-0.7304170035653912,1.056401224630453,401.1079967021942,0.0
12,waypoint_45,30.0,-0.1567604361042244,-0.7304170035653912,1.056401224630453,432.4279725551605,0.0
13,waypoint_45,30.0,-0.1567604361042244,-0.7304170035653912,1.056401224630453,477.7735769748688,0.0
14,waypoint_45,30.0,-0.1567604361042244,-0.7304170035653912,1.056401224630453,703.5024762153625,0.0
0,waypoint_46,30.0,-0.13676043610422478,-0.7304170035653912,1.056401224630453,42.44045168161392,0.0
1,waypoint_46,30.0,-0.13676043610422478,-0.7304170035653912,1.056401224630453,0.008109080226859078,0.023189602419734
2,waypoint_46,30.0,-0.13676043610422478,-0.7304170035653912,1.056401224630453,0.010907487194344867,0.017833329737186432
3,waypoint_46,30.0,-0.13676043610422478,-0.7304170035653912,1.056401224630453,0.011018963050446473,0.009782524779438972
4,waypoint_46,30.0,-0.13676043610422478,-0.7304170035653912,1.056401224630453,246.1920976638794,0.0
5,waypoint_46,30.0,-0.13676043610422478,-0.7304170035653912,1.056401224630453,0.009902267265715636,0.007634863723069429
6,waypoint_46,30.0,-0.13676043610422478,-0.7304170035653912,1.056401224630453,0.011286899280094076,0.010262684896588326
7,waypoint_46,30.0,-0.13676043610422478,-0.7304170035653912,1.056401224630453,254.79987263679504,0.0
8,waypoint_46,30.0,-0.13676043610422478,-0.7304170035653912,1.056401224630453,305.700808763504,0.0
9,waypoint_46,30.0,-0.13676043610422478,-0.7304170035653912,1.056401224630453,251.16398930549622,0.0
10,waypoint_46,30.0,-0.13676043610422478,-0.7304170035653912,1.056401224630453,319.1557824611664,0.0
11,waypoint_46,30.0,-0.13676043610422478,-0.7304170035653912,1.056401224630453,386.9459927082062,0.0
12,waypoint_46,30.0,-0.13676043610422478,-0.7304170035653912,1.056401224630453,419.01662945747375,0.0
13,waypoint_46,30.0,-0.13676043610422478,-0.7304170035653912,1.056401224630453,461.77709102630615,0.0
14,waypoint_46,30.0,-0.13676043610422478,-0.7304170035653912,1.056401224630453,682.811439037323,0.0
0,waypoint_46,15.0,-0.13676043610422478,-0.7304170035653912,1.056401224630453,87.91492134332657,0.0
1,waypoint_46,15.0,-0.13676043610422478,-0.7304170035653912,1.056401224630453,0.0036959686440241057,0.025700323283672333
2,waypoint_46,15.0,-0.13676043610422478,-0.7304170035653912,1.056401224630453,0.003053247610296239,0.0186941958963871
3,waypoint_46,15.0,-0.13676043610422478,-0.7304170035653912,1.056401224630453,0.00234815070143668,0.009843166917562485
4,waypoint_46,15.0,-0.13676043610422478,-0.7304170035653912,1.056401224630453,171.2738275527954,0.0
5,waypoint_46,15.0,-0.13676043610422478,-0.7304170035653912,1.056401224630453,0.0064373016357421875,0.00950133241713047
6,waypoint_46,15.0,-0.13676043610422478,-0.7304170035653912,1.056401224630453,0.009933834007824771,0.0165335051715374
7,waypoint_46,15.0,-0.13676043610422478,-0.7304170035653912,1.056401224630453,274.73634481430054,0.0
8,waypoint_46,15.0,-0.13676043610422478,-0.7304170035653912,1.056401224630453,335.1510167121887,0.0
9,waypoint_46,15.0,-0.13676043610422478,-0.7304170035653912,1.056401224630453,265.12202620506287,0.0
10,waypoint_46,15.0,-0.13676043610422478,-0.7304170035653912,1.056401224630453,340.1974141597748,0.0
11,waypoint_46,15.0,-0.13676043610422478,-0.7304170035653912,1.056401224630453,411.8580222129822,0.0
12,waypoint_46,15.0,-0.13676043610422478,-0.7304170035653912,1.056401224630453,425.22040009498596,0.0
13,waypoint_46,15.0,-0.13676043610422478,-0.7304170035653912,1.056401224630453,478.69083285331726,0.0
14,waypoint_46,15.0,-0.13676043610422478,-0.7304170035653912,1.056401224630453,701.6711831092834,0.0
0,waypoint_46,0.0,-0.13676043610422478,-0.7304170035653912,1.056401224630453,94.91708874702454,0.0
1,waypoint_46,0.0,-0.13676043610422478,-0.7304170035653912,1.056401224630453,0.004048291884828359,0.027290208265185356
2,waypoint_46,0.0,-0.13676043610422478,-0.7304170035653912,1.056401224630453,0.004199484465061687,0.019242385402321815
3,waypoint_46,0.0,-0.13676043610422478,-0.7304170035653912,1.056401224630453,0.0054066372285888065,0.010109944269061089
4,waypoint_46,0.0,-0.13676043610422478,-0.7304170035653912,1.056401224630453,56.41486868262291,0.0
5,waypoint_46,0.0,-0.13676043610422478,-0.7304170035653912,1.056401224630453,0.004244921910867561,0.010089091025292873
6,waypoint_46,0.0,-0.13676043610422478,-0.7304170035653912,1.056401224630453,0.006201765700097894,0.019559994339942932
7,waypoint_46,0.0,-0.13676043610422478,-0.7304170035653912,1.056401224630453,282.19863772392273,0.0
8,waypoint_46,0.0,-0.13676043610422478,-0.7304170035653912,1.056401224630453,356.99203610420227,0.0
9,waypoint_46,0.0,-0.13676043610422478,-0.7304170035653912,1.056401224630453,273.36370944976807,0.0
10,waypoint_46,0.0,-0.13676043610422478,-0.7304170035653912,1.056401224630453,361.65085434913635,0.0
11,waypoint_46,0.0,-0.13676043610422478,-0.7304170035653912,1.056401224630453,439.0189051628113,0.0
12,waypoint_46,0.0,-0.13676043610422478,-0.7304170035653912,1.056401224630453,427.76763439178467,0.0
13,waypoint_46,0.0,-0.13676043610422478,-0.7304170035653912,1.056401224630453,485.8301877975464,0.0
14,waypoint_46,0.0,-0.13676043610422478,-0.7304170035653912,1.056401224630453,720.0078964233398,0.0
0,waypoint_46,-15.0,-0.13676043610422478,-0.7304170035653912,1.056401224630453,159.09481048583984,0.0
1,waypoint_46,-15.0,-0.13676043610422478,-0.7304170035653912,1.056401224630453,0.4560683446470648,0.02792532928287983
2,waypoint_46,-15.0,-0.13676043610422478,-0.7304170035653912,1.056401224630453,0.5101004499010742,0.019299108535051346
3,waypoint_46,-15.0,-0.13676043610422478,-0.7304170035653912,1.056401224630453,0.5618783179670572,0.010347564704716206
4,waypoint_46,-15.0,-0.13676043610422478,-0.7304170035653912,1.056401224630453,0.4439380136318505,0.0011672009713947773
5,waypoint_46,-15.0,-0.13676043610422478,-0.7304170035653912,1.056401224630453,0.12260285438969731,0.009803470224142075
6,waypoint_46,-15.0,-0.13676043610422478,-0.7304170035653912,1.056401224630453,1.5712615568190813,0.0
7,waypoint_46,-15.0,-0.13676043610422478,-0.7304170035653912,1.056401224630453,294.4357097148895,0.0
8,waypoint_46,-15.0,-0.13676043610422478,-0.7304170035653912,1.056401224630453,379.7428607940674,0.0
9,waypoint_46,-15.0,-0.13676043610422478,-0.7304170035653912,1.056401224630453,286.3423824310303,0.0
10,waypoint_46,-15.0,-0.13676043610422478,-0.7304170035653912,1.056401224630453,383.56900215148926,0.0
11,waypoint_46,-15.0,-0.13676043610422478,-0.7304170035653912,1.056401224630453,462.69744634628296,0.0
12,waypoint_46,-15.0,-0.13676043610422478,-0.7304170035653912,1.056401224630453,429.7387897968292,0.0
13,waypoint_46,-15.0,-0.13676043610422478,-0.7304170035653912,1.056401224630453,491.44691228866577,0.0
14,waypoint_46,-15.0,-0.13676043610422478,-0.7304170035653912,1.056401224630453,743.4386014938354,0.0
0,waypoint_46,-30.0,-0.13676043610422478,-0.7304170035653912,1.056401224630453,164.58749771118164,0.0
1,waypoint_46,-30.0,-0.13676043610422478,-0.7304170035653912,1.056401224630453,5.820916965603828,0.0
2,waypoint_46,-30.0,-0.13676043610422478,-0.7304170035653912,1.056401224630453,7.51785933971405,0.0
3,waypoint_46,-30.0,-0.13676043610422478,-0.7304170035653912,1.056401224630453,10.093203745782375,0.0
4,waypoint_46,-30.0,-0.13676043610422478,-0.7304170035653912,1.056401224630453,10.575227439403534,0.0
5,waypoint_46,-30.0,-0.13676043610422478,-0.7304170035653912,1.056401224630453,16.78934320807457,0.0
6,waypoint_46,-30.0,-0.13676043610422478,-0.7304170035653912,1.056401224630453,17.555100843310356,0.0
7,waypoint_46,-30.0,-0.13676043610422478,-0.7304170035653912,1.056401224630453,297.22481966018677,0.0
8,waypoint_46,-30.0,-0.13676043610422478,-0.7304170035653912,1.056401224630453,381.30784034729004,0.0
9,waypoint_46,-30.0,-0.13676043610422478,-0.7304170035653912,1.056401224630453,287.5937223434448,0.0
10,waypoint_46,-30.0,-0.13676043610422478,-0.7304170035653912,1.056401224630453,392.64699816703796,0.0
11,waypoint_46,-30.0,-0.13676043610422478,-0.7304170035653912,1.056401224630453,463.40399980545044,0.0
12,waypoint_46,-30.0,-0.13676043610422478,-0.7304170035653912,1.056401224630453,428.5346269607544,0.0
13,waypoint_46,-30.0,-0.13676043610422478,-0.7304170035653912,1.056401224630453,491.8903708457947,0.0
14,waypoint_46,-30.0,-0.13676043610422478,-0.7304170035653912,1.056401224630453,747.2343444824219,0.0
0,waypoint_47,-30.0,-0.1167604361042246,-0.7304170035653912,1.056401224630453,195.39207220077515,0.0
1,waypoint_47,-30.0,-0.1167604361042246,-0.7304170035653912,1.056401224630453,1.0465123923495412,0.029629385098814964
2,waypoint_47,-30.0,-0.1167604361042246,-0.7304170035653912,1.056401224630453,1.0773087851703167,0.02064405381679535
3,waypoint_47,-30.0,-0.1167604361042246,-0.7304170035653912,1.056401224630453,1.0860210750252008,0.012074299156665802
4,waypoint_47,-30.0,-0.1167604361042246,-0.7304170035653912,1.056401224630453,1.3492876896634698,0.003675807034596801
5,waypoint_47,-30.0,-0.1167604361042246,-0.7304170035653912,1.056401224630453,0.974542461335659,0.006697169039398432
6,waypoint_47,-30.0,-0.1167604361042246,-0.7304170035653912,1.056401224630453,1.0931390570476651,0.018194282427430153
7,waypoint_47,-30.0,-0.1167604361042246,-0.7304170035653912,1.056401224630453,310.8675181865692,0.0
8,waypoint_47,-30.0,-0.1167604361042246,-0.7304170035653912,1.056401224630453,377.80267000198364,0.0
9,waypoint_47,-30.0,-0.1167604361042246,-0.7304170035653912,1.056401224630453,285.7549786567688,0.0
10,waypoint_47,-30.0,-0.1167604361042246,-0.7304170035653912,1.056401224630453,391.56511425971985,0.0
11,waypoint_47,-30.0,-0.1167604361042246,-0.7304170035653912,1.056401224630453,451.43282413482666,0.0
12,waypoint_47,-30.0,-0.1167604361042246,-0.7304170035653912,1.056401224630453,420.72999477386475,0.0
13,waypoint_47,-30.0,-0.1167604361042246,-0.7304170035653912,1.056401224630453,482.9746186733246,0.0
14,waypoint_47,-30.0,-0.1167604361042246,-0.7304170035653912,1.056401224630453,745.8016276359558,0.0
0,waypoint_47,-15.0,-0.1167604361042246,-0.7304170035653912,1.056401224630453,191.584050655365,0.0
1,waypoint_47,-15.0,-0.1167604361042246,-0.7304170035653912,1.056401224630453,4.864202346652746,0.0
2,waypoint_47,-15.0,-0.1167604361042246,-0.7304170035653912,1.056401224630453,6.194751709699631,0.0
3,waypoint_47,-15.0,-0.1167604361042246,-0.7304170035653912,1.056401224630453,8.688037283718586,0.0
4,waypoint_47,-15.0,-0.1167604361042246,-0.7304170035653912,1.056401224630453,10.851607657968998,0.0
5,waypoint_47,-15.0,-0.1167604361042246,-0.7304170035653912,1.056401224630453,16.569051891565323,0.0
6,waypoint_47,-15.0,-0.1167604361042246,-0.7304170035653912,1.056401224630453,17.771625891327858,0.0
7,waypoint_47,-15.0,-0.1167604361042246,-0.7304170035653912,1.056401224630453,309.09210443496704,0.0
8,waypoint_47,-15.0,-0.1167604361042246,-0.7304170035653912,1.056401224630453,376.3900697231293,0.0
9,waypoint_47,-15.0,-0.1167604361042246,-0.7304170035653912,1.056401224630453,285.9227955341339,0.0
10,waypoint_47,-15.0,-0.1167604361042246,-0.7304170035653912,1.056401224630453,388.24203610420227,0.0
11,waypoint_47,-15.0,-0.1167604361042246,-0.7304170035653912,1.056401224630453,452.2978961467743,0.0
12,waypoint_47,-15.0,-0.1167604361042246,-0.7304170035653912,1.056401224630453,421.95332050323486,0.0
13,waypoint_47,-15.0,-0.1167604361042246,-0.7304170035653912,1.056401224630453,483.18055272102356,0.0
14,waypoint_47,-15.0,-0.1167604361042246,-0.7304170035653912,1.056401224630453,745.5382943153381,0.0
0,waypoint_47,0.0,-0.1167604361042246,-0.7304170035653912,1.056401224630453,105.25225847959518,0.0
1,waypoint_47,0.0,-0.1167604361042246,-0.7304170035653912,1.056401224630453,0.4499246715568006,0.028709333389997482
2,waypoint_47,0.0,-0.1167604361042246,-0.7304170035653912,1.056401224630453,0.4701880388893187,0.020997537299990654
3,waypoint_47,0.0,-0.1167604361042246,-0.7304170035653912,1.056401224630453,0.47957542119547725,0.011987419798970222
4,waypoint_47,0.0,-0.1167604361042246,-0.7304170035653912,1.056401224630453,0.6766418227925897,0.0023298475425690413
5,waypoint_47,0.0,-0.1167604361042246,-0.7304170035653912,1.056401224630453,1.206423039548099,0.008055326528847218
6,waypoint_47,0.0,-0.1167604361042246,-0.7304170035653912,1.056401224630453,1.5662226360291243,0.0
7,waypoint_47,0.0,-0.1167604361042246,-0.7304170035653912,1.056401224630453,288.38759660720825,0.0
8,waypoint_47,0.0,-0.1167604361042246,-0.7304170035653912,1.056401224630453,353.8024425506592,0.0
9,waypoint_47,0.0,-0.1167604361042246,-0.7304170035653912,1.056401224630453,276.10665559768677,0.0
10,waypoint_47,0.0,-0.1167604361042246,-0.7304170035653912,1.056401224630453,362.11058497428894,0.0
11,waypoint_47,0.0,-0.1167604361042246,-0.7304170035653912,1.056401224630453,420.9686815738678,0.0
12,waypoint_47,0.0,-0.1167604361042246,-0.7304170035653912,1.056401224630453,415.5257046222687,0.0
13,waypoint_47,0.0,-0.1167604361042246,-0.7304170035653912,1.056401224630453,473.81189465522766,0.0
14,waypoint_47,0.0,-0.1167604361042246,-0.7304170035653912,1.056401224630453,718.8664078712463,0.0
0,waypoint_47,15.0,-0.1167604361042246,-0.7304170035653912,1.056401224630453,99.97469931840897,0.0
1,waypoint_47,15.0,-0.1167604361042246,-0.7304170035653912,1.056401224630453,6.483746226876974,0.0
2,waypoint_47,15.0,-0.1167604361042246,-0.7304170035653912,1.056401224630453,7.422078400850296,0.0
3,waypoint_47,15.0,-0.1167604361042246,-0.7304170035653912,1.056401224630453,9.176747873425484,0.0
4,waypoint_47,15.0,-0.1167604361042246,-0.7304170035653912,1.056401224630453,3.344389609992504,0.0
5,waypoint_47,15.0,-0.1167604361042246,-0.7304170035653912,1.056401224630453,16.14278554916382,0.0
6,waypoint_47,15.0,-0.1167604361042246,-0.7304170035653912,1.056401224630453,17.311111092567444,0.0
7,waypoint_47,15.0,-0.1167604361042246,-0.7304170035653912,1.056401224630453,284.93377566337585,0.0
8,waypoint_47,15.0,-0.1167604361042246,-0.7304170035653912,1.056401224630453,347.18549251556396,0.0
9,waypoint_47,15.0,-0.1167604361042246,-0.7304170035653912,1.056401224630453,272.66931533813477,0.0
10,waypoint_47,15.0,-0.1167604361042246,-0.7304170035653912,1.056401224630453,353.6900579929352,0.0
11,waypoint_47,15.0,-0.1167604361042246,-0.7304170035653912,1.056401224630453,415.14235734939575,0.0
12,waypoint_47,15.0,-0.1167604361042246,-0.7304170035653912,1.056401224630453,415.68928956985474,0.0
13,waypoint_47,15.0,-0.1167604361042246,-0.7304170035653912,1.056401224630453,472.81038761138916,0.0
14,waypoint_47,15.0,-0.1167604361042246,-0.7304170035653912,1.056401224630453,713.0950093269348,0.0
0,waypoint_47,30.0,-0.1167604361042246,-0.7304170035653912,1.056401224630453,15.414976514875889,0.0
1,waypoint_47,30.0,-0.1167604361042246,-0.7304170035653912,1.056401224630453,0.29325098148547113,0.023628219962120056
2,waypoint_47,30.0,-0.1167604361042246,-0.7304170035653912,1.056401224630453,0.33732556039467454,0.01923380047082901
3,waypoint_47,30.0,-0.1167604361042246,-0.7304170035653912,1.056401224630453,0.41596521623432636,0.011506492272019386
4,waypoint_47,30.0,-0.1167604361042246,-0.7304170035653912,1.056401224630453,1.2223954545333982,0.0030450401827692986
5,waypoint_47,30.0,-0.1167604361042246,-0.7304170035653912,1.056401224630453,0.5977503024041653,0.006298690102994442
6,waypoint_47,30.0,-0.1167604361042246,-0.7304170035653912,1.056401224630453,2.199239796027541,0.0
7,waypoint_47,30.0,-0.1167604361042246,-0.7304170035653912,1.056401224630453,260.46112179756165,0.0
8,waypoint_47,30.0,-0.1167604361042246,-0.7304170035653912,1.056401224630453,303.4129738807678,0.0
9,waypoint_47,30.0,-0.1167604361042246,-0.7304170035653912,1.056401224630453,249.0311861038208,0.0
10,waypoint_47,30.0,-0.1167604361042246,-0.7304170035653912,1.056401224630453,313.12328577041626,0.0
11,waypoint_47,30.0,-0.1167604361042246,-0.7304170035653912,1.056401224630453,371.4861273765564,0.0
12,waypoint_47,30.0,-0.1167604361042246,-0.7304170035653912,1.056401224630453,404.9123525619507,0.0
13,waypoint_47,30.0,-0.1167604361042246,-0.7304170035653912,1.056401224630453,453.8990557193756,0.0
14,waypoint_47,30.0,-0.1167604361042246,-0.7304170035653912,1.056401224630453,667.4193143844604,0.0
0,waypoint_48,30.0,-0.0967604361042248,-0.7304170035653912,1.056401224630453,1.3741619186475873,0.008208921179175377
1,waypoint_48,30.0,-0.0967604361042248,-0.7304170035653912,1.056401224630453,0.7775848498567939,0.02366200089454651
2,waypoint_48,30.0,-0.0967604361042248,-0.7304170035653912,1.056401224630453,0.8383460808545351,0.020540514960885048
3,waypoint_48,30.0,-0.0967604361042248,-0.7304170035653912,1.056401224630453,0.9271939634345472,0.013258891180157661
4,waypoint_48,30.0,-0.0967604361042248,-0.7304170035653912,1.056401224630453,1.3124910183250904,0.004717942327260971
5,waypoint_48,30.0,-0.0967604361042248,-0.7304170035653912,1.056401224630453,1.108725555241108,0.0046678222715854645
6,waypoint_48,30.0,-0.0967604361042248,-0.7304170035653912,1.056401224630453,1.1317461030557752,0.010551719926297665
7,waypoint_48,30.0,-0.0967604361042248,-0.7304170035653912,1.056401224630453,268.18880438804626,0.0
8,waypoint_48,30.0,-0.0967604361042248,-0.7304170035653912,1.056401224630453,301.07685923576355,0.0
9,waypoint_48,30.0,-0.0967604361042248,-0.7304170035653912,1.056401224630453,250.56901574134827,0.0
10,waypoint_48,30.0,-0.0967604361042248,-0.7304170035653912,1.056401224630453,307.77209997177124,0.0
11,waypoint_48,30.0,-0.0967604361042248,-0.7304170035653912,1.056401224630453,359.42113399505615,0.0
12,waypoint_48,30.0,-0.0967604361042248,-0.7304170035653912,1.056401224630453,393.42737197875977,0.0
13,waypoint_48,30.0,-0.0967604361042248,-0.7304170035653912,1.056401224630453,439.245730638504,0.0
14,waypoint_48,30.0,-0.0967604361042248,-0.7304170035653912,1.056401224630453,651.5325307846069,0.0
0,waypoint_48,15.0,-0.0967604361042248,-0.7304170035653912,1.056401224630453,34.93927791714668,0.0
1,waypoint_48,15.0,-0.0967604361042248,-0.7304170035653912,1.056401224630453,7.066437043249607,0.0
2,waypoint_48,15.0,-0.0967604361042248,-0.7304170035653912,1.056401224630453,6.912699900567532,0.0
3,waypoint_48,15.0,-0.0967604361042248,-0.7304170035653912,1.056401224630453,7.346480153501034,0.0
4,waypoint_48,15.0,-0.0967604361042248,-0.7304170035653912,1.056401224630453,7.02822208404541,0.0
5,waypoint_48,15.0,-0.0967604361042248,-0.7304170035653912,1.056401224630453,13.504656963050365,0.0
6,waypoint_48,15.0,-0.0967604361042248,-0.7304170035653912,1.056401224630453,14.202880673110485,0.0
7,waypoint_48,15.0,-0.0967604361042248,-0.7304170035653912,1.056401224630453,272.70686626434326,0.0
8,waypoint_48,15.0,-0.0967604361042248,-0.7304170035653912,1.056401224630453,308.97751450538635,0.0
9,waypoint_48,15.0,-0.0967604361042248,-0.7304170035653912,1.056401224630453,255.16453385353088,0.0
10,waypoint_48,15.0,-0.0967604361042248,-0.7304170035653912,1.056401224630453,311.15663051605225,0.0
11,waypoint_48,15.0,-0.0967604361042248,-0.7304170035653912,1.056401224630453,367.4144148826599,0.0
12,waypoint_48,15.0,-0.0967604361042248,-0.7304170035653912,1.056401224630453,396.0299789905548,0.0
13,waypoint_48,15.0,-0.0967604361042248,-0.7304170035653912,1.056401224630453,441.8947696685791,0.0
14,waypoint_48,15.0,-0.0967604361042248,-0.7304170035653912,1.056401224630453,657.0435762405396,0.0
0,waypoint_48,0.0,-0.0967604361042248,-0.7304170035653912,1.056401224630453,107.46437311172485,0.0
1,waypoint_48,0.0,-0.0967604361042248,-0.7304170035653912,1.056401224630453,0.19447552040219307,0.029961969703435898
2,waypoint_48,0.0,-0.0967604361042248,-0.7304170035653912,1.056401224630453,0.24641180061735213,0.02270398661494255
3,waypoint_48,0.0,-0.0967604361042248,-0.7304170035653912,1.056401224630453,0.331345567246899,0.013843883760273457
4,waypoint_48,0.0,-0.0967604361042248,-0.7304170035653912,1.056401224630453,1.3851801631972194,0.004332195967435837
5,waypoint_48,0.0,-0.0967604361042248,-0.7304170035653912,1.056401224630453,1.4482117258012295,0.005863761529326439
6,waypoint_48,0.0,-0.0967604361042248,-0.7304170035653912,1.056401224630453,0.6817854009568691,0.0160683523863554
7,waypoint_48,0.0,-0.0967604361042248,-0.7304170035653912,1.056401224630453,291.4268672466278,0.0
8,waypoint_48,0.0,-0.0967604361042248,-0.7304170035653912,1.056401224630453,356.5414249897003,0.0
9,waypoint_48,0.0,-0.0967604361042248,-0.7304170035653912,1.056401224630453,275.9866416454315,0.0
10,waypoint_48,0.0,-0.0967604361042248,-0.7304170035653912,1.056401224630453,354.7026515007019,0.0
11,waypoint_48,0.0,-0.0967604361042248,-0.7304170035653912,1.056401224630453,413.79591822624207,0.0
12,waypoint_48,0.0,-0.0967604361042248,-0.7304170035653912,1.056401224630453,402.54566073417664,0.0
13,waypoint_48,0.0,-0.0967604361042248,-0.7304170035653912,1.056401224630453,454.7763168811798,0.0
14,waypoint_48,0.0,-0.0967604361042248,-0.7304170035653912,1.056401224630453,686.9139075279236,0.0
0,waypoint_48,-15.0,-0.0967604361042248,-0.7304170035653912,1.056401224630453,116.47502332925797,0.0
1,waypoint_48,-15.0,-0.0967604361042248,-0.7304170035653912,1.056401224630453,6.326938979327679,0.0
2,waypoint_48,-15.0,-0.0967604361042248,-0.7304170035653912,1.056401224630453,7.249750196933746,0.0
3,waypoint_48,-15.0,-0.0967604361042248,-0.7304170035653912,1.056401224630453,9.034570306539536,0.0
4,waypoint_48,-15.0,-0.0967604361042248,-0.7304170035653912,1.056401224630453,10.565774515271187,0.0
5,waypoint_48,-15.0,-0.0967604361042248,-0.7304170035653912,1.056401224630453,15.568508766591549,0.0
6,waypoint_48,-15.0,-0.0967604361042248,-0.7304170035653912,1.056401224630453,16.47065579891205,0.0
7,waypoint_48,-15.0,-0.0967604361042248,-0.7304170035653912,1.056401224630453,294.5045232772827,0.0
8,waypoint_48,-15.0,-0.0967604361042248,-0.7304170035653912,1.056401224630453,363.0577623844147,0.0
9,waypoint_48,-15.0,-0.0967604361042248,-0.7304170035653912,1.056401224630453,278.42286229133606,0.0
10,waypoint_48,-15.0,-0.0967604361042248,-0.7304170035653912,1.056401224630453,360.48418283462524,0.0
11,waypoint_48,-15.0,-0.0967604361042248,-0.7304170035653912,1.056401224630453,418.42836141586304,0.0
12,waypoint_48,-15.0,-0.0967604361042248,-0.7304170035653912,1.056401224630453,403.8967490196228,0.0
13,waypoint_48,-15.0,-0.0967604361042248,-0.7304170035653912,1.056401224630453,457.07806944847107,0.0
14,waypoint_48,-15.0,-0.0967604361042248,-0.7304170035653912,1.056401224630453,694.0295100212097,0.0
0,waypoint_48,-30.0,-0.0967604361042248,-0.7304170035653912,1.056401224630453,215.9542739391327,0.0
1,waypoint_48,-30.0,-0.0967604361042248,-0.7304170035653912,1.056401224630453,0.5857637152075768,0.031394414603710175
2,waypoint_48,-30.0,-0.0967604361042248,-0.7304170035653912,1.056401224630453,0.5882942350581288,0.022382546216249466
3,waypoint_48,-30.0,-0.0967604361042248,-0.7304170035653912,1.056401224630453,0.5748155526816845,0.013678350485861301
4,waypoint_48,-30.0,-0.0967604361042248,-0.7304170035653912,1.056401224630453,1.1780818458646536,0.005303306970745325
5,waypoint_48,-30.0,-0.0967604361042248,-0.7304170035653912,1.056401224630453,1.2484212638810277,0.004661422222852707
6,waypoint_48,-30.0,-0.0967604361042248,-0.7304170035653912,1.056401224630453,1.6866936348378658,0.0
7,waypoint_48,-30.0,-0.0967604361042248,-0.7304170035653912,1.056401224630453,314.41494822502136,0.0
8,waypoint_48,-30.0,-0.0967604361042248,-0.7304170035653912,1.056401224630453,401.5670716762543,0.0
9,waypoint_48,-30.0,-0.0967604361042248,-0.7304170035653912,1.056401224630453,286.74349188804626,0.0
10,waypoint_48,-30.0,-0.0967604361042248,-0.7304170035653912,1.056401224630453,386.55033707618713,0.0
11,waypoint_48,-30.0,-0.0967604361042248,-0.7304170035653912,1.056401224630453,441.5886402130127,0.0
12,waypoint_48,-30.0,-0.0967604361042248,-0.7304170035653912,1.056401224630453,405.9813916683197,0.0
13,waypoint_48,-30.0,-0.0967604361042248,-0.7304170035653912,1.056401224630453,467.68614649772644,0.0
14,waypoint_48,-30.0,-0.0967604361042248,-0.7304170035653912,1.056401224630453,729.6770811080933,0.0
0,waypoint_49,-30.0,-0.07676043610422456,-0.7304170035653912,1.056401224630453,198.0590671300888,0.0
1,waypoint_49,-30.0,-0.07676043610422456,-0.7304170035653912,1.056401224630453,1.098960405215621,0.0332552008330822
2,waypoint_49,-30.0,-0.07676043610422456,-0.7304170035653912,1.056401224630453,1.1004344560205936,0.024298693984746933
3,waypoint_49,-30.0,-0.07676043610422456,-0.7304170035653912,1.056401224630453,1.104108290746808,0.015429755672812462
4,waypoint_49,-30.0,-0.07676043610422456,-0.7304170035653912,1.056401224630453,1.1438868241384625,0.007072328589856625
5,waypoint_49,-30.0,-0.07676043610422456,-0.7304170035653912,1.056401224630453,1.1548922630026937,0.0026321345940232277
6,waypoint_49,-30.0,-0.07676043610422456,-0.7304170035653912,1.056401224630453,1.295739901252091,0.013447178527712822
7,waypoint_49,-30.0,-0.07676043610422456,-0.7304170035653912,1.056401224630453,320.1548755168915,0.0
8,waypoint_49,-30.0,-0.07676043610422456,-0.7304170035653912,1.056401224630453,396.7563807964325,0.0
9,waypoint_49,-30.0,-0.07676043610422456,-0.7304170035653912,1.056401224630453,287.9970073699951,0.0
10,waypoint_49,-30.0,-0.07676043610422456,-0.7304170035653912,1.056401224630453,377.44107842445374,0.0
11,waypoint_49,-30.0,-0.07676043610422456,-0.7304170035653912,1.056401224630453,431.4343333244324,0.0
12,waypoint_49,-30.0,-0.07676043610422456,-0.7304170035653912,1.056401224630453,395.52998542785645,0.0
13,waypoint_49,-30.0,-0.07676043610422456,-0.7304170035653912,1.056401224630453,452.07008719444275,0.0
14,waypoint_49,-30.0,-0.07676043610422456,-0.7304170035653912,1.056401224630453,713.0621671676636,0.0
0,waypoint_49,-15.0,-0.07676043610422456,-0.7304170035653912,1.056401224630453,188.73699009418488,0.0
1,waypoint_49,-15.0,-0.07676043610422456,-0.7304170035653912,1.056401224630453,4.6409121714532375,0.0
2,waypoint_49,-15.0,-0.07676043610422456,-0.7304170035653912,1.056401224630453,5.603157449513674,0.0
3,waypoint_49,-15.0,-0.07676043610422456,-0.7304170035653912,1.056401224630453,7.646195590496063,0.0
4,waypoint_49,-15.0,-0.07676043610422456,-0.7304170035653912,1.056401224630453,10.688436217606068,0.0
5,waypoint_49,-15.0,-0.07676043610422456,-0.7304170035653912,1.056401224630453,17.052413895726204,0.0
6,waypoint_49,-15.0,-0.07676043610422456,-0.7304170035653912,1.056401224630453,17.816536128520966,0.0
7,waypoint_49,-15.0,-0.07676043610422456,-0.7304170035653912,1.056401224630453,318.8095986843109,0.0
8,waypoint_49,-15.0,-0.07676043610422456,-0.7304170035653912,1.056401224630453,393.50488781929016,0.0
9,waypoint_49,-15.0,-0.07676043610422456,-0.7304170035653912,1.056401224630453,287.7904176712036,0.0
10,waypoint_49,-15.0,-0.07676043610422456,-0.7304170035653912,1.056401224630453,375.03284215927124,0.0
11,waypoint_49,-15.0,-0.07676043610422456,-0.7304170035653912,1.056401224630453,431.19093775749207,0.0
12,waypoint_49,-15.0,-0.07676043610422456,-0.7304170035653912,1.056401224630453,396.8949615955353,0.0
13,waypoint_49,-15.0,-0.07676043610422456,-0.7304170035653912,1.056401224630453,452.74290442466736,0.0
14,waypoint_49,-15.0,-0.07676043610422456,-0.7304170035653912,1.056401224630453,713.1397128105164,0.0
0,waypoint_49,0.0,-0.07676043610422456,-0.7304170035653912,1.056401224630453,92.21004694700241,0.0
1,waypoint_49,0.0,-0.07676043610422456,-0.7304170035653912,1.056401224630453,0.43629127321764827,0.03103754110634327
2,waypoint_49,0.0,-0.07676043610422456,-0.7304170035653912,1.056401224630453,0.4671339993365109,0.024361493065953255
3,waypoint_49,0.0,-0.07676043610422456,-0.7304170035653912,1.056401224630453,0.4809093661606312,0.015668604522943497
4,waypoint_49,0.0,-0.07676043610422456,-0.7304170035653912,1.056401224630453,0.5211554816924036,0.006279215216636658
5,waypoint_49,0.0,-0.07676043610422456,-0.7304170035653912,1.056401224630453,1.0741924634203315,0.0038581243716180325
6,waypoint_49,0.0,-0.07676043610422456,-0.7304170035653912,1.056401224630453,1.2884271563962102,0.014238354749977589
7,waypoint_49,0.0,-0.07676043610422456,-0.7304170035653912,1.056401224630453,298.39444160461426,0.0
8,waypoint_49,0.0,-0.07676043610422456,-0.7304170035653912,1.056401224630453,356.6887378692627,0.0
9,waypoint_49,0.0,-0.07676043610422456,-0.7304170035653912,1.056401224630453,277.353435754776,0.0
10,waypoint_49,0.0,-0.07676043610422456,-0.7304170035653912,1.056401224630453,345.4135060310364,0.0
11,waypoint_49,0.0,-0.07676043610422456,-0.7304170035653912,1.056401224630453,398.80290627479553,0.0
12,waypoint_49,0.0,-0.07676043610422456,-0.7304170035653912,1.056401224630453,390.9897208213806,0.0
13,waypoint_49,0.0,-0.07676043610422456,-0.7304170035653912,1.056401224630453,440.9140944480896,0.0
14,waypoint_49,0.0,-0.07676043610422456,-0.7304170035653912,1.056401224630453,684.4425201416016,0.0
0,waypoint_49,15.0,-0.07676043610422456,-0.7304170035653912,1.056401224630453,76.21459662914276,0.0
1,waypoint_49,15.0,-0.07676043610422456,-0.7304170035653912,1.056401224630453,6.350865121930838,0.0
2,waypoint_49,15.0,-0.07676043610422456,-0.7304170035653912,1.056401224630453,6.924350745975971,0.0
3,waypoint_49,15.0,-0.07676043610422456,-0.7304170035653912,1.056401224630453,8.390177972614765,0.0
4,waypoint_49,15.0,-0.07676043610422456,-0.7304170035653912,1.056401224630453,10.264862328767776,0.0
5,waypoint_49,15.0,-0.07676043610422456,-0.7304170035653912,1.056401224630453,16.10960252583027,0.0
6,waypoint_49,15.0,-0.07676043610422456,-0.7304170035653912,1.056401224630453,16.793005168437958,0.0
7,waypoint_49,15.0,-0.07676043610422456,-0.7304170035653912,1.056401224630453,295.22010684013367,0.0
8,waypoint_49,15.0,-0.07676043610422456,-0.7304170035653912,1.056401224630453,350.2669632434845,0.0
9,waypoint_49,15.0,-0.07676043610422456,-0.7304170035653912,1.056401224630453,274.4203805923462,0.0
10,waypoint_49,15.0,-0.07676043610422456,-0.7304170035653912,1.056401224630453,336.9519114494324,0.0
11,waypoint_49,15.0,-0.07676043610422456,-0.7304170035653912,1.056401224630453,394.40882205963135,0.0
12,waypoint_49,15.0,-0.07676043610422456,-0.7304170035653912,1.056401224630453,392.15895533561707,0.0
13,waypoint_49,15.0,-0.07676043610422456,-0.7304170035653912,1.056401224630453,440.15800952911377,0.0
14,waypoint_49,15.0,-0.07676043610422456,-0.7304170035653912,1.056401224630453,678.1951785087585,0.0
0,waypoint_49,30.0,-0.07676043610422456,-0.7304170035653912,1.056401224630453,6.241218186914921,0.0
1,waypoint_49,30.0,-0.07676043610422456,-0.7304170035653912,1.056401224630453,0.2731685235630721,0.0231845173984766
2,waypoint_49,30.0,-0.07676043610422456,-0.7304170035653912,1.056401224630453,0.31927143572829664,0.021589133888483047
3,waypoint_49,30.0,-0.07676043610422456,-0.7304170035653912,1.056401224630453,0.36911710049025714,0.014810032211244106
4,waypoint_49,30.0,-0.07676043610422456,-0.7304170035653912,1.056401224630453,0.7543751271441579,0.006321140564978123
5,waypoint_49,30.0,-0.07676043610422456,-0.7304170035653912,1.056401224630453,0.8896005456335843,0.0032420570496469736
6,waypoint_49,30.0,-0.07676043610422456,-0.7304170035653912,1.056401224630453,1.1130714556202292,0.009953014552593231
7,waypoint_49,30.0,-0.07676043610422456,-0.7304170035653912,1.056401224630453,272.92338013648987,0.0
8,waypoint_49,30.0,-0.07676043610422456,-0.7304170035653912,1.056401224630453,305.094838142395,0.0
9,waypoint_49,30.0,-0.07676043610422456,-0.7304170035653912,1.056401224630453,248.7954944372177,0.0
10,waypoint_49,30.0,-0.07676043610422456,-0.7304170035653912,1.056401224630453,295.04162073135376,0.0
11,waypoint_49,30.0,-0.07676043610422456,-0.7304170035653912,1.056401224630453,348.1088876724243,0.0
12,waypoint_49,30.0,-0.07676043610422456,-0.7304170035653912,1.056401224630453,378.17850708961487,0.0
13,waypoint_49,30.0,-0.07676043610422456,-0.7304170035653912,1.056401224630453,425.87801814079285,0.0
14,waypoint_49,30.0,-0.07676043610422456,-0.7304170035653912,1.056401224630453,638.6690735816956,0.0
0,waypoint_50,30.0,-0.056760436104224765,-0.7304170035653912,1.056401224630453,209.85497534275055,0.0
1,waypoint_50,30.0,-0.056760436104224765,-0.7304170035653912,1.056401224630453,0.008991415597847663,0.02201324701309204
2,waypoint_50,30.0,-0.056760436104224765,-0.7304170035653912,1.056401224630453,0.009022969607030973,0.022470885887742043
3,waypoint_50,30.0,-0.056760436104224765,-0.7304170035653912,1.056401224630453,0.00978678508545272,0.016353828832507133
4,waypoint_50,30.0,-0.056760436104224765,-0.7304170035653912,1.056401224630453,0.01096207051887177,0.008049619384109974
5,waypoint_50,30.0,-0.056760436104224765,-0.7304170035653912,1.056401224630453,111.01633310317993,0.0
6,waypoint_50,30.0,-0.056760436104224765,-0.7304170035653912,1.056401224630453,0.00989517411653651,0.008866298012435436
7,waypoint_50,30.0,-0.056760436104224765,-0.7304170035653912,1.056401224630453,281.8547785282135,0.0
8,waypoint_50,30.0,-0.056760436104224765,-0.7304170035653912,1.056401224630453,306.3187897205353,0.0
9,waypoint_50,30.0,-0.056760436104224765,-0.7304170035653912,1.056401224630453,253.0803382396698,0.0
10,waypoint_50,30.0,-0.056760436104224765,-0.7304170035653912,1.056401224630453,288.51741552352905,0.0
11,waypoint_50,30.0,-0.056760436104224765,-0.7304170035653912,1.056401224630453,337.81754970550537,0.0
12,waypoint_50,30.0,-0.056760436104224765,-0.7304170035653912,1.056401224630453,365.6730353832245,0.0
13,waypoint_50,30.0,-0.056760436104224765,-0.7304170035653912,1.056401224630453,412.47594356536865,0.0
14,waypoint_50,30.0,-0.056760436104224765,-0.7304170035653912,1.056401224630453,621.1040019989014,0.0
0,waypoint_50,15.0,-0.056760436104224765,-0.7304170035653912,1.056401224630453,274.85087513923645,0.0
1,waypoint_50,15.0,-0.056760436104224765,-0.7304170035653912,1.056401224630453,0.2635083510540426,0.028035083785653114
2,waypoint_50,15.0,-0.056760436104224765,-0.7304170035653912,1.056401224630453,0.26126543525606394,0.02461121790111065
3,waypoint_50,15.0,-0.056760436104224765,-0.7304170035653912,1.056401224630453,0.2498590329196304,0.017021331936120987
4,waypoint_50,15.0,-0.056760436104224765,-0.7304170035653912,1.056401224630453,0.22420944878831506,0.0079741720110178
5,waypoint_50,15.0,-0.056760436104224765,-0.7304170035653912,1.056401224630453,1.0736610274761915,0.001976223662495613
6,waypoint_50,15.0,-0.056760436104224765,-0.7304170035653912,1.056401224630453,0.338370242388919,0.011253724806010723
7,waypoint_50,15.0,-0.056760436104224765,-0.7304170035653912,1.056401224630453,295.6713140010834,0.0
8,waypoint_50,15.0,-0.056760436104224765,-0.7304170035653912,1.056401224630453,331.6272497177124,0.0
9,waypoint_50,15.0,-0.056760436104224765,-0.7304170035653912,1.056401224630453,266.7820155620575,0.0
10,waypoint_50,15.0,-0.056760436104224765,-0.7304170035653912,1.056401224630453,312.3769462108612,0.0
11,waypoint_50,15.0,-0.056760436104224765,-0.7304170035653912,1.056401224630453,364.60113525390625,0.0
12,waypoint_50,15.0,-0.056760436104224765,-0.7304170035653912,1.056401224630453,378.21441888809204,0.0
13,waypoint_50,15.0,-0.056760436104224765,-0.7304170035653912,1.056401224630453,423.7133860588074,0.0
14,waypoint_50,15.0,-0.056760436104224765,-0.7304170035653912,1.056401224630453,636.5103721618652,0.0
0,waypoint_50,0.0,-0.056760436104224765,-0.7304170035653912,1.056401224630453,226.12768411636353,0.0
1,waypoint_50,0.0,-0.056760436104224765,-0.7304170035653912,1.056401224630453,7.034745533019304,0.0
2,waypoint_50,0.0,-0.056760436104224765,-0.7304170035653912,1.056401224630453,7.063974626362324,0.0
3,waypoint_50,0.0,-0.056760436104224765,-0.7304170035653912,1.056401224630453,7.870253175497055,0.0
4,waypoint_50,0.0,-0.056760436104224765,-0.7304170035653912,1.056401224630453,8.983636274933815,0.0
5,waypoint_50,0.0,-0.056760436104224765,-0.7304170035653912,1.056401224630453,11.989042162895203,0.0
6,waypoint_50,0.0,-0.056760436104224765,-0.7304170035653912,1.056401224630453,14.569133520126343,0.0
7,waypoint_50,0.0,-0.056760436104224765,-0.7304170035653912,1.056401224630453,298.84079098701477,0.0
8,waypoint_50,0.0,-0.056760436104224765,-0.7304170035653912,1.056401224630453,337.48695254325867,0.0
9,waypoint_50,0.0,-0.056760436104224765,-0.7304170035653912,1.056401224630453,269.77401971817017,0.0
10,waypoint_50,0.0,-0.056760436104224765,-0.7304170035653912,1.056401224630453,318.7267482280731,0.0
11,waypoint_50,0.0,-0.056760436104224765,-0.7304170035653912,1.056401224630453,369.66419219970703,0.0
12,waypoint_50,0.0,-0.056760436104224765,-0.7304170035653912,1.056401224630453,378.3024251461029,0.0
13,waypoint_50,0.0,-0.056760436104224765,-0.7304170035653912,1.056401224630453,425.2517521381378,0.0
14,waypoint_50,0.0,-0.056760436104224765,-0.7304170035653912,1.056401224630453,643.3607935905457,0.0
0,waypoint_50,-15.0,-0.056760436104224765,-0.7304170035653912,1.056401224630453,6.613580510020256,0.0
1,waypoint_50,-15.0,-0.056760436104224765,-0.7304170035653912,1.056401224630453,0.43603318044915795,0.03402476757764816
2,waypoint_50,-15.0,-0.056760436104224765,-0.7304170035653912,1.056401224630453,0.48870983300730586,0.026420913636684418
3,waypoint_50,-15.0,-0.056760436104224765,-0.7304170035653912,1.056401224630453,0.5174133693799376,0.017528578639030457
4,waypoint_50,-15.0,-0.056760436104224765,-0.7304170035653912,1.056401224630453,0.9038957068696618,0.008544533513486385
5,waypoint_50,-15.0,-0.056760436104224765,-0.7304170035653912,1.056401224630453,1.3320323778316379,0.0014021837851032615
6,waypoint_50,-15.0,-0.056760436104224765,-0.7304170035653912,1.056401224630453,2.566769951954484,0.0
7,waypoint_50,-15.0,-0.056760436104224765,-0.7304170035653912,1.056401224630453,315.77810645103455,0.0
8,waypoint_50,-15.0,-0.056760436104224765,-0.7304170035653912,1.056401224630453,381.2645375728607,0.0
9,waypoint_50,-15.0,-0.056760436104224765,-0.7304170035653912,1.056401224630453,286.52137517929077,0.0
10,waypoint_50,-15.0,-0.056760436104224765,-0.7304170035653912,1.056401224630453,362.6897931098938,0.0
11,waypoint_50,-15.0,-0.056760436104224765,-0.7304170035653912,1.056401224630453,409.21080112457275,0.0
12,waypoint_50,-15.0,-0.056760436104224765,-0.7304170035653912,1.056401224630453,381.5278708934784,0.0
13,waypoint_50,-15.0,-0.056760436104224765,-0.7304170035653912,1.056401224630453,432.876855134964,0.0
14,waypoint_50,-15.0,-0.056760436104224765,-0.7304170035653912,1.056401224630453,683.6299300193787,0.0
0,waypoint_50,-30.0,-0.056760436104224765,-0.7304170035653912,1.056401224630453,6.163332145661116,0.0
1,waypoint_50,-30.0,-0.056760436104224765,-0.7304170035653912,1.056401224630453,5.319150164723396,0.0
2,waypoint_50,-30.0,-0.056760436104224765,-0.7304170035653912,1.056401224630453,6.192303262650967,0.0
3,waypoint_50,-30.0,-0.056760436104224765,-0.7304170035653912,1.056401224630453,8.019620552659035,0.0
4,waypoint_50,-30.0,-0.056760436104224765,-0.7304170035653912,1.056401224630453,10.92173345386982,0.0
5,waypoint_50,-30.0,-0.056760436104224765,-0.7304170035653912,1.056401224630453,12.829518876969814,0.0
6,waypoint_50,-30.0,-0.056760436104224765,-0.7304170035653912,1.056401224630453,17.413269728422165,0.0
7,waypoint_50,-30.0,-0.056760436104224765,-0.7304170035653912,1.056401224630453,317.97918677330017,0.0
8,waypoint_50,-30.0,-0.056760436104224765,-0.7304170035653912,1.056401224630453,386.48849725723267,0.0
9,waypoint_50,-30.0,-0.056760436104224765,-0.7304170035653912,1.056401224630453,286.19667887687683,0.0
10,waypoint_50,-30.0,-0.056760436104224765,-0.7304170035653912,1.056401224630453,364.58680033683777,0.0
11,waypoint_50,-30.0,-0.056760436104224765,-0.7304170035653912,1.056401224630453,412.02422976493835,0.0
12,waypoint_50,-30.0,-0.056760436104224765,-0.7304170035653912,1.056401224630453,382.1474611759186,0.0
13,waypoint_50,-30.0,-0.056760436104224765,-0.7304170035653912,1.056401224630453,432.829350233078,0.0
14,waypoint_50,-30.0,-0.056760436104224765,-0.7304170035653912,1.056401224630453,684.3944191932678,0.0
0,waypoint_51,-30.0,-0.23676043610422387,-0.7050469241938334,1.043684508641266,0.9413084480911493,0.026737261563539505
1,waypoint_51,-30.0,-0.23676043610422387,-0.7050469241938334,1.043684508641266,1.4437210047617555,0.017701009288430214
2,waypoint_51,-30.0,-0.23676043610422387,-0.7050469241938334,1.043684508641266,0.6162452627904713,0.009875292889773846
3,waypoint_51,-30.0,-0.23676043610422387,-0.7050469241938334,1.043684508641266,0.4533714964054525,0.002004975453019142
4,waypoint_51,-30.0,-0.23676043610422387,-0.7050469241938334,1.043684508641266,0.3487100766506046,0.008565767668187618
5,waypoint_51,-30.0,-0.23676043610422387,-0.7050469241938334,1.043684508641266,0.6909065414220095,0.020442115142941475
6,waypoint_51,-30.0,-0.23676043610422387,-0.7050469241938334,1.043684508641266,0.2911776537075639,0.03152695670723915
7,waypoint_51,-30.0,-0.23676043610422387,-0.7050469241938334,1.043684508641266,302.84085869789124,0.0
8,waypoint_51,-30.0,-0.23676043610422387,-0.7050469241938334,1.043684508641266,462.86725997924805,0.0
9,waypoint_51,-30.0,-0.23676043610422387,-0.7050469241938334,1.043684508641266,344.1582918167114,0.0
10,waypoint_51,-30.0,-0.23676043610422387,-0.7050469241938334,1.043684508641266,474.7124910354614,0.0
11,waypoint_51,-30.0,-0.23676043610422387,-0.7050469241938334,1.043684508641266,554.9126267433167,0.0
12,waypoint_51,-30.0,-0.23676043610422387,-0.7050469241938334,1.043684508641266,499.40985441207886,0.0
13,waypoint_51,-30.0,-0.23676043610422387,-0.7050469241938334,1.043684508641266,570.9346532821655,0.0
14,waypoint_51,-30.0,-0.23676043610422387,-0.7050469241938334,1.043684508641266,854.6097278594971,0.0
0,waypoint_51,-15.0,-0.23676043610422387,-0.7050469241938334,1.043684508641266,4.529341589659452,0.0
1,waypoint_51,-15.0,-0.23676043610422387,-0.7050469241938334,1.043684508641266,5.605148151516914,0.0
2,waypoint_51,-15.0,-0.23676043610422387,-0.7050469241938334,1.043684508641266,8.919988758862019,0.0
3,waypoint_51,-15.0,-0.23676043610422387,-0.7050469241938334,1.043684508641266,11.082680895924568,0.0
4,waypoint_51,-15.0,-0.23676043610422387,-0.7050469241938334,1.043684508641266,17.173057422041893,0.0
5,waypoint_51,-15.0,-0.23676043610422387,-0.7050469241938334,1.043684508641266,18.67506094276905,0.0
6,waypoint_51,-15.0,-0.23676043610422387,-0.7050469241938334,1.043684508641266,19.41707357764244,0.0
7,waypoint_51,-15.0,-0.23676043610422387,-0.7050469241938334,1.043684508641266,299.4457483291626,0.0
8,waypoint_51,-15.0,-0.23676043610422387,-0.7050469241938334,1.043684508641266,457.2289288043976,0.0
9,waypoint_51,-15.0,-0.23676043610422387,-0.7050469241938334,1.043684508641266,340.1601314544678,0.0
10,waypoint_51,-15.0,-0.23676043610422387,-0.7050469241938334,1.043684508641266,471.09270095825195,0.0
11,waypoint_51,-15.0,-0.23676043610422387,-0.7050469241938334,1.043684508641266,554.2696118354797,0.0
12,waypoint_51,-15.0,-0.23676043610422387,-0.7050469241938334,1.043684508641266,498.51194024086,0.0
13,waypoint_51,-15.0,-0.23676043610422387,-0.7050469241938334,1.043684508641266,571.7920660972595,0.0
14,waypoint_51,-15.0,-0.23676043610422387,-0.7050469241938334,1.043684508641266,854.5082211494446,0.0
0,waypoint_51,0.0,-0.23676043610422387,-0.7050469241938334,1.043684508641266,0.49868528731167316,0.027668891474604607
1,waypoint_51,0.0,-0.23676043610422387,-0.7050469241938334,1.043684508641266,0.5227834335528314,0.019074756652116776
2,waypoint_51,0.0,-0.23676043610422387,-0.7050469241938334,1.043684508641266,0.5351006402634084,0.010195115581154823
3,waypoint_51,0.0,-0.23676043610422387,-0.7050469241938334,1.043684508641266,0.5972265498712659,0.0006075924611650407
4,waypoint_51,0.0,-0.23676043610422387,-0.7050469241938334,1.043684508641266,1.1753170983865857,0.010078090243041515
5,waypoint_51,0.0,-0.23676043610422387,-0.7050469241938334,1.043684508641266,1.02819234598428,0.02050187811255455
6,waypoint_51,0.0,-0.23676043610422387,-0.7050469241938334,1.043684508641266,2.187830163165927,0.0
7,waypoint_51,0.0,-0.23676043610422387,-0.7050469241938334,1.043684508641266,271.34254574775696,0.0
8,waypoint_51,0.0,-0.23676043610422387,-0.7050469241938334,1.043684508641266,404.0040671825409,0.0
9,waypoint_51,0.0,-0.23676043610422387,-0.7050469241938334,1.043684508641266,309.2866837978363,0.0
10,waypoint_51,0.0,-0.23676043610422387,-0.7050469241938334,1.043684508641266,435.9227120876312,0.0
11,waypoint_51,0.0,-0.23676043610422387,-0.7050469241938334,1.043684508641266,516.5083408355713,0.0
12,waypoint_51,0.0,-0.23676043610422387,-0.7050469241938334,1.043684508641266,486.04604601860046,0.0
13,waypoint_51,0.0,-0.23676043610422387,-0.7050469241938334,1.043684508641266,559.3083500862122,0.0
14,waypoint_51,0.0,-0.23676043610422387,-0.7050469241938334,1.043684508641266,827.9994130134583,0.0
0,waypoint_51,15.0,-0.23676043610422387,-0.7050469241938334,1.043684508641266,6.246891804039478,0.0
1,waypoint_51,15.0,-0.23676043610422387,-0.7050469241938334,1.043684508641266,7.448545657098293,0.0
2,waypoint_51,15.0,-0.23676043610422387,-0.7050469241938334,1.043684508641266,9.472505189478397,0.0
3,waypoint_51,15.0,-0.23676043610422387,-0.7050469241938334,1.043684508641266,3.5198840778321028,0.0
4,waypoint_51,15.0,-0.23676043610422387,-0.7050469241938334,1.043684508641266,16.46069623529911,0.0
5,waypoint_51,15.0,-0.23676043610422387,-0.7050469241938334,1.043684508641266,17.38896034657955,0.0
6,waypoint_51,15.0,-0.23676043610422387,-0.7050469241938334,1.043684508641266,17.931124195456505,0.0
7,waypoint_51,15.0,-0.23676043610422387,-0.7050469241938334,1.043684508641266,267.7839696407318,0.0
8,waypoint_51,15.0,-0.23676043610422387,-0.7050469241938334,1.043684508641266,397.5083529949188,0.0
9,waypoint_51,15.0,-0.23676043610422387,-0.7050469241938334,1.043684508641266,305.9452176094055,0.0
10,waypoint_51,15.0,-0.23676043610422387,-0.7050469241938334,1.043684508641266,430.6570291519165,0.0
11,waypoint_51,15.0,-0.23676043610422387,-0.7050469241938334,1.043684508641266,508.7462067604065,0.0
12,waypoint_51,15.0,-0.23676043610422387,-0.7050469241938334,1.043684508641266,483.6327135562897,0.0
13,waypoint_51,15.0,-0.23676043610422387,-0.7050469241938334,1.043684508641266,556.0969114303589,0.0
14,waypoint_51,15.0,-0.23676043610422387,-0.7050469241938334,1.043684508641266,822.2292065620422,0.0
0,waypoint_51,30.0,-0.23676043610422387,-0.7050469241938334,1.043684508641266,0.0036334397464088397,0.02561098150908947
1,waypoint_51,30.0,-0.23676043610422387,-0.7050469241938334,1.043684508641266,0.004412354428495746,0.018793432042002678
2,waypoint_51,30.0,-0.23676043610422387,-0.7050469241938334,1.043684508641266,0.004745967089547776,0.0102542107924819
3,waypoint_51,30.0,-0.23676043610422387,-0.7050469241938334,1.043684508641266,55.9750460088253,0.0
4,waypoint_51,30.0,-0.23676043610422387,-0.7050469241938334,1.043684508641266,0.01611795960343443,0.008791855536401272
5,waypoint_51,30.0,-0.23676043610422387,-0.7050469241938334,1.043684508641266,0.02481386582076084,0.014672624878585339
6,waypoint_51,30.0,-0.23676043610422387,-0.7050469241938334,1.043684508641266,1.368739060126245,0.0003493548429105431
7,waypoint_51,30.0,-0.23676043610422387,-0.7050469241938334,1.043684508641266,246.73233926296234,0.0
8,waypoint_51,30.0,-0.23676043610422387,-0.7050469241938334,1.043684508641266,351.38410329818726,0.0
9,waypoint_51,30.0,-0.23676043610422387,-0.7050469241938334,1.043684508641266,261.54202222824097,0.0
10,waypoint_51,30.0,-0.23676043610422387,-0.7050469241938334,1.043684508641266,384.5294415950775,0.0
11,waypoint_51,30.0,-0.23676043610422387,-0.7050469241938334,1.043684508641266,459.7199857234955,0.0
12,waypoint_51,30.0,-0.23676043610422387,-0.7050469241938334,1.043684508641266,461.99196577072144,0.0
13,waypoint_51,30.0,-0.23676043610422387,-0.7050469241938334,1.043684508641266,536.9279980659485,0.0
14,waypoint_51,30.0,-0.23676043610422387,-0.7050469241938334,1.043684508641266,780.8926701545715,0.0
0,waypoint_52,30.0,-0.2167604361042243,-0.7050469241938334,1.043684508641266,0.6409885245375335,0.026572665199637413
1,waypoint_52,30.0,-0.2167604361042243,-0.7050469241938334,1.043684508641266,0.6395980599336326,0.02043863572180271
2,waypoint_52,30.0,-0.2167604361042243,-0.7050469241938334,1.043684508641266,0.6329894531518221,0.01212355773895979
3,waypoint_52,30.0,-0.2167604361042243,-0.7050469241938334,1.043684508641266,1.4396520564332604,0.003149943659082055
4,waypoint_52,30.0,-0.2167604361042243,-0.7050469241938334,1.043684508641266,0.6521316827274859,0.0070512555539608
5,waypoint_52,30.0,-0.2167604361042243,-0.7050469241938334,1.043684508641266,0.7197299273684621,0.014051658101379871
6,waypoint_52,30.0,-0.2167604361042243,-0.7050469241938334,1.043684508641266,39.23860564827919,0.0
7,waypoint_52,30.0,-0.2167604361042243,-0.7050469241938334,1.043684508641266,245.90684473514557,0.0
8,waypoint_52,30.0,-0.2167604361042243,-0.7050469241938334,1.043684508641266,345.1707065105438,0.0
9,waypoint_52,30.0,-0.2167604361042243,-0.7050469241938334,1.043684508641266,251.25032663345337,0.0
10,waypoint_52,30.0,-0.2167604361042243,-0.7050469241938334,1.043684508641266,369.86586451530457,0.0
11,waypoint_52,30.0,-0.2167604361042243,-0.7050469241938334,1.043684508641266,444.23893094062805,0.0
12,waypoint_52,30.0,-0.2167604361042243,-0.7050469241938334,1.043684508641266,446.444571018219,0.0
13,waypoint_52,30.0,-0.2167604361042243,-0.7050469241938334,1.043684508641266,520.2726125717163,0.0
14,waypoint_52,30.0,-0.2167604361042243,-0.7050469241938334,1.043684508641266,762.7853155136108,0.0
0,waypoint_52,15.0,-0.2167604361042243,-0.7050469241938334,1.043684508641266,6.817703600972891,0.0
1,waypoint_52,15.0,-0.2167604361042243,-0.7050469241938334,1.043684508641266,7.040445227175951,0.0
2,waypoint_52,15.0,-0.2167604361042243,-0.7050469241938334,1.043684508641266,7.828591391444206,0.0
3,waypoint_52,15.0,-0.2167604361042243,-0.7050469241938334,1.043684508641266,7.074480410665274,0.0
4,waypoint_52,15.0,-0.2167604361042243,-0.7050469241938334,1.043684508641266,14.049071818590164,0.0
5,waypoint_52,15.0,-0.2167604361042243,-0.7050469241938334,1.043684508641266,15.194506384432316,0.0
6,waypoint_52,15.0,-0.2167604361042243,-0.7050469241938334,1.043684508641266,36.03546321392059,0.0
7,waypoint_52,15.0,-0.2167604361042243,-0.7050469241938334,1.043684508641266,247.2826987504959,0.0
8,waypoint_52,15.0,-0.2167604361042243,-0.7050469241938334,1.043684508641266,351.34536027908325,0.0
9,waypoint_52,15.0,-0.2167604361042243,-0.7050469241938334,1.043684508641266,258.26990604400635,0.0
10,waypoint_52,15.0,-0.2167604361042243,-0.7050469241938334,1.043684508641266,376.01619958877563,0.0
11,waypoint_52,15.0,-0.2167604361042243,-0.7050469241938334,1.043684508641266,450.8075416088104,0.0
12,waypoint_52,15.0,-0.2167604361042243,-0.7050469241938334,1.043684508641266,449.1160213947296,0.0
13,waypoint_52,15.0,-0.2167604361042243,-0.7050469241938334,1.043684508641266,522.6150751113892,0.0
14,waypoint_52,15.0,-0.2167604361042243,-0.7050469241938334,1.043684508641266,767.7863240242004,0.0
0,waypoint_52,0.0,-0.2167604361042243,-0.7050469241938334,1.043684508641266,0.3704214468598366,0.02927914820611477
1,waypoint_52,0.0,-0.2167604361042243,-0.7050469241938334,1.043684508641266,0.38266502087935805,0.02087245136499405
2,waypoint_52,0.0,-0.2167604361042243,-0.7050469241938334,1.043684508641266,0.4920666106045246,0.0120506901293993
3,waypoint_52,0.0,-0.2167604361042243,-0.7050469241938334,1.043684508641266,1.4817753108218312,0.00257475464604795
4,waypoint_52,0.0,-0.2167604361042243,-0.7050469241938334,1.043684508641266,1.1368319392204285,0.007805294822901487
5,waypoint_52,0.0,-0.2167604361042243,-0.7050469241938334,1.043684508641266,0.8429408771917224,0.01841510832309723
6,waypoint_52,0.0,-0.2167604361042243,-0.7050469241938334,1.043684508641266,238.54167759418488,0.0
7,waypoint_52,0.0,-0.2167604361042243,-0.7050469241938334,1.043684508641266,268.3054506778717,0.0
8,waypoint_52,0.0,-0.2167604361042243,-0.7050469241938334,1.043684508641266,400.6645977497101,0.0
9,waypoint_52,0.0,-0.2167604361042243,-0.7050469241938334,1.043684508641266,293.31350326538086,0.0
10,waypoint_52,0.0,-0.2167604361042243,-0.7050469241938334,1.043684508641266,421.7832386493683,0.0
11,waypoint_52,0.0,-0.2167604361042243,-0.7050469241938334,1.043684508641266,495.3279495239258,0.0
12,waypoint_52,0.0,-0.2167604361042243,-0.7050469241938334,1.043684508641266,467.48486161231995,0.0
13,waypoint_52,0.0,-0.2167604361042243,-0.7050469241938334,1.043684508641266,536.5960597991943,0.0
14,waypoint_52,0.0,-0.2167604361042243,-0.7050469241938334,1.043684508641266,799.3700504302979,0.0
0,waypoint_52,-15.0,-0.2167604361042243,-0.7050469241938334,1.043684508641266,6.15632114931941,0.0
1,waypoint_52,-15.0,-0.2167604361042243,-0.7050469241938334,1.043684508641266,7.261822000145912,0.0
2,waypoint_52,-15.0,-0.2167604361042243,-0.7050469241938334,1.043684508641266,9.357805363833904,0.0
3,waypoint_52,-15.0,-0.2167604361042243,-0.7050469241938334,1.043684508641266,6.112850736826658,0.0
4,waypoint_52,-15.0,-0.2167604361042243,-0.7050469241938334,1.043684508641266,15.54929744452238,0.0
5,waypoint_52,-15.0,-0.2167604361042243,-0.7050469241938334,1.043684508641266,16.68885536491871,0.0
6,waypoint_52,-15.0,-0.2167604361042243,-0.7050469241938334,1.043684508641266,242.4626350402832,0.0
7,waypoint_52,-15.0,-0.2167604361042243,-0.7050469241938334,1.043684508641266,272.6347744464874,0.0
8,waypoint_52,-15.0,-0.2167604361042243,-0.7050469241938334,1.043684508641266,407.85151720046997,0.0
9,waypoint_52,-15.0,-0.2167604361042243,-0.7050469241938334,1.043684508641266,296.97343707084656,0.0
10,waypoint_52,-15.0,-0.2167604361042243,-0.7050469241938334,1.043684508641266,426.0379672050476,0.0
11,waypoint_52,-15.0,-0.2167604361042243,-0.7050469241938334,1.043684508641266,501.67083740234375,0.0
12,waypoint_52,-15.0,-0.2167604361042243,-0.7050469241938334,1.043684508641266,469.536155462265,0.0
13,waypoint_52,-15.0,-0.2167604361042243,-0.7050469241938334,1.043684508641266,540.3268337249756,0.0
14,waypoint_52,-15.0,-0.2167604361042243,-0.7050469241938334,1.043684508641266,806.3898086547852,0.0
0,waypoint_52,-30.0,-0.2167604361042243,-0.7050469241938334,1.043684508641266,0.3535949217621237,0.028650864958763123
1,waypoint_52,-30.0,-0.2167604361042243,-0.7050469241938334,1.043684508641266,0.36059270496480167,0.01937292516231537
2,waypoint_52,-30.0,-0.2167604361042243,-0.7050469241938334,1.043684508641266,0.37033058470115066,0.011411654762923717
3,waypoint_52,-30.0,-0.2167604361042243,-0.7050469241938334,1.043684508641266,1.4472048496827483,0.003566037630662322
4,waypoint_52,-30.0,-0.2167604361042243,-0.7050469241938334,1.043684508641266,1.0006142547354102,0.006344967056065798
5,waypoint_52,-30.0,-0.2167604361042243,-0.7050469241938334,1.043684508641266,1.1527284514158964,0.01798822171986103
6,waypoint_52,-30.0,-0.2167604361042243,-0.7050469241938334,1.043684508641266,261.18364930152893,0.0
7,waypoint_52,-30.0,-0.2167604361042243,-0.7050469241938334,1.043684508641266,300.189346075058,0.0
8,waypoint_52,-30.0,-0.2167604361042243,-0.7050469241938334,1.043684508641266,443.23238730430603,0.0
9,waypoint_52,-30.0,-0.2167604361042243,-0.7050469241938334,1.043684508641266,318.4903860092163,0.0
10,waypoint_52,-30.0,-0.2167604361042243,-0.7050469241938334,1.043684508641266,455.1631808280945,0.0
11,waypoint_52,-30.0,-0.2167604361042243,-0.7050469241938334,1.043684508641266,537.0625853538513,0.0
12,waypoint_52,-30.0,-0.2167604361042243,-0.7050469241938334,1.043684508641266,479.3349504470825,0.0
13,waypoint_52,-30.0,-0.2167604361042243,-0.7050469241938334,1.043684508641266,553.2504320144653,0.0
14,waypoint_52,-30.0,-0.2167604361042243,-0.7050469241938334,1.043684508641266,839.7618532180786,0.0
0,waypoint_53,-30.0,-0.1967604361042245,-0.7050469241938334,1.043684508641266,1.1294720461592078,0.030711669474840164
1,waypoint_53,-30.0,-0.1967604361042245,-0.7050469241938334,1.043684508641266,1.1322979116812348,0.021249879151582718
2,waypoint_53,-30.0,-0.1967604361042245,-0.7050469241938334,1.043684508641266,1.1272146366536617,0.013045061379671097
3,waypoint_53,-30.0,-0.1967604361042245,-0.7050469241938334,1.043684508641266,1.1959009571000934,0.005243473220616579
4,waypoint_53,-30.0,-0.1967604361042245,-0.7050469241938334,1.043684508641266,1.1406490812078118,0.004178565461188555
5,waypoint_53,-30.0,-0.1967604361042245,-0.7050469241938334,1.043684508641266,1.2323027476668358,0.015424113720655441
6,waypoint_53,-30.0,-0.1967604361042245,-0.7050469241938334,1.043684508641266,263.73428106307983,0.0
7,waypoint_53,-30.0,-0.1967604361042245,-0.7050469241938334,1.043684508641266,297.61025309562683,0.0
8,waypoint_53,-30.0,-0.1967604361042245,-0.7050469241938334,1.043684508641266,437.7705752849579,0.0
9,waypoint_53,-30.0,-0.1967604361042245,-0.7050469241938334,1.043684508641266,309.5967173576355,0.0
10,waypoint_53,-30.0,-0.1967604361042245,-0.7050469241938334,1.043684508641266,442.158043384552,0.0
11,waypoint_53,-30.0,-0.1967604361042245,-0.7050469241938334,1.043684508641266,521.948516368866,0.0
12,waypoint_53,-30.0,-0.1967604361042245,-0.7050469241938334,1.043684508641266,463.62873911857605,0.0
13,waypoint_53,-30.0,-0.1967604361042245,-0.7050469241938334,1.043684508641266,536.2538695335388,0.0
14,waypoint_53,-30.0,-0.1967604361042245,-0.7050469241938334,1.043684508641266,825.8292078971863,0.0
0,waypoint_53,-15.0,-0.1967604361042245,-0.7050469241938334,1.043684508641266,4.465392790734768,0.0
1,waypoint_53,-15.0,-0.1967604361042245,-0.7050469241938334,1.043684508641266,5.543568171560764,0.0
2,waypoint_53,-15.0,-0.1967604361042245,-0.7050469241938334,1.043684508641266,7.801881991326809,0.0
3,waypoint_53,-15.0,-0.1967604361042245,-0.7050469241938334,1.043684508641266,11.186864227056503,0.0
4,waypoint_53,-15.0,-0.1967604361042245,-0.7050469241938334,1.043684508641266,16.904620453715324,0.0
5,waypoint_53,-15.0,-0.1967604361042245,-0.7050469241938334,1.043684508641266,18.48059333860874,0.0
6,waypoint_53,-15.0,-0.1967604361042245,-0.7050469241938334,1.043684508641266,261.56437397003174,0.0
7,waypoint_53,-15.0,-0.1967604361042245,-0.7050469241938334,1.043684508641266,295.0396239757538,0.0
8,waypoint_53,-15.0,-0.1967604361042245,-0.7050469241938334,1.043684508641266,436.23852729797363,0.0
9,waypoint_53,-15.0,-0.1967604361042245,-0.7050469241938334,1.043684508641266,307.3465824127197,0.0
10,waypoint_53,-15.0,-0.1967604361042245,-0.7050469241938334,1.043684508641266,438.41221928596497,0.0
11,waypoint_53,-15.0,-0.1967604361042245,-0.7050469241938334,1.043684508641266,518.1756615638733,0.0
12,waypoint_53,-15.0,-0.1967604361042245,-0.7050469241938334,1.043684508641266,464.4349217414856,0.0
13,waypoint_53,-15.0,-0.1967604361042245,-0.7050469241938334,1.043684508641266,537.2160077095032,0.0
14,waypoint_53,-15.0,-0.1967604361042245,-0.7050469241938334,1.043684508641266,825.7715702056885,0.0
0,waypoint_53,0.0,-0.1967604361042245,-0.7050469241938334,1.043684508641266,0.4742567543871701,0.030788807198405266
1,waypoint_53,0.0,-0.1967604361042245,-0.7050469241938334,1.043684508641266,0.5008761654607952,0.022643065080046654
2,waypoint_53,0.0,-0.1967604361042245,-0.7050469241938334,1.043684508641266,0.5180154694244266,0.013868007808923721
3,waypoint_53,0.0,-0.1967604361042245,-0.7050469241938334,1.043684508641266,0.5931427585892379,0.004504640121012926
4,waypoint_53,0.0,-0.1967604361042245,-0.7050469241938334,1.043684508641266,1.2195589952170849,0.0057578557170927525
5,waypoint_53,0.0,-0.1967604361042245,-0.7050469241938334,1.043684508641266,1.023962046019733,0.016525043174624443
6,waypoint_53,0.0,-0.1967604361042245,-0.7050469241938334,1.043684508641266,241.69635772705078,0.0
7,waypoint_53,0.0,-0.1967604361042245,-0.7050469241938334,1.043684508641266,270.8660960197449,0.0
8,waypoint_53,0.0,-0.1967604361042245,-0.7050469241938334,1.043684508641266,411.4081859588623,0.0
9,waypoint_53,0.0,-0.1967604361042245,-0.7050469241938334,1.043684508641266,278.15577387809753,0.0
10,waypoint_53,0.0,-0.1967604361042245,-0.7050469241938334,1.043684508641266,404.5650064945221,0.0
11,waypoint_53,0.0,-0.1967604361042245,-0.7050469241938334,1.043684508641266,484.26371812820435,0.0
12,waypoint_53,0.0,-0.1967604361042245,-0.7050469241938334,1.043684508641266,453.71013879776,0.0
13,waypoint_53,0.0,-0.1967604361042245,-0.7050469241938334,1.043684508641266,523.2057571411133,0.0
14,waypoint_53,0.0,-0.1967604361042245,-0.7050469241938334,1.043684508641266,797.6575493812561,0.0
0,waypoint_53,15.0,-0.1967604361042245,-0.7050469241938334,1.043684508641266,6.033153738826513,0.0
1,waypoint_53,15.0,-0.1967604361042245,-0.7050469241938334,1.043684508641266,6.808547303080559,0.0
2,waypoint_53,15.0,-0.1967604361042245,-0.7050469241938334,1.043684508641266,8.565821684896946,0.0
3,waypoint_53,15.0,-0.1967604361042245,-0.7050469241938334,1.043684508641266,10.180640034377575,0.0
4,waypoint_53,15.0,-0.1967604361042245,-0.7050469241938334,1.043684508641266,16.123544424772263,0.0
5,waypoint_53,15.0,-0.1967604361042245,-0.7050469241938334,1.043684508641266,17.0578733086586,0.0
6,waypoint_53,15.0,-0.1967604361042245,-0.7050469241938334,1.043684508641266,237.58527636528015,0.0
7,waypoint_53,15.0,-0.1967604361042245,-0.7050469241938334,1.043684508641266,265.8734321594238,0.0
8,waypoint_53,15.0,-0.1967604361042245,-0.7050469241938334,1.043684508641266,404.5572876930237,0.0
9,waypoint_53,15.0,-0.1967604361042245,-0.7050469241938334,1.043684508641266,274.32236075401306,0.0
10,waypoint_53,15.0,-0.1967604361042245,-0.7050469241938334,1.043684508641266,398.9480435848236,0.0
11,waypoint_53,15.0,-0.1967604361042245,-0.7050469241938334,1.043684508641266,477.08889842033386,0.0
12,waypoint_53,15.0,-0.1967604361042245,-0.7050469241938334,1.043684508641266,452.28591561317444,0.0
13,waypoint_53,15.0,-0.1967604361042245,-0.7050469241938334,1.043684508641266,521.172285079956,0.0
14,waypoint_53,15.0,-0.1967604361042245,-0.7050469241938334,1.043684508641266,791.5462851524353,0.0
0,waypoint_53,30.0,-0.1967604361042245,-0.7050469241938334,1.043684508641266,0.3225012915208936,0.027232328429818153
1,waypoint_53,30.0,-0.1967604361042245,-0.7050469241938334,1.043684508641266,0.34365628380328417,0.021916594356298447
2,waypoint_53,30.0,-0.1967604361042245,-0.7050469241938334,1.043684508641266,0.3770327602978796,0.01386388298124075
3,waypoint_53,30.0,-0.1967604361042245,-0.7050469241938334,1.043684508641266,1.2320959940552711,0.00479348236694932
4,waypoint_53,30.0,-0.1967604361042245,-0.7050469241938334,1.043684508641266,0.09134077117778361,0.005422418937087059
5,waypoint_53,30.0,-0.1967604361042245,-0.7050469241938334,1.043684508641266,0.3450825752224773,0.013198456726968288
6,waypoint_53,30.0,-0.1967604361042245,-0.7050469241938334,1.043684508641266,200.167715549469,0.0
7,waypoint_53,30.0,-0.1967604361042245,-0.7050469241938334,1.043684508641266,218.46798062324524,0.0
8,waypoint_53,30.0,-0.1967604361042245,-0.7050469241938334,1.043684508641266,357.98823833465576,0.0
9,waypoint_53,30.0,-0.1967604361042245,-0.7050469241938334,1.043684508641266,236.30954325199127,0.0
10,waypoint_53,30.0,-0.1967604361042245,-0.7050469241938334,1.043684508641266,355.2968502044678,0.0
11,waypoint_53,30.0,-0.1967604361042245,-0.7050469241938334,1.043684508641266,430.1298260688782,0.0
12,waypoint_53,30.0,-0.1967604361042245,-0.7050469241938334,1.043684508641266,437.01618909835815,0.0
13,waypoint_53,30.0,-0.1967604361042245,-0.7050469241938334,1.043684508641266,504.1751265525818,0.0
14,waypoint_53,30.0,-0.1967604361042245,-0.7050469241938334,1.043684508641266,753.2697916030884,0.0
0,waypoint_54,30.0,-0.17676043610422398,-0.7050469241938334,1.043684508641266,0.7940766518004239,0.027587581425905228
1,waypoint_54,30.0,-0.17676043610422398,-0.7050469241938334,1.043684508641266,0.8496739319525659,0.023381350561976433
2,waypoint_54,30.0,-0.17676043610422398,-0.7050469241938334,1.043684508641266,0.9146880474872887,0.01569422334432602
3,waypoint_54,30.0,-0.17676043610422398,-0.7050469241938334,1.043684508641266,0.9915269911289215,0.00669289892539382
4,waypoint_54,30.0,-0.17676043610422398,-0.7050469241938334,1.043684508641266,1.07160909101367,0.0035556089133024216
5,waypoint_54,30.0,-0.17676043610422398,-0.7050469241938334,1.043684508641266,1.1862375540658832,0.011781607754528522
6,waypoint_54,30.0,-0.17676043610422398,-0.7050469241938334,1.043684508641266,202.83065736293793,0.0
7,waypoint_54,30.0,-0.17676043610422398,-0.7050469241938334,1.043684508641266,220.2007621526718,0.0
8,waypoint_54,30.0,-0.17676043610422398,-0.7050469241938334,1.043684508641266,350.63061118125916,0.0
9,waypoint_54,30.0,-0.17676043610422398,-0.7050469241938334,1.043684508641266,232.22294449806213,0.0
10,waypoint_54,30.0,-0.17676043610422398,-0.7050469241938334,1.043684508641266,347.65806794166565,0.0
11,waypoint_54,30.0,-0.17676043610422398,-0.7050469241938334,1.043684508641266,414.89118337631226,0.0
12,waypoint_54,30.0,-0.17676043610422398,-0.7050469241938334,1.043684508641266,419.69603300094604,0.0
13,waypoint_54,30.0,-0.17676043610422398,-0.7050469241938334,1.043684508641266,489.0613257884979,0.0
14,waypoint_54,30.0,-0.17676043610422398,-0.7050469241938334,1.043684508641266,735.9486818313599,0.0
0,waypoint_54,15.0,-0.17676043610422398,-0.7050469241938334,1.043684508641266,6.732930429279804,0.0
1,waypoint_54,15.0,-0.17676043610422398,-0.7050469241938334,1.043684508641266,6.55067153275013,0.0
2,waypoint_54,15.0,-0.17676043610422398,-0.7050469241938334,1.043684508641266,7.03868456184864,0.0
3,waypoint_54,15.0,-0.17676043610422398,-0.7050469241938334,1.043684508641266,7.464952301234007,0.0
4,waypoint_54,15.0,-0.17676043610422398,-0.7050469241938334,1.043684508641266,12.925634160637856,0.0
5,waypoint_54,15.0,-0.17676043610422398,-0.7050469241938334,1.043684508641266,13.621018268167973,0.0
6,waypoint_54,15.0,-0.17676043610422398,-0.7050469241938334,1.043684508641266,208.3447128534317,0.0
7,waypoint_54,15.0,-0.17676043610422398,-0.7050469241938334,1.043684508641266,226.55707597732544,0.0
8,waypoint_54,15.0,-0.17676043610422398,-0.7050469241938334,1.043684508641266,357.0058047771454,0.0
9,waypoint_54,15.0,-0.17676043610422398,-0.7050469241938334,1.043684508641266,237.87906765937805,0.0
10,waypoint_54,15.0,-0.17676043610422398,-0.7050469241938334,1.043684508641266,351.51177644729614,0.0
11,waypoint_54,15.0,-0.17676043610422398,-0.7050469241938334,1.043684508641266,421.44107818603516,0.0
12,waypoint_54,15.0,-0.17676043610422398,-0.7050469241938334,1.043684508641266,421.56362533569336,0.0
13,waypoint_54,15.0,-0.17676043610422398,-0.7050469241938334,1.043684508641266,490.84386229515076,0.0
14,waypoint_54,15.0,-0.17676043610422398,-0.7050469241938334,1.043684508641266,741.5310144424438,0.0
0,waypoint_54,0.0,-0.17676043610422398,-0.7050469241938334,1.043684508641266,0.2348907000850886,0.03216531500220299
1,waypoint_54,0.0,-0.17676043610422398,-0.7050469241938334,1.043684508641266,0.24973071413114667,0.02440049685537815
2,waypoint_54,0.0,-0.17676043610422398,-0.7050469241938334,1.043684508641266,0.3033572866115719,0.01569022610783577
3,waypoint_54,0.0,-0.17676043610422398,-0.7050469241938334,1.043684508641266,0.766425218898803,0.006443315651267767
4,waypoint_54,0.0,-0.17676043610422398,-0.7050469241938334,1.043684508641266,1.4560766285285354,0.003555439878255129
5,waypoint_54,0.0,-0.17676043610422398,-0.7050469241938334,1.043684508641266,1.2823604047298431,0.014316619373857975
6,waypoint_54,0.0,-0.17676043610422398,-0.7050469241938334,1.043684508641266,242.8353726863861,0.0
7,waypoint_54,0.0,-0.17676043610422398,-0.7050469241938334,1.043684508641266,287.0906889438629,0.0
8,waypoint_54,0.0,-0.17676043610422398,-0.7050469241938334,1.043684508641266,404.5916497707367,0.0
9,waypoint_54,0.0,-0.17676043610422398,-0.7050469241938334,1.043684508641266,274.27220344543457,0.0
10,waypoint_54,0.0,-0.17676043610422398,-0.7050469241938334,1.043684508641266,396.6318666934967,0.0
11,waypoint_54,0.0,-0.17676043610422398,-0.7050469241938334,1.043684508641266,465.55185317993164,0.0
12,waypoint_54,0.0,-0.17676043610422398,-0.7050469241938334,1.043684508641266,437.912255525589,0.0
13,waypoint_54,0.0,-0.17676043610422398,-0.7050469241938334,1.043684508641266,503.9626955986023,0.0
14,waypoint_54,0.0,-0.17676043610422398,-0.7050469241938334,1.043684508641266,779.5818448066711,0.0
0,waypoint_54,-15.0,-0.17676043610422398,-0.7050469241938334,1.043684508641266,5.956980865448713,0.0
1,waypoint_54,-15.0,-0.17676043610422398,-0.7050469241938334,1.043684508641266,6.663763429969549,0.0
2,waypoint_54,-15.0,-0.17676043610422398,-0.7050469241938334,1.043684508641266,8.388247340917587,0.0
3,waypoint_54,-15.0,-0.17676043610422398,-0.7050469241938334,1.043684508641266,10.940402746200562,0.0
4,waypoint_54,-15.0,-0.17676043610422398,-0.7050469241938334,1.043684508641266,15.641359612345695,0.0
5,waypoint_54,-15.0,-0.17676043610422398,-0.7050469241938334,1.043684508641266,16.44750125706196,0.0
6,waypoint_54,-15.0,-0.17676043610422398,-0.7050469241938334,1.043684508641266,247.2432404756546,0.0
7,waypoint_54,-15.0,-0.17676043610422398,-0.7050469241938334,1.043684508641266,291.03243350982666,0.0
8,waypoint_54,-15.0,-0.17676043610422398,-0.7050469241938334,1.043684508641266,408.9946448802948,0.0
9,waypoint_54,-15.0,-0.17676043610422398,-0.7050469241938334,1.043684508641266,277.86266803741455,0.0
10,waypoint_54,-15.0,-0.17676043610422398,-0.7050469241938334,1.043684508641266,399.7601568698883,0.0
11,waypoint_54,-15.0,-0.17676043610422398,-0.7050469241938334,1.043684508641266,472.0591604709625,0.0
12,waypoint_54,-15.0,-0.17676043610422398,-0.7050469241938334,1.043684508641266,440.22566080093384,0.0
13,waypoint_54,-15.0,-0.17676043610422398,-0.7050469241938334,1.043684508641266,506.5789222717285,0.0
14,waypoint_54,-15.0,-0.17676043610422398,-0.7050469241938334,1.043684508641266,785.6186032295227,0.0
0,waypoint_54,-30.0,-0.17676043610422398,-0.7050469241938334,1.043684508641266,0.5804075626656413,0.032564178109169006
1,waypoint_54,-30.0,-0.17676043610422398,-0.7050469241938334,1.043684508641266,0.6011290242895484,0.02301582507789135
2,waypoint_54,-30.0,-0.17676043610422398,-0.7050469241938334,1.043684508641266,0.5972180515527725,0.014572277665138245
3,waypoint_54,-30.0,-0.17676043610422398,-0.7050469241938334,1.043684508641266,0.7072256412357092,0.006765586324036121
4,waypoint_54,-30.0,-0.17676043610422398,-0.7050469241938334,1.043684508641266,1.397604588419199,0.0023489994928240776
5,waypoint_54,-30.0,-0.17676043610422398,-0.7050469241938334,1.043684508641266,1.2695500627160072,0.013131643645465374
6,waypoint_54,-30.0,-0.17676043610422398,-0.7050469241938334,1.043684508641266,272.97061681747437,0.0
7,waypoint_54,-30.0,-0.17676043610422398,-0.7050469241938334,1.043684508641266,311.05542182922363,0.0
8,waypoint_54,-30.0,-0.17676043610422398,-0.7050469241938334,1.043684508641266,435.4214370250702,0.0
9,waypoint_54,-30.0,-0.17676043610422398,-0.7050469241938334,1.043684508641266,314.3655061721802,0.0
10,waypoint_54,-30.0,-0.17676043610422398,-0.7050469241938334,1.043684508641266,423.03547263145447,0.0
11,waypoint_54,-30.0,-0.17676043610422398,-0.7050469241938334,1.043684508641266,501.4815926551819,0.0
12,waypoint_54,-30.0,-0.17676043610422398,-0.7050469241938334,1.043684508641266,448.99982213974,0.0
13,waypoint_54,-30.0,-0.17676043610422398,-0.7050469241938334,1.043684508641266,514.602541923523,0.0
14,waypoint_54,-30.0,-0.17676043610422398,-0.7050469241938334,1.043684508641266,813.1591081619263,0.0
0,waypoint_55,-30.0,-0.1567604361042244,-0.7050469241938334,1.043684508641266,0.42712927097454667,0.034482844173908234
1,waypoint_55,-30.0,-0.1567604361042244,-0.7050469241938334,1.043684508641266,0.4333800752647221,0.02493840456008911
2,waypoint_55,-30.0,-0.1567604361042244,-0.7050469241938334,1.043684508641266,0.4399016033858061,0.016223324462771416
3,waypoint_55,-30.0,-0.1567604361042244,-0.7050469241938334,1.043684508641266,0.43964412179775536,0.00833907164633274
4,waypoint_55,-30.0,-0.1567604361042244,-0.7050469241938334,1.043684508641266,1.3145413249731064,0.0009356015361845493
5,waypoint_55,-30.0,-0.1567604361042244,-0.7050469241938334,1.043684508641266,0.4462446959223598,0.010759280063211918
6,waypoint_55,-30.0,-0.1567604361042244,-0.7050469241938334,1.043684508641266,276.73107385635376,0.0
7,waypoint_55,-30.0,-0.1567604361042244,-0.7050469241938334,1.043684508641266,311.3970458507538,0.0
8,waypoint_55,-30.0,-0.1567604361042244,-0.7050469241938334,1.043684508641266,467.6501154899597,0.0
9,waypoint_55,-30.0,-0.1567604361042244,-0.7050469241938334,1.043684508641266,305.60532212257385,0.0
10,waypoint_55,-30.0,-0.1567604361042244,-0.7050469241938334,1.043684508641266,425.1846671104431,0.0
11,waypoint_55,-30.0,-0.1567604361042244,-0.7050469241938334,1.043684508641266,487.8329634666443,0.0
12,waypoint_55,-30.0,-0.1567604361042244,-0.7050469241938334,1.043684508641266,438.3954405784607,0.0
13,waypoint_55,-30.0,-0.1567604361042244,-0.7050469241938334,1.043684508641266,502.19225883483887,0.0
14,waypoint_55,-30.0,-0.1567604361042244,-0.7050469241938334,1.043684508641266,802.9354214668274,0.0
0,waypoint_55,-15.0,-0.1567604361042244,-0.7050469241938334,1.043684508641266,4.447811283171177,0.0
1,waypoint_55,-15.0,-0.1567604361042244,-0.7050469241938334,1.043684508641266,5.258557386696339,0.0
2,waypoint_55,-15.0,-0.1567604361042244,-0.7050469241938334,1.043684508641266,6.926238536834717,0.0
3,waypoint_55,-15.0,-0.1567604361042244,-0.7050469241938334,1.043684508641266,9.901460260152817,0.0
4,waypoint_55,-15.0,-0.1567604361042244,-0.7050469241938334,1.043684508641266,16.493013128638268,0.0
5,waypoint_55,-15.0,-0.1567604361042244,-0.7050469241938334,1.043684508641266,17.567753791809082,0.0
6,waypoint_55,-15.0,-0.1567604361042244,-0.7050469241938334,1.043684508641266,273.8170623779297,0.0
7,waypoint_55,-15.0,-0.1567604361042244,-0.7050469241938334,1.043684508641266,309.9950850009918,0.0
8,waypoint_55,-15.0,-0.1567604361042244,-0.7050469241938334,1.043684508641266,464.2948508262634,0.0
9,waypoint_55,-15.0,-0.1567604361042244,-0.7050469241938334,1.043684508641266,303.7651777267456,0.0
10,waypoint_55,-15.0,-0.1567604361042244,-0.7050469241938334,1.043684508641266,422.6709008216858,0.0
11,waypoint_55,-15.0,-0.1567604361042244,-0.7050469241938334,1.043684508641266,485.8575165271759,0.0
12,waypoint_55,-15.0,-0.1567604361042244,-0.7050469241938334,1.043684508641266,437.3987019062042,0.0
13,waypoint_55,-15.0,-0.1567604361042244,-0.7050469241938334,1.043684508641266,499.66534972190857,0.0
14,waypoint_55,-15.0,-0.1567604361042244,-0.7050469241938334,1.043684508641266,797.0931529998779,0.0
0,waypoint_55,0.0,-0.1567604361042244,-0.7050469241938334,1.043684508641266,0.3379944828338921,0.033371489495038986
1,waypoint_55,0.0,-0.1567604361042244,-0.7050469241938334,1.043684508641266,0.35335548454895616,0.02612171322107315
2,waypoint_55,0.0,-0.1567604361042244,-0.7050469241938334,1.043684508641266,0.3613524604588747,0.017492014914751053
3,waypoint_55,0.0,-0.1567604361042244,-0.7050469241938334,1.043684508641266,0.3785054141189903,0.008327669464051723
4,waypoint_55,0.0,-0.1567604361042244,-0.7050469241938334,1.043684508641266,1.4525997685268521,0.0016202727565541863
5,waypoint_55,0.0,-0.1567604361042244,-0.7050469241938334,1.043684508641266,1.231211586855352,0.012231881730258465
6,waypoint_55,0.0,-0.1567604361042244,-0.7050469241938334,1.043684508641266,248.2813000679016,0.0
7,waypoint_55,0.0,-0.1567604361042244,-0.7050469241938334,1.043684508641266,308.3093464374542,0.0
8,waypoint_55,0.0,-0.1567604361042244,-0.7050469241938334,1.043684508641266,439.9060010910034,0.0
9,waypoint_55,0.0,-0.1567604361042244,-0.7050469241938334,1.043684508641266,278.23564410209656,0.0
10,waypoint_55,0.0,-0.1567604361042244,-0.7050469241938334,1.043684508641266,385.6264650821686,0.0
11,waypoint_55,0.0,-0.1567604361042244,-0.7050469241938334,1.043684508641266,455.5261731147766,0.0
12,waypoint_55,0.0,-0.1567604361042244,-0.7050469241938334,1.043684508641266,423.9274859428406,0.0
13,waypoint_55,0.0,-0.1567604361042244,-0.7050469241938334,1.043684508641266,492.35162138938904,0.0
14,waypoint_55,0.0,-0.1567604361042244,-0.7050469241938334,1.043684508641266,773.0697989463806,0.0
0,waypoint_55,15.0,-0.1567604361042244,-0.7050469241938334,1.043684508641266,5.995490122586489,0.0
1,waypoint_55,15.0,-0.1567604361042244,-0.7050469241938334,1.043684508641266,6.401550956070423,0.0
2,waypoint_55,15.0,-0.1567604361042244,-0.7050469241938334,1.043684508641266,7.78067484498024,0.0
3,waypoint_55,15.0,-0.1567604361042244,-0.7050469241938334,1.043684508641266,9.928356856107712,0.0
4,waypoint_55,15.0,-0.1567604361042244,-0.7050469241938334,1.043684508641266,9.838282130658627,0.0
5,waypoint_55,15.0,-0.1567604361042244,-0.7050469241938334,1.043684508641266,16.76560752093792,0.0
6,waypoint_55,15.0,-0.1567604361042244,-0.7050469241938334,1.043684508641266,243.47935616970062,0.0
7,waypoint_55,15.0,-0.1567604361042244,-0.7050469241938334,1.043684508641266,306.0756027698517,0.0
8,waypoint_55,15.0,-0.1567604361042244,-0.7050469241938334,1.043684508641266,432.9810440540314,0.0
9,waypoint_55,15.0,-0.1567604361042244,-0.7050469241938334,1.043684508641266,271.5906798839569,0.0
10,waypoint_55,15.0,-0.1567604361042244,-0.7050469241938334,1.043684508641266,379.3623745441437,0.0
11,waypoint_55,15.0,-0.1567604361042244,-0.7050469241938334,1.043684508641266,448.75964522361755,0.0
12,waypoint_55,15.0,-0.1567604361042244,-0.7050469241938334,1.043684508641266,422.66231775283813,0.0
13,waypoint_55,15.0,-0.1567604361042244,-0.7050469241938334,1.043684508641266,488.9358580112457,0.0
14,waypoint_55,15.0,-0.1567604361042244,-0.7050469241938334,1.043684508641266,765.8259868621826,0.0
0,waypoint_55,30.0,-0.1567604361042244,-0.7050469241938334,1.043684508641266,0.004726464339910308,0.02748386561870575
1,waypoint_55,30.0,-0.1567604361042244,-0.7050469241938334,1.043684508641266,0.004746341346617555,0.024580279365181923
2,waypoint_55,30.0,-0.1567604361042244,-0.7050469241938334,1.043684508641266,0.004075842298334464,0.017305316403508186
3,waypoint_55,30.0,-0.1567604361042244,-0.7050469241938334,1.043684508641266,0.009113080523093231,0.008425578474998474
4,waypoint_55,30.0,-0.1567604361042244,-0.7050469241938334,1.043684508641266,57.83867835998535,0.0
5,waypoint_55,30.0,-0.1567604361042244,-0.7050469241938334,1.043684508641266,0.016009589671739377,0.01038493774831295
6,waypoint_55,30.0,-0.1567604361042244,-0.7050469241938334,1.043684508641266,207.7082246541977,0.0
7,waypoint_55,30.0,-0.1567604361042244,-0.7050469241938334,1.043684508641266,288.4659171104431,0.0
8,waypoint_55,30.0,-0.1567604361042244,-0.7050469241938334,1.043684508641266,387.35440373420715,0.0
9,waypoint_55,30.0,-0.1567604361042244,-0.7050469241938334,1.043684508641266,233.3483099937439,0.0
10,waypoint_55,30.0,-0.1567604361042244,-0.7050469241938334,1.043684508641266,334.60772037506104,0.0
11,waypoint_55,30.0,-0.1567604361042244,-0.7050469241938334,1.043684508641266,400.94438195228577,0.0
12,waypoint_55,30.0,-0.1567604361042244,-0.7050469241938334,1.043684508641266,405.0019383430481,0.0
13,waypoint_55,30.0,-0.1567604361042244,-0.7050469241938334,1.043684508641266,466.4804935455322,0.0
14,waypoint_55,30.0,-0.1567604361042244,-0.7050469241938334,1.043684508641266,717.831552028656,0.0
0,waypoint_56,30.0,-0.13676043610422478,-0.7050469241938334,1.043684508641266,0.009563527783029713,0.02685432694852352
1,waypoint_56,30.0,-0.13676043610422478,-0.7050469241938334,1.043684508641266,0.010391911928309128,0.02569521591067314
2,waypoint_56,30.0,-0.13676043610422478,-0.7050469241938334,1.043684508641266,0.012063720532751177,0.01895381323993206
3,waypoint_56,30.0,-0.13676043610422478,-0.7050469241938334,1.043684508641266,0.008949434231908526,0.010255508124828339
4,waypoint_56,30.0,-0.13676043610422478,-0.7050469241938334,1.043684508641266,209.32678878307343,0.0
5,waypoint_56,30.0,-0.13676043610422478,-0.7050469241938334,1.043684508641266,0.010255464076180942,0.008789543062448502
6,waypoint_56,30.0,-0.13676043610422478,-0.7050469241938334,1.043684508641266,211.00467443466187,0.0
7,waypoint_56,30.0,-0.13676043610422478,-0.7050469241938334,1.043684508641266,292.0502722263336,0.0
8,waypoint_56,30.0,-0.13676043610422478,-0.7050469241938334,1.043684508641266,382.6923966407776,0.0
9,waypoint_56,30.0,-0.13676043610422478,-0.7050469241938334,1.043684508641266,227.62395441532135,0.0
10,waypoint_56,30.0,-0.13676043610422478,-0.7050469241938334,1.043684508641266,324.245423078537,0.0
11,waypoint_56,30.0,-0.13676043610422478,-0.7050469241938334,1.043684508641266,385.13845205307007,0.0
12,waypoint_56,30.0,-0.13676043610422478,-0.7050469241938334,1.043684508641266,390.95237851142883,0.0
13,waypoint_56,30.0,-0.13676043610422478,-0.7050469241938334,1.043684508641266,450.1588046550751,0.0
14,waypoint_56,30.0,-0.13676043610422478,-0.7050469241938334,1.043684508641266,698.9328265190125,0.0
0,waypoint_56,15.0,-0.13676043610422478,-0.7050469241938334,1.043684508641266,0.006144773578853346,0.031398285180330276
1,waypoint_56,15.0,-0.13676043610422478,-0.7050469241938334,1.043684508641266,0.003156233333356795,0.027091652154922485
2,waypoint_56,15.0,-0.13676043610422478,-0.7050469241938334,1.043684508641266,0.003271203695476288,0.019258825108408928
3,waypoint_56,15.0,-0.13676043610422478,-0.7050469241938334,1.043684508641266,0.005592682100541424,0.01014188677072525
4,waypoint_56,15.0,-0.13676043610422478,-0.7050469241938334,1.043684508641266,132.549986243248,0.0
5,waypoint_56,15.0,-0.13676043610422478,-0.7050469241938334,1.043684508641266,0.005781343134003691,0.00988270714879036
6,waypoint_56,15.0,-0.13676043610422478,-0.7050469241938334,1.043684508641266,235.56776344776154,0.0
7,waypoint_56,15.0,-0.13676043610422478,-0.7050469241938334,1.043684508641266,300.9013235569,0.0
8,waypoint_56,15.0,-0.13676043610422478,-0.7050469241938334,1.043684508641266,413.2634997367859,0.0
9,waypoint_56,15.0,-0.13676043610422478,-0.7050469241938334,1.043684508641266,249.5635449886322,0.0
10,waypoint_56,15.0,-0.13676043610422478,-0.7050469241938334,1.043684508641266,345.8383083343506,0.0
11,waypoint_56,15.0,-0.13676043610422478,-0.7050469241938334,1.043684508641266,410.4550778865814,0.0
12,waypoint_56,15.0,-0.13676043610422478,-0.7050469241938334,1.043684508641266,407.97868371009827,0.0
13,waypoint_56,15.0,-0.13676043610422478,-0.7050469241938334,1.043684508641266,462.7087414264679,0.0
14,waypoint_56,15.0,-0.13676043610422478,-0.7050469241938334,1.043684508641266,718.3188199996948,0.0
0,waypoint_56,0.0,-0.13676043610422478,-0.7050469241938334,1.043684508641266,0.005207140475249616,0.034332796931266785
1,waypoint_56,0.0,-0.13676043610422478,-0.7050469241938334,1.043684508641266,0.004551859547063941,0.027786901220679283
2,waypoint_56,0.0,-0.13676043610422478,-0.7050469241938334,1.043684508641266,0.00484083648188971,0.019286107271909714
3,waypoint_56,0.0,-0.13676043610422478,-0.7050469241938334,1.043684508641266,0.0032537802781007485,0.01019283477216959
4,waypoint_56,0.0,-0.13676043610422478,-0.7050469241938334,1.043684508641266,75.81309974193573,0.0
5,waypoint_56,0.0,-0.13676043610422478,-0.7050469241938334,1.043684508641266,0.00381655945602688,0.010026386007666588
6,waypoint_56,0.0,-0.13676043610422478,-0.7050469241938334,1.043684508641266,258.84827971458435,0.0
7,waypoint_56,0.0,-0.13676043610422478,-0.7050469241938334,1.043684508641266,307.26751685142517,0.0
8,waypoint_56,0.0,-0.13676043610422478,-0.7050469241938334,1.043684508641266,431.6302239894867,0.0
9,waypoint_56,0.0,-0.13676043610422478,-0.7050469241938334,1.043684508641266,263.76789808273315,0.0
10,waypoint_56,0.0,-0.13676043610422478,-0.7050469241938334,1.043684508641266,370.4986274242401,0.0
11,waypoint_56,0.0,-0.13676043610422478,-0.7050469241938334,1.043684508641266,435.3342056274414,0.0
12,waypoint_56,0.0,-0.13676043610422478,-0.7050469241938334,1.043684508641266,411.16490960121155,0.0
13,waypoint_56,0.0,-0.13676043610422478,-0.7050469241938334,1.043684508641266,470.0937867164612,0.0
14,waypoint_56,0.0,-0.13676043610422478,-0.7050469241938334,1.043684508641266,738.009512424469,0.0
0,waypoint_56,-15.0,-0.13676043610422478,-0.7050469241938334,1.043684508641266,0.4208408936392516,0.035869572311639786
1,waypoint_56,-15.0,-0.13676043610422478,-0.7050469241938334,1.043684508641266,0.4299045249354094,0.027678560465574265
2,waypoint_56,-15.0,-0.13676043610422478,-0.7050469241938334,1.043684508641266,0.4286426701582968,0.01884402520954609
3,waypoint_56,-15.0,-0.13676043610422478,-0.7050469241938334,1.043684508641266,0.4100383666809648,0.010165088810026646
4,waypoint_56,-15.0,-0.13676043610422478,-0.7050469241938334,1.043684508641266,1.1339631164446473,0.0013311137445271015
5,waypoint_56,-15.0,-0.13676043610422478,-0.7050469241938334,1.043684508641266,0.4727352934423834,0.00948649924248457
6,waypoint_56,-15.0,-0.13676043610422478,-0.7050469241938334,1.043684508641266,279.482901096344,0.0
7,waypoint_56,-15.0,-0.13676043610422478,-0.7050469241938334,1.043684508641266,317.13318824768066,0.0
8,waypoint_56,-15.0,-0.13676043610422478,-0.7050469241938334,1.043684508641266,450.26135444641113,0.0
9,waypoint_56,-15.0,-0.13676043610422478,-0.7050469241938334,1.043684508641266,287.3794734477997,0.0
10,waypoint_56,-15.0,-0.13676043610422478,-0.7050469241938334,1.043684508641266,397.84204959869385,0.0
11,waypoint_56,-15.0,-0.13676043610422478,-0.7050469241938334,1.043684508641266,458.93263816833496,0.0
12,waypoint_56,-15.0,-0.13676043610422478,-0.7050469241938334,1.043684508641266,414.39443826675415,0.0
13,waypoint_56,-15.0,-0.13676043610422478,-0.7050469241938334,1.043684508641266,478.24615240097046,0.0
14,waypoint_56,-15.0,-0.13676043610422478,-0.7050469241938334,1.043684508641266,761.7724537849426,0.0
0,waypoint_56,-30.0,-0.13676043610422478,-0.7050469241938334,1.043684508641266,4.974410403519869,0.0
1,waypoint_56,-30.0,-0.13676043610422478,-0.7050469241938334,1.043684508641266,5.573403090238571,0.0
2,waypoint_56,-30.0,-0.13676043610422478,-0.7050469241938334,1.043684508641266,7.1219089441001415,0.0
3,waypoint_56,-30.0,-0.13676043610422478,-0.7050469241938334,1.043684508641266,9.70499962568283,0.0
4,waypoint_56,-30.0,-0.13676043610422478,-0.7050469241938334,1.043684508641266,11.721132323145866,0.0
5,waypoint_56,-30.0,-0.13676043610422478,-0.7050469241938334,1.043684508641266,16.222674399614334,0.0
6,waypoint_56,-30.0,-0.13676043610422478,-0.7050469241938334,1.043684508641266,284.29973125457764,0.0
7,waypoint_56,-30.0,-0.13676043610422478,-0.7050469241938334,1.043684508641266,318.81242990493774,0.0
8,waypoint_56,-30.0,-0.13676043610422478,-0.7050469241938334,1.043684508641266,450.1662850379944,0.0
9,waypoint_56,-30.0,-0.13676043610422478,-0.7050469241938334,1.043684508641266,287.97000646591187,0.0
10,waypoint_56,-30.0,-0.13676043610422478,-0.7050469241938334,1.043684508641266,398.8055884838104,0.0
11,waypoint_56,-30.0,-0.13676043610422478,-0.7050469241938334,1.043684508641266,464.21149373054504,0.0
12,waypoint_56,-30.0,-0.13676043610422478,-0.7050469241938334,1.043684508641266,413.16843032836914,0.0
13,waypoint_56,-30.0,-0.13676043610422478,-0.7050469241938334,1.043684508641266,481.43112659454346,0.0
14,waypoint_56,-30.0,-0.13676043610422478,-0.7050469241938334,1.043684508641266,766.7447328567505,0.0
0,waypoint_57,-30.0,-0.1167604361042246,-0.7050469241938334,1.043684508641266,1.0181660763919353,0.0380035936832428
1,waypoint_57,-30.0,-0.1167604361042246,-0.7050469241938334,1.043684508641266,1.0913015576079488,0.028891844674944878
2,waypoint_57,-30.0,-0.1167604361042246,-0.7050469241938334,1.043684508641266,1.132710138335824,0.01970333606004715
3,waypoint_57,-30.0,-0.1167604361042246,-0.7050469241938334,1.043684508641266,1.1639130534604192,0.011481371708214283
4,waypoint_57,-30.0,-0.1167604361042246,-0.7050469241938334,1.043684508641266,1.304549747146666,0.0036413921043276787
5,waypoint_57,-30.0,-0.1167604361042246,-0.7050469241938334,1.043684508641266,1.2129907263442874,0.0062483143992722034
6,waypoint_57,-30.0,-0.1167604361042246,-0.7050469241938334,1.043684508641266,299.8161017894745,0.0
7,waypoint_57,-30.0,-0.1167604361042246,-0.7050469241938334,1.043684508641266,326.34851336479187,0.0
8,waypoint_57,-30.0,-0.1167604361042246,-0.7050469241938334,1.043684508641266,454.05176281929016,0.0
9,waypoint_57,-30.0,-0.1167604361042246,-0.7050469241938334,1.043684508641266,281.55601024627686,0.0
10,waypoint_57,-30.0,-0.1167604361042246,-0.7050469241938334,1.043684508641266,389.51510190963745,0.0
11,waypoint_57,-30.0,-0.1167604361042246,-0.7050469241938334,1.043684508641266,462.5602066516876,0.0
12,waypoint_57,-30.0,-0.1167604361042246,-0.7050469241938334,1.043684508641266,402.6879370212555,0.0
13,waypoint_57,-30.0,-0.1167604361042246,-0.7050469241938334,1.043684508641266,472.74547815322876,0.0
14,waypoint_57,-30.0,-0.1167604361042246,-0.7050469241938334,1.043684508641266,758.8299512863159,0.0
0,waypoint_57,-15.0,-0.1167604361042246,-0.7050469241938334,1.043684508641266,4.155239090323448,0.0
1,waypoint_57,-15.0,-0.1167604361042246,-0.7050469241938334,1.043684508641266,4.598592408001423,0.0
2,waypoint_57,-15.0,-0.1167604361042246,-0.7050469241938334,1.043684508641266,5.838606506586075,0.0
3,waypoint_57,-15.0,-0.1167604361042246,-0.7050469241938334,1.043684508641266,8.344277739524841,0.0
4,waypoint_57,-15.0,-0.1167604361042246,-0.7050469241938334,1.043684508641266,11.208200827240944,0.0
5,waypoint_57,-15.0,-0.1167604361042246,-0.7050469241938334,1.043684508641266,16.522958874702454,0.0
6,waypoint_57,-15.0,-0.1167604361042246,-0.7050469241938334,1.043684508641266,296.3959872722626,0.0
7,waypoint_57,-15.0,-0.1167604361042246,-0.7050469241938334,1.043684508641266,326.2554109096527,0.0
8,waypoint_57,-15.0,-0.1167604361042246,-0.7050469241938334,1.043684508641266,452.27888226509094,0.0
9,waypoint_57,-15.0,-0.1167604361042246,-0.7050469241938334,1.043684508641266,281.75583481788635,0.0
10,waypoint_57,-15.0,-0.1167604361042246,-0.7050469241938334,1.043684508641266,388.4859085083008,0.0
11,waypoint_57,-15.0,-0.1167604361042246,-0.7050469241938334,1.043684508641266,457.85239338874817,0.0
12,waypoint_57,-15.0,-0.1167604361042246,-0.7050469241938334,1.043684508641266,404.0353000164032,0.0
13,waypoint_57,-15.0,-0.1167604361042246,-0.7050469241938334,1.043684508641266,470.958948135376,0.0
14,waypoint_57,-15.0,-0.1167604361042246,-0.7050469241938334,1.043684508641266,753.4822225570679,0.0
0,waypoint_57,0.0,-0.1167604361042246,-0.7050469241938334,1.043684508641266,0.446729245595634,0.035021912306547165
1,waypoint_57,0.0,-0.1167604361042246,-0.7050469241938334,1.043684508641266,0.4889988340437412,0.029400397092103958
2,waypoint_57,0.0,-0.1167604361042246,-0.7050469241938334,1.043684508641266,0.5106934695504606,0.021081315353512764
3,waypoint_57,0.0,-0.1167604361042246,-0.7050469241938334,1.043684508641266,0.521307869348675,0.012039205990731716
4,waypoint_57,0.0,-0.1167604361042246,-0.7050469241938334,1.043684508641266,0.6694887415505946,0.0025416600983589888
5,waypoint_57,0.0,-0.1167604361042246,-0.7050469241938334,1.043684508641266,1.2324253330007195,0.007907417602837086
6,waypoint_57,0.0,-0.1167604361042246,-0.7050469241938334,1.043684508641266,266.17345213890076,0.0
7,waypoint_57,0.0,-0.1167604361042246,-0.7050469241938334,1.043684508641266,322.4388062953949,0.0
8,waypoint_57,0.0,-0.1167604361042246,-0.7050469241938334,1.043684508641266,429.27634716033936,0.0
9,waypoint_57,0.0,-0.1167604361042246,-0.7050469241938334,1.043684508641266,266.4083242416382,0.0
10,waypoint_57,0.0,-0.1167604361042246,-0.7050469241938334,1.043684508641266,365.5621409416199,0.0
11,waypoint_57,0.0,-0.1167604361042246,-0.7050469241938334,1.043684508641266,428.0872344970703,0.0
12,waypoint_57,0.0,-0.1167604361042246,-0.7050469241938334,1.043684508641266,397.57096767425537,0.0
13,waypoint_57,0.0,-0.1167604361042246,-0.7050469241938334,1.043684508641266,461.1382484436035,0.0
14,waypoint_57,0.0,-0.1167604361042246,-0.7050469241938334,1.043684508641266,727.9006838798523,0.0
0,waypoint_57,15.0,-0.1167604361042246,-0.7050469241938334,1.043684508641266,6.0090068727731705,0.0
1,waypoint_57,15.0,-0.1167604361042246,-0.7050469241938334,1.043684508641266,6.1110882088541985,0.0
2,waypoint_57,15.0,-0.1167604361042246,-0.7050469241938334,1.043684508641266,7.093377411365509,0.0
3,waypoint_57,15.0,-0.1167604361042246,-0.7050469241938334,1.043684508641266,9.023815393447876,0.0
4,waypoint_57,15.0,-0.1167604361042246,-0.7050469241938334,1.043684508641266,5.259581375867128,0.0
5,waypoint_57,15.0,-0.1167604361042246,-0.7050469241938334,1.043684508641266,16.275733709335327,0.0
6,waypoint_57,15.0,-0.1167604361042246,-0.7050469241938334,1.043684508641266,260.79580187797546,0.0
7,waypoint_57,15.0,-0.1167604361042246,-0.7050469241938334,1.043684508641266,321.5285837650299,0.0
8,waypoint_57,15.0,-0.1167604361042246,-0.7050469241938334,1.043684508641266,422.4010705947876,0.0
9,waypoint_57,15.0,-0.1167604361042246,-0.7050469241938334,1.043684508641266,263.2082402706146,0.0
10,waypoint_57,15.0,-0.1167604361042246,-0.7050469241938334,1.043684508641266,360.64934730529785,0.0
11,waypoint_57,15.0,-0.1167604361042246,-0.7050469241938334,1.043684508641266,419.8603332042694,0.0
12,waypoint_57,15.0,-0.1167604361042246,-0.7050469241938334,1.043684508641266,397.12610840797424,0.0
13,waypoint_57,15.0,-0.1167604361042246,-0.7050469241938334,1.043684508641266,458.0463171005249,0.0
14,waypoint_57,15.0,-0.1167604361042246,-0.7050469241938334,1.043684508641266,720.6826210021973,0.0
0,waypoint_57,30.0,-0.1167604361042246,-0.7050469241938334,1.043684508641266,0.2768771955743432,0.02546723000705242
1,waypoint_57,30.0,-0.1167604361042246,-0.7050469241938334,1.043684508641266,0.32518364605493844,0.02662772685289383
2,waypoint_57,30.0,-0.1167604361042246,-0.7050469241938334,1.043684508641266,0.3472793032415211,0.020550856366753578
3,waypoint_57,30.0,-0.1167604361042246,-0.7050469241938334,1.043684508641266,0.4023806541226804,0.01207746658474207
4,waypoint_57,30.0,-0.1167604361042246,-0.7050469241938334,1.043684508641266,1.4491949696093798,0.0030917334370315075
5,waypoint_57,30.0,-0.1167604361042246,-0.7050469241938334,1.043684508641266,0.7928260019980371,0.007168708369135857
6,waypoint_57,30.0,-0.1167604361042246,-0.7050469241938334,1.043684508641266,228.95236313343048,0.0
7,waypoint_57,30.0,-0.1167604361042246,-0.7050469241938334,1.043684508641266,288.1867587566376,0.0
8,waypoint_57,30.0,-0.1167604361042246,-0.7050469241938334,1.043684508641266,379.38663363456726,0.0
9,waypoint_57,30.0,-0.1167604361042246,-0.7050469241938334,1.043684508641266,227.2440493106842,0.0
10,waypoint_57,30.0,-0.1167604361042246,-0.7050469241938334,1.043684508641266,310.82868576049805,0.0
11,waypoint_57,30.0,-0.1167604361042246,-0.7050469241938334,1.043684508641266,374.193400144577,0.0
12,waypoint_57,30.0,-0.1167604361042246,-0.7050469241938334,1.043684508641266,383.06471705436707,0.0
13,waypoint_57,30.0,-0.1167604361042246,-0.7050469241938334,1.043684508641266,440.01609086990356,0.0
14,waypoint_57,30.0,-0.1167604361042246,-0.7050469241938334,1.043684508641266,678.7068247795105,0.0
0,waypoint_58,30.0,-0.0967604361042248,-0.7050469241938334,1.043684508641266,0.8099260739982128,0.022841675207018852
1,waypoint_58,30.0,-0.0967604361042248,-0.7050469241938334,1.043684508641266,0.8023536647669971,0.027298172935843468
2,waypoint_58,30.0,-0.0967604361042248,-0.7050469241938334,1.043684508641266,0.8573337690904737,0.022104861214756966
3,waypoint_58,30.0,-0.0967604361042248,-0.7050469241938334,1.043684508641266,0.92986790696159,0.013946840539574623
4,waypoint_58,30.0,-0.0967604361042248,-0.7050469241938334,1.043684508641266,1.18388666305691,0.004898293409496546
5,waypoint_58,30.0,-0.0967604361042248,-0.7050469241938334,1.043684508641266,1.1297437595203519,0.005276324227452278
6,waypoint_58,30.0,-0.0967604361042248,-0.7050469241938334,1.043684508641266,233.5967868566513,0.0
7,waypoint_58,30.0,-0.0967604361042248,-0.7050469241938334,1.043684508641266,297.63612151145935,0.0
8,waypoint_58,30.0,-0.0967604361042248,-0.7050469241938334,1.043684508641266,375.5818009376526,0.0
9,waypoint_58,30.0,-0.0967604361042248,-0.7050469241938334,1.043684508641266,228.81588339805603,0.0
10,waypoint_58,30.0,-0.0967604361042248,-0.7050469241938334,1.043684508641266,306.4424395561218,0.0
11,waypoint_58,30.0,-0.0967604361042248,-0.7050469241938334,1.043684508641266,360.7527017593384,0.0
12,waypoint_58,30.0,-0.0967604361042248,-0.7050469241938334,1.043684508641266,369.94484066963196,0.0
13,waypoint_58,30.0,-0.0967604361042248,-0.7050469241938334,1.043684508641266,424.3595600128174,0.0
14,waypoint_58,30.0,-0.0967604361042248,-0.7050469241938334,1.043684508641266,663.962185382843,0.0
0,waypoint_58,15.0,-0.0967604361042248,-0.7050469241938334,1.043684508641266,7.603858597576618,0.0
1,waypoint_58,15.0,-0.0967604361042248,-0.7050469241938334,1.043684508641266,6.64454884827137,0.0
2,waypoint_58,15.0,-0.0967604361042248,-0.7050469241938334,1.043684508641266,6.609097588807344,0.0
3,waypoint_58,15.0,-0.0967604361042248,-0.7050469241938334,1.043684508641266,7.179118227213621,0.0
4,waypoint_58,15.0,-0.0967604361042248,-0.7050469241938334,1.043684508641266,7.111153565347195,0.0
5,waypoint_58,15.0,-0.0967604361042248,-0.7050469241938334,1.043684508641266,12.971659190952778,0.0
6,waypoint_58,15.0,-0.0967604361042248,-0.7050469241938334,1.043684508641266,239.41415548324585,0.0
7,waypoint_58,15.0,-0.0967604361042248,-0.7050469241938334,1.043684508641266,300.8139133453369,0.0
8,waypoint_58,15.0,-0.0967604361042248,-0.7050469241938334,1.043684508641266,383.78867506980896,0.0
9,waypoint_58,15.0,-0.0967604361042248,-0.7050469241938334,1.043684508641266,234.08281803131104,0.0
10,waypoint_58,15.0,-0.0967604361042248,-0.7050469241938334,1.043684508641266,309.3564808368683,0.0
11,waypoint_58,15.0,-0.0967604361042248,-0.7050469241938334,1.043684508641266,370.34928798675537,0.0
12,waypoint_58,15.0,-0.0967604361042248,-0.7050469241938334,1.043684508641266,372.6712763309479,0.0
13,waypoint_58,15.0,-0.0967604361042248,-0.7050469241938334,1.043684508641266,427.57707834243774,0.0
14,waypoint_58,15.0,-0.0967604361042248,-0.7050469241938334,1.043684508641266,669.4075465202332,0.0
0,waypoint_58,0.0,-0.0967604361042248,-0.7050469241938334,1.043684508641266,0.21489067876245826,0.035306740552186966
1,waypoint_58,0.0,-0.0967604361042248,-0.7050469241938334,1.043684508641266,0.25390100199729204,0.03090144321322441
2,waypoint_58,0.0,-0.0967604361042248,-0.7050469241938334,1.043684508641266,0.2719872572924942,0.022858239710330963
3,waypoint_58,0.0,-0.0967604361042248,-0.7050469241938334,1.043684508641266,0.35145279252901673,0.013875286094844341
4,waypoint_58,0.0,-0.0967604361042248,-0.7050469241938334,1.043684508641266,1.3640901306644082,0.004520035814493895
5,waypoint_58,0.0,-0.0967604361042248,-0.7050469241938334,1.043684508641266,1.409693039022386,0.005677413661032915
6,waypoint_58,0.0,-0.0967604361042248,-0.7050469241938334,1.043684508641266,285.4936718940735,0.0
7,waypoint_58,0.0,-0.0967604361042248,-0.7050469241938334,1.043684508641266,308.60573053359985,0.0
8,waypoint_58,0.0,-0.0967604361042248,-0.7050469241938334,1.043684508641266,420.26573419570923,0.0
9,waypoint_58,0.0,-0.0967604361042248,-0.7050469241938334,1.043684508641266,264.1574442386627,0.0
10,waypoint_58,0.0,-0.0967604361042248,-0.7050469241938334,1.043684508641266,358.49761962890625,0.0
11,waypoint_58,0.0,-0.0967604361042248,-0.7050469241938334,1.043684508641266,410.2136790752411,0.0
12,waypoint_58,0.0,-0.0967604361042248,-0.7050469241938334,1.043684508641266,385.66675782203674,0.0
13,waypoint_58,0.0,-0.0967604361042248,-0.7050469241938334,1.043684508641266,443.3519244194031,0.0
14,waypoint_58,0.0,-0.0967604361042248,-0.7050469241938334,1.043684508641266,696.4783072471619,0.0
0,waypoint_58,-15.0,-0.0967604361042248,-0.7050469241938334,1.043684508641266,5.7898699305951595,0.0
1,waypoint_58,-15.0,-0.0967604361042248,-0.7050469241938334,1.043684508641266,6.023070774972439,0.0
2,waypoint_58,-15.0,-0.0967604361042248,-0.7050469241938334,1.043684508641266,6.930007133632898,0.0
3,waypoint_58,-15.0,-0.0967604361042248,-0.7050469241938334,1.043684508641266,8.853516541421413,0.0
4,waypoint_58,-15.0,-0.0967604361042248,-0.7050469241938334,1.043684508641266,11.20009645819664,0.0
5,waypoint_58,-15.0,-0.0967604361042248,-0.7050469241938334,1.043684508641266,15.485371463000774,0.0
6,waypoint_58,-15.0,-0.0967604361042248,-0.7050469241938334,1.043684508641266,291.4953827857971,0.0
7,waypoint_58,-15.0,-0.0967604361042248,-0.7050469241938334,1.043684508641266,311.4113211631775,0.0
8,waypoint_58,-15.0,-0.0967604361042248,-0.7050469241938334,1.043684508641266,424.99855160713196,0.0
9,waypoint_58,-15.0,-0.0967604361042248,-0.7050469241938334,1.043684508641266,267.14059710502625,0.0
10,waypoint_58,-15.0,-0.0967604361042248,-0.7050469241938334,1.043684508641266,365.63462018966675,0.0
11,waypoint_58,-15.0,-0.0967604361042248,-0.7050469241938334,1.043684508641266,414.55650329589844,0.0
12,waypoint_58,-15.0,-0.0967604361042248,-0.7050469241938334,1.043684508641266,386.46990060806274,0.0
13,waypoint_58,-15.0,-0.0967604361042248,-0.7050469241938334,1.043684508641266,445.24914026260376,0.0
14,waypoint_58,-15.0,-0.0967604361042248,-0.7050469241938334,1.043684508641266,700.0642418861389,0.0
0,waypoint_58,-30.0,-0.0967604361042248,-0.7050469241938334,1.043684508641266,0.6006901385262609,0.03942601755261421
1,waypoint_58,-30.0,-0.0967604361042248,-0.7050469241938334,1.043684508641266,0.6133929127827287,0.030773727223277092
2,waypoint_58,-30.0,-0.0967604361042248,-0.7050469241938334,1.043684508641266,0.622000836301595,0.021430103108286858
3,waypoint_58,-30.0,-0.0967604361042248,-0.7050469241938334,1.043684508641266,0.6106325890868902,0.012981737032532692
4,waypoint_58,-30.0,-0.0967604361042248,-0.7050469241938334,1.043684508641266,1.0105345863848925,0.005180913954973221
5,waypoint_58,-30.0,-0.0967604361042248,-0.7050469241938334,1.043684508641266,1.3437365414574742,0.004260951187461615
6,waypoint_58,-30.0,-0.0967604361042248,-0.7050469241938334,1.043684508641266,327.7566432952881,0.0
7,waypoint_58,-30.0,-0.0967604361042248,-0.7050469241938334,1.043684508641266,322.0364451408386,0.0
8,waypoint_58,-30.0,-0.0967604361042248,-0.7050469241938334,1.043684508641266,478.9491295814514,0.0
9,waypoint_58,-30.0,-0.0967604361042248,-0.7050469241938334,1.043684508641266,276.5936553478241,0.0
10,waypoint_58,-30.0,-0.0967604361042248,-0.7050469241938334,1.043684508641266,382.21248984336853,0.0
11,waypoint_58,-30.0,-0.0967604361042248,-0.7050469241938334,1.043684508641266,447.2326636314392,0.0
12,waypoint_58,-30.0,-0.0967604361042248,-0.7050469241938334,1.043684508641266,393.8084542751312,0.0
13,waypoint_58,-30.0,-0.0967604361042248,-0.7050469241938334,1.043684508641266,452.2906243801117,0.0
14,waypoint_58,-30.0,-0.0967604361042248,-0.7050469241938334,1.043684508641266,737.5763654708862,0.0
0,waypoint_59,-30.0,-0.07676043610422456,-0.7050469241938334,1.043684508641266,1.288110506720841,0.04070882126688957
1,waypoint_59,-30.0,-0.07676043610422456,-0.7050469241938334,1.043684508641266,1.2352580670267344,0.03280851989984512
2,waypoint_59,-30.0,-0.07676043610422456,-0.7050469241938334,1.043684508641266,1.2319667730480433,0.02337106131017208
3,waypoint_59,-30.0,-0.07676043610422456,-0.7050469241938334,1.043684508641266,1.2373450445011258,0.014641941525042057
4,waypoint_59,-30.0,-0.07676043610422456,-0.7050469241938334,1.043684508641266,1.261972007341683,0.0068296329118311405
5,waypoint_59,-30.0,-0.07676043610422456,-0.7050469241938334,1.043684508641266,1.1427985737100244,0.0022819172590970993
6,waypoint_59,-30.0,-0.07676043610422456,-0.7050469241938334,1.043684508641266,331.7585587501526,0.0
7,waypoint_59,-30.0,-0.07676043610422456,-0.7050469241938334,1.043684508641266,329.76576685905457,0.0
8,waypoint_59,-30.0,-0.07676043610422456,-0.7050469241938334,1.043684508641266,481.94238543510437,0.0
9,waypoint_59,-30.0,-0.07676043610422456,-0.7050469241938334,1.043684508641266,273.03993701934814,0.0
10,waypoint_59,-30.0,-0.07676043610422456,-0.7050469241938334,1.043684508641266,373.2445538043976,0.0
11,waypoint_59,-30.0,-0.07676043610422456,-0.7050469241938334,1.043684508641266,434.33576822280884,0.0
12,waypoint_59,-30.0,-0.07676043610422456,-0.7050469241938334,1.043684508641266,382.34472274780273,0.0
13,waypoint_59,-30.0,-0.07676043610422456,-0.7050469241938334,1.043684508641266,438.6557638645172,0.0
14,waypoint_59,-30.0,-0.07676043610422456,-0.7050469241938334,1.043684508641266,718.5075879096985,0.0
0,waypoint_59,-15.0,-0.07676043610422456,-0.7050469241938334,1.043684508641266,4.080686252564192,0.0
1,waypoint_59,-15.0,-0.07676043610422456,-0.7050469241938334,1.043684508641266,4.287227056920528,0.0
2,waypoint_59,-15.0,-0.07676043610422456,-0.7050469241938334,1.043684508641266,5.152580328285694,0.0
3,waypoint_59,-15.0,-0.07676043610422456,-0.7050469241938334,1.043684508641266,7.116422988474369,0.0
4,waypoint_59,-15.0,-0.07676043610422456,-0.7050469241938334,1.043684508641266,10.421304032206535,0.0
5,waypoint_59,-15.0,-0.07676043610422456,-0.7050469241938334,1.043684508641266,17.18381606042385,0.0
6,waypoint_59,-15.0,-0.07676043610422456,-0.7050469241938334,1.043684508641266,328.3420503139496,0.0
7,waypoint_59,-15.0,-0.07676043610422456,-0.7050469241938334,1.043684508641266,329.25501465797424,0.0
8,waypoint_59,-15.0,-0.07676043610422456,-0.7050469241938334,1.043684508641266,480.27223348617554,0.0
9,waypoint_59,-15.0,-0.07676043610422456,-0.7050469241938334,1.043684508641266,273.1477618217468,0.0
10,waypoint_59,-15.0,-0.07676043610422456,-0.7050469241938334,1.043684508641266,373.5765218734741,0.0
11,waypoint_59,-15.0,-0.07676043610422456,-0.7050469241938334,1.043684508641266,432.73013830184937,0.0
12,waypoint_59,-15.0,-0.07676043610422456,-0.7050469241938334,1.043684508641266,381.2713027000427,0.0
13,waypoint_59,-15.0,-0.07676043610422456,-0.7050469241938334,1.043684508641266,438.83460760116577,0.0
14,waypoint_59,-15.0,-0.07676043610422456,-0.7050469241938334,1.043684508641266,718.0531620979309,0.0
0,waypoint_59,0.0,-0.07676043610422456,-0.7050469241938334,1.043684508641266,0.44620526023209095,0.035076841711997986
1,waypoint_59,0.0,-0.07676043610422456,-0.7050469241938334,1.043684508641266,0.4888103576377034,0.032272785902023315
2,waypoint_59,0.0,-0.07676043610422456,-0.7050469241938334,1.043684508641266,0.5147511838003993,0.024607215076684952
3,waypoint_59,0.0,-0.07676043610422456,-0.7050469241938334,1.043684508641266,0.5231477553024888,0.015685858204960823
4,waypoint_59,0.0,-0.07676043610422456,-0.7050469241938334,1.043684508641266,0.5449870368465781,0.006432120222598314
5,waypoint_59,0.0,-0.07676043610422456,-0.7050469241938334,1.043684508641266,1.2955464189872146,0.0036315834149718285
6,waypoint_59,0.0,-0.07676043610422456,-0.7050469241938334,1.043684508641266,299.4852066040039,0.0
7,waypoint_59,0.0,-0.07676043610422456,-0.7050469241938334,1.043684508641266,319.0787434577942,0.0
8,waypoint_59,0.0,-0.07676043610422456,-0.7050469241938334,1.043684508641266,459.2437148094177,0.0
9,waypoint_59,0.0,-0.07676043610422456,-0.7050469241938334,1.043684508641266,264.99974727630615,0.0
10,waypoint_59,0.0,-0.07676043610422456,-0.7050469241938334,1.043684508641266,346.02805972099304,0.0
11,waypoint_59,0.0,-0.07676043610422456,-0.7050469241938334,1.043684508641266,402.9354155063629,0.0
12,waypoint_59,0.0,-0.07676043610422456,-0.7050469241938334,1.043684508641266,374.3559420108795,0.0
13,waypoint_59,0.0,-0.07676043610422456,-0.7050469241938334,1.043684508641266,430.5441081523895,0.0
14,waypoint_59,0.0,-0.07676043610422456,-0.7050469241938334,1.043684508641266,690.9171938896179,0.0
0,waypoint_59,15.0,-0.07676043610422456,-0.7050469241938334,1.043684508641266,6.117837503552437,0.0
1,waypoint_59,15.0,-0.07676043610422456,-0.7050469241938334,1.043684508641266,5.977225955575705,0.0
2,waypoint_59,15.0,-0.07676043610422456,-0.7050469241938334,1.043684508641266,6.581251509487629,0.0
3,waypoint_59,15.0,-0.07676043610422456,-0.7050469241938334,1.043684508641266,8.163459599018097,0.0
4,waypoint_59,15.0,-0.07676043610422456,-0.7050469241938334,1.043684508641266,10.322639718651772,0.0
5,waypoint_59,15.0,-0.07676043610422456,-0.7050469241938334,1.043684508641266,16.313718631863594,0.0
6,waypoint_59,15.0,-0.07676043610422456,-0.7050469241938334,1.043684508641266,293.3785319328308,0.0
7,waypoint_59,15.0,-0.07676043610422456,-0.7050469241938334,1.043684508641266,316.1774277687073,0.0
8,waypoint_59,15.0,-0.07676043610422456,-0.7050469241938334,1.043684508641266,457.6428532600403,0.0
9,waypoint_59,15.0,-0.07676043610422456,-0.7050469241938334,1.043684508641266,262.1364891529083,0.0
10,waypoint_59,15.0,-0.07676043610422456,-0.7050469241938334,1.043684508641266,337.74980902671814,0.0
11,waypoint_59,15.0,-0.07676043610422456,-0.7050469241938334,1.043684508641266,396.10448479652405,0.0
12,waypoint_59,15.0,-0.07676043610422456,-0.7050469241938334,1.043684508641266,374.41590428352356,0.0
13,waypoint_59,15.0,-0.07676043610422456,-0.7050469241938334,1.043684508641266,427.4654984474182,0.0
14,waypoint_59,15.0,-0.07676043610422456,-0.7050469241938334,1.043684508641266,683.4285259246826,0.0
0,waypoint_59,30.0,-0.07676043610422456,-0.7050469241938334,1.043684508641266,0.2418142685201019,0.018524406477808952
1,waypoint_59,30.0,-0.07676043610422456,-0.7050469241938334,1.043684508641266,0.3089176316279918,0.027593890205025673
2,waypoint_59,30.0,-0.07676043610422456,-0.7050469241938334,1.043684508641266,0.3388474287930876,0.02342919632792473
3,waypoint_59,30.0,-0.07676043610422456,-0.7050469241938334,1.043684508641266,0.3678861539810896,0.015615963377058506
4,waypoint_59,30.0,-0.07676043610422456,-0.7050469241938334,1.043684508641266,0.6750960019417107,0.006597929634153843
5,waypoint_59,30.0,-0.07676043610422456,-0.7050469241938334,1.043684508641266,0.7975763874128461,0.0036863707937300205
6,waypoint_59,30.0,-0.07676043610422456,-0.7050469241938334,1.043684508641266,264.15038108825684,0.0
7,waypoint_59,30.0,-0.07676043610422456,-0.7050469241938334,1.043684508641266,296.8675196170807,0.0
8,waypoint_59,30.0,-0.07676043610422456,-0.7050469241938334,1.043684508641266,450.9671628475189,0.0
9,waypoint_59,30.0,-0.07676043610422456,-0.7050469241938334,1.043684508641266,234.5893532037735,0.0
10,waypoint_59,30.0,-0.07676043610422456,-0.7050469241938334,1.043684508641266,299.74451661109924,0.0
11,waypoint_59,30.0,-0.07676043610422456,-0.7050469241938334,1.043684508641266,346.37343883514404,0.0
12,waypoint_59,30.0,-0.07676043610422456,-0.7050469241938334,1.043684508641266,357.44112730026245,0.0
13,waypoint_59,30.0,-0.07676043610422456,-0.7050469241938334,1.043684508641266,410.72097420692444,0.0
14,waypoint_59,30.0,-0.07676043610422456,-0.7050469241938334,1.043684508641266,644.0256237983704,0.0
0,waypoint_60,30.0,-0.056760436104224765,-0.7050469241938334,1.043684508641266,0.009743855116539635,0.009552402421832085
1,waypoint_60,30.0,-0.056760436104224765,-0.7050469241938334,1.043684508641266,0.010062422006740235,0.027462253347039223
2,waypoint_60,30.0,-0.056760436104224765,-0.7050469241938334,1.043684508641266,0.009085750207304955,0.024656716734170914
3,waypoint_60,30.0,-0.056760436104224765,-0.7050469241938334,1.043684508641266,0.01053974665410351,0.017306337133049965
4,waypoint_60,30.0,-0.056760436104224765,-0.7050469241938334,1.043684508641266,0.008338048246514518,0.008426222950220108
5,waypoint_60,30.0,-0.056760436104224765,-0.7050469241938334,1.043684508641266,66.45182520151138,0.0
6,waypoint_60,30.0,-0.056760436104224765,-0.7050469241938334,1.043684508641266,299.86056685447693,0.0
7,waypoint_60,30.0,-0.056760436104224765,-0.7050469241938334,1.043684508641266,308.65341424942017,0.0
8,waypoint_60,30.0,-0.056760436104224765,-0.7050469241938334,1.043684508641266,446.74164056777954,0.0
9,waypoint_60,30.0,-0.056760436104224765,-0.7050469241938334,1.043684508641266,237.83062398433685,0.0
10,waypoint_60,30.0,-0.056760436104224765,-0.7050469241938334,1.043684508641266,290.1099622249603,0.0
11,waypoint_60,30.0,-0.056760436104224765,-0.7050469241938334,1.043684508641266,336.69015765190125,0.0
12,waypoint_60,30.0,-0.056760436104224765,-0.7050469241938334,1.043684508641266,348.0848968029022,0.0
13,waypoint_60,30.0,-0.056760436104224765,-0.7050469241938334,1.043684508641266,396.51617407798767,0.0
14,waypoint_60,30.0,-0.056760436104224765,-0.7050469241938334,1.043684508641266,608.7719798088074,0.0
0,waypoint_60,15.0,-0.056760436104224765,-0.7050469241938334,1.043684508641266,2.075798576697707,0.0
1,waypoint_60,15.0,-0.056760436104224765,-0.7050469241938334,1.043684508641266,0.5693055572919548,0.031153786927461624
2,waypoint_60,15.0,-0.056760436104224765,-0.7050469241938334,1.043684508641266,0.44932536548003554,0.02581065706908703
3,waypoint_60,15.0,-0.056760436104224765,-0.7050469241938334,1.043684508641266,0.4912915755994618,0.017504194751381874
4,waypoint_60,15.0,-0.056760436104224765,-0.7050469241938334,1.043684508641266,0.6810943013988435,0.008247874677181244
5,waypoint_60,15.0,-0.056760436104224765,-0.7050469241938334,1.043684508641266,1.8324617994949222,0.0
6,waypoint_60,15.0,-0.056760436104224765,-0.7050469241938334,1.043684508641266,324.4467079639435,0.0
7,waypoint_60,15.0,-0.056760436104224765,-0.7050469241938334,1.043684508641266,317.13739037513733,0.0
8,waypoint_60,15.0,-0.056760436104224765,-0.7050469241938334,1.043684508641266,447.4710524082184,0.0
9,waypoint_60,15.0,-0.056760436104224765,-0.7050469241938334,1.043684508641266,255.02067804336548,0.0
10,waypoint_60,15.0,-0.056760436104224765,-0.7050469241938334,1.043684508641266,308.96905064582825,0.0
11,waypoint_60,15.0,-0.056760436104224765,-0.7050469241938334,1.043684508641266,364.1991913318634,0.0
12,waypoint_60,15.0,-0.056760436104224765,-0.7050469241938334,1.043684508641266,353.07589173316956,0.0
13,waypoint_60,15.0,-0.056760436104224765,-0.7050469241938334,1.043684508641266,406.01155161857605,0.0
14,waypoint_60,15.0,-0.056760436104224765,-0.7050469241938334,1.043684508641266,631.7384839057922,0.0
0,waypoint_60,0.0,-0.056760436104224765,-0.7050469241938334,1.043684508641266,0.5340914940461516,0.03419904038310051
1,waypoint_60,0.0,-0.056760436104224765,-0.7050469241938334,1.043684508641266,0.43618297786451876,0.033465247601270676
2,waypoint_60,0.0,-0.056760436104224765,-0.7050469241938334,1.043684508641266,0.3964792122133076,0.02632101997733116
3,waypoint_60,0.0,-0.056760436104224765,-0.7050469241938334,1.043684508641266,0.48082522698678076,0.017493337392807007
4,waypoint_60,0.0,-0.056760436104224765,-0.7050469241938334,1.043684508641266,0.6463272147811949,0.00832880474627018
5,waypoint_60,0.0,-0.056760436104224765,-0.7050469241938334,1.043684508641266,0.9737926302477717,0.001527512213215232
6,waypoint_60,0.0,-0.056760436104224765,-0.7050469241938334,1.043684508641266,350.1901626586914,0.0
7,waypoint_60,0.0,-0.056760436104224765,-0.7050469241938334,1.043684508641266,329.44974303245544,0.0
8,waypoint_60,0.0,-0.056760436104224765,-0.7050469241938334,1.043684508641266,448.4498202800751,0.0
9,waypoint_60,0.0,-0.056760436104224765,-0.7050469241938334,1.043684508641266,267.0236825942993,0.0
10,waypoint_60,0.0,-0.056760436104224765,-0.7050469241938334,1.043684508641266,342.0342803001404,0.0
11,waypoint_60,0.0,-0.056760436104224765,-0.7050469241938334,1.043684508641266,390.6645476818085,0.0
12,waypoint_60,0.0,-0.056760436104224765,-0.7050469241938334,1.043684508641266,359.8211407661438,0.0
13,waypoint_60,0.0,-0.056760436104224765,-0.7050469241938334,1.043684508641266,413.4744703769684,0.0
14,waypoint_60,0.0,-0.056760436104224765,-0.7050469241938334,1.043684508641266,652.5002121925354,0.0
0,waypoint_60,-15.0,-0.056760436104224765,-0.7050469241938334,1.043684508641266,6.076961290091276,0.0
1,waypoint_60,-15.0,-0.056760436104224765,-0.7050469241938334,1.043684508641266,5.759824998676777,0.0
2,waypoint_60,-15.0,-0.056760436104224765,-0.7050469241938334,1.043684508641266,6.374672520905733,0.0
3,waypoint_60,-15.0,-0.056760436104224765,-0.7050469241938334,1.043684508641266,8.023160509765148,0.0
4,waypoint_60,-15.0,-0.056760436104224765,-0.7050469241938334,1.043684508641266,10.407714173197746,0.0
5,waypoint_60,-15.0,-0.056760436104224765,-0.7050469241938334,1.043684508641266,9.60585568100214,0.0
6,waypoint_60,-15.0,-0.056760436104224765,-0.7050469241938334,1.043684508641266,355.3959131240845,0.0
7,waypoint_60,-15.0,-0.056760436104224765,-0.7050469241938334,1.043684508641266,331.3946723937988,0.0
8,waypoint_60,-15.0,-0.056760436104224765,-0.7050469241938334,1.043684508641266,451.7706036567688,0.0
9,waypoint_60,-15.0,-0.056760436104224765,-0.7050469241938334,1.043684508641266,269.9580192565918,0.0
10,waypoint_60,-15.0,-0.056760436104224765,-0.7050469241938334,1.043684508641266,348.6410081386566,0.0
11,waypoint_60,-15.0,-0.056760436104224765,-0.7050469241938334,1.043684508641266,395.3304588794708,0.0
12,waypoint_60,-15.0,-0.056760436104224765,-0.7050469241938334,1.043684508641266,361.50702834129333,0.0
13,waypoint_60,-15.0,-0.056760436104224765,-0.7050469241938334,1.043684508641266,414.08610343933105,0.0
14,waypoint_60,-15.0,-0.056760436104224765,-0.7050469241938334,1.043684508641266,657.53573179245,0.0
0,waypoint_60,-30.0,-0.056760436104224765,-0.7050469241938334,1.043684508641266,0.633709249086678,0.041551318019628525
1,waypoint_60,-30.0,-0.056760436104224765,-0.7050469241938334,1.043684508641266,0.6772808264940977,0.034606508910655975
2,waypoint_60,-30.0,-0.056760436104224765,-0.7050469241938334,1.043684508641266,0.6686109118163586,0.02518611215054989
3,waypoint_60,-30.0,-0.056760436104224765,-0.7050469241938334,1.043684508641266,0.6612708675675094,0.016208630055189133
4,waypoint_60,-30.0,-0.056760436104224765,-0.7050469241938334,1.043684508641266,0.7946263067424297,0.008328107185661793
5,waypoint_60,-30.0,-0.056760436104224765,-0.7050469241938334,1.043684508641266,1.2159744510427117,0.0009502163156867027
6,waypoint_60,-30.0,-0.056760436104224765,-0.7050469241938334,1.043684508641266,395.4431116580963,0.0
7,waypoint_60,-30.0,-0.056760436104224765,-0.7050469241938334,1.043684508641266,340.6960368156433,0.0
8,waypoint_60,-30.0,-0.056760436104224765,-0.7050469241938334,1.043684508641266,480.3645610809326,0.0
9,waypoint_60,-30.0,-0.056760436104224765,-0.7050469241938334,1.043684508641266,280.72670102119446,0.0
10,waypoint_60,-30.0,-0.056760436104224765,-0.7050469241938334,1.043684508641266,366.4102256298065,0.0
11,waypoint_60,-30.0,-0.056760436104224765,-0.7050469241938334,1.043684508641266,433.1759512424469,0.0
12,waypoint_60,-30.0,-0.056760436104224765,-0.7050469241938334,1.043684508641266,367.65968799591064,0.0
13,waypoint_60,-30.0,-0.056760436104224765,-0.7050469241938334,1.043684508641266,425.5455434322357,0.0
14,waypoint_60,-30.0,-0.056760436104224765,-0.7050469241938334,1.043684508641266,687.0373487472534,0.0
0,waypoint_61,-30.0,-0.23676043610422387,-0.6888739146935746,1.0242258486310418,0.9900068398565054,0.025878973305225372
1,waypoint_61,-30.0,-0.23676043610422387,-0.6888739146935746,1.0242258486310418,1.459317049011588,0.016811180859804153
2,waypoint_61,-30.0,-0.23676043610422387,-0.6888739146935746,1.0242258486310418,0.6885056500323117,0.009373034350574017
3,waypoint_61,-30.0,-0.23676043610422387,-0.6888739146935746,1.0242258486310418,0.34774449886754155,0.001982568996027112
4,waypoint_61,-30.0,-0.23676043610422387,-0.6888739146935746,1.0242258486310418,0.21585228387266397,0.00816946942359209
5,waypoint_61,-30.0,-0.23676043610422387,-0.6888739146935746,1.0242258486310418,0.3988177631981671,0.02019716426730156
6,waypoint_61,-30.0,-0.23676043610422387,-0.6888739146935746,1.0242258486310418,420.02639174461365,0.0
7,waypoint_61,-30.0,-0.23676043610422387,-0.6888739146935746,1.0242258486310418,285.8707904815674,0.0
8,waypoint_61,-30.0,-0.23676043610422387,-0.6888739146935746,1.0242258486310418,564.1372799873352,0.0
9,waypoint_61,-30.0,-0.23676043610422387,-0.6888739146935746,1.0242258486310418,315.29733538627625,0.0
10,waypoint_61,-30.0,-0.23676043610422387,-0.6888739146935746,1.0242258486310418,471.61927819252014,0.0
11,waypoint_61,-30.0,-0.23676043610422387,-0.6888739146935746,1.0242258486310418,551.1885285377502,0.0
12,waypoint_61,-30.0,-0.23676043610422387,-0.6888739146935746,1.0242258486310418,486.0016703605652,0.0
13,waypoint_61,-30.0,-0.23676043610422387,-0.6888739146935746,1.0242258486310418,557.6586127281189,0.0
14,waypoint_61,-30.0,-0.23676043610422387,-0.6888739146935746,1.0242258486310418,843.2386517524719,0.0
0,waypoint_61,-15.0,-0.23676043610422387,-0.6888739146935746,1.0242258486310418,4.548226483166218,0.0
1,waypoint_61,-15.0,-0.23676043610422387,-0.6888739146935746,1.0242258486310418,5.552320275455713,0.0
2,waypoint_61,-15.0,-0.23676043610422387,-0.6888739146935746,1.0242258486310418,8.736868388950825,0.0
3,waypoint_61,-15.0,-0.23676043610422387,-0.6888739146935746,1.0242258486310418,11.6515401750803,0.0
4,waypoint_61,-15.0,-0.23676043610422387,-0.6888739146935746,1.0242258486310418,17.56545715034008,0.0
5,waypoint_61,-15.0,-0.23676043610422387,-0.6888739146935746,1.0242258486310418,19.406141713261604,0.0
6,waypoint_61,-15.0,-0.23676043610422387,-0.6888739146935746,1.0242258486310418,415.17990827560425,0.0
7,waypoint_61,-15.0,-0.23676043610422387,-0.6888739146935746,1.0242258486310418,283.3000719547272,0.0
8,waypoint_61,-15.0,-0.23676043610422387,-0.6888739146935746,1.0242258486310418,563.8256072998047,0.0
9,waypoint_61,-15.0,-0.23676043610422387,-0.6888739146935746,1.0242258486310418,311.2006485462189,0.0
10,waypoint_61,-15.0,-0.23676043610422387,-0.6888739146935746,1.0242258486310418,468.13222765922546,0.0
11,waypoint_61,-15.0,-0.23676043610422387,-0.6888739146935746,1.0242258486310418,550.1623153686523,0.0
12,waypoint_61,-15.0,-0.23676043610422387,-0.6888739146935746,1.0242258486310418,484.9228858947754,0.0
13,waypoint_61,-15.0,-0.23676043610422387,-0.6888739146935746,1.0242258486310418,558.4712028503418,0.0
14,waypoint_61,-15.0,-0.23676043610422387,-0.6888739146935746,1.0242258486310418,842.9538011550903,0.0
0,waypoint_61,0.0,-0.23676043610422387,-0.6888739146935746,1.0242258486310418,0.5323522491380572,0.027714360505342484
1,waypoint_61,0.0,-0.23676043610422387,-0.6888739146935746,1.0242258486310418,0.5584573373198509,0.018852051347494125
2,waypoint_61,0.0,-0.23676043610422387,-0.6888739146935746,1.0242258486310418,0.5684898933395743,0.010106082074344158
3,waypoint_61,0.0,-0.23676043610422387,-0.6888739146935746,1.0242258486310418,0.7427568198181689,0.0007077515474520624
4,waypoint_61,0.0,-0.23676043610422387,-0.6888739146935746,1.0242258486310418,1.2311169411987066,0.009937620721757412
5,waypoint_61,0.0,-0.23676043610422387,-0.6888739146935746,1.0242258486310418,0.9914363035932183,0.020906060934066772
6,waypoint_61,0.0,-0.23676043610422387,-0.6888739146935746,1.0242258486310418,291.7790412902832,0.0
7,waypoint_61,0.0,-0.23676043610422387,-0.6888739146935746,1.0242258486310418,265.8449113368988,0.0
8,waypoint_61,0.0,-0.23676043610422387,-0.6888739146935746,1.0242258486310418,551.8880486488342,0.0
9,waypoint_61,0.0,-0.23676043610422387,-0.6888739146935746,1.0242258486310418,273.87702465057373,0.0
10,waypoint_61,0.0,-0.23676043610422387,-0.6888739146935746,1.0242258486310418,438.1549656391144,0.0
11,waypoint_61,0.0,-0.23676043610422387,-0.6888739146935746,1.0242258486310418,512.5213265419006,0.0
12,waypoint_61,0.0,-0.23676043610422387,-0.6888739146935746,1.0242258486310418,471.3629484176636,0.0
13,waypoint_61,0.0,-0.23676043610422387,-0.6888739146935746,1.0242258486310418,548.1305718421936,0.0
14,waypoint_61,0.0,-0.23676043610422387,-0.6888739146935746,1.0242258486310418,818.6134696006775,0.0
0,waypoint_61,15.0,-0.23676043610422387,-0.6888739146935746,1.0242258486310418,6.09575305134058,0.0
1,waypoint_61,15.0,-0.23676043610422387,-0.6888739146935746,1.0242258486310418,7.3418160900473595,0.0
2,waypoint_61,15.0,-0.23676043610422387,-0.6888739146935746,1.0242258486310418,9.502258151769638,0.0
3,waypoint_61,15.0,-0.23676043610422387,-0.6888739146935746,1.0242258486310418,4.3573700822889805,0.0
4,waypoint_61,15.0,-0.23676043610422387,-0.6888739146935746,1.0242258486310418,16.66388288140297,0.0
5,waypoint_61,15.0,-0.23676043610422387,-0.6888739146935746,1.0242258486310418,17.552334815263748,0.0
6,waypoint_61,15.0,-0.23676043610422387,-0.6888739146935746,1.0242258486310418,283.03930163383484,0.0
7,waypoint_61,15.0,-0.23676043610422387,-0.6888739146935746,1.0242258486310418,257.4951648712158,0.0
8,waypoint_61,15.0,-0.23676043610422387,-0.6888739146935746,1.0242258486310418,552.6192784309387,0.0
9,waypoint_61,15.0,-0.23676043610422387,-0.6888739146935746,1.0242258486310418,269.8863744735718,0.0
10,waypoint_61,15.0,-0.23676043610422387,-0.6888739146935746,1.0242258486310418,432.8198730945587,0.0
11,waypoint_61,15.0,-0.23676043610422387,-0.6888739146935746,1.0242258486310418,504.2628049850464,0.0
12,waypoint_61,15.0,-0.23676043610422387,-0.6888739146935746,1.0242258486310418,469.0267741680145,0.0
13,waypoint_61,15.0,-0.23676043610422387,-0.6888739146935746,1.0242258486310418,545.0016260147095,0.0
14,waypoint_61,15.0,-0.23676043610422387,-0.6888739146935746,1.0242258486310418,810.5153441429138,0.0
0,waypoint_61,30.0,-0.23676043610422387,-0.6888739146935746,1.0242258486310418,0.003741349019037443,0.02692284807562828
1,waypoint_61,30.0,-0.23676043610422387,-0.6888739146935746,1.0242258486310418,0.004902459295408335,0.01930232159793377
2,waypoint_61,30.0,-0.23676043610422387,-0.6888739146935746,1.0242258486310418,0.005070250153949019,0.010465063154697418
3,waypoint_61,30.0,-0.23676043610422387,-0.6888739146935746,1.0242258486310418,46.62435129284859,0.0
4,waypoint_61,30.0,-0.23676043610422387,-0.6888739146935746,1.0242258486310418,0.016114983736770228,0.009357074275612831
5,waypoint_61,30.0,-0.23676043610422387,-0.6888739146935746,1.0242258486310418,0.0284877787635196,0.016834957525134087
6,waypoint_61,30.0,-0.23676043610422387,-0.6888739146935746,1.0242258486310418,42.29063540697098,0.0
7,waypoint_61,30.0,-0.23676043610422387,-0.6888739146935746,1.0242258486310418,229.31604087352753,0.0
8,waypoint_61,30.0,-0.23676043610422387,-0.6888739146935746,1.0242258486310418,544.3564057350159,0.0
9,waypoint_61,30.0,-0.23676043610422387,-0.6888739146935746,1.0242258486310418,229.8409938812256,0.0
10,waypoint_61,30.0,-0.23676043610422387,-0.6888739146935746,1.0242258486310418,377.4009048938751,0.0
11,waypoint_61,30.0,-0.23676043610422387,-0.6888739146935746,1.0242258486310418,456.9108784198761,0.0
12,waypoint_61,30.0,-0.23676043610422387,-0.6888739146935746,1.0242258486310418,452.0104229450226,0.0
13,waypoint_61,30.0,-0.23676043610422387,-0.6888739146935746,1.0242258486310418,524.3434906005859,0.0
14,waypoint_61,30.0,-0.23676043610422387,-0.6888739146935746,1.0242258486310418,772.4497318267822,0.0
0,waypoint_62,30.0,-0.2167604361042243,-0.6888739146935746,1.0242258486310418,0.6748673040419817,0.028172096237540245
1,waypoint_62,30.0,-0.2167604361042243,-0.6888739146935746,1.0242258486310418,0.6750801694579422,0.021058615297079086
2,waypoint_62,30.0,-0.2167604361042243,-0.6888739146935746,1.0242258486310418,0.6724101258441806,0.01238305401057005
3,waypoint_62,30.0,-0.2167604361042243,-0.6888739146935746,1.0242258486310418,1.4427137793973088,0.0031678241211920977
4,waypoint_62,30.0,-0.2167604361042243,-0.6888739146935746,1.0242258486310418,0.6989413523115218,0.0074500273913145065
5,waypoint_62,30.0,-0.2167604361042243,-0.6888739146935746,1.0242258486310418,0.7691252394579351,0.015711691230535507
6,waypoint_62,30.0,-0.2167604361042243,-0.6888739146935746,1.0242258486310418,181.0934692621231,0.0
7,waypoint_62,30.0,-0.2167604361042243,-0.6888739146935746,1.0242258486310418,230.66528141498566,0.0
8,waypoint_62,30.0,-0.2167604361042243,-0.6888739146935746,1.0242258486310418,532.1927070617676,0.0
9,waypoint_62,30.0,-0.2167604361042243,-0.6888739146935746,1.0242258486310418,221.45017981529236,0.0
10,waypoint_62,30.0,-0.2167604361042243,-0.6888739146935746,1.0242258486310418,362.981915473938,0.0
11,waypoint_62,30.0,-0.2167604361042243,-0.6888739146935746,1.0242258486310418,441.6762590408325,0.0
12,waypoint_62,30.0,-0.2167604361042243,-0.6888739146935746,1.0242258486310418,437.6029670238495,0.0
13,waypoint_62,30.0,-0.2167604361042243,-0.6888739146935746,1.0242258486310418,507.3610544204712,0.0
14,waypoint_62,30.0,-0.2167604361042243,-0.6888739146935746,1.0242258486310418,754.406988620758,0.0
0,waypoint_62,15.0,-0.2167604361042243,-0.6888739146935746,1.0242258486310418,6.658413447439671,0.0
1,waypoint_62,15.0,-0.2167604361042243,-0.6888739146935746,1.0242258486310418,6.9001116789877415,0.0
2,waypoint_62,15.0,-0.2167604361042243,-0.6888739146935746,1.0242258486310418,7.752227131277323,0.0
3,waypoint_62,15.0,-0.2167604361042243,-0.6888739146935746,1.0242258486310418,6.853633094578981,0.0
4,waypoint_62,15.0,-0.2167604361042243,-0.6888739146935746,1.0242258486310418,13.919846154749393,0.0
5,waypoint_62,15.0,-0.2167604361042243,-0.6888739146935746,1.0242258486310418,15.027210116386414,0.0
6,waypoint_62,15.0,-0.2167604361042243,-0.6888739146935746,1.0242258486310418,186.98517978191376,0.0
7,waypoint_62,15.0,-0.2167604361042243,-0.6888739146935746,1.0242258486310418,234.12826657295227,0.0
8,waypoint_62,15.0,-0.2167604361042243,-0.6888739146935746,1.0242258486310418,532.1962833404541,0.0
9,waypoint_62,15.0,-0.2167604361042243,-0.6888739146935746,1.0242258486310418,228.42812538146973,0.0
10,waypoint_62,15.0,-0.2167604361042243,-0.6888739146935746,1.0242258486310418,371.31503224372864,0.0
11,waypoint_62,15.0,-0.2167604361042243,-0.6888739146935746,1.0242258486310418,447.34737277030945,0.0
12,waypoint_62,15.0,-0.2167604361042243,-0.6888739146935746,1.0242258486310418,438.651442527771,0.0
13,waypoint_62,15.0,-0.2167604361042243,-0.6888739146935746,1.0242258486310418,509.96869802474976,0.0
14,waypoint_62,15.0,-0.2167604361042243,-0.6888739146935746,1.0242258486310418,759.7330808639526,0.0
0,waypoint_62,0.0,-0.2167604361042243,-0.6888739146935746,1.0242258486310418,0.25246920995414257,0.02945023588836193
1,waypoint_62,0.0,-0.2167604361042243,-0.6888739146935746,1.0242258486310418,0.2726358943618834,0.020660709589719772
2,waypoint_62,0.0,-0.2167604361042243,-0.6888739146935746,1.0242258486310418,0.3635093162301928,0.011914215050637722
3,waypoint_62,0.0,-0.2167604361042243,-0.6888739146935746,1.0242258486310418,1.2670919531956315,0.0026649876963347197
4,waypoint_62,0.0,-0.2167604361042243,-0.6888739146935746,1.0242258486310418,1.037093810737133,0.007669915910810232
5,waypoint_62,0.0,-0.2167604361042243,-0.6888739146935746,1.0242258486310418,1.3434594729915261,0.018700778484344482
6,waypoint_62,0.0,-0.2167604361042243,-0.6888739146935746,1.0242258486310418,222.19811379909515,0.0
7,waypoint_62,0.0,-0.2167604361042243,-0.6888739146935746,1.0242258486310418,257.77578353881836,0.0
8,waypoint_62,0.0,-0.2167604361042243,-0.6888739146935746,1.0242258486310418,531.940221786499,0.0
9,waypoint_62,0.0,-0.2167604361042243,-0.6888739146935746,1.0242258486310418,256.75997138023376,0.0
10,waypoint_62,0.0,-0.2167604361042243,-0.6888739146935746,1.0242258486310418,411.68010234832764,0.0
11,waypoint_62,0.0,-0.2167604361042243,-0.6888739146935746,1.0242258486310418,492.06995964050293,0.0
12,waypoint_62,0.0,-0.2167604361042243,-0.6888739146935746,1.0242258486310418,453.6738097667694,0.0
13,waypoint_62,0.0,-0.2167604361042243,-0.6888739146935746,1.0242258486310418,524.8277187347412,0.0
14,waypoint_62,0.0,-0.2167604361042243,-0.6888739146935746,1.0242258486310418,793.6890721321106,0.0
0,waypoint_62,-15.0,-0.2167604361042243,-0.6888739146935746,1.0242258486310418,5.972161423414946,0.0
1,waypoint_62,-15.0,-0.2167604361042243,-0.6888739146935746,1.0242258486310418,7.11600948125124,0.0
2,waypoint_62,-15.0,-0.2167604361042243,-0.6888739146935746,1.0242258486310418,9.301641955971718,0.0
3,waypoint_62,-15.0,-0.2167604361042243,-0.6888739146935746,1.0242258486310418,7.501817774027586,0.0
4,waypoint_62,-15.0,-0.2167604361042243,-0.6888739146935746,1.0242258486310418,15.723874792456627,0.0
5,waypoint_62,-15.0,-0.2167604361042243,-0.6888739146935746,1.0242258486310418,17.273323610424995,0.0
6,waypoint_62,-15.0,-0.2167604361042243,-0.6888739146935746,1.0242258486310418,226.92258656024933,0.0
7,waypoint_62,-15.0,-0.2167604361042243,-0.6888739146935746,1.0242258486310418,262.1196210384369,0.0
8,waypoint_62,-15.0,-0.2167604361042243,-0.6888739146935746,1.0242258486310418,536.9734168052673,0.0
9,waypoint_62,-15.0,-0.2167604361042243,-0.6888739146935746,1.0242258486310418,260.6888711452484,0.0
10,waypoint_62,-15.0,-0.2167604361042243,-0.6888739146935746,1.0242258486310418,415.630966424942,0.0
11,waypoint_62,-15.0,-0.2167604361042243,-0.6888739146935746,1.0242258486310418,499.23819303512573,0.0
12,waypoint_62,-15.0,-0.2167604361042243,-0.6888739146935746,1.0242258486310418,454.68538999557495,0.0
13,waypoint_62,-15.0,-0.2167604361042243,-0.6888739146935746,1.0242258486310418,527.4600982666016,0.0
14,waypoint_62,-15.0,-0.2167604361042243,-0.6888739146935746,1.0242258486310418,800.6711006164551,0.0
0,waypoint_62,-30.0,-0.2167604361042243,-0.6888739146935746,1.0242258486310418,0.43574784649536014,0.027858298271894455
1,waypoint_62,-30.0,-0.2167604361042243,-0.6888739146935746,1.0242258486310418,0.4449410771485418,0.01844930090010166
2,waypoint_62,-30.0,-0.2167604361042243,-0.6888739146935746,1.0242258486310418,0.4534907639026642,0.010805319994688034
3,waypoint_62,-30.0,-0.2167604361042243,-0.6888739146935746,1.0242258486310418,1.4528026804327965,0.0034874053671956062
4,waypoint_62,-30.0,-0.2167604361042243,-0.6888739146935746,1.0242258486310418,1.2138299643993378,0.005985543131828308
5,waypoint_62,-30.0,-0.2167604361042243,-0.6888739146935746,1.0242258486310418,1.4130317140370607,0.017666250467300415
6,waypoint_62,-30.0,-0.2167604361042243,-0.6888739146935746,1.0242258486310418,251.66258215904236,0.0
7,waypoint_62,-30.0,-0.2167604361042243,-0.6888739146935746,1.0242258486310418,278.6017060279846,0.0
8,waypoint_62,-30.0,-0.2167604361042243,-0.6888739146935746,1.0242258486310418,548.7961769104004,0.0
9,waypoint_62,-30.0,-0.2167604361042243,-0.6888739146935746,1.0242258486310418,292.31157898902893,0.0
10,waypoint_62,-30.0,-0.2167604361042243,-0.6888739146935746,1.0242258486310418,444.07325983047485,0.0
11,waypoint_62,-30.0,-0.2167604361042243,-0.6888739146935746,1.0242258486310418,537.2382402420044,0.0
12,waypoint_62,-30.0,-0.2167604361042243,-0.6888739146935746,1.0242258486310418,462.1468782424927,0.0
13,waypoint_62,-30.0,-0.2167604361042243,-0.6888739146935746,1.0242258486310418,539.1559600830078,0.0
14,waypoint_62,-30.0,-0.2167604361042243,-0.6888739146935746,1.0242258486310418,836.3557457923889,0.0
0,waypoint_63,-30.0,-0.1967604361042245,-0.6888739146935746,1.0242258486310418,1.1410570004954934,0.030014190822839737
1,waypoint_63,-30.0,-0.1967604361042245,-0.6888739146935746,1.0242258486310418,1.144529553130269,0.02031351439654827
2,waypoint_63,-30.0,-0.1967604361042245,-0.6888739146935746,1.0242258486310418,1.138631021603942,0.012340990826487541
3,waypoint_63,-30.0,-0.1967604361042245,-0.6888739146935746,1.0242258486310418,1.1830339208245277,0.00505875563248992
4,waypoint_63,-30.0,-0.1967604361042245,-0.6888739146935746,1.0242258486310418,1.1518154060468078,0.003864498808979988
5,waypoint_63,-30.0,-0.1967604361042245,-0.6888739146935746,1.0242258486310418,1.2333864578977227,0.015046766959130764
6,waypoint_63,-30.0,-0.1967604361042245,-0.6888739146935746,1.0242258486310418,254.45958971977234,0.0
7,waypoint_63,-30.0,-0.1967604361042245,-0.6888739146935746,1.0242258486310418,280.62903881073,0.0
8,waypoint_63,-30.0,-0.1967604361042245,-0.6888739146935746,1.0242258486310418,537.4025702476501,0.0
9,waypoint_63,-30.0,-0.1967604361042245,-0.6888739146935746,1.0242258486310418,283.9728593826294,0.0
10,waypoint_63,-30.0,-0.1967604361042245,-0.6888739146935746,1.0242258486310418,432.67518281936646,0.0
11,waypoint_63,-30.0,-0.1967604361042245,-0.6888739146935746,1.0242258486310418,522.5318074226379,0.0
12,waypoint_63,-30.0,-0.1967604361042245,-0.6888739146935746,1.0242258486310418,446.0604786872864,0.0
13,waypoint_63,-30.0,-0.1967604361042245,-0.6888739146935746,1.0242258486310418,521.8112468719482,0.0
14,waypoint_63,-30.0,-0.1967604361042245,-0.6888739146935746,1.0242258486310418,819.8552131652832,0.0
0,waypoint_63,-15.0,-0.1967604361042245,-0.6888739146935746,1.0242258486310418,4.342729691416025,0.0
1,waypoint_63,-15.0,-0.1967604361042245,-0.6888739146935746,1.0242258486310418,5.386815872043371,0.0
2,waypoint_63,-15.0,-0.1967604361042245,-0.6888739146935746,1.0242258486310418,7.5857508927583694,0.0
3,waypoint_63,-15.0,-0.1967604361042245,-0.6888739146935746,1.0242258486310418,11.251856572926044,0.0
4,waypoint_63,-15.0,-0.1967604361042245,-0.6888739146935746,1.0242258486310418,17.17008464038372,0.0
5,waypoint_63,-15.0,-0.1967604361042245,-0.6888739146935746,1.0242258486310418,18.840501084923744,0.0
6,waypoint_63,-15.0,-0.1967604361042245,-0.6888739146935746,1.0242258486310418,251.39883160591125,0.0
7,waypoint_63,-15.0,-0.1967604361042245,-0.6888739146935746,1.0242258486310418,278.84426712989807,0.0
8,waypoint_63,-15.0,-0.1967604361042245,-0.6888739146935746,1.0242258486310418,535.9383225440979,0.0
9,waypoint_63,-15.0,-0.1967604361042245,-0.6888739146935746,1.0242258486310418,283.1103801727295,0.0
10,waypoint_63,-15.0,-0.1967604361042245,-0.6888739146935746,1.0242258486310418,431.8132698535919,0.0
11,waypoint_63,-15.0,-0.1967604361042245,-0.6888739146935746,1.0242258486310418,518.2555913925171,0.0
12,waypoint_63,-15.0,-0.1967604361042245,-0.6888739146935746,1.0242258486310418,446.84115052223206,0.0
13,waypoint_63,-15.0,-0.1967604361042245,-0.6888739146935746,1.0242258486310418,520.4005837440491,0.0
14,waypoint_63,-15.0,-0.1967604361042245,-0.6888739146935746,1.0242258486310418,813.8737678527832,0.0
0,waypoint_63,0.0,-0.1967604361042245,-0.6888739146935746,1.0242258486310418,0.5036643124185503,0.031122855842113495
1,waypoint_63,0.0,-0.1967604361042245,-0.6888739146935746,1.0242258486310418,0.5364807439036667,0.02246560901403427
2,waypoint_63,0.0,-0.1967604361042245,-0.6888739146935746,1.0242258486310418,0.5559140117838979,0.013698594644665718
3,waypoint_63,0.0,-0.1967604361042245,-0.6888739146935746,1.0242258486310418,0.6112695555202663,0.004560941364616156
4,waypoint_63,0.0,-0.1967604361042245,-0.6888739146935746,1.0242258486310418,1.2721496168524027,0.005570228211581707
5,waypoint_63,0.0,-0.1967604361042245,-0.6888739146935746,1.0242258486310418,1.0546075645834208,0.016622301191091537
6,waypoint_63,0.0,-0.1967604361042245,-0.6888739146935746,1.0242258486310418,225.46564042568207,0.0
7,waypoint_63,0.0,-0.1967604361042245,-0.6888739146935746,1.0242258486310418,265.1742696762085,0.0
8,waypoint_63,0.0,-0.1967604361042245,-0.6888739146935746,1.0242258486310418,521.6056108474731,0.0
9,waypoint_63,0.0,-0.1967604361042245,-0.6888739146935746,1.0242258486310418,258.41769576072693,0.0
10,waypoint_63,0.0,-0.1967604361042245,-0.6888739146935746,1.0242258486310418,403.0730128288269,0.0
11,waypoint_63,0.0,-0.1967604361042245,-0.6888739146935746,1.0242258486310418,481.26131296157837,0.0
12,waypoint_63,0.0,-0.1967604361042245,-0.6888739146935746,1.0242258486310418,438.4791851043701,0.0
13,waypoint_63,0.0,-0.1967604361042245,-0.6888739146935746,1.0242258486310418,511.7521286010742,0.0
14,waypoint_63,0.0,-0.1967604361042245,-0.6888739146935746,1.0242258486310418,791.2965416908264,0.0
0,waypoint_63,15.0,-0.1967604361042245,-0.6888739146935746,1.0242258486310418,5.876239854842424,0.0
1,waypoint_63,15.0,-0.1967604361042245,-0.6888739146935746,1.0242258486310418,6.680309306830168,0.0
2,waypoint_63,15.0,-0.1967604361042245,-0.6888739146935746,1.0242258486310418,8.525832556188107,0.0
3,waypoint_63,15.0,-0.1967604361042245,-0.6888739146935746,1.0242258486310418,10.560034774243832,0.0
4,waypoint_63,15.0,-0.1967604361042245,-0.6888739146935746,1.0242258486310418,16.279375180602074,0.0
5,waypoint_63,15.0,-0.1967604361042245,-0.6888739146935746,1.0242258486310418,17.26498268544674,0.0
6,waypoint_63,15.0,-0.1967604361042245,-0.6888739146935746,1.0242258486310418,220.59862315654755,0.0
7,waypoint_63,15.0,-0.1967604361042245,-0.6888739146935746,1.0242258486310418,261.7242634296417,0.0
8,waypoint_63,15.0,-0.1967604361042245,-0.6888739146935746,1.0242258486310418,522.0512747764587,0.0
9,waypoint_63,15.0,-0.1967604361042245,-0.6888739146935746,1.0242258486310418,253.0134916305542,0.0
10,waypoint_63,15.0,-0.1967604361042245,-0.6888739146935746,1.0242258486310418,395.6899344921112,0.0
11,waypoint_63,15.0,-0.1967604361042245,-0.6888739146935746,1.0242258486310418,475.47757625579834,0.0
12,waypoint_63,15.0,-0.1967604361042245,-0.6888739146935746,1.0242258486310418,436.61630153656006,0.0
13,waypoint_63,15.0,-0.1967604361042245,-0.6888739146935746,1.0242258486310418,510.7700228691101,0.0
14,waypoint_63,15.0,-0.1967604361042245,-0.6888739146935746,1.0242258486310418,785.6166362762451,0.0
0,waypoint_63,30.0,-0.1967604361042245,-0.6888739146935746,1.0242258486310418,0.3457237908151001,0.029163241386413574
1,waypoint_63,30.0,-0.1967604361042245,-0.6888739146935746,1.0242258486310418,0.3607379912864417,0.02266043983399868
2,waypoint_63,30.0,-0.1967604361042245,-0.6888739146935746,1.0242258486310418,0.3843565646093339,0.014169503934681416
3,waypoint_63,30.0,-0.1967604361042245,-0.6888739146935746,1.0242258486310418,1.08964997343719,0.004871743265539408
4,waypoint_63,30.0,-0.1967604361042245,-0.6888739146935746,1.0242258486310418,0.3298552182968706,0.005702395457774401
5,waypoint_63,30.0,-0.1967604361042245,-0.6888739146935746,1.0242258486310418,0.5676859291270375,0.01449415273964405
6,waypoint_63,30.0,-0.1967604361042245,-0.6888739146935746,1.0242258486310418,183.16052854061127,0.0
7,waypoint_63,30.0,-0.1967604361042245,-0.6888739146935746,1.0242258486310418,236.94780468940735,0.0
8,waypoint_63,30.0,-0.1967604361042245,-0.6888739146935746,1.0242258486310418,519.3077325820923,0.0
9,waypoint_63,30.0,-0.1967604361042245,-0.6888739146935746,1.0242258486310418,217.7492380142212,0.0
10,waypoint_63,30.0,-0.1967604361042245,-0.6888739146935746,1.0242258486310418,356.4800024032593,0.0
11,waypoint_63,30.0,-0.1967604361042245,-0.6888739146935746,1.0242258486310418,426.87690258026123,0.0
12,waypoint_63,30.0,-0.1967604361042245,-0.6888739146935746,1.0242258486310418,422.3616421222687,0.0
13,waypoint_63,30.0,-0.1967604361042245,-0.6888739146935746,1.0242258486310418,492.5239384174347,0.0
14,waypoint_63,30.0,-0.1967604361042245,-0.6888739146935746,1.0242258486310418,745.6802129745483,0.0
0,waypoint_64,30.0,-0.17676043610422398,-0.6888739146935746,1.0242258486310418,0.8114880183711648,0.029952973127365112
1,waypoint_64,30.0,-0.17676043610422398,-0.6888739146935746,1.0242258486310418,0.8717577438801527,0.024291425943374634
2,waypoint_64,30.0,-0.17676043610422398,-0.6888739146935746,1.0242258486310418,0.9282525861635804,0.016064846888184547
3,waypoint_64,30.0,-0.17676043610422398,-0.6888739146935746,1.0242258486310418,0.9986930526793003,0.006821949500590563
4,waypoint_64,30.0,-0.17676043610422398,-0.6888739146935746,1.0242258486310418,1.0660775005817413,0.003727693110704422
5,waypoint_64,30.0,-0.17676043610422398,-0.6888739146935746,1.0242258486310418,1.2128578964620829,0.012762689962983131
6,waypoint_64,30.0,-0.17676043610422398,-0.6888739146935746,1.0242258486310418,186.52251362800598,0.0
7,waypoint_64,30.0,-0.17676043610422398,-0.6888739146935746,1.0242258486310418,243.16497147083282,0.0
8,waypoint_64,30.0,-0.17676043610422398,-0.6888739146935746,1.0242258486310418,507.86077976226807,0.0
9,waypoint_64,30.0,-0.17676043610422398,-0.6888739146935746,1.0242258486310418,212.2584730386734,0.0
10,waypoint_64,30.0,-0.17676043610422398,-0.6888739146935746,1.0242258486310418,339.783638715744,0.0
11,waypoint_64,30.0,-0.17676043610422398,-0.6888739146935746,1.0242258486310418,410.56811809539795,0.0
12,waypoint_64,30.0,-0.17676043610422398,-0.6888739146935746,1.0242258486310418,405.2056074142456,0.0
13,waypoint_64,30.0,-0.17676043610422398,-0.6888739146935746,1.0242258486310418,475.16068816185,0.0
14,waypoint_64,30.0,-0.17676043610422398,-0.6888739146935746,1.0242258486310418,728.1872034072876,0.0
0,waypoint_64,15.0,-0.17676043610422398,-0.6888739146935746,1.0242258486310418,6.578839849680662,0.0
1,waypoint_64,15.0,-0.17676043610422398,-0.6888739146935746,1.0242258486310418,6.445452570915222,0.0
2,waypoint_64,15.0,-0.17676043610422398,-0.6888739146935746,1.0242258486310418,6.9802612997591496,0.0
3,waypoint_64,15.0,-0.17676043610422398,-0.6888739146935746,1.0242258486310418,7.528801914304495,0.0
4,waypoint_64,15.0,-0.17676043610422398,-0.6888739146935746,1.0242258486310418,12.651834636926651,0.0
5,waypoint_64,15.0,-0.17676043610422398,-0.6888739146935746,1.0242258486310418,13.406161218881607,0.0
6,waypoint_64,15.0,-0.17676043610422398,-0.6888739146935746,1.0242258486310418,192.2231763601303,0.0
7,waypoint_64,15.0,-0.17676043610422398,-0.6888739146935746,1.0242258486310418,247.02924489974976,0.0
8,waypoint_64,15.0,-0.17676043610422398,-0.6888739146935746,1.0242258486310418,508.9823007583618,0.0
9,waypoint_64,15.0,-0.17676043610422398,-0.6888739146935746,1.0242258486310418,217.76872873306274,0.0
10,waypoint_64,15.0,-0.17676043610422398,-0.6888739146935746,1.0242258486310418,345.39446234703064,0.0
11,waypoint_64,15.0,-0.17676043610422398,-0.6888739146935746,1.0242258486310418,418.2869493961334,0.0
12,waypoint_64,15.0,-0.17676043610422398,-0.6888739146935746,1.0242258486310418,411.039263010025,0.0
13,waypoint_64,15.0,-0.17676043610422398,-0.6888739146935746,1.0242258486310418,477.2947430610657,0.0
14,waypoint_64,15.0,-0.17676043610422398,-0.6888739146935746,1.0242258486310418,733.7093353271484,0.0
0,waypoint_64,0.0,-0.17676043610422398,-0.6888739146935746,1.0242258486310418,0.3963093622587621,0.03270327299833298
1,waypoint_64,0.0,-0.17676043610422398,-0.6888739146935746,1.0242258486310418,0.40245550917461514,0.02428351156413555
2,waypoint_64,0.0,-0.17676043610422398,-0.6888739146935746,1.0242258486310418,0.44867247925139964,0.015500719659030437
3,waypoint_64,0.0,-0.17676043610422398,-0.6888739146935746,1.0242258486310418,1.0352960089221597,0.006458667106926441
4,waypoint_64,0.0,-0.17676043610422398,-0.6888739146935746,1.0242258486310418,1.4833403984084725,0.003362033748999238
5,waypoint_64,0.0,-0.17676043610422398,-0.6888739146935746,1.0242258486310418,0.8473210036754608,0.0142996059730649
6,waypoint_64,0.0,-0.17676043610422398,-0.6888739146935746,1.0242258486310418,228.5793572664261,0.0
7,waypoint_64,0.0,-0.17676043610422398,-0.6888739146935746,1.0242258486310418,261.98604702949524,0.0
8,waypoint_64,0.0,-0.17676043610422398,-0.6888739146935746,1.0242258486310418,508.60685110092163,0.0
9,waypoint_64,0.0,-0.17676043610422398,-0.6888739146935746,1.0242258486310418,251.06018781661987,0.0
10,waypoint_64,0.0,-0.17676043610422398,-0.6888739146935746,1.0242258486310418,392.7217721939087,0.0
11,waypoint_64,0.0,-0.17676043610422398,-0.6888739146935746,1.0242258486310418,460.46310663223267,0.0
12,waypoint_64,0.0,-0.17676043610422398,-0.6888739146935746,1.0242258486310418,423.42257499694824,0.0
13,waypoint_64,0.0,-0.17676043610422398,-0.6888739146935746,1.0242258486310418,491.64098501205444,0.0
14,waypoint_64,0.0,-0.17676043610422398,-0.6888739146935746,1.0242258486310418,762.5009417533875,0.0
0,waypoint_64,-15.0,-0.17676043610422398,-0.6888739146935746,1.0242258486310418,5.858102813363075,0.0
1,waypoint_64,-15.0,-0.17676043610422398,-0.6888739146935746,1.0242258486310418,6.570748519152403,0.0
2,waypoint_64,-15.0,-0.17676043610422398,-0.6888739146935746,1.0242258486310418,8.365129120647907,0.0
3,waypoint_64,-15.0,-0.17676043610422398,-0.6888739146935746,1.0242258486310418,11.209501884877682,0.0
4,waypoint_64,-15.0,-0.17676043610422398,-0.6888739146935746,1.0242258486310418,15.493900515139103,0.0
5,waypoint_64,-15.0,-0.17676043610422398,-0.6888739146935746,1.0242258486310418,16.576165333390236,0.0
6,waypoint_64,-15.0,-0.17676043610422398,-0.6888739146935746,1.0242258486310418,233.2213819026947,0.0
7,waypoint_64,-15.0,-0.17676043610422398,-0.6888739146935746,1.0242258486310418,265.80724120140076,0.0
8,waypoint_64,-15.0,-0.17676043610422398,-0.6888739146935746,1.0242258486310418,512.2183561325073,0.0
9,waypoint_64,-15.0,-0.17676043610422398,-0.6888739146935746,1.0242258486310418,256.13656640052795,0.0
10,waypoint_64,-15.0,-0.17676043610422398,-0.6888739146935746,1.0242258486310418,399.213582277298,0.0
11,waypoint_64,-15.0,-0.17676043610422398,-0.6888739146935746,1.0242258486310418,469.4475829601288,0.0
12,waypoint_64,-15.0,-0.17676043610422398,-0.6888739146935746,1.0242258486310418,423.97481203079224,0.0
13,waypoint_64,-15.0,-0.17676043610422398,-0.6888739146935746,1.0242258486310418,494.546502828598,0.0
14,waypoint_64,-15.0,-0.17676043610422398,-0.6888739146935746,1.0242258486310418,769.497275352478,0.0
0,waypoint_64,-30.0,-0.17676043610422398,-0.6888739146935746,1.0242258486310418,0.5983508890494704,0.031971342861652374
1,waypoint_64,-30.0,-0.17676043610422398,-0.6888739146935746,1.0242258486310418,0.6273668841458857,0.022083954885601997
2,waypoint_64,-30.0,-0.17676043610422398,-0.6888739146935746,1.0242258486310418,0.6300315144471824,0.013792924582958221
3,waypoint_64,-30.0,-0.17676043610422398,-0.6888739146935746,1.0242258486310418,0.6987564847804606,0.006478294730186462
4,waypoint_64,-30.0,-0.17676043610422398,-0.6888739146935746,1.0242258486310418,1.4546267921105027,0.0020945006981492043
5,waypoint_64,-30.0,-0.17676043610422398,-0.6888739146935746,1.0242258486310418,1.3176400680094957,0.012740223668515682
6,waypoint_64,-30.0,-0.17676043610422398,-0.6888739146935746,1.0242258486310418,261.25410199165344,0.0
7,waypoint_64,-30.0,-0.17676043610422398,-0.6888739146935746,1.0242258486310418,283.2971215248108,0.0
8,waypoint_64,-30.0,-0.17676043610422398,-0.6888739146935746,1.0242258486310418,525.9937644004822,0.0
9,waypoint_64,-30.0,-0.17676043610422398,-0.6888739146935746,1.0242258486310418,278.3590853214264,0.0
10,waypoint_64,-30.0,-0.17676043610422398,-0.6888739146935746,1.0242258486310418,433.31634998321533,0.0
11,waypoint_64,-30.0,-0.17676043610422398,-0.6888739146935746,1.0242258486310418,501.5043616294861,0.0
12,waypoint_64,-30.0,-0.17676043610422398,-0.6888739146935746,1.0242258486310418,431.9397509098053,0.0
13,waypoint_64,-30.0,-0.17676043610422398,-0.6888739146935746,1.0242258486310418,503.72523069381714,0.0
14,waypoint_64,-30.0,-0.17676043610422398,-0.6888739146935746,1.0242258486310418,801.1141419410706,0.0
0,waypoint_65,-30.0,-0.1567604361042244,-0.6888739146935746,1.0242258486310418,0.14918603119440377,0.03400704637169838
1,waypoint_65,-30.0,-0.1567604361042244,-0.6888739146935746,1.0242258486310418,0.14917012595105916,0.02401210181415081
2,waypoint_65,-30.0,-0.1567604361042244,-0.6888739146935746,1.0242258486310418,0.14952175843063742,0.015360638499259949
3,waypoint_65,-30.0,-0.1567604361042244,-0.6888739146935746,1.0242258486310418,0.15216639440041035,0.007920230738818645
4,waypoint_65,-30.0,-0.1567604361042244,-0.6888739146935746,1.0242258486310418,1.3667925959452987,0.0008722408092580736
5,waypoint_65,-30.0,-0.1567604361042244,-0.6888739146935746,1.0242258486310418,0.15591189730912447,0.01038787979632616
6,waypoint_65,-30.0,-0.1567604361042244,-0.6888739146935746,1.0242258486310418,265.5157148838043,0.0
7,waypoint_65,-30.0,-0.1567604361042244,-0.6888739146935746,1.0242258486310418,287.3190939426422,0.0
8,waypoint_65,-30.0,-0.1567604361042244,-0.6888739146935746,1.0242258486310418,516.8378353118896,0.0
9,waypoint_65,-30.0,-0.1567604361042244,-0.6888739146935746,1.0242258486310418,269.9250876903534,0.0
10,waypoint_65,-30.0,-0.1567604361042244,-0.6888739146935746,1.0242258486310418,420.7201302051544,0.0
11,waypoint_65,-30.0,-0.1567604361042244,-0.6888739146935746,1.0242258486310418,489.38679695129395,0.0
12,waypoint_65,-30.0,-0.1567604361042244,-0.6888739146935746,1.0242258486310418,421.91100120544434,0.0
13,waypoint_65,-30.0,-0.1567604361042244,-0.6888739146935746,1.0242258486310418,487.9051744937897,0.0
14,waypoint_65,-30.0,-0.1567604361042244,-0.6888739146935746,1.0242258486310418,794.0629720687866,0.0
0,waypoint_65,-15.0,-0.1567604361042244,-0.6888739146935746,1.0242258486310418,4.480679519474506,0.0
1,waypoint_65,-15.0,-0.1567604361042244,-0.6888739146935746,1.0242258486310418,5.351767875254154,0.0
2,waypoint_65,-15.0,-0.1567604361042244,-0.6888739146935746,1.0242258486310418,6.948687136173248,0.0
3,waypoint_65,-15.0,-0.1567604361042244,-0.6888739146935746,1.0242258486310418,9.932886809110641,0.0
4,waypoint_65,-15.0,-0.1567604361042244,-0.6888739146935746,1.0242258486310418,12.273598462343216,0.0
5,waypoint_65,-15.0,-0.1567604361042244,-0.6888739146935746,1.0242258486310418,17.906170338392258,0.0
6,waypoint_65,-15.0,-0.1567604361042244,-0.6888739146935746,1.0242258486310418,262.429803609848,0.0
7,waypoint_65,-15.0,-0.1567604361042244,-0.6888739146935746,1.0242258486310418,285.49033403396606,0.0
8,waypoint_65,-15.0,-0.1567604361042244,-0.6888739146935746,1.0242258486310418,515.0718092918396,0.0
9,waypoint_65,-15.0,-0.1567604361042244,-0.6888739146935746,1.0242258486310418,270.3147232532501,0.0
10,waypoint_65,-15.0,-0.1567604361042244,-0.6888739146935746,1.0242258486310418,418.1920886039734,0.0
11,waypoint_65,-15.0,-0.1567604361042244,-0.6888739146935746,1.0242258486310418,484.6694767475128,0.0
12,waypoint_65,-15.0,-0.1567604361042244,-0.6888739146935746,1.0242258486310418,422.5817024707794,0.0
13,waypoint_65,-15.0,-0.1567604361042244,-0.6888739146935746,1.0242258486310418,485.83149909973145,0.0
14,waypoint_65,-15.0,-0.1567604361042244,-0.6888739146935746,1.0242258486310418,788.625955581665,0.0
0,waypoint_65,0.0,-0.1567604361042244,-0.6888739146935746,1.0242258486310418,0.3763770801015198,0.03414279222488403
1,waypoint_65,0.0,-0.1567604361042244,-0.6888739146935746,1.0242258486310418,0.39978843415156007,0.026075461879372597
2,waypoint_65,0.0,-0.1567604361042244,-0.6888739146935746,1.0242258486310418,0.41588107706047595,0.017281562089920044
3,waypoint_65,0.0,-0.1567604361042244,-0.6888739146935746,1.0242258486310418,0.4279511922504753,0.008287213742733002
4,waypoint_65,0.0,-0.1567604361042244,-0.6888739146935746,1.0242258486310418,1.4621029840782285,0.0014698816230520606
5,waypoint_65,0.0,-0.1567604361042244,-0.6888739146935746,1.0242258486310418,1.395678031258285,0.012149597518146038
6,waypoint_65,0.0,-0.1567604361042244,-0.6888739146935746,1.0242258486310418,235.34998297691345,0.0
7,waypoint_65,0.0,-0.1567604361042244,-0.6888739146935746,1.0242258486310418,272.69691228866577,0.0
8,waypoint_65,0.0,-0.1567604361042244,-0.6888739146935746,1.0242258486310418,500.6660223007202,0.0
9,waypoint_65,0.0,-0.1567604361042244,-0.6888739146935746,1.0242258486310418,250.37270784378052,0.0
10,waypoint_65,0.0,-0.1567604361042244,-0.6888739146935746,1.0242258486310418,381.1280429363251,0.0
11,waypoint_65,0.0,-0.1567604361042244,-0.6888739146935746,1.0242258486310418,449.7165083885193,0.0
12,waypoint_65,0.0,-0.1567604361042244,-0.6888739146935746,1.0242258486310418,407.75758028030396,0.0
13,waypoint_65,0.0,-0.1567604361042244,-0.6888739146935746,1.0242258486310418,474.12142157554626,0.0
14,waypoint_65,0.0,-0.1567604361042244,-0.6888739146935746,1.0242258486310418,764.0262246131897,0.0
0,waypoint_65,15.0,-0.1567604361042244,-0.6888739146935746,1.0242258486310418,5.82935893908143,0.0
1,waypoint_65,15.0,-0.1567604361042244,-0.6888739146935746,1.0242258486310418,6.254209205508232,0.0
2,waypoint_65,15.0,-0.1567604361042244,-0.6888739146935746,1.0242258486310418,7.688653189688921,0.0
3,waypoint_65,15.0,-0.1567604361042244,-0.6888739146935746,1.0242258486310418,9.991243481636047,0.0
4,waypoint_65,15.0,-0.1567604361042244,-0.6888739146935746,1.0242258486310418,9.44619346410036,0.0
5,waypoint_65,15.0,-0.1567604361042244,-0.6888739146935746,1.0242258486310418,17.06996001303196,0.0
6,waypoint_65,15.0,-0.1567604361042244,-0.6888739146935746,1.0242258486310418,230.384960770607,0.0
7,waypoint_65,15.0,-0.1567604361042244,-0.6888739146935746,1.0242258486310418,269.2461907863617,0.0
8,waypoint_65,15.0,-0.1567604361042244,-0.6888739146935746,1.0242258486310418,500.51695108413696,0.0
9,waypoint_65,15.0,-0.1567604361042244,-0.6888739146935746,1.0242258486310418,244.30306255817413,0.0
10,waypoint_65,15.0,-0.1567604361042244,-0.6888739146935746,1.0242258486310418,372.5188672542572,0.0
11,waypoint_65,15.0,-0.1567604361042244,-0.6888739146935746,1.0242258486310418,443.59520077705383,0.0
12,waypoint_65,15.0,-0.1567604361042244,-0.6888739146935746,1.0242258486310418,406.4069390296936,0.0
13,waypoint_65,15.0,-0.1567604361042244,-0.6888739146935746,1.0242258486310418,472.9224443435669,0.0
14,waypoint_65,15.0,-0.1567604361042244,-0.6888739146935746,1.0242258486310418,758.3717703819275,0.0
0,waypoint_65,30.0,-0.1567604361042244,-0.6888739146935746,1.0242258486310418,0.0037108379729033913,0.030356932431459427
1,waypoint_65,30.0,-0.1567604361042244,-0.6888739146935746,1.0242258486310418,0.00484083648188971,0.025678135454654694
2,waypoint_65,30.0,-0.1567604361042244,-0.6888739146935746,1.0242258486310418,0.006743495760019869,0.017748523503541946
3,waypoint_65,30.0,-0.1567604361042244,-0.6888739146935746,1.0242258486310418,0.007886755156505387,0.008594817481935024
4,waypoint_65,30.0,-0.1567604361042244,-0.6888739146935746,1.0242258486310418,34.76089984178543,0.0
5,waypoint_65,30.0,-0.1567604361042244,-0.6888739146935746,1.0242258486310418,0.022873588022775948,0.011145872995257378
6,waypoint_65,30.0,-0.1567604361042244,-0.6888739146935746,1.0242258486310418,194.15119290351868,0.0
7,waypoint_65,30.0,-0.1567604361042244,-0.6888739146935746,1.0242258486310418,250.06794929504395,0.0
8,waypoint_65,30.0,-0.1567604361042244,-0.6888739146935746,1.0242258486310418,496.3334798812866,0.0
9,waypoint_65,30.0,-0.1567604361042244,-0.6888739146935746,1.0242258486310418,209.97290313243866,0.0
10,waypoint_65,30.0,-0.1567604361042244,-0.6888739146935746,1.0242258486310418,322.7832317352295,0.0
11,waypoint_65,30.0,-0.1567604361042244,-0.6888739146935746,1.0242258486310418,393.80547404289246,0.0
12,waypoint_65,30.0,-0.1567604361042244,-0.6888739146935746,1.0242258486310418,387.003093957901,0.0
13,waypoint_65,30.0,-0.1567604361042244,-0.6888739146935746,1.0242258486310418,456.67970180511475,0.0
14,waypoint_65,30.0,-0.1567604361042244,-0.6888739146935746,1.0242258486310418,710.1522088050842,0.0
0,waypoint_66,30.0,-0.13676043610422478,-0.6888739146935746,1.0242258486310418,0.009159743058262393,0.030398597940802574
1,waypoint_66,30.0,-0.13676043610422478,-0.6888739146935746,1.0242258486310418,0.009248712558473926,0.0270264632999897
2,waypoint_66,30.0,-0.13676043610422478,-0.6888739146935746,1.0242258486310418,0.010039092558145057,0.019488167017698288
3,waypoint_66,30.0,-0.13676043610422478,-0.6888739146935746,1.0242258486310418,0.008831952072796412,0.01046653650701046
4,waypoint_66,30.0,-0.13676043610422478,-0.6888739146935746,1.0242258486310418,327.7219831943512,0.0
5,waypoint_66,30.0,-0.13676043610422478,-0.6888739146935746,1.0242258486310418,0.011623975296970457,0.009354552254080772
6,waypoint_66,30.0,-0.13676043610422478,-0.6888739146935746,1.0242258486310418,198.70638847351074,0.0
7,waypoint_66,30.0,-0.13676043610422478,-0.6888739146935746,1.0242258486310418,258.27091932296753,0.0
8,waypoint_66,30.0,-0.13676043610422478,-0.6888739146935746,1.0242258486310418,487.1784746646881,0.0
9,waypoint_66,30.0,-0.13676043610422478,-0.6888739146935746,1.0242258486310418,208.95472168922424,0.0
10,waypoint_66,30.0,-0.13676043610422478,-0.6888739146935746,1.0242258486310418,311.662882566452,0.0
11,waypoint_66,30.0,-0.13676043610422478,-0.6888739146935746,1.0242258486310418,379.40746545791626,0.0
12,waypoint_66,30.0,-0.13676043610422478,-0.6888739146935746,1.0242258486310418,373.14897775650024,0.0
13,waypoint_66,30.0,-0.13676043610422478,-0.6888739146935746,1.0242258486310418,440.42038917541504,0.0
14,waypoint_66,30.0,-0.13676043610422478,-0.6888739146935746,1.0242258486310418,692.7363872528076,0.0
0,waypoint_66,15.0,-0.13676043610422478,-0.6888739146935746,1.0242258486310418,0.002384185791015625,0.03350365534424782
1,waypoint_66,15.0,-0.13676043610422478,-0.6888739146935746,1.0242258486310418,0.004768744020111626,0.027746088802814484
2,waypoint_66,15.0,-0.13676043610422478,-0.6888739146935746,1.0242258486310418,0.0035683226542460034,0.019421838223934174
3,waypoint_66,15.0,-0.13676043610422478,-0.6888739146935746,1.0242258486310418,0.005141224391991273,0.01022211741656065
4,waypoint_66,15.0,-0.13676043610422478,-0.6888739146935746,1.0242258486310418,164.58949446678162,0.0
5,waypoint_66,15.0,-0.13676043610422478,-0.6888739146935746,1.0242258486310418,0.003165225507473224,0.01002813782542944
6,waypoint_66,15.0,-0.13676043610422478,-0.6888739146935746,1.0242258486310418,223.19073975086212,0.0
7,waypoint_66,15.0,-0.13676043610422478,-0.6888739146935746,1.0242258486310418,265.1345133781433,0.0
8,waypoint_66,15.0,-0.13676043610422478,-0.6888739146935746,1.0242258486310418,489.98525738716125,0.0
9,waypoint_66,15.0,-0.13676043610422478,-0.6888739146935746,1.0242258486310418,227.09964215755463,0.0
10,waypoint_66,15.0,-0.13676043610422478,-0.6888739146935746,1.0242258486310418,338.0507826805115,0.0
11,waypoint_66,15.0,-0.13676043610422478,-0.6888739146935746,1.0242258486310418,406.3393473625183,0.0
12,waypoint_66,15.0,-0.13676043610422478,-0.6888739146935746,1.0242258486310418,394.4392502307892,0.0
13,waypoint_66,15.0,-0.13676043610422478,-0.6888739146935746,1.0242258486310418,451.663613319397,0.0
14,waypoint_66,15.0,-0.13676043610422478,-0.6888739146935746,1.0242258486310418,712.6156091690063,0.0
0,waypoint_66,0.0,-0.13676043610422478,-0.6888739146935746,1.0242258486310418,0.004199484465061687,0.0353936031460762
1,waypoint_66,0.0,-0.13676043610422478,-0.6888739146935746,1.0242258486310418,0.003833278242382221,0.027843818068504333
2,waypoint_66,0.0,-0.13676043610422478,-0.6888739146935746,1.0242258486310418,0.003846231720672222,0.019076300784945488
3,waypoint_66,0.0,-0.13676043610422478,-0.6888739146935746,1.0242258486310418,0.004396221356728347,0.01010446809232235
4,waypoint_66,0.0,-0.13676043610422478,-0.6888739146935746,1.0242258486310418,135.97701489925385,0.0
5,waypoint_66,0.0,-0.13676043610422478,-0.6888739146935746,1.0242258486310418,0.0063662673710496165,0.00989461038261652
6,waypoint_66,0.0,-0.13676043610422478,-0.6888739146935746,1.0242258486310418,247.06770479679108,0.0
7,waypoint_66,0.0,-0.13676043610422478,-0.6888739146935746,1.0242258486310418,273.9400267601013,0.0
8,waypoint_66,0.0,-0.13676043610422478,-0.6888739146935746,1.0242258486310418,490.6495213508606,0.0
9,waypoint_66,0.0,-0.13676043610422478,-0.6888739146935746,1.0242258486310418,245.05046010017395,0.0
10,waypoint_66,0.0,-0.13676043610422478,-0.6888739146935746,1.0242258486310418,364.07703161239624,0.0
11,waypoint_66,0.0,-0.13676043610422478,-0.6888739146935746,1.0242258486310418,436.2131953239441,0.0
12,waypoint_66,0.0,-0.13676043610422478,-0.6888739146935746,1.0242258486310418,392.87155866622925,0.0
13,waypoint_66,0.0,-0.13676043610422478,-0.6888739146935746,1.0242258486310418,459.2984616756439,0.0
14,waypoint_66,0.0,-0.13676043610422478,-0.6888739146935746,1.0242258486310418,733.3102226257324,0.0
0,waypoint_66,-15.0,-0.13676043610422478,-0.6888739146935746,1.0242258486310418,0.0053855692385695875,0.03613818436861038
1,waypoint_66,-15.0,-0.13676043610422478,-0.6888739146935746,1.0242258486310418,0.006486781785497442,0.0272208321839571
2,waypoint_66,-15.0,-0.13676043610422478,-0.6888739146935746,1.0242258486310418,0.005375004093366442,0.018269989639520645
3,waypoint_66,-15.0,-0.13676043610422478,-0.6888739146935746,1.0242258486310418,0.004910786174150417,0.009867903776466846
4,waypoint_66,-15.0,-0.13676043610422478,-0.6888739146935746,1.0242258486310418,113.86745423078537,0.0
5,waypoint_66,-15.0,-0.13676043610422478,-0.6888739146935746,1.0242258486310418,0.0044492380766314454,0.009182651527225971
6,waypoint_66,-15.0,-0.13676043610422478,-0.6888739146935746,1.0242258486310418,268.27365159988403,0.0
7,waypoint_66,-15.0,-0.13676043610422478,-0.6888739146935746,1.0242258486310418,284.0700149536133,0.0
8,waypoint_66,-15.0,-0.13676043610422478,-0.6888739146935746,1.0242258486310418,502.46530771255493,0.0
9,waypoint_66,-15.0,-0.13676043610422478,-0.6888739146935746,1.0242258486310418,262.9891633987427,0.0
10,waypoint_66,-15.0,-0.13676043610422478,-0.6888739146935746,1.0242258486310418,398.01597595214844,0.0
11,waypoint_66,-15.0,-0.13676043610422478,-0.6888739146935746,1.0242258486310418,460.6153964996338,0.0
12,waypoint_66,-15.0,-0.13676043610422478,-0.6888739146935746,1.0242258486310418,395.4601287841797,0.0
13,waypoint_66,-15.0,-0.13676043610422478,-0.6888739146935746,1.0242258486310418,465.1159644126892,0.0
14,waypoint_66,-15.0,-0.13676043610422478,-0.6888739146935746,1.0242258486310418,768.1924104690552,0.0
0,waypoint_66,-30.0,-0.13676043610422478,-0.6888739146935746,1.0242258486310418,0.004955436907039257,0.03596379980444908
1,waypoint_66,-30.0,-0.13676043610422478,-0.6888739146935746,1.0242258486310418,0.005248256002232665,0.02598300203680992
2,waypoint_66,-30.0,-0.13676043610422478,-0.6888739146935746,1.0242258486310418,0.006730839686497347,0.016988402232527733
3,waypoint_66,-30.0,-0.13676043610422478,-0.6888739146935746,1.0242258486310418,0.005825420430483064,0.009349304251372814
4,waypoint_66,-30.0,-0.13676043610422478,-0.6888739146935746,1.0242258486310418,113.19811642169952,0.0
5,waypoint_66,-30.0,-0.13676043610422478,-0.6888739146935746,1.0242258486310418,0.004244921910867561,0.008146795444190502
6,waypoint_66,-30.0,-0.13676043610422478,-0.6888739146935746,1.0242258486310418,285.66351532936096,0.0
7,waypoint_66,-30.0,-0.13676043610422478,-0.6888739146935746,1.0242258486310418,291.43884778022766,0.0
8,waypoint_66,-30.0,-0.13676043610422478,-0.6888739146935746,1.0242258486310418,509.12100076675415,0.0
9,waypoint_66,-30.0,-0.13676043610422478,-0.6888739146935746,1.0242258486310418,270.37081122398376,0.0
10,waypoint_66,-30.0,-0.13676043610422478,-0.6888739146935746,1.0242258486310418,406.54000639915466,0.0
11,waypoint_66,-30.0,-0.13676043610422478,-0.6888739146935746,1.0242258486310418,478.0602157115936,0.0
12,waypoint_66,-30.0,-0.13676043610422478,-0.6888739146935746,1.0242258486310418,406.7184329032898,0.0
13,waypoint_66,-30.0,-0.13676043610422478,-0.6888739146935746,1.0242258486310418,474.3928909301758,0.0
14,waypoint_66,-30.0,-0.13676043610422478,-0.6888739146935746,1.0242258486310418,797.8308796882629,0.0
0,waypoint_67,-30.0,-0.1167604361042246,-0.6888739146935746,1.0242258486310418,0.009085750207304955,0.0378325954079628
1,waypoint_67,-30.0,-0.1167604361042246,-0.6888739146935746,1.0242258486310418,0.010438303434057161,0.028013108298182487
2,waypoint_67,-30.0,-0.1167604361042246,-0.6888739146935746,1.0242258486310418,0.010282448783982545,0.01870177499949932
3,waypoint_67,-30.0,-0.1167604361042246,-0.6888739146935746,1.0242258486310418,0.010938711056951433,0.010795500129461288
4,waypoint_67,-30.0,-0.1167604361042246,-0.6888739146935746,1.0242258486310418,168.9542829990387,0.0
5,waypoint_67,-30.0,-0.1167604361042246,-0.6888739146935746,1.0242258486310418,0.013193512131692842,0.005996506195515394
6,waypoint_67,-30.0,-0.1167604361042246,-0.6888739146935746,1.0242258486310418,290.5658483505249,0.0
7,waypoint_67,-30.0,-0.1167604361042246,-0.6888739146935746,1.0242258486310418,297.97807335853577,0.0
8,waypoint_67,-30.0,-0.1167604361042246,-0.6888739146935746,1.0242258486310418,504.133403301239,0.0
9,waypoint_67,-30.0,-0.1167604361042246,-0.6888739146935746,1.0242258486310418,261.5140974521637,0.0
10,waypoint_67,-30.0,-0.1167604361042246,-0.6888739146935746,1.0242258486310418,396.758109331131,0.0
11,waypoint_67,-30.0,-0.1167604361042246,-0.6888739146935746,1.0242258486310418,464.2984867095947,0.0
12,waypoint_67,-30.0,-0.1167604361042246,-0.6888739146935746,1.0242258486310418,392.2388553619385,0.0
13,waypoint_67,-30.0,-0.1167604361042246,-0.6888739146935746,1.0242258486310418,458.58192443847656,0.0
14,waypoint_67,-30.0,-0.1167604361042246,-0.6888739146935746,1.0242258486310418,785.4150533676147,0.0
0,waypoint_67,-15.0,-0.1167604361042246,-0.6888739146935746,1.0242258486310418,0.005761645297752693,0.03764007240533829
1,waypoint_67,-15.0,-0.1167604361042246,-0.6888739146935746,1.0242258486310418,0.0036084200019104173,0.029121601954102516
2,waypoint_67,-15.0,-0.1167604361042246,-0.6888739146935746,1.0242258486310418,0.004396221356728347,0.020042458549141884
3,waypoint_67,-15.0,-0.1167604361042246,-0.6888739146935746,1.0242258486310418,0.005998489996272838,0.011515503749251366
4,waypoint_67,-15.0,-0.1167604361042246,-0.6888739146935746,1.0242258486310418,145.8994299173355,0.0
5,waypoint_67,-15.0,-0.1167604361042246,-0.6888739146935746,1.0242258486310418,0.004005502887594048,0.006968323141336441
6,waypoint_67,-15.0,-0.1167604361042246,-0.6888739146935746,1.0242258486310418,291.6756272315979,0.0
7,waypoint_67,-15.0,-0.1167604361042246,-0.6888739146935746,1.0242258486310418,294.5442795753479,0.0
8,waypoint_67,-15.0,-0.1167604361042246,-0.6888739146935746,1.0242258486310418,496.09148502349854,0.0
9,waypoint_67,-15.0,-0.1167604361042246,-0.6888739146935746,1.0242258486310418,262.27256655693054,0.0
10,waypoint_67,-15.0,-0.1167604361042246,-0.6888739146935746,1.0242258486310418,387.50794529914856,0.0
11,waypoint_67,-15.0,-0.1167604361042246,-0.6888739146935746,1.0242258486310418,459.7426950931549,0.0
12,waypoint_67,-15.0,-0.1167604361042246,-0.6888739146935746,1.0242258486310418,385.85251569747925,0.0
13,waypoint_67,-15.0,-0.1167604361042246,-0.6888739146935746,1.0242258486310418,456.459641456604,0.0
14,waypoint_67,-15.0,-0.1167604361042246,-0.6888739146935746,1.0242258486310418,777.8925895690918,0.0
0,waypoint_67,0.0,-0.1167604361042246,-0.6888739146935746,1.0242258486310418,0.005878843239770504,0.03641711175441742
1,waypoint_67,0.0,-0.1167604361042246,-0.6888739146935746,1.0242258486310418,0.004199484465061687,0.029576482251286507
2,waypoint_67,0.0,-0.1167604361042246,-0.6888739146935746,1.0242258486310418,0.004575214461510768,0.020881354808807373
3,waypoint_67,0.0,-0.1167604361042246,-0.6888739146935746,1.0242258486310418,0.0032340669804398203,0.011905558407306671
4,waypoint_67,0.0,-0.1167604361042246,-0.6888739146935746,1.0242258486310418,177.75100469589233,0.0
5,waypoint_67,0.0,-0.1167604361042246,-0.6888739146935746,1.0242258486310418,0.003207593863407965,0.007693781983107328
6,waypoint_67,0.0,-0.1167604361042246,-0.6888739146935746,1.0242258486310418,266.5291428565979,0.0
7,waypoint_67,0.0,-0.1167604361042246,-0.6888739146935746,1.0242258486310418,285.88613867759705,0.0
8,waypoint_67,0.0,-0.1167604361042246,-0.6888739146935746,1.0242258486310418,495.2407479286194,0.0
9,waypoint_67,0.0,-0.1167604361042246,-0.6888739146935746,1.0242258486310418,248.22431802749634,0.0
10,waypoint_67,0.0,-0.1167604361042246,-0.6888739146935746,1.0242258486310418,359.3824803829193,0.0
11,waypoint_67,0.0,-0.1167604361042246,-0.6888739146935746,1.0242258486310418,423.30947518348694,0.0
12,waypoint_67,0.0,-0.1167604361042246,-0.6888739146935746,1.0242258486310418,379.0281414985657,0.0
13,waypoint_67,0.0,-0.1167604361042246,-0.6888739146935746,1.0242258486310418,442.0655071735382,0.0
14,waypoint_67,0.0,-0.1167604361042246,-0.6888739146935746,1.0242258486310418,756.5520405769348,0.0
0,waypoint_67,15.0,-0.1167604361042246,-0.6888739146935746,1.0242258486310418,0.0053151838983467314,0.033891499042510986
1,waypoint_67,15.0,-0.1167604361042246,-0.6888739146935746,1.0242258486310418,0.004409535449667601,0.029249561950564384
2,waypoint_67,15.0,-0.1167604361042246,-0.6888739146935746,1.0242258486310418,0.004075842298334464,0.021204279735684395
3,waypoint_67,15.0,-0.1167604361042246,-0.6888739146935746,1.0242258486310418,0.00234815070143668,0.012096676975488663
4,waypoint_67,15.0,-0.1167604361042246,-0.6888739146935746,1.0242258486310418,245.0031340122223,0.0
5,waypoint_67,15.0,-0.1167604361042246,-0.6888739146935746,1.0242258486310418,0.006069146365916822,0.007945175282657146
6,waypoint_67,15.0,-0.1167604361042246,-0.6888739146935746,1.0242258486310418,244.73907053470612,0.0
7,waypoint_67,15.0,-0.1167604361042246,-0.6888739146935746,1.0242258486310418,275.51180124282837,0.0
8,waypoint_67,15.0,-0.1167604361042246,-0.6888739146935746,1.0242258486310418,492.5454556941986,0.0
9,waypoint_67,15.0,-0.1167604361042246,-0.6888739146935746,1.0242258486310418,228.3679097890854,0.0
10,waypoint_67,15.0,-0.1167604361042246,-0.6888739146935746,1.0242258486310418,331.017941236496,0.0
11,waypoint_67,15.0,-0.1167604361042246,-0.6888739146935746,1.0242258486310418,396.01826667785645,0.0
12,waypoint_67,15.0,-0.1167604361042246,-0.6888739146935746,1.0242258486310418,379.8637092113495,0.0
13,waypoint_67,15.0,-0.1167604361042246,-0.6888739146935746,1.0242258486310418,434.6814155578613,0.0
14,waypoint_67,15.0,-0.1167604361042246,-0.6888739146935746,1.0242258486310418,731.0754656791687,0.0
0,waypoint_67,30.0,-0.1167604361042246,-0.6888739146935746,1.0242258486310418,0.0032428433769382536,0.029905231669545174
1,waypoint_67,30.0,-0.1167604361042246,-0.6888739146935746,1.0242258486310418,0.004813236500922358,0.02821877971291542
2,waypoint_67,30.0,-0.1167604361042246,-0.6888739146935746,1.0242258486310418,0.004211311534163542,0.02117699198424816
3,waypoint_67,30.0,-0.1167604361042246,-0.6888739146935746,1.0242258486310418,0.004554980478133075,0.012323086149990559
4,waypoint_67,30.0,-0.1167604361042246,-0.6888739146935746,1.0242258486310418,331.2630355358124,0.0
5,waypoint_67,30.0,-0.1167604361042246,-0.6888739146935746,1.0242258486310418,0.0027804144338006154,0.007506984286010265
6,waypoint_67,30.0,-0.1167604361042246,-0.6888739146935746,1.0242258486310418,230.15309870243073,0.0
7,waypoint_67,30.0,-0.1167604361042246,-0.6888739146935746,1.0242258486310418,265.7177150249481,0.0
8,waypoint_67,30.0,-0.1167604361042246,-0.6888739146935746,1.0242258486310418,492.02707409858704,0.0
9,waypoint_67,30.0,-0.1167604361042246,-0.6888739146935746,1.0242258486310418,207.58579671382904,0.0
10,waypoint_67,30.0,-0.1167604361042246,-0.6888739146935746,1.0242258486310418,304.9389719963074,0.0
11,waypoint_67,30.0,-0.1167604361042246,-0.6888739146935746,1.0242258486310418,367.7253723144531,0.0
12,waypoint_67,30.0,-0.1167604361042246,-0.6888739146935746,1.0242258486310418,368.8441216945648,0.0
13,waypoint_67,30.0,-0.1167604361042246,-0.6888739146935746,1.0242258486310418,425.4315495491028,0.0
14,waypoint_67,30.0,-0.1167604361042246,-0.6888739146935746,1.0242258486310418,707.4275612831116,0.0
0,waypoint_68,30.0,-0.0967604361042248,-0.6888739146935746,1.0242258486310418,0.010884663424803875,0.028689716011285782
1,waypoint_68,30.0,-0.0967604361042248,-0.6888739146935746,1.0242258486310418,0.009841266546573024,0.02921467274427414
2,waypoint_68,30.0,-0.0967604361042248,-0.6888739146935746,1.0242258486310418,0.010420419130241498,0.02280495874583721
3,waypoint_68,30.0,-0.0967604361042248,-0.6888739146935746,1.0242258486310418,0.010251998901367188,0.014160624705255032
4,waypoint_68,30.0,-0.0967604361042248,-0.6888739146935746,1.0242258486310418,357.77318477630615,0.0
5,waypoint_68,30.0,-0.0967604361042248,-0.6888739146935746,1.0242258486310418,0.008517417882103473,0.0056385803036391735
6,waypoint_68,30.0,-0.0967604361042248,-0.6888739146935746,1.0242258486310418,234.32564735412598,0.0
7,waypoint_68,30.0,-0.0967604361042248,-0.6888739146935746,1.0242258486310418,276.5122056007385,0.0
8,waypoint_68,30.0,-0.0967604361042248,-0.6888739146935746,1.0242258486310418,486.48515343666077,0.0
9,waypoint_68,30.0,-0.0967604361042248,-0.6888739146935746,1.0242258486310418,208.50229263305664,0.0
10,waypoint_68,30.0,-0.0967604361042248,-0.6888739146935746,1.0242258486310418,292.24082827568054,0.0
11,waypoint_68,30.0,-0.0967604361042248,-0.6888739146935746,1.0242258486310418,353.4117341041565,0.0
12,waypoint_68,30.0,-0.0967604361042248,-0.6888739146935746,1.0242258486310418,353.9910316467285,0.0
13,waypoint_68,30.0,-0.0967604361042248,-0.6888739146935746,1.0242258486310418,409.7241163253784,0.0
14,waypoint_68,30.0,-0.0967604361042248,-0.6888739146935746,1.0242258486310418,689.1828179359436,0.0
0,waypoint_68,15.0,-0.0967604361042248,-0.6888739146935746,1.0242258486310418,0.005272232101560803,0.033820122480392456
1,waypoint_68,15.0,-0.0967604361042248,-0.6888739146935746,1.0242258486310418,0.0038536140891665127,0.030626468360424042
2,waypoint_68,15.0,-0.0967604361042248,-0.6888739146935746,1.0242258486310418,0.0037621816773025785,0.0229570921510458
3,waypoint_68,15.0,-0.0967604361042248,-0.6888739146935746,1.0242258486310418,0.004733974947157549,0.013953685760498047
4,waypoint_68,15.0,-0.0967604361042248,-0.6888739146935746,1.0242258486310418,270.6485390663147,0.0
5,waypoint_68,15.0,-0.0967604361042248,-0.6888739146935746,1.0242258486310418,0.005601568318525096,0.0058653997257351875
6,waypoint_68,15.0,-0.0967604361042248,-0.6888739146935746,1.0242258486310418,260.6850266456604,0.0
7,waypoint_68,15.0,-0.0967604361042248,-0.6888739146935746,1.0242258486310418,282.5038433074951,0.0
8,waypoint_68,15.0,-0.0967604361042248,-0.6888739146935746,1.0242258486310418,481.52652382850647,0.0
9,waypoint_68,15.0,-0.0967604361042248,-0.6888739146935746,1.0242258486310418,229.11636531352997,0.0
10,waypoint_68,15.0,-0.0967604361042248,-0.6888739146935746,1.0242258486310418,320.002943277359,0.0
11,waypoint_68,15.0,-0.0967604361042248,-0.6888739146935746,1.0242258486310418,381.4234137535095,0.0
12,waypoint_68,15.0,-0.0967604361042248,-0.6888739146935746,1.0242258486310418,363.6637330055237,0.0
13,waypoint_68,15.0,-0.0967604361042248,-0.6888739146935746,1.0242258486310418,419.9443459510803,0.0
14,waypoint_68,15.0,-0.0967604361042248,-0.6888739146935746,1.0242258486310418,706.2243223190308,0.0
0,waypoint_68,0.0,-0.0967604361042248,-0.6888739146935746,1.0242258486310418,0.0050067901611328125,0.037127792835235596
1,waypoint_68,0.0,-0.0967604361042248,-0.6888739146935746,1.0242258486310418,0.004629634986486053,0.03124149702489376
2,waypoint_68,0.0,-0.0967604361042248,-0.6888739146935746,1.0242258486310418,0.0057825723160931375,0.022690441459417343
3,waypoint_68,0.0,-0.0967604361042248,-0.6888739146935746,1.0242258486310418,0.004955436907039257,0.013697344809770584
4,waypoint_68,0.0,-0.0967604361042248,-0.6888739146935746,1.0242258486310418,203.90933752059937,0.0
5,waypoint_68,0.0,-0.0967604361042248,-0.6888739146935746,1.0242258486310418,0.004498472662817221,0.005528631620109081
6,waypoint_68,0.0,-0.0967604361042248,-0.6888739146935746,1.0242258486310418,287.54445910453796,0.0
7,waypoint_68,0.0,-0.0967604361042248,-0.6888739146935746,1.0242258486310418,290.36012291908264,0.0
8,waypoint_68,0.0,-0.0967604361042248,-0.6888739146935746,1.0242258486310418,483.1564724445343,0.0
9,waypoint_68,0.0,-0.0967604361042248,-0.6888739146935746,1.0242258486310418,245.79888582229614,0.0
10,waypoint_68,0.0,-0.0967604361042248,-0.6888739146935746,1.0242258486310418,349.93016719818115,0.0
11,waypoint_68,0.0,-0.0967604361042248,-0.6888739146935746,1.0242258486310418,408.41150283813477,0.0
12,waypoint_68,0.0,-0.0967604361042248,-0.6888739146935746,1.0242258486310418,365.9472167491913,0.0
13,waypoint_68,0.0,-0.0967604361042248,-0.6888739146935746,1.0242258486310418,426.494836807251,0.0
14,waypoint_68,0.0,-0.0967604361042248,-0.6888739146935746,1.0242258486310418,712.9713892936707,0.0
0,waypoint_68,-15.0,-0.0967604361042248,-0.6888739146935746,1.0242258486310418,0.005448529464047169,0.03892440348863602
1,waypoint_68,-15.0,-0.0967604361042248,-0.6888739146935746,1.0242258486310418,0.005562425940297544,0.031005432829260826
2,waypoint_68,-15.0,-0.0967604361042248,-0.6888739146935746,1.0242258486310418,0.0057862571338773705,0.02185489982366562
3,waypoint_68,-15.0,-0.0967604361042248,-0.6888739146935746,1.0242258486310418,0.004909339168079896,0.013168619014322758
4,waypoint_68,-15.0,-0.0967604361042248,-0.6888739146935746,1.0242258486310418,192.966029047966,0.0
5,waypoint_68,-15.0,-0.0967604361042248,-0.6888739146935746,1.0242258486310418,0.0031359068088931963,0.004832914099097252
6,waypoint_68,-15.0,-0.0967604361042248,-0.6888739146935746,1.0242258486310418,311.6227686405182,0.0
7,waypoint_68,-15.0,-0.0967604361042248,-0.6888739146935746,1.0242258486310418,299.5658218860626,0.0
8,waypoint_68,-15.0,-0.0967604361042248,-0.6888739146935746,1.0242258486310418,484.89290475845337,0.0
9,waypoint_68,-15.0,-0.0967604361042248,-0.6888739146935746,1.0242258486310418,262.9210352897644,0.0
10,waypoint_68,-15.0,-0.0967604361042248,-0.6888739146935746,1.0242258486310418,372.2764253616333,0.0
11,waypoint_68,-15.0,-0.0967604361042248,-0.6888739146935746,1.0242258486310418,440.75092673301697,0.0
12,waypoint_68,-15.0,-0.0967604361042248,-0.6888739146935746,1.0242258486310418,369.7094917297363,0.0
13,waypoint_68,-15.0,-0.0967604361042248,-0.6888739146935746,1.0242258486310418,432.3585331439972,0.0
14,waypoint_68,-15.0,-0.0967604361042248,-0.6888739146935746,1.0242258486310418,740.2864694595337,0.0
0,waypoint_68,-30.0,-0.0967604361042248,-0.6888739146935746,1.0242258486310418,0.00440268149759504,0.03954711928963661
1,waypoint_68,-30.0,-0.0967604361042248,-0.6888739146935746,1.0242258486310418,0.005148130185261834,0.03006672114133835
2,waypoint_68,-30.0,-0.0967604361042248,-0.6888739146935746,1.0242258486310418,0.005148130185261834,0.020489636808633804
3,waypoint_68,-30.0,-0.0967604361042248,-0.6888739146935746,1.0242258486310418,0.004862803962168982,0.012265930883586407
4,waypoint_68,-30.0,-0.0967604361042248,-0.6888739146935746,1.0242258486310418,225.13742744922638,0.0
5,waypoint_68,-30.0,-0.0967604361042248,-0.6888739146935746,1.0242258486310418,0.001980453362193657,0.003975906874984503
6,waypoint_68,-30.0,-0.0967604361042248,-0.6888739146935746,1.0242258486310418,331.71942830085754,0.0
7,waypoint_68,-30.0,-0.0967604361042248,-0.6888739146935746,1.0242258486310418,304.96999621391296,0.0
8,waypoint_68,-30.0,-0.0967604361042248,-0.6888739146935746,1.0242258486310418,497.4386990070343,0.0
9,waypoint_68,-30.0,-0.0967604361042248,-0.6888739146935746,1.0242258486310418,268.4333622455597,0.0
10,waypoint_68,-30.0,-0.0967604361042248,-0.6888739146935746,1.0242258486310418,374.41548705101013,0.0
11,waypoint_68,-30.0,-0.0967604361042248,-0.6888739146935746,1.0242258486310418,446.19476795196533,0.0
12,waypoint_68,-30.0,-0.0967604361042248,-0.6888739146935746,1.0242258486310418,372.8513717651367,0.0
13,waypoint_68,-30.0,-0.0967604361042248,-0.6888739146935746,1.0242258486310418,440.6086802482605,0.0
14,waypoint_68,-30.0,-0.0967604361042248,-0.6888739146935746,1.0242258486310418,759.8341703414917,0.0
0,waypoint_69,-30.0,-0.07676043610422456,-0.6888739146935746,1.0242258486310418,0.011203136637050193,0.041050028055906296
1,waypoint_69,-30.0,-0.07676043610422456,-0.6888739146935746,1.0242258486310418,0.010929125892289449,0.03212393820285797
2,waypoint_69,-30.0,-0.07676043610422456,-0.6888739146935746,1.0242258486310418,0.010771138477139175,0.022353962063789368
3,waypoint_69,-30.0,-0.07676043610422456,-0.6888739146935746,1.0242258486310418,0.00957540760282427,0.013780727982521057
4,waypoint_69,-30.0,-0.07676043610422456,-0.6888739146935746,1.0242258486310418,241.47970974445343,0.0
5,waypoint_69,-30.0,-0.07676043610422456,-0.6888739146935746,1.0242258486310418,0.009991558727051597,0.002124262973666191
6,waypoint_69,-30.0,-0.07676043610422456,-0.6888739146935746,1.0242258486310418,335.63607931137085,0.0
7,waypoint_69,-30.0,-0.07676043610422456,-0.6888739146935746,1.0242258486310418,313.5562837123871,0.0
8,waypoint_69,-30.0,-0.07676043610422456,-0.6888739146935746,1.0242258486310418,490.0026321411133,0.0
9,waypoint_69,-30.0,-0.07676043610422456,-0.6888739146935746,1.0242258486310418,266.64286851882935,0.0
10,waypoint_69,-30.0,-0.07676043610422456,-0.6888739146935746,1.0242258486310418,370.712548494339,0.0
11,waypoint_69,-30.0,-0.07676043610422456,-0.6888739146935746,1.0242258486310418,441.6339695453644,0.0
12,waypoint_69,-30.0,-0.07676043610422456,-0.6888739146935746,1.0242258486310418,363.65970969200134,0.0
13,waypoint_69,-30.0,-0.07676043610422456,-0.6888739146935746,1.0242258486310418,424.91406202316284,0.0
14,waypoint_69,-30.0,-0.07676043610422456,-0.6888739146935746,1.0242258486310418,745.0753450393677,0.0
0,waypoint_69,-15.0,-0.07676043610422456,-0.6888739146935746,1.0242258486310418,0.005245208740234375,0.039919476956129074
1,waypoint_69,-15.0,-0.07676043610422456,-0.6888739146935746,1.0242258486310418,0.004554980478133075,0.03284671902656555
2,waypoint_69,-15.0,-0.07676043610422456,-0.6888739146935746,1.0242258486310418,0.0045798715291311964,0.02370362915098667
3,waypoint_69,-15.0,-0.07676043610422456,-0.6888739146935746,1.0242258486310418,0.004324521341914078,0.014839245937764645
4,waypoint_69,-15.0,-0.07676043610422456,-0.6888739146935746,1.0242258486310418,215.68045020103455,0.0
5,waypoint_69,-15.0,-0.07676043610422456,-0.6888739146935746,1.0242258486310418,0.0036645951695390977,0.002793963998556137
6,waypoint_69,-15.0,-0.07676043610422456,-0.6888739146935746,1.0242258486310418,331.0226500034332,0.0
7,waypoint_69,-15.0,-0.07676043610422456,-0.6888739146935746,1.0242258486310418,311.2220764160156,0.0
8,waypoint_69,-15.0,-0.07676043610422456,-0.6888739146935746,1.0242258486310418,484.1028153896332,0.0
9,waypoint_69,-15.0,-0.07676043610422456,-0.6888739146935746,1.0242258486310418,262.96189427375793,0.0
10,waypoint_69,-15.0,-0.07676043610422456,-0.6888739146935746,1.0242258486310418,370.09748816490173,0.0
11,waypoint_69,-15.0,-0.07676043610422456,-0.6888739146935746,1.0242258486310418,429.8073947429657,0.0
12,waypoint_69,-15.0,-0.07676043610422456,-0.6888739146935746,1.0242258486310418,362.2991442680359,0.0
13,waypoint_69,-15.0,-0.07676043610422456,-0.6888739146935746,1.0242258486310418,418.674111366272,0.0
14,waypoint_69,-15.0,-0.07676043610422456,-0.6888739146935746,1.0242258486310418,737.2526526451111,0.0
0,waypoint_69,0.0,-0.07676043610422456,-0.6888739146935746,1.0242258486310418,0.006073827535146847,0.0374305434525013
1,waypoint_69,0.0,-0.07676043610422456,-0.6888739146935746,1.0242258486310418,0.007201316748250974,0.03280845656991005
2,waypoint_69,0.0,-0.07676043610422456,-0.6888739146935746,1.0242258486310418,0.004910786174150417,0.02449706941843033
3,waypoint_69,0.0,-0.07676043610422456,-0.6888739146935746,1.0242258486310418,0.003873843525070697,0.015486483462154865
4,waypoint_69,0.0,-0.07676043610422456,-0.6888739146935746,1.0242258486310418,229.2023003101349,0.0
5,waypoint_69,0.0,-0.07676043610422456,-0.6888739146935746,1.0242258486310418,0.00384438408218557,0.0034090173430740833
6,waypoint_69,0.0,-0.07676043610422456,-0.6888739146935746,1.0242258486310418,318.90252232551575,0.0
7,waypoint_69,0.0,-0.07676043610422456,-0.6888739146935746,1.0242258486310418,303.9488196372986,0.0
8,waypoint_69,0.0,-0.07676043610422456,-0.6888739146935746,1.0242258486310418,473.02111983299255,0.0
9,waypoint_69,0.0,-0.07676043610422456,-0.6888739146935746,1.0242258486310418,247.8134036064148,0.0
10,waypoint_69,0.0,-0.07676043610422456,-0.6888739146935746,1.0242258486310418,340.54479002952576,0.0
11,waypoint_69,0.0,-0.07676043610422456,-0.6888739146935746,1.0242258486310418,397.04063534736633,0.0
12,waypoint_69,0.0,-0.07676043610422456,-0.6888739146935746,1.0242258486310418,353.51598262786865,0.0
13,waypoint_69,0.0,-0.07676043610422456,-0.6888739146935746,1.0242258486310418,411.57740354537964,0.0
14,waypoint_69,0.0,-0.07676043610422456,-0.6888739146935746,1.0242258486310418,697.4188089370728,0.0
0,waypoint_69,15.0,-0.07676043610422456,-0.6888739146935746,1.0242258486310418,0.006163247235235758,0.03314052149653435
1,waypoint_69,15.0,-0.07676043610422456,-0.6888739146935746,1.0242258486310418,0.004414366685523419,0.031837642192840576
2,waypoint_69,15.0,-0.07676043610422456,-0.6888739146935746,1.0242258486310418,0.0037621816773025785,0.02466944232583046
3,waypoint_69,15.0,-0.07676043610422456,-0.6888739146935746,1.0242258486310418,0.0035861989999830257,0.015793725848197937
4,waypoint_69,15.0,-0.07676043610422456,-0.6888739146935746,1.0242258486310418,305.1753044128418,0.0
5,waypoint_69,15.0,-0.07676043610422456,-0.6888739146935746,1.0242258486310418,0.00234815070143668,0.0038137263618409634
6,waypoint_69,15.0,-0.07676043610422456,-0.6888739146935746,1.0242258486310418,295.1860725879669,0.0
7,waypoint_69,15.0,-0.07676043610422456,-0.6888739146935746,1.0242258486310418,294.51337456703186,0.0
8,waypoint_69,15.0,-0.07676043610422456,-0.6888739146935746,1.0242258486310418,469.4642722606659,0.0
9,waypoint_69,15.0,-0.07676043610422456,-0.6888739146935746,1.0242258486310418,228.72115671634674,0.0
10,waypoint_69,15.0,-0.07676043610422456,-0.6888739146935746,1.0242258486310418,307.95779824256897,0.0
11,waypoint_69,15.0,-0.07676043610422456,-0.6888739146935746,1.0242258486310418,369.93491649627686,0.0
12,waypoint_69,15.0,-0.07676043610422456,-0.6888739146935746,1.0242258486310418,347.3629057407379,0.0
13,waypoint_69,15.0,-0.07676043610422456,-0.6888739146935746,1.0242258486310418,405.14421463012695,0.0
14,waypoint_69,15.0,-0.07676043610422456,-0.6888739146935746,1.0242258486310418,676.1507391929626,0.0
0,waypoint_69,30.0,-0.07676043610422456,-0.6888739146935746,1.0242258486310418,0.09583952487446368,0.026452230289578438
1,waypoint_69,30.0,-0.07676043610422456,-0.6888739146935746,1.0242258486310418,0.09988230158342049,0.029962366446852684
2,waypoint_69,30.0,-0.07676043610422456,-0.6888739146935746,1.0242258486310418,0.09954432607628405,0.024355720728635788
3,waypoint_69,30.0,-0.07676043610422456,-0.6888739146935746,1.0242258486310418,0.09791670163394883,0.015971750020980835
4,waypoint_69,30.0,-0.07676043610422456,-0.6888739146935746,1.0242258486310418,3.1339467968791723,0.0
5,waypoint_69,30.0,-0.07676043610422456,-0.6888739146935746,1.0242258486310418,0.05416931162471883,0.0038191622588783503
6,waypoint_69,30.0,-0.07676043610422456,-0.6888739146935746,1.0242258486310418,275.90787410736084,0.0
7,waypoint_69,30.0,-0.07676043610422456,-0.6888739146935746,1.0242258486310418,286.41846776008606,0.0
8,waypoint_69,30.0,-0.07676043610422456,-0.6888739146935746,1.0242258486310418,469.3028926849365,0.0
9,waypoint_69,30.0,-0.07676043610422456,-0.6888739146935746,1.0242258486310418,211.1339420080185,0.0
10,waypoint_69,30.0,-0.07676043610422456,-0.6888739146935746,1.0242258486310418,289.6712124347687,0.0
11,waypoint_69,30.0,-0.07676043610422456,-0.6888739146935746,1.0242258486310418,341.07011556625366,0.0
12,waypoint_69,30.0,-0.07676043610422456,-0.6888739146935746,1.0242258486310418,336.1348509788513,0.0
13,waypoint_69,30.0,-0.07676043610422456,-0.6888739146935746,1.0242258486310418,396.13664150238037,0.0
14,waypoint_69,30.0,-0.07676043610422456,-0.6888739146935746,1.0242258486310418,650.9697437286377,0.0
0,waypoint_70,30.0,-0.056760436104224765,-0.6888739146935746,1.0242258486310418,0.011263859050814062,0.022610971704125404
1,waypoint_70,30.0,-0.056760436104224765,-0.6888739146935746,1.0242258486310418,0.009095129826164339,0.030380409210920334
2,waypoint_70,30.0,-0.056760436104224765,-0.6888739146935746,1.0242258486310418,0.010414963071525563,0.025802509859204292
3,waypoint_70,30.0,-0.056760436104224765,-0.6888739146935746,1.0242258486310418,0.011875543350470252,0.017749769613146782
4,waypoint_70,30.0,-0.056760436104224765,-0.6888739146935746,1.0242258486310418,0.01630260521778837,0.008595885708928108
5,waypoint_70,30.0,-0.056760436104224765,-0.6888739146935746,1.0242258486310418,40.163882076740265,0.0
6,waypoint_70,30.0,-0.056760436104224765,-0.6888739146935746,1.0242258486310418,279.45637702941895,0.0
7,waypoint_70,30.0,-0.056760436104224765,-0.6888739146935746,1.0242258486310418,298.73624444007874,0.0
8,waypoint_70,30.0,-0.056760436104224765,-0.6888739146935746,1.0242258486310418,464.25437927246094,0.0
9,waypoint_70,30.0,-0.056760436104224765,-0.6888739146935746,1.0242258486310418,214.5828902721405,0.0
10,waypoint_70,30.0,-0.056760436104224765,-0.6888739146935746,1.0242258486310418,281.7346453666687,0.0
11,waypoint_70,30.0,-0.056760436104224765,-0.6888739146935746,1.0242258486310418,330.29094338417053,0.0
12,waypoint_70,30.0,-0.056760436104224765,-0.6888739146935746,1.0242258486310418,323.5265016555786,0.0
13,waypoint_70,30.0,-0.056760436104224765,-0.6888739146935746,1.0242258486310418,382.41493701934814,0.0
14,waypoint_70,30.0,-0.056760436104224765,-0.6888739146935746,1.0242258486310418,634.4509124755859,0.0
0,waypoint_70,15.0,-0.056760436104224765,-0.6888739146935746,1.0242258486310418,0.658363860566169,0.03169841319322586
1,waypoint_70,15.0,-0.056760436104224765,-0.6888739146935746,1.0242258486310418,0.5476332735270262,0.032857343554496765
2,waypoint_70,15.0,-0.056760436104224765,-0.6888739146935746,1.0242258486310418,0.42399539961479604,0.026337238028645515
3,waypoint_70,15.0,-0.056760436104224765,-0.6888739146935746,1.0242258486310418,0.4677400575019419,0.017623743042349815
4,waypoint_70,15.0,-0.056760436104224765,-0.6888739146935746,1.0242258486310418,0.6622137152589858,0.008332230150699615
5,waypoint_70,15.0,-0.056760436104224765,-0.6888739146935746,1.0242258486310418,1.1977440444752574,0.0018524813931435347
6,waypoint_70,15.0,-0.056760436104224765,-0.6888739146935746,1.0242258486310418,304.18986082077026,0.0
7,waypoint_70,15.0,-0.056760436104224765,-0.6888739146935746,1.0242258486310418,303.44802141189575,0.0
8,waypoint_70,15.0,-0.056760436104224765,-0.6888739146935746,1.0242258486310418,461.6880416870117,0.0
9,waypoint_70,15.0,-0.056760436104224765,-0.6888739146935746,1.0242258486310418,232.53795504570007,0.0
10,waypoint_70,15.0,-0.056760436104224765,-0.6888739146935746,1.0242258486310418,299.77336525917053,0.0
11,waypoint_70,15.0,-0.056760436104224765,-0.6888739146935746,1.0242258486310418,356.4150333404541,0.0
12,waypoint_70,15.0,-0.056760436104224765,-0.6888739146935746,1.0242258486310418,338.4447991847992,0.0
13,waypoint_70,15.0,-0.056760436104224765,-0.6888739146935746,1.0242258486310418,391.0968005657196,0.0
14,waypoint_70,15.0,-0.056760436104224765,-0.6888739146935746,1.0242258486310418,652.2712707519531,0.0
0,waypoint_70,0.0,-0.056760436104224765,-0.6888739146935746,1.0242258486310418,6.8462505005300045,0.0
1,waypoint_70,0.0,-0.056760436104224765,-0.6888739146935746,1.0242258486310418,6.231794133782387,0.0
2,waypoint_70,0.0,-0.056760436104224765,-0.6888739146935746,1.0242258486310418,6.485338788479567,0.0
3,waypoint_70,0.0,-0.056760436104224765,-0.6888739146935746,1.0242258486310418,7.689658552408218,0.0
4,waypoint_70,0.0,-0.056760436104224765,-0.6888739146935746,1.0242258486310418,9.466726332902908,0.0
5,waypoint_70,0.0,-0.056760436104224765,-0.6888739146935746,1.0242258486310418,14.068666845560074,0.0
6,waypoint_70,0.0,-0.056760436104224765,-0.6888739146935746,1.0242258486310418,309.6299469470978,0.0
7,waypoint_70,0.0,-0.056760436104224765,-0.6888739146935746,1.0242258486310418,305.92674016952515,0.0
8,waypoint_70,0.0,-0.056760436104224765,-0.6888739146935746,1.0242258486310418,462.8724455833435,0.0
9,waypoint_70,0.0,-0.056760436104224765,-0.6888739146935746,1.0242258486310418,237.32998967170715,0.0
10,waypoint_70,0.0,-0.056760436104224765,-0.6888739146935746,1.0242258486310418,307.32816457748413,0.0
11,waypoint_70,0.0,-0.056760436104224765,-0.6888739146935746,1.0242258486310418,362.3288571834564,0.0
12,waypoint_70,0.0,-0.056760436104224765,-0.6888739146935746,1.0242258486310418,338.9882445335388,0.0
13,waypoint_70,0.0,-0.056760436104224765,-0.6888739146935746,1.0242258486310418,392.69542694091797,0.0
14,waypoint_70,0.0,-0.056760436104224765,-0.6888739146935746,1.0242258486310418,656.3849449157715,0.0
0,waypoint_70,-15.0,-0.056760436104224765,-0.6888739146935746,1.0242258486310418,0.4869754775427282,0.040550265461206436
1,waypoint_70,-15.0,-0.056760436104224765,-0.6888739146935746,1.0242258486310418,0.5703078932128847,0.03463001176714897
2,waypoint_70,-15.0,-0.056760436104224765,-0.6888739146935746,1.0242258486310418,0.5703431088477373,0.02559816837310791
3,waypoint_70,-15.0,-0.056760436104224765,-0.6888739146935746,1.0242258486310418,0.586068956181407,0.01655646786093712
4,waypoint_70,-15.0,-0.056760436104224765,-0.6888739146935746,1.0242258486310418,0.9050354710780084,0.008234080858528614
5,waypoint_70,-15.0,-0.056760436104224765,-0.6888739146935746,1.0242258486310418,0.9707350400276482,0.0009533686679787934
6,waypoint_70,-15.0,-0.056760436104224765,-0.6888739146935746,1.0242258486310418,354.9307882785797,0.0
7,waypoint_70,-15.0,-0.056760436104224765,-0.6888739146935746,1.0242258486310418,317.64736771583557,0.0
8,waypoint_70,-15.0,-0.056760436104224765,-0.6888739146935746,1.0242258486310418,470.7624614238739,0.0
9,waypoint_70,-15.0,-0.056760436104224765,-0.6888739146935746,1.0242258486310418,264.3287479877472,0.0
10,waypoint_70,-15.0,-0.056760436104224765,-0.6888739146935746,1.0242258486310418,350.4692316055298,0.0
11,waypoint_70,-15.0,-0.056760436104224765,-0.6888739146935746,1.0242258486310418,406.4582884311676,0.0
12,waypoint_70,-15.0,-0.056760436104224765,-0.6888739146935746,1.0242258486310418,345.46583890914917,0.0
13,waypoint_70,-15.0,-0.056760436104224765,-0.6888739146935746,1.0242258486310418,401.5735983848572,0.0
14,waypoint_70,-15.0,-0.056760436104224765,-0.6888739146935746,1.0242258486310418,696.7960000038147,0.0
0,waypoint_70,-30.0,-0.056760436104224765,-0.6888739146935746,1.0242258486310418,4.83647221699357,0.0
1,waypoint_70,-30.0,-0.056760436104224765,-0.6888739146935746,1.0242258486310418,4.992661532014608,0.0
2,waypoint_70,-30.0,-0.056760436104224765,-0.6888739146935746,1.0242258486310418,5.77719509601593,0.0
3,waypoint_70,-30.0,-0.056760436104224765,-0.6888739146935746,1.0242258486310418,7.630788255482912,0.0
4,waypoint_70,-30.0,-0.056760436104224765,-0.6888739146935746,1.0242258486310418,10.853912681341171,0.0
5,waypoint_70,-30.0,-0.056760436104224765,-0.6888739146935746,1.0242258486310418,14.721851795911789,0.0
6,waypoint_70,-30.0,-0.056760436104224765,-0.6888739146935746,1.0242258486310418,360.07142066955566,0.0
7,waypoint_70,-30.0,-0.056760436104224765,-0.6888739146935746,1.0242258486310418,318.97351145744324,0.0
8,waypoint_70,-30.0,-0.056760436104224765,-0.6888739146935746,1.0242258486310418,475.7532775402069,0.0
9,waypoint_70,-30.0,-0.056760436104224765,-0.6888739146935746,1.0242258486310418,265.50713181495667,0.0
10,waypoint_70,-30.0,-0.056760436104224765,-0.6888739146935746,1.0242258486310418,353.1695604324341,0.0
11,waypoint_70,-30.0,-0.056760436104224765,-0.6888739146935746,1.0242258486310418,410.77911853790283,0.0
12,waypoint_70,-30.0,-0.056760436104224765,-0.6888739146935746,1.0242258486310418,346.56375646591187,0.0
13,waypoint_70,-30.0,-0.056760436104224765,-0.6888739146935746,1.0242258486310418,404.4463038444519,0.0
14,waypoint_70,-30.0,-0.056760436104224765,-0.6888739146935746,1.0242258486310418,701.3686895370483,0.0
