Env_ID,Waypoint,Angle_X,Pos_X,Pos_Y,Pos_Z,Error_mm,Manipulability_Index
0,waypoint_01,-30.0,0.1632395638957761,-0.8322438621242686,1.0638120569246137,185.22338569164276,0.0
1,waypoint_01,-30.0,0.1632395638957761,-0.8322438621242686,1.0638120569246137,205.42243123054504,0.0
2,waypoint_01,-30.0,0.1632395638957761,-0.8322438621242686,1.0638120569246137,0.0015266238051481196,0.019885793328285217
3,waypoint_01,-30.0,0.1632395638957761,-0.8322438621242686,1.0638120569246137,0.004226469627610641,0.03167705237865448
4,waypoint_01,-30.0,0.1632395638957761,-0.8322438621242686,1.0638120569246137,0.005898451036046026,0.02757941745221615
5,waypoint_01,-30.0,0.1632395638957761,-0.8322438621242686,1.0638120569246137,0.013504365597327705,0.019618526101112366
6,waypoint_01,-30.0,0.1632395638957761,-0.8322438621242686,1.0638120569246137,0.01786996472219471,0.010546857491135597
7,waypoint_01,-30.0,0.1632395638957761,-0.8322438621242686,1.0638120569246137,86.18009835481644,0.0
8,waypoint_01,-30.0,0.1632395638957761,-0.8322438621242686,1.0638120569246137,0.012910563782497775,0.010073390789330006
9,waypoint_01,-30.0,0.1632395638957761,-0.8322438621242686,1.0638120569246137,0.022711481506121345,0.019640283659100533
10,waypoint_01,-30.0,0.1632395638957761,-0.8322438621242686,1.0638120569246137,0.008778895789873786,0.02325708605349064
11,waypoint_01,-30.0,0.1632395638957761,-0.8322438621242686,1.0638120569246137,76.86715573072433,0.0
12,waypoint_01,-30.0,0.1632395638957761,-0.8322438621242686,1.0638120569246137,257.44301080703735,0.0
13,waypoint_01,-30.0,0.1632395638957761,-0.8322438621242686,1.0638120569246137,430.72110414505005,0.0
14,waypoint_01,-30.0,0.1632395638957761,-0.8322438621242686,1.0638120569246137,523.8927602767944,0.0
0,waypoint_01,-15.0,0.1632395638957761,-0.8322438621242686,1.0638120569246137,280.67389130592346,0.0
1,waypoint_01,-15.0,0.1632395638957761,-0.8322438621242686,1.0638120569246137,213.76733481884003,0.0
2,waypoint_01,-15.0,0.1632395638957761,-0.8322438621242686,1.0638120569246137,178.57713997364044,0.0
3,waypoint_01,-15.0,0.1632395638957761,-0.8322438621242686,1.0638120569246137,0.005331201464287005,0.024902768433094025
4,waypoint_01,-15.0,0.1632395638957761,-0.8322438621242686,1.0638120569246137,0.003919883511116495,0.02480275370180607
5,waypoint_01,-15.0,0.1632395638957761,-0.8322438621242686,1.0638120569246137,0.005469355528475717,0.018188253045082092
6,waypoint_01,-15.0,0.1632395638957761,-0.8322438621242686,1.0638120569246137,0.003970788839069428,0.00946013443171978
7,waypoint_01,-15.0,0.1632395638957761,-0.8322438621242686,1.0638120569246137,0.2734221052378416,0.0010449794353917241
8,waypoint_01,-15.0,0.1632395638957761,-0.8322438621242686,1.0638120569246137,0.003786771685554413,0.009992537088692188
9,waypoint_01,-15.0,0.1632395638957761,-0.8322438621242686,1.0638120569246137,0.0033717478800099343,0.017285864800214767
10,waypoint_01,-15.0,0.1632395638957761,-0.8322438621242686,1.0638120569246137,0.005999970653647324,0.012054755352437496
11,waypoint_01,-15.0,0.1632395638957761,-0.8322438621242686,1.0638120569246137,269.9386477470398,0.0
12,waypoint_01,-15.0,0.1632395638957761,-0.8322438621242686,1.0638120569246137,346.4706838130951,0.0
13,waypoint_01,-15.0,0.1632395638957761,-0.8322438621242686,1.0638120569246137,419.0411567687988,0.0
14,waypoint_01,-15.0,0.1632395638957761,-0.8322438621242686,1.0638120569246137,513.2559537887573,0.0
0,waypoint_01,0.0,0.1632395638957761,-0.8322438621242686,1.0638120569246137,267.4185335636139,0.0
1,waypoint_01,0.0,0.1632395638957761,-0.8322438621242686,1.0638120569246137,254.0208399295807,0.0
2,waypoint_01,0.0,0.1632395638957761,-0.8322438621242686,1.0638120569246137,177.45648324489594,0.0
3,waypoint_01,0.0,0.1632395638957761,-0.8322438621242686,1.0638120569246137,0.002081900674966164,0.008761018514633179
4,waypoint_01,0.0,0.1632395638957761,-0.8322438621242686,1.0638120569246137,0.003574788252080907,0.0198550745844841
5,waypoint_01,0.0,0.1632395638957761,-0.8322438621242686,1.0638120569246137,0.0015497207641601562,0.015840042382478714
6,waypoint_01,0.0,0.1632395638957761,-0.8322438621242686,1.0638120569246137,0.0020320289877417963,0.008208433166146278
7,waypoint_01,0.0,0.1632395638957761,-0.8322438621242686,1.0638120569246137,0.14539890980813652,0.0005459240055643022
8,waypoint_01,0.0,0.1632395638957761,-0.8322438621242686,1.0638120569246137,0.0058571231420501135,0.008474940434098244
9,waypoint_01,0.0,0.1632395638957761,-0.8322438621242686,1.0638120569246137,0.00551978928342578,0.010683647356927395
10,waypoint_01,0.0,0.1632395638957761,-0.8322438621242686,1.0638120569246137,141.99715852737427,0.0
11,waypoint_01,0.0,0.1632395638957761,-0.8322438621242686,1.0638120569246137,274.16348457336426,0.0
12,waypoint_01,0.0,0.1632395638957761,-0.8322438621242686,1.0638120569246137,340.4175639152527,0.0
13,waypoint_01,0.0,0.1632395638957761,-0.8322438621242686,1.0638120569246137,406.1528742313385,0.0
14,waypoint_01,0.0,0.1632395638957761,-0.8322438621242686,1.0638120569246137,496.82503938674927,0.0
0,waypoint_01,15.0,0.1632395638957761,-0.8322438621242686,1.0638120569246137,313.41099739074707,0.0
1,waypoint_01,15.0,0.1632395638957761,-0.8322438621242686,1.0638120569246137,250.26363134384155,0.0
2,waypoint_01,15.0,0.1632395638957761,-0.8322438621242686,1.0638120569246137,218.76965463161469,0.0
3,waypoint_01,15.0,0.1632395638957761,-0.8322438621242686,1.0638120569246137,88.36282044649124,0.0
4,waypoint_01,15.0,0.1632395638957761,-0.8322438621242686,1.0638120569246137,0.0047732119128340855,0.01004713959991932
5,waypoint_01,15.0,0.1632395638957761,-0.8322438621242686,1.0638120569246137,0.00442200598627096,0.012253351509571075
6,waypoint_01,15.0,0.1632395638957761,-0.8322438621242686,1.0638120569246137,0.004739810719911475,0.00698727136477828
7,waypoint_01,15.0,0.1632395638957761,-0.8322438621242686,1.0638120569246137,32.74752199649811,0.0
8,waypoint_01,15.0,0.1632395638957761,-0.8322438621242686,1.0638120569246137,0.003454531452007359,0.002846743678674102
9,waypoint_01,15.0,0.1632395638957761,-0.8322438621242686,1.0638120569246137,70.35361975431442,0.0
10,waypoint_01,15.0,0.1632395638957761,-0.8322438621242686,1.0638120569246137,258.93497467041016,0.0
11,waypoint_01,15.0,0.1632395638957761,-0.8322438621242686,1.0638120569246137,319.8712170124054,0.0
12,waypoint_01,15.0,0.1632395638957761,-0.8322438621242686,1.0638120569246137,332.07470178604126,0.0
13,waypoint_01,15.0,0.1632395638957761,-0.8322438621242686,1.0638120569246137,392.0365869998932,0.0
14,waypoint_01,15.0,0.1632395638957761,-0.8322438621242686,1.0638120569246137,480.08501529693604,0.0
0,waypoint_01,30.0,0.1632395638957761,-0.8322438621242686,1.0638120569246137,271.07203006744385,0.0
1,waypoint_01,30.0,0.1632395638957761,-0.8322438621242686,1.0638120569246137,245.54407596588135,0.0
2,waypoint_01,30.0,0.1632395638957761,-0.8322438621242686,1.0638120569246137,245.6282377243042,0.0
3,waypoint_01,30.0,0.1632395638957761,-0.8322438621242686,1.0638120569246137,111.43844574689865,0.0
4,waypoint_01,30.0,0.1632395638957761,-0.8322438621242686,1.0638120569246137,75.08085668087006,0.0
5,waypoint_01,30.0,0.1632395638957761,-0.8322438621242686,1.0638120569246137,0.0032362631827709265,0.0055579231120646
6,waypoint_01,30.0,0.1632395638957761,-0.8322438621242686,1.0638120569246137,0.004434867150848731,0.005735395476222038
7,waypoint_01,30.0,0.1632395638957761,-0.8322438621242686,1.0638120569246137,13.220944441854954,0.0
8,waypoint_01,30.0,0.1632395638957761,-0.8322438621242686,1.0638120569246137,88.6431559920311,0.0
9,waypoint_01,30.0,0.1632395638957761,-0.8322438621242686,1.0638120569246137,187.87463009357452,0.0
10,waypoint_01,30.0,0.1632395638957761,-0.8322438621242686,1.0638120569246137,257.5153410434723,0.0
11,waypoint_01,30.0,0.1632395638957761,-0.8322438621242686,1.0638120569246137,309.56730246543884,0.0
12,waypoint_01,30.0,0.1632395638957761,-0.8322438621242686,1.0638120569246137,315.6144320964813,0.0
13,waypoint_01,30.0,0.1632395638957761,-0.8322438621242686,1.0638120569246137,375.36922097206116,0.0
14,waypoint_01,30.0,0.1632395638957761,-0.8322438621242686,1.0638120569246137,458.05102586746216,0.0
0,waypoint_02,30.0,0.18323956389577567,-0.8322438621242686,1.0638120569246137,372.9185461997986,0.0
1,waypoint_02,30.0,0.18323956389577567,-0.8322438621242686,1.0638120569246137,307.4941039085388,0.0
2,waypoint_02,30.0,0.18323956389577567,-0.8322438621242686,1.0638120569246137,249.79262053966522,0.0
3,waypoint_02,30.0,0.18323956389577567,-0.8322438621242686,1.0638120569246137,146.67989313602448,0.0
4,waypoint_02,30.0,0.18323956389577567,-0.8322438621242686,1.0638120569246137,82.01607316732407,0.0
5,waypoint_02,30.0,0.18323956389577567,-0.8322438621242686,1.0638120569246137,0.009761341061675921,0.0030698166228830814
6,waypoint_02,30.0,0.18323956389577567,-0.8322438621242686,1.0638120569246137,0.011139542039018124,0.006279924418777227
7,waypoint_02,30.0,0.18323956389577567,-0.8322438621242686,1.0638120569246137,124.42240118980408,0.0
8,waypoint_02,30.0,0.18323956389577567,-0.8322438621242686,1.0638120569246137,76.27455145120621,0.0
9,waypoint_02,30.0,0.18323956389577567,-0.8322438621242686,1.0638120569246137,167.37429797649384,0.0
10,waypoint_02,30.0,0.18323956389577567,-0.8322438621242686,1.0638120569246137,235.35309731960297,0.0
11,waypoint_02,30.0,0.18323956389577567,-0.8322438621242686,1.0638120569246137,303.7826418876648,0.0
12,waypoint_02,30.0,0.18323956389577567,-0.8322438621242686,1.0638120569246137,310.5526566505432,0.0
13,waypoint_02,30.0,0.18323956389577567,-0.8322438621242686,1.0638120569246137,361.4460825920105,0.0
14,waypoint_02,30.0,0.18323956389577567,-0.8322438621242686,1.0638120569246137,433.3365857601166,0.0
0,waypoint_02,15.0,0.18323956389577567,-0.8322438621242686,1.0638120569246137,369.081050157547,0.0
1,waypoint_02,15.0,0.18323956389577567,-0.8322438621242686,1.0638120569246137,289.86915946006775,0.0
2,waypoint_02,15.0,0.18323956389577567,-0.8322438621242686,1.0638120569246137,223.01757335662842,0.0
3,waypoint_02,15.0,0.18323956389577567,-0.8322438621242686,1.0638120569246137,161.910742521286,0.0
4,waypoint_02,15.0,0.18323956389577567,-0.8322438621242686,1.0638120569246137,0.03871627995977178,0.005945928394794464
5,waypoint_02,15.0,0.18323956389577567,-0.8322438621242686,1.0638120569246137,0.02228448647656478,0.012774218805134296
6,waypoint_02,15.0,0.18323956389577567,-0.8322438621242686,1.0638120569246137,0.004618590992322424,0.008264183066785336
7,waypoint_02,15.0,0.18323956389577567,-0.8322438621242686,1.0638120569246137,173.21795225143433,0.0
8,waypoint_02,15.0,0.18323956389577567,-0.8322438621242686,1.0638120569246137,0.033845943107735366,0.0029589536134153605
9,waypoint_02,15.0,0.18323956389577567,-0.8322438621242686,1.0638120569246137,28.803283348679543,0.0
10,waypoint_02,15.0,0.18323956389577567,-0.8322438621242686,1.0638120569246137,225.14067590236664,0.0
11,waypoint_02,15.0,0.18323956389577567,-0.8322438621242686,1.0638120569246137,312.5990927219391,0.0
12,waypoint_02,15.0,0.18323956389577567,-0.8322438621242686,1.0638120569246137,318.89647245407104,0.0
13,waypoint_02,15.0,0.18323956389577567,-0.8322438621242686,1.0638120569246137,371.9778060913086,0.0
14,waypoint_02,15.0,0.18323956389577567,-0.8322438621242686,1.0638120569246137,443.42270493507385,0.0
0,waypoint_02,0.0,0.18323956389577567,-0.8322438621242686,1.0638120569246137,245.21325528621674,0.0
1,waypoint_02,0.0,0.18323956389577567,-0.8322438621242686,1.0638120569246137,223.54814410209656,0.0
2,waypoint_02,0.0,0.18323956389577567,-0.8322438621242686,1.0638120569246137,198.7302601337433,0.0
3,waypoint_02,0.0,0.18323956389577567,-0.8322438621242686,1.0638120569246137,3.9946106262505054,0.0
4,waypoint_02,0.0,0.18323956389577567,-0.8322438621242686,1.0638120569246137,1.042207470163703,0.009531858377158642
5,waypoint_02,0.0,0.18323956389577567,-0.8322438621242686,1.0638120569246137,0.005228927875577938,0.017059264704585075
6,waypoint_02,0.0,0.18323956389577567,-0.8322438621242686,1.0638120569246137,0.0015503653685300378,0.009877117350697517
7,waypoint_02,0.0,0.18323956389577567,-0.8322438621242686,1.0638120569246137,252.57468223571777,0.0
8,waypoint_02,0.0,0.18323956389577567,-0.8322438621242686,1.0638120569246137,0.01138987863669172,0.007092978339642286
9,waypoint_02,0.0,0.18323956389577567,-0.8322438621242686,1.0638120569246137,0.009778795174497645,0.011303351260721684
10,waypoint_02,0.0,0.18323956389577567,-0.8322438621242686,1.0638120569246137,58.274585753679276,0.0
11,waypoint_02,0.0,0.18323956389577567,-0.8322438621242686,1.0638120569246137,319.469690322876,0.0
12,waypoint_02,0.0,0.18323956389577567,-0.8322438621242686,1.0638120569246137,323.8537013530731,0.0
13,waypoint_02,0.0,0.18323956389577567,-0.8322438621242686,1.0638120569246137,381.33782148361206,0.0
14,waypoint_02,0.0,0.18323956389577567,-0.8322438621242686,1.0638120569246137,454.50472831726074,0.0
0,waypoint_02,-15.0,0.18323956389577567,-0.8322438621242686,1.0638120569246137,256.03973865509033,0.0
1,waypoint_02,-15.0,0.18323956389577567,-0.8322438621242686,1.0638120569246137,231.0432493686676,0.0
2,waypoint_02,-15.0,0.18323956389577567,-0.8322438621242686,1.0638120569246137,178.99619042873383,0.0
3,waypoint_02,-15.0,0.18323956389577567,-0.8322438621242686,1.0638120569246137,0.01499622521805577,0.02296854369342327
4,waypoint_02,-15.0,0.18323956389577567,-0.8322438621242686,1.0638120569246137,4.806302487850189,0.0
5,waypoint_02,-15.0,0.18323956389577567,-0.8322438621242686,1.0638120569246137,0.0031831336855248082,0.019749337807297707
6,waypoint_02,-15.0,0.18323956389577567,-0.8322438621242686,1.0638120569246137,0.005306152615958126,0.011296933516860008
7,waypoint_02,-15.0,0.18323956389577567,-0.8322438621242686,1.0638120569246137,258.21349024772644,0.0
8,waypoint_02,-15.0,0.18323956389577567,-0.8322438621242686,1.0638120569246137,0.007175880000431789,0.008131843991577625
9,waypoint_02,-15.0,0.18323956389577567,-0.8322438621242686,1.0638120569246137,0.01576449903950561,0.016263969242572784
10,waypoint_02,-15.0,0.18323956389577567,-0.8322438621242686,1.0638120569246137,278.88110280036926,0.0
11,waypoint_02,-15.0,0.18323956389577567,-0.8322438621242686,1.0638120569246137,322.4882483482361,0.0
12,waypoint_02,-15.0,0.18323956389577567,-0.8322438621242686,1.0638120569246137,324.6421217918396,0.0
13,waypoint_02,-15.0,0.18323956389577567,-0.8322438621242686,1.0638120569246137,393.04524660110474,0.0
14,waypoint_02,-15.0,0.18323956389577567,-0.8322438621242686,1.0638120569246137,473.76614809036255,0.0
0,waypoint_02,-30.0,0.18323956389577567,-0.8322438621242686,1.0638120569246137,180.67364394664764,0.0
1,waypoint_02,-30.0,0.18323956389577567,-0.8322438621242686,1.0638120569246137,135.1301223039627,0.0
2,waypoint_02,-30.0,0.18323956389577567,-0.8322438621242686,1.0638120569246137,0.05197101199883036,0.006926838308572769
3,waypoint_02,-30.0,0.18323956389577567,-0.8322438621242686,1.0638120569246137,0.003277713631177903,0.03140309825539589
4,waypoint_02,-30.0,0.18323956389577567,-0.8322438621242686,1.0638120569246137,29.800156131386757,0.0
5,waypoint_02,-30.0,0.18323956389577567,-0.8322438621242686,1.0638120569246137,0.0045299530029296875,0.021341441199183464
6,waypoint_02,-30.0,0.18323956389577567,-0.8322438621242686,1.0638120569246137,0.005557813437917503,0.012408505193889141
7,waypoint_02,-30.0,0.18323956389577567,-0.8322438621242686,1.0638120569246137,248.8010972738266,0.0
8,waypoint_02,-30.0,0.18323956389577567,-0.8322438621242686,1.0638120569246137,0.002083819708786905,0.008009039796888828
9,waypoint_02,-30.0,0.18323956389577567,-0.8322438621242686,1.0638120569246137,0.006036276317900047,0.017942344769835472
10,waypoint_02,-30.0,0.18323956389577567,-0.8322438621242686,1.0638120569246137,280.50708770751953,0.0
11,waypoint_02,-30.0,0.18323956389577567,-0.8322438621242686,1.0638120569246137,324.4035243988037,0.0
12,waypoint_02,-30.0,0.18323956389577567,-0.8322438621242686,1.0638120569246137,321.69002294540405,0.0
13,waypoint_02,-30.0,0.18323956389577567,-0.8322438621242686,1.0638120569246137,402.26560831069946,0.0
14,waypoint_02,-30.0,0.18323956389577567,-0.8322438621242686,1.0638120569246137,487.11198568344116,0.0
0,waypoint_03,-30.0,0.20323956389577547,-0.8322438621242686,1.0638120569246137,219.25926208496094,0.0
1,waypoint_03,-30.0,0.20323956389577547,-0.8322438621242686,1.0638120569246137,165.10839760303497,0.0
2,waypoint_03,-30.0,0.20323956389577547,-0.8322438621242686,1.0638120569246137,17.102330923080444,0.0
3,waypoint_03,-30.0,0.20323956389577547,-0.8322438621242686,1.0638120569246137,0.008029610398807563,0.03047199919819832
4,waypoint_03,-30.0,0.20323956389577547,-0.8322438621242686,1.0638120569246137,21.21027559041977,0.0
5,waypoint_03,-30.0,0.20323956389577547,-0.8322438621242686,1.0638120569246137,0.009890779438137542,0.023015812039375305
6,waypoint_03,-30.0,0.20323956389577547,-0.8322438621242686,1.0638120569246137,0.009027214218804147,0.014250468462705612
7,waypoint_03,-30.0,0.20323956389577547,-0.8322438621242686,1.0638120569246137,256.98041915893555,0.0
8,waypoint_03,-30.0,0.20323956389577547,-0.8322438621242686,1.0638120569246137,0.01050467380991904,0.005966955330222845
9,waypoint_03,-30.0,0.20323956389577547,-0.8322438621242686,1.0638120569246137,0.011319862096570432,0.016095556318759918
10,waypoint_03,-30.0,0.20323956389577547,-0.8322438621242686,1.0638120569246137,280.72357177734375,0.0
11,waypoint_03,-30.0,0.20323956389577547,-0.8322438621242686,1.0638120569246137,319.46924328804016,0.0
12,waypoint_03,-30.0,0.20323956389577547,-0.8322438621242686,1.0638120569246137,317.1052932739258,0.0
13,waypoint_03,-30.0,0.20323956389577547,-0.8322438621242686,1.0638120569246137,389.3624544143677,0.0
14,waypoint_03,-30.0,0.20323956389577547,-0.8322438621242686,1.0638120569246137,472.0267355442047,0.0
0,waypoint_03,-15.0,0.20323956389577547,-0.8322438621242686,1.0638120569246137,265.04313945770264,0.0
1,waypoint_03,-15.0,0.20323956389577547,-0.8322438621242686,1.0638120569246137,284.1276228427887,0.0
2,waypoint_03,-15.0,0.20323956389577547,-0.8322438621242686,1.0638120569246137,252.17759609222412,0.0
3,waypoint_03,-15.0,0.20323956389577547,-0.8322438621242686,1.0638120569246137,0.003851770088658668,0.019553307443857193
4,waypoint_03,-15.0,0.20323956389577547,-0.8322438621242686,1.0638120569246137,1.9481038907542825,0.0
5,waypoint_03,-15.0,0.20323956389577547,-0.8322438621242686,1.0638120569246137,0.00442200598627096,0.021216539666056633
6,waypoint_03,-15.0,0.20323956389577547,-0.8322438621242686,1.0638120569246137,0.003610419526012265,0.013095465488731861
7,waypoint_03,-15.0,0.20323956389577547,-0.8322438621242686,1.0638120569246137,282.2648286819458,0.0
8,waypoint_03,-15.0,0.20323956389577547,-0.8322438621242686,1.0638120569246137,0.003939800535590621,0.006223185453563929
9,waypoint_03,-15.0,0.20323956389577547,-0.8322438621242686,1.0638120569246137,0.0036000415093440097,0.014960287138819695
10,waypoint_03,-15.0,0.20323956389577547,-0.8322438621242686,1.0638120569246137,277.45890617370605,0.0
11,waypoint_03,-15.0,0.20323956389577547,-0.8322438621242686,1.0638120569246137,317.0805871486664,0.0
12,waypoint_03,-15.0,0.20323956389577547,-0.8322438621242686,1.0638120569246137,317.2406256198883,0.0
13,waypoint_03,-15.0,0.20323956389577547,-0.8322438621242686,1.0638120569246137,379.5873820781708,0.0
14,waypoint_03,-15.0,0.20323956389577547,-0.8322438621242686,1.0638120569246137,455.769419670105,0.0
0,waypoint_03,0.0,0.20323956389577547,-0.8322438621242686,1.0638120569246137,302.57368087768555,0.0
1,waypoint_03,0.0,0.20323956389577547,-0.8322438621242686,1.0638120569246137,274.93607997894287,0.0
2,waypoint_03,0.0,0.20323956389577547,-0.8322438621242686,1.0638120569246137,238.81641030311584,0.0
3,waypoint_03,0.0,0.20323956389577547,-0.8322438621242686,1.0638120569246137,128.50207090377808,0.0
4,waypoint_03,0.0,0.20323956389577547,-0.8322438621242686,1.0638120569246137,31.65508061647415,0.0
5,waypoint_03,0.0,0.20323956389577547,-0.8322438621242686,1.0638120569246137,0.0028210067739564693,0.018116679042577744
6,waypoint_03,0.0,0.20323956389577547,-0.8322438621242686,1.0638120569246137,0.0030392525331990328,0.011489982716739178
7,waypoint_03,0.0,0.20323956389577547,-0.8322438621242686,1.0638120569246137,234.30436849594116,0.0
8,waypoint_03,0.0,0.20323956389577547,-0.8322438621242686,1.0638120569246137,0.003255963292758679,0.005574249196797609
9,waypoint_03,0.0,0.20323956389577547,-0.8322438621242686,1.0638120569246137,0.006992821454332443,0.011200111359357834
10,waypoint_03,0.0,0.20323956389577547,-0.8322438621242686,1.0638120569246137,4.402933642268181,0.0
11,waypoint_03,0.0,0.20323956389577547,-0.8322438621242686,1.0638120569246137,311.1482560634613,0.0
12,waypoint_03,0.0,0.20323956389577547,-0.8322438621242686,1.0638120569246137,309.9411725997925,0.0
13,waypoint_03,0.0,0.20323956389577547,-0.8322438621242686,1.0638120569246137,360.20830273628235,0.0
14,waypoint_03,0.0,0.20323956389577547,-0.8322438621242686,1.0638120569246137,430.01776933670044,0.0
0,waypoint_03,15.0,0.20323956389577547,-0.8322438621242686,1.0638120569246137,288.0263030529022,0.0
1,waypoint_03,15.0,0.20323956389577547,-0.8322438621242686,1.0638120569246137,325.34584403038025,0.0
2,waypoint_03,15.0,0.20323956389577547,-0.8322438621242686,1.0638120569246137,242.73672699928284,0.0
3,waypoint_03,15.0,0.20323956389577547,-0.8322438621242686,1.0638120569246137,140.0538831949234,0.0
4,waypoint_03,15.0,0.20323956389577547,-0.8322438621242686,1.0638120569246137,13.368232175707817,0.0
5,waypoint_03,15.0,0.20323956389577547,-0.8322438621242686,1.0638120569246137,0.0026575919491733657,0.012971770018339157
6,waypoint_03,15.0,0.20323956389577547,-0.8322438621242686,1.0638120569246137,0.0015907295392025844,0.00946106668561697
7,waypoint_03,15.0,0.20323956389577547,-0.8322438621242686,1.0638120569246137,170.66751420497894,0.0
8,waypoint_03,15.0,0.20323956389577547,-0.8322438621242686,1.0638120569246137,0.006658285201410763,0.0024741296656429768
9,waypoint_03,15.0,0.20323956389577547,-0.8322438621242686,1.0638120569246137,4.175108391791582,0.0
10,waypoint_03,15.0,0.20323956389577547,-0.8322438621242686,1.0638120569246137,189.5761936903,0.0
11,waypoint_03,15.0,0.20323956389577547,-0.8322438621242686,1.0638120569246137,303.7022650241852,0.0
12,waypoint_03,15.0,0.20323956389577547,-0.8322438621242686,1.0638120569246137,303.1021058559418,0.0
13,waypoint_03,15.0,0.20323956389577547,-0.8322438621242686,1.0638120569246137,344.54330801963806,0.0
14,waypoint_03,15.0,0.20323956389577547,-0.8322438621242686,1.0638120569246137,412.937194108963,0.0
0,waypoint_03,30.0,0.20323956389577547,-0.8322438621242686,1.0638120569246137,313.45081329345703,0.0
1,waypoint_03,30.0,0.20323956389577547,-0.8322438621242686,1.0638120569246137,296.19207978248596,0.0
2,waypoint_03,30.0,0.20323956389577547,-0.8322438621242686,1.0638120569246137,274.719774723053,0.0
3,waypoint_03,30.0,0.20323956389577547,-0.8322438621242686,1.0638120569246137,140.75157046318054,0.0
4,waypoint_03,30.0,0.20323956389577547,-0.8322438621242686,1.0638120569246137,95.72628140449524,0.0
5,waypoint_03,30.0,0.20323956389577547,-0.8322438621242686,1.0638120569246137,0.885097193531692,3.0848693199914123e-07
6,waypoint_03,30.0,0.20323956389577547,-0.8322438621242686,1.0638120569246137,0.004651859853765927,0.006647721864283085
7,waypoint_03,30.0,0.20323956389577547,-0.8322438621242686,1.0638120569246137,89.36449140310287,0.0
8,waypoint_03,30.0,0.20323956389577547,-0.8322438621242686,1.0638120569246137,64.90493565797806,0.0
9,waypoint_03,30.0,0.20323956389577547,-0.8322438621242686,1.0638120569246137,146.53663337230682,0.0
10,waypoint_03,30.0,0.20323956389577547,-0.8322438621242686,1.0638120569246137,257.4959695339203,0.0
11,waypoint_03,30.0,0.20323956389577547,-0.8322438621242686,1.0638120569246137,289.69326615333557,0.0
12,waypoint_03,30.0,0.20323956389577547,-0.8322438621242686,1.0638120569246137,288.55612874031067,0.0
13,waypoint_03,30.0,0.20323956389577547,-0.8322438621242686,1.0638120569246137,321.379154920578,0.0
14,waypoint_03,30.0,0.20323956389577547,-0.8322438621242686,1.0638120569246137,378.8386285305023,0.0
0,waypoint_04,30.0,0.22323956389577598,-0.8322438621242686,1.0638120569246137,294.4667339324951,0.0
1,waypoint_04,30.0,0.22323956389577598,-0.8322438621242686,1.0638120569246137,302.78879404067993,0.0
2,waypoint_04,30.0,0.22323956389577598,-0.8322438621242686,1.0638120569246137,272.23455905914307,0.0
3,waypoint_04,30.0,0.22323956389577598,-0.8322438621242686,1.0638120569246137,223.05788099765778,0.0
4,waypoint_04,30.0,0.22323956389577598,-0.8322438621242686,1.0638120569246137,110.61575263738632,0.0
5,waypoint_04,30.0,0.22323956389577598,-0.8322438621242686,1.0638120569246137,6.948111578822136,0.0
6,waypoint_04,30.0,0.22323956389577598,-0.8322438621242686,1.0638120569246137,0.009542433872411493,0.006759290583431721
7,waypoint_04,30.0,0.22323956389577598,-0.8322438621242686,1.0638120569246137,61.21089309453964,0.0
8,waypoint_04,30.0,0.22323956389577598,-0.8322438621242686,1.0638120569246137,49.951959401369095,0.0
9,waypoint_04,30.0,0.22323956389577598,-0.8322438621242686,1.0638120569246137,125.95587968826294,0.0
10,waypoint_04,30.0,0.22323956389577598,-0.8322438621242686,1.0638120569246137,243.4646338224411,0.0
11,waypoint_04,30.0,0.22323956389577598,-0.8322438621242686,1.0638120569246137,288.36578130722046,0.0
12,waypoint_04,30.0,0.22323956389577598,-0.8322438621242686,1.0638120569246137,288.2610261440277,0.0
13,waypoint_04,30.0,0.22323956389577598,-0.8322438621242686,1.0638120569246137,309.34110283851624,0.0
14,waypoint_04,30.0,0.22323956389577598,-0.8322438621242686,1.0638120569246137,365.2110695838928,0.0
0,waypoint_04,15.0,0.22323956389577598,-0.8322438621242686,1.0638120569246137,359.49137806892395,0.0
1,waypoint_04,15.0,0.22323956389577598,-0.8322438621242686,1.0638120569246137,252.0238161087036,0.0
2,waypoint_04,15.0,0.22323956389577598,-0.8322438621242686,1.0638120569246137,276.62378549575806,0.0
3,waypoint_04,15.0,0.22323956389577598,-0.8322438621242686,1.0638120569246137,193.1382417678833,0.0
4,waypoint_04,15.0,0.22323956389577598,-0.8322438621242686,1.0638120569246137,78.4125030040741,0.0
5,waypoint_04,15.0,0.22323956389577598,-0.8322438621242686,1.0638120569246137,0.09816890087677166,0.0075206151232123375
6,waypoint_04,15.0,0.22323956389577598,-0.8322438621242686,1.0638120569246137,0.0031529955322184833,0.010549438185989857
7,waypoint_04,15.0,0.22323956389577598,-0.8322438621242686,1.0638120569246137,192.9694414138794,0.0
8,waypoint_04,15.0,0.22323956389577598,-0.8322438621242686,1.0638120569246137,0.017928319721249864,0.0016069026896730065
9,waypoint_04,15.0,0.22323956389577598,-0.8322438621242686,1.0638120569246137,0.4084074171259999,1.0137677008970059e-06
10,waypoint_04,15.0,0.22323956389577598,-0.8322438621242686,1.0638120569246137,153.25647592544556,0.0
11,waypoint_04,15.0,0.22323956389577598,-0.8322438621242686,1.0638120569246137,299.3395924568176,0.0
12,waypoint_04,15.0,0.22323956389577598,-0.8322438621242686,1.0638120569246137,298.08786511421204,0.0
13,waypoint_04,15.0,0.22323956389577598,-0.8322438621242686,1.0638120569246137,327.1549344062805,0.0
14,waypoint_04,15.0,0.22323956389577598,-0.8322438621242686,1.0638120569246137,393.7315344810486,0.0
0,waypoint_04,0.0,0.22323956389577598,-0.8322438621242686,1.0638120569246137,290.2102768421173,0.0
1,waypoint_04,0.0,0.22323956389577598,-0.8322438621242686,1.0638120569246137,285.80236434936523,0.0
2,waypoint_04,0.0,0.22323956389577598,-0.8322438621242686,1.0638120569246137,237.75798082351685,0.0
3,waypoint_04,0.0,0.22323956389577598,-0.8322438621242686,1.0638120569246137,182.53745138645172,0.0
4,waypoint_04,0.0,0.22323956389577598,-0.8322438621242686,1.0638120569246137,0.37309457547962666,0.010396753437817097
5,waypoint_04,0.0,0.22323956389577598,-0.8322438621242686,1.0638120569246137,52.7181550860405,0.0
6,waypoint_04,0.0,0.22323956389577598,-0.8322438621242686,1.0638120569246137,0.0030276871711976128,0.013032815419137478
7,waypoint_04,0.0,0.22323956389577598,-0.8322438621242686,1.0638120569246137,230.56869208812714,0.0
8,waypoint_04,0.0,0.22323956389577598,-0.8322438621242686,1.0638120569246137,0.010851687875401694,0.003954655956476927
9,waypoint_04,0.0,0.22323956389577598,-0.8322438621242686,1.0638120569246137,0.00821160756458994,0.01060880720615387
10,waypoint_04,0.0,0.22323956389577598,-0.8322438621242686,1.0638120569246137,0.011127565812785178,0.0032901749946177006
11,waypoint_04,0.0,0.22323956389577598,-0.8322438621242686,1.0638120569246137,304.54570055007935,0.0
12,waypoint_04,0.0,0.22323956389577598,-0.8322438621242686,1.0638120569246137,303.4069240093231,0.0
13,waypoint_04,0.0,0.22323956389577598,-0.8322438621242686,1.0638120569246137,337.7059996128082,0.0
14,waypoint_04,0.0,0.22323956389577598,-0.8322438621242686,1.0638120569246137,409.28158164024353,0.0
0,waypoint_04,-15.0,0.22323956389577598,-0.8322438621242686,1.0638120569246137,273.90891313552856,0.0
1,waypoint_04,-15.0,0.22323956389577598,-0.8322438621242686,1.0638120569246137,265.4770612716675,0.0
2,waypoint_04,-15.0,0.22323956389577598,-0.8322438621242686,1.0638120569246137,251.7460286617279,0.0
3,waypoint_04,-15.0,0.22323956389577598,-0.8322438621242686,1.0638120569246137,0.10287706390954554,0.0127710634842515
4,waypoint_04,-15.0,0.22323956389577598,-0.8322438621242686,1.0638120569246137,26.062849909067154,0.0
5,waypoint_04,-15.0,0.22323956389577598,-0.8322438621242686,1.0638120569246137,32.85500407218933,0.0
6,waypoint_04,-15.0,0.22323956389577598,-0.8322438621242686,1.0638120569246137,0.003616288040575455,0.014849463477730751
7,waypoint_04,-15.0,0.22323956389577598,-0.8322438621242686,1.0638120569246137,257.4397325515747,0.0
8,waypoint_04,-15.0,0.22323956389577598,-0.8322438621242686,1.0638120569246137,0.003407416897971416,0.004297188948839903
9,waypoint_04,-15.0,0.22323956389577598,-0.8322438621242686,1.0638120569246137,0.004649162292480469,0.013445759192109108
10,waypoint_04,-15.0,0.22323956389577598,-0.8322438621242686,1.0638120569246137,289.55134749412537,0.0
11,waypoint_04,-15.0,0.22323956389577598,-0.8322438621242686,1.0638120569246137,310.55718660354614,0.0
12,waypoint_04,-15.0,0.22323956389577598,-0.8322438621242686,1.0638120569246137,297.2695529460907,0.0
13,waypoint_04,-15.0,0.22323956389577598,-0.8322438621242686,1.0638120569246137,351.0644733905792,0.0
14,waypoint_04,-15.0,0.22323956389577598,-0.8322438621242686,1.0638120569246137,431.7950904369354,0.0
0,waypoint_04,-30.0,0.22323956389577598,-0.8322438621242686,1.0638120569246137,229.1267365217209,0.0
1,waypoint_04,-30.0,0.22323956389577598,-0.8322438621242686,1.0638120569246137,172.02353477478027,0.0
2,waypoint_04,-30.0,0.22323956389577598,-0.8322438621242686,1.0638120569246137,220.72501480579376,0.0
3,waypoint_04,-30.0,0.22323956389577598,-0.8322438621242686,1.0638120569246137,58.072928339242935,0.0
4,waypoint_04,-30.0,0.22323956389577598,-0.8322438621242686,1.0638120569246137,44.606249779462814,0.0
5,waypoint_04,-30.0,0.22323956389577598,-0.8322438621242686,1.0638120569246137,21.83655835688114,0.0
6,waypoint_04,-30.0,0.22323956389577598,-0.8322438621242686,1.0638120569246137,0.004259960405761376,0.016067443415522575
7,waypoint_04,-30.0,0.22323956389577598,-0.8322438621242686,1.0638120569246137,262.9678249359131,0.0
8,waypoint_04,-30.0,0.22323956389577598,-0.8322438621242686,1.0638120569246137,0.004631169758795295,0.00400453619658947
9,waypoint_04,-30.0,0.22323956389577598,-0.8322438621242686,1.0638120569246137,0.0064373016357421875,0.01414628978818655
10,waypoint_04,-30.0,0.22323956389577598,-0.8322438621242686,1.0638120569246137,296.3164746761322,0.0
11,waypoint_04,-30.0,0.22323956389577598,-0.8322438621242686,1.0638120569246137,307.9397678375244,0.0
12,waypoint_04,-30.0,0.22323956389577598,-0.8322438621242686,1.0638120569246137,298.9634573459625,0.0
13,waypoint_04,-30.0,0.22323956389577598,-0.8322438621242686,1.0638120569246137,360.34682393074036,0.0
14,waypoint_04,-30.0,0.22323956389577598,-0.8322438621242686,1.0638120569246137,444.83745098114014,0.0
0,waypoint_05,-30.0,0.24323956389577556,-0.8322438621242686,1.0638120569246137,238.21255564689636,0.0
1,waypoint_05,-30.0,0.24323956389577556,-0.8322438621242686,1.0638120569246137,200.97944140434265,0.0
2,waypoint_05,-30.0,0.24323956389577556,-0.8322438621242686,1.0638120569246137,225.1282036304474,0.0
3,waypoint_05,-30.0,0.24323956389577556,-0.8322438621242686,1.0638120569246137,40.896959602832794,0.0
4,waypoint_05,-30.0,0.24323956389577556,-0.8322438621242686,1.0638120569246137,40.28480499982834,0.0
5,waypoint_05,-30.0,0.24323956389577556,-0.8322438621242686,1.0638120569246137,4.944983404129744,0.0
6,waypoint_05,-30.0,0.24323956389577556,-0.8322438621242686,1.0638120569246137,0.010271397513861302,0.017859673127532005
7,waypoint_05,-30.0,0.24323956389577556,-0.8322438621242686,1.0638120569246137,266.236811876297,0.0
8,waypoint_05,-30.0,0.24323956389577556,-0.8322438621242686,1.0638120569246137,0.009792636774363928,0.002307075774297118
9,waypoint_05,-30.0,0.24323956389577556,-0.8322438621242686,1.0638120569246137,0.00938049106480321,0.012127249501645565
10,waypoint_05,-30.0,0.24323956389577556,-0.8322438621242686,1.0638120569246137,297.0081567764282,0.0
11,waypoint_05,-30.0,0.24323956389577556,-0.8322438621242686,1.0638120569246137,305.4068982601166,0.0
12,waypoint_05,-30.0,0.24323956389577556,-0.8322438621242686,1.0638120569246137,298.10047149658203,0.0
13,waypoint_05,-30.0,0.24323956389577556,-0.8322438621242686,1.0638120569246137,349.10207986831665,0.0
14,waypoint_05,-30.0,0.24323956389577556,-0.8322438621242686,1.0638120569246137,431.6100776195526,0.0
0,waypoint_05,-15.0,0.24323956389577556,-0.8322438621242686,1.0638120569246137,243.51447820663452,0.0
1,waypoint_05,-15.0,0.24323956389577556,-0.8322438621242686,1.0638120569246137,253.99765372276306,0.0
2,waypoint_05,-15.0,0.24323956389577556,-0.8322438621242686,1.0638120569246137,239.23932015895844,0.0
3,waypoint_05,-15.0,0.24323956389577556,-0.8322438621242686,1.0638120569246137,25.689439848065376,0.0
4,waypoint_05,-15.0,0.24323956389577556,-0.8322438621242686,1.0638120569246137,28.640029951930046,0.0
5,waypoint_05,-15.0,0.24323956389577556,-0.8322438621242686,1.0638120569246137,33.980026841163635,0.0
6,waypoint_05,-15.0,0.24323956389577556,-0.8322438621242686,1.0638120569246137,0.004318355422583409,0.01655029132962227
7,waypoint_05,-15.0,0.24323956389577556,-0.8322438621242686,1.0638120569246137,248.6068308353424,0.0
8,waypoint_05,-15.0,0.24323956389577556,-0.8322438621242686,1.0638120569246137,0.005582369794865372,0.002412182744592428
9,waypoint_05,-15.0,0.24323956389577556,-0.8322438621242686,1.0638120569246137,0.004697813892562408,0.011775664985179901
10,waypoint_05,-15.0,0.24323956389577556,-0.8322438621242686,1.0638120569246137,292.10180044174194,0.0
11,waypoint_05,-15.0,0.24323956389577556,-0.8322438621242686,1.0638120569246137,308.6514472961426,0.0
12,waypoint_05,-15.0,0.24323956389577556,-0.8322438621242686,1.0638120569246137,299.824595451355,0.0
13,waypoint_05,-15.0,0.24323956389577556,-0.8322438621242686,1.0638120569246137,320.6573724746704,0.0
14,waypoint_05,-15.0,0.24323956389577556,-0.8322438621242686,1.0638120569246137,398.0010151863098,0.0
0,waypoint_05,0.0,0.24323956389577556,-0.8322438621242686,1.0638120569246137,303.54273319244385,0.0
1,waypoint_05,0.0,0.24323956389577556,-0.8322438621242686,1.0638120569246137,268.7201499938965,0.0
2,waypoint_05,0.0,0.24323956389577556,-0.8322438621242686,1.0638120569246137,235.31752824783325,0.0
3,waypoint_05,0.0,0.24323956389577556,-0.8322438621242686,1.0638120569246137,193.66666674613953,0.0
4,waypoint_05,0.0,0.24323956389577556,-0.8322438621242686,1.0638120569246137,0.05758203406003304,0.01073581911623478
5,waypoint_05,0.0,0.24323956389577556,-0.8322438621242686,1.0638120569246137,49.923647195100784,0.0
6,waypoint_05,0.0,0.24323956389577556,-0.8322438621242686,1.0638120569246137,0.002507826138753444,0.014489414170384407
7,waypoint_05,0.0,0.24323956389577556,-0.8322438621242686,1.0638120569246137,219.12291646003723,0.0
8,waypoint_05,0.0,0.24323956389577556,-0.8322438621242686,1.0638120569246137,0.006340982508845627,0.0022664887364953756
9,waypoint_05,0.0,0.24323956389577556,-0.8322438621242686,1.0638120569246137,0.004909339168079896,0.009668612852692604
10,waypoint_05,0.0,0.24323956389577556,-0.8322438621242686,1.0638120569246137,282.0105254650116,0.0
11,waypoint_05,0.0,0.24323956389577556,-0.8322438621242686,1.0638120569246137,303.98350954055786,0.0
12,waypoint_05,0.0,0.24323956389577556,-0.8322438621242686,1.0638120569246137,293.2996153831482,0.0
13,waypoint_05,0.0,0.24323956389577556,-0.8322438621242686,1.0638120569246137,308.18793177604675,0.0
14,waypoint_05,0.0,0.24323956389577556,-0.8322438621242686,1.0638120569246137,375.5073547363281,0.0
0,waypoint_05,15.0,0.24323956389577556,-0.8322438621242686,1.0638120569246137,320.48019766807556,0.0
1,waypoint_05,15.0,0.24323956389577556,-0.8322438621242686,1.0638120569246137,302.9192090034485,0.0
2,waypoint_05,15.0,0.24323956389577556,-0.8322438621242686,1.0638120569246137,205.90926706790924,0.0
3,waypoint_05,15.0,0.24323956389577556,-0.8322438621242686,1.0638120569246137,195.19710540771484,0.0
4,waypoint_05,15.0,0.24323956389577556,-0.8322438621242686,1.0638120569246137,87.31215447187424,0.0
5,waypoint_05,15.0,0.24323956389577556,-0.8322438621242686,1.0638120569246137,0.05570238135987893,0.007996399886906147
6,waypoint_05,15.0,0.24323956389577556,-0.8322438621242686,1.0638120569246137,0.0012402923630361329,0.011494182050228119
7,waypoint_05,15.0,0.24323956389577556,-0.8322438621242686,1.0638120569246137,179.48773503303528,0.0
8,waypoint_05,15.0,0.24323956389577556,-0.8322438621242686,1.0638120569246137,47.80011996626854,0.0
9,waypoint_05,15.0,0.24323956389577556,-0.8322438621242686,1.0638120569246137,0.003860982815240277,0.0010902124922722578
10,waypoint_05,15.0,0.24323956389577556,-0.8322438621242686,1.0638120569246137,276.41236782073975,0.0
11,waypoint_05,15.0,0.24323956389577556,-0.8322438621242686,1.0638120569246137,299.026757478714,0.0
12,waypoint_05,15.0,0.24323956389577556,-0.8322438621242686,1.0638120569246137,282.618910074234,0.0
13,waypoint_05,15.0,0.24323956389577556,-0.8322438621242686,1.0638120569246137,288.8489067554474,0.0
14,waypoint_05,15.0,0.24323956389577556,-0.8322438621242686,1.0638120569246137,352.6378273963928,0.0
0,waypoint_05,30.0,0.24323956389577556,-0.8322438621242686,1.0638120569246137,335.0440561771393,0.0
1,waypoint_05,30.0,0.24323956389577556,-0.8322438621242686,1.0638120569246137,291.7071580886841,0.0
2,waypoint_05,30.0,0.24323956389577556,-0.8322438621242686,1.0638120569246137,231.3724309206009,0.0
3,waypoint_05,30.0,0.24323956389577556,-0.8322438621242686,1.0638120569246137,153.50399911403656,0.0
4,waypoint_05,30.0,0.24323956389577556,-0.8322438621242686,1.0638120569246137,97.36012667417526,0.0
5,waypoint_05,30.0,0.24323956389577556,-0.8322438621242686,1.0638120569246137,24.438930675387383,0.0
6,waypoint_05,30.0,0.24323956389577556,-0.8322438621242686,1.0638120569246137,0.003779170583584346,0.006483170203864574
7,waypoint_05,30.0,0.24323956389577556,-0.8322438621242686,1.0638120569246137,44.146936386823654,0.0
8,waypoint_05,30.0,0.24323956389577556,-0.8322438621242686,1.0638120569246137,36.73941642045975,0.0
9,waypoint_05,30.0,0.24323956389577556,-0.8322438621242686,1.0638120569246137,105.9635654091835,0.0
10,waypoint_05,30.0,0.24323956389577556,-0.8322438621242686,1.0638120569246137,266.56585931777954,0.0
11,waypoint_05,30.0,0.24323956389577556,-0.8322438621242686,1.0638120569246137,284.5204770565033,0.0
12,waypoint_05,30.0,0.24323956389577556,-0.8322438621242686,1.0638120569246137,268.2889401912689,0.0
13,waypoint_05,30.0,0.24323956389577556,-0.8322438621242686,1.0638120569246137,271.1407542228699,0.0
14,waypoint_05,30.0,0.24323956389577556,-0.8322438621242686,1.0638120569246137,333.40340852737427,0.0
0,waypoint_06,30.0,0.2632395638957752,-0.8322438621242686,1.0638120569246137,332.37209916114807,0.0
1,waypoint_06,30.0,0.2632395638957752,-0.8322438621242686,1.0638120569246137,331.71898126602173,0.0
2,waypoint_06,30.0,0.2632395638957752,-0.8322438621242686,1.0638120569246137,287.28187084198,0.0
3,waypoint_06,30.0,0.2632395638957752,-0.8322438621242686,1.0638120569246137,204.41609621047974,0.0
4,waypoint_06,30.0,0.2632395638957752,-0.8322438621242686,1.0638120569246137,121.13180011510849,0.0
5,waypoint_06,30.0,0.2632395638957752,-0.8322438621242686,1.0638120569246137,65.26128947734833,0.0
6,waypoint_06,30.0,0.2632395638957752,-0.8322438621242686,1.0638120569246137,0.01123990114137996,0.005558077245950699
7,waypoint_06,30.0,0.2632395638957752,-0.8322438621242686,1.0638120569246137,0.03592835128074512,0.0029808732215315104
8,waypoint_06,30.0,0.2632395638957752,-0.8322438621242686,1.0638120569246137,51.5325702726841,0.0
9,waypoint_06,30.0,0.2632395638957752,-0.8322438621242686,1.0638120569246137,88.9458879828453,0.0
10,waypoint_06,30.0,0.2632395638957752,-0.8322438621242686,1.0638120569246137,270.1060473918915,0.0
11,waypoint_06,30.0,0.2632395638957752,-0.8322438621242686,1.0638120569246137,288.34086656570435,0.0
12,waypoint_06,30.0,0.2632395638957752,-0.8322438621242686,1.0638120569246137,272.3209857940674,0.0
13,waypoint_06,30.0,0.2632395638957752,-0.8322438621242686,1.0638120569246137,264.43207263946533,0.0
14,waypoint_06,30.0,0.2632395638957752,-0.8322438621242686,1.0638120569246137,320.6462860107422,0.0
0,waypoint_06,15.0,0.2632395638957752,-0.8322438621242686,1.0638120569246137,348.4591245651245,0.0
1,waypoint_06,15.0,0.2632395638957752,-0.8322438621242686,1.0638120569246137,263.4558975696564,0.0
2,waypoint_06,15.0,0.2632395638957752,-0.8322438621242686,1.0638120569246137,301.7207682132721,0.0
3,waypoint_06,15.0,0.2632395638957752,-0.8322438621242686,1.0638120569246137,220.32247483730316,0.0
4,waypoint_06,15.0,0.2632395638957752,-0.8322438621242686,1.0638120569246137,85.87902784347534,0.0
5,waypoint_06,15.0,0.2632395638957752,-0.8322438621242686,1.0638120569246137,0.044499567593447864,0.00843820720911026
6,waypoint_06,15.0,0.2632395638957752,-0.8322438621242686,1.0638120569246137,0.008219878509407863,0.012254266999661922
7,waypoint_06,15.0,0.2632395638957752,-0.8322438621242686,1.0638120569246137,168.64649951457977,0.0
8,waypoint_06,15.0,0.2632395638957752,-0.8322438621242686,1.0638120569246137,232.67707228660583,0.0
9,waypoint_06,15.0,0.2632395638957752,-0.8322438621242686,1.0638120569246137,0.013491731806425378,0.0028473171405494213
10,waypoint_06,15.0,0.2632395638957752,-0.8322438621242686,1.0638120569246137,277.89536118507385,0.0
11,waypoint_06,15.0,0.2632395638957752,-0.8322438621242686,1.0638120569246137,298.6152172088623,0.0
12,waypoint_06,15.0,0.2632395638957752,-0.8322438621242686,1.0638120569246137,284.68507528305054,0.0
13,waypoint_06,15.0,0.2632395638957752,-0.8322438621242686,1.0638120569246137,281.34626150131226,0.0
14,waypoint_06,15.0,0.2632395638957752,-0.8322438621242686,1.0638120569246137,338.4794294834137,0.0
0,waypoint_06,0.0,0.2632395638957752,-0.8322438621242686,1.0638120569246137,306.73229694366455,0.0
1,waypoint_06,0.0,0.2632395638957752,-0.8322438621242686,1.0638120569246137,302.5936484336853,0.0
2,waypoint_06,0.0,0.2632395638957752,-0.8322438621242686,1.0638120569246137,310.2983832359314,0.0
3,waypoint_06,0.0,0.2632395638957752,-0.8322438621242686,1.0638120569246137,219.8754996061325,0.0
4,waypoint_06,0.0,0.2632395638957752,-0.8322438621242686,1.0638120569246137,0.03409328201087192,0.008761039935052395
5,waypoint_06,0.0,0.2632395638957752,-0.8322438621242686,1.0638120569246137,1.3022496132180095,0.009221429005265236
6,waypoint_06,0.0,0.2632395638957752,-0.8322438621242686,1.0638120569246137,0.0050940179789904505,0.015839610248804092
7,waypoint_06,0.0,0.2632395638957752,-0.8322438621242686,1.0638120569246137,198.55009019374847,0.0
8,waypoint_06,0.0,0.2632395638957752,-0.8322438621242686,1.0638120569246137,254.05260920524597,0.0
9,waypoint_06,0.0,0.2632395638957752,-0.8322438621242686,1.0638120569246137,0.013102179764246102,0.008474139496684074
10,waypoint_06,0.0,0.2632395638957752,-0.8322438621242686,1.0638120569246137,283.80492329597473,0.0
11,waypoint_06,0.0,0.2632395638957752,-0.8322438621242686,1.0638120569246137,304.29643392562866,0.0
12,waypoint_06,0.0,0.2632395638957752,-0.8322438621242686,1.0638120569246137,292.5288677215576,0.0
13,waypoint_06,0.0,0.2632395638957752,-0.8322438621242686,1.0638120569246137,293.85697841644287,0.0
14,waypoint_06,0.0,0.2632395638957752,-0.8322438621242686,1.0638120569246137,354.35616970062256,0.0
0,waypoint_06,-15.0,0.2632395638957752,-0.8322438621242686,1.0638120569246137,247.4895566701889,0.0
1,waypoint_06,-15.0,0.2632395638957752,-0.8322438621242686,1.0638120569246137,242.7828460931778,0.0
2,waypoint_06,-15.0,0.2632395638957752,-0.8322438621242686,1.0638120569246137,251.79517269134521,0.0
3,waypoint_06,-15.0,0.2632395638957752,-0.8322438621242686,1.0638120569246137,231.57227039337158,0.0
4,waypoint_06,-15.0,0.2632395638957752,-0.8322438621242686,1.0638120569246137,47.22342640161514,0.0
5,waypoint_06,-15.0,0.2632395638957752,-0.8322438621242686,1.0638120569246137,15.20228199660778,0.0
6,waypoint_06,-15.0,0.2632395638957752,-0.8322438621242686,1.0638120569246137,0.00418942636315478,0.018188053742051125
7,waypoint_06,-15.0,0.2632395638957752,-0.8322438621242686,1.0638120569246137,224.63172674179077,0.0
8,waypoint_06,-15.0,0.2632395638957752,-0.8322438621242686,1.0638120569246137,229.25636172294617,0.0
9,waypoint_06,-15.0,0.2632395638957752,-0.8322438621242686,1.0638120569246137,0.007081674084474798,0.00999256782233715
10,waypoint_06,-15.0,0.2632395638957752,-0.8322438621242686,1.0638120569246137,292.4535572528839,0.0
11,waypoint_06,-15.0,0.2632395638957752,-0.8322438621242686,1.0638120569246137,308.90876054763794,0.0
12,waypoint_06,-15.0,0.2632395638957752,-0.8322438621242686,1.0638120569246137,299.1849482059479,0.0
13,waypoint_06,-15.0,0.2632395638957752,-0.8322438621242686,1.0638120569246137,299.7627556324005,0.0
14,waypoint_06,-15.0,0.2632395638957752,-0.8322438621242686,1.0638120569246137,369.22749876976013,0.0
0,waypoint_06,-30.0,0.2632395638957752,-0.8322438621242686,1.0638120569246137,238.65514993667603,0.0
1,waypoint_06,-30.0,0.2632395638957752,-0.8322438621242686,1.0638120569246137,216.67803823947906,0.0
2,waypoint_06,-30.0,0.2632395638957752,-0.8322438621242686,1.0638120569246137,187.00088560581207,0.0
3,waypoint_06,-30.0,0.2632395638957752,-0.8322438621242686,1.0638120569246137,0.09688313002698123,0.014163943007588387
4,waypoint_06,-30.0,0.2632395638957752,-0.8322438621242686,1.0638120569246137,66.15383923053741,0.0
5,waypoint_06,-30.0,0.2632395638957752,-0.8322438621242686,1.0638120569246137,47.228164970874786,0.0
6,waypoint_06,-30.0,0.2632395638957752,-0.8322438621242686,1.0638120569246137,0.004985457508155378,0.019619110971689224
7,waypoint_06,-30.0,0.2632395638957752,-0.8322438621242686,1.0638120569246137,244.16404962539673,0.0
8,waypoint_06,-30.0,0.2632395638957752,-0.8322438621242686,1.0638120569246137,205.13270795345306,0.0
9,waypoint_06,-30.0,0.2632395638957752,-0.8322438621242686,1.0638120569246137,0.005357790996640688,0.010072929784655571
10,waypoint_06,-30.0,0.2632395638957752,-0.8322438621242686,1.0638120569246137,300.1267910003662,0.0
11,waypoint_06,-30.0,0.2632395638957752,-0.8322438621242686,1.0638120569246137,308.21627378463745,0.0
12,waypoint_06,-30.0,0.2632395638957752,-0.8322438621242686,1.0638120569246137,300.405353307724,0.0
13,waypoint_06,-30.0,0.2632395638957752,-0.8322438621242686,1.0638120569246137,304.33958768844604,0.0
14,waypoint_06,-30.0,0.2632395638957752,-0.8322438621242686,1.0638120569246137,408.13758969306946,0.0
0,waypoint_07,-30.0,0.28323956389577537,-0.8322438621242686,1.0638120569246137,260.6353461742401,0.0
1,waypoint_07,-30.0,0.28323956389577537,-0.8322438621242686,1.0638120569246137,224.13130104541779,0.0
2,waypoint_07,-30.0,0.28323956389577537,-0.8322438621242686,1.0638120569246137,181.81206285953522,0.0
3,waypoint_07,-30.0,0.28323956389577537,-0.8322438621242686,1.0638120569246137,0.010905532690230757,0.0068758041597902775
4,waypoint_07,-30.0,0.28323956389577537,-0.8322438621242686,1.0638120569246137,64.40655142068863,0.0
5,waypoint_07,-30.0,0.28323956389577537,-0.8322438621242686,1.0638120569246137,55.53560331463814,0.0
6,waypoint_07,-30.0,0.28323956389577537,-0.8322438621242686,1.0638120569246137,0.010629198186506983,0.021341951563954353
7,waypoint_07,-30.0,0.28323956389577537,-0.8322438621242686,1.0638120569246137,239.43790793418884,0.0
8,waypoint_07,-30.0,0.28323956389577537,-0.8322438621242686,1.0638120569246137,214.32900428771973,0.0
9,waypoint_07,-30.0,0.28323956389577537,-0.8322438621242686,1.0638120569246137,0.008885691386240069,0.008007969707250595
10,waypoint_07,-30.0,0.28323956389577537,-0.8322438621242686,1.0638120569246137,303.8179874420166,0.0
11,waypoint_07,-30.0,0.28323956389577537,-0.8322438621242686,1.0638120569246137,309.9956810474396,0.0
12,waypoint_07,-30.0,0.28323956389577537,-0.8322438621242686,1.0638120569246137,302.11079120635986,0.0
13,waypoint_07,-30.0,0.28323956389577537,-0.8322438621242686,1.0638120569246137,299.323171377182,0.0
14,waypoint_07,-30.0,0.28323956389577537,-0.8322438621242686,1.0638120569246137,409.61846709251404,0.0
0,waypoint_07,-15.0,0.28323956389577537,-0.8322438621242686,1.0638120569246137,262.0270252227783,0.0
1,waypoint_07,-15.0,0.28323956389577537,-0.8322438621242686,1.0638120569246137,259.54532623291016,0.0
2,waypoint_07,-15.0,0.28323956389577537,-0.8322438621242686,1.0638120569246137,238.18954825401306,0.0
3,waypoint_07,-15.0,0.28323956389577537,-0.8322438621242686,1.0638120569246137,227.7979552745819,0.0
4,waypoint_07,-15.0,0.28323956389577537,-0.8322438621242686,1.0638120569246137,40.129404515028,0.0
5,waypoint_07,-15.0,0.28323956389577537,-0.8322438621242686,1.0638120569246137,41.72743484377861,0.0
6,waypoint_07,-15.0,0.28323956389577537,-0.8322438621242686,1.0638120569246137,0.0039663968891545665,0.019749008119106293
7,waypoint_07,-15.0,0.28323956389577537,-0.8322438621242686,1.0638120569246137,218.72223913669586,0.0
8,waypoint_07,-15.0,0.28323956389577537,-0.8322438621242686,1.0638120569246137,247.7668970823288,0.0
9,waypoint_07,-15.0,0.28323956389577537,-0.8322438621242686,1.0638120569246137,0.0021851424207852688,0.008132027462124825
10,waypoint_07,-15.0,0.28323956389577537,-0.8322438621242686,1.0638120569246137,298.9601492881775,0.0
11,waypoint_07,-15.0,0.28323956389577537,-0.8322438621242686,1.0638120569246137,311.13681197166443,0.0
12,waypoint_07,-15.0,0.28323956389577537,-0.8322438621242686,1.0638120569246137,301.4298379421234,0.0
13,waypoint_07,-15.0,0.28323956389577537,-0.8322438621242686,1.0638120569246137,294.11187767982483,0.0
14,waypoint_07,-15.0,0.28323956389577537,-0.8322438621242686,1.0638120569246137,390.6807601451874,0.0
0,waypoint_07,0.0,0.28323956389577537,-0.8322438621242686,1.0638120569246137,364.31318521499634,0.0
1,waypoint_07,0.0,0.28323956389577537,-0.8322438621242686,1.0638120569246137,283.26529264450073,0.0
2,waypoint_07,0.0,0.28323956389577537,-0.8322438621242686,1.0638120569246137,213.982954621315,0.0
3,waypoint_07,0.0,0.28323956389577537,-0.8322438621242686,1.0638120569246137,240.45595526695251,0.0
4,waypoint_07,0.0,0.28323956389577537,-0.8322438621242686,1.0638120569246137,3.164392663165927,0.0
5,waypoint_07,0.0,0.28323956389577537,-0.8322438621242686,1.0638120569246137,32.14317187666893,0.0
6,waypoint_07,0.0,0.28323956389577537,-0.8322438621242686,1.0638120569246137,0.002259479970234679,0.017058907076716423
7,waypoint_07,0.0,0.28323956389577537,-0.8322438621242686,1.0638120569246137,191.7024701833725,0.0
8,waypoint_07,0.0,0.28323956389577537,-0.8322438621242686,1.0638120569246137,249.931201338768,0.0
9,waypoint_07,0.0,0.28323956389577537,-0.8322438621242686,1.0638120569246137,0.002336015541004599,0.0070936353877186775
10,waypoint_07,0.0,0.28323956389577537,-0.8322438621242686,1.0638120569246137,291.73484444618225,0.0
11,waypoint_07,0.0,0.28323956389577537,-0.8322438621242686,1.0638120569246137,307.48680233955383,0.0
12,waypoint_07,0.0,0.28323956389577537,-0.8322438621242686,1.0638120569246137,295.6753075122833,0.0
13,waypoint_07,0.0,0.28323956389577537,-0.8322438621242686,1.0638120569246137,286.4547073841095,0.0
14,waypoint_07,0.0,0.28323956389577537,-0.8322438621242686,1.0638120569246137,342.1408534049988,0.0
0,waypoint_07,15.0,0.28323956389577537,-0.8322438621242686,1.0638120569246137,321.1507201194763,0.0
1,waypoint_07,15.0,0.28323956389577537,-0.8322438621242686,1.0638120569246137,269.29157972335815,0.0
2,waypoint_07,15.0,0.28323956389577537,-0.8322438621242686,1.0638120569246137,241.05481803417206,0.0
3,waypoint_07,15.0,0.28323956389577537,-0.8322438621242686,1.0638120569246137,206.61388337612152,0.0
4,waypoint_07,15.0,0.28323956389577537,-0.8322438621242686,1.0638120569246137,115.58827757835388,0.0
5,waypoint_07,15.0,0.28323956389577537,-0.8322438621242686,1.0638120569246137,0.01791949944163207,0.005940577480942011
6,waypoint_07,15.0,0.28323956389577537,-0.8322438621242686,1.0638120569246137,0.002058734480669955,0.01277113240212202
7,waypoint_07,15.0,0.28323956389577537,-0.8322438621242686,1.0638120569246137,160.8574092388153,0.0
8,waypoint_07,15.0,0.28323956389577537,-0.8322438621242686,1.0638120569246137,217.36344695091248,0.0
9,waypoint_07,15.0,0.28323956389577537,-0.8322438621242686,1.0638120569246137,0.003092556426054216,0.002956991782411933
10,waypoint_07,15.0,0.28323956389577537,-0.8322438621242686,1.0638120569246137,285.1565182209015,0.0
11,waypoint_07,15.0,0.28323956389577537,-0.8322438621242686,1.0638120569246137,301.567018032074,0.0
12,waypoint_07,15.0,0.28323956389577537,-0.8322438621242686,1.0638120569246137,287.2428297996521,0.0
13,waypoint_07,15.0,0.28323956389577537,-0.8322438621242686,1.0638120569246137,277.28405594825745,0.0
14,waypoint_07,15.0,0.28323956389577537,-0.8322438621242686,1.0638120569246137,322.4748969078064,0.0
0,waypoint_07,30.0,0.28323956389577537,-0.8322438621242686,1.0638120569246137,358.9250147342682,0.0
1,waypoint_07,30.0,0.28323956389577537,-0.8322438621242686,1.0638120569246137,320.8755552768707,0.0
2,waypoint_07,30.0,0.28323956389577537,-0.8322438621242686,1.0638120569246137,266.1016881465912,0.0
3,waypoint_07,30.0,0.28323956389577537,-0.8322438621242686,1.0638120569246137,261.4370882511139,0.0
4,waypoint_07,30.0,0.28323956389577537,-0.8322438621242686,1.0638120569246137,150.5836397409439,0.0
5,waypoint_07,30.0,0.28323956389577537,-0.8322438621242686,1.0638120569246137,75.03527402877808,0.0
6,waypoint_07,30.0,0.28323956389577537,-0.8322438621242686,1.0638120569246137,0.0020853108253504615,0.0030709526035934687
7,waypoint_07,30.0,0.28323956389577537,-0.8322438621242686,1.0638120569246137,0.05186632552067749,0.0035401799250394106
8,waypoint_07,30.0,0.28323956389577537,-0.8322438621242686,1.0638120569246137,120.13238668441772,0.0
9,waypoint_07,30.0,0.28323956389577537,-0.8322438621242686,1.0638120569246137,75.28576254844666,0.0
10,waypoint_07,30.0,0.28323956389577537,-0.8322438621242686,1.0638120569246137,273.9451825618744,0.0
11,waypoint_07,30.0,0.28323956389577537,-0.8322438621242686,1.0638120569246137,290.16077518463135,0.0
12,waypoint_07,30.0,0.28323956389577537,-0.8322438621242686,1.0638120569246137,273.34511280059814,0.0
13,waypoint_07,30.0,0.28323956389577537,-0.8322438621242686,1.0638120569246137,263.6062800884247,0.0
14,waypoint_07,30.0,0.28323956389577537,-0.8322438621242686,1.0638120569246137,299.9325096607208,0.0
0,waypoint_08,30.0,0.30323956389577517,-0.8322438621242686,1.0638120569246137,373.34391474723816,0.0
1,waypoint_08,30.0,0.30323956389577517,-0.8322438621242686,1.0638120569246137,306.033194065094,0.0
2,waypoint_08,30.0,0.30323956389577517,-0.8322438621242686,1.0638120569246137,328.6507725715637,0.0
3,waypoint_08,30.0,0.30323956389577517,-0.8322438621242686,1.0638120569246137,275.6883203983307,0.0
4,waypoint_08,30.0,0.30323956389577517,-0.8322438621242686,1.0638120569246137,204.5852243900299,0.0
5,waypoint_08,30.0,0.30323956389577517,-0.8322438621242686,1.0638120569246137,81.18174225091934,0.0
6,waypoint_08,30.0,0.30323956389577517,-0.8322438621242686,1.0638120569246137,0.8515342487953603,2.946717181373515e-08
7,waypoint_08,30.0,0.30323956389577517,-0.8322438621242686,1.0638120569246137,0.015122468539630063,0.004095631651580334
8,waypoint_08,30.0,0.30323956389577517,-0.8322438621242686,1.0638120569246137,89.35827016830444,0.0
9,waypoint_08,30.0,0.30323956389577517,-0.8322438621242686,1.0638120569246137,65.15730917453766,0.0
10,waypoint_08,30.0,0.30323956389577517,-0.8322438621242686,1.0638120569246137,280.22831678390503,0.0
11,waypoint_08,30.0,0.30323956389577517,-0.8322438621242686,1.0638120569246137,296.3123619556427,0.0
12,waypoint_08,30.0,0.30323956389577517,-0.8322438621242686,1.0638120569246137,278.9256274700165,0.0
13,waypoint_08,30.0,0.30323956389577517,-0.8322438621242686,1.0638120569246137,263.69377970695496,0.0
14,waypoint_08,30.0,0.30323956389577517,-0.8322438621242686,1.0638120569246137,289.8859977722168,0.0
0,waypoint_08,15.0,0.30323956389577517,-0.8322438621242686,1.0638120569246137,350.3631353378296,0.0
1,waypoint_08,15.0,0.30323956389577517,-0.8322438621242686,1.0638120569246137,317.72446632385254,0.0
2,waypoint_08,15.0,0.30323956389577517,-0.8322438621242686,1.0638120569246137,289.3925905227661,0.0
3,waypoint_08,15.0,0.30323956389577517,-0.8322438621242686,1.0638120569246137,277.0591676235199,0.0
4,waypoint_08,15.0,0.30323956389577517,-0.8322438621242686,1.0638120569246137,171.9425767660141,0.0
5,waypoint_08,15.0,0.30323956389577517,-0.8322438621242686,1.0638120569246137,12.638692744076252,0.0
6,waypoint_08,15.0,0.30323956389577517,-0.8322438621242686,1.0638120569246137,0.015376641385955736,0.012973443605005741
7,waypoint_08,15.0,0.30323956389577517,-0.8322438621242686,1.0638120569246137,140.06832242012024,0.0
8,waypoint_08,15.0,0.30323956389577517,-0.8322438621242686,1.0638120569246137,193.8977837562561,0.0
9,waypoint_08,15.0,0.30323956389577517,-0.8322438621242686,1.0638120569246137,0.0263991387328133,0.0024750984739512205
10,waypoint_08,15.0,0.30323956389577517,-0.8322438621242686,1.0638120569246137,290.9235656261444,0.0
11,waypoint_08,15.0,0.30323956389577517,-0.8322438621242686,1.0638120569246137,306.3279390335083,0.0
12,waypoint_08,15.0,0.30323956389577517,-0.8322438621242686,1.0638120569246137,291.130006313324,0.0
13,waypoint_08,15.0,0.30323956389577517,-0.8322438621242686,1.0638120569246137,277.832567691803,0.0
14,waypoint_08,15.0,0.30323956389577517,-0.8322438621242686,1.0638120569246137,311.5258812904358,0.0
0,waypoint_08,0.0,0.30323956389577517,-0.8322438621242686,1.0638120569246137,320.1309144496918,0.0
1,waypoint_08,0.0,0.30323956389577517,-0.8322438621242686,1.0638120569246137,312.736839056015,0.0
2,waypoint_08,0.0,0.30323956389577517,-0.8322438621242686,1.0638120569246137,264.08034563064575,0.0
3,waypoint_08,0.0,0.30323956389577517,-0.8322438621242686,1.0638120569246137,175.39000511169434,0.0
4,waypoint_08,0.0,0.30323956389577517,-0.8322438621242686,1.0638120569246137,97.88060933351517,0.0
5,waypoint_08,0.0,0.30323956389577517,-0.8322438621242686,1.0638120569246137,0.4971393500454724,0.009988014586269855
6,waypoint_08,0.0,0.30323956389577517,-0.8322438621242686,1.0638120569246137,0.0037266013350745197,0.018116658553481102
7,waypoint_08,0.0,0.30323956389577517,-0.8322438621242686,1.0638120569246137,161.47010028362274,0.0
8,waypoint_08,0.0,0.30323956389577517,-0.8322438621242686,1.0638120569246137,240.611732006073,0.0
9,waypoint_08,0.0,0.30323956389577517,-0.8322438621242686,1.0638120569246137,0.014032305443834048,0.005573892500251532
10,waypoint_08,0.0,0.30323956389577517,-0.8322438621242686,1.0638120569246137,297.4143922328949,0.0
11,waypoint_08,0.0,0.30323956389577517,-0.8322438621242686,1.0638120569246137,312.5899136066437,0.0
12,waypoint_08,0.0,0.30323956389577517,-0.8322438621242686,1.0638120569246137,298.8365888595581,0.0
13,waypoint_08,0.0,0.30323956389577517,-0.8322438621242686,1.0638120569246137,286.07937693595886,0.0
14,waypoint_08,0.0,0.30323956389577517,-0.8322438621242686,1.0638120569246137,330.03076910972595,0.0
0,waypoint_08,-15.0,0.30323956389577517,-0.8322438621242686,1.0638120569246137,313.1256401538849,0.0
1,waypoint_08,-15.0,0.30323956389577517,-0.8322438621242686,1.0638120569246137,267.3920691013336,0.0
2,waypoint_08,-15.0,0.30323956389577517,-0.8322438621242686,1.0638120569246137,282.23904967308044,0.0
3,waypoint_08,-15.0,0.30323956389577517,-0.8322438621242686,1.0638120569246137,246.49228155612946,0.0
4,waypoint_08,-15.0,0.30323956389577517,-0.8322438621242686,1.0638120569246137,0.24312784080393612,0.012581773102283478
5,waypoint_08,-15.0,0.30323956389577517,-0.8322438621242686,1.0638120569246137,9.022724814713001,0.0
6,waypoint_08,-15.0,0.30323956389577517,-0.8322438621242686,1.0638120569246137,0.004016574621346081,0.02121635712683201
7,waypoint_08,-15.0,0.30323956389577517,-0.8322438621242686,1.0638120569246137,185.07958948612213,0.0
8,waypoint_08,-15.0,0.30323956389577517,-0.8322438621242686,1.0638120569246137,267.6869332790375,0.0
9,waypoint_08,-15.0,0.30323956389577517,-0.8322438621242686,1.0638120569246137,0.0049840318752103485,0.006223215721547604
10,waypoint_08,-15.0,0.30323956389577517,-0.8322438621242686,1.0638120569246137,306.4846098423004,0.0
11,waypoint_08,-15.0,0.30323956389577517,-0.8322438621242686,1.0638120569246137,315.92705845832825,0.0
12,waypoint_08,-15.0,0.30323956389577517,-0.8322438621242686,1.0638120569246137,303.56669425964355,0.0
13,waypoint_08,-15.0,0.30323956389577517,-0.8322438621242686,1.0638120569246137,299.8903691768646,0.0
14,waypoint_08,-15.0,0.30323956389577517,-0.8322438621242686,1.0638120569246137,348.6371040344238,0.0
0,waypoint_08,-30.0,0.30323956389577517,-0.8322438621242686,1.0638120569246137,253.4331977367401,0.0
1,waypoint_08,-30.0,0.30323956389577517,-0.8322438621242686,1.0638120569246137,242.01686680316925,0.0
2,waypoint_08,-30.0,0.30323956389577517,-0.8322438621242686,1.0638120569246137,181.01854622364044,0.0
3,waypoint_08,-30.0,0.30323956389577517,-0.8322438621242686,1.0638120569246137,28.32854725420475,0.0
4,waypoint_08,-30.0,0.30323956389577517,-0.8322438621242686,1.0638120569246137,74.80978220701218,0.0
5,waypoint_08,-30.0,0.30323956389577517,-0.8322438621242686,1.0638120569246137,57.02393501996994,0.0
6,waypoint_08,-30.0,0.30323956389577517,-0.8322438621242686,1.0638120569246137,0.0043018699216190726,0.023014802485704422
7,waypoint_08,-30.0,0.30323956389577517,-0.8322438621242686,1.0638120569246137,205.22883534431458,0.0
8,waypoint_08,-30.0,0.30323956389577517,-0.8322438621242686,1.0638120569246137,260.296106338501,0.0
9,waypoint_08,-30.0,0.30323956389577517,-0.8322438621242686,1.0638120569246137,0.004899197392660426,0.005967914592474699
10,waypoint_08,-30.0,0.30323956389577517,-0.8322438621242686,1.0638120569246137,312.32285499572754,0.0
11,waypoint_08,-30.0,0.30323956389577517,-0.8322438621242686,1.0638120569246137,314.58136439323425,0.0
12,waypoint_08,-30.0,0.30323956389577517,-0.8322438621242686,1.0638120569246137,303.87359857559204,0.0
13,waypoint_08,-30.0,0.30323956389577517,-0.8322438621242686,1.0638120569246137,305.2084743976593,0.0
14,waypoint_08,-30.0,0.30323956389577517,-0.8322438621242686,1.0638120569246137,381.1511993408203,0.0
0,waypoint_09,-30.0,0.3232395638957754,-0.8322438621242686,1.0638120569246137,261.0068619251251,0.0
1,waypoint_09,-30.0,0.3232395638957754,-0.8322438621242686,1.0638120569246137,224.7932404279709,0.0
2,waypoint_09,-30.0,0.3232395638957754,-0.8322438621242686,1.0638120569246137,178.48028242588043,0.0
3,waypoint_09,-30.0,0.3232395638957754,-0.8322438621242686,1.0638120569246137,220.7726091146469,0.0
4,waypoint_09,-30.0,0.3232395638957754,-0.8322438621242686,1.0638120569246137,58.76445397734642,0.0
5,waypoint_09,-30.0,0.3232395638957754,-0.8322438621242686,1.0638120569246137,59.42559614777565,0.0
6,waypoint_09,-30.0,0.3232395638957754,-0.8322438621242686,1.0638120569246137,0.010727883818617556,0.024626359343528748
7,waypoint_09,-30.0,0.3232395638957754,-0.8322438621242686,1.0638120569246137,201.22955739498138,0.0
8,waypoint_09,-30.0,0.3232395638957754,-0.8322438621242686,1.0638120569246137,266.4598822593689,0.0
9,waypoint_09,-30.0,0.3232395638957754,-0.8322438621242686,1.0638120569246137,0.01001996406557737,0.0040039848536252975
10,waypoint_09,-30.0,0.3232395638957754,-0.8322438621242686,1.0638120569246137,319.0830647945404,0.0
11,waypoint_09,-30.0,0.3232395638957754,-0.8322438621242686,1.0638120569246137,319.56562399864197,0.0
12,waypoint_09,-30.0,0.3232395638957754,-0.8322438621242686,1.0638120569246137,306.3172996044159,0.0
13,waypoint_09,-30.0,0.3232395638957754,-0.8322438621242686,1.0638120569246137,303.6559224128723,0.0
14,waypoint_09,-30.0,0.3232395638957754,-0.8322438621242686,1.0638120569246137,377.4920701980591,0.0
0,waypoint_09,-15.0,0.3232395638957754,-0.8322438621242686,1.0638120569246137,320.7103908061981,0.0
1,waypoint_09,-15.0,0.3232395638957754,-0.8322438621242686,1.0638120569246137,305.5437505245209,0.0
2,waypoint_09,-15.0,0.3232395638957754,-0.8322438621242686,1.0638120569246137,249.78899955749512,0.0
3,waypoint_09,-15.0,0.3232395638957754,-0.8322438621242686,1.0638120569246137,228.2693088054657,0.0
4,waypoint_09,-15.0,0.3232395638957754,-0.8322438621242686,1.0638120569246137,0.08704680658411235,0.012770898640155792
5,waypoint_09,-15.0,0.3232395638957754,-0.8322438621242686,1.0638120569246137,49.270931631326675,0.0
6,waypoint_09,-15.0,0.3232395638957754,-0.8322438621242686,1.0638120569246137,0.004410844212543452,0.02256786823272705
7,waypoint_09,-15.0,0.3232395638957754,-0.8322438621242686,1.0638120569246137,181.02343380451202,0.0
8,waypoint_09,-15.0,0.3232395638957754,-0.8322438621242686,1.0638120569246137,260.71417331695557,0.0
9,waypoint_09,-15.0,0.3232395638957754,-0.8322438621242686,1.0638120569246137,0.0030902579055691604,0.0042975046671926975
10,waypoint_09,-15.0,0.3232395638957754,-0.8322438621242686,1.0638120569246137,315.64170122146606,0.0
11,waypoint_09,-15.0,0.3232395638957754,-0.8322438621242686,1.0638120569246137,321.2636411190033,0.0
12,waypoint_09,-15.0,0.3232395638957754,-0.8322438621242686,1.0638120569246137,306.676983833313,0.0
13,waypoint_09,-15.0,0.3232395638957754,-0.8322438621242686,1.0638120569246137,300.17077922821045,0.0
14,waypoint_09,-15.0,0.3232395638957754,-0.8322438621242686,1.0638120569246137,372.02829122543335,0.0
0,waypoint_09,0.0,0.3232395638957754,-0.8322438621242686,1.0638120569246137,322.0187723636627,0.0
1,waypoint_09,0.0,0.3232395638957754,-0.8322438621242686,1.0638120569246137,334.98820662498474,0.0
2,waypoint_09,0.0,0.3232395638957754,-0.8322438621242686,1.0638120569246137,290.52525758743286,0.0
3,waypoint_09,0.0,0.3232395638957754,-0.8322438621242686,1.0638120569246137,210.50067245960236,0.0
4,waypoint_09,0.0,0.3232395638957754,-0.8322438621242686,1.0638120569246137,166.66974127292633,0.0
5,waypoint_09,0.0,0.3232395638957754,-0.8322438621242686,1.0638120569246137,0.3767356392927468,0.010396835394203663
6,waypoint_09,0.0,0.3232395638957754,-0.8322438621242686,1.0638120569246137,0.002357399580432684,0.01897273398935795
7,waypoint_09,0.0,0.3232395638957754,-0.8322438621242686,1.0638120569246137,157.60383009910583,0.0
8,waypoint_09,0.0,0.3232395638957754,-0.8322438621242686,1.0638120569246137,228.16820442676544,0.0
9,waypoint_09,0.0,0.3232395638957754,-0.8322438621242686,1.0638120569246137,0.0024805847260722658,0.003955202177166939
10,waypoint_09,0.0,0.3232395638957754,-0.8322438621242686,1.0638120569246137,308.60501527786255,0.0
11,waypoint_09,0.0,0.3232395638957754,-0.8322438621242686,1.0638120569246137,319.1455006599426,0.0
12,waypoint_09,0.0,0.3232395638957754,-0.8322438621242686,1.0638120569246137,302.1393120288849,0.0
13,waypoint_09,0.0,0.3232395638957754,-0.8322438621242686,1.0638120569246137,298.3979284763336,0.0
14,waypoint_09,0.0,0.3232395638957754,-0.8322438621242686,1.0638120569246137,347.3076522350311,0.0
0,waypoint_09,15.0,0.3232395638957754,-0.8322438621242686,1.0638120569246137,368.2571351528168,0.0
1,waypoint_09,15.0,0.3232395638957754,-0.8322438621242686,1.0638120569246137,302.73714661598206,0.0
2,waypoint_09,15.0,0.3232395638957754,-0.8322438621242686,1.0638120569246137,272.8572487831116,0.0
3,waypoint_09,15.0,0.3232395638957754,-0.8322438621242686,1.0638120569246137,220.74316442012787,0.0
4,waypoint_09,15.0,0.3232395638957754,-0.8322438621242686,1.0638120569246137,93.74242275953293,0.0
5,waypoint_09,15.0,0.3232395638957754,-0.8322438621242686,1.0638120569246137,17.360921949148178,0.0
6,waypoint_09,15.0,0.3232395638957754,-0.8322438621242686,1.0638120569246137,0.0034203926588816103,0.012741131708025932
7,waypoint_09,15.0,0.3232395638957754,-0.8322438621242686,1.0638120569246137,134.17328894138336,0.0
8,waypoint_09,15.0,0.3232395638957754,-0.8322438621242686,1.0638120569246137,182.673841714859,0.0
9,waypoint_09,15.0,0.3232395638957754,-0.8322438621242686,1.0638120569246137,0.0055454747780459,0.0016053946455940604
10,waypoint_09,15.0,0.3232395638957754,-0.8322438621242686,1.0638120569246137,300.4066050052643,0.0
11,waypoint_09,15.0,0.3232395638957754,-0.8322438621242686,1.0638120569246137,313.1323754787445,0.0
12,waypoint_09,15.0,0.3232395638957754,-0.8322438621242686,1.0638120569246137,294.5377230644226,0.0
13,waypoint_09,15.0,0.3232395638957754,-0.8322438621242686,1.0638120569246137,293.5914397239685,0.0
14,waypoint_09,15.0,0.3232395638957754,-0.8322438621242686,1.0638120569246137,310.0551962852478,0.0
0,waypoint_09,30.0,0.3232395638957754,-0.8322438621242686,1.0638120569246137,383.16336274147034,0.0
1,waypoint_09,30.0,0.3232395638957754,-0.8322438621242686,1.0638120569246137,305.6703507900238,0.0
2,waypoint_09,30.0,0.3232395638957754,-0.8322438621242686,1.0638120569246137,306.09408020973206,0.0
3,waypoint_09,30.0,0.3232395638957754,-0.8322438621242686,1.0638120569246137,266.90319180488586,0.0
4,waypoint_09,30.0,0.3232395638957754,-0.8322438621242686,1.0638120569246137,190.18279016017914,0.0
5,waypoint_09,30.0,0.3232395638957754,-0.8322438621242686,1.0638120569246137,92.04906225204468,0.0
6,waypoint_09,30.0,0.3232395638957754,-0.8322438621242686,1.0638120569246137,4.799870774149895,0.0
7,waypoint_09,30.0,0.3232395638957754,-0.8322438621242686,1.0638120569246137,0.03794823351199739,0.004642613232135773
8,waypoint_09,30.0,0.3232395638957754,-0.8322438621242686,1.0638120569246137,61.2051896750927,0.0
9,waypoint_09,30.0,0.3232395638957754,-0.8322438621242686,1.0638120569246137,50.668928772211075,0.0
10,waypoint_09,30.0,0.3232395638957754,-0.8322438621242686,1.0638120569246137,291.2040948867798,0.0
11,waypoint_09,30.0,0.3232395638957754,-0.8322438621242686,1.0638120569246137,304.7865331172943,0.0
12,waypoint_09,30.0,0.3232395638957754,-0.8322438621242686,1.0638120569246137,282.36889839172363,0.0
13,waypoint_09,30.0,0.3232395638957754,-0.8322438621242686,1.0638120569246137,284.06772017478943,0.0
14,waypoint_09,30.0,0.3232395638957754,-0.8322438621242686,1.0638120569246137,279.1540026664734,0.0
0,waypoint_10,30.0,0.3432395638957752,-0.8322438621242686,1.0638120569246137,372.46739864349365,0.0
1,waypoint_10,30.0,0.3432395638957752,-0.8322438621242686,1.0638120569246137,341.9145941734314,0.0
2,waypoint_10,30.0,0.3432395638957752,-0.8322438621242686,1.0638120569246137,311.4698827266693,0.0
3,waypoint_10,30.0,0.3432395638957752,-0.8322438621242686,1.0638120569246137,254.07466292381287,0.0
4,waypoint_10,30.0,0.3432395638957752,-0.8322438621242686,1.0638120569246137,189.94002044200897,0.0
5,waypoint_10,30.0,0.3432395638957752,-0.8322438621242686,1.0638120569246137,101.9168496131897,0.0
6,waypoint_10,30.0,0.3432395638957752,-0.8322438621242686,1.0638120569246137,24.363163858652115,0.0
7,waypoint_10,30.0,0.3432395638957752,-0.8322438621242686,1.0638120569246137,0.011959163202845957,0.00517809484153986
8,waypoint_10,30.0,0.3432395638957752,-0.8322438621242686,1.0638120569246137,44.144049286842346,0.0
9,waypoint_10,30.0,0.3432395638957752,-0.8322438621242686,1.0638120569246137,29.589127749204636,0.0
10,waypoint_10,30.0,0.3432395638957752,-0.8322438621242686,1.0638120569246137,301.2545704841614,0.0
11,waypoint_10,30.0,0.3432395638957752,-0.8322438621242686,1.0638120569246137,312.7552568912506,0.0
12,waypoint_10,30.0,0.3432395638957752,-0.8322438621242686,1.0638120569246137,289.4362509250641,0.0
13,waypoint_10,30.0,0.3432395638957752,-0.8322438621242686,1.0638120569246137,288.1788909435272,0.0
14,waypoint_10,30.0,0.3432395638957752,-0.8322438621242686,1.0638120569246137,271.29656076431274,0.0
0,waypoint_10,15.0,0.3432395638957752,-0.8322438621242686,1.0638120569246137,365.2625381946564,0.0
1,waypoint_10,15.0,0.3432395638957752,-0.8322438621242686,1.0638120569246137,302.65793204307556,0.0
2,waypoint_10,15.0,0.3432395638957752,-0.8322438621242686,1.0638120569246137,311.57055497169495,0.0
3,waypoint_10,15.0,0.3432395638957752,-0.8322438621242686,1.0638120569246137,257.8984200954437,0.0
4,waypoint_10,15.0,0.3432395638957752,-0.8322438621242686,1.0638120569246137,215.13782441616058,0.0
5,waypoint_10,15.0,0.3432395638957752,-0.8322438621242686,1.0638120569246137,76.54178887605667,0.0
6,waypoint_10,15.0,0.3432395638957752,-0.8322438621242686,1.0638120569246137,0.010952383490803186,0.011890276335179806
7,waypoint_10,15.0,0.3432395638957752,-0.8322438621242686,1.0638120569246137,73.39827716350555,0.0
8,waypoint_10,15.0,0.3432395638957752,-0.8322438621242686,1.0638120569246137,131.2568634748459,0.0
9,waypoint_10,15.0,0.3432395638957752,-0.8322438621242686,1.0638120569246137,44.152747839689255,0.0
10,waypoint_10,15.0,0.3432395638957752,-0.8322438621242686,1.0638120569246137,310.3579878807068,0.0
11,waypoint_10,15.0,0.3432395638957752,-0.8322438621242686,1.0638120569246137,322.0197856426239,0.0
12,waypoint_10,15.0,0.3432395638957752,-0.8322438621242686,1.0638120569246137,300.3675043582916,0.0
13,waypoint_10,15.0,0.3432395638957752,-0.8322438621242686,1.0638120569246137,296.38609290122986,0.0
14,waypoint_10,15.0,0.3432395638957752,-0.8322438621242686,1.0638120569246137,294.45967078208923,0.0
0,waypoint_10,0.0,0.3432395638957752,-0.8322438621242686,1.0638120569246137,318.42637062072754,0.0
1,waypoint_10,0.0,0.3432395638957752,-0.8322438621242686,1.0638120569246137,278.1769335269928,0.0
2,waypoint_10,0.0,0.3432395638957752,-0.8322438621242686,1.0638120569246137,297.39639163017273,0.0
3,waypoint_10,0.0,0.3432395638957752,-0.8322438621242686,1.0638120569246137,230.82628846168518,0.0
4,waypoint_10,0.0,0.3432395638957752,-0.8322438621242686,1.0638120569246137,212.1160328388214,0.0
5,waypoint_10,0.0,0.3432395638957752,-0.8322438621242686,1.0638120569246137,0.14172335795592517,0.010736050084233284
6,waypoint_10,0.0,0.3432395638957752,-0.8322438621242686,1.0638120569246137,0.002973220489366213,0.019575800746679306
7,waypoint_10,0.0,0.3432395638957752,-0.8322438621242686,1.0638120569246137,116.05800688266754,0.0
8,waypoint_10,0.0,0.3432395638957752,-0.8322438621242686,1.0638120569246137,174.57304894924164,0.0
9,waypoint_10,0.0,0.3432395638957752,-0.8322438621242686,1.0638120569246137,0.018822991478373297,0.0022663555573672056
10,waypoint_10,0.0,0.3432395638957752,-0.8322438621242686,1.0638120569246137,317.0556426048279,0.0
11,waypoint_10,0.0,0.3432395638957752,-0.8322438621242686,1.0638120569246137,326.919823884964,0.0
12,waypoint_10,0.0,0.3432395638957752,-0.8322438621242686,1.0638120569246137,307.63235688209534,0.0
13,waypoint_10,0.0,0.3432395638957752,-0.8322438621242686,1.0638120569246137,300.77582597732544,0.0
14,waypoint_10,0.0,0.3432395638957752,-0.8322438621242686,1.0638120569246137,313.10227513313293,0.0
0,waypoint_10,-15.0,0.3432395638957752,-0.8322438621242686,1.0638120569246137,331.3997685909271,0.0
1,waypoint_10,-15.0,0.3432395638957752,-0.8322438621242686,1.0638120569246137,251.48695707321167,0.0
2,waypoint_10,-15.0,0.3432395638957752,-0.8322438621242686,1.0638120569246137,285.2074205875397,0.0
3,waypoint_10,-15.0,0.3432395638957752,-0.8322438621242686,1.0638120569246137,221.09943628311157,0.0
4,waypoint_10,-15.0,0.3432395638957752,-0.8322438621242686,1.0638120569246137,149.66966211795807,0.0
5,waypoint_10,-15.0,0.3432395638957752,-0.8322438621242686,1.0638120569246137,36.07724606990814,0.0
6,waypoint_10,-15.0,0.3432395638957752,-0.8322438621242686,1.0638120569246137,0.004201176125206985,0.023775452747941017
7,waypoint_10,-15.0,0.3432395638957752,-0.8322438621242686,1.0638120569246137,131.2926560640335,0.0
8,waypoint_10,-15.0,0.3432395638957752,-0.8322438621242686,1.0638120569246137,207.85851776599884,0.0
9,waypoint_10,-15.0,0.3432395638957752,-0.8322438621242686,1.0638120569246137,0.011811348485935014,0.0024120695888996124
10,waypoint_10,-15.0,0.3432395638957752,-0.8322438621242686,1.0638120569246137,325.2357244491577,0.0
11,waypoint_10,-15.0,0.3432395638957752,-0.8322438621242686,1.0638120569246137,328.3300995826721,0.0
12,waypoint_10,-15.0,0.3432395638957752,-0.8322438621242686,1.0638120569246137,310.66957116127014,0.0
13,waypoint_10,-15.0,0.3432395638957752,-0.8322438621242686,1.0638120569246137,303.71829867362976,0.0
14,waypoint_10,-15.0,0.3432395638957752,-0.8322438621242686,1.0638120569246137,333.0579400062561,0.0
0,waypoint_10,-30.0,0.3432395638957752,-0.8322438621242686,1.0638120569246137,305.70176243782043,0.0
1,waypoint_10,-30.0,0.3432395638957752,-0.8322438621242686,1.0638120569246137,258.489727973938,0.0
2,waypoint_10,-30.0,0.3432395638957752,-0.8322438621242686,1.0638120569246137,160.05460917949677,0.0
3,waypoint_10,-30.0,0.3432395638957752,-0.8322438621242686,1.0638120569246137,80.21681010723114,0.0
4,waypoint_10,-30.0,0.3432395638957752,-0.8322438621242686,1.0638120569246137,40.89396074414253,0.0
5,waypoint_10,-30.0,0.3432395638957752,-0.8322438621242686,1.0638120569246137,59.033431112766266,0.0
6,waypoint_10,-30.0,0.3432395638957752,-0.8322438621242686,1.0638120569246137,0.0043978375288133975,0.026155371218919754
7,waypoint_10,-30.0,0.3432395638957752,-0.8322438621242686,1.0638120569246137,131.86217844486237,0.0
8,waypoint_10,-30.0,0.3432395638957752,-0.8322438621242686,1.0638120569246137,231.40911757946014,0.0
9,waypoint_10,-30.0,0.3432395638957752,-0.8322438621242686,1.0638120569246137,0.006486781785497442,0.002307681366801262
10,waypoint_10,-30.0,0.3432395638957752,-0.8322438621242686,1.0638120569246137,330.1037847995758,0.0
11,waypoint_10,-30.0,0.3432395638957752,-0.8322438621242686,1.0638120569246137,326.2142837047577,0.0
12,waypoint_10,-30.0,0.3432395638957752,-0.8322438621242686,1.0638120569246137,309.4075322151184,0.0
13,waypoint_10,-30.0,0.3432395638957752,-0.8322438621242686,1.0638120569246137,303.8530945777893,0.0
14,waypoint_10,-30.0,0.3432395638957752,-0.8322438621242686,1.0638120569246137,344.05213594436646,0.0
0,waypoint_11,-30.0,0.1632395638957761,-0.8068737827527108,1.0638120569246137,162.89670765399933,0.0
1,waypoint_11,-30.0,0.1632395638957761,-0.8068737827527108,1.0638120569246137,178.06562781333923,0.0
2,waypoint_11,-30.0,0.1632395638957761,-0.8068737827527108,1.0638120569246137,0.022063704818719998,0.028097961097955704
3,waypoint_11,-30.0,0.1632395638957761,-0.8068737827527108,1.0638120569246137,0.013936784853285644,0.03383377194404602
4,waypoint_11,-30.0,0.1632395638957761,-0.8068737827527108,1.0638120569246137,318.2181417942047,0.0
5,waypoint_11,-30.0,0.1632395638957761,-0.8068737827527108,1.0638120569246137,351.8063724040985,0.0
6,waypoint_11,-30.0,0.1632395638957761,-0.8068737827527108,1.0638120569246137,0.008504060133418534,0.010709382593631744
7,waypoint_11,-30.0,0.1632395638957761,-0.8068737827527108,1.0638120569246137,233.77260565757751,0.0
8,waypoint_11,-30.0,0.1632395638957761,-0.8068737827527108,1.0638120569246137,338.4040296077728,0.0
9,waypoint_11,-30.0,0.1632395638957761,-0.8068737827527108,1.0638120569246137,0.009363053322886117,0.020199496299028397
10,waypoint_11,-30.0,0.1632395638957761,-0.8068737827527108,1.0638120569246137,307.4471354484558,0.0
11,waypoint_11,-30.0,0.1632395638957761,-0.8068737827527108,1.0638120569246137,313.03197145462036,0.0
12,waypoint_11,-30.0,0.1632395638957761,-0.8068737827527108,1.0638120569246137,325.69971680641174,0.0
13,waypoint_11,-30.0,0.1632395638957761,-0.8068737827527108,1.0638120569246137,337.3537063598633,0.0
14,waypoint_11,-30.0,0.1632395638957761,-0.8068737827527108,1.0638120569246137,462.77743577957153,0.0
0,waypoint_11,-15.0,0.1632395638957761,-0.8068737827527108,1.0638120569246137,274.39653873443604,0.0
1,waypoint_11,-15.0,0.1632395638957761,-0.8068737827527108,1.0638120569246137,239.6029680967331,0.0
2,waypoint_11,-15.0,0.1632395638957761,-0.8068737827527108,1.0638120569246137,0.003996623490820639,0.005291197448968887
3,waypoint_11,-15.0,0.1632395638957761,-0.8068737827527108,1.0638120569246137,0.0047444696065213066,0.02898717299103737
4,waypoint_11,-15.0,0.1632395638957761,-0.8068737827527108,1.0638120569246137,245.0634241104126,0.0
5,waypoint_11,-15.0,0.1632395638957761,-0.8068737827527108,1.0638120569246137,314.29797410964966,0.0
6,waypoint_11,-15.0,0.1632395638957761,-0.8068737827527108,1.0638120569246137,0.0033649250781309092,0.00990462489426136
7,waypoint_11,-15.0,0.1632395638957761,-0.8068737827527108,1.0638120569246137,219.02231872081757,0.0
8,waypoint_11,-15.0,0.1632395638957761,-0.8068737827527108,1.0638120569246137,126.28811597824097,0.0
9,waypoint_11,-15.0,0.1632395638957761,-0.8068737827527108,1.0638120569246137,0.004211311534163542,0.01869823783636093
10,waypoint_11,-15.0,0.1632395638957761,-0.8068737827527108,1.0638120569246137,296.6097891330719,0.0
11,waypoint_11,-15.0,0.1632395638957761,-0.8068737827527108,1.0638120569246137,307.3405921459198,0.0
12,waypoint_11,-15.0,0.1632395638957761,-0.8068737827527108,1.0638120569246137,315.35738706588745,0.0
13,waypoint_11,-15.0,0.1632395638957761,-0.8068737827527108,1.0638120569246137,327.3313343524933,0.0
14,waypoint_11,-15.0,0.1632395638957761,-0.8068737827527108,1.0638120569246137,455.74840903282166,0.0
0,waypoint_11,0.0,0.1632395638957761,-0.8068737827527108,1.0638120569246137,306.1399757862091,0.0
1,waypoint_11,0.0,0.1632395638957761,-0.8068737827527108,1.0638120569246137,222.51306474208832,0.0
2,waypoint_11,0.0,0.1632395638957761,-0.8068737827527108,1.0638120569246137,181.9794327020645,0.0
3,waypoint_11,0.0,0.1632395638957761,-0.8068737827527108,1.0638120569246137,0.0030741207410756033,0.019798967987298965
4,waypoint_11,0.0,0.1632395638957761,-0.8068737827527108,1.0638120569246137,47.66594246029854,0.0
5,waypoint_11,0.0,0.1632395638957761,-0.8068737827527108,1.0638120569246137,215.559184551239,0.0
6,waypoint_11,0.0,0.1632395638957761,-0.8068737827527108,1.0638120569246137,0.004640964107238688,0.008929351344704628
7,waypoint_11,0.0,0.1632395638957761,-0.8068737827527108,1.0638120569246137,205.90978860855103,0.0
8,waypoint_11,0.0,0.1632395638957761,-0.8068737827527108,1.0638120569246137,127.33897566795349,0.0
9,waypoint_11,0.0,0.1632395638957761,-0.8068737827527108,1.0638120569246137,0.0054158290367922746,0.01440101396292448
10,waypoint_11,0.0,0.1632395638957761,-0.8068737827527108,1.0638120569246137,280.3952693939209,0.0
11,waypoint_11,0.0,0.1632395638957761,-0.8068737827527108,1.0638120569246137,295.7206070423126,0.0
12,waypoint_11,0.0,0.1632395638957761,-0.8068737827527108,1.0638120569246137,298.9996373653412,0.0
13,waypoint_11,0.0,0.1632395638957761,-0.8068737827527108,1.0638120569246137,324.0240514278412,0.0
14,waypoint_11,0.0,0.1632395638957761,-0.8068737827527108,1.0638120569246137,436.25372648239136,0.0
0,waypoint_11,15.0,0.1632395638957761,-0.8068737827527108,1.0638120569246137,297.3420023918152,0.0
1,waypoint_11,15.0,0.1632395638957761,-0.8068737827527108,1.0638120569246137,261.605829000473,0.0
2,waypoint_11,15.0,0.1632395638957761,-0.8068737827527108,1.0638120569246137,191.6574239730835,0.0
3,waypoint_11,15.0,0.1632395638957761,-0.8068737827527108,1.0638120569246137,6.939930375665426,0.0
4,waypoint_11,15.0,0.1632395638957761,-0.8068737827527108,1.0638120569246137,31.98765218257904,0.0
5,waypoint_11,15.0,0.1632395638957761,-0.8068737827527108,1.0638120569246137,81.25507086515427,0.0
6,waypoint_11,15.0,0.1632395638957761,-0.8068737827527108,1.0638120569246137,0.0026361160507804016,0.008008419536054134
7,waypoint_11,15.0,0.1632395638957761,-0.8068737827527108,1.0638120569246137,194.83302533626556,0.0
8,waypoint_11,15.0,0.1632395638957761,-0.8068737827527108,1.0638120569246137,131.36957585811615,0.0
9,waypoint_11,15.0,0.1632395638957761,-0.8068737827527108,1.0638120569246137,0.498153327498585,1.0607820968289161e-06
10,waypoint_11,15.0,0.1632395638957761,-0.8068737827527108,1.0638120569246137,271.7570960521698,0.0
11,waypoint_11,15.0,0.1632395638957761,-0.8068737827527108,1.0638120569246137,284.4497561454773,0.0
12,waypoint_11,15.0,0.1632395638957761,-0.8068737827527108,1.0638120569246137,285.5201065540314,0.0
13,waypoint_11,15.0,0.1632395638957761,-0.8068737827527108,1.0638120569246137,322.47406244277954,0.0
14,waypoint_11,15.0,0.1632395638957761,-0.8068737827527108,1.0638120569246137,411.9013547897339,0.0
0,waypoint_11,30.0,0.1632395638957761,-0.8068737827527108,1.0638120569246137,302.5157153606415,0.0
1,waypoint_11,30.0,0.1632395638957761,-0.8068737827527108,1.0638120569246137,291.84094071388245,0.0
2,waypoint_11,30.0,0.1632395638957761,-0.8068737827527108,1.0638120569246137,278.792142868042,0.0
3,waypoint_11,30.0,0.1632395638957761,-0.8068737827527108,1.0638120569246137,98.83943945169449,0.0
4,waypoint_11,30.0,0.1632395638957761,-0.8068737827527108,1.0638120569246137,0.22365407494362444,7.963010375533486e-07
5,waypoint_11,30.0,0.1632395638957761,-0.8068737827527108,1.0638120569246137,0.11734802683349699,0.005982192698866129
6,waypoint_11,30.0,0.1632395638957761,-0.8068737827527108,1.0638120569246137,0.003315466528874822,0.007238345220685005
7,waypoint_11,30.0,0.1632395638957761,-0.8068737827527108,1.0638120569246137,118.53013932704926,0.0
8,waypoint_11,30.0,0.1632395638957761,-0.8068737827527108,1.0638120569246137,62.120452523231506,0.0
9,waypoint_11,30.0,0.1632395638957761,-0.8068737827527108,1.0638120569246137,128.02256643772125,0.0
10,waypoint_11,30.0,0.1632395638957761,-0.8068737827527108,1.0638120569246137,253.45727801322937,0.0
11,waypoint_11,30.0,0.1632395638957761,-0.8068737827527108,1.0638120569246137,259.6816122531891,0.0
12,waypoint_11,30.0,0.1632395638957761,-0.8068737827527108,1.0638120569246137,264.0436589717865,0.0
13,waypoint_11,30.0,0.1632395638957761,-0.8068737827527108,1.0638120569246137,316.19247794151306,0.0
14,waypoint_11,30.0,0.1632395638957761,-0.8068737827527108,1.0638120569246137,388.841450214386,0.0
0,waypoint_12,30.0,0.18323956389577567,-0.8068737827527108,1.0638120569246137,288.8295650482178,0.0
1,waypoint_12,30.0,0.18323956389577567,-0.8068737827527108,1.0638120569246137,269.8640823364258,0.0
2,waypoint_12,30.0,0.18323956389577567,-0.8068737827527108,1.0638120569246137,246.81150913238525,0.0
3,waypoint_12,30.0,0.18323956389577567,-0.8068737827527108,1.0638120569246137,145.03784477710724,0.0
4,waypoint_12,30.0,0.18323956389577567,-0.8068737827527108,1.0638120569246137,7.331602741032839,0.0
5,waypoint_12,30.0,0.18323956389577567,-0.8068737827527108,1.0638120569246137,0.09340357792098075,0.00651281513273716
6,waypoint_12,30.0,0.18323956389577567,-0.8068737827527108,1.0638120569246137,0.009085762030736078,0.008286623284220695
7,waypoint_12,30.0,0.18323956389577567,-0.8068737827527108,1.0638120569246137,122.4721297621727,0.0
8,waypoint_12,30.0,0.18323956389577567,-0.8068737827527108,1.0638120569246137,69.76480036973953,0.0
9,waypoint_12,30.0,0.18323956389577567,-0.8068737827527108,1.0638120569246137,104.06097769737244,0.0
10,waypoint_12,30.0,0.18323956389577567,-0.8068737827527108,1.0638120569246137,253.24338674545288,0.0
11,waypoint_12,30.0,0.18323956389577567,-0.8068737827527108,1.0638120569246137,259.98806953430176,0.0
12,waypoint_12,30.0,0.18323956389577567,-0.8068737827527108,1.0638120569246137,260.2527439594269,0.0
13,waypoint_12,30.0,0.18323956389577567,-0.8068737827527108,1.0638120569246137,310.8290731906891,0.0
14,waypoint_12,30.0,0.18323956389577567,-0.8068737827527108,1.0638120569246137,374.80780482292175,0.0
0,waypoint_12,15.0,0.18323956389577567,-0.8068737827527108,1.0638120569246137,273.84117245674133,0.0
1,waypoint_12,15.0,0.18323956389577567,-0.8068737827527108,1.0638120569246137,303.9940595626831,0.0
2,waypoint_12,15.0,0.18323956389577567,-0.8068737827527108,1.0638120569246137,206.35683834552765,0.0
3,waypoint_12,15.0,0.18323956389577567,-0.8068737827527108,1.0638120569246137,126.10854208469391,0.0
4,waypoint_12,15.0,0.18323956389577567,-0.8068737827527108,1.0638120569246137,0.3951908147428185,0.00933564081788063
5,waypoint_12,15.0,0.18323956389577567,-0.8068737827527108,1.0638120569246137,69.57609951496124,0.0
6,waypoint_12,15.0,0.18323956389577567,-0.8068737827527108,1.0638120569246137,0.0022808026187703945,0.009524400345981121
7,waypoint_12,15.0,0.18323956389577567,-0.8068737827527108,1.0638120569246137,174.4093894958496,0.0
8,waypoint_12,15.0,0.18323956389577567,-0.8068737827527108,1.0638120569246137,68.1852474808693,0.0
9,waypoint_12,15.0,0.18323956389577567,-0.8068737827527108,1.0638120569246137,21.13880217075348,0.0
10,waypoint_12,15.0,0.18323956389577567,-0.8068737827527108,1.0638120569246137,269.0925896167755,0.0
11,waypoint_12,15.0,0.18323956389577567,-0.8068737827527108,1.0638120569246137,280.5931270122528,0.0
12,waypoint_12,15.0,0.18323956389577567,-0.8068737827527108,1.0638120569246137,279.01187539100647,0.0
13,waypoint_12,15.0,0.18323956389577567,-0.8068737827527108,1.0638120569246137,322.12987542152405,0.0
14,waypoint_12,15.0,0.18323956389577567,-0.8068737827527108,1.0638120569246137,396.21829986572266,0.0
0,waypoint_12,0.0,0.18323956389577567,-0.8068737827527108,1.0638120569246137,265.5544579029083,0.0
1,waypoint_12,0.0,0.18323956389577567,-0.8068737827527108,1.0638120569246137,244.75975334644318,0.0
2,waypoint_12,0.0,0.18323956389577567,-0.8068737827527108,1.0638120569246137,253.5228729248047,0.0
3,waypoint_12,0.0,0.18323956389577567,-0.8068737827527108,1.0638120569246137,0.2215467975474894,0.011870397254824638
4,waypoint_12,0.0,0.18323956389577567,-0.8068737827527108,1.0638120569246137,9.236473590135574,0.0
5,waypoint_12,0.0,0.18323956389577567,-0.8068737827527108,1.0638120569246137,64.39941376447678,0.0
6,waypoint_12,0.0,0.18323956389577567,-0.8068737827527108,1.0638120569246137,0.0037850415992579656,0.010706848464906216
7,waypoint_12,0.0,0.18323956389577567,-0.8068737827527108,1.0638120569246137,252.95951962471008,0.0
8,waypoint_12,0.0,0.18323956389577567,-0.8068737827527108,1.0638120569246137,66.59767776727676,0.0
9,waypoint_12,0.0,0.18323956389577567,-0.8068737827527108,1.0638120569246137,259.38743352890015,0.0
10,waypoint_12,0.0,0.18323956389577567,-0.8068737827527108,1.0638120569246137,279.56652641296387,0.0
11,waypoint_12,0.0,0.18323956389577567,-0.8068737827527108,1.0638120569246137,291.37668013572693,0.0
12,waypoint_12,0.0,0.18323956389577567,-0.8068737827527108,1.0638120569246137,291.28706455230713,0.0
13,waypoint_12,0.0,0.18323956389577567,-0.8068737827527108,1.0638120569246137,357.93808102607727,0.0
14,waypoint_12,0.0,0.18323956389577567,-0.8068737827527108,1.0638120569246137,411.8587374687195,0.0
0,waypoint_12,-15.0,0.18323956389577567,-0.8068737827527108,1.0638120569246137,265.87390899658203,0.0
1,waypoint_12,-15.0,0.18323956389577567,-0.8068737827527108,1.0638120569246137,239.3428236246109,0.0
2,waypoint_12,-15.0,0.18323956389577567,-0.8068737827527108,1.0638120569246137,204.11314070224762,0.0
3,waypoint_12,-15.0,0.18323956389577567,-0.8068737827527108,1.0638120569246137,67.07926094532013,0.0
4,waypoint_12,-15.0,0.18323956389577567,-0.8068737827527108,1.0638120569246137,17.861703410744667,0.0
5,waypoint_12,-15.0,0.18323956389577567,-0.8068737827527108,1.0638120569246137,74.46818798780441,0.0
6,waypoint_12,-15.0,0.18323956389577567,-0.8068737827527108,1.0638120569246137,0.003506588655000087,0.011774009093642235
7,waypoint_12,-15.0,0.18323956389577567,-0.8068737827527108,1.0638120569246137,268.83187890052795,0.0
8,waypoint_12,-15.0,0.18323956389577567,-0.8068737827527108,1.0638120569246137,65.39197266101837,0.0
9,waypoint_12,-15.0,0.18323956389577567,-0.8068737827527108,1.0638120569246137,267.2751843929291,0.0
10,waypoint_12,-15.0,0.18323956389577567,-0.8068737827527108,1.0638120569246137,294.44897174835205,0.0
11,waypoint_12,-15.0,0.18323956389577567,-0.8068737827527108,1.0638120569246137,302.96266078948975,0.0
12,waypoint_12,-15.0,0.18323956389577567,-0.8068737827527108,1.0638120569246137,303.72822284698486,0.0
13,waypoint_12,-15.0,0.18323956389577567,-0.8068737827527108,1.0638120569246137,360.1941168308258,0.0
14,waypoint_12,-15.0,0.18323956389577567,-0.8068737827527108,1.0638120569246137,438.51566314697266,0.0
0,waypoint_12,-30.0,0.18323956389577567,-0.8068737827527108,1.0638120569246137,186.2858086824417,0.0
1,waypoint_12,-30.0,0.18323956389577567,-0.8068737827527108,1.0638120569246137,160.52690148353577,0.0
2,waypoint_12,-30.0,0.18323956389577567,-0.8068737827527108,1.0638120569246137,5.095963831990957,0.0
3,waypoint_12,-30.0,0.18323956389577567,-0.8068737827527108,1.0638120569246137,109.81804877519608,0.0
4,waypoint_12,-30.0,0.18323956389577567,-0.8068737827527108,1.0638120569246137,107.84448683261871,0.0
5,waypoint_12,-30.0,0.18323956389577567,-0.8068737827527108,1.0638120569246137,96.85196727514267,0.0
6,waypoint_12,-30.0,0.18323956389577567,-0.8068737827527108,1.0638120569246137,0.004360951606940944,0.012554872781038284
7,waypoint_12,-30.0,0.18323956389577567,-0.8068737827527108,1.0638120569246137,256.7683756351471,0.0
8,waypoint_12,-30.0,0.18323956389577567,-0.8068737827527108,1.0638120569246137,63.519030809402466,0.0
9,waypoint_12,-30.0,0.18323956389577567,-0.8068737827527108,1.0638120569246137,272.98927307128906,0.0
10,waypoint_12,-30.0,0.18323956389577567,-0.8068737827527108,1.0638120569246137,311.30480766296387,0.0
11,waypoint_12,-30.0,0.18323956389577567,-0.8068737827527108,1.0638120569246137,308.05090069770813,0.0
12,waypoint_12,-30.0,0.18323956389577567,-0.8068737827527108,1.0638120569246137,308.72124433517456,0.0
13,waypoint_12,-30.0,0.18323956389577567,-0.8068737827527108,1.0638120569246137,365.4060363769531,0.0
14,waypoint_12,-30.0,0.18323956389577567,-0.8068737827527108,1.0638120569246137,467.8259491920471,0.0
0,waypoint_13,-30.0,0.20323956389577547,-0.8068737827527108,1.0638120569246137,201.64965093135834,0.0
1,waypoint_13,-30.0,0.20323956389577547,-0.8068737827527108,1.0638120569246137,137.6841962337494,0.0
2,waypoint_13,-30.0,0.20323956389577547,-0.8068737827527108,1.0638120569246137,0.010395159733889159,0.011918457224965096
3,waypoint_13,-30.0,0.20323956389577547,-0.8068737827527108,1.0638120569246137,99.21541064977646,0.0
4,waypoint_13,-30.0,0.20323956389577547,-0.8068737827527108,1.0638120569246137,109.35509949922562,0.0
5,waypoint_13,-30.0,0.20323956389577547,-0.8068737827527108,1.0638120569246137,94.7122797369957,0.0
6,waypoint_13,-30.0,0.20323956389577547,-0.8068737827527108,1.0638120569246137,0.009307155778515153,0.014386777766048908
7,waypoint_13,-30.0,0.20323956389577547,-0.8068737827527108,1.0638120569246137,261.6621255874634,0.0
8,waypoint_13,-30.0,0.20323956389577547,-0.8068737827527108,1.0638120569246137,77.08840817213058,0.0
9,waypoint_13,-30.0,0.20323956389577547,-0.8068737827527108,1.0638120569246137,274.5274007320404,0.0
10,waypoint_13,-30.0,0.20323956389577547,-0.8068737827527108,1.0638120569246137,312.20826506614685,0.0
11,waypoint_13,-30.0,0.20323956389577547,-0.8068737827527108,1.0638120569246137,306.72138929367065,0.0
12,waypoint_13,-30.0,0.20323956389577547,-0.8068737827527108,1.0638120569246137,302.1661341190338,0.0
13,waypoint_13,-30.0,0.20323956389577547,-0.8068737827527108,1.0638120569246137,357.4144244194031,0.0
14,waypoint_13,-30.0,0.20323956389577547,-0.8068737827527108,1.0638120569246137,456.1975598335266,0.0
0,waypoint_13,-15.0,0.20323956389577547,-0.8068737827527108,1.0638120569246137,245.7188367843628,0.0
1,waypoint_13,-15.0,0.20323956389577547,-0.8068737827527108,1.0638120569246137,236.33436858654022,0.0
2,waypoint_13,-15.0,0.20323956389577547,-0.8068737827527108,1.0638120569246137,268.6803340911865,0.0
3,waypoint_13,-15.0,0.20323956389577547,-0.8068737827527108,1.0638120569246137,56.44248425960541,0.0
4,waypoint_13,-15.0,0.20323956389577547,-0.8068737827527108,1.0638120569246137,80.46150207519531,0.0
5,waypoint_13,-15.0,0.20323956389577547,-0.8068737827527108,1.0638120569246137,74.32622462511063,0.0
6,waypoint_13,-15.0,0.20323956389577547,-0.8068737827527108,1.0638120569246137,0.004887603608949576,0.013612443581223488
7,waypoint_13,-15.0,0.20323956389577547,-0.8068737827527108,1.0638120569246137,278.852254152298,0.0
8,waypoint_13,-15.0,0.20323956389577547,-0.8068737827527108,1.0638120569246137,78.05082201957703,0.0
9,waypoint_13,-15.0,0.20323956389577547,-0.8068737827527108,1.0638120569246137,269.4658041000366,0.0
10,waypoint_13,-15.0,0.20323956389577547,-0.8068737827527108,1.0638120569246137,303.34338545799255,0.0
11,waypoint_13,-15.0,0.20323956389577547,-0.8068737827527108,1.0638120569246137,302.702933549881,0.0
12,waypoint_13,-15.0,0.20323956389577547,-0.8068737827527108,1.0638120569246137,306.01707100868225,0.0
13,waypoint_13,-15.0,0.20323956389577547,-0.8068737827527108,1.0638120569246137,357.71891474723816,0.0
14,waypoint_13,-15.0,0.20323956389577547,-0.8068737827527108,1.0638120569246137,451.79283618927,0.0
0,waypoint_13,0.0,0.20323956389577547,-0.8068737827527108,1.0638120569246137,289.1089916229248,0.0
1,waypoint_13,0.0,0.20323956389577547,-0.8068737827527108,1.0638120569246137,249.51563775539398,0.0
2,waypoint_13,0.0,0.20323956389577547,-0.8068737827527108,1.0638120569246137,273.8376259803772,0.0
3,waypoint_13,0.0,0.20323956389577547,-0.8068737827527108,1.0638120569246137,0.020068273443030193,0.008045164868235588
4,waypoint_13,0.0,0.20323956389577547,-0.8068737827527108,1.0638120569246137,49.008022993803024,0.0
5,waypoint_13,0.0,0.20323956389577547,-0.8068737827527108,1.0638120569246137,67.24419444799423,0.0
6,waypoint_13,0.0,0.20323956389577547,-0.8068737827527108,1.0638120569246137,0.004587839612213429,0.012438584119081497
7,waypoint_13,0.0,0.20323956389577547,-0.8068737827527108,1.0638120569246137,227.96092927455902,0.0
8,waypoint_13,0.0,0.20323956389577547,-0.8068737827527108,1.0638120569246137,78.9920911192894,0.0
9,waypoint_13,0.0,0.20323956389577547,-0.8068737827527108,1.0638120569246137,260.37681102752686,0.0
10,waypoint_13,0.0,0.20323956389577547,-0.8068737827527108,1.0638120569246137,288.8573110103607,0.0
11,waypoint_13,0.0,0.20323956389577547,-0.8068737827527108,1.0638120569246137,290.99786281585693,0.0
12,waypoint_13,0.0,0.20323956389577547,-0.8068737827527108,1.0638120569246137,290.7402515411377,0.0
13,waypoint_13,0.0,0.20323956389577547,-0.8068737827527108,1.0638120569246137,373.10314178466797,0.0
14,waypoint_13,0.0,0.20323956389577547,-0.8068737827527108,1.0638120569246137,426.7365038394928,0.0
0,waypoint_13,15.0,0.20323956389577547,-0.8068737827527108,1.0638120569246137,277.286171913147,0.0
1,waypoint_13,15.0,0.20323956389577547,-0.8068737827527108,1.0638120569246137,292.0752167701721,0.0
2,waypoint_13,15.0,0.20323956389577547,-0.8068737827527108,1.0638120569246137,224.99969601631165,0.0
3,waypoint_13,15.0,0.20323956389577547,-0.8068737827527108,1.0638120569246137,169.18303072452545,0.0
4,waypoint_13,15.0,0.20323956389577547,-0.8068737827527108,1.0638120569246137,0.16466302622575313,0.00972942914813757
5,waypoint_13,15.0,0.20323956389577547,-0.8068737827527108,1.0638120569246137,2.670838963240385,0.0
6,waypoint_13,15.0,0.20323956389577547,-0.8068737827527108,1.0638120569246137,0.0022907597667654045,0.010979773476719856
7,waypoint_13,15.0,0.20323956389577547,-0.8068737827527108,1.0638120569246137,154.38568592071533,0.0
8,waypoint_13,15.0,0.20323956389577547,-0.8068737827527108,1.0638120569246137,79.93572950363159,0.0
9,waypoint_13,15.0,0.20323956389577547,-0.8068737827527108,1.0638120569246137,241.69236421585083,0.0
10,waypoint_13,15.0,0.20323956389577547,-0.8068737827527108,1.0638120569246137,275.1476764678955,0.0
11,waypoint_13,15.0,0.20323956389577547,-0.8068737827527108,1.0638120569246137,280.41499853134155,0.0
12,waypoint_13,15.0,0.20323956389577547,-0.8068737827527108,1.0638120569246137,276.32951736450195,0.0
13,waypoint_13,15.0,0.20323956389577547,-0.8068737827527108,1.0638120569246137,374.93711709976196,0.0
14,waypoint_13,15.0,0.20323956389577547,-0.8068737827527108,1.0638120569246137,404.68570590019226,0.0
0,waypoint_13,30.0,0.20323956389577547,-0.8068737827527108,1.0638120569246137,325.806587934494,0.0
1,waypoint_13,30.0,0.20323956389577547,-0.8068737827527108,1.0638120569246137,293.23819279670715,0.0
2,waypoint_13,30.0,0.20323956389577547,-0.8068737827527108,1.0638120569246137,296.7509627342224,0.0
3,waypoint_13,30.0,0.20323956389577547,-0.8068737827527108,1.0638120569246137,158.28044712543488,0.0
4,waypoint_13,30.0,0.20323956389577547,-0.8068737827527108,1.0638120569246137,27.037983760237694,0.0
5,waypoint_13,30.0,0.20323956389577547,-0.8068737827527108,1.0638120569246137,0.05717586100217886,0.007020412012934685
6,waypoint_13,30.0,0.20323956389577547,-0.8068737827527108,1.0638120569246137,0.0024726948595343856,0.009239772334694862
7,waypoint_13,30.0,0.20323956389577547,-0.8068737827527108,1.0638120569246137,80.24223148822784,0.0
8,waypoint_13,30.0,0.20323956389577547,-0.8068737827527108,1.0638120569246137,80.94790577888489,0.0
9,waypoint_13,30.0,0.20323956389577547,-0.8068737827527108,1.0638120569246137,69.6924552321434,0.0
10,waypoint_13,30.0,0.20323956389577547,-0.8068737827527108,1.0638120569246137,261.0185742378235,0.0
11,waypoint_13,30.0,0.20323956389577547,-0.8068737827527108,1.0638120569246137,260.6894075870514,0.0
12,waypoint_13,30.0,0.20323956389577547,-0.8068737827527108,1.0638120569246137,253.38998436927795,0.0
13,waypoint_13,30.0,0.20323956389577547,-0.8068737827527108,1.0638120569246137,373.0695843696594,0.0
14,waypoint_13,30.0,0.20323956389577547,-0.8068737827527108,1.0638120569246137,385.39066910743713,0.0
0,waypoint_14,30.0,0.22323956389577598,-0.8068737827527108,1.0638120569246137,324.73453879356384,0.0
1,waypoint_14,30.0,0.22323956389577598,-0.8068737827527108,1.0638120569246137,298.255980014801,0.0
2,waypoint_14,30.0,0.22323956389577598,-0.8068737827527108,1.0638120569246137,253.44887375831604,0.0
3,waypoint_14,30.0,0.22323956389577598,-0.8068737827527108,1.0638120569246137,200.98084211349487,0.0
4,waypoint_14,30.0,0.22323956389577598,-0.8068737827527108,1.0638120569246137,89.1595333814621,0.0
5,waypoint_14,30.0,0.22323956389577598,-0.8068737827527108,1.0638120569246137,0.017552531062392518,0.007500728592276573
6,waypoint_14,30.0,0.22323956389577598,-0.8068737827527108,1.0638120569246137,0.008897690349840559,0.010061739012598991
7,waypoint_14,30.0,0.22323956389577598,-0.8068737827527108,1.0638120569246137,54.55010384321213,0.0
8,waypoint_14,30.0,0.22323956389577598,-0.8068737827527108,1.0638120569246137,95.8281010389328,0.0
9,waypoint_14,30.0,0.22323956389577598,-0.8068737827527108,1.0638120569246137,46.25560715794563,0.0
10,waypoint_14,30.0,0.22323956389577598,-0.8068737827527108,1.0638120569246137,264.59240913391113,0.0
11,waypoint_14,30.0,0.22323956389577598,-0.8068737827527108,1.0638120569246137,264.85902070999146,0.0
12,waypoint_14,30.0,0.22323956389577598,-0.8068737827527108,1.0638120569246137,253.80319356918335,0.0
13,waypoint_14,30.0,0.22323956389577598,-0.8068737827527108,1.0638120569246137,374.8178482055664,0.0
14,waypoint_14,30.0,0.22323956389577598,-0.8068737827527108,1.0638120569246137,372.1197247505188,0.0
0,waypoint_14,15.0,0.22323956389577598,-0.8068737827527108,1.0638120569246137,313.0486011505127,0.0
1,waypoint_14,15.0,0.22323956389577598,-0.8068737827527108,1.0638120569246137,217.68565475940704,0.0
2,waypoint_14,15.0,0.22323956389577598,-0.8068737827527108,1.0638120569246137,233.05566608905792,0.0
3,waypoint_14,15.0,0.22323956389577598,-0.8068737827527108,1.0638120569246137,177.78493463993073,0.0
4,waypoint_14,15.0,0.22323956389577598,-0.8068737827527108,1.0638120569246137,0.04875193553743884,0.01006508432328701
5,waypoint_14,15.0,0.22323956389577598,-0.8068737827527108,1.0638120569246137,1.470291055738926,0.007924368605017662
6,waypoint_14,15.0,0.22323956389577598,-0.8068737827527108,1.0638120569246137,0.003439038209762657,0.012354358099400997
7,waypoint_14,15.0,0.22323956389577598,-0.8068737827527108,1.0638120569246137,184.3654215335846,0.0
8,waypoint_14,15.0,0.22323956389577598,-0.8068737827527108,1.0638120569246137,95.13554722070694,0.0
9,waypoint_14,15.0,0.22323956389577598,-0.8068737827527108,1.0638120569246137,0.03818346158368513,0.006936532445251942
10,waypoint_14,15.0,0.22323956389577598,-0.8068737827527108,1.0638120569246137,281.9106876850128,0.0
11,waypoint_14,15.0,0.22323956389577598,-0.8068737827527108,1.0638120569246137,282.7882766723633,0.0
12,waypoint_14,15.0,0.22323956389577598,-0.8068737827527108,1.0638120569246137,275.39148926734924,0.0
13,waypoint_14,15.0,0.22323956389577598,-0.8068737827527108,1.0638120569246137,373.98436665534973,0.0
14,waypoint_14,15.0,0.22323956389577598,-0.8068737827527108,1.0638120569246137,389.1790807247162,0.0
0,waypoint_14,0.0,0.22323956389577598,-0.8068737827527108,1.0638120569246137,275.3691077232361,0.0
1,waypoint_14,0.0,0.22323956389577598,-0.8068737827527108,1.0638120569246137,282.12109208106995,0.0
2,waypoint_14,0.0,0.22323956389577598,-0.8068737827527108,1.0638120569246137,267.28081703186035,0.0
3,waypoint_14,0.0,0.22323956389577598,-0.8068737827527108,1.0638120569246137,142.3698365688324,0.0
4,waypoint_14,0.0,0.22323956389577598,-0.8068737827527108,1.0638120569246137,36.52319312095642,0.0
5,waypoint_14,0.0,0.22323956389577598,-0.8068737827527108,1.0638120569246137,51.11726000905037,0.0
6,waypoint_14,0.0,0.22323956389577598,-0.8068737827527108,1.0638120569246137,0.002980269528052304,0.01411481387913227
7,waypoint_14,0.0,0.22323956389577598,-0.8068737827527108,1.0638120569246137,227.06609964370728,0.0
8,waypoint_14,0.0,0.22323956389577598,-0.8068737827527108,1.0638120569246137,94.3451076745987,0.0
9,waypoint_14,0.0,0.22323956389577598,-0.8068737827527108,1.0638120569246137,0.027939006031374447,0.012142481282353401
10,waypoint_14,0.0,0.22323956389577598,-0.8068737827527108,1.0638120569246137,296.34273052215576,0.0
11,waypoint_14,0.0,0.22323956389577598,-0.8068737827527108,1.0638120569246137,293.4647500514984,0.0
12,waypoint_14,0.0,0.22323956389577598,-0.8068737827527108,1.0638120569246137,295.99183797836304,0.0
13,waypoint_14,0.0,0.22323956389577598,-0.8068737827527108,1.0638120569246137,371.4348375797272,0.0
14,waypoint_14,0.0,0.22323956389577598,-0.8068737827527108,1.0638120569246137,398.76848459243774,0.0
0,waypoint_14,-15.0,0.22323956389577598,-0.8068737827527108,1.0638120569246137,286.9783341884613,0.0
1,waypoint_14,-15.0,0.22323956389577598,-0.8068737827527108,1.0638120569246137,236.75251007080078,0.0
2,waypoint_14,-15.0,0.22323956389577598,-0.8068737827527108,1.0638120569246137,266.8763995170593,0.0
3,waypoint_14,-15.0,0.22323956389577598,-0.8068737827527108,1.0638120569246137,40.62660038471222,0.0
4,waypoint_14,-15.0,0.22323956389577598,-0.8068737827527108,1.0638120569246137,38.28480467200279,0.0
5,waypoint_14,-15.0,0.22323956389577598,-0.8068737827527108,1.0638120569246137,32.09405019879341,0.0
6,waypoint_14,-15.0,0.22323956389577598,-0.8068737827527108,1.0638120569246137,0.005174373200134141,0.015416862443089485
7,waypoint_14,-15.0,0.22323956389577598,-0.8068737827527108,1.0638120569246137,259.12225246429443,0.0
8,waypoint_14,-15.0,0.22323956389577598,-0.8068737827527108,1.0638120569246137,93.5707837343216,0.0
9,waypoint_14,-15.0,0.22323956389577598,-0.8068737827527108,1.0638120569246137,0.00462310799775878,0.013953804969787598
10,waypoint_14,-15.0,0.22323956389577598,-0.8068737827527108,1.0638120569246137,311.8016719818115,0.0
11,waypoint_14,-15.0,0.22323956389577598,-0.8068737827527108,1.0638120569246137,303.8567304611206,0.0
12,waypoint_14,-15.0,0.22323956389577598,-0.8068737827527108,1.0638120569246137,316.797137260437,0.0
13,waypoint_14,-15.0,0.22323956389577598,-0.8068737827527108,1.0638120569246137,350.6973087787628,0.0
14,waypoint_14,-15.0,0.22323956389577598,-0.8068737827527108,1.0638120569246137,409.6434414386749,0.0
0,waypoint_14,-30.0,0.22323956389577598,-0.8068737827527108,1.0638120569246137,186.69116497039795,0.0
1,waypoint_14,-30.0,0.22323956389577598,-0.8068737827527108,1.0638120569246137,209.78382229804993,0.0
2,waypoint_14,-30.0,0.22323956389577598,-0.8068737827527108,1.0638120569246137,8.015349507331848,0.0
3,waypoint_14,-30.0,0.22323956389577598,-0.8068737827527108,1.0638120569246137,94.59926933050156,0.0
4,waypoint_14,-30.0,0.22323956389577598,-0.8068737827527108,1.0638120569246137,107.30777680873871,0.0
5,waypoint_14,-30.0,0.22323956389577598,-0.8068737827527108,1.0638120569246137,19.76138912141323,0.0
6,waypoint_14,-30.0,0.22323956389577598,-0.8068737827527108,1.0638120569246137,0.004432538389664842,0.016203144565224648
7,waypoint_14,-30.0,0.22323956389577598,-0.8068737827527108,1.0638120569246137,272.81057834625244,0.0
8,waypoint_14,-30.0,0.22323956389577598,-0.8068737827527108,1.0638120569246137,92.78151392936707,0.0
9,waypoint_14,-30.0,0.22323956389577598,-0.8068737827527108,1.0638120569246137,0.003873843525070697,0.014183021150529385
10,waypoint_14,-30.0,0.22323956389577598,-0.8068737827527108,1.0638120569246137,324.9322474002838,0.0
11,waypoint_14,-30.0,0.22323956389577598,-0.8068737827527108,1.0638120569246137,307.3310852050781,0.0
12,waypoint_14,-30.0,0.22323956389577598,-0.8068737827527108,1.0638120569246137,332.8999876976013,0.0
13,waypoint_14,-30.0,0.22323956389577598,-0.8068737827527108,1.0638120569246137,353.47458720207214,0.0
14,waypoint_14,-30.0,0.22323956389577598,-0.8068737827527108,1.0638120569246137,441.54155254364014,0.0
0,waypoint_15,-30.0,0.24323956389577556,-0.8068737827527108,1.0638120569246137,192.7245855331421,0.0
1,waypoint_15,-30.0,0.24323956389577556,-0.8068737827527108,1.0638120569246137,175.7858544588089,0.0
2,waypoint_15,-30.0,0.24323956389577556,-0.8068737827527108,1.0638120569246137,112.70636320114136,0.0
3,waypoint_15,-30.0,0.24323956389577556,-0.8068737827527108,1.0638120569246137,74.84395802021027,0.0
4,waypoint_15,-30.0,0.24323956389577556,-0.8068737827527108,1.0638120569246137,97.0253124833107,0.0
5,waypoint_15,-30.0,0.24323956389577556,-0.8068737827527108,1.0638120569246137,11.337854899466038,0.0
6,waypoint_15,-30.0,0.24323956389577556,-0.8068737827527108,1.0638120569246137,0.010188569831370842,0.01800714060664177
7,waypoint_15,-30.0,0.24323956389577556,-0.8068737827527108,1.0638120569246137,273.11888337135315,0.0
8,waypoint_15,-30.0,0.24323956389577556,-0.8068737827527108,1.0638120569246137,109.45847630500793,0.0
9,waypoint_15,-30.0,0.24323956389577556,-0.8068737827527108,1.0638120569246137,0.00888968861545436,0.0120536582544446
10,waypoint_15,-30.0,0.24323956389577556,-0.8068737827527108,1.0638120569246137,327.85141468048096,0.0
11,waypoint_15,-30.0,0.24323956389577556,-0.8068737827527108,1.0638120569246137,308.8565766811371,0.0
12,waypoint_15,-30.0,0.24323956389577556,-0.8068737827527108,1.0638120569246137,329.61833477020264,0.0
13,waypoint_15,-30.0,0.24323956389577556,-0.8068737827527108,1.0638120569246137,328.17405462265015,0.0
14,waypoint_15,-30.0,0.24323956389577556,-0.8068737827527108,1.0638120569246137,436.34575605392456,0.0
0,waypoint_15,-15.0,0.24323956389577556,-0.8068737827527108,1.0638120569246137,286.52864694595337,0.0
1,waypoint_15,-15.0,0.24323956389577556,-0.8068737827527108,1.0638120569246137,270.1667249202728,0.0
2,waypoint_15,-15.0,0.24323956389577556,-0.8068737827527108,1.0638120569246137,219.07398104667664,0.0
3,waypoint_15,-15.0,0.24323956389577556,-0.8068737827527108,1.0638120569246137,0.24691384169273078,0.013537336140871048
4,waypoint_15,-15.0,0.24323956389577556,-0.8068737827527108,1.0638120569246137,71.08616083860397,0.0
5,waypoint_15,-15.0,0.24323956389577556,-0.8068737827527108,1.0638120569246137,10.451165027916431,0.0
6,waypoint_15,-15.0,0.24323956389577556,-0.8068737827527108,1.0638120569246137,0.004196549070911715,0.017182322219014168
7,waypoint_15,-15.0,0.24323956389577556,-0.8068737827527108,1.0638120569246137,249.6311515569687,0.0
8,waypoint_15,-15.0,0.24323956389577556,-0.8068737827527108,1.0638120569246137,110.07941514253616,0.0
9,waypoint_15,-15.0,0.24323956389577556,-0.8068737827527108,1.0638120569246137,0.004599995918397326,0.012086641974747181
10,waypoint_15,-15.0,0.24323956389577556,-0.8068737827527108,1.0638120569246137,318.8508152961731,0.0
11,waypoint_15,-15.0,0.24323956389577556,-0.8068737827527108,1.0638120569246137,306.3566982746124,0.0
12,waypoint_15,-15.0,0.24323956389577556,-0.8068737827527108,1.0638120569246137,318.53246688842773,0.0
13,waypoint_15,-15.0,0.24323956389577556,-0.8068737827527108,1.0638120569246137,327.7810215950012,0.0
14,waypoint_15,-15.0,0.24323956389577556,-0.8068737827527108,1.0638120569246137,410.15157103538513,0.0
0,waypoint_15,0.0,0.24323956389577556,-0.8068737827527108,1.0638120569246137,305.20063638687134,0.0
1,waypoint_15,0.0,0.24323956389577556,-0.8068737827527108,1.0638120569246137,295.66606879234314,0.0
2,waypoint_15,0.0,0.24323956389577556,-0.8068737827527108,1.0638120569246137,228.31681370735168,0.0
3,waypoint_15,0.0,0.24323956389577556,-0.8068737827527108,1.0638120569246137,166.4104014635086,0.0
4,waypoint_15,0.0,0.24323956389577556,-0.8068737827527108,1.0638120569246137,45.77627405524254,0.0
5,waypoint_15,0.0,0.24323956389577556,-0.8068737827527108,1.0638120569246137,39.22775760293007,0.0
6,waypoint_15,0.0,0.24323956389577556,-0.8068737827527108,1.0638120569246137,0.002698879598028725,0.015724318102002144
7,waypoint_15,0.0,0.24323956389577556,-0.8068737827527108,1.0638120569246137,214.474156498909,0.0
8,waypoint_15,0.0,0.24323956389577556,-0.8068737827527108,1.0638120569246137,110.72313785552979,0.0
9,waypoint_15,0.0,0.24323956389577556,-0.8068737827527108,1.0638120569246137,0.003873843525070697,0.010797493159770966
10,waypoint_15,0.0,0.24323956389577556,-0.8068737827527108,1.0638120569246137,306.6861033439636,0.0
11,waypoint_15,0.0,0.24323956389577556,-0.8068737827527108,1.0638120569246137,297.4148392677307,0.0
12,waypoint_15,0.0,0.24323956389577556,-0.8068737827527108,1.0638120569246137,299.64175820350647,0.0
13,waypoint_15,0.0,0.24323956389577556,-0.8068737827527108,1.0638120569246137,370.3218400478363,0.0
14,waypoint_15,0.0,0.24323956389577556,-0.8068737827527108,1.0638120569246137,381.61352276802063,0.0
0,waypoint_15,15.0,0.24323956389577556,-0.8068737827527108,1.0638120569246137,316.22031331062317,0.0
1,waypoint_15,15.0,0.24323956389577556,-0.8068737827527108,1.0638120569246137,268.4754431247711,0.0
2,waypoint_15,15.0,0.24323956389577556,-0.8068737827527108,1.0638120569246137,272.15030789375305,0.0
3,waypoint_15,15.0,0.24323956389577556,-0.8068737827527108,1.0638120569246137,178.94497513771057,0.0
4,waypoint_15,15.0,0.24323956389577556,-0.8068737827527108,1.0638120569246137,0.39115597610361874,7.867417650686548e-08
5,waypoint_15,15.0,0.24323956389577556,-0.8068737827527108,1.0638120569246137,1.3407925143837929,0.008385377936065197
6,waypoint_15,15.0,0.24323956389577556,-0.8068737827527108,1.0638120569246137,0.0024920159376051743,0.013625632971525192
7,waypoint_15,15.0,0.24323956389577556,-0.8068737827527108,1.0638120569246137,169.9552685022354,0.0
8,waypoint_15,15.0,0.24323956389577556,-0.8068737827527108,1.0638120569246137,111.35689914226532,0.0
9,waypoint_15,15.0,0.24323956389577556,-0.8068737827527108,1.0638120569246137,0.003380166845090571,0.0068284496665000916
10,waypoint_15,15.0,0.24323956389577556,-0.8068737827527108,1.0638120569246137,290.17674922943115,0.0
11,waypoint_15,15.0,0.24323956389577556,-0.8068737827527108,1.0638120569246137,286.5006625652313,0.0
12,waypoint_15,15.0,0.24323956389577556,-0.8068737827527108,1.0638120569246137,282.4890613555908,0.0
13,waypoint_15,15.0,0.24323956389577556,-0.8068737827527108,1.0638120569246137,372.8730380535126,0.0
14,waypoint_15,15.0,0.24323956389577556,-0.8068737827527108,1.0638120569246137,358.7382435798645,0.0
0,waypoint_15,30.0,0.24323956389577556,-0.8068737827527108,1.0638120569246137,330.91863989830017,0.0
1,waypoint_15,30.0,0.24323956389577556,-0.8068737827527108,1.0638120569246137,266.2922143936157,0.0
2,waypoint_15,30.0,0.24323956389577556,-0.8068737827527108,1.0638120569246137,256.04772567749023,0.0
3,waypoint_15,30.0,0.24323956389577556,-0.8068737827527108,1.0638120569246137,219.0370261669159,0.0
4,waypoint_15,30.0,0.24323956389577556,-0.8068737827527108,1.0638120569246137,118.17639321088791,0.0
5,waypoint_15,30.0,0.24323956389577556,-0.8068737827527108,1.0638120569246137,0.00500253099744441,0.007426075171679258
6,waypoint_15,30.0,0.24323956389577556,-0.8068737827527108,1.0638120569246137,0.0028537183425214607,0.010704045183956623
7,waypoint_15,30.0,0.24323956389577556,-0.8068737827527108,1.0638120569246137,39.381906390190125,0.0
8,waypoint_15,30.0,0.24323956389577556,-0.8068737827527108,1.0638120569246137,15.094415284693241,0.0
9,waypoint_15,30.0,0.24323956389577556,-0.8068737827527108,1.0638120569246137,30.167371034622192,0.0
10,waypoint_15,30.0,0.24323956389577556,-0.8068737827527108,1.0638120569246137,270.5807089805603,0.0
11,waypoint_15,30.0,0.24323956389577556,-0.8068737827527108,1.0638120569246137,270.7715928554535,0.0
12,waypoint_15,30.0,0.24323956389577556,-0.8068737827527108,1.0638120569246137,256.4971148967743,0.0
13,waypoint_15,30.0,0.24323956389577556,-0.8068737827527108,1.0638120569246137,371.49640917778015,0.0
14,waypoint_15,30.0,0.24323956389577556,-0.8068737827527108,1.0638120569246137,338.5252356529236,0.0
0,waypoint_16,30.0,0.2632395638957752,-0.8068737827527108,1.0638120569246137,343.4296250343323,0.0
1,waypoint_16,30.0,0.2632395638957752,-0.8068737827527108,1.0638120569246137,273.60522747039795,0.0
2,waypoint_16,30.0,0.2632395638957752,-0.8068737827527108,1.0638120569246137,301.6662895679474,0.0
3,waypoint_16,30.0,0.2632395638957752,-0.8068737827527108,1.0638120569246137,272.0901072025299,0.0
4,waypoint_16,30.0,0.2632395638957752,-0.8068737827527108,1.0638120569246137,167.76010394096375,0.0
5,waypoint_16,30.0,0.2632395638957752,-0.8068737827527108,1.0638120569246137,0.1670872006798163,7.081928288243944e-07
6,waypoint_16,30.0,0.2632395638957752,-0.8068737827527108,1.0638120569246137,0.010882092283281963,0.011107285507023335
7,waypoint_16,30.0,0.2632395638957752,-0.8068737827527108,1.0638120569246137,0.12193956354167312,0.0031310529448091984
8,waypoint_16,30.0,0.2632395638957752,-0.8068737827527108,1.0638120569246137,30.461186543107033,0.0
9,waypoint_16,30.0,0.2632395638957752,-0.8068737827527108,1.0638120569246137,18.488656729459763,0.0
10,waypoint_16,30.0,0.2632395638957752,-0.8068737827527108,1.0638120569246137,279.5460522174835,0.0
11,waypoint_16,30.0,0.2632395638957752,-0.8068737827527108,1.0638120569246137,277.1449685096741,0.0
12,waypoint_16,30.0,0.2632395638957752,-0.8068737827527108,1.0638120569246137,255.98058104515076,0.0
13,waypoint_16,30.0,0.2632395638957752,-0.8068737827527108,1.0638120569246137,372.94527888298035,0.0
14,waypoint_16,30.0,0.2632395638957752,-0.8068737827527108,1.0638120569246137,326.5613317489624,0.0
0,waypoint_16,15.0,0.2632395638957752,-0.8068737827527108,1.0638120569246137,307.15975165367126,0.0
1,waypoint_16,15.0,0.2632395638957752,-0.8068737827527108,1.0638120569246137,291.0146117210388,0.0
2,waypoint_16,15.0,0.2632395638957752,-0.8068737827527108,1.0638120569246137,199.13512468338013,0.0
3,waypoint_16,15.0,0.2632395638957752,-0.8068737827527108,1.0638120569246137,180.02673983573914,0.0
4,waypoint_16,15.0,0.2632395638957752,-0.8068737827527108,1.0638120569246137,125.97154080867767,0.0
5,waypoint_16,15.0,0.2632395638957752,-0.8068737827527108,1.0638120569246137,0.014425801964534912,0.016919175162911415
6,waypoint_16,15.0,0.2632395638957752,-0.8068737827527108,1.0638120569246137,0.004007276402262505,0.01476656086742878
7,waypoint_16,15.0,0.2632395638957752,-0.8068737827527108,1.0638120569246137,148.78444373607635,0.0
8,waypoint_16,15.0,0.2632395638957752,-0.8068737827527108,1.0638120569246137,40.241848677396774,0.0
9,waypoint_16,15.0,0.2632395638957752,-0.8068737827527108,1.0638120569246137,235.88337004184723,0.0
10,waypoint_16,15.0,0.2632395638957752,-0.8068737827527108,1.0638120569246137,295.62097787857056,0.0
11,waypoint_16,15.0,0.2632395638957752,-0.8068737827527108,1.0638120569246137,292.12644696235657,0.0
12,waypoint_16,15.0,0.2632395638957752,-0.8068737827527108,1.0638120569246137,281.5321981906891,0.0
13,waypoint_16,15.0,0.2632395638957752,-0.8068737827527108,1.0638120569246137,374.49079751968384,0.0
14,waypoint_16,15.0,0.2632395638957752,-0.8068737827527108,1.0638120569246137,346.72752022743225,0.0
0,waypoint_16,0.0,0.2632395638957752,-0.8068737827527108,1.0638120569246137,296.3384687900543,0.0
1,waypoint_16,0.0,0.2632395638957752,-0.8068737827527108,1.0638120569246137,244.2045509815216,0.0
2,waypoint_16,0.0,0.2632395638957752,-0.8068737827527108,1.0638120569246137,244.08572912216187,0.0
3,waypoint_16,0.0,0.2632395638957752,-0.8068737827527108,1.0638120569246137,188.6463761329651,0.0
4,waypoint_16,0.0,0.2632395638957752,-0.8068737827527108,1.0638120569246137,34.24769267439842,0.0
5,waypoint_16,0.0,0.2632395638957752,-0.8068737827527108,1.0638120569246137,0.0021358100639190525,0.02288174256682396
6,waypoint_16,0.0,0.2632395638957752,-0.8068737827527108,1.0638120569246137,0.002987524794662022,0.017253292724490166
7,waypoint_16,0.0,0.2632395638957752,-0.8068737827527108,1.0638120569246137,171.73555493354797,0.0
8,waypoint_16,0.0,0.2632395638957752,-0.8068737827527108,1.0638120569246137,46.631719917058945,0.0
9,waypoint_16,0.0,0.2632395638957752,-0.8068737827527108,1.0638120569246137,244.4647252559662,0.0
10,waypoint_16,0.0,0.2632395638957752,-0.8068737827527108,1.0638120569246137,313.0100965499878,0.0
11,waypoint_16,0.0,0.2632395638957752,-0.8068737827527108,1.0638120569246137,302.6345372200012,0.0
12,waypoint_16,0.0,0.2632395638957752,-0.8068737827527108,1.0638120569246137,297.7043390274048,0.0
13,waypoint_16,0.0,0.2632395638957752,-0.8068737827527108,1.0638120569246137,370.53319811820984,0.0
14,waypoint_16,0.0,0.2632395638957752,-0.8068737827527108,1.0638120569246137,360.90534925460815,0.0
0,waypoint_16,-15.0,0.2632395638957752,-0.8068737827527108,1.0638120569246137,284.1310501098633,0.0
1,waypoint_16,-15.0,0.2632395638957752,-0.8068737827527108,1.0638120569246137,243.36762726306915,0.0
2,waypoint_16,-15.0,0.2632395638957752,-0.8068737827527108,1.0638120569246137,260.7479691505432,0.0
3,waypoint_16,-15.0,0.2632395638957752,-0.8068737827527108,1.0638120569246137,0.024843913706718013,0.005272003822028637
4,waypoint_16,-15.0,0.2632395638957752,-0.8068737827527108,1.0638120569246137,50.69683492183685,0.0
5,waypoint_16,-15.0,0.2632395638957752,-0.8068737827527108,1.0638120569246137,0.006144773578853346,0.02635996788740158
6,waypoint_16,-15.0,0.2632395638957752,-0.8068737827527108,1.0638120569246137,0.003514652917147032,0.018902495503425598
7,waypoint_16,-15.0,0.2632395638957752,-0.8068737827527108,1.0638120569246137,192.84389913082123,0.0
8,waypoint_16,-15.0,0.2632395638957752,-0.8068737827527108,1.0638120569246137,80.07894456386566,0.0
9,waypoint_16,-15.0,0.2632395638957752,-0.8068737827527108,1.0638120569246137,252.30634212493896,0.0
10,waypoint_16,-15.0,0.2632395638957752,-0.8068737827527108,1.0638120569246137,325.305312871933,0.0
11,waypoint_16,-15.0,0.2632395638957752,-0.8068737827527108,1.0638120569246137,310.12481451034546,0.0
12,waypoint_16,-15.0,0.2632395638957752,-0.8068737827527108,1.0638120569246137,315.9925043582916,0.0
13,waypoint_16,-15.0,0.2632395638957752,-0.8068737827527108,1.0638120569246137,343.16033124923706,0.0
14,waypoint_16,-15.0,0.2632395638957752,-0.8068737827527108,1.0638120569246137,381.763219833374,0.0
0,waypoint_16,-30.0,0.2632395638957752,-0.8068737827527108,1.0638120569246137,226.1955887079239,0.0
1,waypoint_16,-30.0,0.2632395638957752,-0.8068737827527108,1.0638120569246137,152.94651687145233,0.0
2,waypoint_16,-30.0,0.2632395638957752,-0.8068737827527108,1.0638120569246137,125.37901103496552,0.0
3,waypoint_16,-30.0,0.2632395638957752,-0.8068737827527108,1.0638120569246137,52.44842171669006,0.0
4,waypoint_16,-30.0,0.2632395638957752,-0.8068737827527108,1.0638120569246137,94.85939145088196,0.0
5,waypoint_16,-30.0,0.2632395638957752,-0.8068737827527108,1.0638120569246137,0.004191016159893479,0.028232170268893242
6,waypoint_16,-30.0,0.2632395638957752,-0.8068737827527108,1.0638120569246137,0.00485439477415639,0.019793912768363953
7,waypoint_16,-30.0,0.2632395638957752,-0.8068737827527108,1.0638120569246137,210.22941172122955,0.0
8,waypoint_16,-30.0,0.2632395638957752,-0.8068737827527108,1.0638120569246137,44.81641203165054,0.0
9,waypoint_16,-30.0,0.2632395638957752,-0.8068737827527108,1.0638120569246137,258.19846987724304,0.0
10,waypoint_16,-30.0,0.2632395638957752,-0.8068737827527108,1.0638120569246137,334.67015624046326,0.0
11,waypoint_16,-30.0,0.2632395638957752,-0.8068737827527108,1.0638120569246137,311.79046630859375,0.0
12,waypoint_16,-30.0,0.2632395638957752,-0.8068737827527108,1.0638120569246137,330.40499687194824,0.0
13,waypoint_16,-30.0,0.2632395638957752,-0.8068737827527108,1.0638120569246137,337.0877802371979,0.0
14,waypoint_16,-30.0,0.2632395638957752,-0.8068737827527108,1.0638120569246137,416.5845513343811,0.0
0,waypoint_17,-30.0,0.28323956389577537,-0.8068737827527108,1.0638120569246137,225.69629549980164,0.0
1,waypoint_17,-30.0,0.28323956389577537,-0.8068737827527108,1.0638120569246137,215.32802283763885,0.0
2,waypoint_17,-30.0,0.28323956389577537,-0.8068737827527108,1.0638120569246137,165.56507349014282,0.0
3,waypoint_17,-30.0,0.28323956389577537,-0.8068737827527108,1.0638120569246137,4.912320990115404,0.0
4,waypoint_17,-30.0,0.28323956389577537,-0.8068737827527108,1.0638120569246137,84.4431146979332,0.0
5,waypoint_17,-30.0,0.28323956389577537,-0.8068737827527108,1.0638120569246137,0.010636381375661585,0.029711198061704636
6,waypoint_17,-30.0,0.28323956389577537,-0.8068737827527108,1.0638120569246137,0.009786966074898373,0.021562382578849792
7,waypoint_17,-30.0,0.28323956389577537,-0.8068737827527108,1.0638120569246137,206.3012719154358,0.0
8,waypoint_17,-30.0,0.28323956389577537,-0.8068737827527108,1.0638120569246137,0.010333630598324817,0.003309220541268587
9,waypoint_17,-30.0,0.28323956389577537,-0.8068737827527108,1.0638120569246137,261.3465487957001,0.0
10,waypoint_17,-30.0,0.28323956389577537,-0.8068737827527108,1.0638120569246137,339.62708711624146,0.0
11,waypoint_17,-30.0,0.28323956389577537,-0.8068737827527108,1.0638120569246137,315.8845007419586,0.0
12,waypoint_17,-30.0,0.28323956389577537,-0.8068737827527108,1.0638120569246137,332.73300528526306,0.0
13,waypoint_17,-30.0,0.28323956389577537,-0.8068737827527108,1.0638120569246137,337.41867542266846,0.0
14,waypoint_17,-30.0,0.28323956389577537,-0.8068737827527108,1.0638120569246137,411.028116941452,0.0
0,waypoint_17,-15.0,0.28323956389577537,-0.8068737827527108,1.0638120569246137,294.96440291404724,0.0
1,waypoint_17,-15.0,0.28323956389577537,-0.8068737827527108,1.0638120569246137,242.4764633178711,0.0
2,waypoint_17,-15.0,0.28323956389577537,-0.8068737827527108,1.0638120569246137,233.073890209198,0.0
3,waypoint_17,-15.0,0.28323956389577537,-0.8068737827527108,1.0638120569246137,14.601314440369606,0.0
4,waypoint_17,-15.0,0.28323956389577537,-0.8068737827527108,1.0638120569246137,66.78985059261322,0.0
5,waypoint_17,-15.0,0.28323956389577537,-0.8068737827527108,1.0638120569246137,0.002239739160359022,0.027462083846330643
6,waypoint_17,-15.0,0.28323956389577537,-0.8068737827527108,1.0638120569246137,0.004498472662817221,0.020567823201417923
7,waypoint_17,-15.0,0.28323956389577537,-0.8068737827527108,1.0638120569246137,188.36399912834167,0.0
8,waypoint_17,-15.0,0.28323956389577537,-0.8068737827527108,1.0638120569246137,0.0050506805564509705,0.002255943138152361
9,waypoint_17,-15.0,0.28323956389577537,-0.8068737827527108,1.0638120569246137,256.5447688102722,0.0
10,waypoint_17,-15.0,0.28323956389577537,-0.8068737827527108,1.0638120569246137,331.9791853427887,0.0
11,waypoint_17,-15.0,0.28323956389577537,-0.8068737827527108,1.0638120569246137,314.70608711242676,0.0
12,waypoint_17,-15.0,0.28323956389577537,-0.8068737827527108,1.0638120569246137,320.8920657634735,0.0
13,waypoint_17,-15.0,0.28323956389577537,-0.8068737827527108,1.0638120569246137,357.59222507476807,0.0
14,waypoint_17,-15.0,0.28323956389577537,-0.8068737827527108,1.0638120569246137,408.0033302307129,0.0
0,waypoint_17,0.0,0.28323956389577537,-0.8068737827527108,1.0638120569246137,307.47658014297485,0.0
1,waypoint_17,0.0,0.28323956389577537,-0.8068737827527108,1.0638120569246137,252.1536946296692,0.0
2,waypoint_17,0.0,0.28323956389577537,-0.8068737827527108,1.0638120569246137,291.9756770133972,0.0
3,waypoint_17,0.0,0.28323956389577537,-0.8068737827527108,1.0638120569246137,240.32920598983765,0.0
4,waypoint_17,0.0,0.28323956389577537,-0.8068737827527108,1.0638120569246137,0.23397139739245176,0.011870157904922962
5,waypoint_17,0.0,0.28323956389577537,-0.8068737827527108,1.0638120569246137,0.0025344243113067932,0.023335061967372894
6,waypoint_17,0.0,0.28323956389577537,-0.8068737827527108,1.0638120569246137,0.002998208401550073,0.018684102222323418
7,waypoint_17,0.0,0.28323956389577537,-0.8068737827527108,1.0638120569246137,166.84474050998688,0.0
8,waypoint_17,0.0,0.28323956389577537,-0.8068737827527108,1.0638120569246137,0.004341330168244895,0.0015248438576236367
9,waypoint_17,0.0,0.28323956389577537,-0.8068737827527108,1.0638120569246137,248.91844391822815,0.0
10,waypoint_17,0.0,0.28323956389577537,-0.8068737827527108,1.0638120569246137,321.61372900009155,0.0
11,waypoint_17,0.0,0.28323956389577537,-0.8068737827527108,1.0638120569246137,307.9338073730469,0.0
12,waypoint_17,0.0,0.28323956389577537,-0.8068737827527108,1.0638120569246137,299.70744252204895,0.0
13,waypoint_17,0.0,0.28323956389577537,-0.8068737827527108,1.0638120569246137,359.34340953826904,0.0
14,waypoint_17,0.0,0.28323956389577537,-0.8068737827527108,1.0638120569246137,348.68496656417847,0.0
0,waypoint_17,15.0,0.28323956389577537,-0.8068737827527108,1.0638120569246137,329.24535870552063,0.0
1,waypoint_17,15.0,0.28323956389577537,-0.8068737827527108,1.0638120569246137,274.97199177742004,0.0
2,waypoint_17,15.0,0.28323956389577537,-0.8068737827527108,1.0638120569246137,263.1397247314453,0.0
3,waypoint_17,15.0,0.28323956389577537,-0.8068737827527108,1.0638120569246137,199.2097795009613,0.0
4,waypoint_17,15.0,0.28323956389577537,-0.8068737827527108,1.0638120569246137,159.3138873577118,0.0
5,waypoint_17,15.0,0.28323956389577537,-0.8068737827527108,1.0638120569246137,0.0035443470096652163,0.01601441577076912
6,waypoint_17,15.0,0.28323956389577537,-0.8068737827527108,1.0638120569246137,0.0024086473331408342,0.015743570402264595
7,waypoint_17,15.0,0.28323956389577537,-0.8068737827527108,1.0638120569246137,144.4360464811325,0.0
8,waypoint_17,15.0,0.28323956389577537,-0.8068737827527108,1.0638120569246137,0.01382121081405785,0.0018166429363191128
9,waypoint_17,15.0,0.28323956389577537,-0.8068737827527108,1.0638120569246137,237.66568303108215,0.0
10,waypoint_17,15.0,0.28323956389577537,-0.8068737827527108,1.0638120569246137,305.3908050060272,0.0
11,waypoint_17,15.0,0.28323956389577537,-0.8068737827527108,1.0638120569246137,296.4702248573303,0.0
12,waypoint_17,15.0,0.28323956389577537,-0.8068737827527108,1.0638120569246137,283.85627269744873,0.0
13,waypoint_17,15.0,0.28323956389577537,-0.8068737827527108,1.0638120569246137,362.2690439224243,0.0
14,waypoint_17,15.0,0.28323956389577537,-0.8068737827527108,1.0638120569246137,328.03356647491455,0.0
0,waypoint_17,30.0,0.28323956389577537,-0.8068737827527108,1.0638120569246137,327.83347368240356,0.0
1,waypoint_17,30.0,0.28323956389577537,-0.8068737827527108,1.0638120569246137,312.56863474845886,0.0
2,waypoint_17,30.0,0.28323956389577537,-0.8068737827527108,1.0638120569246137,257.49993324279785,0.0
3,waypoint_17,30.0,0.28323956389577537,-0.8068737827527108,1.0638120569246137,245.80514430999756,0.0
4,waypoint_17,30.0,0.28323956389577537,-0.8068737827527108,1.0638120569246137,146.35711908340454,0.0
5,waypoint_17,30.0,0.28323956389577537,-0.8068737827527108,1.0638120569246137,18.63357611000538,0.0
6,waypoint_17,30.0,0.28323956389577537,-0.8068737827527108,1.0638120569246137,0.004962601451552473,0.011185301467776299
7,waypoint_17,30.0,0.28323956389577537,-0.8068737827527108,1.0638120569246137,0.14600661233998835,0.0037155349273234606
8,waypoint_17,30.0,0.28323956389577537,-0.8068737827527108,1.0638120569246137,0.017920516256708652,0.002882429864257574
9,waypoint_17,30.0,0.28323956389577537,-0.8068737827527108,1.0638120569246137,26.769716292619705,0.0
10,waypoint_17,30.0,0.28323956389577537,-0.8068737827527108,1.0638120569246137,291.5079593658447,0.0
11,waypoint_17,30.0,0.28323956389577537,-0.8068737827527108,1.0638120569246137,284.8498523235321,0.0
12,waypoint_17,30.0,0.28323956389577537,-0.8068737827527108,1.0638120569246137,258.7156295776367,0.0
13,waypoint_17,30.0,0.28323956389577537,-0.8068737827527108,1.0638120569246137,362.8133535385132,0.0
14,waypoint_17,30.0,0.28323956389577537,-0.8068737827527108,1.0638120569246137,302.7378022670746,0.0
0,waypoint_18,30.0,0.30323956389577517,-0.8068737827527108,1.0638120569246137,359.05489325523376,0.0
1,waypoint_18,30.0,0.30323956389577517,-0.8068737827527108,1.0638120569246137,305.91824650764465,0.0
2,waypoint_18,30.0,0.30323956389577517,-0.8068737827527108,1.0638120569246137,301.80659890174866,0.0
3,waypoint_18,30.0,0.30323956389577517,-0.8068737827527108,1.0638120569246137,290.9487783908844,0.0
4,waypoint_18,30.0,0.30323956389577517,-0.8068737827527108,1.0638120569246137,176.21846497058868,0.0
5,waypoint_18,30.0,0.30323956389577517,-0.8068737827527108,1.0638120569246137,34.81050580739975,0.0
6,waypoint_18,30.0,0.30323956389577517,-0.8068737827527108,1.0638120569246137,0.009239344763045665,0.010808269493281841
7,waypoint_18,30.0,0.30323956389577517,-0.8068737827527108,1.0638120569246137,0.1260325952898711,0.004297084175050259
8,waypoint_18,30.0,0.30323956389577517,-0.8068737827527108,1.0638120569246137,0.012506895473052282,0.0038651064969599247
9,waypoint_18,30.0,0.30323956389577517,-0.8068737827527108,1.0638120569246137,0.8635479025542736,2.2235044525587e-05
10,waypoint_18,30.0,0.30323956389577517,-0.8068737827527108,1.0638120569246137,301.7558157444,0.0
11,waypoint_18,30.0,0.30323956389577517,-0.8068737827527108,1.0638120569246137,294.0196096897125,0.0
12,waypoint_18,30.0,0.30323956389577517,-0.8068737827527108,1.0638120569246137,260.341614484787,0.0
13,waypoint_18,30.0,0.30323956389577517,-0.8068737827527108,1.0638120569246137,367.05753207206726,0.0
14,waypoint_18,30.0,0.30323956389577517,-0.8068737827527108,1.0638120569246137,292.432576417923,0.0
0,waypoint_18,15.0,0.30323956389577517,-0.8068737827527108,1.0638120569246137,374.3843138217926,0.0
1,waypoint_18,15.0,0.30323956389577517,-0.8068737827527108,1.0638120569246137,267.88806915283203,0.0
2,waypoint_18,15.0,0.30323956389577517,-0.8068737827527108,1.0638120569246137,271.9378173351288,0.0
3,waypoint_18,15.0,0.30323956389577517,-0.8068737827527108,1.0638120569246137,223.02617132663727,0.0
4,waypoint_18,15.0,0.30323956389577517,-0.8068737827527108,1.0638120569246137,146.5034782886505,0.0
5,waypoint_18,15.0,0.30323956389577517,-0.8068737827527108,1.0638120569246137,0.06590926204808056,0.009728905744850636
6,waypoint_18,15.0,0.30323956389577517,-0.8068737827527108,1.0638120569246137,0.004246595835866174,0.01651461236178875
7,waypoint_18,15.0,0.30323956389577517,-0.8068737827527108,1.0638120569246137,124.13503974676132,0.0
8,waypoint_18,15.0,0.30323956389577517,-0.8068737827527108,1.0638120569246137,0.005576459898293251,0.0032981846015900373
9,waypoint_18,15.0,0.30323956389577517,-0.8068737827527108,1.0638120569246137,0.018221482605440542,0.004200194496661425
10,waypoint_18,15.0,0.30323956389577517,-0.8068737827527108,1.0638120569246137,314.606636762619,0.0
11,waypoint_18,15.0,0.30323956389577517,-0.8068737827527108,1.0638120569246137,306.59765005111694,0.0
12,waypoint_18,15.0,0.30323956389577517,-0.8068737827527108,1.0638120569246137,283.7616801261902,0.0
13,waypoint_18,15.0,0.30323956389577517,-0.8068737827527108,1.0638120569246137,357.5153946876526,0.0
14,waypoint_18,15.0,0.30323956389577517,-0.8068737827527108,1.0638120569246137,316.87965989112854,0.0
0,waypoint_18,0.0,0.30323956389577517,-0.8068737827527108,1.0638120569246137,298.59188199043274,0.0
1,waypoint_18,0.0,0.30323956389577517,-0.8068737827527108,1.0638120569246137,280.950665473938,0.0
2,waypoint_18,0.0,0.30323956389577517,-0.8068737827527108,1.0638120569246137,259.2776417732239,0.0
3,waypoint_18,0.0,0.30323956389577517,-0.8068737827527108,1.0638120569246137,214.2302542924881,0.0
4,waypoint_18,0.0,0.30323956389577517,-0.8068737827527108,1.0638120569246137,0.034252348996233195,0.008034809492528439
5,waypoint_18,0.0,0.30323956389577517,-0.8068737827527108,1.0638120569246137,3.775511169806123,0.0
6,waypoint_18,0.0,0.30323956389577517,-0.8068737827527108,1.0638120569246137,0.002997023329953663,0.019994668662548065
7,waypoint_18,0.0,0.30323956389577517,-0.8068737827527108,1.0638120569246137,149.9996781349182,0.0
8,waypoint_18,0.0,0.30323956389577517,-0.8068737827527108,1.0638120569246137,0.007663776159461122,0.0034040401224046946
9,waypoint_18,0.0,0.30323956389577517,-0.8068737827527108,1.0638120569246137,0.014714502867718693,0.005886869039386511
10,waypoint_18,0.0,0.30323956389577517,-0.8068737827527108,1.0638120569246137,329.33133840560913,0.0
11,waypoint_18,0.0,0.30323956389577517,-0.8068737827527108,1.0638120569246137,314.7067725658417,0.0
12,waypoint_18,0.0,0.30323956389577517,-0.8068737827527108,1.0638120569246137,300.9195625782013,0.0
13,waypoint_18,0.0,0.30323956389577517,-0.8068737827527108,1.0638120569246137,370.2288568019867,0.0
14,waypoint_18,0.0,0.30323956389577517,-0.8068737827527108,1.0638120569246137,337.5222086906433,0.0
0,waypoint_18,-15.0,0.30323956389577517,-0.8068737827527108,1.0638120569246137,261.456698179245,0.0
1,waypoint_18,-15.0,0.30323956389577517,-0.8068737827527108,1.0638120569246137,277.3464024066925,0.0
2,waypoint_18,-15.0,0.30323956389577517,-0.8068737827527108,1.0638120569246137,269.5562243461609,0.0
3,waypoint_18,-15.0,0.30323956389577517,-0.8068737827527108,1.0638120569246137,230.02083599567413,0.0
4,waypoint_18,-15.0,0.30323956389577517,-0.8068737827527108,1.0638120569246137,56.43954873085022,0.0
5,waypoint_18,-15.0,0.30323956389577517,-0.8068737827527108,1.0638120569246137,34.250881522893906,0.0
6,waypoint_18,-15.0,0.30323956389577517,-0.8068737827527108,1.0638120569246137,0.0047175299187074415,0.022165808826684952
7,waypoint_18,-15.0,0.30323956389577517,-0.8068737827527108,1.0638120569246137,177.01365053653717,0.0
8,waypoint_18,-15.0,0.30323956389577517,-0.8068737827527108,1.0638120569246137,0.0065274571170448326,0.00415625236928463
9,waypoint_18,-15.0,0.30323956389577517,-0.8068737827527108,1.0638120569246137,0.0027210026019020006,0.0061369240283966064
10,waypoint_18,-15.0,0.30323956389577517,-0.8068737827527108,1.0638120569246137,339.50644731521606,0.0
11,waypoint_18,-15.0,0.30323956389577517,-0.8068737827527108,1.0638120569246137,320.0656473636627,0.0
12,waypoint_18,-15.0,0.30323956389577517,-0.8068737827527108,1.0638120569246137,320.94916701316833,0.0
13,waypoint_18,-15.0,0.30323956389577517,-0.8068737827527108,1.0638120569246137,364.822119474411,0.0
14,waypoint_18,-15.0,0.30323956389577517,-0.8068737827527108,1.0638120569246137,371.69578671455383,0.0
0,waypoint_18,-30.0,0.30323956389577517,-0.8068737827527108,1.0638120569246137,236.91461980342865,0.0
1,waypoint_18,-30.0,0.30323956389577517,-0.8068737827527108,1.0638120569246137,175.4395216703415,0.0
2,waypoint_18,-30.0,0.30323956389577517,-0.8068737827527108,1.0638120569246137,190.21904468536377,0.0
3,waypoint_18,-30.0,0.30323956389577517,-0.8068737827527108,1.0638120569246137,0.030071945730014704,0.011911996640264988
4,waypoint_18,-30.0,0.30323956389577517,-0.8068737827527108,1.0638120569246137,103.52688282728195,0.0
5,waypoint_18,-30.0,0.30323956389577517,-0.8068737827527108,1.0638120569246137,124.69884008169174,0.0
6,waypoint_18,-30.0,0.30323956389577517,-0.8068737827527108,1.0638120569246137,0.004062309017172083,0.023302145302295685
7,waypoint_18,-30.0,0.30323956389577517,-0.8068737827527108,1.0638120569246137,200.7511854171753,0.0
8,waypoint_18,-30.0,0.30323956389577517,-0.8068737827527108,1.0638120569246137,0.0047980811359593645,0.005110099446028471
9,waypoint_18,-30.0,0.30323956389577517,-0.8068737827527108,1.0638120569246137,0.003339988097650348,0.005701115820556879
10,waypoint_18,-30.0,0.30323956389577517,-0.8068737827527108,1.0638120569246137,346.7406928539276,0.0
11,waypoint_18,-30.0,0.30323956389577517,-0.8068737827527108,1.0638120569246137,320.3599452972412,0.0
12,waypoint_18,-30.0,0.30323956389577517,-0.8068737827527108,1.0638120569246137,331.0375511646271,0.0
13,waypoint_18,-30.0,0.30323956389577517,-0.8068737827527108,1.0638120569246137,340.9922420978546,0.0
14,waypoint_18,-30.0,0.30323956389577517,-0.8068737827527108,1.0638120569246137,383.95798206329346,0.0
0,waypoint_19,-30.0,0.3232395638957754,-0.8068737827527108,1.0638120569246137,237.49464750289917,0.0
1,waypoint_19,-30.0,0.3232395638957754,-0.8068737827527108,1.0638120569246137,211.57164871692657,0.0
2,waypoint_19,-30.0,0.3232395638957754,-0.8068737827527108,1.0638120569246137,138.7307196855545,0.0
3,waypoint_19,-30.0,0.3232395638957754,-0.8068737827527108,1.0638120569246137,23.75737577676773,0.0
4,waypoint_19,-30.0,0.3232395638957754,-0.8068737827527108,1.0638120569246137,95.02164274454117,0.0
5,waypoint_19,-30.0,0.3232395638957754,-0.8068737827527108,1.0638120569246137,120.75056880712509,0.0
6,waypoint_19,-30.0,0.3232395638957754,-0.8068737827527108,1.0638120569246137,0.011315820302115753,0.025005755946040154
7,waypoint_19,-30.0,0.3232395638957754,-0.8068737827527108,1.0638120569246137,195.72262465953827,0.0
8,waypoint_19,-30.0,0.3232395638957754,-0.8068737827527108,1.0638120569246137,0.010867391210922506,0.006978620309382677
9,waypoint_19,-30.0,0.3232395638957754,-0.8068737827527108,1.0638120569246137,0.012525487363745924,0.003710168180987239
10,waypoint_19,-30.0,0.3232395638957754,-0.8068737827527108,1.0638120569246137,353.40744256973267,0.0
11,waypoint_19,-30.0,0.3232395638957754,-0.8068737827527108,1.0638120569246137,326.46873593330383,0.0
12,waypoint_19,-30.0,0.3232395638957754,-0.8068737827527108,1.0638120569246137,329.93611693382263,0.0
13,waypoint_19,-30.0,0.3232395638957754,-0.8068737827527108,1.0638120569246137,335.6953263282776,0.0
14,waypoint_19,-30.0,0.3232395638957754,-0.8068737827527108,1.0638120569246137,373.3789920806885,0.0
0,waypoint_19,-15.0,0.3232395638957754,-0.8068737827527108,1.0638120569246137,241.70328676700592,0.0
1,waypoint_19,-15.0,0.3232395638957754,-0.8068737827527108,1.0638120569246137,266.55158400535583,0.0
2,waypoint_19,-15.0,0.3232395638957754,-0.8068737827527108,1.0638120569246137,265.23932814598083,0.0
3,waypoint_19,-15.0,0.3232395638957754,-0.8068737827527108,1.0638120569246137,221.68830037117004,0.0
4,waypoint_19,-15.0,0.3232395638957754,-0.8068737827527108,1.0638120569246137,40.620870888233185,0.0
5,waypoint_19,-15.0,0.3232395638957754,-0.8068737827527108,1.0638120569246137,90.01066535711288,0.0
6,waypoint_19,-15.0,0.3232395638957754,-0.8068737827527108,1.0638120569246137,0.004260064542904729,0.023679489269852638
7,waypoint_19,-15.0,0.3232395638957754,-0.8068737827527108,1.0638120569246137,171.8885749578476,0.0
8,waypoint_19,-15.0,0.3232395638957754,-0.8068737827527108,1.0638120569246137,0.0053341996135714,0.006088426802307367
9,waypoint_19,-15.0,0.3232395638957754,-0.8068737827527108,1.0638120569246137,0.00440268149759504,0.00412781722843647
10,waypoint_19,-15.0,0.3232395638957754,-0.8068737827527108,1.0638120569246137,348.3487069606781,0.0
11,waypoint_19,-15.0,0.3232395638957754,-0.8068737827527108,1.0638120569246137,326.4448940753937,0.0
12,waypoint_19,-15.0,0.3232395638957754,-0.8068737827527108,1.0638120569246137,320.4375207424164,0.0
13,waypoint_19,-15.0,0.3232395638957754,-0.8068737827527108,1.0638120569246137,336.66619658470154,0.0
14,waypoint_19,-15.0,0.3232395638957754,-0.8068737827527108,1.0638120569246137,351.0442078113556,0.0
0,waypoint_19,0.0,0.3232395638957754,-0.8068737827527108,1.0638120569246137,303.2844662666321,0.0
1,waypoint_19,0.0,0.3232395638957754,-0.8068737827527108,1.0638120569246137,281.686931848526,0.0
2,waypoint_19,0.0,0.3232395638957754,-0.8068737827527108,1.0638120569246137,288.2388234138489,0.0
3,waypoint_19,0.0,0.3232395638957754,-0.8068737827527108,1.0638120569246137,226.7615795135498,0.0
4,waypoint_19,0.0,0.3232395638957754,-0.8068737827527108,1.0638120569246137,5.755369085818529,0.0
5,waypoint_19,0.0,0.3232395638957754,-0.8068737827527108,1.0638120569246137,48.64620044827461,0.0
6,waypoint_19,0.0,0.3232395638957754,-0.8068737827527108,1.0638120569246137,0.0023301147393794963,0.021156899631023407
7,waypoint_19,0.0,0.3232395638957754,-0.8068737827527108,1.0638120569246137,145.02176642417908,0.0
8,waypoint_19,0.0,0.3232395638957754,-0.8068737827527108,1.0638120569246137,0.004286564490030287,0.0052703069522976875
9,waypoint_19,0.0,0.3232395638957754,-0.8068737827527108,1.0638120569246137,0.003424026090215193,0.0040798913687467575
10,waypoint_19,0.0,0.3232395638957754,-0.8068737827527108,1.0638120569246137,339.5404815673828,0.0
11,waypoint_19,0.0,0.3232395638957754,-0.8068737827527108,1.0638120569246137,321.4462399482727,0.0
12,waypoint_19,0.0,0.3232395638957754,-0.8068737827527108,1.0638120569246137,301.96061730384827,0.0
13,waypoint_19,0.0,0.3232395638957754,-0.8068737827527108,1.0638120569246137,343.0085778236389,0.0
14,waypoint_19,0.0,0.3232395638957754,-0.8068737827527108,1.0638120569246137,328.76652479171753,0.0
0,waypoint_19,15.0,0.3232395638957754,-0.8068737827527108,1.0638120569246137,347.73629903793335,0.0
1,waypoint_19,15.0,0.3232395638957754,-0.8068737827527108,1.0638120569246137,291.52005910873413,0.0
2,waypoint_19,15.0,0.3232395638957754,-0.8068737827527108,1.0638120569246137,301.38516426086426,0.0
3,waypoint_19,15.0,0.3232395638957754,-0.8068737827527108,1.0638120569246137,238.8167381286621,0.0
4,waypoint_19,15.0,0.3232395638957754,-0.8068737827527108,1.0638120569246137,224.58772361278534,0.0
5,waypoint_19,15.0,0.3232395638957754,-0.8068737827527108,1.0638120569246137,0.03925154669559561,0.010064906440675259
6,waypoint_19,15.0,0.3232395638957754,-0.8068737827527108,1.0638120569246137,0.0021981106783641735,0.01702365279197693
7,waypoint_19,15.0,0.3232395638957754,-0.8068737827527108,1.0638120569246137,119.62366104125977,0.0
8,waypoint_19,15.0,0.3232395638957754,-0.8068737827527108,1.0638120569246137,0.0031612946713721612,0.004871780518442392
9,waypoint_19,15.0,0.3232395638957754,-0.8068737827527108,1.0638120569246137,0.00435073070548242,0.0028992602601647377
10,waypoint_19,15.0,0.3232395638957754,-0.8068737827527108,1.0638120569246137,325.7337212562561,0.0
11,waypoint_19,15.0,0.3232395638957754,-0.8068737827527108,1.0638120569246137,311.8837773799896,0.0
12,waypoint_19,15.0,0.3232395638957754,-0.8068737827527108,1.0638120569246137,284.01297330856323,0.0
13,waypoint_19,15.0,0.3232395638957754,-0.8068737827527108,1.0638120569246137,344.00585293769836,0.0
14,waypoint_19,15.0,0.3232395638957754,-0.8068737827527108,1.0638120569246137,308.633029460907,0.0
0,waypoint_19,30.0,0.3232395638957754,-0.8068737827527108,1.0638120569246137,353.65426540374756,0.0
1,waypoint_19,30.0,0.3232395638957754,-0.8068737827527108,1.0638120569246137,294.06535625457764,0.0
2,waypoint_19,30.0,0.3232395638957754,-0.8068737827527108,1.0638120569246137,308.5571825504303,0.0
3,waypoint_19,30.0,0.3232395638957754,-0.8068737827527108,1.0638120569246137,252.38186120986938,0.0
4,waypoint_19,30.0,0.3232395638957754,-0.8068737827527108,1.0638120569246137,171.70147597789764,0.0
5,waypoint_19,30.0,0.3232395638957754,-0.8068737827527108,1.0638120569246137,106.3566505908966,0.0
6,waypoint_19,30.0,0.3232395638957754,-0.8068737827527108,1.0638120569246137,0.004485125828068703,0.009742416441440582
7,waypoint_19,30.0,0.3232395638957754,-0.8068737827527108,1.0638120569246137,0.1810320682125166,0.004871074575930834
8,waypoint_19,30.0,0.3232395638957754,-0.8068737827527108,1.0638120569246137,0.004997201813239371,0.004990150220692158
9,waypoint_19,30.0,0.3232395638957754,-0.8068737827527108,1.0638120569246137,30.006565153598785,0.0
10,waypoint_19,30.0,0.3232395638957754,-0.8068737827527108,1.0638120569246137,314.7258758544922,0.0
11,waypoint_19,30.0,0.3232395638957754,-0.8068737827527108,1.0638120569246137,301.8520474433899,0.0
12,waypoint_19,30.0,0.3232395638957754,-0.8068737827527108,1.0638120569246137,261.38797402381897,0.0
13,waypoint_19,30.0,0.3232395638957754,-0.8068737827527108,1.0638120569246137,341.9484496116638,0.0
14,waypoint_19,30.0,0.3232395638957754,-0.8068737827527108,1.0638120569246137,285.0987911224365,0.0
0,waypoint_20,30.0,0.3432395638957752,-0.8068737827527108,1.0638120569246137,362.55553364753723,0.0
1,waypoint_20,30.0,0.3432395638957752,-0.8068737827527108,1.0638120569246137,307.52015113830566,0.0
2,waypoint_20,30.0,0.3432395638957752,-0.8068737827527108,1.0638120569246137,295.7701086997986,0.0
3,waypoint_20,30.0,0.3432395638957752,-0.8068737827527108,1.0638120569246137,282.99057483673096,0.0
4,waypoint_20,30.0,0.3432395638957752,-0.8068737827527108,1.0638120569246137,198.15784692764282,0.0
5,waypoint_20,30.0,0.3432395638957752,-0.8068737827527108,1.0638120569246137,125.8629858493805,0.0
6,waypoint_20,30.0,0.3432395638957752,-0.8068737827527108,1.0638120569246137,0.008222201358876191,0.007425949443131685
7,waypoint_20,30.0,0.3432395638957752,-0.8068737827527108,1.0638120569246137,0.1475121680414304,0.005433960352092981
8,waypoint_20,30.0,0.3432395638957752,-0.8068737827527108,1.0638120569246137,0.011309225556033198,0.006129807326942682
9,waypoint_20,30.0,0.3432395638957752,-0.8068737827527108,1.0638120569246137,24.3469700217247,0.0
10,waypoint_20,30.0,0.3432395638957752,-0.8068737827527108,1.0638120569246137,326.52539014816284,0.0
11,waypoint_20,30.0,0.3432395638957752,-0.8068737827527108,1.0638120569246137,312.5739097595215,0.0
12,waypoint_20,30.0,0.3432395638957752,-0.8068737827527108,1.0638120569246137,264.83550667762756,0.0
13,waypoint_20,30.0,0.3432395638957752,-0.8068737827527108,1.0638120569246137,346.79484367370605,0.0
14,waypoint_20,30.0,0.3432395638957752,-0.8068737827527108,1.0638120569246137,277.8521776199341,0.0
0,waypoint_20,15.0,0.3432395638957752,-0.8068737827527108,1.0638120569246137,344.9403643608093,0.0
1,waypoint_20,15.0,0.3432395638957752,-0.8068737827527108,1.0638120569246137,328.779399394989,0.0
2,waypoint_20,15.0,0.3432395638957752,-0.8068737827527108,1.0638120569246137,268.1589424610138,0.0
3,waypoint_20,15.0,0.3432395638957752,-0.8068737827527108,1.0638120569246137,279.28999066352844,0.0
4,waypoint_20,15.0,0.3432395638957752,-0.8068737827527108,1.0638120569246137,247.88585305213928,0.0
5,waypoint_20,15.0,0.3432395638957752,-0.8068737827527108,1.0638120569246137,101.19685530662537,0.0
6,waypoint_20,15.0,0.3432395638957752,-0.8068737827527108,1.0638120569246137,0.009808723007154185,0.017196040600538254
7,waypoint_20,15.0,0.3432395638957752,-0.8068737827527108,1.0638120569246137,82.95395225286484,0.0
8,waypoint_20,15.0,0.3432395638957752,-0.8068737827527108,1.0638120569246137,0.002333162228751462,0.006451025139540434
9,waypoint_20,15.0,0.3432395638957752,-0.8068737827527108,1.0638120569246137,0.017604270396986976,0.0011282134801149368
10,waypoint_20,15.0,0.3432395638957752,-0.8068737827527108,1.0638120569246137,336.55846118927,0.0
11,waypoint_20,15.0,0.3432395638957752,-0.8068737827527108,1.0638120569246137,321.35480642318726,0.0
12,waypoint_20,15.0,0.3432395638957752,-0.8068737827527108,1.0638120569246137,286.0376834869385,0.0
13,waypoint_20,15.0,0.3432395638957752,-0.8068737827527108,1.0638120569246137,348.3303487300873,0.0
14,waypoint_20,15.0,0.3432395638957752,-0.8068737827527108,1.0638120569246137,299.09685254096985,0.0
0,waypoint_20,0.0,0.3432395638957752,-0.8068737827527108,1.0638120569246137,343.1526720523834,0.0
1,waypoint_20,0.0,0.3432395638957752,-0.8068737827527108,1.0638120569246137,286.83310747146606,0.0
2,waypoint_20,0.0,0.3432395638957752,-0.8068737827527108,1.0638120569246137,259.32660698890686,0.0
3,waypoint_20,0.0,0.3432395638957752,-0.8068737827527108,1.0638120569246137,196.8187391757965,0.0
4,waypoint_20,0.0,0.3432395638957752,-0.8068737827527108,1.0638120569246137,222.45317697525024,0.0
5,waypoint_20,0.0,0.3432395638957752,-0.8068737827527108,1.0638120569246137,45.7749217748642,0.0
6,waypoint_20,0.0,0.3432395638957752,-0.8068737827527108,1.0638120569246137,0.005101074748381507,0.02213476598262787
7,waypoint_20,0.0,0.3432395638957752,-0.8068737827527108,1.0638120569246137,123.10949712991714,0.0
8,waypoint_20,0.0,0.3432395638957752,-0.8068737827527108,1.0638120569246137,0.004629347586160293,0.007114839740097523
9,waypoint_20,0.0,0.3432395638957752,-0.8068737827527108,1.0638120569246137,0.024465800379402936,0.0022301513236016035
10,waypoint_20,0.0,0.3432395638957752,-0.8068737827527108,1.0638120569246137,349.1021692752838,0.0
11,waypoint_20,0.0,0.3432395638957752,-0.8068737827527108,1.0638120569246137,329.47924733161926,0.0
12,waypoint_20,0.0,0.3432395638957752,-0.8068737827527108,1.0638120569246137,304.5477569103241,0.0
13,waypoint_20,0.0,0.3432395638957752,-0.8068737827527108,1.0638120569246137,346.3764190673828,0.0
14,waypoint_20,0.0,0.3432395638957752,-0.8068737827527108,1.0638120569246137,322.7528929710388,0.0
0,waypoint_20,-15.0,0.3432395638957752,-0.8068737827527108,1.0638120569246137,282.50613808631897,0.0
1,waypoint_20,-15.0,0.3432395638957752,-0.8068737827527108,1.0638120569246137,247.94401228427887,0.0
2,waypoint_20,-15.0,0.3432395638957752,-0.8068737827527108,1.0638120569246137,260.09127497673035,0.0
3,waypoint_20,-15.0,0.3432395638957752,-0.8068737827527108,1.0638120569246137,266.6153609752655,0.0
4,waypoint_20,-15.0,0.3432395638957752,-0.8068737827527108,1.0638120569246137,0.2690871770028025,0.013536391779780388
5,waypoint_20,-15.0,0.3432395638957752,-0.8068737827527108,1.0638120569246137,41.16527736186981,0.0
6,waypoint_20,-15.0,0.3432395638957752,-0.8068737827527108,1.0638120569246137,0.004377696313895285,0.025087008252739906
7,waypoint_20,-15.0,0.3432395638957752,-0.8068737827527108,1.0638120569246137,155.94930946826935,0.0
8,waypoint_20,-15.0,0.3432395638957752,-0.8068737827527108,1.0638120569246137,0.003738617806448019,0.008008455857634544
9,waypoint_20,-15.0,0.3432395638957752,-0.8068737827527108,1.0638120569246137,0.006747708994225832,0.002184782875701785
10,waypoint_20,-15.0,0.3432395638957752,-0.8068737827527108,1.0638120569246137,357.78021812438965,0.0
11,waypoint_20,-15.0,0.3432395638957752,-0.8068737827527108,1.0638120569246137,332.8133225440979,0.0
12,waypoint_20,-15.0,0.3432395638957752,-0.8068737827527108,1.0638120569246137,321.7654526233673,0.0
13,waypoint_20,-15.0,0.3432395638957752,-0.8068737827527108,1.0638120569246137,347.8567898273468,0.0
14,waypoint_20,-15.0,0.3432395638957752,-0.8068737827527108,1.0638120569246137,341.70421957969666,0.0
0,waypoint_20,-30.0,0.3432395638957752,-0.8068737827527108,1.0638120569246137,279.6611189842224,0.0
1,waypoint_20,-30.0,0.3432395638957752,-0.8068737827527108,1.0638120569246137,193.492591381073,0.0
2,waypoint_20,-30.0,0.3432395638957752,-0.8068737827527108,1.0638120569246137,176.47191882133484,0.0
3,waypoint_20,-30.0,0.3432395638957752,-0.8068737827527108,1.0638120569246137,113.19882422685623,0.0
4,waypoint_20,-30.0,0.3432395638957752,-0.8068737827527108,1.0638120569246137,74.07635450363159,0.0
5,waypoint_20,-30.0,0.3432395638957752,-0.8068737827527108,1.0638120569246137,83.11585336923599,0.0
6,waypoint_20,-30.0,0.3432395638957752,-0.8068737827527108,1.0638120569246137,0.005044345925853122,0.026654858142137527
7,waypoint_20,-30.0,0.3432395638957752,-0.8068737827527108,1.0638120569246137,179.55459654331207,0.0
8,waypoint_20,-30.0,0.3432395638957752,-0.8068737827527108,1.0638120569246137,0.0066180618887301534,0.008849481120705605
9,waypoint_20,-30.0,0.3432395638957752,-0.8068737827527108,1.0638120569246137,0.009501661224931013,0.0020218363497406244
10,waypoint_20,-30.0,0.3432395638957752,-0.8068737827527108,1.0638120569246137,361.9355261325836,0.0
11,waypoint_20,-30.0,0.3432395638957752,-0.8068737827527108,1.0638120569246137,332.8379690647125,0.0
12,waypoint_20,-30.0,0.3432395638957752,-0.8068737827527108,1.0638120569246137,330.1277160644531,0.0
13,waypoint_20,-30.0,0.3432395638957752,-0.8068737827527108,1.0638120569246137,339.5799398422241,0.0
14,waypoint_20,-30.0,0.3432395638957752,-0.8068737827527108,1.0638120569246137,347.32571244239807,0.0
0,waypoint_21,-30.0,0.1632395638957761,-0.7819241070227957,1.0638120569246137,172.3022311925888,0.0
1,waypoint_21,-30.0,0.1632395638957761,-0.7819241070227957,1.0638120569246137,190.40930271148682,0.0
2,waypoint_21,-30.0,0.1632395638957761,-0.7819241070227957,1.0638120569246137,0.017455513443564996,0.033217716962099075
3,waypoint_21,-30.0,0.1632395638957761,-0.7819241070227957,1.0638120569246137,243.90867352485657,0.0
4,waypoint_21,-30.0,0.1632395638957761,-0.7819241070227957,1.0638120569246137,350.34453868865967,0.0
5,waypoint_21,-30.0,0.1632395638957761,-0.7819241070227957,1.0638120569246137,376.3033449649811,0.0
6,waypoint_21,-30.0,0.1632395638957761,-0.7819241070227957,1.0638120569246137,0.007479908163077198,0.010729139670729637
7,waypoint_21,-30.0,0.1632395638957761,-0.7819241070227957,1.0638120569246137,283.41153264045715,0.0
8,waypoint_21,-30.0,0.1632395638957761,-0.7819241070227957,1.0638120569246137,0.009477993444306776,0.009680689312517643
9,waypoint_21,-30.0,0.1632395638957761,-0.7819241070227957,1.0638120569246137,0.01445581619918812,0.020513294264674187
10,waypoint_21,-30.0,0.1632395638957761,-0.7819241070227957,1.0638120569246137,338.81282806396484,0.0
11,waypoint_21,-30.0,0.1632395638957761,-0.7819241070227957,1.0638120569246137,316.0790503025055,0.0
12,waypoint_21,-30.0,0.1632395638957761,-0.7819241070227957,1.0638120569246137,385.8499228954315,0.0
13,waypoint_21,-30.0,0.1632395638957761,-0.7819241070227957,1.0638120569246137,331.7948579788208,0.0
14,waypoint_21,-30.0,0.1632395638957761,-0.7819241070227957,1.0638120569246137,498.9215135574341,0.0
0,waypoint_21,-15.0,0.1632395638957761,-0.7819241070227957,1.0638120569246137,264.72508907318115,0.0
1,waypoint_21,-15.0,0.1632395638957761,-0.7819241070227957,1.0638120569246137,228.805273771286,0.0
2,waypoint_21,-15.0,0.1632395638957761,-0.7819241070227957,1.0638120569246137,0.0017357134538542596,0.021457236260175705
3,waypoint_21,-15.0,0.1632395638957761,-0.7819241070227957,1.0638120569246137,131.5537691116333,0.0
4,waypoint_21,-15.0,0.1632395638957761,-0.7819241070227957,1.0638120569246137,306.17061257362366,0.0
5,waypoint_21,-15.0,0.1632395638957761,-0.7819241070227957,1.0638120569246137,338.64787220954895,0.0
6,waypoint_21,-15.0,0.1632395638957761,-0.7819241070227957,1.0638120569246137,0.005141764177096775,0.010189146734774113
7,waypoint_21,-15.0,0.1632395638957761,-0.7819241070227957,1.0638120569246137,262.4219059944153,0.0
8,waypoint_21,-15.0,0.1632395638957761,-0.7819241070227957,1.0638120569246137,0.00452524500360596,0.010142164304852486
9,waypoint_21,-15.0,0.1632395638957761,-0.7819241070227957,1.0638120569246137,0.0053855692385695875,0.019639505073428154
10,waypoint_21,-15.0,0.1632395638957761,-0.7819241070227957,1.0638120569246137,325.4660665988922,0.0
11,waypoint_21,-15.0,0.1632395638957761,-0.7819241070227957,1.0638120569246137,307.1773946285248,0.0
12,waypoint_21,-15.0,0.1632395638957761,-0.7819241070227957,1.0638120569246137,367.72266030311584,0.0
13,waypoint_21,-15.0,0.1632395638957761,-0.7819241070227957,1.0638120569246137,344.3810045719147,0.0
14,waypoint_21,-15.0,0.1632395638957761,-0.7819241070227957,1.0638120569246137,492.69774556159973,0.0
0,waypoint_21,0.0,0.1632395638957761,-0.7819241070227957,1.0638120569246137,267.63463020324707,0.0
1,waypoint_21,0.0,0.1632395638957761,-0.7819241070227957,1.0638120569246137,285.2236330509186,0.0
2,waypoint_21,0.0,0.1632395638957761,-0.7819241070227957,1.0638120569246137,30.005499720573425,0.0
3,waypoint_21,0.0,0.1632395638957761,-0.7819241070227957,1.0638120569246137,63.71857970952988,0.0
4,waypoint_21,0.0,0.1632395638957761,-0.7819241070227957,1.0638120569246137,100.94455629587173,0.0
5,waypoint_21,0.0,0.1632395638957761,-0.7819241070227957,1.0638120569246137,285.57994961738586,0.0
6,waypoint_21,0.0,0.1632395638957761,-0.7819241070227957,1.0638120569246137,0.0038574153222725727,0.009459585882723331
7,waypoint_21,0.0,0.1632395638957761,-0.7819241070227957,1.0638120569246137,239.21789228916168,0.0
8,waypoint_21,0.0,0.1632395638957761,-0.7819241070227957,1.0638120569246137,0.0028090566956961993,0.00974348932504654
9,waypoint_21,0.0,0.1632395638957761,-0.7819241070227957,1.0638120569246137,0.00384438408218557,0.016703160479664803
10,waypoint_21,0.0,0.1632395638957761,-0.7819241070227957,1.0638120569246137,306.36653304100037,0.0
11,waypoint_21,0.0,0.1632395638957761,-0.7819241070227957,1.0638120569246137,291.21726751327515,0.0
12,waypoint_21,0.0,0.1632395638957761,-0.7819241070227957,1.0638120569246137,340.6005799770355,0.0
13,waypoint_21,0.0,0.1632395638957761,-0.7819241070227957,1.0638120569246137,361.7064654827118,0.0
14,waypoint_21,0.0,0.1632395638957761,-0.7819241070227957,1.0638120569246137,450.04886388778687,0.0
0,waypoint_21,15.0,0.1632395638957761,-0.7819241070227957,1.0638120569246137,320.4267919063568,0.0
1,waypoint_21,15.0,0.1632395638957761,-0.7819241070227957,1.0638120569246137,303.65684628486633,0.0
2,waypoint_21,15.0,0.1632395638957761,-0.7819241070227957,1.0638120569246137,194.17011737823486,0.0
3,waypoint_21,15.0,0.1632395638957761,-0.7819241070227957,1.0638120569246137,0.07885142258601263,0.01121056079864502
4,waypoint_21,15.0,0.1632395638957761,-0.7819241070227957,1.0638120569246137,49.0337498486042,0.0
5,waypoint_21,15.0,0.1632395638957761,-0.7819241070227957,1.0638120569246137,114.94889110326767,0.0
6,waypoint_21,15.0,0.1632395638957761,-0.7819241070227957,1.0638120569246137,0.003969866156694479,0.008772033266723156
7,waypoint_21,15.0,0.1632395638957761,-0.7819241070227957,1.0638120569246137,216.35489165782928,0.0
8,waypoint_21,15.0,0.1632395638957761,-0.7819241070227957,1.0638120569246137,0.00456131328974152,0.00784209929406643
9,waypoint_21,15.0,0.1632395638957761,-0.7819241070227957,1.0638120569246137,0.006263878276513424,0.009397715330123901
10,waypoint_21,15.0,0.1632395638957761,-0.7819241070227957,1.0638120569246137,286.285400390625,0.0
11,waypoint_21,15.0,0.1632395638957761,-0.7819241070227957,1.0638120569246137,277.0306468009949,0.0
12,waypoint_21,15.0,0.1632395638957761,-0.7819241070227957,1.0638120569246137,317.8515434265137,0.0
13,waypoint_21,15.0,0.1632395638957761,-0.7819241070227957,1.0638120569246137,362.67006397247314,0.0
14,waypoint_21,15.0,0.1632395638957761,-0.7819241070227957,1.0638120569246137,422.7481484413147,0.0
0,waypoint_21,30.0,0.1632395638957761,-0.7819241070227957,1.0638120569246137,268.83840560913086,0.0
1,waypoint_21,30.0,0.1632395638957761,-0.7819241070227957,1.0638120569246137,249.2651790380478,0.0
2,waypoint_21,30.0,0.1632395638957761,-0.7819241070227957,1.0638120569246137,210.76658368110657,0.0
3,waypoint_21,30.0,0.1632395638957761,-0.7819241070227957,1.0638120569246137,151.39491856098175,0.0
4,waypoint_21,30.0,0.1632395638957761,-0.7819241070227957,1.0638120569246137,0.2569770731497556,0.00882289744913578
5,waypoint_21,30.0,0.1632395638957761,-0.7819241070227957,1.0638120569246137,33.25732797384262,0.0
6,waypoint_21,30.0,0.1632395638957761,-0.7819241070227957,1.0638120569246137,0.003269166654717992,0.008297224529087543
7,waypoint_21,30.0,0.1632395638957761,-0.7819241070227957,1.0638120569246137,183.45260620117188,0.0
8,waypoint_21,30.0,0.1632395638957761,-0.7819241070227957,1.0638120569246137,0.004733059995487565,0.002393916482105851
9,waypoint_21,30.0,0.1632395638957761,-0.7819241070227957,1.0638120569246137,54.21159043908119,0.0
10,waypoint_21,30.0,0.1632395638957761,-0.7819241070227957,1.0638120569246137,263.70495557785034,0.0
11,waypoint_21,30.0,0.1632395638957761,-0.7819241070227957,1.0638120569246137,251.97598338127136,0.0
12,waypoint_21,30.0,0.1632395638957761,-0.7819241070227957,1.0638120569246137,288.6778712272644,0.0
13,waypoint_21,30.0,0.1632395638957761,-0.7819241070227957,1.0638120569246137,359.31330919265747,0.0
14,waypoint_21,30.0,0.1632395638957761,-0.7819241070227957,1.0638120569246137,402.40103006362915,0.0
0,waypoint_22,30.0,0.18323956389577567,-0.7819241070227957,1.0638120569246137,347.96276688575745,0.0
1,waypoint_22,30.0,0.18323956389577567,-0.7819241070227957,1.0638120569246137,320.8807706832886,0.0
2,waypoint_22,30.0,0.18323956389577567,-0.7819241070227957,1.0638120569246137,184.02354419231415,0.0
3,waypoint_22,30.0,0.18323956389577567,-0.7819241070227957,1.0638120569246137,165.7831221818924,0.0
4,waypoint_22,30.0,0.18323956389577567,-0.7819241070227957,1.0638120569246137,0.0410137145081535,0.009228996932506561
5,waypoint_22,30.0,0.18323956389577567,-0.7819241070227957,1.0638120569246137,0.39579960866831243,0.00679568387567997
6,waypoint_22,30.0,0.18323956389577567,-0.7819241070227957,1.0638120569246137,0.010951410331472289,0.009646470658481121
7,waypoint_22,30.0,0.18323956389577567,-0.7819241070227957,1.0638120569246137,175.0183403491974,0.0
8,waypoint_22,30.0,0.18323956389577567,-0.7819241070227957,1.0638120569246137,0.006409716661437415,0.0027552680112421513
9,waypoint_22,30.0,0.18323956389577567,-0.7819241070227957,1.0638120569246137,25.52396059036255,0.0
10,waypoint_22,30.0,0.18323956389577567,-0.7819241070227957,1.0638120569246137,264.9753987789154,0.0
11,waypoint_22,30.0,0.18323956389577567,-0.7819241070227957,1.0638120569246137,253.32224369049072,0.0
12,waypoint_22,30.0,0.18323956389577567,-0.7819241070227957,1.0638120569246137,283.1752300262451,0.0
13,waypoint_22,30.0,0.18323956389577567,-0.7819241070227957,1.0638120569246137,355.67325353622437,0.0
14,waypoint_22,30.0,0.18323956389577567,-0.7819241070227957,1.0638120569246137,384.7813308238983,0.0
0,waypoint_22,15.0,0.18323956389577567,-0.7819241070227957,1.0638120569246137,288.75672817230225,0.0
1,waypoint_22,15.0,0.18323956389577567,-0.7819241070227957,1.0638120569246137,194.0649449825287,0.0
2,waypoint_22,15.0,0.18323956389577567,-0.7819241070227957,1.0638120569246137,247.69945442676544,0.0
3,waypoint_22,15.0,0.18323956389577567,-0.7819241070227957,1.0638120569246137,131.36567175388336,0.0
4,waypoint_22,15.0,0.18323956389577567,-0.7819241070227957,1.0638120569246137,34.61896255612373,0.0
5,waypoint_22,15.0,0.18323956389577567,-0.7819241070227957,1.0638120569246137,54.09364774823189,0.0
6,waypoint_22,15.0,0.18323956389577567,-0.7819241070227957,1.0638120569246137,0.004818769411940593,0.010443813167512417
7,waypoint_22,15.0,0.18323956389577567,-0.7819241070227957,1.0638120569246137,188.15146386623383,0.0
8,waypoint_22,15.0,0.18323956389577567,-0.7819241070227957,1.0638120569246137,0.0262899229710456,0.006509513594210148
9,waypoint_22,15.0,0.18323956389577567,-0.7819241070227957,1.0638120569246137,0.006975526048336178,0.010278983041644096
10,waypoint_22,15.0,0.18323956389577567,-0.7819241070227957,1.0638120569246137,289.12267088890076,0.0
11,waypoint_22,15.0,0.18323956389577567,-0.7819241070227957,1.0638120569246137,276.58435702323914,0.0
12,waypoint_22,15.0,0.18323956389577567,-0.7819241070227957,1.0638120569246137,310.1210296154022,0.0
13,waypoint_22,15.0,0.18323956389577567,-0.7819241070227957,1.0638120569246137,358.37653279304504,0.0
14,waypoint_22,15.0,0.18323956389577567,-0.7819241070227957,1.0638120569246137,405.10475635528564,0.0
0,waypoint_22,0.0,0.18323956389577567,-0.7819241070227957,1.0638120569246137,288.70949149131775,0.0
1,waypoint_22,0.0,0.18323956389577567,-0.7819241070227957,1.0638120569246137,269.83651518821716,0.0
2,waypoint_22,0.0,0.18323956389577567,-0.7819241070227957,1.0638120569246137,235.38924753665924,0.0
3,waypoint_22,0.0,0.18323956389577567,-0.7819241070227957,1.0638120569246137,0.01468162918172311,0.023672383278608322
4,waypoint_22,0.0,0.18323956389577567,-0.7819241070227957,1.0638120569246137,25.56927502155304,0.0
5,waypoint_22,0.0,0.18323956389577567,-0.7819241070227957,1.0638120569246137,52.61240899562836,0.0
6,waypoint_22,0.0,0.18323956389577567,-0.7819241070227957,1.0638120569246137,0.004720447122963378,0.011301016435027122
7,waypoint_22,0.0,0.18323956389577567,-0.7819241070227957,1.0638120569246137,193.98050010204315,0.0
8,waypoint_22,0.0,0.18323956389577567,-0.7819241070227957,1.0638120569246137,0.006430002031265758,0.007907339371740818
9,waypoint_22,0.0,0.18323956389577567,-0.7819241070227957,1.0638120569246137,0.012750936548400205,0.01578717865049839
10,waypoint_22,0.0,0.18323956389577567,-0.7819241070227957,1.0638120569246137,306.8643808364868,0.0
11,waypoint_22,0.0,0.18323956389577567,-0.7819241070227957,1.0638120569246137,290.1051640510559,0.0
12,waypoint_22,0.0,0.18323956389577567,-0.7819241070227957,1.0638120569246137,331.5933346748352,0.0
13,waypoint_22,0.0,0.18323956389577567,-0.7819241070227957,1.0638120569246137,357.9215407371521,0.0
14,waypoint_22,0.0,0.18323956389577567,-0.7819241070227957,1.0638120569246137,421.2263822555542,0.0
0,waypoint_22,-15.0,0.18323956389577567,-0.7819241070227957,1.0638120569246137,240.98043143749237,0.0
1,waypoint_22,-15.0,0.18323956389577567,-0.7819241070227957,1.0638120569246137,259.42572951316833,0.0
2,waypoint_22,-15.0,0.18323956389577567,-0.7819241070227957,1.0638120569246137,1.434348407201469,0.011562873609364033
3,waypoint_22,-15.0,0.18323956389577567,-0.7819241070227957,1.0638120569246137,0.003602014658099506,0.03160218149423599
4,waypoint_22,-15.0,0.18323956389577567,-0.7819241070227957,1.0638120569246137,35.769861191511154,0.0
5,waypoint_22,-15.0,0.18323956389577567,-0.7819241070227957,1.0638120569246137,76.35334134101868,0.0
6,waypoint_22,-15.0,0.18323956389577567,-0.7819241070227957,1.0638120569246137,0.0022790984530729474,0.01206173561513424
7,waypoint_22,-15.0,0.18323956389577567,-0.7819241070227957,1.0638120569246137,196.70142233371735,0.0
8,waypoint_22,-15.0,0.18323956389577567,-0.7819241070227957,1.0638120569246137,0.006200029019964859,0.008057764731347561
9,waypoint_22,-15.0,0.18323956389577567,-0.7819241070227957,1.0638120569246137,0.007993246981641278,0.01797730103135109
10,waypoint_22,-15.0,0.18323956389577567,-0.7819241070227957,1.0638120569246137,322.24956154823303,0.0
11,waypoint_22,-15.0,0.18323956389577567,-0.7819241070227957,1.0638120569246137,307.70403146743774,0.0
12,waypoint_22,-15.0,0.18323956389577567,-0.7819241070227957,1.0638120569246137,355.76313734054565,0.0
13,waypoint_22,-15.0,0.18323956389577567,-0.7819241070227957,1.0638120569246137,345.00232338905334,0.0
14,waypoint_22,-15.0,0.18323956389577567,-0.7819241070227957,1.0638120569246137,458.3202600479126,0.0
0,waypoint_22,-30.0,0.18323956389577567,-0.7819241070227957,1.0638120569246137,209.49822664260864,0.0
1,waypoint_22,-30.0,0.18323956389577567,-0.7819241070227957,1.0638120569246137,153.77941727638245,0.0
2,waypoint_22,-30.0,0.18323956389577567,-0.7819241070227957,1.0638120569246137,61.0848031938076,0.0
3,waypoint_22,-30.0,0.18323956389577567,-0.7819241070227957,1.0638120569246137,0.00723257608115091,0.035923898220062256
4,waypoint_22,-30.0,0.18323956389577567,-0.7819241070227957,1.0638120569246137,174.6281385421753,0.0
5,waypoint_22,-30.0,0.18323956389577567,-0.7819241070227957,1.0638120569246137,106.62087798118591,0.0
6,waypoint_22,-30.0,0.18323956389577567,-0.7819241070227957,1.0638120569246137,0.004790694219991565,0.012536602094769478
7,waypoint_22,-30.0,0.18323956389577567,-0.7819241070227957,1.0638120569246137,189.540296792984,0.0
8,waypoint_22,-30.0,0.18323956389577567,-0.7819241070227957,1.0638120569246137,0.002814860408761888,0.007512331008911133
9,waypoint_22,-30.0,0.18323956389577567,-0.7819241070227957,1.0638120569246137,0.002384185791015625,0.018437769263982773
10,waypoint_22,-30.0,0.18323956389577567,-0.7819241070227957,1.0638120569246137,325.2736032009125,0.0
11,waypoint_22,-30.0,0.18323956389577567,-0.7819241070227957,1.0638120569246137,314.2744302749634,0.0
12,waypoint_22,-30.0,0.18323956389577567,-0.7819241070227957,1.0638120569246137,373.2340335845947,0.0
13,waypoint_22,-30.0,0.18323956389577567,-0.7819241070227957,1.0638120569246137,350.73840618133545,0.0
14,waypoint_22,-30.0,0.18323956389577567,-0.7819241070227957,1.0638120569246137,483.079731464386,0.0
0,waypoint_23,-30.0,0.20323956389577547,-0.7819241070227957,1.0638120569246137,177.43179202079773,0.0
1,waypoint_23,-30.0,0.20323956389577547,-0.7819241070227957,1.0638120569246137,193.3746188879013,0.0
2,waypoint_23,-30.0,0.20323956389577547,-0.7819241070227957,1.0638120569246137,35.6881245970726,0.0
3,waypoint_23,-30.0,0.20323956389577547,-0.7819241070227957,1.0638120569246137,0.010643727364367805,0.03621522709727287
4,waypoint_23,-30.0,0.20323956389577547,-0.7819241070227957,1.0638120569246137,197.57141172885895,0.0
5,waypoint_23,-30.0,0.20323956389577547,-0.7819241070227957,1.0638120569246137,102.88943350315094,0.0
6,waypoint_23,-30.0,0.20323956389577547,-0.7819241070227957,1.0638120569246137,0.01061983493855223,0.0143363568931818
7,waypoint_23,-30.0,0.20323956389577547,-0.7819241070227957,1.0638120569246137,193.74831020832062,0.0
8,waypoint_23,-30.0,0.20323956389577547,-0.7819241070227957,1.0638120569246137,0.010263092917739414,0.005402345675975084
9,waypoint_23,-30.0,0.20323956389577547,-0.7819241070227957,1.0638120569246137,0.011892881957464851,0.016284259036183357
10,waypoint_23,-30.0,0.20323956389577547,-0.7819241070227957,1.0638120569246137,326.75841450691223,0.0
11,waypoint_23,-30.0,0.20323956389577547,-0.7819241070227957,1.0638120569246137,313.5181665420532,0.0
12,waypoint_23,-30.0,0.20323956389577547,-0.7819241070227957,1.0638120569246137,368.75447630882263,0.0
13,waypoint_23,-30.0,0.20323956389577547,-0.7819241070227957,1.0638120569246137,340.6757414340973,0.0
14,waypoint_23,-30.0,0.20323956389577547,-0.7819241070227957,1.0638120569246137,469.89142894744873,0.0
0,waypoint_23,-15.0,0.20323956389577547,-0.7819241070227957,1.0638120569246137,249.43391978740692,0.0
1,waypoint_23,-15.0,0.20323956389577547,-0.7819241070227957,1.0638120569246137,266.37953519821167,0.0
2,waypoint_23,-15.0,0.20323956389577547,-0.7819241070227957,1.0638120569246137,17.490964382886887,0.0
3,waypoint_23,-15.0,0.20323956389577547,-0.7819241070227957,1.0638120569246137,0.00381655945602688,0.030832156538963318
4,waypoint_23,-15.0,0.20323956389577547,-0.7819241070227957,1.0638120569246137,127.1171122789383,0.0
5,waypoint_23,-15.0,0.20323956389577547,-0.7819241070227957,1.0638120569246137,73.8695040345192,0.0
6,waypoint_23,-15.0,0.20323956389577547,-0.7819241070227957,1.0638120569246137,0.0037689039800170576,0.013909890316426754
7,waypoint_23,-15.0,0.20323956389577547,-0.7819241070227957,1.0638120569246137,196.0279643535614,0.0
8,waypoint_23,-15.0,0.20323956389577547,-0.7819241070227957,1.0638120569246137,0.0044492380766314454,0.005972663406282663
9,waypoint_23,-15.0,0.20323956389577547,-0.7819241070227957,1.0638120569246137,0.003932099843950709,0.01615510694682598
10,waypoint_23,-15.0,0.20323956389577547,-0.7819241070227957,1.0638120569246137,324.4962692260742,0.0
11,waypoint_23,-15.0,0.20323956389577547,-0.7819241070227957,1.0638120569246137,306.5900206565857,0.0
12,waypoint_23,-15.0,0.20323956389577547,-0.7819241070227957,1.0638120569246137,353.29803824424744,0.0
13,waypoint_23,-15.0,0.20323956389577547,-0.7819241070227957,1.0638120569246137,337.77520060539246,0.0
14,waypoint_23,-15.0,0.20323956389577547,-0.7819241070227957,1.0638120569246137,451.940655708313,0.0
0,waypoint_23,0.0,0.20323956389577547,-0.7819241070227957,1.0638120569246137,303.50184440612793,0.0
1,waypoint_23,0.0,0.20323956389577547,-0.7819241070227957,1.0638120569246137,274.3946313858032,0.0
2,waypoint_23,0.0,0.20323956389577547,-0.7819241070227957,1.0638120569246137,237.07760870456696,0.0
3,waypoint_23,0.0,0.20323956389577547,-0.7819241070227957,1.0638120569246137,0.0036334397464088397,0.02057468518614769
4,waypoint_23,0.0,0.20323956389577547,-0.7819241070227957,1.0638120569246137,61.85121834278107,0.0
5,waypoint_23,0.0,0.20323956389577547,-0.7819241070227957,1.0638120569246137,52.45366320014,0.0
6,waypoint_23,0.0,0.20323956389577547,-0.7819241070227957,1.0638120569246137,0.0046596815082011744,0.013104111887514591
7,waypoint_23,0.0,0.20323956389577547,-0.7819241070227957,1.0638120569246137,191.83756411075592,0.0
8,waypoint_23,0.0,0.20323956389577547,-0.7819241070227957,1.0638120569246137,0.0012658972536883084,0.006009929813444614
9,waypoint_23,0.0,0.20323956389577547,-0.7819241070227957,1.0638120569246137,0.0019983117454103194,0.0145643325522542
10,waypoint_23,0.0,0.20323956389577547,-0.7819241070227957,1.0638120569246137,310.4519248008728,0.0
11,waypoint_23,0.0,0.20323956389577547,-0.7819241070227957,1.0638120569246137,292.5315201282501,0.0
12,waypoint_23,0.0,0.20323956389577547,-0.7819241070227957,1.0638120569246137,330.7022452354431,0.0
13,waypoint_23,0.0,0.20323956389577547,-0.7819241070227957,1.0638120569246137,339.48931097984314,0.0
14,waypoint_23,0.0,0.20323956389577547,-0.7819241070227957,1.0638120569246137,428.311824798584,0.0
0,waypoint_23,15.0,0.20323956389577547,-0.7819241070227957,1.0638120569246137,292.15431213378906,0.0
1,waypoint_23,15.0,0.20323956389577547,-0.7819241070227957,1.0638120569246137,296.2547242641449,0.0
2,waypoint_23,15.0,0.20323956389577547,-0.7819241070227957,1.0638120569246137,230.3469330072403,0.0
3,waypoint_23,15.0,0.20323956389577547,-0.7819241070227957,1.0638120569246137,18.055269494652748,0.0
4,waypoint_23,15.0,0.20323956389577547,-0.7819241070227957,1.0638120569246137,48.45245182514191,0.0
5,waypoint_23,15.0,0.20323956389577547,-0.7819241070227957,1.0638120569246137,38.085125386714935,0.0
6,waypoint_23,15.0,0.20323956389577547,-0.7819241070227957,1.0638120569246137,0.002888827566494001,0.012066666036844254
7,waypoint_23,15.0,0.20323956389577547,-0.7819241070227957,1.0638120569246137,184.2976063489914,0.0
8,waypoint_23,15.0,0.20323956389577547,-0.7819241070227957,1.0638120569246137,0.0014333027138491161,0.005035503301769495
9,waypoint_23,15.0,0.20323956389577547,-0.7819241070227957,1.0638120569246137,0.0028709398520732066,0.010328811593353748
10,waypoint_23,15.0,0.20323956389577547,-0.7819241070227957,1.0638120569246137,294.5842146873474,0.0
11,waypoint_23,15.0,0.20323956389577547,-0.7819241070227957,1.0638120569246137,278.6242365837097,0.0
12,waypoint_23,15.0,0.20323956389577547,-0.7819241070227957,1.0638120569246137,309.69735980033875,0.0
13,waypoint_23,15.0,0.20323956389577547,-0.7819241070227957,1.0638120569246137,339.45974707603455,0.0
14,waypoint_23,15.0,0.20323956389577547,-0.7819241070227957,1.0638120569246137,397.5139856338501,0.0
0,waypoint_23,30.0,0.20323956389577547,-0.7819241070227957,1.0638120569246137,329.57923412323,0.0
1,waypoint_23,30.0,0.20323956389577547,-0.7819241070227957,1.0638120569246137,271.1555063724518,0.0
2,waypoint_23,30.0,0.20323956389577547,-0.7819241070227957,1.0638120569246137,260.37976145744324,0.0
3,waypoint_23,30.0,0.20323956389577547,-0.7819241070227957,1.0638120569246137,182.24067986011505,0.0
4,waypoint_23,30.0,0.20323956389577547,-0.7819241070227957,1.0638120569246137,0.016978119674604386,0.008148684166371822
5,waypoint_23,30.0,0.20323956389577547,-0.7819241070227957,1.0638120569246137,34.05212610960007,0.0
6,waypoint_23,30.0,0.20323956389577547,-0.7819241070227957,1.0638120569246137,0.0035436264624877367,0.010929598473012447
7,waypoint_23,30.0,0.20323956389577547,-0.7819241070227957,1.0638120569246137,158.7410420179367,0.0
8,waypoint_23,30.0,0.20323956389577547,-0.7819241070227957,1.0638120569246137,45.342255383729935,0.0
9,waypoint_23,30.0,0.20323956389577547,-0.7819241070227957,1.0638120569246137,0.4422178026288748,2.283946014358662e-05
10,waypoint_23,30.0,0.20323956389577547,-0.7819241070227957,1.0638120569246137,270.7363963127136,0.0
11,waypoint_23,30.0,0.20323956389577547,-0.7819241070227957,1.0638120569246137,258.0443024635315,0.0
12,waypoint_23,30.0,0.20323956389577547,-0.7819241070227957,1.0638120569246137,282.31438994407654,0.0
13,waypoint_23,30.0,0.20323956389577547,-0.7819241070227957,1.0638120569246137,337.5242352485657,0.0
14,waypoint_23,30.0,0.20323956389577547,-0.7819241070227957,1.0638120569246137,374.732106924057,0.0
0,waypoint_24,30.0,0.22323956389577598,-0.7819241070227957,1.0638120569246137,307.99600481987,0.0
1,waypoint_24,30.0,0.22323956389577598,-0.7819241070227957,1.0638120569246137,311.1056387424469,0.0
2,waypoint_24,30.0,0.22323956389577598,-0.7819241070227957,1.0638120569246137,181.16724491119385,0.0
3,waypoint_24,30.0,0.22323956389577598,-0.7819241070227957,1.0638120569246137,252.23779678344727,0.0
4,waypoint_24,30.0,0.22323956389577598,-0.7819241070227957,1.0638120569246137,1.0048144031316042,7.821630987336903e-08
5,waypoint_24,30.0,0.22323956389577598,-0.7819241070227957,1.0638120569246137,33.70865434408188,0.0
6,waypoint_24,30.0,0.22323956389577598,-0.7819241070227957,1.0638120569246137,0.009510677045909688,0.012123013846576214
7,waypoint_24,30.0,0.22323956389577598,-0.7819241070227957,1.0638120569246137,142.32151210308075,0.0
8,waypoint_24,30.0,0.22323956389577598,-0.7819241070227957,1.0638120569246137,88.59872817993164,0.0
9,waypoint_24,30.0,0.22323956389577598,-0.7819241070227957,1.0638120569246137,0.014988642760727089,0.001983919180929661
10,waypoint_24,30.0,0.22323956389577598,-0.7819241070227957,1.0638120569246137,277.08062529563904,0.0
11,waypoint_24,30.0,0.22323956389577598,-0.7819241070227957,1.0638120569246137,262.17854022979736,0.0
12,waypoint_24,30.0,0.22323956389577598,-0.7819241070227957,1.0638120569246137,278.426855802536,0.0
13,waypoint_24,30.0,0.22323956389577598,-0.7819241070227957,1.0638120569246137,336.2010717391968,0.0
14,waypoint_24,30.0,0.22323956389577598,-0.7819241070227957,1.0638120569246137,361.64507269859314,0.0
0,waypoint_24,15.0,0.22323956389577598,-0.7819241070227957,1.0638120569246137,312.72849440574646,0.0
1,waypoint_24,15.0,0.22323956389577598,-0.7819241070227957,1.0638120569246137,255.32373785972595,0.0
2,waypoint_24,15.0,0.22323956389577598,-0.7819241070227957,1.0638120569246137,244.98310685157776,0.0
3,waypoint_24,15.0,0.22323956389577598,-0.7819241070227957,1.0638120569246137,160.05659103393555,0.0
4,waypoint_24,15.0,0.22323956389577598,-0.7819241070227957,1.0638120569246137,0.014937357263988815,0.01915355771780014
5,waypoint_24,15.0,0.22323956389577598,-0.7819241070227957,1.0638120569246137,40.17101973295212,0.0
6,waypoint_24,15.0,0.22323956389577598,-0.7819241070227957,1.0638120569246137,0.0022026013084541773,0.01362641341984272
7,waypoint_24,15.0,0.22323956389577598,-0.7819241070227957,1.0638120569246137,162.01826930046082,0.0
8,waypoint_24,15.0,0.22323956389577598,-0.7819241070227957,1.0638120569246137,0.014936888874217402,0.003465777263045311
9,waypoint_24,15.0,0.22323956389577598,-0.7819241070227957,1.0638120569246137,0.012629997399926651,0.009838627651333809
10,waypoint_24,15.0,0.22323956389577598,-0.7819241070227957,1.0638120569246137,300.1726269721985,0.0
11,waypoint_24,15.0,0.22323956389577598,-0.7819241070227957,1.0638120569246137,281.2621295452118,0.0
12,waypoint_24,15.0,0.22323956389577598,-0.7819241070227957,1.0638120569246137,305.3205609321594,0.0
13,waypoint_24,15.0,0.22323956389577598,-0.7819241070227957,1.0638120569246137,357.9578995704651,0.0
14,waypoint_24,15.0,0.22323956389577598,-0.7819241070227957,1.0638120569246137,380.53789734840393,0.0
0,waypoint_24,0.0,0.22323956389577598,-0.7819241070227957,1.0638120569246137,280.3231179714203,0.0
1,waypoint_24,0.0,0.22323956389577598,-0.7819241070227957,1.0638120569246137,201.10897719860077,0.0
2,waypoint_24,0.0,0.22323956389577598,-0.7819241070227957,1.0638120569246137,189.0169382095337,0.0
3,waypoint_24,0.0,0.22323956389577598,-0.7819241070227957,1.0638120569246137,157.53602981567383,0.0
4,waypoint_24,0.0,0.22323956389577598,-0.7819241070227957,1.0638120569246137,0.004177856226306176,0.02655472606420517
5,waypoint_24,0.0,0.22323956389577598,-0.7819241070227957,1.0638120569246137,54.78281527757645,0.0
6,waypoint_24,0.0,0.22323956389577598,-0.7819241070227957,1.0638120569246137,0.0029018649456702406,0.014863290823996067
7,waypoint_24,0.0,0.22323956389577598,-0.7819241070227957,1.0638120569246137,179.8136830329895,0.0
8,waypoint_24,0.0,0.22323956389577598,-0.7819241070227957,1.0638120569246137,0.008164544851751998,0.004074083175510168
9,waypoint_24,0.0,0.22323956389577598,-0.7819241070227957,1.0638120569246137,0.007302967787836678,0.01311244536191225
10,waypoint_24,0.0,0.22323956389577598,-0.7819241070227957,1.0638120569246137,314.70584869384766,0.0
11,waypoint_24,0.0,0.22323956389577598,-0.7819241070227957,1.0638120569246137,295.5031096935272,0.0
12,waypoint_24,0.0,0.22323956389577598,-0.7819241070227957,1.0638120569246137,324.172705411911,0.0
13,waypoint_24,0.0,0.22323956389577598,-0.7819241070227957,1.0638120569246137,353.953093290329,0.0
14,waypoint_24,0.0,0.22323956389577598,-0.7819241070227957,1.0638120569246137,382.8720450401306,0.0
0,waypoint_24,-15.0,0.22323956389577598,-0.7819241070227957,1.0638120569246137,256.3033103942871,0.0
1,waypoint_24,-15.0,0.22323956389577598,-0.7819241070227957,1.0638120569246137,227.56505012512207,0.0
2,waypoint_24,-15.0,0.22323956389577598,-0.7819241070227957,1.0638120569246137,221.0899293422699,0.0
3,waypoint_24,-15.0,0.22323956389577598,-0.7819241070227957,1.0638120569246137,0.011112070751551073,0.029217174276709557
4,waypoint_24,-15.0,0.22323956389577598,-0.7819241070227957,1.0638120569246137,0.0035186940294806845,0.030774127691984177
5,waypoint_24,-15.0,0.22323956389577598,-0.7819241070227957,1.0638120569246137,89.93533253669739,0.0
6,waypoint_24,-15.0,0.22323956389577598,-0.7819241070227957,1.0638120569246137,0.0037225772757665254,0.015733372420072556
7,waypoint_24,-15.0,0.22323956389577598,-0.7819241070227957,1.0638120569246137,195.10480761528015,0.0
8,waypoint_24,-15.0,0.22323956389577598,-0.7819241070227957,1.0638120569246137,0.0024379683054576162,0.0039114016108214855
9,waypoint_24,-15.0,0.22323956389577598,-0.7819241070227957,1.0638120569246137,0.0026226043701171875,0.01421810220927
10,waypoint_24,-15.0,0.22323956389577598,-0.7819241070227957,1.0638120569246137,328.56613397598267,0.0
11,waypoint_24,-15.0,0.22323956389577598,-0.7819241070227957,1.0638120569246137,308.50642919540405,0.0
12,waypoint_24,-15.0,0.22323956389577598,-0.7819241070227957,1.0638120569246137,350.718230009079,0.0
13,waypoint_24,-15.0,0.22323956389577598,-0.7819241070227957,1.0638120569246137,341.25614166259766,0.0
14,waypoint_24,-15.0,0.22323956389577598,-0.7819241070227957,1.0638120569246137,416.6277050971985,0.0
0,waypoint_24,-30.0,0.22323956389577598,-0.7819241070227957,1.0638120569246137,151.36708319187164,0.0
1,waypoint_24,-30.0,0.22323956389577598,-0.7819241070227957,1.0638120569246137,164.68122601509094,0.0
2,waypoint_24,-30.0,0.22323956389577598,-0.7819241070227957,1.0638120569246137,0.049776979722082615,0.013558556325733662
3,waypoint_24,-30.0,0.22323956389577598,-0.7819241070227957,1.0638120569246137,0.003165225507473224,0.035989243537187576
4,waypoint_24,-30.0,0.22323956389577598,-0.7819241070227957,1.0638120569246137,0.005698403583664913,0.03302575275301933
5,waypoint_24,-30.0,0.22323956389577598,-0.7819241070227957,1.0638120569246137,64.19333070516586,0.0
6,waypoint_24,-30.0,0.22323956389577598,-0.7819241070227957,1.0638120569246137,0.004691097728937166,0.016129473224282265
7,waypoint_24,-30.0,0.22323956389577598,-0.7819241070227957,1.0638120569246137,206.39652013778687,0.0
8,waypoint_24,-30.0,0.22323956389577598,-0.7819241070227957,1.0638120569246137,0.0032004211334424326,0.0034056659787893295
9,waypoint_24,-30.0,0.22323956389577598,-0.7819241070227957,1.0638120569246137,0.0043458285290398635,0.014089815318584442
10,waypoint_24,-30.0,0.22323956389577598,-0.7819241070227957,1.0638120569246137,332.63251185417175,0.0
11,waypoint_24,-30.0,0.22323956389577598,-0.7819241070227957,1.0638120569246137,314.53239917755127,0.0
12,waypoint_24,-30.0,0.22323956389577598,-0.7819241070227957,1.0638120569246137,368.47588419914246,0.0
13,waypoint_24,-30.0,0.22323956389577598,-0.7819241070227957,1.0638120569246137,338.4312689304352,0.0
14,waypoint_24,-30.0,0.22323956389577598,-0.7819241070227957,1.0638120569246137,460.62925457954407,0.0
0,waypoint_25,-30.0,0.24323956389577556,-0.7819241070227957,1.0638120569246137,171.26676440238953,0.0
1,waypoint_25,-30.0,0.24323956389577556,-0.7819241070227957,1.0638120569246137,196.00990414619446,0.0
2,waypoint_25,-30.0,0.24323956389577556,-0.7819241070227957,1.0638120569246137,21.362101659178734,0.0
3,waypoint_25,-30.0,0.24323956389577556,-0.7819241070227957,1.0638120569246137,0.01018873354041716,0.03507456183433533
4,waypoint_25,-30.0,0.24323956389577556,-0.7819241070227957,1.0638120569246137,0.009532458534522448,0.03424813970923424
5,waypoint_25,-30.0,0.24323956389577556,-0.7819241070227957,1.0638120569246137,59.272754937410355,0.0
6,waypoint_25,-30.0,0.24323956389577556,-0.7819241070227957,1.0638120569246137,0.01019587944028899,0.017922043800354004
7,waypoint_25,-30.0,0.24323956389577556,-0.7819241070227957,1.0638120569246137,203.88345420360565,0.0
8,waypoint_25,-30.0,0.24323956389577556,-0.7819241070227957,1.0638120569246137,0.011346820429025684,0.0017420322401449084
9,waypoint_25,-30.0,0.24323956389577556,-0.7819241070227957,1.0638120569246137,0.012298793990339618,0.011879082769155502
10,waypoint_25,-30.0,0.24323956389577556,-0.7819241070227957,1.0638120569246137,336.41937375068665,0.0
11,waypoint_25,-30.0,0.24323956389577556,-0.7819241070227957,1.0638120569246137,316.135436296463,0.0
12,waypoint_25,-30.0,0.24323956389577556,-0.7819241070227957,1.0638120569246137,364.2164468765259,0.0
13,waypoint_25,-30.0,0.24323956389577556,-0.7819241070227957,1.0638120569246137,336.24085783958435,0.0
14,waypoint_25,-30.0,0.24323956389577556,-0.7819241070227957,1.0638120569246137,444.5152282714844,0.0
0,waypoint_25,-15.0,0.24323956389577556,-0.7819241070227957,1.0638120569246137,187.71710991859436,0.0
1,waypoint_25,-15.0,0.24323956389577556,-0.7819241070227957,1.0638120569246137,232.42345452308655,0.0
2,waypoint_25,-15.0,0.24323956389577556,-0.7819241070227957,1.0638120569246137,248.34683537483215,0.0
3,waypoint_25,-15.0,0.24323956389577556,-0.7819241070227957,1.0638120569246137,0.007326281320274575,0.026360437273979187
4,waypoint_25,-15.0,0.24323956389577556,-0.7819241070227957,1.0638120569246137,0.002526702701288741,0.0314425565302372
5,waypoint_25,-15.0,0.24323956389577556,-0.7819241070227957,1.0638120569246137,10.094133205711842,0.0
6,waypoint_25,-15.0,0.24323956389577556,-0.7819241070227957,1.0638120569246137,0.004803353931492893,0.017530279234051704
7,waypoint_25,-15.0,0.24323956389577556,-0.7819241070227957,1.0638120569246137,191.29368662834167,0.0
8,waypoint_25,-15.0,0.24323956389577556,-0.7819241070227957,1.0638120569246137,0.006863614544272423,0.0019405741477385163
9,waypoint_25,-15.0,0.24323956389577556,-0.7819241070227957,1.0638120569246137,0.004537788754532812,0.012204005382955074
10,waypoint_25,-15.0,0.24323956389577556,-0.7819241070227957,1.0638120569246137,333.3304226398468,0.0
11,waypoint_25,-15.0,0.24323956389577556,-0.7819241070227957,1.0638120569246137,311.10891699790955,0.0
12,waypoint_25,-15.0,0.24323956389577556,-0.7819241070227957,1.0638120569246137,349.4223654270172,0.0
13,waypoint_25,-15.0,0.24323956389577556,-0.7819241070227957,1.0638120569246137,337.2834622859955,0.0
14,waypoint_25,-15.0,0.24323956389577556,-0.7819241070227957,1.0638120569246137,423.5289990901947,0.0
0,waypoint_25,0.0,0.24323956389577556,-0.7819241070227957,1.0638120569246137,303.8620352745056,0.0
1,waypoint_25,0.0,0.24323956389577556,-0.7819241070227957,1.0638120569246137,252.1229088306427,0.0
2,waypoint_25,0.0,0.24323956389577556,-0.7819241070227957,1.0638120569246137,259.6513330936432,0.0
3,waypoint_25,0.0,0.24323956389577556,-0.7819241070227957,1.0638120569246137,0.7052932633087039,7.319260220128854e-08
4,waypoint_25,0.0,0.24323956389577556,-0.7819241070227957,1.0638120569246137,0.0029610973797389306,0.026299074292182922
5,waypoint_25,0.0,0.24323956389577556,-0.7819241070227957,1.0638120569246137,13.69377039372921,0.0
6,waypoint_25,0.0,0.24323956389577556,-0.7819241070227957,1.0638120569246137,0.0044364687710185535,0.016571253538131714
7,waypoint_25,0.0,0.24323956389577556,-0.7819241070227957,1.0638120569246137,175.16665160655975,0.0
8,waypoint_25,0.0,0.24323956389577556,-0.7819241070227957,1.0638120569246137,0.007764406291244086,0.002117216819897294
9,waypoint_25,0.0,0.24323956389577556,-0.7819241070227957,1.0638120569246137,0.0062910435190133285,0.011490813456475735
10,waypoint_25,0.0,0.24323956389577556,-0.7819241070227957,1.0638120569246137,320.4726278781891,0.0
11,waypoint_25,0.0,0.24323956389577556,-0.7819241070227957,1.0638120569246137,299.3510961532593,0.0
12,waypoint_25,0.0,0.24323956389577556,-0.7819241070227957,1.0638120569246137,324.2665231227875,0.0
13,waypoint_25,0.0,0.24323956389577556,-0.7819241070227957,1.0638120569246137,352.10224986076355,0.0
14,waypoint_25,0.0,0.24323956389577556,-0.7819241070227957,1.0638120569246137,400.8106589317322,0.0
0,waypoint_25,15.0,0.24323956389577556,-0.7819241070227957,1.0638120569246137,299.7492253780365,0.0
1,waypoint_25,15.0,0.24323956389577556,-0.7819241070227957,1.0638120569246137,281.4435660839081,0.0
2,waypoint_25,15.0,0.24323956389577556,-0.7819241070227957,1.0638120569246137,321.429967880249,0.0
3,waypoint_25,15.0,0.24323956389577556,-0.7819241070227957,1.0638120569246137,209.79875326156616,0.0
4,waypoint_25,15.0,0.24323956389577556,-0.7819241070227957,1.0638120569246137,0.0039667329474468715,0.016850490123033524
5,waypoint_25,15.0,0.24323956389577556,-0.7819241070227957,1.0638120569246137,42.708855122327805,0.0
6,waypoint_25,15.0,0.24323956389577556,-0.7819241070227957,1.0638120569246137,0.0041289126784249675,0.015107027254998684
7,waypoint_25,15.0,0.24323956389577556,-0.7819241070227957,1.0638120569246137,156.4251184463501,0.0
8,waypoint_25,15.0,0.24323956389577556,-0.7819241070227957,1.0638120569246137,0.002732078201006516,0.001860574004240334
9,waypoint_25,15.0,0.24323956389577556,-0.7819241070227957,1.0638120569246137,0.0054380866458814126,0.008976525627076626
10,waypoint_25,15.0,0.24323956389577556,-0.7819241070227957,1.0638120569246137,306.8099915981293,0.0
11,waypoint_25,15.0,0.24323956389577556,-0.7819241070227957,1.0638120569246137,283.23450684547424,0.0
12,waypoint_25,15.0,0.24323956389577556,-0.7819241070227957,1.0638120569246137,304.98361587524414,0.0
13,waypoint_25,15.0,0.24323956389577556,-0.7819241070227957,1.0638120569246137,355.97455501556396,0.0
14,waypoint_25,15.0,0.24323956389577556,-0.7819241070227957,1.0638120569246137,374.92334842681885,0.0
0,waypoint_25,30.0,0.24323956389577556,-0.7819241070227957,1.0638120569246137,339.88896012306213,0.0
1,waypoint_25,30.0,0.24323956389577556,-0.7819241070227957,1.0638120569246137,272.0254957675934,0.0
2,waypoint_25,30.0,0.24323956389577556,-0.7819241070227957,1.0638120569246137,218.95459294319153,0.0
3,waypoint_25,30.0,0.24323956389577556,-0.7819241070227957,1.0638120569246137,208.2451730966568,0.0
4,waypoint_25,30.0,0.24323956389577556,-0.7819241070227957,1.0638120569246137,16.337785869836807,0.0
5,waypoint_25,30.0,0.24323956389577556,-0.7819241070227957,1.0638120569246137,0.5494320066645741,0.008368457667529583
6,waypoint_25,30.0,0.24323956389577556,-0.7819241070227957,1.0638120569246137,0.0015226187315420248,0.013195071369409561
7,waypoint_25,30.0,0.24323956389577556,-0.7819241070227957,1.0638120569246137,127.17947363853455,0.0
8,waypoint_25,30.0,0.24323956389577556,-0.7819241070227957,1.0638120569246137,94.87197548151016,0.0
9,waypoint_25,30.0,0.24323956389577556,-0.7819241070227957,1.0638120569246137,0.007872326932556462,0.002074864227324724
10,waypoint_25,30.0,0.24323956389577556,-0.7819241070227957,1.0638120569246137,287.19887137413025,0.0
11,waypoint_25,30.0,0.24323956389577556,-0.7819241070227957,1.0638120569246137,267.3377990722656,0.0
12,waypoint_25,30.0,0.24323956389577556,-0.7819241070227957,1.0638120569246137,279.3116271495819,0.0
13,waypoint_25,30.0,0.24323956389577556,-0.7819241070227957,1.0638120569246137,354.57801818847656,0.0
14,waypoint_25,30.0,0.24323956389577556,-0.7819241070227957,1.0638120569246137,349.3182957172394,0.0
0,waypoint_26,30.0,0.2632395638957752,-0.7819241070227957,1.0638120569246137,304.60014939308167,0.0
1,waypoint_26,30.0,0.2632395638957752,-0.7819241070227957,1.0638120569246137,254.1888952255249,0.0
2,waypoint_26,30.0,0.2632395638957752,-0.7819241070227957,1.0638120569246137,259.63738560676575,0.0
3,waypoint_26,30.0,0.2632395638957752,-0.7819241070227957,1.0638120569246137,221.08113765716553,0.0
4,waypoint_26,30.0,0.2632395638957752,-0.7819241070227957,1.0638120569246137,125.94284117221832,0.0
5,waypoint_26,30.0,0.2632395638957752,-0.7819241070227957,1.0638120569246137,0.21149878739379346,0.008822841569781303
6,waypoint_26,30.0,0.2632395638957752,-0.7819241070227957,1.0638120569246137,0.010460572411830071,0.014112692326307297
7,waypoint_26,30.0,0.2632395638957752,-0.7819241070227957,1.0638120569246137,111.26893013715744,0.0
8,waypoint_26,30.0,0.2632395638957752,-0.7819241070227957,1.0638120569246137,89.40008282661438,0.0
9,waypoint_26,30.0,0.2632395638957752,-0.7819241070227957,1.0638120569246137,0.011714701031451114,0.00240955944173038
10,waypoint_26,30.0,0.2632395638957752,-0.7819241070227957,1.0638120569246137,295.3477203845978,0.0
11,waypoint_26,30.0,0.2632395638957752,-0.7819241070227957,1.0638120569246137,273.8858163356781,0.0
12,waypoint_26,30.0,0.2632395638957752,-0.7819241070227957,1.0638120569246137,278.2137989997864,0.0
13,waypoint_26,30.0,0.2632395638957752,-0.7819241070227957,1.0638120569246137,356.22596740722656,0.0
14,waypoint_26,30.0,0.2632395638957752,-0.7819241070227957,1.0638120569246137,337.71127462387085,0.0
0,waypoint_26,15.0,0.2632395638957752,-0.7819241070227957,1.0638120569246137,333.9556157588959,0.0
1,waypoint_26,15.0,0.2632395638957752,-0.7819241070227957,1.0638120569246137,234.2749536037445,0.0
2,waypoint_26,15.0,0.2632395638957752,-0.7819241070227957,1.0638120569246137,224.04815256595612,0.0
3,waypoint_26,15.0,0.2632395638957752,-0.7819241070227957,1.0638120569246137,259.55846905708313,0.0
4,waypoint_26,15.0,0.2632395638957752,-0.7819241070227957,1.0638120569246137,0.06695657793898135,0.011210384778678417
5,waypoint_26,15.0,0.2632395638957752,-0.7819241070227957,1.0638120569246137,6.054975092411041,0.0
6,waypoint_26,15.0,0.2632395638957752,-0.7819241070227957,1.0638120569246137,0.0026334191716159694,0.016489481553435326
7,waypoint_26,15.0,0.2632395638957752,-0.7819241070227957,1.0638120569246137,137.46659457683563,0.0
8,waypoint_26,15.0,0.2632395638957752,-0.7819241070227957,1.0638120569246137,76.49991661310196,0.0
9,waypoint_26,15.0,0.2632395638957752,-0.7819241070227957,1.0638120569246137,0.01078168770618504,0.007841323502361774
10,waypoint_26,15.0,0.2632395638957752,-0.7819241070227957,1.0638120569246137,314.4720792770386,0.0
11,waypoint_26,15.0,0.2632395638957752,-0.7819241070227957,1.0638120569246137,291.7051613330841,0.0
12,waypoint_26,15.0,0.2632395638957752,-0.7819241070227957,1.0638120569246137,303.5014867782593,0.0
13,waypoint_26,15.0,0.2632395638957752,-0.7819241070227957,1.0638120569246137,354.36201095581055,0.0
14,waypoint_26,15.0,0.2632395638957752,-0.7819241070227957,1.0638120569246137,352.7488112449646,0.0
0,waypoint_26,0.0,0.2632395638957752,-0.7819241070227957,1.0638120569246137,296.33811116218567,0.0
1,waypoint_26,0.0,0.2632395638957752,-0.7819241070227957,1.0638120569246137,284.94563698768616,0.0
2,waypoint_26,0.0,0.2632395638957752,-0.7819241070227957,1.0638120569246137,228.33354771137238,0.0
3,waypoint_26,0.0,0.2632395638957752,-0.7819241070227957,1.0638120569246137,188.5477602481842,0.0
4,waypoint_26,0.0,0.2632395638957752,-0.7819241070227957,1.0638120569246137,61.11673638224602,0.0
5,waypoint_26,0.0,0.2632395638957752,-0.7819241070227957,1.0638120569246137,9.802989661693573,0.0
6,waypoint_26,0.0,0.2632395638957752,-0.7819241070227957,1.0638120569246137,0.004212998646835331,0.018218019977211952
7,waypoint_26,0.0,0.2632395638957752,-0.7819241070227957,1.0638120569246137,165.776789188385,0.0
8,waypoint_26,0.0,0.2632395638957752,-0.7819241070227957,1.0638120569246137,0.17084852152038366,0.00017062638653442264
9,waypoint_26,0.0,0.2632395638957752,-0.7819241070227957,1.0638120569246137,0.0037716131373599637,0.009743533097207546
10,waypoint_26,0.0,0.2632395638957752,-0.7819241070227957,1.0638120569246137,326.4240622520447,0.0
11,waypoint_26,0.0,0.2632395638957752,-0.7819241070227957,1.0638120569246137,304.4583797454834,0.0
12,waypoint_26,0.0,0.2632395638957752,-0.7819241070227957,1.0638120569246137,324.44730401039124,0.0
13,waypoint_26,0.0,0.2632395638957752,-0.7819241070227957,1.0638120569246137,353.9976477622986,0.0
14,waypoint_26,0.0,0.2632395638957752,-0.7819241070227957,1.0638120569246137,370.933473110199,0.0
0,waypoint_26,-15.0,0.2632395638957752,-0.7819241070227957,1.0638120569246137,183.74177813529968,0.0
1,waypoint_26,-15.0,0.2632395638957752,-0.7819241070227957,1.0638120569246137,235.5557233095169,0.0
2,waypoint_26,-15.0,0.2632395638957752,-0.7819241070227957,1.0638120569246137,257.2724223136902,0.0
3,waypoint_26,-15.0,0.2632395638957752,-0.7819241070227957,1.0638120569246137,267.8840160369873,0.0
4,waypoint_26,-15.0,0.2632395638957752,-0.7819241070227957,1.0638120569246137,70.46648859977722,0.0
5,waypoint_26,-15.0,0.2632395638957752,-0.7819241070227957,1.0638120569246137,41.73482954502106,0.0
6,waypoint_26,-15.0,0.2632395638957752,-0.7819241070227957,1.0638120569246137,0.005210209565120749,0.019297407940030098
7,waypoint_26,-15.0,0.2632395638957752,-0.7819241070227957,1.0638120569246137,191.23665988445282,0.0
8,waypoint_26,-15.0,0.2632395638957752,-0.7819241070227957,1.0638120569246137,38.943443447351456,0.0
9,waypoint_26,-15.0,0.2632395638957752,-0.7819241070227957,1.0638120569246137,0.006645851044595474,0.010142345912754536
10,waypoint_26,-15.0,0.2632395638957752,-0.7819241070227957,1.0638120569246137,337.08733320236206,0.0
11,waypoint_26,-15.0,0.2632395638957752,-0.7819241070227957,1.0638120569246137,314.8930072784424,0.0
12,waypoint_26,-15.0,0.2632395638957752,-0.7819241070227957,1.0638120569246137,348.7366735935211,0.0
13,waypoint_26,-15.0,0.2632395638957752,-0.7819241070227957,1.0638120569246137,340.6636714935303,0.0
14,waypoint_26,-15.0,0.2632395638957752,-0.7819241070227957,1.0638120569246137,388.2371187210083,0.0
0,waypoint_26,-30.0,0.2632395638957752,-0.7819241070227957,1.0638120569246137,207.18558132648468,0.0
1,waypoint_26,-30.0,0.2632395638957752,-0.7819241070227957,1.0638120569246137,167.10075736045837,0.0
2,waypoint_26,-30.0,0.2632395638957752,-0.7819241070227957,1.0638120569246137,192.54618883132935,0.0
3,waypoint_26,-30.0,0.2632395638957752,-0.7819241070227957,1.0638120569246137,89.17225152254105,0.0
4,waypoint_26,-30.0,0.2632395638957752,-0.7819241070227957,1.0638120569246137,147.7660983800888,0.0
5,waypoint_26,-30.0,0.2632395638957752,-0.7819241070227957,1.0638120569246137,238.60640823841095,0.0
6,waypoint_26,-30.0,0.2632395638957752,-0.7819241070227957,1.0638120569246137,0.004950505626766244,0.019711794331669807
7,waypoint_26,-30.0,0.2632395638957752,-0.7819241070227957,1.0638120569246137,212.7225548028946,0.0
8,waypoint_26,-30.0,0.2632395638957752,-0.7819241070227957,1.0638120569246137,114.21789228916168,0.0
9,waypoint_26,-30.0,0.2632395638957752,-0.7819241070227957,1.0638120569246137,0.00411746896133991,0.009679974056780338
10,waypoint_26,-30.0,0.2632395638957752,-0.7819241070227957,1.0638120569246137,345.9901213645935,0.0
11,waypoint_26,-30.0,0.2632395638957752,-0.7819241070227957,1.0638120569246137,319.12916898727417,0.0
12,waypoint_26,-30.0,0.2632395638957752,-0.7819241070227957,1.0638120569246137,363.45311999320984,0.0
13,waypoint_26,-30.0,0.2632395638957752,-0.7819241070227957,1.0638120569246137,348.1147587299347,0.0
14,waypoint_26,-30.0,0.2632395638957752,-0.7819241070227957,1.0638120569246137,429.5019507408142,0.0
0,waypoint_27,-30.0,0.28323956389577537,-0.7819241070227957,1.0638120569246137,203.6435753107071,0.0
1,waypoint_27,-30.0,0.28323956389577537,-0.7819241070227957,1.0638120569246137,131.647527217865,0.0
2,waypoint_27,-30.0,0.28323956389577537,-0.7819241070227957,1.0638120569246137,161.30845248699188,0.0
3,waypoint_27,-30.0,0.28323956389577537,-0.7819241070227957,1.0638120569246137,61.066027730703354,0.0
4,waypoint_27,-30.0,0.28323956389577537,-0.7819241070227957,1.0638120569246137,127.47181951999664,0.0
5,waypoint_27,-30.0,0.28323956389577537,-0.7819241070227957,1.0638120569246137,230.2536815404892,0.0
6,waypoint_27,-30.0,0.28323956389577537,-0.7819241070227957,1.0638120569246137,0.009243909516953863,0.021500352770090103
7,waypoint_27,-30.0,0.28323956389577537,-0.7819241070227957,1.0638120569246137,207.8760415315628,0.0
8,waypoint_27,-30.0,0.28323956389577537,-0.7819241070227957,1.0638120569246137,178.23165655136108,0.0
9,waypoint_27,-30.0,0.28323956389577537,-0.7819241070227957,1.0638120569246137,0.009079491974262055,0.00751159805804491
10,waypoint_27,-30.0,0.28323956389577537,-0.7819241070227957,1.0638120569246137,358.60687494277954,0.0
11,waypoint_27,-30.0,0.28323956389577537,-0.7819241070227957,1.0638120569246137,322.74550199508667,0.0
12,waypoint_27,-30.0,0.28323956389577537,-0.7819241070227957,1.0638120569246137,359.97557640075684,0.0
13,waypoint_27,-30.0,0.28323956389577537,-0.7819241070227957,1.0638120569246137,311.1673593521118,0.0
14,waypoint_27,-30.0,0.28323956389577537,-0.7819241070227957,1.0638120569246137,424.81714487075806,0.0
0,waypoint_27,-15.0,0.28323956389577537,-0.7819241070227957,1.0638120569246137,202.15466618537903,0.0
1,waypoint_27,-15.0,0.28323956389577537,-0.7819241070227957,1.0638120569246137,234.53786969184875,0.0
2,waypoint_27,-15.0,0.28323956389577537,-0.7819241070227957,1.0638120569246137,217.69478917121887,0.0
3,waypoint_27,-15.0,0.28323956389577537,-0.7819241070227957,1.0638120569246137,0.016959589629550464,0.011529459618031979
4,waypoint_27,-15.0,0.28323956389577537,-0.7819241070227957,1.0638120569246137,83.29905569553375,0.0
5,waypoint_27,-15.0,0.28323956389577537,-0.7819241070227957,1.0638120569246137,153.94814312458038,0.0
6,waypoint_27,-15.0,0.28323956389577537,-0.7819241070227957,1.0638120569246137,0.004763992365042213,0.021028343588113785
7,waypoint_27,-15.0,0.28323956389577537,-0.7819241070227957,1.0638120569246137,185.71674823760986,0.0
8,waypoint_27,-15.0,0.28323956389577537,-0.7819241070227957,1.0638120569246137,115.63345789909363,0.0
9,waypoint_27,-15.0,0.28323956389577537,-0.7819241070227957,1.0638120569246137,0.004184229055681499,0.008058016188442707
10,waypoint_27,-15.0,0.28323956389577537,-0.7819241070227957,1.0638120569246137,355.63573241233826,0.0
11,waypoint_27,-15.0,0.28323956389577537,-0.7819241070227957,1.0638120569246137,319.336473941803,0.0
12,waypoint_27,-15.0,0.28323956389577537,-0.7819241070227957,1.0638120569246137,346.5561866760254,0.0
13,waypoint_27,-15.0,0.28323956389577537,-0.7819241070227957,1.0638120569246137,311.2642168998718,0.0
14,waypoint_27,-15.0,0.28323956389577537,-0.7819241070227957,1.0638120569246137,428.4345805644989,0.0
0,waypoint_27,0.0,0.28323956389577537,-0.7819241070227957,1.0638120569246137,284.6256196498871,0.0
1,waypoint_27,0.0,0.28323956389577537,-0.7819241070227957,1.0638120569246137,247.6215362548828,0.0
2,waypoint_27,0.0,0.28323956389577537,-0.7819241070227957,1.0638120569246137,233.01276564598083,0.0
3,waypoint_27,0.0,0.28323956389577537,-0.7819241070227957,1.0638120569246137,233.2514077425003,0.0
4,waypoint_27,0.0,0.28323956389577537,-0.7819241070227957,1.0638120569246137,51.58938840031624,0.0
5,waypoint_27,0.0,0.28323956389577537,-0.7819241070227957,1.0638120569246137,81.1077430844307,0.0
6,waypoint_27,0.0,0.28323956389577537,-0.7819241070227957,1.0638120569246137,0.003438650765019702,0.0197910163551569
7,waypoint_27,0.0,0.28323956389577537,-0.7819241070227957,1.0638120569246137,159.6490442752838,0.0
8,waypoint_27,0.0,0.28323956389577537,-0.7819241070227957,1.0638120569246137,0.11007827561115846,0.0018165599321946502
9,waypoint_27,0.0,0.28323956389577537,-0.7819241070227957,1.0638120569246137,0.00384438408218557,0.007907554507255554
10,waypoint_27,0.0,0.28323956389577537,-0.7819241070227957,1.0638120569246137,342.56982803344727,0.0
11,waypoint_27,0.0,0.28323956389577537,-0.7819241070227957,1.0638120569246137,309.63829159736633,0.0
12,waypoint_27,0.0,0.28323956389577537,-0.7819241070227957,1.0638120569246137,322.2084045410156,0.0
13,waypoint_27,0.0,0.28323956389577537,-0.7819241070227957,1.0638120569246137,312.102735042572,0.0
14,waypoint_27,0.0,0.28323956389577537,-0.7819241070227957,1.0638120569246137,367.014080286026,0.0
0,waypoint_27,15.0,0.28323956389577537,-0.7819241070227957,1.0638120569246137,306.7876100540161,0.0
1,waypoint_27,15.0,0.28323956389577537,-0.7819241070227957,1.0638120569246137,290.7133102416992,0.0
2,waypoint_27,15.0,0.28323956389577537,-0.7819241070227957,1.0638120569246137,234.98216271400452,0.0
3,waypoint_27,15.0,0.28323956389577537,-0.7819241070227957,1.0638120569246137,225.96153616905212,0.0
4,waypoint_27,15.0,0.28323956389577537,-0.7819241070227957,1.0638120569246137,0.42995321564376354,2.9697733161526685e-09
5,waypoint_27,15.0,0.28323956389577537,-0.7819241070227957,1.0638120569246137,43.85656118392944,0.0
6,waypoint_27,15.0,0.28323956389577537,-0.7819241070227957,1.0638120569246137,0.0049173831939697266,0.017750456929206848
7,waypoint_27,15.0,0.28323956389577537,-0.7819241070227957,1.0638120569246137,131.51952624320984,0.0
8,waypoint_27,15.0,0.28323956389577537,-0.7819241070227957,1.0638120569246137,0.014499006283585913,0.001970642479136586
9,waypoint_27,15.0,0.28323956389577537,-0.7819241070227957,1.0638120569246137,0.0025678466499812203,0.006510016042739153
10,waypoint_27,15.0,0.28323956389577537,-0.7819241070227957,1.0638120569246137,326.3798654079437,0.0
11,waypoint_27,15.0,0.28323956389577537,-0.7819241070227957,1.0638120569246137,295.21235823631287,0.0
12,waypoint_27,15.0,0.28323956389577537,-0.7819241070227957,1.0638120569246137,301.78841948509216,0.0
13,waypoint_27,15.0,0.28323956389577537,-0.7819241070227957,1.0638120569246137,308.7621033191681,0.0
14,waypoint_27,15.0,0.28323956389577537,-0.7819241070227957,1.0638120569246137,342.03699231147766,0.0
0,waypoint_27,30.0,0.28323956389577537,-0.7819241070227957,1.0638120569246137,323.15587997436523,0.0
1,waypoint_27,30.0,0.28323956389577537,-0.7819241070227957,1.0638120569246137,272.8225588798523,0.0
2,waypoint_27,30.0,0.28323956389577537,-0.7819241070227957,1.0638120569246137,282.65899419784546,0.0
3,waypoint_27,30.0,0.28323956389577537,-0.7819241070227957,1.0638120569246137,263.5761797428131,0.0
4,waypoint_27,30.0,0.28323956389577537,-0.7819241070227957,1.0638120569246137,166.97680950164795,0.0
5,waypoint_27,30.0,0.28323956389577537,-0.7819241070227957,1.0638120569246137,0.08826262637740001,0.009229099377989769
6,waypoint_27,30.0,0.28323956389577537,-0.7819241070227957,1.0638120569246137,0.0033729329516063444,0.014829995110630989
7,waypoint_27,30.0,0.28323956389577537,-0.7819241070227957,1.0638120569246137,97.1067026257515,0.0
8,waypoint_27,30.0,0.28323956389577537,-0.7819241070227957,1.0638120569246137,0.006473692792496877,0.0029553715139627457
9,waypoint_27,30.0,0.28323956389577537,-0.7819241070227957,1.0638120569246137,0.0017357134538542596,0.002553677186369896
10,waypoint_27,30.0,0.28323956389577537,-0.7819241070227957,1.0638120569246137,309.39781665802,0.0
11,waypoint_27,30.0,0.28323956389577537,-0.7819241070227957,1.0638120569246137,281.495600938797,0.0
12,waypoint_27,30.0,0.28323956389577537,-0.7819241070227957,1.0638120569246137,275.18928050994873,0.0
13,waypoint_27,30.0,0.28323956389577537,-0.7819241070227957,1.0638120569246137,304.07094955444336,0.0
14,waypoint_27,30.0,0.28323956389577537,-0.7819241070227957,1.0638120569246137,319.38737630844116,0.0
0,waypoint_28,30.0,0.30323956389577517,-0.7819241070227957,1.0638120569246137,366.42810702323914,0.0
1,waypoint_28,30.0,0.30323956389577517,-0.7819241070227957,1.0638120569246137,307.27383494377136,0.0
2,waypoint_28,30.0,0.30323956389577517,-0.7819241070227957,1.0638120569246137,296.0076928138733,0.0
3,waypoint_28,30.0,0.30323956389577517,-0.7819241070227957,1.0638120569246137,263.35442066192627,0.0
4,waypoint_28,30.0,0.30323956389577517,-0.7819241070227957,1.0638120569246137,173.57051372528076,0.0
5,waypoint_28,30.0,0.30323956389577517,-0.7819241070227957,1.0638120569246137,0.00917214583751047,0.008137840777635574
6,waypoint_28,30.0,0.30323956389577517,-0.7819241070227957,1.0638120569246137,0.010411252333142329,0.01529110036790371
7,waypoint_28,30.0,0.30323956389577517,-0.7819241070227957,1.0638120569246137,86.06678992509842,0.0
8,waypoint_28,30.0,0.30323956389577517,-0.7819241070227957,1.0638120569246137,0.01093107584893005,0.0041476059705019
9,waypoint_28,30.0,0.30323956389577517,-0.7819241070227957,1.0638120569246137,59.95694547891617,0.0
10,waypoint_28,30.0,0.30323956389577517,-0.7819241070227957,1.0638120569246137,318.19871068000793,0.0
11,waypoint_28,30.0,0.30323956389577517,-0.7819241070227957,1.0638120569246137,290.9797430038452,0.0
12,waypoint_28,30.0,0.30323956389577517,-0.7819241070227957,1.0638120569246137,274.7965455055237,0.0
13,waypoint_28,30.0,0.30323956389577517,-0.7819241070227957,1.0638120569246137,307.18711018562317,0.0
14,waypoint_28,30.0,0.30323956389577517,-0.7819241070227957,1.0638120569246137,305.6029975414276,0.0
0,waypoint_28,15.0,0.30323956389577517,-0.7819241070227957,1.0638120569246137,339.17751908302307,0.0
1,waypoint_28,15.0,0.30323956389577517,-0.7819241070227957,1.0638120569246137,348.8312363624573,0.0
2,waypoint_28,15.0,0.30323956389577517,-0.7819241070227957,1.0638120569246137,286.600261926651,0.0
3,waypoint_28,15.0,0.30323956389577517,-0.7819241070227957,1.0638120569246137,240.58544635772705,0.0
4,waypoint_28,15.0,0.30323956389577517,-0.7819241070227957,1.0638120569246137,215.0656282901764,0.0
5,waypoint_28,15.0,0.30323956389577517,-0.7819241070227957,1.0638120569246137,48.453476279973984,0.0
6,waypoint_28,15.0,0.30323956389577517,-0.7819241070227957,1.0638120569246137,0.0017357134538542596,0.018861224874854088
7,waypoint_28,15.0,0.30323956389577517,-0.7819241070227957,1.0638120569246137,117.62446910142899,0.0
8,waypoint_28,15.0,0.30323956389577517,-0.7819241070227957,1.0638120569246137,0.006045979716873262,0.003615419380366802
9,waypoint_28,15.0,0.30323956389577517,-0.7819241070227957,1.0638120569246137,0.018917879060609266,0.005035393871366978
10,waypoint_28,15.0,0.30323956389577517,-0.7819241070227957,1.0638120569246137,335.9614312648773,0.0
11,waypoint_28,15.0,0.30323956389577517,-0.7819241070227957,1.0638120569246137,305.06014823913574,0.0
12,waypoint_28,15.0,0.30323956389577517,-0.7819241070227957,1.0638120569246137,300.35582184791565,0.0
13,waypoint_28,15.0,0.30323956389577517,-0.7819241070227957,1.0638120569246137,312.869131565094,0.0
14,waypoint_28,15.0,0.30323956389577517,-0.7819241070227957,1.0638120569246137,328.8712501525879,0.0
0,waypoint_28,0.0,0.30323956389577517,-0.7819241070227957,1.0638120569246137,280.86885809898376,0.0
1,waypoint_28,0.0,0.30323956389577517,-0.7819241070227957,1.0638120569246137,244.85048651695251,0.0
2,waypoint_28,0.0,0.30323956389577517,-0.7819241070227957,1.0638120569246137,238.5338544845581,0.0
3,waypoint_28,0.0,0.30323956389577517,-0.7819241070227957,1.0638120569246137,245.14219164848328,0.0
4,waypoint_28,0.0,0.30323956389577517,-0.7819241070227957,1.0638120569246137,34.86029803752899,0.0
5,waypoint_28,0.0,0.30323956389577517,-0.7819241070227957,1.0638120569246137,28.88752892613411,0.0
6,waypoint_28,0.0,0.30323956389577517,-0.7819241070227957,1.0638120569246137,0.0031137365112954285,0.021274171769618988
7,waypoint_28,0.0,0.30323956389577517,-0.7819241070227957,1.0638120569246137,153.71623635292053,0.0
8,waypoint_28,0.0,0.30323956389577517,-0.7819241070227957,1.0638120569246137,0.007232821644720389,0.0037536011077463627
9,waypoint_28,0.0,0.30323956389577517,-0.7819241070227957,1.0638120569246137,0.006577069598279195,0.006009908393025398
10,waypoint_28,0.0,0.30323956389577517,-0.7819241070227957,1.0638120569246137,346.68347239494324,0.0
11,waypoint_28,0.0,0.30323956389577517,-0.7819241070227957,1.0638120569246137,315.84611535072327,0.0
12,waypoint_28,0.0,0.30323956389577517,-0.7819241070227957,1.0638120569246137,321.99931144714355,0.0
13,waypoint_28,0.0,0.30323956389577517,-0.7819241070227957,1.0638120569246137,355.6445240974426,0.0
14,waypoint_28,0.0,0.30323956389577517,-0.7819241070227957,1.0638120569246137,351.31245851516724,0.0
0,waypoint_28,-15.0,0.30323956389577517,-0.7819241070227957,1.0638120569246137,284.61143374443054,0.0
1,waypoint_28,-15.0,0.30323956389577517,-0.7819241070227957,1.0638120569246137,276.6825556755066,0.0
2,waypoint_28,-15.0,0.30323956389577517,-0.7819241070227957,1.0638120569246137,226.24805569648743,0.0
3,waypoint_28,-15.0,0.30323956389577517,-0.7819241070227957,1.0638120569246137,265.0354504585266,0.0
4,waypoint_28,-15.0,0.30323956389577517,-0.7819241070227957,1.0638120569246137,85.48378199338913,0.0
5,waypoint_28,-15.0,0.30323956389577517,-0.7819241070227957,1.0638120569246137,47.81084135174751,0.0
6,waypoint_28,-15.0,0.30323956389577517,-0.7819241070227957,1.0638120569246137,0.004299804913898697,0.02271430753171444
7,waypoint_28,-15.0,0.30323956389577517,-0.7819241070227957,1.0638120569246137,186.71812117099762,0.0
8,waypoint_28,-15.0,0.30323956389577517,-0.7819241070227957,1.0638120569246137,0.004748305855173385,0.004434717353433371
9,waypoint_28,-15.0,0.30323956389577517,-0.7819241070227957,1.0638120569246137,0.0045798715291311964,0.005972724407911301
10,waypoint_28,-15.0,0.30323956389577517,-0.7819241070227957,1.0638120569246137,359.20876264572144,0.0
11,waypoint_28,-15.0,0.30323956389577517,-0.7819241070227957,1.0638120569246137,323.98468255996704,0.0
12,waypoint_28,-15.0,0.30323956389577517,-0.7819241070227957,1.0638120569246137,345.6994295120239,0.0
13,waypoint_28,-15.0,0.30323956389577517,-0.7819241070227957,1.0638120569246137,354.5282185077667,0.0
14,waypoint_28,-15.0,0.30323956389577517,-0.7819241070227957,1.0638120569246137,371.0559904575348,0.0
0,waypoint_28,-30.0,0.30323956389577517,-0.7819241070227957,1.0638120569246137,215.59754014015198,0.0
1,waypoint_28,-30.0,0.30323956389577517,-0.7819241070227957,1.0638120569246137,183.7964504957199,0.0
2,waypoint_28,-30.0,0.30323956389577517,-0.7819241070227957,1.0638120569246137,161.82783246040344,0.0
3,waypoint_28,-30.0,0.30323956389577517,-0.7819241070227957,1.0638120569246137,35.66428646445274,0.0
4,waypoint_28,-30.0,0.30323956389577517,-0.7819241070227957,1.0638120569246137,140.02572000026703,0.0
5,waypoint_28,-30.0,0.30323956389577517,-0.7819241070227957,1.0638120569246137,175.6865829229355,0.0
6,waypoint_28,-30.0,0.30323956389577517,-0.7819241070227957,1.0638120569246137,0.00551978928342578,0.02327999472618103
7,waypoint_28,-30.0,0.30323956389577517,-0.7819241070227957,1.0638120569246137,215.2208536863327,0.0
8,waypoint_28,-30.0,0.30323956389577517,-0.7819241070227957,1.0638120569246137,0.004933882337354589,0.005239567253738642
9,waypoint_28,-30.0,0.30323956389577517,-0.7819241070227957,1.0638120569246137,0.0036000415093440097,0.00540339108556509
10,waypoint_28,-30.0,0.30323956389577517,-0.7819241070227957,1.0638120569246137,369.5433437824249,0.0
11,waypoint_28,-30.0,0.30323956389577517,-0.7819241070227957,1.0638120569246137,326.8314301967621,0.0
12,waypoint_28,-30.0,0.30323956389577517,-0.7819241070227957,1.0638120569246137,358.49013924598694,0.0
13,waypoint_28,-30.0,0.30323956389577517,-0.7819241070227957,1.0638120569246137,318.94564628601074,0.0
14,waypoint_28,-30.0,0.30323956389577517,-0.7819241070227957,1.0638120569246137,384.55092906951904,0.0
0,waypoint_29,-30.0,0.3232395638957754,-0.7819241070227957,1.0638120569246137,220.8661288022995,0.0
1,waypoint_29,-30.0,0.3232395638957754,-0.7819241070227957,1.0638120569246137,181.6156804561615,0.0
2,waypoint_29,-30.0,0.3232395638957754,-0.7819241070227957,1.0638120569246137,150.2874195575714,0.0
3,waypoint_29,-30.0,0.3232395638957754,-0.7819241070227957,1.0638120569246137,0.013466429663822055,0.013540425337851048
4,waypoint_29,-30.0,0.3232395638957754,-0.7819241070227957,1.0638120569246137,125.01311302185059,0.0
5,waypoint_29,-30.0,0.3232395638957754,-0.7819241070227957,1.0638120569246137,165.0380641222,0.0
6,waypoint_29,-30.0,0.3232395638957754,-0.7819241070227957,1.0638120569246137,0.009990180842578411,0.025045471265912056
7,waypoint_29,-30.0,0.3232395638957754,-0.7819241070227957,1.0638120569246137,209.71262454986572,0.0
8,waypoint_29,-30.0,0.3232395638957754,-0.7819241070227957,1.0638120569246137,0.009963250704458915,0.0070776487700641155
9,waypoint_29,-30.0,0.3232395638957754,-0.7819241070227957,1.0638120569246137,0.01056869496096624,0.0034049812238663435
10,waypoint_29,-30.0,0.3232395638957754,-0.7819241070227957,1.0638120569246137,373.7172484397888,0.0
11,waypoint_29,-30.0,0.3232395638957754,-0.7819241070227957,1.0638120569246137,332.766592502594,0.0
12,waypoint_29,-30.0,0.3232395638957754,-0.7819241070227957,1.0638120569246137,356.1955988407135,0.0
13,waypoint_29,-30.0,0.3232395638957754,-0.7819241070227957,1.0638120569246137,314.6979510784149,0.0
14,waypoint_29,-30.0,0.3232395638957754,-0.7819241070227957,1.0638120569246137,374.2026090621948,0.0
0,waypoint_29,-15.0,0.3232395638957754,-0.7819241070227957,1.0638120569246137,233.0872118473053,0.0
1,waypoint_29,-15.0,0.3232395638957754,-0.7819241070227957,1.0638120569246137,277.12371945381165,0.0
2,waypoint_29,-15.0,0.3232395638957754,-0.7819241070227957,1.0638120569246137,162.97142207622528,0.0
3,waypoint_29,-15.0,0.3232395638957754,-0.7819241070227957,1.0638120569246137,250.3909468650818,0.0
4,waypoint_29,-15.0,0.3232395638957754,-0.7819241070227957,1.0638120569246137,70.90021669864655,0.0
5,waypoint_29,-15.0,0.3232395638957754,-0.7819241070227957,1.0638120569246137,116.09561741352081,0.0
6,waypoint_29,-15.0,0.3232395638957754,-0.7819241070227957,1.0638120569246137,0.002793163048409042,0.024341853335499763
7,waypoint_29,-15.0,0.3232395638957754,-0.7819241070227957,1.0638120569246137,180.8990240097046,0.0
8,waypoint_29,-15.0,0.3232395638957754,-0.7819241070227957,1.0638120569246137,0.0037189668091741623,0.006372194737195969
9,waypoint_29,-15.0,0.3232395638957754,-0.7819241070227957,1.0638120569246137,0.0010662403155947686,0.003911780659109354
10,waypoint_29,-15.0,0.3232395638957754,-0.7819241070227957,1.0638120569246137,371.43686413764954,0.0
11,waypoint_29,-15.0,0.3232395638957754,-0.7819241070227957,1.0638120569246137,330.91625571250916,0.0
12,waypoint_29,-15.0,0.3232395638957754,-0.7819241070227957,1.0638120569246137,343.9350724220276,0.0
13,waypoint_29,-15.0,0.3232395638957754,-0.7819241070227957,1.0638120569246137,316.5407180786133,0.0
14,waypoint_29,-15.0,0.3232395638957754,-0.7819241070227957,1.0638120569246137,368.6709403991699,0.0
0,waypoint_29,0.0,0.3232395638957754,-0.7819241070227957,1.0638120569246137,250.82314014434814,0.0
1,waypoint_29,0.0,0.3232395638957754,-0.7819241070227957,1.0638120569246137,233.98743569850922,0.0
2,waypoint_29,0.0,0.3232395638957754,-0.7819241070227957,1.0638120569246137,243.28367412090302,0.0
3,waypoint_29,0.0,0.3232395638957754,-0.7819241070227957,1.0638120569246137,243.7867373228073,0.0
4,waypoint_29,0.0,0.3232395638957754,-0.7819241070227957,1.0638120569246137,0.15812514175195247,0.012834811583161354
5,waypoint_29,0.0,0.3232395638957754,-0.7819241070227957,1.0638120569246137,66.1165863275528,0.0
6,waypoint_29,0.0,0.3232395638957754,-0.7819241070227957,1.0638120569246137,0.003587313358366373,0.022645963355898857
7,waypoint_29,0.0,0.3232395638957754,-0.7819241070227957,1.0638120569246137,147.88910746574402,0.0
8,waypoint_29,0.0,0.3232395638957754,-0.7819241070227957,1.0638120569246137,0.006249185389606282,0.005681521724909544
9,waypoint_29,0.0,0.3232395638957754,-0.7819241070227957,1.0638120569246137,0.0009610960205463925,0.0040741669945418835
10,waypoint_29,0.0,0.3232395638957754,-0.7819241070227957,1.0638120569246137,358.19190740585327,0.0
11,waypoint_29,0.0,0.3232395638957754,-0.7819241070227957,1.0638120569246137,323.3894407749176,0.0
12,waypoint_29,0.0,0.3232395638957754,-0.7819241070227957,1.0638120569246137,321.71449065208435,0.0
13,waypoint_29,0.0,0.3232395638957754,-0.7819241070227957,1.0638120569246137,319.6527063846588,0.0
14,waypoint_29,0.0,0.3232395638957754,-0.7819241070227957,1.0638120569246137,345.1842665672302,0.0
0,waypoint_29,15.0,0.3232395638957754,-0.7819241070227957,1.0638120569246137,332.2421908378601,0.0
1,waypoint_29,15.0,0.3232395638957754,-0.7819241070227957,1.0638120569246137,290.75950384140015,0.0
2,waypoint_29,15.0,0.3232395638957754,-0.7819241070227957,1.0638120569246137,325.53714513778687,0.0
3,waypoint_29,15.0,0.3232395638957754,-0.7819241070227957,1.0638120569246137,253.37526202201843,0.0
4,waypoint_29,15.0,0.3232395638957754,-0.7819241070227957,1.0638120569246137,211.05512976646423,0.0
5,waypoint_29,15.0,0.3232395638957754,-0.7819241070227957,1.0638120569246137,39.56130892038345,0.0
6,waypoint_29,15.0,0.3232395638957754,-0.7819241070227957,1.0638120569246137,0.0030615269679401536,0.019784927368164062
7,waypoint_29,15.0,0.3232395638957754,-0.7819241070227957,1.0638120569246137,112.99440264701843,0.0
8,waypoint_29,15.0,0.3232395638957754,-0.7819241070227957,1.0638120569246137,0.002559532049417612,0.005338242277503014
9,waypoint_29,15.0,0.3232395638957754,-0.7819241070227957,1.0638120569246137,0.0028709398520732066,0.0034663453698158264
10,waypoint_29,15.0,0.3232395638957754,-0.7819241070227957,1.0638120569246137,343.84483098983765,0.0
11,waypoint_29,15.0,0.3232395638957754,-0.7819241070227957,1.0638120569246137,310.99021434783936,0.0
12,waypoint_29,15.0,0.3232395638957754,-0.7819241070227957,1.0638120569246137,299.70312118530273,0.0
13,waypoint_29,15.0,0.3232395638957754,-0.7819241070227957,1.0638120569246137,317.7439570426941,0.0
14,waypoint_29,15.0,0.3232395638957754,-0.7819241070227957,1.0638120569246137,323.80449771881104,0.0
0,waypoint_29,30.0,0.3232395638957754,-0.7819241070227957,1.0638120569246137,345.8280563354492,0.0
1,waypoint_29,30.0,0.3232395638957754,-0.7819241070227957,1.0638120569246137,349.6107757091522,0.0
2,waypoint_29,30.0,0.3232395638957754,-0.7819241070227957,1.0638120569246137,281.8492650985718,0.0
3,waypoint_29,30.0,0.3232395638957754,-0.7819241070227957,1.0638120569246137,236.12171411514282,0.0
4,waypoint_29,30.0,0.3232395638957754,-0.7819241070227957,1.0638120569246137,209.29017663002014,0.0
5,waypoint_29,30.0,0.3232395638957754,-0.7819241070227957,1.0638120569246137,1.1056807124987245,6.741810238963808e-07
6,waypoint_29,30.0,0.3232395638957754,-0.7819241070227957,1.0638120569246137,0.0025850831661955453,0.015416163951158524
7,waypoint_29,30.0,0.3232395638957754,-0.7819241070227957,1.0638120569246137,65.7123327255249,0.0
8,waypoint_29,30.0,0.3232395638957754,-0.7819241070227957,1.0638120569246137,0.002802210701702279,0.005510733462870121
9,waypoint_29,30.0,0.3232395638957754,-0.7819241070227957,1.0638120569246137,63.33547830581665,0.0
10,waypoint_29,30.0,0.3232395638957754,-0.7819241070227957,1.0638120569246137,327.5710940361023,0.0
11,waypoint_29,30.0,0.3232395638957754,-0.7819241070227957,1.0638120569246137,298.4277009963989,0.0
12,waypoint_29,30.0,0.3232395638957754,-0.7819241070227957,1.0638120569246137,274.6906578540802,0.0
13,waypoint_29,30.0,0.3232395638957754,-0.7819241070227957,1.0638120569246137,313.87853622436523,0.0
14,waypoint_29,30.0,0.3232395638957754,-0.7819241070227957,1.0638120569246137,299.30421710014343,0.0
0,waypoint_30,30.0,0.3432395638957752,-0.7819241070227957,1.0638120569246137,351.2423038482666,0.0
1,waypoint_30,30.0,0.3432395638957752,-0.7819241070227957,1.0638120569246137,317.14731454849243,0.0
2,waypoint_30,30.0,0.3432395638957752,-0.7819241070227957,1.0638120569246137,305.96762895584106,0.0
3,waypoint_30,30.0,0.3432395638957752,-0.7819241070227957,1.0638120569246137,299.07792806625366,0.0
4,waypoint_30,30.0,0.3432395638957752,-0.7819241070227957,1.0638120569246137,273.34925532341003,0.0
5,waypoint_30,30.0,0.3432395638957752,-0.7819241070227957,1.0638120569246137,18.40178109705448,0.0
6,waypoint_30,30.0,0.3432395638957752,-0.7819241070227957,1.0638120569246137,0.010572728569968604,0.015090453438460827
7,waypoint_30,30.0,0.3432395638957752,-0.7819241070227957,1.0638120569246137,50.26743933558464,0.0
8,waypoint_30,30.0,0.3432395638957752,-0.7819241070227957,1.0638120569246137,0.010994593139912467,0.006910343188792467
9,waypoint_30,30.0,0.3432395638957752,-0.7819241070227957,1.0638120569246137,105.18881678581238,0.0
10,waypoint_30,30.0,0.3432395638957752,-0.7819241070227957,1.0638120569246137,336.7133438587189,0.0
11,waypoint_30,30.0,0.3432395638957752,-0.7819241070227957,1.0638120569246137,309.35221910476685,0.0
12,waypoint_30,30.0,0.3432395638957752,-0.7819241070227957,1.0638120569246137,276.2029469013214,0.0
13,waypoint_30,30.0,0.3432395638957752,-0.7819241070227957,1.0638120569246137,318.65811347961426,0.0
14,waypoint_30,30.0,0.3432395638957752,-0.7819241070227957,1.0638120569246137,291.36595129966736,0.0
0,waypoint_30,15.0,0.3432395638957752,-0.7819241070227957,1.0638120569246137,359.05659198760986,0.0
1,waypoint_30,15.0,0.3432395638957752,-0.7819241070227957,1.0638120569246137,307.9971373081207,0.0
2,waypoint_30,15.0,0.3432395638957752,-0.7819241070227957,1.0638120569246137,271.20789885520935,0.0
3,waypoint_30,15.0,0.3432395638957752,-0.7819241070227957,1.0638120569246137,280.2782952785492,0.0
4,waypoint_30,15.0,0.3432395638957752,-0.7819241070227957,1.0638120569246137,203.87162268161774,0.0
5,waypoint_30,15.0,0.3432395638957752,-0.7819241070227957,1.0638120569246137,0.0059604644775390625,0.016847362741827965
6,waypoint_30,15.0,0.3432395638957752,-0.7819241070227957,1.0638120569246137,0.0030793169116805075,0.020474471151828766
7,waypoint_30,15.0,0.3432395638957752,-0.7819241070227957,1.0638120569246137,108.13425481319427,0.0
8,waypoint_30,15.0,0.3432395638957752,-0.7819241070227957,1.0638120569246137,0.0035853320241585607,0.00706497672945261
9,waypoint_30,15.0,0.3432395638957752,-0.7819241070227957,1.0638120569246137,0.014057095540920272,0.001859840820543468
10,waypoint_30,15.0,0.3432395638957752,-0.7819241070227957,1.0638120569246137,351.7346680164337,0.0
11,waypoint_30,15.0,0.3432395638957752,-0.7819241070227957,1.0638120569246137,320.1061189174652,0.0
12,waypoint_30,15.0,0.3432395638957752,-0.7819241070227957,1.0638120569246137,302.18538641929626,0.0
13,waypoint_30,15.0,0.3432395638957752,-0.7819241070227957,1.0638120569246137,322.59973883628845,0.0
14,waypoint_30,15.0,0.3432395638957752,-0.7819241070227957,1.0638120569246137,313.98725509643555,0.0
0,waypoint_30,0.0,0.3432395638957752,-0.7819241070227957,1.0638120569246137,285.53566336631775,0.0
1,waypoint_30,0.0,0.3432395638957752,-0.7819241070227957,1.0638120569246137,275.01338720321655,0.0
2,waypoint_30,0.0,0.3432395638957752,-0.7819241070227957,1.0638120569246137,258.58548283576965,0.0
3,waypoint_30,0.0,0.3432395638957752,-0.7819241070227957,1.0638120569246137,264.04353976249695,0.0
4,waypoint_30,0.0,0.3432395638957752,-0.7819241070227957,1.0638120569246137,0.8515872759744525,2.5114747614907174e-08
5,waypoint_30,0.0,0.3432395638957752,-0.7819241070227957,1.0638120569246137,0.0033906608223333023,0.026298584416508675
6,waypoint_30,0.0,0.3432395638957752,-0.7819241070227957,1.0638120569246137,0.0028261968054721365,0.023879501968622208
7,waypoint_30,0.0,0.3432395638957752,-0.7819241070227957,1.0638120569246137,157.13387727737427,0.0
8,waypoint_30,0.0,0.3432395638957752,-0.7819241070227957,1.0638120569246137,0.005355884240998421,0.007585234474390745
9,waypoint_30,0.0,0.3432395638957752,-0.7819241070227957,1.0638120569246137,0.013445306649373379,0.0021172852721065283
10,waypoint_30,0.0,0.3432395638957752,-0.7819241070227957,1.0638120569246137,363.8928234577179,0.0
11,waypoint_30,0.0,0.3432395638957752,-0.7819241070227957,1.0638120569246137,330.9255838394165,0.0
12,waypoint_30,0.0,0.3432395638957752,-0.7819241070227957,1.0638120569246137,322.4586248397827,0.0
13,waypoint_30,0.0,0.3432395638957752,-0.7819241070227957,1.0638120569246137,323.3928680419922,0.0
14,waypoint_30,0.0,0.3432395638957752,-0.7819241070227957,1.0638120569246137,334.4855010509491,0.0
0,waypoint_30,-15.0,0.3432395638957752,-0.7819241070227957,1.0638120569246137,249.3513524532318,0.0
1,waypoint_30,-15.0,0.3432395638957752,-0.7819241070227957,1.0638120569246137,231.01027309894562,0.0
2,waypoint_30,-15.0,0.3432395638957752,-0.7819241070227957,1.0638120569246137,237.53498494625092,0.0
3,waypoint_30,-15.0,0.3432395638957752,-0.7819241070227957,1.0638120569246137,237.21539974212646,0.0
4,waypoint_30,-15.0,0.3432395638957752,-0.7819241070227957,1.0638120569246137,0.01582298500579782,0.026364346966147423
5,waypoint_30,-15.0,0.3432395638957752,-0.7819241070227957,1.0638120569246137,0.0045798715291311964,0.031442493200302124
6,waypoint_30,-15.0,0.3432395638957752,-0.7819241070227957,1.0638120569246137,0.004992934009351302,0.0258936807513237
7,waypoint_30,-15.0,0.3432395638957752,-0.7819241070227957,1.0638120569246137,195.21789252758026,0.0
8,waypoint_30,-15.0,0.3432395638957752,-0.7819241070227957,1.0638120569246137,0.0051138563321728725,0.008292630314826965
9,waypoint_30,-15.0,0.3432395638957752,-0.7819241070227957,1.0638120569246137,0.006271813617786393,0.0019403131445869803
10,waypoint_30,-15.0,0.3432395638957752,-0.7819241070227957,1.0638120569246137,376.5627443790436,0.0
11,waypoint_30,-15.0,0.3432395638957752,-0.7819241070227957,1.0638120569246137,338.1047248840332,0.0
12,waypoint_30,-15.0,0.3432395638957752,-0.7819241070227957,1.0638120569246137,344.13304924964905,0.0
13,waypoint_30,-15.0,0.3432395638957752,-0.7819241070227957,1.0638120569246137,336.3167941570282,0.0
14,waypoint_30,-15.0,0.3432395638957752,-0.7819241070227957,1.0638120569246137,360.6281280517578,0.0
0,waypoint_30,-30.0,0.3432395638957752,-0.7819241070227957,1.0638120569246137,250.7920265197754,0.0
1,waypoint_30,-30.0,0.3432395638957752,-0.7819241070227957,1.0638120569246137,167.46069490909576,0.0
2,waypoint_30,-30.0,0.3432395638957752,-0.7819241070227957,1.0638120569246137,152.04468369483948,0.0
3,waypoint_30,-30.0,0.3432395638957752,-0.7819241070227957,1.0638120569246137,6.737151648849249,0.0
4,waypoint_30,-30.0,0.3432395638957752,-0.7819241070227957,1.0638120569246137,0.003273375114076771,0.03507491573691368
5,waypoint_30,-30.0,0.3432395638957752,-0.7819241070227957,1.0638120569246137,0.005293751655699452,0.03424787521362305
6,waypoint_30,-30.0,0.3432395638957752,-0.7819241070227957,1.0638120569246137,0.0045292667891772,0.026781583204865456
7,waypoint_30,-30.0,0.3432395638957752,-0.7819241070227957,1.0638120569246137,227.62012481689453,0.0
8,waypoint_30,-30.0,0.3432395638957752,-0.7819241070227957,1.0638120569246137,0.00508179846292478,0.008909618481993675
9,waypoint_30,-30.0,0.3432395638957752,-0.7819241070227957,1.0638120569246137,0.0077997865446377546,0.001742652035318315
10,waypoint_30,-30.0,0.3432395638957752,-0.7819241070227957,1.0638120569246137,379.5546293258667,0.0
11,waypoint_30,-30.0,0.3432395638957752,-0.7819241070227957,1.0638120569246137,340.03621339797974,0.0
12,waypoint_30,-30.0,0.3432395638957752,-0.7819241070227957,1.0638120569246137,355.96829652786255,0.0
13,waypoint_30,-30.0,0.3432395638957752,-0.7819241070227957,1.0638120569246137,333.48873257637024,0.0
14,waypoint_30,-30.0,0.3432395638957752,-0.7819241070227957,1.0638120569246137,390.5215561389923,0.0
0,waypoint_31,-30.0,0.1632395638957761,-0.7565540276512385,1.0638120569246137,204.49447631835938,0.0
1,waypoint_31,-30.0,0.1632395638957761,-0.7565540276512385,1.0638120569246137,6.426505744457245,0.0
2,waypoint_31,-30.0,0.1632395638957761,-0.7565540276512385,1.0638120569246137,0.008128115950967185,0.03682471066713333
3,waypoint_31,-30.0,0.1632395638957761,-0.7565540276512385,1.0638120569246137,262.15362548828125,0.0
4,waypoint_31,-30.0,0.1632395638957761,-0.7565540276512385,1.0638120569246137,0.02217429027950857,0.028378281742334366
5,waypoint_31,-30.0,0.1632395638957761,-0.7565540276512385,1.0638120569246137,0.018063648894894868,0.01940198242664337
6,waypoint_31,-30.0,0.1632395638957761,-0.7565540276512385,1.0638120569246137,0.013223846508481074,0.010621055960655212
7,waypoint_31,-30.0,0.1632395638957761,-0.7565540276512385,1.0638120569246137,331.2049210071564,0.0
8,waypoint_31,-30.0,0.1632395638957761,-0.7565540276512385,1.0638120569246137,0.006542695700773038,0.009382710792124271
9,waypoint_31,-30.0,0.1632395638957761,-0.7565540276512385,1.0638120569246137,0.022788937712903135,0.020648425444960594
10,waypoint_31,-30.0,0.1632395638957761,-0.7565540276512385,1.0638120569246137,381.8954825401306,0.0
11,waypoint_31,-30.0,0.1632395638957761,-0.7565540276512385,1.0638120569246137,327.11395621299744,0.0
12,waypoint_31,-30.0,0.1632395638957761,-0.7565540276512385,1.0638120569246137,421.0817813873291,0.0
13,waypoint_31,-30.0,0.1632395638957761,-0.7565540276512385,1.0638120569246137,323.5528767108917,0.0
14,waypoint_31,-30.0,0.1632395638957761,-0.7565540276512385,1.0638120569246137,514.2956376075745,0.0
0,waypoint_31,-15.0,0.1632395638957761,-0.7565540276512385,1.0638120569246137,228.99310290813446,0.0
1,waypoint_31,-15.0,0.1632395638957761,-0.7565540276512385,1.0638120569246137,216.27704799175262,0.0
2,waypoint_31,-15.0,0.1632395638957761,-0.7565540276512385,1.0638120569246137,0.0040618715502205305,0.0286900382488966
3,waypoint_31,-15.0,0.1632395638957761,-0.7565540276512385,1.0638120569246137,196.07366621494293,0.0
4,waypoint_31,-15.0,0.1632395638957761,-0.7565540276512385,1.0638120569246137,0.004074534444953315,0.027906373143196106
5,waypoint_31,-15.0,0.1632395638957761,-0.7565540276512385,1.0638120569246137,0.003662655672087567,0.01943294145166874
6,waypoint_31,-15.0,0.1632395638957761,-0.7565540276512385,1.0638120569246137,0.004291534423828125,0.010342235676944256
7,waypoint_31,-15.0,0.1632395638957761,-0.7565540276512385,1.0638120569246137,306.1274588108063,0.0
8,waypoint_31,-15.0,0.1632395638957761,-0.7565540276512385,1.0638120569246137,0.006834176929260138,0.010027330368757248
9,waypoint_31,-15.0,0.1632395638957761,-0.7565540276512385,1.0638120569246137,0.002700031245694845,0.0202652458101511
10,waypoint_31,-15.0,0.1632395638957761,-0.7565540276512385,1.0638120569246137,379.91634011268616,0.0
11,waypoint_31,-15.0,0.1632395638957761,-0.7565540276512385,1.0638120569246137,315.0692284107208,0.0
12,waypoint_31,-15.0,0.1632395638957761,-0.7565540276512385,1.0638120569246137,397.4156975746155,0.0
13,waypoint_31,-15.0,0.1632395638957761,-0.7565540276512385,1.0638120569246137,328.9361596107483,0.0
14,waypoint_31,-15.0,0.1632395638957761,-0.7565540276512385,1.0638120569246137,497.84475564956665,0.0
0,waypoint_31,0.0,0.1632395638957761,-0.7565540276512385,1.0638120569246137,270.97785472869873,0.0
1,waypoint_31,0.0,0.1632395638957761,-0.7565540276512385,1.0638120569246137,241.3688749074936,0.0
2,waypoint_31,0.0,0.1632395638957761,-0.7565540276512385,1.0638120569246137,0.0077632621469092555,0.008836374618113041
3,waypoint_31,0.0,0.1632395638957761,-0.7565540276512385,1.0638120569246137,85.8158990740776,0.0
4,waypoint_31,0.0,0.1632395638957761,-0.7565540276512385,1.0638120569246137,0.0048642650654073805,0.026371026411652565
5,waypoint_31,0.0,0.1632395638957761,-0.7565540276512385,1.0638120569246137,0.004537788754532812,0.018856970593333244
6,waypoint_31,0.0,0.1632395638957761,-0.7565540276512385,1.0638120569246137,0.00367648226529127,0.009847004897892475
7,waypoint_31,0.0,0.1632395638957761,-0.7565540276512385,1.0638120569246137,275.4790782928467,0.0
8,waypoint_31,0.0,0.1632395638957761,-0.7565540276512385,1.0638120569246137,0.0031325416784966365,0.009986061602830887
9,waypoint_31,0.0,0.1632395638957761,-0.7565540276512385,1.0638120569246137,0.00411746896133991,0.01828700304031372
10,waypoint_31,0.0,0.1632395638957761,-0.7565540276512385,1.0638120569246137,361.3753616809845,0.0
11,waypoint_31,0.0,0.1632395638957761,-0.7565540276512385,1.0638120569246137,295.2454388141632,0.0
12,waypoint_31,0.0,0.1632395638957761,-0.7565540276512385,1.0638120569246137,372.0477521419525,0.0
13,waypoint_31,0.0,0.1632395638957761,-0.7565540276512385,1.0638120569246137,345.92804312705994,0.0
14,waypoint_31,0.0,0.1632395638957761,-0.7565540276512385,1.0638120569246137,470.3602194786072,0.0
0,waypoint_31,15.0,0.1632395638957761,-0.7565540276512385,1.0638120569246137,293.7450408935547,0.0
1,waypoint_31,15.0,0.1632395638957761,-0.7565540276512385,1.0638120569246137,261.45246624946594,0.0
2,waypoint_31,15.0,0.1632395638957761,-0.7565540276512385,1.0638120569246137,231.33450746536255,0.0
3,waypoint_31,15.0,0.1632395638957761,-0.7565540276512385,1.0638120569246137,47.12217673659325,0.0
4,waypoint_31,15.0,0.1632395638957761,-0.7565540276512385,1.0638120569246137,0.003159046173095703,0.02358551137149334
5,waypoint_31,15.0,0.1632395638957761,-0.7565540276512385,1.0638120569246137,0.00396270024793921,0.01772957853972912
6,waypoint_31,15.0,0.1632395638957761,-0.7565540276512385,1.0638120569246137,0.0037632439671142492,0.009362406097352505
7,waypoint_31,15.0,0.1632395638957761,-0.7565540276512385,1.0638120569246137,241.88660085201263,0.0
8,waypoint_31,15.0,0.1632395638957761,-0.7565540276512385,1.0638120569246137,0.0011980384897469776,0.008812989108264446
9,waypoint_31,15.0,0.1632395638957761,-0.7565540276512385,1.0638120569246137,0.005185261670703767,0.013597581535577774
10,waypoint_31,15.0,0.1632395638957761,-0.7565540276512385,1.0638120569246137,336.24544739723206,0.0
11,waypoint_31,15.0,0.1632395638957761,-0.7565540276512385,1.0638120569246137,279.26725149154663,0.0
12,waypoint_31,15.0,0.1632395638957761,-0.7565540276512385,1.0638120569246137,348.2590317726135,0.0
13,waypoint_31,15.0,0.1632395638957761,-0.7565540276512385,1.0638120569246137,346.3039696216583,0.0
14,waypoint_31,15.0,0.1632395638957761,-0.7565540276512385,1.0638120569246137,446.662575006485,0.0
0,waypoint_31,30.0,0.1632395638957761,-0.7565540276512385,1.0638120569246137,288.1145477294922,0.0
1,waypoint_31,30.0,0.1632395638957761,-0.7565540276512385,1.0638120569246137,297.89412021636963,0.0
2,waypoint_31,30.0,0.1632395638957761,-0.7565540276512385,1.0638120569246137,238.29004168510437,0.0
3,waypoint_31,30.0,0.1632395638957761,-0.7565540276512385,1.0638120569246137,0.5938083631917834,7.940093382785562e-08
4,waypoint_31,30.0,0.1632395638957761,-0.7565540276512385,1.0638120569246137,0.0023184597921499517,0.019325511530041695
5,waypoint_31,30.0,0.1632395638957761,-0.7565540276512385,1.0638120569246137,0.003055573870369699,0.016180330887436867
6,waypoint_31,30.0,0.1632395638957761,-0.7565540276512385,1.0638120569246137,0.002088343308059848,0.009102797135710716
7,waypoint_31,30.0,0.1632395638957761,-0.7565540276512385,1.0638120569246137,208.17936956882477,0.0
8,waypoint_31,30.0,0.1632395638957761,-0.7565540276512385,1.0638120569246137,0.002896963451348711,0.005653932224959135
9,waypoint_31,30.0,0.1632395638957761,-0.7565540276512385,1.0638120569246137,0.3688356082420796,0.00016444323409814388
10,waypoint_31,30.0,0.1632395638957761,-0.7565540276512385,1.0638120569246137,309.2423379421234,0.0
11,waypoint_31,30.0,0.1632395638957761,-0.7565540276512385,1.0638120569246137,253.12143564224243,0.0
12,waypoint_31,30.0,0.1632395638957761,-0.7565540276512385,1.0638120569246137,315.2547776699066,0.0
13,waypoint_31,30.0,0.1632395638957761,-0.7565540276512385,1.0638120569246137,342.5810635089874,0.0
14,waypoint_31,30.0,0.1632395638957761,-0.7565540276512385,1.0638120569246137,413.00293803215027,0.0
0,waypoint_32,30.0,0.18323956389577567,-0.7565540276512385,1.0638120569246137,295.8782911300659,0.0
1,waypoint_32,30.0,0.18323956389577567,-0.7565540276512385,1.0638120569246137,317.9679811000824,0.0
2,waypoint_32,30.0,0.18323956389577567,-0.7565540276512385,1.0638120569246137,300.8457124233246,0.0
3,waypoint_32,30.0,0.18323956389577567,-0.7565540276512385,1.0638120569246137,17.147548496723175,0.0
4,waypoint_32,30.0,0.18323956389577567,-0.7565540276512385,1.0638120569246137,0.009962359399651177,0.01887168362736702
5,waypoint_32,30.0,0.18323956389577567,-0.7565540276512385,1.0638120569246137,0.0093196968009579,0.017274176701903343
6,waypoint_32,30.0,0.18323956389577567,-0.7565540276512385,1.0638120569246137,0.008901869477995206,0.010656584054231644
7,waypoint_32,30.0,0.18323956389577567,-0.7565540276512385,1.0638120569246137,186.80796027183533,0.0
8,waypoint_32,30.0,0.18323956389577567,-0.7565540276512385,1.0638120569246137,0.010226767699350603,0.0047138528898358345
9,waypoint_32,30.0,0.18323956389577567,-0.7565540276512385,1.0638120569246137,0.014973465113143902,0.003565292339771986
10,waypoint_32,30.0,0.18323956389577567,-0.7565540276512385,1.0638120569246137,309.0667724609375,0.0
11,waypoint_32,30.0,0.18323956389577567,-0.7565540276512385,1.0638120569246137,254.47264313697815,0.0
12,waypoint_32,30.0,0.18323956389577567,-0.7565540276512385,1.0638120569246137,307.4331283569336,0.0
13,waypoint_32,30.0,0.18323956389577567,-0.7565540276512385,1.0638120569246137,339.63674306869507,0.0
14,waypoint_32,30.0,0.18323956389577567,-0.7565540276512385,1.0638120569246137,395.9167003631592,0.0
0,waypoint_32,15.0,0.18323956389577567,-0.7565540276512385,1.0638120569246137,322.3212659358978,0.0
1,waypoint_32,15.0,0.18323956389577567,-0.7565540276512385,1.0638120569246137,255.3512156009674,0.0
2,waypoint_32,15.0,0.18323956389577567,-0.7565540276512385,1.0638120569246137,255.23343682289124,0.0
3,waypoint_32,15.0,0.18323956389577567,-0.7565540276512385,1.0638120569246137,0.008331015123985708,0.018272511661052704
4,waypoint_32,15.0,0.18323956389577567,-0.7565540276512385,1.0638120569246137,0.0028808226488763466,0.024127664044499397
5,waypoint_32,15.0,0.18323956389577567,-0.7565540276512385,1.0638120569246137,0.0028235242552909767,0.019186753779649734
6,waypoint_32,15.0,0.18323956389577567,-0.7565540276512385,1.0638120569246137,0.004074779553775443,0.011137839406728745
7,waypoint_32,15.0,0.18323956389577567,-0.7565540276512385,1.0638120569246137,221.72445058822632,0.0
8,waypoint_32,15.0,0.18323956389577567,-0.7565540276512385,1.0638120569246137,0.012670438991335686,0.007202520500868559
9,waypoint_32,15.0,0.18323956389577567,-0.7565540276512385,1.0638120569246137,0.011124213415314443,0.013345089741051197
10,waypoint_32,15.0,0.18323956389577567,-0.7565540276512385,1.0638120569246137,340.16960859298706,0.0
11,waypoint_32,15.0,0.18323956389577567,-0.7565540276512385,1.0638120569246137,278.9258658885956,0.0
12,waypoint_32,15.0,0.18323956389577567,-0.7565540276512385,1.0638120569246137,338.4265601634979,0.0
13,waypoint_32,15.0,0.18323956389577567,-0.7565540276512385,1.0638120569246137,342.27100014686584,0.0
14,waypoint_32,15.0,0.18323956389577567,-0.7565540276512385,1.0638120569246137,416.83685779571533,0.0
0,waypoint_32,0.0,0.18323956389577567,-0.7565540276512385,1.0638120569246137,283.94201397895813,0.0
1,waypoint_32,0.0,0.18323956389577567,-0.7565540276512385,1.0638120569246137,279.7023057937622,0.0
2,waypoint_32,0.0,0.18323956389577567,-0.7565540276512385,1.0638120569246137,178.88057231903076,0.0
3,waypoint_32,0.0,0.18323956389577567,-0.7565540276512385,1.0638120569246137,0.0036800740872422466,0.02846798114478588
4,waypoint_32,0.0,0.18323956389577567,-0.7565540276512385,1.0638120569246137,0.004201176125206985,0.027497535571455956
5,waypoint_32,0.0,0.18323956389577567,-0.7565540276512385,1.0638120569246137,0.005092623268865282,0.020527616143226624
6,waypoint_32,0.0,0.18323956389577567,-0.7565540276512385,1.0638120569246137,0.003558477146725636,0.01171871367841959
7,waypoint_32,0.0,0.18323956389577567,-0.7565540276512385,1.0638120569246137,256.7307949066162,0.0
8,waypoint_32,0.0,0.18323956389577567,-0.7565540276512385,1.0638120569246137,0.002553669446569984,0.008010906167328358
9,waypoint_32,0.0,0.18323956389577567,-0.7565540276512385,1.0638120569246137,0.0058703767535916995,0.016977783292531967
10,waypoint_32,0.0,0.18323956389577567,-0.7565540276512385,1.0638120569246137,360.58759689331055,0.0
11,waypoint_32,0.0,0.18323956389577567,-0.7565540276512385,1.0638120569246137,296.0495054721832,0.0
12,waypoint_32,0.0,0.18323956389577567,-0.7565540276512385,1.0638120569246137,360.3602349758148,0.0
13,waypoint_32,0.0,0.18323956389577567,-0.7565540276512385,1.0638120569246137,342.4754738807678,0.0
14,waypoint_32,0.0,0.18323956389577567,-0.7565540276512385,1.0638120569246137,439.59495425224304,0.0
0,waypoint_32,-15.0,0.18323956389577567,-0.7565540276512385,1.0638120569246137,252.06974148750305,0.0
1,waypoint_32,-15.0,0.18323956389577567,-0.7565540276512385,1.0638120569246137,240.59052765369415,0.0
2,waypoint_32,-15.0,0.18323956389577567,-0.7565540276512385,1.0638120569246137,272.3022401332855,0.0
3,waypoint_32,-15.0,0.18323956389577567,-0.7565540276512385,1.0638120569246137,0.003055573870369699,0.03404616191983223
4,waypoint_32,-15.0,0.18323956389577567,-0.7565540276512385,1.0638120569246137,0.0041381249502592254,0.029405485838651657
5,waypoint_32,-15.0,0.18323956389577567,-0.7565540276512385,1.0638120569246137,0.002910269586209324,0.021201586350798607
6,waypoint_32,-15.0,0.18323956389577567,-0.7565540276512385,1.0638120569246137,0.0036128785723121837,0.0121935298666358
7,waypoint_32,-15.0,0.18323956389577567,-0.7565540276512385,1.0638120569246137,288.53708505630493,0.0
8,waypoint_32,-15.0,0.18323956389577567,-0.7565540276512385,1.0638120569246137,0.0016010949366318528,0.007877139374613762
9,waypoint_32,-15.0,0.18323956389577567,-0.7565540276512385,1.0638120569246137,0.002614463937788969,0.01838545873761177
10,waypoint_32,-15.0,0.18323956389577567,-0.7565540276512385,1.0638120569246137,379.79573011398315,0.0
11,waypoint_32,-15.0,0.18323956389577567,-0.7565540276512385,1.0638120569246137,315.201073884964,0.0
12,waypoint_32,-15.0,0.18323956389577567,-0.7565540276512385,1.0638120569246137,388.9614939689636,0.0
13,waypoint_32,-15.0,0.18323956389577567,-0.7565540276512385,1.0638120569246137,340.49755334854126,0.0
14,waypoint_32,-15.0,0.18323956389577567,-0.7565540276512385,1.0638120569246137,460.454523563385,0.0
0,waypoint_32,-30.0,0.18323956389577567,-0.7565540276512385,1.0638120569246137,112.22434043884277,0.0
1,waypoint_32,-30.0,0.18323956389577567,-0.7565540276512385,1.0638120569246137,121.54471129179001,0.0
2,waypoint_32,-30.0,0.18323956389577567,-0.7565540276512385,1.0638120569246137,0.008232348591263872,0.03481629490852356
3,waypoint_32,-30.0,0.18323956389577567,-0.7565540276512385,1.0638120569246137,0.0057220458984375,0.03711845725774765
4,waypoint_32,-30.0,0.18323956389577567,-0.7565540276512385,1.0638120569246137,0.004747464117826894,0.030120914801955223
5,waypoint_32,-30.0,0.18323956389577567,-0.7565540276512385,1.0638120569246137,0.004886127044301247,0.021189246326684952
6,waypoint_32,-30.0,0.18323956389577567,-0.7565540276512385,1.0638120569246137,0.005233023784967372,0.012369721196591854
7,waypoint_32,-30.0,0.18323956389577567,-0.7565540276512385,1.0638120569246137,315.56180119514465,0.0
8,waypoint_32,-30.0,0.18323956389577567,-0.7565540276512385,1.0638120569246137,0.0043982663555652834,0.007192142307758331
9,waypoint_32,-30.0,0.18323956389577567,-0.7565540276512385,1.0638120569246137,0.0030994415283203125,0.01843518763780594
10,waypoint_32,-30.0,0.18323956389577567,-0.7565540276512385,1.0638120569246137,381.6782236099243,0.0
11,waypoint_32,-30.0,0.18323956389577567,-0.7565540276512385,1.0638120569246137,327.2024989128113,0.0
12,waypoint_32,-30.0,0.18323956389577567,-0.7565540276512385,1.0638120569246137,408.7199568748474,0.0
13,waypoint_32,-30.0,0.18323956389577567,-0.7565540276512385,1.0638120569246137,338.22599053382874,0.0
14,waypoint_32,-30.0,0.18323956389577567,-0.7565540276512385,1.0638120569246137,498.75015020370483,0.0
0,waypoint_33,-30.0,0.20323956389577547,-0.7565540276512385,1.0638120569246137,126.73132121562958,0.0
1,waypoint_33,-30.0,0.20323956389577547,-0.7565540276512385,1.0638120569246137,99.49170798063278,0.0
2,waypoint_33,-30.0,0.20323956389577547,-0.7565540276512385,1.0638120569246137,0.010949099305435084,0.031331855803728104
3,waypoint_33,-30.0,0.20323956389577547,-0.7565540276512385,1.0638120569246137,0.00938049106480321,0.03781763091683388
4,waypoint_33,-30.0,0.20323956389577547,-0.7565540276512385,1.0638120569246137,0.009506894457445014,0.03180118650197983
5,waypoint_33,-30.0,0.20323956389577547,-0.7565540276512385,1.0638120569246137,0.011093511602666695,0.022989831864833832
6,waypoint_33,-30.0,0.20323956389577547,-0.7565540276512385,1.0638120569246137,0.009766719813342206,0.014116741716861725
7,waypoint_33,-30.0,0.20323956389577547,-0.7565540276512385,1.0638120569246137,300.2229332923889,0.0
8,waypoint_33,-30.0,0.20323956389577547,-0.7565540276512385,1.0638120569246137,0.010294233106833417,0.0050756423734128475
9,waypoint_33,-30.0,0.20323956389577547,-0.7565540276512385,1.0638120569246137,0.010614982784318272,0.016172369942069054
10,waypoint_33,-30.0,0.20323956389577547,-0.7565540276512385,1.0638120569246137,379.9167573451996,0.0
11,waypoint_33,-30.0,0.20323956389577547,-0.7565540276512385,1.0638120569246137,325.1405954360962,0.0
12,waypoint_33,-30.0,0.20323956389577547,-0.7565540276512385,1.0638120569246137,403.1559228897095,0.0
13,waypoint_33,-30.0,0.20323956389577547,-0.7565540276512385,1.0638120569246137,333.92056822776794,0.0
14,waypoint_33,-30.0,0.20323956389577547,-0.7565540276512385,1.0638120569246137,489.1235828399658,0.0
0,waypoint_33,-15.0,0.20323956389577547,-0.7565540276512385,1.0638120569246137,132.98244774341583,0.0
1,waypoint_33,-15.0,0.20323956389577547,-0.7565540276512385,1.0638120569246137,241.79504811763763,0.0
2,waypoint_33,-15.0,0.20323956389577547,-0.7565540276512385,1.0638120569246137,0.0025678466499812203,0.014456842094659805
3,waypoint_33,-15.0,0.20323956389577547,-0.7565540276512385,1.0638120569246137,0.004306409664422972,0.03392031043767929
4,waypoint_33,-15.0,0.20323956389577547,-0.7565540276512385,1.0638120569246137,0.0038998932723188773,0.030779749155044556
5,waypoint_33,-15.0,0.20323956389577547,-0.7565540276512385,1.0638120569246137,0.006442818175855791,0.02294541709125042
6,waypoint_33,-15.0,0.20323956389577547,-0.7565540276512385,1.0638120569246137,0.0035129151001456194,0.014026266522705555
7,waypoint_33,-15.0,0.20323956389577547,-0.7565540276512385,1.0638120569246137,271.8425691127777,0.0
8,waypoint_33,-15.0,0.20323956389577547,-0.7565540276512385,1.0638120569246137,0.00442080045104376,0.005746176932007074
9,waypoint_33,-15.0,0.20323956389577547,-0.7565540276512385,1.0638120569246137,0.005643272743327543,0.016385916620492935
10,waypoint_33,-15.0,0.20323956389577547,-0.7565540276512385,1.0638120569246137,377.5033950805664,0.0
11,waypoint_33,-15.0,0.20323956389577547,-0.7565540276512385,1.0638120569246137,315.4836893081665,0.0
12,waypoint_33,-15.0,0.20323956389577547,-0.7565540276512385,1.0638120569246137,385.9670162200928,0.0
13,waypoint_33,-15.0,0.20323956389577547,-0.7565540276512385,1.0638120569246137,325.6321847438812,0.0
14,waypoint_33,-15.0,0.20323956389577547,-0.7565540276512385,1.0638120569246137,467.940092086792,0.0
0,waypoint_33,0.0,0.20323956389577547,-0.7565540276512385,1.0638120569246137,266.39261841773987,0.0
1,waypoint_33,0.0,0.20323956389577547,-0.7565540276512385,1.0638120569246137,226.97670757770538,0.0
2,waypoint_33,0.0,0.20323956389577547,-0.7565540276512385,1.0638120569246137,279.6291708946228,0.0
3,waypoint_33,0.0,0.20323956389577547,-0.7565540276512385,1.0638120569246137,0.004298151907278225,0.026897666975855827
4,waypoint_33,0.0,0.20323956389577547,-0.7565540276512385,1.0638120569246137,0.004075842298334464,0.028413377702236176
5,waypoint_33,0.0,0.20323956389577547,-0.7565540276512385,1.0638120569246137,0.005364418029785156,0.02213347889482975
6,waypoint_33,0.0,0.20323956389577547,-0.7565540276512385,1.0638120569246137,0.003967432348872535,0.013558915816247463
7,waypoint_33,0.0,0.20323956389577547,-0.7565540276512385,1.0638120569246137,238.5646551847458,0.0
8,waypoint_33,0.0,0.20323956389577547,-0.7565540276512385,1.0638120569246137,0.0032147852380148834,0.006001756060868502
9,waypoint_33,0.0,0.20323956389577547,-0.7565540276512385,1.0638120569246137,0.0053855692385695875,0.015440667979419231
10,waypoint_33,0.0,0.20323956389577547,-0.7565540276512385,1.0638120569246137,360.171914100647,0.0
11,waypoint_33,0.0,0.20323956389577547,-0.7565540276512385,1.0638120569246137,298.38597774505615,0.0
12,waypoint_33,0.0,0.20323956389577547,-0.7565540276512385,1.0638120569246137,358.11564326286316,0.0
13,waypoint_33,0.0,0.20323956389577547,-0.7565540276512385,1.0638120569246137,337.95487880706787,0.0
14,waypoint_33,0.0,0.20323956389577547,-0.7565540276512385,1.0638120569246137,436.4977180957794,0.0
0,waypoint_33,15.0,0.20323956389577547,-0.7565540276512385,1.0638120569246137,261.8166208267212,0.0
1,waypoint_33,15.0,0.20323956389577547,-0.7565540276512385,1.0638120569246137,263.5730803012848,0.0
2,waypoint_33,15.0,0.20323956389577547,-0.7565540276512385,1.0638120569246137,201.74555480480194,0.0
3,waypoint_33,15.0,0.20323956389577547,-0.7565540276512385,1.0638120569246137,0.004211311534163542,0.012355131097137928
4,waypoint_33,15.0,0.20323956389577547,-0.7565540276512385,1.0638120569246137,0.002682209014892578,0.024318909272551537
5,waypoint_33,15.0,0.20323956389577547,-0.7565540276512385,1.0638120569246137,0.0031629799650545465,0.020531291142106056
6,waypoint_33,15.0,0.20323956389577547,-0.7565540276512385,1.0638120569246137,0.0030773333037359407,0.012872598133981228
7,waypoint_33,15.0,0.20323956389577547,-0.7565540276512385,1.0638120569246137,202.09096372127533,0.0
8,waypoint_33,15.0,0.20323956389577547,-0.7565540276512385,1.0638120569246137,0.0012157009905422456,0.005499695427715778
9,waypoint_33,15.0,0.20323956389577547,-0.7565540276512385,1.0638120569246137,0.0051632900976983365,0.012633711099624634
10,waypoint_33,15.0,0.20323956389577547,-0.7565540276512385,1.0638120569246137,341.8560326099396,0.0
11,waypoint_33,15.0,0.20323956389577547,-0.7565540276512385,1.0638120569246137,280.867338180542,0.0
12,waypoint_33,15.0,0.20323956389577547,-0.7565540276512385,1.0638120569246137,337.58798241615295,0.0
13,waypoint_33,15.0,0.20323956389577547,-0.7565540276512385,1.0638120569246137,341.07106924057007,0.0
14,waypoint_33,15.0,0.20323956389577547,-0.7565540276512385,1.0638120569246137,413.49542140960693,0.0
0,waypoint_33,30.0,0.20323956389577547,-0.7565540276512385,1.0638120569246137,281.2044322490692,0.0
1,waypoint_33,30.0,0.20323956389577547,-0.7565540276512385,1.0638120569246137,317.18960404396057,0.0
2,waypoint_33,30.0,0.20323956389577547,-0.7565540276512385,1.0638120569246137,255.6580901145935,0.0
3,waypoint_33,30.0,0.20323956389577547,-0.7565540276512385,1.0638120569246137,191.25007092952728,0.0
4,waypoint_33,30.0,0.20323956389577547,-0.7565540276512385,1.0638120569246137,0.004554980478133075,0.017732620239257812
5,waypoint_33,30.0,0.20323956389577547,-0.7565540276512385,1.0638120569246137,0.0021457672119140625,0.018189404159784317
6,waypoint_33,30.0,0.20323956389577547,-0.7565540276512385,1.0638120569246137,0.004299804913898697,0.012160620652139187
7,waypoint_33,30.0,0.20323956389577547,-0.7565540276512385,1.0638120569246137,165.78756272792816,0.0
8,waypoint_33,30.0,0.20323956389577547,-0.7565540276512385,1.0638120569246137,0.0044003609218634665,0.0035555800423026085
9,waypoint_33,30.0,0.20323956389577547,-0.7565540276512385,1.0638120569246137,0.004726464339910308,0.005848487373441458
10,waypoint_33,30.0,0.20323956389577547,-0.7565540276512385,1.0638120569246137,316.0451650619507,0.0
11,waypoint_33,30.0,0.20323956389577547,-0.7565540276512385,1.0638120569246137,258.42341780662537,0.0
12,waypoint_33,30.0,0.20323956389577547,-0.7565540276512385,1.0638120569246137,308.0971837043762,0.0
13,waypoint_33,30.0,0.20323956389577547,-0.7565540276512385,1.0638120569246137,336.74898743629456,0.0
14,waypoint_33,30.0,0.20323956389577547,-0.7565540276512385,1.0638120569246137,388.5403573513031,0.0
0,waypoint_34,30.0,0.22323956389577598,-0.7565540276512385,1.0638120569246137,272.3149359226227,0.0
1,waypoint_34,30.0,0.22323956389577598,-0.7565540276512385,1.0638120569246137,331.91969990730286,0.0
2,waypoint_34,30.0,0.22323956389577598,-0.7565540276512385,1.0638120569246137,242.14670062065125,0.0
3,waypoint_34,30.0,0.22323956389577598,-0.7565540276512385,1.0638120569246137,227.59875655174255,0.0
4,waypoint_34,30.0,0.22323956389577598,-0.7565540276512385,1.0638120569246137,0.009391278581460938,0.015546882525086403
5,waypoint_34,30.0,0.22323956389577598,-0.7565540276512385,1.0638120569246137,0.009395627785124816,0.018881216645240784
6,waypoint_34,30.0,0.22323956389577598,-0.7565540276512385,1.0638120569246137,0.009511050848232117,0.013597770594060421
7,waypoint_34,30.0,0.22323956389577598,-0.7565540276512385,1.0638120569246137,145.2542394399643,0.0
8,waypoint_34,30.0,0.22323956389577598,-0.7565540276512385,1.0638120569246137,43.57307031750679,0.0
9,waypoint_34,30.0,0.22323956389577598,-0.7565540276512385,1.0638120569246137,0.011236068530706689,0.006442667916417122
10,waypoint_34,30.0,0.22323956389577598,-0.7565540276512385,1.0638120569246137,317.520409822464,0.0
11,waypoint_34,30.0,0.22323956389577598,-0.7565540276512385,1.0638120569246137,262.04055547714233,0.0
12,waypoint_34,30.0,0.22323956389577598,-0.7565540276512385,1.0638120569246137,305.1367700099945,0.0
13,waypoint_34,30.0,0.22323956389577598,-0.7565540276512385,1.0638120569246137,336.7058038711548,0.0
14,waypoint_34,30.0,0.22323956389577598,-0.7565540276512385,1.0638120569246137,367.94036626815796,0.0
0,waypoint_34,15.0,0.22323956389577598,-0.7565540276512385,1.0638120569246137,301.33411288261414,0.0
1,waypoint_34,15.0,0.22323956389577598,-0.7565540276512385,1.0638120569246137,281.70129656791687,0.0
2,waypoint_34,15.0,0.22323956389577598,-0.7565540276512385,1.0638120569246137,228.44041883945465,0.0
3,waypoint_34,15.0,0.22323956389577598,-0.7565540276512385,1.0638120569246137,208.36450159549713,0.0
4,waypoint_34,15.0,0.22323956389577598,-0.7565540276512385,1.0638120569246137,0.0034141548894695006,0.024052247405052185
5,waypoint_34,15.0,0.22323956389577598,-0.7565540276512385,1.0638120569246137,0.0034405875339871272,0.021736841648817062
6,waypoint_34,15.0,0.22323956389577598,-0.7565540276512385,1.0638120569246137,0.004905923105980037,0.014557468704879284
7,waypoint_34,15.0,0.22323956389577598,-0.7565540276512385,1.0638120569246137,183.14754962921143,0.0
8,waypoint_34,15.0,0.22323956389577598,-0.7565540276512385,1.0638120569246137,0.027845931981573813,0.0037430268712341785
9,waypoint_34,15.0,0.22323956389577598,-0.7565540276512385,1.0638120569246137,0.023530174075858667,0.011586439795792103
10,waypoint_34,15.0,0.22323956389577598,-0.7565540276512385,1.0638120569246137,340.705007314682,0.0
11,waypoint_34,15.0,0.22323956389577598,-0.7565540276512385,1.0638120569246137,285.3623330593109,0.0
12,waypoint_34,15.0,0.22323956389577598,-0.7565540276512385,1.0638120569246137,332.0384919643402,0.0
13,waypoint_34,15.0,0.22323956389577598,-0.7565540276512385,1.0638120569246137,339.0783965587616,0.0
14,waypoint_34,15.0,0.22323956389577598,-0.7565540276512385,1.0638120569246137,389.87135887145996,0.0
0,waypoint_34,0.0,0.22323956389577598,-0.7565540276512385,1.0638120569246137,260.36450266838074,0.0
1,waypoint_34,0.0,0.22323956389577598,-0.7565540276512385,1.0638120569246137,279.9842059612274,0.0
2,waypoint_34,0.0,0.22323956389577598,-0.7565540276512385,1.0638120569246137,233.10764133930206,0.0
3,waypoint_34,0.0,0.22323956389577598,-0.7565540276512385,1.0638120569246137,50.128500908613205,0.0
4,waypoint_34,0.0,0.22323956389577598,-0.7565540276512385,1.0638120569246137,0.004430433818924939,0.02906043268740177
5,waypoint_34,0.0,0.22323956389577598,-0.7565540276512385,1.0638120569246137,0.005029445219406625,0.023657910525798798
6,waypoint_34,0.0,0.22323956389577598,-0.7565540276512385,1.0638120569246137,0.004206669473205693,0.015364985913038254
7,waypoint_34,0.0,0.22323956389577598,-0.7565540276512385,1.0638120569246137,221.18490934371948,0.0
8,waypoint_34,0.0,0.22323956389577598,-0.7565540276512385,1.0638120569246137,0.005061220690549817,0.0039759003557264805
9,waypoint_34,0.0,0.22323956389577598,-0.7565540276512385,1.0638120569246137,0.004324521341914078,0.013733630999922752
10,waypoint_34,0.0,0.22323956389577598,-0.7565540276512385,1.0638120569246137,360.7862591743469,0.0
11,waypoint_34,0.0,0.22323956389577598,-0.7565540276512385,1.0638120569246137,301.40185356140137,0.0
12,waypoint_34,0.0,0.22323956389577598,-0.7565540276512385,1.0638120569246137,354.5786142349243,0.0
13,waypoint_34,0.0,0.22323956389577598,-0.7565540276512385,1.0638120569246137,338.2236063480377,0.0
14,waypoint_34,0.0,0.22323956389577598,-0.7565540276512385,1.0638120569246137,388.35909962654114,0.0
0,waypoint_34,-15.0,0.22323956389577598,-0.7565540276512385,1.0638120569246137,228.92126441001892,0.0
1,waypoint_34,-15.0,0.22323956389577598,-0.7565540276512385,1.0638120569246137,215.54763615131378,0.0
2,waypoint_34,-15.0,0.22323956389577598,-0.7565540276512385,1.0638120569246137,256.3289999961853,0.0
3,waypoint_34,-15.0,0.22323956389577598,-0.7565540276512385,1.0638120569246137,101.75251960754395,0.0
4,waypoint_34,-15.0,0.22323956389577598,-0.7565540276512385,1.0638120569246137,0.005831515863974346,0.0319892056286335
5,waypoint_34,-15.0,0.22323956389577598,-0.7565540276512385,1.0638120569246137,0.004697813892562408,0.024654405191540718
6,waypoint_34,-15.0,0.22323956389577598,-0.7565540276512385,1.0638120569246137,0.003532800974426209,0.015843285247683525
7,waypoint_34,-15.0,0.22323956389577598,-0.7565540276512385,1.0638120569246137,255.89463114738464,0.0
8,waypoint_34,-15.0,0.22323956389577598,-0.7565540276512385,1.0638120569246137,0.001195440972878714,0.003656488610431552
9,waypoint_34,-15.0,0.22323956389577598,-0.7565540276512385,1.0638120569246137,0.0019110702851321548,0.014305781573057175
10,waypoint_34,-15.0,0.22323956389577598,-0.7565540276512385,1.0638120569246137,375.71969628334045,0.0
11,waypoint_34,-15.0,0.22323956389577598,-0.7565540276512385,1.0638120569246137,317.268431186676,0.0
12,waypoint_34,-15.0,0.22323956389577598,-0.7565540276512385,1.0638120569246137,382.1006715297699,0.0
13,waypoint_34,-15.0,0.22323956389577598,-0.7565540276512385,1.0638120569246137,329.54153418540955,0.0
14,waypoint_34,-15.0,0.22323956389577598,-0.7565540276512385,1.0638120569246137,409.7532629966736,0.0
0,waypoint_34,-30.0,0.22323956389577598,-0.7565540276512385,1.0638120569246137,137.15241849422455,0.0
1,waypoint_34,-30.0,0.22323956389577598,-0.7565540276512385,1.0638120569246137,197.50726222991943,0.0
2,waypoint_34,-30.0,0.22323956389577598,-0.7565540276512385,1.0638120569246137,38.80374878644943,0.0
3,waypoint_34,-30.0,0.22323956389577598,-0.7565540276512385,1.0638120569246137,162.0400846004486,0.0
4,waypoint_34,-30.0,0.22323956389577598,-0.7565540276512385,1.0638120569246137,0.0046015402404009365,0.03338438645005226
5,waypoint_34,-30.0,0.22323956389577598,-0.7565540276512385,1.0638120569246137,0.00518114893566235,0.024794578552246094
6,waypoint_34,-30.0,0.22323956389577598,-0.7565540276512385,1.0638120569246137,0.004772863121615956,0.01586654782295227
7,waypoint_34,-30.0,0.22323956389577598,-0.7565540276512385,1.0638120569246137,285.4688763618469,0.0
8,waypoint_34,-30.0,0.22323956389577598,-0.7565540276512385,1.0638120569246137,0.0033379931210220093,0.0030872588977217674
9,waypoint_34,-30.0,0.22323956389577598,-0.7565540276512385,1.0638120569246137,0.0053789681260241196,0.013894226402044296
10,waypoint_34,-30.0,0.22323956389577598,-0.7565540276512385,1.0638120569246137,381.39253854751587,0.0
11,waypoint_34,-30.0,0.22323956389577598,-0.7565540276512385,1.0638120569246137,325.745552778244,0.0
12,waypoint_34,-30.0,0.22323956389577598,-0.7565540276512385,1.0638120569246137,401.18861198425293,0.0
13,waypoint_34,-30.0,0.22323956389577598,-0.7565540276512385,1.0638120569246137,323.37096333503723,0.0
14,waypoint_34,-30.0,0.22323956389577598,-0.7565540276512385,1.0638120569246137,473.5866189002991,0.0
0,waypoint_35,-30.0,0.24323956389577556,-0.7565540276512385,1.0638120569246137,181.17599189281464,0.0
1,waypoint_35,-30.0,0.24323956389577556,-0.7565540276512385,1.0638120569246137,156.9271832704544,0.0
2,waypoint_35,-30.0,0.24323956389577556,-0.7565540276512385,1.0638120569246137,0.013985642908664886,0.013424955308437347
3,waypoint_35,-30.0,0.24323956389577556,-0.7565540276512385,1.0638120569246137,141.2096917629242,0.0
4,waypoint_35,-30.0,0.24323956389577556,-0.7565540276512385,1.0638120569246137,0.010759257747849915,0.03483383730053902
5,waypoint_35,-30.0,0.24323956389577556,-0.7565540276512385,1.0638120569246137,0.010952343473036308,0.02659662812948227
6,waypoint_35,-30.0,0.24323956389577556,-0.7565540276512385,1.0638120569246137,0.009976080036722124,0.01762782409787178
7,waypoint_35,-30.0,0.24323956389577556,-0.7565540276512385,1.0638120569246137,271.92896604537964,0.0
8,waypoint_35,-30.0,0.24323956389577556,-0.7565540276512385,1.0638120569246137,0.011343728147039656,0.0014670912642031908
9,waypoint_35,-30.0,0.24323956389577556,-0.7565540276512385,1.0638120569246137,0.010507336810405832,0.011621935293078423
10,waypoint_35,-30.0,0.24323956389577556,-0.7565540276512385,1.0638120569246137,390.0139033794403,0.0
11,waypoint_35,-30.0,0.24323956389577556,-0.7565540276512385,1.0638120569246137,326.90557837486267,0.0
12,waypoint_35,-30.0,0.24323956389577556,-0.7565540276512385,1.0638120569246137,395.59096097946167,0.0
13,waypoint_35,-30.0,0.24323956389577556,-0.7565540276512385,1.0638120569246137,321.147084236145,0.0
14,waypoint_35,-30.0,0.24323956389577556,-0.7565540276512385,1.0638120569246137,455.8148384094238,0.0
0,waypoint_35,-15.0,0.24323956389577556,-0.7565540276512385,1.0638120569246137,177.60227620601654,0.0
1,waypoint_35,-15.0,0.24323956389577556,-0.7565540276512385,1.0638120569246137,260.28940081596375,0.0
2,waypoint_35,-15.0,0.24323956389577556,-0.7565540276512385,1.0638120569246137,254.26560640335083,0.0
3,waypoint_35,-15.0,0.24323956389577556,-0.7565540276512385,1.0638120569246137,83.75903964042664,0.0
4,waypoint_35,-15.0,0.24323956389577556,-0.7565540276512385,1.0638120569246137,0.00482171753901639,0.03298283740878105
5,waypoint_35,-15.0,0.24323956389577556,-0.7565540276512385,1.0638120569246137,0.00286102294921875,0.026314672082662582
6,waypoint_35,-15.0,0.24323956389577556,-0.7565540276512385,1.0638120569246137,0.0049810237214842346,0.017645634710788727
7,waypoint_35,-15.0,0.24323956389577556,-0.7565540276512385,1.0638120569246137,240.7379001379013,0.0
8,waypoint_35,-15.0,0.24323956389577556,-0.7565540276512385,1.0638120569246137,0.005792720003228169,0.0016808327054604888
9,waypoint_35,-15.0,0.24323956389577556,-0.7565540276512385,1.0638120569246137,0.0035762786865234375,0.012177734635770321
10,waypoint_35,-15.0,0.24323956389577556,-0.7565540276512385,1.0638120569246137,386.58469915390015,0.0
11,waypoint_35,-15.0,0.24323956389577556,-0.7565540276512385,1.0638120569246137,319.4178640842438,0.0
12,waypoint_35,-15.0,0.24323956389577556,-0.7565540276512385,1.0638120569246137,379.34598326683044,0.0
13,waypoint_35,-15.0,0.24323956389577556,-0.7565540276512385,1.0638120569246137,321.84097170829773,0.0
14,waypoint_35,-15.0,0.24323956389577556,-0.7565540276512385,1.0638120569246137,435.5970025062561,0.0
0,waypoint_35,0.0,0.24323956389577556,-0.7565540276512385,1.0638120569246137,243.9887374639511,0.0
1,waypoint_35,0.0,0.24323956389577556,-0.7565540276512385,1.0638120569246137,223.9145189523697,0.0
2,waypoint_35,0.0,0.24323956389577556,-0.7565540276512385,1.0638120569246137,284.970223903656,0.0
3,waypoint_35,0.0,0.24323956389577556,-0.7565540276512385,1.0638120569246137,0.1576136564835906,0.013641610741615295
4,waypoint_35,0.0,0.24323956389577556,-0.7565540276512385,1.0638120569246137,0.0030741207410756033,0.029361741617321968
5,waypoint_35,0.0,0.24323956389577556,-0.7565540276512385,1.0638120569246137,0.0016214216884691268,0.025079576298594475
6,waypoint_35,0.0,0.24323956389577556,-0.7565540276512385,1.0638120569246137,0.0028134402327850694,0.017132971435785294
7,waypoint_35,0.0,0.24323956389577556,-0.7565540276512385,1.0638120569246137,204.75272834300995,0.0
8,waypoint_35,0.0,0.24323956389577556,-0.7565540276512385,1.0638120569246137,0.007675023880437948,0.001948089338839054
9,waypoint_35,0.0,0.24323956389577556,-0.7565540276512385,1.0638120569246137,0.0033906608223333023,0.011903181672096252
10,waypoint_35,0.0,0.24323956389577556,-0.7565540276512385,1.0638120569246137,369.70046162605286,0.0
11,waypoint_35,0.0,0.24323956389577556,-0.7565540276512385,1.0638120569246137,304.31878566741943,0.0
12,waypoint_35,0.0,0.24323956389577556,-0.7565540276512385,1.0638120569246137,351.76554322242737,0.0
13,waypoint_35,0.0,0.24323956389577556,-0.7565540276512385,1.0638120569246137,317.02911853790283,0.0
14,waypoint_35,0.0,0.24323956389577556,-0.7565540276512385,1.0638120569246137,400.39411187171936,0.0
0,waypoint_35,15.0,0.24323956389577556,-0.7565540276512385,1.0638120569246137,277.87917852401733,0.0
1,waypoint_35,15.0,0.24323956389577556,-0.7565540276512385,1.0638120569246137,320.65609097480774,0.0
2,waypoint_35,15.0,0.24323956389577556,-0.7565540276512385,1.0638120569246137,305.5221736431122,0.0
3,waypoint_35,15.0,0.24323956389577556,-0.7565540276512385,1.0638120569246137,181.5708428621292,0.0
4,waypoint_35,15.0,0.24323956389577556,-0.7565540276512385,1.0638120569246137,0.0029224515856185462,0.023168116807937622
5,waypoint_35,15.0,0.24323956389577556,-0.7565540276512385,1.0638120569246137,0.004436443759914255,0.022769462317228317
6,waypoint_35,15.0,0.24323956389577556,-0.7565540276512385,1.0638120569246137,0.002847486712198588,0.016180695965886116
7,waypoint_35,15.0,0.24323956389577556,-0.7565540276512385,1.0638120569246137,165.12687504291534,0.0
8,waypoint_35,15.0,0.24323956389577556,-0.7565540276512385,1.0638120569246137,0.0038481075534946285,0.001997168641537428
9,waypoint_35,15.0,0.24323956389577556,-0.7565540276512385,1.0638120569246137,0.005114898158353753,0.010290754027664661
10,waypoint_35,15.0,0.24323956389577556,-0.7565540276512385,1.0638120569246137,351.2744605541229,0.0
11,waypoint_35,15.0,0.24323956389577556,-0.7565540276512385,1.0638120569246137,288.7289822101593,0.0
12,waypoint_35,15.0,0.24323956389577556,-0.7565540276512385,1.0638120569246137,329.446405172348,0.0
13,waypoint_35,15.0,0.24323956389577556,-0.7565540276512385,1.0638120569246137,333.7646722793579,0.0
14,waypoint_35,15.0,0.24323956389577556,-0.7565540276512385,1.0638120569246137,376.5060603618622,0.0
0,waypoint_35,30.0,0.24323956389577556,-0.7565540276512385,1.0638120569246137,296.6739237308502,0.0
1,waypoint_35,30.0,0.24323956389577556,-0.7565540276512385,1.0638120569246137,340.50214290618896,0.0
2,waypoint_35,30.0,0.24323956389577556,-0.7565540276512385,1.0638120569246137,295.8751320838928,0.0
3,waypoint_35,30.0,0.24323956389577556,-0.7565540276512385,1.0638120569246137,242.45014786720276,0.0
4,waypoint_35,30.0,0.24323956389577556,-0.7565540276512385,1.0638120569246137,0.0020509542082436383,0.011412180960178375
5,waypoint_35,30.0,0.24323956389577556,-0.7565540276512385,1.0638120569246137,0.0022492363314086106,0.01928715966641903
6,waypoint_35,30.0,0.24323956389577556,-0.7565540276512385,1.0638120569246137,0.0019755702851398382,0.01494497712701559
7,waypoint_35,30.0,0.24323956389577556,-0.7565540276512385,1.0638120569246137,126.12894177436829,0.0
8,waypoint_35,30.0,0.24323956389577556,-0.7565540276512385,1.0638120569246137,132.57281482219696,0.0
9,waypoint_35,30.0,0.24323956389577556,-0.7565540276512385,1.0638120569246137,0.003991286575910635,0.006280049216002226
10,waypoint_35,30.0,0.24323956389577556,-0.7565540276512385,1.0638120569246137,330.50110936164856,0.0
11,waypoint_35,30.0,0.24323956389577556,-0.7565540276512385,1.0638120569246137,266.7880356311798,0.0
12,waypoint_35,30.0,0.24323956389577556,-0.7565540276512385,1.0638120569246137,301.45972967147827,0.0
13,waypoint_35,30.0,0.24323956389577556,-0.7565540276512385,1.0638120569246137,338.2761776447296,0.0
14,waypoint_35,30.0,0.24323956389577556,-0.7565540276512385,1.0638120569246137,352.96186804771423,0.0
0,waypoint_36,30.0,0.2632395638957752,-0.7565540276512385,1.0638120569246137,302.9421865940094,0.0
1,waypoint_36,30.0,0.2632395638957752,-0.7565540276512385,1.0638120569246137,321.8320906162262,0.0
2,waypoint_36,30.0,0.2632395638957752,-0.7565540276512385,1.0638120569246137,339.60267901420593,0.0
3,waypoint_36,30.0,0.2632395638957752,-0.7565540276512385,1.0638120569246137,215.90137481689453,0.0
4,waypoint_36,30.0,0.2632395638957752,-0.7565540276512385,1.0638120569246137,0.4854030557908118,1.4271016368638811e-07
5,waypoint_36,30.0,0.2632395638957752,-0.7565540276512385,1.0638120569246137,0.012839233022532426,0.019324755296111107
6,waypoint_36,30.0,0.2632395638957752,-0.7565540276512385,1.0638120569246137,0.009830249837250449,0.01618073880672455
7,waypoint_36,30.0,0.2632395638957752,-0.7565540276512385,1.0638120569246137,109.00010168552399,0.0
8,waypoint_36,30.0,0.2632395638957752,-0.7565540276512385,1.0638120569246137,183.85541439056396,0.0
9,waypoint_36,30.0,0.2632395638957752,-0.7565540276512385,1.0638120569246137,0.010774436304927804,0.005653624888509512
10,waypoint_36,30.0,0.2632395638957752,-0.7565540276512385,1.0638120569246137,334.303617477417,0.0
11,waypoint_36,30.0,0.2632395638957752,-0.7565540276512385,1.0638120569246137,274.4394838809967,0.0
12,waypoint_36,30.0,0.2632395638957752,-0.7565540276512385,1.0638120569246137,298.3396053314209,0.0
13,waypoint_36,30.0,0.2632395638957752,-0.7565540276512385,1.0638120569246137,339.32310342788696,0.0
14,waypoint_36,30.0,0.2632395638957752,-0.7565540276512385,1.0638120569246137,341.7772650718689,0.0
0,waypoint_36,15.0,0.2632395638957752,-0.7565540276512385,1.0638120569246137,296.3610887527466,0.0
1,waypoint_36,15.0,0.2632395638957752,-0.7565540276512385,1.0638120569246137,236.97897791862488,0.0
2,waypoint_36,15.0,0.2632395638957752,-0.7565540276512385,1.0638120569246137,269.13270354270935,0.0
3,waypoint_36,15.0,0.2632395638957752,-0.7565540276512385,1.0638120569246137,264.00116086006165,0.0
4,waypoint_36,15.0,0.2632395638957752,-0.7565540276512385,1.0638120569246137,0.01396734114678111,0.021412355825304985
5,waypoint_36,15.0,0.2632395638957752,-0.7565540276512385,1.0638120569246137,0.003860982815240277,0.023585405200719833
6,waypoint_36,15.0,0.2632395638957752,-0.7565540276512385,1.0638120569246137,0.003235302528992179,0.017729341983795166
7,waypoint_36,15.0,0.2632395638957752,-0.7565540276512385,1.0638120569246137,148.12855422496796,0.0
8,waypoint_36,15.0,0.2632395638957752,-0.7565540276512385,1.0638120569246137,179.96959388256073,0.0
9,waypoint_36,15.0,0.2632395638957752,-0.7565540276512385,1.0638120569246137,0.011274577445874456,0.008813155815005302
10,waypoint_36,15.0,0.2632395638957752,-0.7565540276512385,1.0638120569246137,356.4356863498688,0.0
11,waypoint_36,15.0,0.2632395638957752,-0.7565540276512385,1.0638120569246137,291.49213433265686,0.0
12,waypoint_36,15.0,0.2632395638957752,-0.7565540276512385,1.0638120569246137,325.2035677433014,0.0
13,waypoint_36,15.0,0.2632395638957752,-0.7565540276512385,1.0638120569246137,341.03134274482727,0.0
14,waypoint_36,15.0,0.2632395638957752,-0.7565540276512385,1.0638120569246137,363.18162083625793,0.0
0,waypoint_36,0.0,0.2632395638957752,-0.7565540276512385,1.0638120569246137,282.0894122123718,0.0
1,waypoint_36,0.0,0.2632395638957752,-0.7565540276512385,1.0638120569246137,289.16794061660767,0.0
2,waypoint_36,0.0,0.2632395638957752,-0.7565540276512385,1.0638120569246137,260.45599579811096,0.0
3,waypoint_36,0.0,0.2632395638957752,-0.7565540276512385,1.0638120569246137,267.3723101615906,0.0
4,waypoint_36,0.0,0.2632395638957752,-0.7565540276512385,1.0638120569246137,0.004908253231405979,0.029213283210992813
5,waypoint_36,0.0,0.2632395638957752,-0.7565540276512385,1.0638120569246137,0.00500253099744441,0.02637125551700592
6,waypoint_36,0.0,0.2632395638957752,-0.7565540276512385,1.0638120569246137,0.004519844424066832,0.018856702372431755
7,waypoint_36,0.0,0.2632395638957752,-0.7565540276512385,1.0638120569246137,189.3811970949173,0.0
8,waypoint_36,0.0,0.2632395638957752,-0.7565540276512385,1.0638120569246137,0.3264385159127414,3.9127033232944086e-05
9,waypoint_36,0.0,0.2632395638957752,-0.7565540276512385,1.0638120569246137,0.009363053322886117,0.009986045770347118
10,waypoint_36,0.0,0.2632395638957752,-0.7565540276512385,1.0638120569246137,369.2321479320526,0.0
11,waypoint_36,0.0,0.2632395638957752,-0.7565540276512385,1.0638120569246137,308.6562752723694,0.0
12,waypoint_36,0.0,0.2632395638957752,-0.7565540276512385,1.0638120569246137,350.0092327594757,0.0
13,waypoint_36,0.0,0.2632395638957752,-0.7565540276512385,1.0638120569246137,338.5726809501648,0.0
14,waypoint_36,0.0,0.2632395638957752,-0.7565540276512385,1.0638120569246137,381.3666105270386,0.0
0,waypoint_36,-15.0,0.2632395638957752,-0.7565540276512385,1.0638120569246137,260.3569030761719,0.0
1,waypoint_36,-15.0,0.2632395638957752,-0.7565540276512385,1.0638120569246137,208.13481509685516,0.0
2,waypoint_36,-15.0,0.2632395638957752,-0.7565540276512385,1.0638120569246137,251.16407871246338,0.0
3,waypoint_36,-15.0,0.2632395638957752,-0.7565540276512385,1.0638120569246137,63.907116651535034,0.0
4,waypoint_36,-15.0,0.2632395638957752,-0.7565540276512385,1.0638120569246137,0.007073893812048482,0.03369629755616188
5,waypoint_36,-15.0,0.2632395638957752,-0.7565540276512385,1.0638120569246137,0.004910786174150417,0.02790662832558155
6,waypoint_36,-15.0,0.2632395638957752,-0.7565540276512385,1.0638120569246137,0.004153977442911128,0.019432777538895607
7,waypoint_36,-15.0,0.2632395638957752,-0.7565540276512385,1.0638120569246137,226.95858776569366,0.0
8,waypoint_36,-15.0,0.2632395638957752,-0.7565540276512385,1.0638120569246137,0.02307531212863978,0.0011947490274906158
9,waypoint_36,-15.0,0.2632395638957752,-0.7565540276512385,1.0638120569246137,0.004324521341914078,0.010027718730270863
10,waypoint_36,-15.0,0.2632395638957752,-0.7565540276512385,1.0638120569246137,385.4150176048279,0.0
11,waypoint_36,-15.0,0.2632395638957752,-0.7565540276512385,1.0638120569246137,322.2759962081909,0.0
12,waypoint_36,-15.0,0.2632395638957752,-0.7565540276512385,1.0638120569246137,376.4480650424957,0.0
13,waypoint_36,-15.0,0.2632395638957752,-0.7565540276512385,1.0638120569246137,336.08609437942505,0.0
14,waypoint_36,-15.0,0.2632395638957752,-0.7565540276512385,1.0638120569246137,403.0132591724396,0.0
0,waypoint_36,-30.0,0.2632395638957752,-0.7565540276512385,1.0638120569246137,178.87213826179504,0.0
1,waypoint_36,-30.0,0.2632395638957752,-0.7565540276512385,1.0638120569246137,160.77351570129395,0.0
2,waypoint_36,-30.0,0.2632395638957752,-0.7565540276512385,1.0638120569246137,8.360888808965683,0.0
3,waypoint_36,-30.0,0.2632395638957752,-0.7565540276512385,1.0638120569246137,119.34606730937958,0.0
4,waypoint_36,-30.0,0.2632395638957752,-0.7565540276512385,1.0638120569246137,0.0035708108043763787,0.03609803318977356
5,waypoint_36,-30.0,0.2632395638957752,-0.7565540276512385,1.0638120569246137,0.005436780156742316,0.02837764285504818
6,waypoint_36,-30.0,0.2632395638957752,-0.7565540276512385,1.0638120569246137,0.004795489076059312,0.01940096914768219
7,waypoint_36,-30.0,0.2632395638957752,-0.7565540276512385,1.0638120569246137,259.38257575035095,0.0
8,waypoint_36,-30.0,0.2632395638957752,-0.7565540276512385,1.0638120569246137,0.004886127044301247,0.0019825727213174105
9,waypoint_36,-30.0,0.2632395638957752,-0.7565540276512385,1.0638120569246137,0.0036334397464088397,0.009382203221321106
10,waypoint_36,-30.0,0.2632395638957752,-0.7565540276512385,1.0638120569246137,391.1782503128052,0.0
11,waypoint_36,-30.0,0.2632395638957752,-0.7565540276512385,1.0638120569246137,329.21913266181946,0.0
12,waypoint_36,-30.0,0.2632395638957752,-0.7565540276512385,1.0638120569246137,392.876535654068,0.0
13,waypoint_36,-30.0,0.2632395638957752,-0.7565540276512385,1.0638120569246137,313.8793408870697,0.0
14,waypoint_36,-30.0,0.2632395638957752,-0.7565540276512385,1.0638120569246137,441.99076294898987,0.0
0,waypoint_37,-30.0,0.28323956389577537,-0.7565540276512385,1.0638120569246137,196.3283121585846,0.0
1,waypoint_37,-30.0,0.28323956389577537,-0.7565540276512385,1.0638120569246137,117.42445826530457,0.0
2,waypoint_37,-30.0,0.28323956389577537,-0.7565540276512385,1.0638120569246137,97.23955392837524,0.0
3,waypoint_37,-30.0,0.28323956389577537,-0.7565540276512385,1.0638120569246137,95.80020606517792,0.0
4,waypoint_37,-30.0,0.28323956389577537,-0.7565540276512385,1.0638120569246137,0.8684109780006111,0.03716561198234558
5,waypoint_37,-30.0,0.28323956389577537,-0.7565540276512385,1.0638120569246137,0.9293752373196185,0.03020208142697811
6,waypoint_37,-30.0,0.28323956389577537,-0.7565540276512385,1.0638120569246137,0.9445627802051604,0.021271253004670143
7,waypoint_37,-30.0,0.28323956389577537,-0.7565540276512385,1.0638120569246137,248.1353133916855,0.0
8,waypoint_37,-30.0,0.28323956389577537,-0.7565540276512385,1.0638120569246137,1.3340589357540011,0.003628611797466874
9,waypoint_37,-30.0,0.28323956389577537,-0.7565540276512385,1.0638120569246137,0.9593949653208256,0.007083048112690449
10,waypoint_37,-30.0,0.28323956389577537,-0.7565540276512385,1.0638120569246137,391.70005917549133,0.0
11,waypoint_37,-30.0,0.28323956389577537,-0.7565540276512385,1.0638120569246137,331.9239616394043,0.0
12,waypoint_37,-30.0,0.28323956389577537,-0.7565540276512385,1.0638120569246137,388.8987600803375,0.0
13,waypoint_37,-30.0,0.28323956389577537,-0.7565540276512385,1.0638120569246137,310.7524514198303,0.0
14,waypoint_37,-30.0,0.28323956389577537,-0.7565540276512385,1.0638120569246137,430.68039417266846,0.0
0,waypoint_37,-15.0,0.28323956389577537,-0.7565540276512385,1.0638120569246137,179.6967089176178,0.0
1,waypoint_37,-15.0,0.28323956389577537,-0.7565540276512385,1.0638120569246137,137.68646121025085,0.0
2,waypoint_37,-15.0,0.28323956389577537,-0.7565540276512385,1.0638120569246137,64.81527537107468,0.0
3,waypoint_37,-15.0,0.28323956389577537,-0.7565540276512385,1.0638120569246137,79.34312522411346,0.0
4,waypoint_37,-15.0,0.28323956389577537,-0.7565540276512385,1.0638120569246137,4.694456700235605,0.0
5,waypoint_37,-15.0,0.28323956389577537,-0.7565540276512385,1.0638120569246137,5.207096692174673,0.0
6,waypoint_37,-15.0,0.28323956389577537,-0.7565540276512385,1.0638120569246137,6.583848502486944,0.0
7,waypoint_37,-15.0,0.28323956389577537,-0.7565540276512385,1.0638120569246137,241.13354086875916,0.0
8,waypoint_37,-15.0,0.28323956389577537,-0.7565540276512385,1.0638120569246137,11.408398859202862,0.0
9,waypoint_37,-15.0,0.28323956389577537,-0.7565540276512385,1.0638120569246137,16.618506982922554,0.0
10,waypoint_37,-15.0,0.28323956389577537,-0.7565540276512385,1.0638120569246137,390.52706956863403,0.0
11,waypoint_37,-15.0,0.28323956389577537,-0.7565540276512385,1.0638120569246137,330.83364367485046,0.0
12,waypoint_37,-15.0,0.28323956389577537,-0.7565540276512385,1.0638120569246137,385.44538617134094,0.0
13,waypoint_37,-15.0,0.28323956389577537,-0.7565540276512385,1.0638120569246137,311.400443315506,0.0
14,waypoint_37,-15.0,0.28323956389577537,-0.7565540276512385,1.0638120569246137,429.95485663414,0.0
0,waypoint_37,0.0,0.28323956389577537,-0.7565540276512385,1.0638120569246137,230.47710955142975,0.0
1,waypoint_37,0.0,0.28323956389577537,-0.7565540276512385,1.0638120569246137,144.94311809539795,0.0
2,waypoint_37,0.0,0.28323956389577537,-0.7565540276512385,1.0638120569246137,265.7744288444519,0.0
3,waypoint_37,0.0,0.28323956389577537,-0.7565540276512385,1.0638120569246137,7.76542816311121,0.0
4,waypoint_37,0.0,0.28323956389577537,-0.7565540276512385,1.0638120569246137,0.3351485647726804,0.02847432531416416
5,waypoint_37,0.0,0.28323956389577537,-0.7565540276512385,1.0638120569246137,0.39675389416515827,0.02751406840980053
6,waypoint_37,0.0,0.28323956389577537,-0.7565540276512385,1.0638120569246137,0.4288711934350431,0.02053927630186081
7,waypoint_37,0.0,0.28323956389577537,-0.7565540276512385,1.0638120569246137,175.8396029472351,0.0
8,waypoint_37,0.0,0.28323956389577537,-0.7565540276512385,1.0638120569246137,0.6642868975177407,0.0020742646884173155
9,waypoint_37,0.0,0.28323956389577537,-0.7565540276512385,1.0638120569246137,1.0421921033412218,0.008073825389146805
10,waypoint_37,0.0,0.28323956389577537,-0.7565540276512385,1.0638120569246137,374.8435974121094,0.0
11,waypoint_37,0.0,0.28323956389577537,-0.7565540276512385,1.0638120569246137,313.79857659339905,0.0
12,waypoint_37,0.0,0.28323956389577537,-0.7565540276512385,1.0638120569246137,347.01454639434814,0.0
13,waypoint_37,0.0,0.28323956389577537,-0.7565540276512385,1.0638120569246137,311.98832392692566,0.0
14,waypoint_37,0.0,0.28323956389577537,-0.7565540276512385,1.0638120569246137,398.78374338150024,0.0
0,waypoint_37,15.0,0.28323956389577537,-0.7565540276512385,1.0638120569246137,207.60202407836914,0.0
1,waypoint_37,15.0,0.28323956389577537,-0.7565540276512385,1.0638120569246137,158.25915336608887,0.0
2,waypoint_37,15.0,0.28323956389577537,-0.7565540276512385,1.0638120569246137,233.2575023174286,0.0
3,waypoint_37,15.0,0.28323956389577537,-0.7565540276512385,1.0638120569246137,13.106808066368103,0.0
4,waypoint_37,15.0,0.28323956389577537,-0.7565540276512385,1.0638120569246137,6.83442410081625,0.0
5,waypoint_37,15.0,0.28323956389577537,-0.7565540276512385,1.0638120569246137,6.883876398205757,0.0
6,waypoint_37,15.0,0.28323956389577537,-0.7565540276512385,1.0638120569246137,7.7436198480427265,0.0
7,waypoint_37,15.0,0.28323956389577537,-0.7565540276512385,1.0638120569246137,166.07443988323212,0.0
8,waypoint_37,15.0,0.28323956389577537,-0.7565540276512385,1.0638120569246137,3.345077857375145,0.0
9,waypoint_37,15.0,0.28323956389577537,-0.7565540276512385,1.0638120569246137,15.917021781206131,0.0
10,waypoint_37,15.0,0.28323956389577537,-0.7565540276512385,1.0638120569246137,369.7909712791443,0.0
11,waypoint_37,15.0,0.28323956389577537,-0.7565540276512385,1.0638120569246137,310.3129267692566,0.0
12,waypoint_37,15.0,0.28323956389577537,-0.7565540276512385,1.0638120569246137,340.74583649635315,0.0
13,waypoint_37,15.0,0.28323956389577537,-0.7565540276512385,1.0638120569246137,310.35420298576355,0.0
14,waypoint_37,15.0,0.28323956389577537,-0.7565540276512385,1.0638120569246137,392.0190930366516,0.0
0,waypoint_37,30.0,0.28323956389577537,-0.7565540276512385,1.0638120569246137,306.7953288555145,0.0
1,waypoint_37,30.0,0.28323956389577537,-0.7565540276512385,1.0638120569246137,273.9068567752838,0.0
2,waypoint_37,30.0,0.28323956389577537,-0.7565540276512385,1.0638120569246137,260.0126266479492,0.0
3,waypoint_37,30.0,0.28323956389577537,-0.7565540276512385,1.0638120569246137,205.85955679416656,0.0
4,waypoint_37,30.0,0.28323956389577537,-0.7565540276512385,1.0638120569246137,17.924588173627853,0.0
5,waypoint_37,30.0,0.28323956389577537,-0.7565540276512385,1.0638120569246137,0.005228927875577938,0.018870927393436432
6,waypoint_37,30.0,0.28323956389577537,-0.7565540276512385,1.0638120569246137,0.0030510650503856596,0.01727360673248768
7,waypoint_37,30.0,0.28323956389577537,-0.7565540276512385,1.0638120569246137,93.62854808568954,0.0
8,waypoint_37,30.0,0.28323956389577537,-0.7565540276512385,1.0638120569246137,0.01827601772674825,0.0030161128379404545
9,waypoint_37,30.0,0.28323956389577537,-0.7565540276512385,1.0638120569246137,0.022819784135208465,0.004714826121926308
10,waypoint_37,30.0,0.28323956389577537,-0.7565540276512385,1.0638120569246137,337.316632270813,0.0
11,waypoint_37,30.0,0.28323956389577537,-0.7565540276512385,1.0638120569246137,280.9273302555084,0.0
12,waypoint_37,30.0,0.28323956389577537,-0.7565540276512385,1.0638120569246137,295.34465074539185,0.0
13,waypoint_37,30.0,0.28323956389577537,-0.7565540276512385,1.0638120569246137,301.86474323272705,0.0
14,waypoint_37,30.0,0.28323956389577537,-0.7565540276512385,1.0638120569246137,354.04133796691895,0.0
0,waypoint_38,30.0,0.30323956389577517,-0.7565540276512385,1.0638120569246137,327.3010849952698,0.0
1,waypoint_38,30.0,0.30323956389577517,-0.7565540276512385,1.0638120569246137,295.2270805835724,0.0
2,waypoint_38,30.0,0.30323956389577517,-0.7565540276512385,1.0638120569246137,295.55994272232056,0.0
3,waypoint_38,30.0,0.30323956389577517,-0.7565540276512385,1.0638120569246137,279.371440410614,0.0
4,waypoint_38,30.0,0.30323956389577517,-0.7565540276512385,1.0638120569246137,214.81214463710785,0.0
5,waypoint_38,30.0,0.30323956389577517,-0.7565540276512385,1.0638120569246137,0.011086463928222656,0.01773066818714142
6,waypoint_38,30.0,0.30323956389577517,-0.7565540276512385,1.0638120569246137,0.009159015462500975,0.018189378082752228
7,waypoint_38,30.0,0.30323956389577517,-0.7565540276512385,1.0638120569246137,80.93955367803574,0.0
8,waypoint_38,30.0,0.30323956389577517,-0.7565540276512385,1.0638120569246137,0.011584787898755167,0.0043922364711761475
9,waypoint_38,30.0,0.30323956389577517,-0.7565540276512385,1.0638120569246137,0.010501248652872164,0.003555286442860961
10,waypoint_38,30.0,0.30323956389577517,-0.7565540276512385,1.0638120569246137,342.56863594055176,0.0
11,waypoint_38,30.0,0.30323956389577517,-0.7565540276512385,1.0638120569246137,289.8375988006592,0.0
12,waypoint_38,30.0,0.30323956389577517,-0.7565540276512385,1.0638120569246137,294.1459119319916,0.0
13,waypoint_38,30.0,0.30323956389577517,-0.7565540276512385,1.0638120569246137,305.1564693450928,0.0
14,waypoint_38,30.0,0.30323956389577517,-0.7565540276512385,1.0638120569246137,350.2046763896942,0.0
0,waypoint_38,15.0,0.30323956389577517,-0.7565540276512385,1.0638120569246137,298.12490940093994,0.0
1,waypoint_38,15.0,0.30323956389577517,-0.7565540276512385,1.0638120569246137,332.62506127357483,0.0
2,waypoint_38,15.0,0.30323956389577517,-0.7565540276512385,1.0638120569246137,249.46169555187225,0.0
3,waypoint_38,15.0,0.30323956389577517,-0.7565540276512385,1.0638120569246137,239.46979641914368,0.0
4,waypoint_38,15.0,0.30323956389577517,-0.7565540276512385,1.0638120569246137,176.91105604171753,0.0
5,waypoint_38,15.0,0.30323956389577517,-0.7565540276512385,1.0638120569246137,0.0025678466499812203,0.024318668991327286
6,waypoint_38,15.0,0.30323956389577517,-0.7565540276512385,1.0638120569246137,0.0041023413359653205,0.020531121641397476
7,waypoint_38,15.0,0.30323956389577517,-0.7565540276512385,1.0638120569246137,120.33388018608093,0.0
8,waypoint_38,15.0,0.30323956389577517,-0.7565540276512385,1.0638120569246137,0.0025484034722467186,0.0039047845639288425
9,waypoint_38,15.0,0.30323956389577517,-0.7565540276512385,1.0638120569246137,0.01570715357956942,0.005499895196408033
10,waypoint_38,15.0,0.30323956389577517,-0.7565540276512385,1.0638120569246137,362.4260425567627,0.0
11,waypoint_38,15.0,0.30323956389577517,-0.7565540276512385,1.0638120569246137,304.40935492515564,0.0
12,waypoint_38,15.0,0.30323956389577517,-0.7565540276512385,1.0638120569246137,322.6165473461151,0.0
13,waypoint_38,15.0,0.30323956389577517,-0.7565540276512385,1.0638120569246137,310.2791905403137,0.0
14,waypoint_38,15.0,0.30323956389577517,-0.7565540276512385,1.0638120569246137,353.63948345184326,0.0
0,waypoint_38,0.0,0.30323956389577517,-0.7565540276512385,1.0638120569246137,292.8867042064667,0.0
1,waypoint_38,0.0,0.30323956389577517,-0.7565540276512385,1.0638120569246137,257.5703263282776,0.0
2,waypoint_38,0.0,0.30323956389577517,-0.7565540276512385,1.0638120569246137,234.35087502002716,0.0
3,waypoint_38,0.0,0.30323956389577517,-0.7565540276512385,1.0638120569246137,250.84060430526733,0.0
4,waypoint_38,0.0,0.30323956389577517,-0.7565540276512385,1.0638120569246137,68.02474707365036,0.0
5,waypoint_38,0.0,0.30323956389577517,-0.7565540276512385,1.0638120569246137,0.0043978375288133975,0.02841331996023655
6,waypoint_38,0.0,0.30323956389577517,-0.7565540276512385,1.0638120569246137,0.004300734417483909,0.02213328331708908
7,waypoint_38,0.0,0.30323956389577517,-0.7565540276512385,1.0638120569246137,164.1719490289688,0.0
8,waypoint_38,0.0,0.30323956389577517,-0.7565540276512385,1.0638120569246137,0.006126243988546776,0.004057996906340122
9,waypoint_38,0.0,0.30323956389577517,-0.7565540276512385,1.0638120569246137,0.005266838343231939,0.006001823581755161
10,waypoint_38,0.0,0.30323956389577517,-0.7565540276512385,1.0638120569246137,374.42779541015625,0.0
11,waypoint_38,0.0,0.30323956389577517,-0.7565540276512385,1.0638120569246137,319.76065039634705,0.0
12,waypoint_38,0.0,0.30323956389577517,-0.7565540276512385,1.0638120569246137,345.8763659000397,0.0
13,waypoint_38,0.0,0.30323956389577517,-0.7565540276512385,1.0638120569246137,316.50033593177795,0.0
14,waypoint_38,0.0,0.30323956389577517,-0.7565540276512385,1.0638120569246137,375.7402002811432,0.0
0,waypoint_38,-15.0,0.30323956389577517,-0.7565540276512385,1.0638120569246137,247.22111225128174,0.0
1,waypoint_38,-15.0,0.30323956389577517,-0.7565540276512385,1.0638120569246137,224.12875294685364,0.0
2,waypoint_38,-15.0,0.30323956389577517,-0.7565540276512385,1.0638120569246137,256.6342055797577,0.0
3,waypoint_38,-15.0,0.30323956389577517,-0.7565540276512385,1.0638120569246137,262.76761293411255,0.0
4,waypoint_38,-15.0,0.30323956389577517,-0.7565540276512385,1.0638120569246137,108.95571112632751,0.0
5,waypoint_38,-15.0,0.30323956389577517,-0.7565540276512385,1.0638120569246137,0.003996623490820639,0.030780160799622536
6,waypoint_38,-15.0,0.30323956389577517,-0.7565540276512385,1.0638120569246137,0.004808805897482671,0.02294512465596199
7,waypoint_38,-15.0,0.30323956389577517,-0.7565540276512385,1.0638120569246137,203.8545310497284,0.0
8,waypoint_38,-15.0,0.30323956389577517,-0.7565540276512385,1.0638120569246137,0.0040810687096382026,0.004654197953641415
9,waypoint_38,-15.0,0.30323956389577517,-0.7565540276512385,1.0638120569246137,0.003380166845090571,0.005746161565184593
10,waypoint_38,-15.0,0.30323956389577517,-0.7565540276512385,1.0638120569246137,389.55485820770264,0.0
11,waypoint_38,-15.0,0.30323956389577517,-0.7565540276512385,1.0638120569246137,331.2499523162842,0.0
12,waypoint_38,-15.0,0.30323956389577517,-0.7565540276512385,1.0638120569246137,371.5132176876068,0.0
13,waypoint_38,-15.0,0.30323956389577517,-0.7565540276512385,1.0638120569246137,316.7588412761688,0.0
14,waypoint_38,-15.0,0.30323956389577517,-0.7565540276512385,1.0638120569246137,399.61910247802734,0.0
0,waypoint_38,-30.0,0.30323956389577517,-0.7565540276512385,1.0638120569246137,208.36611092090607,0.0
1,waypoint_38,-30.0,0.30323956389577517,-0.7565540276512385,1.0638120569246137,149.48850870132446,0.0
2,waypoint_38,-30.0,0.30323956389577517,-0.7565540276512385,1.0638120569246137,132.83535838127136,0.0
3,waypoint_38,-30.0,0.30323956389577517,-0.7565540276512385,1.0638120569246137,0.012241464901308063,0.03133340924978256
4,waypoint_38,-30.0,0.30323956389577517,-0.7565540276512385,1.0638120569246137,173.94953966140747,0.0
5,waypoint_38,-30.0,0.30323956389577517,-0.7565540276512385,1.0638120569246137,0.004548736797005404,0.031800851225852966
6,waypoint_38,-30.0,0.30323956389577517,-0.7565540276512385,1.0638120569246137,0.0066763191171048675,0.022988809272646904
7,waypoint_38,-30.0,0.30323956389577517,-0.7565540276512385,1.0638120569246137,238.28570544719696,0.0
8,waypoint_38,-30.0,0.30323956389577517,-0.7565540276512385,1.0638120569246137,0.005885185146325966,0.0053032273426651955
9,waypoint_38,-30.0,0.30323956389577517,-0.7565540276512385,1.0638120569246137,0.002314625817234628,0.005076918285340071
10,waypoint_38,-30.0,0.30323956389577517,-0.7565540276512385,1.0638120569246137,391.94875955581665,0.0
11,waypoint_38,-30.0,0.30323956389577517,-0.7565540276512385,1.0638120569246137,336.6439640522003,0.0
12,waypoint_38,-30.0,0.30323956389577517,-0.7565540276512385,1.0638120569246137,386.697918176651,0.0
13,waypoint_38,-30.0,0.30323956389577517,-0.7565540276512385,1.0638120569246137,307.4054718017578,0.0
14,waypoint_38,-30.0,0.30323956389577517,-0.7565540276512385,1.0638120569246137,419.57083344459534,0.0
0,waypoint_39,-30.0,0.3232395638957754,-0.7565540276512385,1.0638120569246137,223.80362451076508,0.0
1,waypoint_39,-30.0,0.3232395638957754,-0.7565540276512385,1.0638120569246137,157.98820555210114,0.0
2,waypoint_39,-30.0,0.3232395638957754,-0.7565540276512385,1.0638120569246137,192.31624901294708,0.0
3,waypoint_39,-30.0,0.3232395638957754,-0.7565540276512385,1.0638120569246137,0.01019640239974251,0.025393439456820488
4,waypoint_39,-30.0,0.3232395638957754,-0.7565540276512385,1.0638120569246137,158.15460681915283,0.0
5,waypoint_39,-30.0,0.3232395638957754,-0.7565540276512385,1.0638120569246137,0.011954854926443659,0.03338557854294777
6,waypoint_39,-30.0,0.3232395638957754,-0.7565540276512385,1.0638120569246137,0.00980727327259956,0.024795111268758774
7,waypoint_39,-30.0,0.3232395638957754,-0.7565540276512385,1.0638120569246137,230.08103668689728,0.0
8,waypoint_39,-30.0,0.3232395638957754,-0.7565540276512385,1.0638120569246137,0.011059231837862171,0.0070899734273552895
9,waypoint_39,-30.0,0.3232395638957754,-0.7565540276512385,1.0638120569246137,0.009761341061675921,0.0030865943990647793
10,waypoint_39,-30.0,0.3232395638957754,-0.7565540276512385,1.0638120569246137,393.8787281513214,0.0
11,waypoint_39,-30.0,0.3232395638957754,-0.7565540276512385,1.0638120569246137,342.27654337882996,0.0
12,waypoint_39,-30.0,0.3232395638957754,-0.7565540276512385,1.0638120569246137,382.21338391304016,0.0
13,waypoint_39,-30.0,0.3232395638957754,-0.7565540276512385,1.0638120569246137,305.7994246482849,0.0
14,waypoint_39,-30.0,0.3232395638957754,-0.7565540276512385,1.0638120569246137,407.758891582489,0.0
0,waypoint_39,-15.0,0.3232395638957754,-0.7565540276512385,1.0638120569246137,237.4170869588852,0.0
1,waypoint_39,-15.0,0.3232395638957754,-0.7565540276512385,1.0638120569246137,151.2574553489685,0.0
2,waypoint_39,-15.0,0.3232395638957754,-0.7565540276512385,1.0638120569246137,260.81717014312744,0.0
3,waypoint_39,-15.0,0.3232395638957754,-0.7565540276512385,1.0638120569246137,5.767770577222109,0.0
4,waypoint_39,-15.0,0.3232395638957754,-0.7565540276512385,1.0638120569246137,101.89277678728104,0.0
5,waypoint_39,-15.0,0.3232395638957754,-0.7565540276512385,1.0638120569246137,0.006565174771822058,0.031989242881536484
6,waypoint_39,-15.0,0.3232395638957754,-0.7565540276512385,1.0638120569246137,0.004656129931390751,0.024654245004057884
7,waypoint_39,-15.0,0.3232395638957754,-0.7565540276512385,1.0638120569246137,195.0271874666214,0.0
8,waypoint_39,-15.0,0.3232395638957754,-0.7565540276512385,1.0638120569246137,0.004505673587118508,0.006573148537427187
9,waypoint_39,-15.0,0.3232395638957754,-0.7565540276512385,1.0638120569246137,0.002396076979493955,0.0036568199284374714
10,waypoint_39,-15.0,0.3232395638957754,-0.7565540276512385,1.0638120569246137,391.14612340927124,0.0
11,waypoint_39,-15.0,0.3232395638957754,-0.7565540276512385,1.0638120569246137,338.50064873695374,0.0
12,waypoint_39,-15.0,0.3232395638957754,-0.7565540276512385,1.0638120569246137,369.5295453071594,0.0
13,waypoint_39,-15.0,0.3232395638957754,-0.7565540276512385,1.0638120569246137,306.621789932251,0.0
14,waypoint_39,-15.0,0.3232395638957754,-0.7565540276512385,1.0638120569246137,396.9241678714752,0.0
0,waypoint_39,0.0,0.3232395638957754,-0.7565540276512385,1.0638120569246137,248.31293523311615,0.0
1,waypoint_39,0.0,0.3232395638957754,-0.7565540276512385,1.0638120569246137,241.90819263458252,0.0
2,waypoint_39,0.0,0.3232395638957754,-0.7565540276512385,1.0638120569246137,270.71675658226013,0.0
3,waypoint_39,0.0,0.3232395638957754,-0.7565540276512385,1.0638120569246137,252.477765083313,0.0
4,waypoint_39,0.0,0.3232395638957754,-0.7565540276512385,1.0638120569246137,50.12647062540054,0.0
5,waypoint_39,0.0,0.3232395638957754,-0.7565540276512385,1.0638120569246137,0.003055573870369699,0.029060212895274162
6,waypoint_39,0.0,0.3232395638957754,-0.7565540276512385,1.0638120569246137,0.004445343620318454,0.02365761250257492
7,waypoint_39,0.0,0.3232395638957754,-0.7565540276512385,1.0638120569246137,154.84151244163513,0.0
8,waypoint_39,0.0,0.3232395638957754,-0.7565540276512385,1.0638120569246137,0.005111511200084351,0.006015543360263109
9,waypoint_39,0.0,0.3232395638957754,-0.7565540276512385,1.0638120569246137,0.0029224515856185462,0.0039762775413692
10,waypoint_39,0.0,0.3232395638957754,-0.7565540276512385,1.0638120569246137,376.80187821388245,0.0
11,waypoint_39,0.0,0.3232395638957754,-0.7565540276512385,1.0638120569246137,328.61289381980896,0.0
12,waypoint_39,0.0,0.3232395638957754,-0.7565540276512385,1.0638120569246137,345.2262282371521,0.0
13,waypoint_39,0.0,0.3232395638957754,-0.7565540276512385,1.0638120569246137,308.6267411708832,0.0
14,waypoint_39,0.0,0.3232395638957754,-0.7565540276512385,1.0638120569246137,372.7042078971863,0.0
0,waypoint_39,15.0,0.3232395638957754,-0.7565540276512385,1.0638120569246137,334.232360124588,0.0
1,waypoint_39,15.0,0.3232395638957754,-0.7565540276512385,1.0638120569246137,281.6261351108551,0.0
2,waypoint_39,15.0,0.3232395638957754,-0.7565540276512385,1.0638120569246137,282.5281023979187,0.0
3,waypoint_39,15.0,0.3232395638957754,-0.7565540276512385,1.0638120569246137,243.74070763587952,0.0
4,waypoint_39,15.0,0.3232395638957754,-0.7565540276512385,1.0638120569246137,5.739049520343542,0.0
5,waypoint_39,15.0,0.3232395638957754,-0.7565540276512385,1.0638120569246137,0.003960906724387314,0.024051247164607048
6,waypoint_39,15.0,0.3232395638957754,-0.7565540276512385,1.0638120569246137,0.0024978896817628993,0.02173670567572117
7,waypoint_39,15.0,0.3232395638957754,-0.7565540276512385,1.0638120569246137,110.52736639976501,0.0
8,waypoint_39,15.0,0.3232395638957754,-0.7565540276512385,1.0638120569246137,0.0036079277379030827,0.005731439217925072
9,waypoint_39,15.0,0.3232395638957754,-0.7565540276512385,1.0638120569246137,0.003662655672087567,0.003743579378351569
10,waypoint_39,15.0,0.3232395638957754,-0.7565540276512385,1.0638120569246137,363.07069659233093,0.0
11,waypoint_39,15.0,0.3232395638957754,-0.7565540276512385,1.0638120569246137,314.5146071910858,0.0
12,waypoint_39,15.0,0.3232395638957754,-0.7565540276512385,1.0638120569246137,321.51830196380615,0.0
13,waypoint_39,15.0,0.3232395638957754,-0.7565540276512385,1.0638120569246137,304.4637143611908,0.0
14,waypoint_39,15.0,0.3232395638957754,-0.7565540276512385,1.0638120569246137,350.66160559654236,0.0
0,waypoint_39,30.0,0.3232395638957754,-0.7565540276512385,1.0638120569246137,346.9699025154114,0.0
1,waypoint_39,30.0,0.3232395638957754,-0.7565540276512385,1.0638120569246137,297.89599776268005,0.0
2,waypoint_39,30.0,0.3232395638957754,-0.7565540276512385,1.0638120569246137,343.889981508255,0.0
3,waypoint_39,30.0,0.3232395638957754,-0.7565540276512385,1.0638120569246137,290.8324599266052,0.0
4,waypoint_39,30.0,0.3232395638957754,-0.7565540276512385,1.0638120569246137,183.98773670196533,0.0
5,waypoint_39,30.0,0.3232395638957754,-0.7565540276512385,1.0638120569246137,0.0033463641102571273,0.015545486472547054
6,waypoint_39,30.0,0.3232395638957754,-0.7565540276512385,1.0638120569246137,0.0024379683054576162,0.01888062246143818
7,waypoint_39,30.0,0.3232395638957754,-0.7565540276512385,1.0638120569246137,72.34825193881989,0.0
8,waypoint_39,30.0,0.3232395638957754,-0.7565540276512385,1.0638120569246137,0.003473473043413833,0.005936482455581427
9,waypoint_39,30.0,0.3232395638957754,-0.7565540276512385,1.0638120569246137,33.54756906628609,0.0
10,waypoint_39,30.0,0.3232395638957754,-0.7565540276512385,1.0638120569246137,343.85326504707336,0.0
11,waypoint_39,30.0,0.3232395638957754,-0.7565540276512385,1.0638120569246137,300.68105459213257,0.0
12,waypoint_39,30.0,0.3232395638957754,-0.7565540276512385,1.0638120569246137,293.5486435890198,0.0
13,waypoint_39,30.0,0.3232395638957754,-0.7565540276512385,1.0638120569246137,298.0071008205414,0.0
14,waypoint_39,30.0,0.3232395638957754,-0.7565540276512385,1.0638120569246137,328.55916023254395,0.0
0,waypoint_40,30.0,0.3432395638957752,-0.7565540276512385,1.0638120569246137,348.5201895236969,0.0
1,waypoint_40,30.0,0.3432395638957752,-0.7565540276512385,1.0638120569246137,321.17047905921936,0.0
2,waypoint_40,30.0,0.3432395638957752,-0.7565540276512385,1.0638120569246137,289.33456540107727,0.0
3,waypoint_40,30.0,0.3432395638957752,-0.7565540276512385,1.0638120569246137,315.5379593372345,0.0
4,waypoint_40,30.0,0.3432395638957752,-0.7565540276512385,1.0638120569246137,284.7850024700165,0.0
5,waypoint_40,30.0,0.3432395638957752,-0.7565540276512385,1.0638120569246137,0.008818265087029431,0.011407602578401566
6,waypoint_40,30.0,0.3432395638957752,-0.7565540276512385,1.0638120569246137,0.010280376045557205,0.01928733102977276
7,waypoint_40,30.0,0.3432395638957752,-0.7565540276512385,1.0638120569246137,69.2790076136589,0.0
8,waypoint_40,30.0,0.3432395638957752,-0.7565540276512385,1.0638120569246137,0.010869679499592166,0.007522519212216139
9,waypoint_40,30.0,0.3432395638957752,-0.7565540276512385,1.0638120569246137,149.65760707855225,0.0
10,waypoint_40,30.0,0.3432395638957752,-0.7565540276512385,1.0638120569246137,351.79421305656433,0.0
11,waypoint_40,30.0,0.3432395638957752,-0.7565540276512385,1.0638120569246137,311.47825717926025,0.0
12,waypoint_40,30.0,0.3432395638957752,-0.7565540276512385,1.0638120569246137,296.7613637447357,0.0
13,waypoint_40,30.0,0.3432395638957752,-0.7565540276512385,1.0638120569246137,302.889347076416,0.0
14,waypoint_40,30.0,0.3432395638957752,-0.7565540276512385,1.0638120569246137,320.63183188438416,0.0
0,waypoint_40,15.0,0.3432395638957752,-0.7565540276512385,1.0638120569246137,306.43850564956665,0.0
1,waypoint_40,15.0,0.3432395638957752,-0.7565540276512385,1.0638120569246137,263.174444437027,0.0
2,waypoint_40,15.0,0.3432395638957752,-0.7565540276512385,1.0638120569246137,230.47438263893127,0.0
3,waypoint_40,15.0,0.3432395638957752,-0.7565540276512385,1.0638120569246137,261.35995984077454,0.0
4,waypoint_40,15.0,0.3432395638957752,-0.7565540276512385,1.0638120569246137,175.9548783302307,0.0
5,waypoint_40,15.0,0.3432395638957752,-0.7565540276512385,1.0638120569246137,0.002910269586209324,0.02316788211464882
6,waypoint_40,15.0,0.3432395638957752,-0.7565540276512385,1.0638120569246137,0.004481956239033025,0.022769300267100334
7,waypoint_40,15.0,0.3432395638957752,-0.7565540276512385,1.0638120569246137,104.44922000169754,0.0
8,waypoint_40,15.0,0.3432395638957752,-0.7565540276512385,1.0638120569246137,0.0034467773275537184,0.007556968368589878
9,waypoint_40,15.0,0.3432395638957752,-0.7565540276512385,1.0638120569246137,0.017159927665488794,0.0019970028661191463
10,waypoint_40,15.0,0.3432395638957752,-0.7565540276512385,1.0638120569246137,368.7523901462555,0.0
11,waypoint_40,15.0,0.3432395638957752,-0.7565540276512385,1.0638120569246137,323.05243611335754,0.0
12,waypoint_40,15.0,0.3432395638957752,-0.7565540276512385,1.0638120569246137,321.6216564178467,0.0
13,waypoint_40,15.0,0.3432395638957752,-0.7565540276512385,1.0638120569246137,308.779776096344,0.0
14,waypoint_40,15.0,0.3432395638957752,-0.7565540276512385,1.0638120569246137,341.7528569698334,0.0
0,waypoint_40,0.0,0.3432395638957752,-0.7565540276512385,1.0638120569246137,354.8496961593628,0.0
1,waypoint_40,0.0,0.3432395638957752,-0.7565540276512385,1.0638120569246137,303.8721978664398,0.0
2,waypoint_40,0.0,0.3432395638957752,-0.7565540276512385,1.0638120569246137,246.7280626296997,0.0
3,waypoint_40,0.0,0.3432395638957752,-0.7565540276512385,1.0638120569246137,278.1721353530884,0.0
4,waypoint_40,0.0,0.3432395638957752,-0.7565540276512385,1.0638120569246137,232.4853390455246,0.0
5,waypoint_40,0.0,0.3432395638957752,-0.7565540276512385,1.0638120569246137,0.00411746896133991,0.029361533001065254
6,waypoint_40,0.0,0.3432395638957752,-0.7565540276512385,1.0638120569246137,0.003611987267504446,0.025079354643821716
7,waypoint_40,0.0,0.3432395638957752,-0.7565540276512385,1.0638120569246137,148.20300042629242,0.0
8,waypoint_40,0.0,0.3432395638957752,-0.7565540276512385,1.0638120569246137,0.005053405402577482,0.00794581975787878
9,waypoint_40,0.0,0.3432395638957752,-0.7565540276512385,1.0638120569246137,0.007939732313388959,0.0019481510389596224
10,waypoint_40,0.0,0.3432395638957752,-0.7565540276512385,1.0638120569246137,381.53713941574097,0.0
11,waypoint_40,0.0,0.3432395638957752,-0.7565540276512385,1.0638120569246137,337.23801374435425,0.0
12,waypoint_40,0.0,0.3432395638957752,-0.7565540276512385,1.0638120569246137,345.43779492378235,0.0
13,waypoint_40,0.0,0.3432395638957752,-0.7565540276512385,1.0638120569246137,310.97695231437683,0.0
14,waypoint_40,0.0,0.3432395638957752,-0.7565540276512385,1.0638120569246137,362.2077405452728,0.0
0,waypoint_40,-15.0,0.3432395638957752,-0.7565540276512385,1.0638120569246137,275.1184403896332,0.0
1,waypoint_40,-15.0,0.3432395638957752,-0.7565540276512385,1.0638120569246137,286.82807087898254,0.0
2,waypoint_40,-15.0,0.3432395638957752,-0.7565540276512385,1.0638120569246137,223.3535498380661,0.0
3,waypoint_40,-15.0,0.3432395638957752,-0.7565540276512385,1.0638120569246137,164.54052925109863,0.0
4,waypoint_40,-15.0,0.3432395638957752,-0.7565540276512385,1.0638120569246137,1.760602928698063,0.0
5,waypoint_40,-15.0,0.3432395638957752,-0.7565540276512385,1.0638120569246137,0.3376615059096366,0.032997529953718185
6,waypoint_40,-15.0,0.3432395638957752,-0.7565540276512385,1.0638120569246137,0.3423193411435932,0.02632182091474533
7,waypoint_40,-15.0,0.3432395638957752,-0.7565540276512385,1.0638120569246137,188.2147192955017,0.0
8,waypoint_40,-15.0,0.3432395638957752,-0.7565540276512385,1.0638120569246137,0.3074750420637429,0.008474424481391907
9,waypoint_40,-15.0,0.3432395638957752,-0.7565540276512385,1.0638120569246137,0.6141450721770525,0.0016730112256482244
10,waypoint_40,-15.0,0.3432395638957752,-0.7565540276512385,1.0638120569246137,394.59970593452454,0.0
11,waypoint_40,-15.0,0.3432395638957752,-0.7565540276512385,1.0638120569246137,348.03375601768494,0.0
12,waypoint_40,-15.0,0.3432395638957752,-0.7565540276512385,1.0638120569246137,368.92858147621155,0.0
13,waypoint_40,-15.0,0.3432395638957752,-0.7565540276512385,1.0638120569246137,310.625821352005,0.0
14,waypoint_40,-15.0,0.3432395638957752,-0.7565540276512385,1.0638120569246137,386.7383301258087,0.0
0,waypoint_40,-30.0,0.3432395638957752,-0.7565540276512385,1.0638120569246137,257.44977593421936,0.0
1,waypoint_40,-30.0,0.3432395638957752,-0.7565540276512385,1.0638120569246137,192.74170696735382,0.0
2,waypoint_40,-30.0,0.3432395638957752,-0.7565540276512385,1.0638120569246137,288.8382077217102,0.0
3,waypoint_40,-30.0,0.3432395638957752,-0.7565540276512385,1.0638120569246137,14.209602028131485,0.0
4,waypoint_40,-30.0,0.3432395638957752,-0.7565540276512385,1.0638120569246137,0.4759611329063773,0.03785214200615883
5,waypoint_40,-30.0,0.3432395638957752,-0.7565540276512385,1.0638120569246137,0.4598715458996594,0.03484072536230087
6,waypoint_40,-30.0,0.3432395638957752,-0.7565540276512385,1.0638120569246137,0.4587458970490843,0.026599271222949028
7,waypoint_40,-30.0,0.3432395638957752,-0.7565540276512385,1.0638120569246137,223.49387407302856,0.0
8,waypoint_40,-30.0,0.3432395638957752,-0.7565540276512385,1.0638120569246137,0.4722679150290787,0.008866691961884499
9,waypoint_40,-30.0,0.3432395638957752,-0.7565540276512385,1.0638120569246137,1.0863682255148888,0.001463499153032899
10,waypoint_40,-30.0,0.3432395638957752,-0.7565540276512385,1.0638120569246137,398.4960913658142,0.0
11,waypoint_40,-30.0,0.3432395638957752,-0.7565540276512385,1.0638120569246137,351.49335861206055,0.0
12,waypoint_40,-30.0,0.3432395638957752,-0.7565540276512385,1.0638120569246137,381.78250193595886,0.0
13,waypoint_40,-30.0,0.3432395638957752,-0.7565540276512385,1.0638120569246137,308.7848126888275,0.0
14,waypoint_40,-30.0,0.3432395638957752,-0.7565540276512385,1.0638120569246137,399.80944991111755,0.0
0,waypoint_41,-30.0,0.1632395638957761,-0.7304170035653912,1.056401224630453,136.37565076351166,0.0
1,waypoint_41,-30.0,0.1632395638957761,-0.7304170035653912,1.056401224630453,0.6502737523987889,0.01641988568007946
2,waypoint_41,-30.0,0.1632395638957761,-0.7304170035653912,1.056401224630453,194.5679634809494,0.0
3,waypoint_41,-30.0,0.1632395638957761,-0.7304170035653912,1.056401224630453,279.25413846969604,0.0
4,waypoint_41,-30.0,0.1632395638957761,-0.7304170035653912,1.056401224630453,1.013389672152698,0.027982473373413086
5,waypoint_41,-30.0,0.1632395638957761,-0.7304170035653912,1.056401224630453,1.4404223766177893,0.018845032900571823
6,waypoint_41,-30.0,0.1632395638957761,-0.7304170035653912,1.056401224630453,0.519676657859236,0.010348526760935783
7,waypoint_41,-30.0,0.1632395638957761,-0.7304170035653912,1.056401224630453,343.650758266449,0.0
8,waypoint_41,-30.0,0.1632395638957761,-0.7304170035653912,1.056401224630453,0.35156894591636956,0.009021512232720852
9,waypoint_41,-30.0,0.1632395638957761,-0.7304170035653912,1.056401224630453,0.7875002920627594,0.020667437463998795
10,waypoint_41,-30.0,0.1632395638957761,-0.7304170035653912,1.056401224630453,402.5806784629822,0.0
11,waypoint_41,-30.0,0.1632395638957761,-0.7304170035653912,1.056401224630453,336.78925037384033,0.0
12,waypoint_41,-30.0,0.1632395638957761,-0.7304170035653912,1.056401224630453,449.26396012306213,0.0
13,waypoint_41,-30.0,0.1632395638957761,-0.7304170035653912,1.056401224630453,313.3384883403778,0.0
14,waypoint_41,-30.0,0.1632395638957761,-0.7304170035653912,1.056401224630453,519.7633504867554,0.0
0,waypoint_41,-15.0,0.1632395638957761,-0.7304170035653912,1.056401224630453,97.3363146185875,0.0
1,waypoint_41,-15.0,0.1632395638957761,-0.7304170035653912,1.056401224630453,8.94824042916298,0.0
2,waypoint_41,-15.0,0.1632395638957761,-0.7304170035653912,1.056401224630453,178.80941927433014,0.0
3,waypoint_41,-15.0,0.1632395638957761,-0.7304170035653912,1.056401224630453,270.62317728996277,0.0
4,waypoint_41,-15.0,0.1632395638957761,-0.7304170035653912,1.056401224630453,4.644026514142752,0.0
5,waypoint_41,-15.0,0.1632395638957761,-0.7304170035653912,1.056401224630453,5.872989073395729,0.0
6,waypoint_41,-15.0,0.1632395638957761,-0.7304170035653912,1.056401224630453,9.266003966331482,0.0
7,waypoint_41,-15.0,0.1632395638957761,-0.7304170035653912,1.056401224630453,337.6874029636383,0.0
8,waypoint_41,-15.0,0.1632395638957761,-0.7304170035653912,1.056401224630453,17.060238867998123,0.0
9,waypoint_41,-15.0,0.1632395638957761,-0.7304170035653912,1.056401224630453,18.35695467889309,0.0
10,waypoint_41,-15.0,0.1632395638957761,-0.7304170035653912,1.056401224630453,401.27986669540405,0.0
11,waypoint_41,-15.0,0.1632395638957761,-0.7304170035653912,1.056401224630453,333.59453082084656,0.0
12,waypoint_41,-15.0,0.1632395638957761,-0.7304170035653912,1.056401224630453,443.78674030303955,0.0
13,waypoint_41,-15.0,0.1632395638957761,-0.7304170035653912,1.056401224630453,311.7615580558777,0.0
14,waypoint_41,-15.0,0.1632395638957761,-0.7304170035653912,1.056401224630453,516.447901725769,0.0
0,waypoint_41,0.0,0.1632395638957761,-0.7304170035653912,1.056401224630453,256.470650434494,0.0
1,waypoint_41,0.0,0.1632395638957761,-0.7304170035653912,1.056401224630453,95.66769748926163,0.0
2,waypoint_41,0.0,0.1632395638957761,-0.7304170035653912,1.056401224630453,44.885843992233276,0.0
3,waypoint_41,0.0,0.1632395638957761,-0.7304170035653912,1.056401224630453,148.04910123348236,0.0
4,waypoint_41,0.0,0.1632395638957761,-0.7304170035653912,1.056401224630453,0.45337111805565655,0.02744949236512184
5,waypoint_41,0.0,0.1632395638957761,-0.7304170035653912,1.056401224630453,0.48013406922109425,0.0192530769854784
6,waypoint_41,0.0,0.1632395638957761,-0.7304170035653912,1.056401224630453,0.5050586769357324,0.010113543830811977
7,waypoint_41,0.0,0.1632395638957761,-0.7304170035653912,1.056401224630453,281.281054019928,0.0
8,waypoint_41,0.0,0.1632395638957761,-0.7304170035653912,1.056401224630453,1.060405862517655,0.01014970988035202
9,waypoint_41,0.0,0.1632395638957761,-0.7304170035653912,1.056401224630453,0.7986915879882872,0.01967223919928074
10,waypoint_41,0.0,0.1632395638957761,-0.7304170035653912,1.056401224630453,381.88400864601135,0.0
11,waypoint_41,0.0,0.1632395638957761,-0.7304170035653912,1.056401224630453,299.73769187927246,0.0
12,waypoint_41,0.0,0.1632395638957761,-0.7304170035653912,1.056401224630453,393.58705282211304,0.0
13,waypoint_41,0.0,0.1632395638957761,-0.7304170035653912,1.056401224630453,304.20178174972534,0.0
14,waypoint_41,0.0,0.1632395638957761,-0.7304170035653912,1.056401224630453,473.2299745082855,0.0
0,waypoint_41,15.0,0.1632395638957761,-0.7304170035653912,1.056401224630453,293.6073839664459,0.0
1,waypoint_41,15.0,0.1632395638957761,-0.7304170035653912,1.056401224630453,145.77065408229828,0.0
2,waypoint_41,15.0,0.1632395638957761,-0.7304170035653912,1.056401224630453,33.69458764791489,0.0
3,waypoint_41,15.0,0.1632395638957761,-0.7304170035653912,1.056401224630453,141.49893820285797,0.0
4,waypoint_41,15.0,0.1632395638957761,-0.7304170035653912,1.056401224630453,6.604769732803106,0.0
5,waypoint_41,15.0,0.1632395638957761,-0.7304170035653912,1.056401224630453,7.724848110228777,0.0
6,waypoint_41,15.0,0.1632395638957761,-0.7304170035653912,1.056401224630453,9.565849788486958,0.0
7,waypoint_41,15.0,0.1632395638957761,-0.7304170035653912,1.056401224630453,273.166298866272,0.0
8,waypoint_41,15.0,0.1632395638957761,-0.7304170035653912,1.056401224630453,16.19695872068405,0.0
9,waypoint_41,15.0,0.1632395638957761,-0.7304170035653912,1.056401224630453,16.986556351184845,0.0
10,waypoint_41,15.0,0.1632395638957761,-0.7304170035653912,1.056401224630453,375.02017617225647,0.0
11,waypoint_41,15.0,0.1632395638957761,-0.7304170035653912,1.056401224630453,294.3119704723358,0.0
12,waypoint_41,15.0,0.1632395638957761,-0.7304170035653912,1.056401224630453,385.34462451934814,0.0
13,waypoint_41,15.0,0.1632395638957761,-0.7304170035653912,1.056401224630453,299.4876205921173,0.0
14,waypoint_41,15.0,0.1632395638957761,-0.7304170035653912,1.056401224630453,467.98577904701233,0.0
0,waypoint_41,30.0,0.1632395638957761,-0.7304170035653912,1.056401224630453,327.5715708732605,0.0
1,waypoint_41,30.0,0.1632395638957761,-0.7304170035653912,1.056401224630453,340.07716178894043,0.0
2,waypoint_41,30.0,0.1632395638957761,-0.7304170035653912,1.056401224630453,157.1233719587326,0.0
3,waypoint_41,30.0,0.1632395638957761,-0.7304170035653912,1.056401224630453,37.479717284440994,0.0
4,waypoint_41,30.0,0.1632395638957761,-0.7304170035653912,1.056401224630453,0.3204823879059404,0.023152833804488182
5,waypoint_41,30.0,0.1632395638957761,-0.7304170035653912,1.056401224630453,0.33915595849975944,0.017852017655968666
6,waypoint_41,30.0,0.1632395638957761,-0.7304170035653912,1.056401224630453,0.4470671119634062,0.009792632423341274
7,waypoint_41,30.0,0.1632395638957761,-0.7304170035653912,1.056401224630453,208.27558636665344,0.0
8,waypoint_41,30.0,0.1632395638957761,-0.7304170035653912,1.056401224630453,0.4662072751671076,0.0077102757059037685
9,waypoint_41,30.0,0.1632395638957761,-0.7304170035653912,1.056401224630453,0.2551022043917328,0.01042519137263298
10,waypoint_41,30.0,0.1632395638957761,-0.7304170035653912,1.056401224630453,331.6902220249176,0.0
11,waypoint_41,30.0,0.1632395638957761,-0.7304170035653912,1.056401224630453,252.94464826583862,0.0
12,waypoint_41,30.0,0.1632395638957761,-0.7304170035653912,1.056401224630453,336.022287607193,0.0
13,waypoint_41,30.0,0.1632395638957761,-0.7304170035653912,1.056401224630453,280.5112600326538,0.0
14,waypoint_41,30.0,0.1632395638957761,-0.7304170035653912,1.056401224630453,426.6744554042816,0.0
0,waypoint_42,30.0,0.18323956389577567,-0.7304170035653912,1.056401224630453,274.77943897247314,0.0
1,waypoint_42,30.0,0.18323956389577567,-0.7304170035653912,1.056401224630453,287.37419843673706,0.0
2,waypoint_42,30.0,0.18323956389577567,-0.7304170035653912,1.056401224630453,228.65884006023407,0.0
3,waypoint_42,30.0,0.18323956389577567,-0.7304170035653912,1.056401224630453,9.479589760303497,0.0
4,waypoint_42,30.0,0.18323956389577567,-0.7304170035653912,1.056401224630453,0.7863680366426706,0.023518523201346397
5,waypoint_42,30.0,0.18323956389577567,-0.7304170035653912,1.056401224630453,0.8558841072954237,0.019291361793875694
6,waypoint_42,30.0,0.18323956389577567,-0.7304170035653912,1.056401224630453,0.9456678526476026,0.011585636995732784
7,waypoint_42,30.0,0.18323956389577567,-0.7304170035653912,1.056401224630453,186.4713728427887,0.0
8,waypoint_42,30.0,0.18323956389577567,-0.7304170035653912,1.056401224630453,1.1540071573108435,0.006178930401802063
9,waypoint_42,30.0,0.18323956389577567,-0.7304170035653912,1.056401224630453,1.0733362287282944,0.010800768621265888
10,waypoint_42,30.0,0.18323956389577567,-0.7304170035653912,1.056401224630453,330.87727427482605,0.0
11,waypoint_42,30.0,0.18323956389577567,-0.7304170035653912,1.056401224630453,254.4240951538086,0.0
12,waypoint_42,30.0,0.18323956389577567,-0.7304170035653912,1.056401224630453,327.6801109313965,0.0
13,waypoint_42,30.0,0.18323956389577567,-0.7304170035653912,1.056401224630453,276.3217091560364,0.0
14,waypoint_42,30.0,0.18323956389577567,-0.7304170035653912,1.056401224630453,411.5772843360901,0.0
0,waypoint_42,15.0,0.18323956389577567,-0.7304170035653912,1.056401224630453,287.23394870758057,0.0
1,waypoint_42,15.0,0.18323956389577567,-0.7304170035653912,1.056401224630453,246.89725041389465,0.0
2,waypoint_42,15.0,0.18323956389577567,-0.7304170035653912,1.056401224630453,262.12823390960693,0.0
3,waypoint_42,15.0,0.18323956389577567,-0.7304170035653912,1.056401224630453,36.529380828142166,0.0
4,waypoint_42,15.0,0.18323956389577567,-0.7304170035653912,1.056401224630453,7.004188373684883,0.0
5,waypoint_42,15.0,0.18323956389577567,-0.7304170035653912,1.056401224630453,6.970041431486607,0.0
6,waypoint_42,15.0,0.18323956389577567,-0.7304170035653912,1.056401224630453,7.456411607563496,0.0
7,waypoint_42,15.0,0.18323956389577567,-0.7304170035653912,1.056401224630453,195.25717198848724,0.0
8,waypoint_42,15.0,0.18323956389577567,-0.7304170035653912,1.056401224630453,13.733522966504097,0.0
9,waypoint_42,15.0,0.18323956389577567,-0.7304170035653912,1.056401224630453,14.844302088022232,0.0
10,waypoint_42,15.0,0.18323956389577567,-0.7304170035653912,1.056401224630453,338.9562964439392,0.0
11,waypoint_42,15.0,0.18323956389577567,-0.7304170035653912,1.056401224630453,260.56796312332153,0.0
12,waypoint_42,15.0,0.18323956389577567,-0.7304170035653912,1.056401224630453,335.0372016429901,0.0
13,waypoint_42,15.0,0.18323956389577567,-0.7304170035653912,1.056401224630453,278.7286639213562,0.0
14,waypoint_42,15.0,0.18323956389577567,-0.7304170035653912,1.056401224630453,417.327880859375,0.0
0,waypoint_42,0.0,0.18323956389577567,-0.7304170035653912,1.056401224630453,245.0755536556244,0.0
1,waypoint_42,0.0,0.18323956389577567,-0.7304170035653912,1.056401224630453,235.3767454624176,0.0
2,waypoint_42,0.0,0.18323956389577567,-0.7304170035653912,1.056401224630453,240.0793731212616,0.0
3,waypoint_42,0.0,0.18323956389577567,-0.7304170035653912,1.056401224630453,109.86284911632538,0.0
4,waypoint_42,0.0,0.18323956389577567,-0.7304170035653912,1.056401224630453,0.3358742978889495,0.02882857248187065
5,waypoint_42,0.0,0.18323956389577567,-0.7304170035653912,1.056401224630453,0.36221486516296864,0.021004386246204376
6,waypoint_42,0.0,0.18323956389577567,-0.7304170035653912,1.056401224630453,0.4860235203523189,0.011999368667602539
7,waypoint_42,0.0,0.18323956389577567,-0.7304170035653912,1.056401224630453,262.08651065826416,0.0
8,waypoint_42,0.0,0.18323956389577567,-0.7304170035653912,1.056401224630453,1.2783484999090433,0.007931572385132313
9,waypoint_42,0.0,0.18323956389577567,-0.7304170035653912,1.056401224630453,1.6709943301975727,0.0
10,waypoint_42,0.0,0.18323956389577567,-0.7304170035653912,1.056401224630453,379.353404045105,0.0
11,waypoint_42,0.0,0.18323956389577567,-0.7304170035653912,1.056401224630453,299.73727464675903,0.0
12,waypoint_42,0.0,0.18323956389577567,-0.7304170035653912,1.056401224630453,383.6486041545868,0.0
13,waypoint_42,0.0,0.18323956389577567,-0.7304170035653912,1.056401224630453,291.4366126060486,0.0
14,waypoint_42,0.0,0.18323956389577567,-0.7304170035653912,1.056401224630453,456.8656384944916,0.0
0,waypoint_42,-15.0,0.18323956389577567,-0.7304170035653912,1.056401224630453,268.23121309280396,0.0
1,waypoint_42,-15.0,0.18323956389577567,-0.7304170035653912,1.056401224630453,204.35307919979095,0.0
2,waypoint_42,-15.0,0.18323956389577567,-0.7304170035653912,1.056401224630453,262.6078426837921,0.0
3,waypoint_42,-15.0,0.18323956389577567,-0.7304170035653912,1.056401224630453,164.72405195236206,0.0
4,waypoint_42,-15.0,0.18323956389577567,-0.7304170035653912,1.056401224630453,0.43542133062146604,0.029793668538331985
5,waypoint_42,-15.0,0.18323956389577567,-0.7304170035653912,1.056401224630453,0.4826746298931539,0.021088793873786926
6,waypoint_42,-15.0,0.18323956389577567,-0.7304170035653912,1.056401224630453,0.5915549118071795,0.012150396592915058
7,waypoint_42,-15.0,0.18323956389577567,-0.7304170035653912,1.056401224630453,297.15365171432495,0.0
8,waypoint_42,-15.0,0.18323956389577567,-0.7304170035653912,1.056401224630453,1.0942145017907023,0.007613832596689463
9,waypoint_42,-15.0,0.18323956389577567,-0.7304170035653912,1.056401224630453,0.8688486996106803,0.018618864938616753
10,waypoint_42,-15.0,0.18323956389577567,-0.7304170035653912,1.056401224630453,396.73489332199097,0.0
11,waypoint_42,-15.0,0.18323956389577567,-0.7304170035653912,1.056401224630453,321.82762026786804,0.0
12,waypoint_42,-15.0,0.18323956389577567,-0.7304170035653912,1.056401224630453,415.9342646598816,0.0
13,waypoint_42,-15.0,0.18323956389577567,-0.7304170035653912,1.056401224630453,300.33645033836365,0.0
14,waypoint_42,-15.0,0.18323956389577567,-0.7304170035653912,1.056401224630453,477.0069718360901,0.0
0,waypoint_42,-30.0,0.18323956389577567,-0.7304170035653912,1.056401224630453,233.5742712020874,0.0
1,waypoint_42,-30.0,0.18323956389577567,-0.7304170035653912,1.056401224630453,243.30547451972961,0.0
2,waypoint_42,-30.0,0.18323956389577567,-0.7304170035653912,1.056401224630453,225.0405102968216,0.0
3,waypoint_42,-30.0,0.18323956389577567,-0.7304170035653912,1.056401224630453,173.83930087089539,0.0
4,waypoint_42,-30.0,0.18323956389577567,-0.7304170035653912,1.056401224630453,5.589286796748638,0.0
5,waypoint_42,-30.0,0.18323956389577567,-0.7304170035653912,1.056401224630453,7.107262033969164,0.0
6,waypoint_42,-30.0,0.18323956389577567,-0.7304170035653912,1.056401224630453,9.598716162145138,0.0
7,waypoint_42,-30.0,0.18323956389577567,-0.7304170035653912,1.056401224630453,304.2207062244415,0.0
8,waypoint_42,-30.0,0.18323956389577567,-0.7304170035653912,1.056401224630453,16.981933265924454,0.0
9,waypoint_42,-30.0,0.18323956389577567,-0.7304170035653912,1.056401224630453,18.613755702972412,0.0
10,waypoint_42,-30.0,0.18323956389577567,-0.7304170035653912,1.056401224630453,400.173157453537,0.0
11,waypoint_42,-30.0,0.18323956389577567,-0.7304170035653912,1.056401224630453,325.75201988220215,0.0
12,waypoint_42,-30.0,0.18323956389577567,-0.7304170035653912,1.056401224630453,422.2191274166107,0.0
13,waypoint_42,-30.0,0.18323956389577567,-0.7304170035653912,1.056401224630453,299.7199594974518,0.0
14,waypoint_42,-30.0,0.18323956389577567,-0.7304170035653912,1.056401224630453,485.24853587150574,0.0
0,waypoint_43,-30.0,0.20323956389577547,-0.7304170035653912,1.056401224630453,178.85856330394745,0.0
1,waypoint_43,-30.0,0.20323956389577547,-0.7304170035653912,1.056401224630453,169.84765231609344,0.0
2,waypoint_43,-30.0,0.20323956389577547,-0.7304170035653912,1.056401224630453,113.80157619714737,0.0
3,waypoint_43,-30.0,0.20323956389577547,-0.7304170035653912,1.056401224630453,206.11572265625,0.0
4,waypoint_43,-30.0,0.20323956389577547,-0.7304170035653912,1.056401224630453,1.0275495005771518,0.03170021250844002
5,waypoint_43,-30.0,0.20323956389577547,-0.7304170035653912,1.056401224630453,1.075324835255742,0.022454967722296715
6,waypoint_43,-30.0,0.20323956389577547,-0.7304170035653912,1.056401224630453,1.0963070672005415,0.013742813840508461
7,waypoint_43,-30.0,0.20323956389577547,-0.7304170035653912,1.056401224630453,311.8380308151245,0.0
8,waypoint_43,-30.0,0.20323956389577547,-0.7304170035653912,1.056401224630453,1.0638067033141851,0.0045969863422214985
9,waypoint_43,-30.0,0.20323956389577547,-0.7304170035653912,1.056401224630453,1.210648799315095,0.01582917757332325
10,waypoint_43,-30.0,0.20323956389577547,-0.7304170035653912,1.056401224630453,399.5852470397949,0.0
11,waypoint_43,-30.0,0.20323956389577547,-0.7304170035653912,1.056401224630453,333.3158791065216,0.0
12,waypoint_43,-30.0,0.20323956389577547,-0.7304170035653912,1.056401224630453,428.4808337688446,0.0
13,waypoint_43,-30.0,0.20323956389577547,-0.7304170035653912,1.056401224630453,303.4355044364929,0.0
14,waypoint_43,-30.0,0.20323956389577547,-0.7304170035653912,1.056401224630453,477.8890311717987,0.0
0,waypoint_43,-15.0,0.20323956389577547,-0.7304170035653912,1.056401224630453,207.63926208019257,0.0
1,waypoint_43,-15.0,0.20323956389577547,-0.7304170035653912,1.056401224630453,125.81035494804382,0.0
2,waypoint_43,-15.0,0.20323956389577547,-0.7304170035653912,1.056401224630453,97.08239883184433,0.0
3,waypoint_43,-15.0,0.20323956389577547,-0.7304170035653912,1.056401224630453,198.58551025390625,0.0
4,waypoint_43,-15.0,0.20323956389577547,-0.7304170035653912,1.056401224630453,4.733643028885126,0.0
5,waypoint_43,-15.0,0.20323956389577547,-0.7304170035653912,1.056401224630453,5.860891193151474,0.0
6,waypoint_43,-15.0,0.20323956389577547,-0.7304170035653912,1.056401224630453,8.113695308566093,0.0
7,waypoint_43,-15.0,0.20323956389577547,-0.7304170035653912,1.056401224630453,305.32851815223694,0.0
8,waypoint_43,-15.0,0.20323956389577547,-0.7304170035653912,1.056401224630453,16.364825889468193,0.0
9,waypoint_43,-15.0,0.20323956389577547,-0.7304170035653912,1.056401224630453,17.443237826228142,0.0
10,waypoint_43,-15.0,0.20323956389577547,-0.7304170035653912,1.056401224630453,398.3435928821564,0.0
11,waypoint_43,-15.0,0.20323956389577547,-0.7304170035653912,1.056401224630453,330.94948530197144,0.0
12,waypoint_43,-15.0,0.20323956389577547,-0.7304170035653912,1.056401224630453,424.4541823863983,0.0
13,waypoint_43,-15.0,0.20323956389577547,-0.7304170035653912,1.056401224630453,302.12870240211487,0.0
14,waypoint_43,-15.0,0.20323956389577547,-0.7304170035653912,1.056401224630453,476.43157839775085,0.0
0,waypoint_43,0.0,0.20323956389577547,-0.7304170035653912,1.056401224630453,269.9272632598877,0.0
1,waypoint_43,0.0,0.20323956389577547,-0.7304170035653912,1.056401224630453,202.5306671857834,0.0
2,waypoint_43,0.0,0.20323956389577547,-0.7304170035653912,1.056401224630453,3.4537524916231632,0.0
3,waypoint_43,0.0,0.20323956389577547,-0.7304170035653912,1.056401224630453,103.37689518928528,0.0
4,waypoint_43,0.0,0.20323956389577547,-0.7304170035653912,1.056401224630453,0.43087091762572527,0.030056793242692947
5,waypoint_43,0.0,0.20323956389577547,-0.7304170035653912,1.056401224630453,0.46192589798010886,0.02270570956170559
6,waypoint_43,0.0,0.20323956389577547,-0.7304170035653912,1.056401224630453,0.47958819777704775,0.013839560560882092
7,waypoint_43,0.0,0.20323956389577547,-0.7304170035653912,1.056401224630453,243.4634268283844,0.0
8,waypoint_43,0.0,0.20323956389577547,-0.7304170035653912,1.056401224630453,1.1219094740226865,0.005955791100859642
9,waypoint_43,0.0,0.20323956389577547,-0.7304170035653912,1.056401224630453,1.0359808802604675,0.01618039235472679
10,waypoint_43,0.0,0.20323956389577547,-0.7304170035653912,1.056401224630453,380.32710552215576,0.0
11,waypoint_43,0.0,0.20323956389577547,-0.7304170035653912,1.056401224630453,302.49840021133423,0.0
12,waypoint_43,0.0,0.20323956389577547,-0.7304170035653912,1.056401224630453,379.84028458595276,0.0
13,waypoint_43,0.0,0.20323956389577547,-0.7304170035653912,1.056401224630453,293.45306754112244,0.0
14,waypoint_43,0.0,0.20323956389577547,-0.7304170035653912,1.056401224630453,449.8825669288635,0.0
0,waypoint_43,15.0,0.20323956389577547,-0.7304170035653912,1.056401224630453,306.34915828704834,0.0
1,waypoint_43,15.0,0.20323956389577547,-0.7304170035653912,1.056401224630453,168.18666458129883,0.0
2,waypoint_43,15.0,0.20323956389577547,-0.7304170035653912,1.056401224630453,8.736543357372284,0.0
3,waypoint_43,15.0,0.20323956389577547,-0.7304170035653912,1.056401224630453,89.48926627635956,0.0
4,waypoint_43,15.0,0.20323956389577547,-0.7304170035653912,1.056401224630453,6.415027659386396,0.0
5,waypoint_43,15.0,0.20323956389577547,-0.7304170035653912,1.056401224630453,7.154784165322781,0.0
6,waypoint_43,15.0,0.20323956389577547,-0.7304170035653912,1.056401224630453,8.772458881139755,0.0
7,waypoint_43,15.0,0.20323956389577547,-0.7304170035653912,1.056401224630453,234.57211256027222,0.0
8,waypoint_43,15.0,0.20323956389577547,-0.7304170035653912,1.056401224630453,15.969444066286087,0.0
9,waypoint_43,15.0,0.20323956389577547,-0.7304170035653912,1.056401224630453,16.82230271399021,0.0
10,waypoint_43,15.0,0.20323956389577547,-0.7304170035653912,1.056401224630453,373.99816513061523,0.0
11,waypoint_43,15.0,0.20323956389577547,-0.7304170035653912,1.056401224630453,297.40262031555176,0.0
12,waypoint_43,15.0,0.20323956389577547,-0.7304170035653912,1.056401224630453,372.9129433631897,0.0
13,waypoint_43,15.0,0.20323956389577547,-0.7304170035653912,1.056401224630453,292.2937273979187,0.0
14,waypoint_43,15.0,0.20323956389577547,-0.7304170035653912,1.056401224630453,442.5046443939209,0.0
0,waypoint_43,30.0,0.20323956389577547,-0.7304170035653912,1.056401224630453,317.0571029186249,0.0
1,waypoint_43,30.0,0.20323956389577547,-0.7304170035653912,1.056401224630453,316.34798645973206,0.0
2,waypoint_43,30.0,0.20323956389577547,-0.7304170035653912,1.056401224630453,148.59481155872345,0.0
3,waypoint_43,30.0,0.20323956389577547,-0.7304170035653912,1.056401224630453,1.0214366484433413,0.003911105450242758
4,waypoint_43,30.0,0.20323956389577547,-0.7304170035653912,1.056401224630453,0.296435144264251,0.02345019020140171
5,waypoint_43,30.0,0.20323956389577547,-0.7304170035653912,1.056401224630453,0.33520552096888423,0.020487871021032333
6,waypoint_43,30.0,0.20323956389577547,-0.7304170035653912,1.056401224630453,0.38672538357786834,0.01318284124135971
7,waypoint_43,30.0,0.20323956389577547,-0.7304170035653912,1.056401224630453,164.9860441684723,0.0
8,waypoint_43,30.0,0.20323956389577547,-0.7304170035653912,1.056401224630453,0.19312280346639454,0.004800335504114628
9,waypoint_43,30.0,0.20323956389577547,-0.7304170035653912,1.056401224630453,0.2749662089627236,0.010665233246982098
10,waypoint_43,30.0,0.20323956389577547,-0.7304170035653912,1.056401224630453,335.48277616500854,0.0
11,waypoint_43,30.0,0.20323956389577547,-0.7304170035653912,1.056401224630453,257.57768750190735,0.0
12,waypoint_43,30.0,0.20323956389577547,-0.7304170035653912,1.056401224630453,326.4505863189697,0.0
13,waypoint_43,30.0,0.20323956389577547,-0.7304170035653912,1.056401224630453,282.1672856807709,0.0
14,waypoint_43,30.0,0.20323956389577547,-0.7304170035653912,1.056401224630453,401.59890055656433,0.0
0,waypoint_44,30.0,0.22323956389577598,-0.7304170035653912,1.056401224630453,312.6410245895386,0.0
1,waypoint_44,30.0,0.22323956389577598,-0.7304170035653912,1.056401224630453,290.8457815647125,0.0
2,waypoint_44,30.0,0.22323956389577598,-0.7304170035653912,1.056401224630453,249.23361837863922,0.0
3,waypoint_44,30.0,0.22323956389577598,-0.7304170035653912,1.056401224630453,8.662921376526356,0.0
4,waypoint_44,30.0,0.22323956389577598,-0.7304170035653912,1.056401224630453,2.53242626786232,0.0
5,waypoint_44,30.0,0.22323956389577598,-0.7304170035653912,1.056401224630453,3.2119336538016796,0.0
6,waypoint_44,30.0,0.22323956389577598,-0.7304170035653912,1.056401224630453,3.6147746723145247,0.0
7,waypoint_44,30.0,0.22323956389577598,-0.7304170035653912,1.056401224630453,144.5063203573227,0.0
8,waypoint_44,30.0,0.22323956389577598,-0.7304170035653912,1.056401224630453,2.598283812403679,0.0
9,waypoint_44,30.0,0.22323956389577598,-0.7304170035653912,1.056401224630453,2.6855538599193096,0.0
10,waypoint_44,30.0,0.22323956389577598,-0.7304170035653912,1.056401224630453,336.85439825057983,0.0
11,waypoint_44,30.0,0.22323956389577598,-0.7304170035653912,1.056401224630453,262.5075876712799,0.0
12,waypoint_44,30.0,0.22323956389577598,-0.7304170035653912,1.056401224630453,321.08035683631897,0.0
13,waypoint_44,30.0,0.22323956389577598,-0.7304170035653912,1.056401224630453,280.2090048789978,0.0
14,waypoint_44,30.0,0.22323956389577598,-0.7304170035653912,1.056401224630453,387.03665137290955,0.0
0,waypoint_44,15.0,0.22323956389577598,-0.7304170035653912,1.056401224630453,285.55023670196533,0.0
1,waypoint_44,15.0,0.22323956389577598,-0.7304170035653912,1.056401224630453,276.8225371837616,0.0
2,waypoint_44,15.0,0.22323956389577598,-0.7304170035653912,1.056401224630453,248.0771690607071,0.0
3,waypoint_44,15.0,0.22323956389577598,-0.7304170035653912,1.056401224630453,0.6800052360631526,0.019778408110141754
4,waypoint_44,15.0,0.22323956389577598,-0.7304170035653912,1.056401224630453,0.3484910703264177,0.0278797447681427
5,waypoint_44,15.0,0.22323956389577598,-0.7304170035653912,1.056401224630453,0.4344982444308698,0.023287154734134674
6,waypoint_44,15.0,0.22323956389577598,-0.7304170035653912,1.056401224630453,0.4914468736387789,0.015272673219442368
7,waypoint_44,15.0,0.22323956389577598,-0.7304170035653912,1.056401224630453,184.25370752811432,0.0
8,waypoint_44,15.0,0.22323956389577598,-0.7304170035653912,1.056401224630453,0.6892983801662922,0.0039044253062456846
9,waypoint_44,15.0,0.22323956389577598,-0.7304170035653912,1.056401224630453,0.6644463865086436,0.012924506328999996
10,waypoint_44,15.0,0.22323956389577598,-0.7304170035653912,1.056401224630453,359.07551646232605,0.0
11,waypoint_44,15.0,0.22323956389577598,-0.7304170035653912,1.056401224630453,283.7112545967102,0.0
12,waypoint_44,15.0,0.22323956389577598,-0.7304170035653912,1.056401224630453,349.7313857078552,0.0
13,waypoint_44,15.0,0.22323956389577598,-0.7304170035653912,1.056401224630453,288.5664105415344,0.0
14,waypoint_44,15.0,0.22323956389577598,-0.7304170035653912,1.056401224630453,401.79547667503357,0.0
0,waypoint_44,0.0,0.22323956389577598,-0.7304170035653912,1.056401224630453,302.91399359703064,0.0
1,waypoint_44,0.0,0.22323956389577598,-0.7304170035653912,1.056401224630453,300.61081051826477,0.0
2,waypoint_44,0.0,0.22323956389577598,-0.7304170035653912,1.056401224630453,277.7063548564911,0.0
3,waypoint_44,0.0,0.22323956389577598,-0.7304170035653912,1.056401224630453,7.70495506003499,0.0
4,waypoint_44,0.0,0.22323956389577598,-0.7304170035653912,1.056401224630453,6.822933442890644,0.0
5,waypoint_44,0.0,0.22323956389577598,-0.7304170035653912,1.056401224630453,6.900391075760126,0.0
6,waypoint_44,0.0,0.22323956389577598,-0.7304170035653912,1.056401224630453,7.7590420842170715,0.0
7,waypoint_44,0.0,0.22323956389577598,-0.7304170035653912,1.056401224630453,194.14128363132477,0.0
8,waypoint_44,0.0,0.22323956389577598,-0.7304170035653912,1.056401224630453,13.240418396890163,0.0
9,waypoint_44,0.0,0.22323956389577598,-0.7304170035653912,1.056401224630453,14.393610879778862,0.0
10,waypoint_44,0.0,0.22323956389577598,-0.7304170035653912,1.056401224630453,363.889217376709,0.0
11,waypoint_44,0.0,0.22323956389577598,-0.7304170035653912,1.056401224630453,289.6604835987091,0.0
12,waypoint_44,0.0,0.22323956389577598,-0.7304170035653912,1.056401224630453,355.65507411956787,0.0
13,waypoint_44,0.0,0.22323956389577598,-0.7304170035653912,1.056401224630453,290.4069423675537,0.0
14,waypoint_44,0.0,0.22323956389577598,-0.7304170035653912,1.056401224630453,407.38871693611145,0.0
0,waypoint_44,-15.0,0.22323956389577598,-0.7304170035653912,1.056401224630453,251.48606300354004,0.0
1,waypoint_44,-15.0,0.22323956389577598,-0.7304170035653912,1.056401224630453,264.2895579338074,0.0
2,waypoint_44,-15.0,0.22323956389577598,-0.7304170035653912,1.056401224630453,250.79408288002014,0.0
3,waypoint_44,-15.0,0.22323956389577598,-0.7304170035653912,1.056401224630453,0.87550695752725,0.036461278796195984
4,waypoint_44,-15.0,0.22323956389577598,-0.7304170035653912,1.056401224630453,0.43648379505611956,0.032841913402080536
5,waypoint_44,-15.0,0.22323956389577598,-0.7304170035653912,1.056401224630453,0.46147688408382237,0.024664903059601784
6,waypoint_44,-15.0,0.22323956389577598,-0.7304170035653912,1.056401224630453,0.4909669514745474,0.015742333605885506
7,waypoint_44,-15.0,0.22323956389577598,-0.7304170035653912,1.056401224630453,263.7726068496704,0.0
8,waypoint_44,-15.0,0.22323956389577598,-0.7304170035653912,1.056401224630453,1.5239835483953357,0.0
9,waypoint_44,-15.0,0.22323956389577598,-0.7304170035653912,1.056401224630453,0.7605534628964961,0.01420366857200861
10,waypoint_44,-15.0,0.22323956389577598,-0.7304170035653912,1.056401224630453,394.0609395503998,0.0
11,waypoint_44,-15.0,0.22323956389577598,-0.7304170035653912,1.056401224630453,323.5516548156738,0.0
12,waypoint_44,-15.0,0.22323956389577598,-0.7304170035653912,1.056401224630453,404.72081303596497,0.0
13,waypoint_44,-15.0,0.22323956389577598,-0.7304170035653912,1.056401224630453,299.7801601886749,0.0
14,waypoint_44,-15.0,0.22323956389577598,-0.7304170035653912,1.056401224630453,447.2837448120117,0.0
0,waypoint_44,-30.0,0.22323956389577598,-0.7304170035653912,1.056401224630453,302.7317523956299,0.0
1,waypoint_44,-30.0,0.22323956389577598,-0.7304170035653912,1.056401224630453,103.02724689245224,0.0
2,waypoint_44,-30.0,0.22323956389577598,-0.7304170035653912,1.056401224630453,79.90946620702744,0.0
3,waypoint_44,-30.0,0.22323956389577598,-0.7304170035653912,1.056401224630453,0.478752568596974,0.03978554159402847
4,waypoint_44,-30.0,0.22323956389577598,-0.7304170035653912,1.056401224630453,0.483825511764735,0.033383339643478394
5,waypoint_44,-30.0,0.22323956389577598,-0.7304170035653912,1.056401224630453,0.5122620495967567,0.02420542575418949
6,waypoint_44,-30.0,0.22323956389577598,-0.7304170035653912,1.056401224630453,0.5759706837125123,0.015344942919909954
7,waypoint_44,-30.0,0.22323956389577598,-0.7304170035653912,1.056401224630453,296.6228127479553,0.0
8,waypoint_44,-30.0,0.22323956389577598,-0.7304170035653912,1.056401224630453,1.1500969994813204,0.002740147290751338
9,waypoint_44,-30.0,0.22323956389577598,-0.7304170035653912,1.056401224630453,1.3845374342054129,0.013586269691586494
10,waypoint_44,-30.0,0.22323956389577598,-0.7304170035653912,1.056401224630453,400.62394738197327,0.0
11,waypoint_44,-30.0,0.22323956389577598,-0.7304170035653912,1.056401224630453,334.0226709842682,0.0
12,waypoint_44,-30.0,0.22323956389577598,-0.7304170035653912,1.056401224630453,422.0808446407318,0.0
13,waypoint_44,-30.0,0.22323956389577598,-0.7304170035653912,1.056401224630453,301.89475417137146,0.0
14,waypoint_44,-30.0,0.22323956389577598,-0.7304170035653912,1.056401224630453,458.7495028972626,0.0
0,waypoint_45,-30.0,0.24323956389577556,-0.7304170035653912,1.056401224630453,191.2323385477066,0.0
1,waypoint_45,-30.0,0.24323956389577556,-0.7304170035653912,1.056401224630453,114.29530382156372,0.0
2,waypoint_45,-30.0,0.24323956389577556,-0.7304170035653912,1.056401224630453,41.183147579431534,0.0
3,waypoint_45,-30.0,0.24323956389577556,-0.7304170035653912,1.056401224630453,0.8796945330686867,0.04008911922574043
4,waypoint_45,-30.0,0.24323956389577556,-0.7304170035653912,1.056401224630453,0.9528252994641662,0.035129811614751816
5,waypoint_45,-30.0,0.24323956389577556,-0.7304170035653912,1.056401224630453,0.9678924106992781,0.026147523894906044
6,waypoint_45,-30.0,0.24323956389577556,-0.7304170035653912,1.056401224630453,0.9689309517852962,0.017128076404333115
7,waypoint_45,-30.0,0.24323956389577556,-0.7304170035653912,1.056401224630453,282.7499210834503,0.0
8,waypoint_45,-30.0,0.24323956389577556,-0.7304170035653912,1.056401224630453,1.3990175211802125,0.001134494785219431
9,waypoint_45,-30.0,0.24323956389577556,-0.7304170035653912,1.056401224630453,1.006942824460566,0.01114786695688963
10,waypoint_45,-30.0,0.24323956389577556,-0.7304170035653912,1.056401224630453,400.2469480037689,0.0
11,waypoint_45,-30.0,0.24323956389577556,-0.7304170035653912,1.056401224630453,334.1718912124634,0.0
12,waypoint_45,-30.0,0.24323956389577556,-0.7304170035653912,1.056401224630453,418.2775020599365,0.0
13,waypoint_45,-30.0,0.24323956389577556,-0.7304170035653912,1.056401224630453,297.84974455833435,0.0
14,waypoint_45,-30.0,0.24323956389577556,-0.7304170035653912,1.056401224630453,450.9442150592804,0.0
0,waypoint_45,-15.0,0.24323956389577556,-0.7304170035653912,1.056401224630453,216.11139178276062,0.0
1,waypoint_45,-15.0,0.24323956389577556,-0.7304170035653912,1.056401224630453,75.41973143815994,0.0
2,waypoint_45,-15.0,0.24323956389577556,-0.7304170035653912,1.056401224630453,31.158888712525368,0.0
3,waypoint_45,-15.0,0.24323956389577556,-0.7304170035653912,1.056401224630453,4.407956264913082,0.0
4,waypoint_45,-15.0,0.24323956389577556,-0.7304170035653912,1.056401224630453,4.5150574296712875,0.0
5,waypoint_45,-15.0,0.24323956389577556,-0.7304170035653912,1.056401224630453,5.285609047859907,0.0
6,waypoint_45,-15.0,0.24323956389577556,-0.7304170035653912,1.056401224630453,7.057674694806337,0.0
7,waypoint_45,-15.0,0.24323956389577556,-0.7304170035653912,1.056401224630453,275.57092905044556,0.0
8,waypoint_45,-15.0,0.24323956389577556,-0.7304170035653912,1.056401224630453,16.872966662049294,0.0
9,waypoint_45,-15.0,0.24323956389577556,-0.7304170035653912,1.056401224630453,17.536452040076256,0.0
10,waypoint_45,-15.0,0.24323956389577556,-0.7304170035653912,1.056401224630453,399.032324552536,0.0
11,waypoint_45,-15.0,0.24323956389577556,-0.7304170035653912,1.056401224630453,332.3752284049988,0.0
12,waypoint_45,-15.0,0.24323956389577556,-0.7304170035653912,1.056401224630453,414.27603363990784,0.0
13,waypoint_45,-15.0,0.24323956389577556,-0.7304170035653912,1.056401224630453,298.0819344520569,0.0
14,waypoint_45,-15.0,0.24323956389577556,-0.7304170035653912,1.056401224630453,447.1379816532135,0.0
0,waypoint_45,0.0,0.24323956389577556,-0.7304170035653912,1.056401224630453,250.88423490524292,0.0
1,waypoint_45,0.0,0.24323956389577556,-0.7304170035653912,1.056401224630453,94.25807744264603,0.0
2,waypoint_45,0.0,0.24323956389577556,-0.7304170035653912,1.056401224630453,212.68849074840546,0.0
3,waypoint_45,0.0,0.24323956389577556,-0.7304170035653912,1.056401224630453,0.3128837561234832,0.02802673541009426
4,waypoint_45,0.0,0.24323956389577556,-0.7304170035653912,1.056401224630453,0.4039763589389622,0.03186099976301193
5,waypoint_45,0.0,0.24323956389577556,-0.7304170035653912,1.056401224630453,0.44769555097445846,0.025949450209736824
6,waypoint_45,0.0,0.24323956389577556,-0.7304170035653912,1.056401224630453,0.47046065446920693,0.017472900450229645
7,waypoint_45,0.0,0.24323956389577556,-0.7304170035653912,1.056401224630453,208.57495069503784,0.0
8,waypoint_45,0.0,0.24323956389577556,-0.7304170035653912,1.056401224630453,1.3308204943314195,0.0018129387171939015
9,waypoint_45,0.0,0.24323956389577556,-0.7304170035653912,1.056401224630453,1.0442829225212336,0.012218577787280083
10,waypoint_45,0.0,0.24323956389577556,-0.7304170035653912,1.056401224630453,381.7998468875885,0.0
11,waypoint_45,0.0,0.24323956389577556,-0.7304170035653912,1.056401224630453,307.76241421699524,0.0
12,waypoint_45,0.0,0.24323956389577556,-0.7304170035653912,1.056401224630453,372.36207723617554,0.0
13,waypoint_45,0.0,0.24323956389577556,-0.7304170035653912,1.056401224630453,295.8656847476959,0.0
14,waypoint_45,0.0,0.24323956389577556,-0.7304170035653912,1.056401224630453,412.50893473625183,0.0
0,waypoint_45,15.0,0.24323956389577556,-0.7304170035653912,1.056401224630453,282.31415152549744,0.0
1,waypoint_45,15.0,0.24323956389577556,-0.7304170035653912,1.056401224630453,97.35314548015594,0.0
2,waypoint_45,15.0,0.24323956389577556,-0.7304170035653912,1.056401224630453,178.84191870689392,0.0
3,waypoint_45,15.0,0.24323956389577556,-0.7304170035653912,1.056401224630453,6.70782383531332,0.0
4,waypoint_45,15.0,0.24323956389577556,-0.7304170035653912,1.056401224630453,6.342696025967598,0.0
5,waypoint_45,15.0,0.24323956389577556,-0.7304170035653912,1.056401224630453,6.731913890689611,0.0
6,waypoint_45,15.0,0.24323956389577556,-0.7304170035653912,1.056401224630453,8.02505947649479,0.0
7,waypoint_45,15.0,0.24323956389577556,-0.7304170035653912,1.056401224630453,198.8982856273651,0.0
8,waypoint_45,15.0,0.24323956389577556,-0.7304170035653912,1.056401224630453,10.56117657572031,0.0
9,waypoint_45,15.0,0.24323956389577556,-0.7304170035653912,1.056401224630453,16.381336376070976,0.0
10,waypoint_45,15.0,0.24323956389577556,-0.7304170035653912,1.056401224630453,376.09896063804626,0.0
11,waypoint_45,15.0,0.24323956389577556,-0.7304170035653912,1.056401224630453,303.1761646270752,0.0
12,waypoint_45,15.0,0.24323956389577556,-0.7304170035653912,1.056401224630453,365.65062403678894,0.0
13,waypoint_45,15.0,0.24323956389577556,-0.7304170035653912,1.056401224630453,294.86605525016785,0.0
14,waypoint_45,15.0,0.24323956389577556,-0.7304170035653912,1.056401224630453,407.33984112739563,0.0
0,waypoint_45,30.0,0.24323956389577556,-0.7304170035653912,1.056401224630453,328.0111253261566,0.0
1,waypoint_45,30.0,0.24323956389577556,-0.7304170035653912,1.056401224630453,282.7015221118927,0.0
2,waypoint_45,30.0,0.24323956389577556,-0.7304170035653912,1.056401224630453,255.68842887878418,0.0
3,waypoint_45,30.0,0.24323956389577556,-0.7304170035653912,1.056401224630453,269.2159116268158,0.0
4,waypoint_45,30.0,0.24323956389577556,-0.7304170035653912,1.056401224630453,0.00450005200036685,0.0215330608189106
5,waypoint_45,30.0,0.24323956389577556,-0.7304170035653912,1.056401224630453,0.004291534423828125,0.022469958290457726
6,waypoint_45,30.0,0.24323956389577556,-0.7304170035653912,1.056401224630453,0.006276361091295257,0.0163533017039299
7,waypoint_45,30.0,0.24323956389577556,-0.7304170035653912,1.056401224630453,123.54161590337753,0.0
8,waypoint_45,30.0,0.24323956389577556,-0.7304170035653912,1.056401224630453,105.97758740186691,0.0
9,waypoint_45,30.0,0.24323956389577556,-0.7304170035653912,1.056401224630453,0.018139016901841387,0.00886718463152647
10,waypoint_45,30.0,0.24323956389577556,-0.7304170035653912,1.056401224630453,340.9292995929718,0.0
11,waypoint_45,30.0,0.24323956389577556,-0.7304170035653912,1.056401224630453,266.8617367744446,0.0
12,waypoint_45,30.0,0.24323956389577556,-0.7304170035653912,1.056401224630453,318.03736090660095,0.0
13,waypoint_45,30.0,0.24323956389577556,-0.7304170035653912,1.056401224630453,284.61742401123047,0.0
14,waypoint_45,30.0,0.24323956389577556,-0.7304170035653912,1.056401224630453,363.5522723197937,0.0
0,waypoint_46,30.0,0.2632395638957752,-0.7304170035653912,1.056401224630453,336.8648290634155,0.0
1,waypoint_46,30.0,0.2632395638957752,-0.7304170035653912,1.056401224630453,302.58285999298096,0.0
2,waypoint_46,30.0,0.2632395638957752,-0.7304170035653912,1.056401224630453,278.7667512893677,0.0
3,waypoint_46,30.0,0.2632395638957752,-0.7304170035653912,1.056401224630453,246.43510580062866,0.0
4,waypoint_46,30.0,0.2632395638957752,-0.7304170035653912,1.056401224630453,0.01073744260793319,0.019115248695015907
5,waypoint_46,30.0,0.2632395638957752,-0.7304170035653912,1.056401224630453,0.009743855116539635,0.023131156340241432
6,waypoint_46,30.0,0.2632395638957752,-0.7304170035653912,1.056401224630453,0.009182211215374991,0.017833225429058075
7,waypoint_46,30.0,0.2632395638957752,-0.7304170035653912,1.056401224630453,104.04635965824127,0.0
8,waypoint_46,30.0,0.2632395638957752,-0.7304170035653912,1.056401224630453,243.55952441692352,0.0
9,waypoint_46,30.0,0.2632395638957752,-0.7304170035653912,1.056401224630453,0.00917524448595941,0.007634704001247883
10,waypoint_46,30.0,0.2632395638957752,-0.7304170035653912,1.056401224630453,343.90509128570557,0.0
11,waypoint_46,30.0,0.2632395638957752,-0.7304170035653912,1.056401224630453,273.61032366752625,0.0
12,waypoint_46,30.0,0.2632395638957752,-0.7304170035653912,1.056401224630453,314.07734751701355,0.0
13,waypoint_46,30.0,0.2632395638957752,-0.7304170035653912,1.056401224630453,287.60629892349243,0.0
14,waypoint_46,30.0,0.2632395638957752,-0.7304170035653912,1.056401224630453,349.94029998779297,0.0
0,waypoint_46,15.0,0.2632395638957752,-0.7304170035653912,1.056401224630453,279.17447686195374,0.0
1,waypoint_46,15.0,0.2632395638957752,-0.7304170035653912,1.056401224630453,294.0462827682495,0.0
2,waypoint_46,15.0,0.2632395638957752,-0.7304170035653912,1.056401224630453,264.6753787994385,0.0
3,waypoint_46,15.0,0.2632395638957752,-0.7304170035653912,1.056401224630453,223.2099175453186,0.0
4,waypoint_46,15.0,0.2632395638957752,-0.7304170035653912,1.056401224630453,0.003697410193126416,0.027294563129544258
5,waypoint_46,15.0,0.2632395638957752,-0.7304170035653912,1.056401224630453,0.00396270024793921,0.025760354474186897
6,waypoint_46,15.0,0.2632395638957752,-0.7304170035653912,1.056401224630453,0.004706974777946016,0.01869463175535202
7,waypoint_46,15.0,0.2632395638957752,-0.7304170035653912,1.056401224630453,148.19709956645966,0.0
8,waypoint_46,15.0,0.2632395638957752,-0.7304170035653912,1.056401224630453,171.31546139717102,0.0
9,waypoint_46,15.0,0.2632395638957752,-0.7304170035653912,1.056401224630453,0.006555427262355806,0.009501403197646141
10,waypoint_46,15.0,0.2632395638957752,-0.7304170035653912,1.056401224630453,364.0023171901703,0.0
11,waypoint_46,15.0,0.2632395638957752,-0.7304170035653912,1.056401224630453,292.30666160583496,0.0
12,waypoint_46,15.0,0.2632395638957752,-0.7304170035653912,1.056401224630453,344.6270525455475,0.0
13,waypoint_46,15.0,0.2632395638957752,-0.7304170035653912,1.056401224630453,294.21466588974,0.0
14,waypoint_46,15.0,0.2632395638957752,-0.7304170035653912,1.056401224630453,370.7880675792694,0.0
0,waypoint_46,0.0,0.2632395638957752,-0.7304170035653912,1.056401224630453,279.7985374927521,0.0
1,waypoint_46,0.0,0.2632395638957752,-0.7304170035653912,1.056401224630453,256.9199502468109,0.0
2,waypoint_46,0.0,0.2632395638957752,-0.7304170035653912,1.056401224630453,243.20080876350403,0.0
3,waypoint_46,0.0,0.2632395638957752,-0.7304170035653912,1.056401224630453,267.97810196876526,0.0
4,waypoint_46,0.0,0.2632395638957752,-0.7304170035653912,1.056401224630453,0.004829079898627242,0.03228875249624252
5,waypoint_46,0.0,0.2632395638957752,-0.7304170035653912,1.056401224630453,0.003322925522297737,0.02743389457464218
6,waypoint_46,0.0,0.2632395638957752,-0.7304170035653912,1.056401224630453,0.0037471606901817722,0.01924297772347927
7,waypoint_46,0.0,0.2632395638957752,-0.7304170035653912,1.056401224630453,192.5961971282959,0.0
8,waypoint_46,0.0,0.2632395638957752,-0.7304170035653912,1.056401224630453,56.394241750240326,0.0
9,waypoint_46,0.0,0.2632395638957752,-0.7304170035653912,1.056401224630453,0.0030181381589500234,0.010089349001646042
10,waypoint_46,0.0,0.2632395638957752,-0.7304170035653912,1.056401224630453,379.6379268169403,0.0
11,waypoint_46,0.0,0.2632395638957752,-0.7304170035653912,1.056401224630453,311.7333650588989,0.0
12,waypoint_46,0.0,0.2632395638957752,-0.7304170035653912,1.056401224630453,368.8841760158539,0.0
13,waypoint_46,0.0,0.2632395638957752,-0.7304170035653912,1.056401224630453,308.84283781051636,0.0
14,waypoint_46,0.0,0.2632395638957752,-0.7304170035653912,1.056401224630453,367.4313724040985,0.0
0,waypoint_46,-15.0,0.2632395638957752,-0.7304170035653912,1.056401224630453,249.59293007850647,0.0
1,waypoint_46,-15.0,0.2632395638957752,-0.7304170035653912,1.056401224630453,232.80084133148193,0.0
2,waypoint_46,-15.0,0.2632395638957752,-0.7304170035653912,1.056401224630453,220.6617295742035,0.0
3,waypoint_46,-15.0,0.2632395638957752,-0.7304170035653912,1.056401224630453,100.78093409538269,0.0
4,waypoint_46,-15.0,0.2632395638957752,-0.7304170035653912,1.056401224630453,0.42172777466475964,0.03522966057062149
5,waypoint_46,-15.0,0.2632395638957752,-0.7304170035653912,1.056401224630453,0.45657905866391957,0.02813095785677433
6,waypoint_46,-15.0,0.2632395638957752,-0.7304170035653912,1.056401224630453,0.5109598278068006,0.019300304353237152
7,waypoint_46,-15.0,0.2632395638957752,-0.7304170035653912,1.056401224630453,233.67735743522644,0.0
8,waypoint_46,-15.0,0.2632395638957752,-0.7304170035653912,1.056401224630453,0.4436190356500447,0.0011676449794322252
9,waypoint_46,-15.0,0.2632395638957752,-0.7304170035653912,1.056401224630453,0.12214253365527838,0.009803534485399723
10,waypoint_46,-15.0,0.2632395638957752,-0.7304170035653912,1.056401224630453,395.46725153923035,0.0
11,waypoint_46,-15.0,0.2632395638957752,-0.7304170035653912,1.056401224630453,327.9166519641876,0.0
12,waypoint_46,-15.0,0.2632395638957752,-0.7304170035653912,1.056401224630453,397.1591293811798,0.0
13,waypoint_46,-15.0,0.2632395638957752,-0.7304170035653912,1.056401224630453,318.76298785209656,0.0
14,waypoint_46,-15.0,0.2632395638957752,-0.7304170035653912,1.056401224630453,394.675076007843,0.0
0,waypoint_46,-30.0,0.2632395638957752,-0.7304170035653912,1.056401224630453,208.3253264427185,0.0
1,waypoint_46,-30.0,0.2632395638957752,-0.7304170035653912,1.056401224630453,268.21282505989075,0.0
2,waypoint_46,-30.0,0.2632395638957752,-0.7304170035653912,1.056401224630453,256.3081979751587,0.0
3,waypoint_46,-30.0,0.2632395638957752,-0.7304170035653912,1.056401224630453,117.96533316373825,0.0
4,waypoint_46,-30.0,0.2632395638957752,-0.7304170035653912,1.056401224630453,5.094397813081741,0.0
5,waypoint_46,-30.0,0.2632395638957752,-0.7304170035653912,1.056401224630453,5.811352748423815,0.0
6,waypoint_46,-30.0,0.2632395638957752,-0.7304170035653912,1.056401224630453,7.517439778894186,0.0
7,waypoint_46,-30.0,0.2632395638957752,-0.7304170035653912,1.056401224630453,242.57662892341614,0.0
8,waypoint_46,-30.0,0.2632395638957752,-0.7304170035653912,1.056401224630453,10.574419051408768,0.0
9,waypoint_46,-30.0,0.2632395638957752,-0.7304170035653912,1.056401224630453,16.791317611932755,0.0
10,waypoint_46,-30.0,0.2632395638957752,-0.7304170035653912,1.056401224630453,399.59681034088135,0.0
11,waypoint_46,-30.0,0.2632395638957752,-0.7304170035653912,1.056401224630453,330.924928188324,0.0
12,waypoint_46,-30.0,0.2632395638957752,-0.7304170035653912,1.056401224630453,402.8289318084717,0.0
13,waypoint_46,-30.0,0.2632395638957752,-0.7304170035653912,1.056401224630453,320.0998902320862,0.0
14,waypoint_46,-30.0,0.2632395638957752,-0.7304170035653912,1.056401224630453,395.4896032810211,0.0
0,waypoint_47,-30.0,0.28323956389577537,-0.7304170035653912,1.056401224630453,216.21327102184296,0.0
1,waypoint_47,-30.0,0.28323956389577537,-0.7304170035653912,1.056401224630453,172.91107773780823,0.0
2,waypoint_47,-30.0,0.28323956389577537,-0.7304170035653912,1.056401224630453,156.91478550434113,0.0
3,waypoint_47,-30.0,0.28323956389577537,-0.7304170035653912,1.056401224630453,134.254589676857,0.0
4,waypoint_47,-30.0,0.28323956389577537,-0.7304170035653912,1.056401224630453,0.9794819634407759,0.037992924451828
5,waypoint_47,-30.0,0.28323956389577537,-0.7304170035653912,1.056401224630453,1.0426644003018737,0.029873928055167198
6,waypoint_47,-30.0,0.28323956389577537,-0.7304170035653912,1.056401224630453,1.079084468074143,0.020645322278141975
7,waypoint_47,-30.0,0.28323956389577537,-0.7304170035653912,1.056401224630453,258.00198316574097,0.0
8,waypoint_47,-30.0,0.28323956389577537,-0.7304170035653912,1.056401224630453,1.3480426277965307,0.003676340449601412
9,waypoint_47,-30.0,0.28323956389577537,-0.7304170035653912,1.056401224630453,0.9744015405885875,0.006697422359138727
10,waypoint_47,-30.0,0.28323956389577537,-0.7304170035653912,1.056401224630453,404.08411622047424,0.0
11,waypoint_47,-30.0,0.28323956389577537,-0.7304170035653912,1.056401224630453,339.530348777771,0.0
12,waypoint_47,-30.0,0.28323956389577537,-0.7304170035653912,1.056401224630453,410.1586043834686,0.0
13,waypoint_47,-30.0,0.28323956389577537,-0.7304170035653912,1.056401224630453,315.0201141834259,0.0
14,waypoint_47,-30.0,0.28323956389577537,-0.7304170035653912,1.056401224630453,393.88716220855713,0.0
0,waypoint_47,-15.0,0.28323956389577537,-0.7304170035653912,1.056401224630453,184.5678836107254,0.0
1,waypoint_47,-15.0,0.28323956389577537,-0.7304170035653912,1.056401224630453,202.9261291027069,0.0
2,waypoint_47,-15.0,0.28323956389577537,-0.7304170035653912,1.056401224630453,196.53886556625366,0.0
3,waypoint_47,-15.0,0.28323956389577537,-0.7304170035653912,1.056401224630453,119.5797398686409,0.0
4,waypoint_47,-15.0,0.28323956389577537,-0.7304170035653912,1.056401224630453,4.39004460349679,0.0
5,waypoint_47,-15.0,0.28323956389577537,-0.7304170035653912,1.056401224630453,4.860025364905596,0.0
6,waypoint_47,-15.0,0.28323956389577537,-0.7304170035653912,1.056401224630453,6.192146800458431,0.0
7,waypoint_47,-15.0,0.28323956389577537,-0.7304170035653912,1.056401224630453,250.11152029037476,0.0
8,waypoint_47,-15.0,0.28323956389577537,-0.7304170035653912,1.056401224630453,10.850593447685242,0.0
9,waypoint_47,-15.0,0.28323956389577537,-0.7304170035653912,1.056401224630453,16.569023951888084,0.0
10,waypoint_47,-15.0,0.28323956389577537,-0.7304170035653912,1.056401224630453,402.38070487976074,0.0
11,waypoint_47,-15.0,0.28323956389577537,-0.7304170035653912,1.056401224630453,337.92588114738464,0.0
12,waypoint_47,-15.0,0.28323956389577537,-0.7304170035653912,1.056401224630453,406.3318967819214,0.0
13,waypoint_47,-15.0,0.28323956389577537,-0.7304170035653912,1.056401224630453,316.05419516563416,0.0
14,waypoint_47,-15.0,0.28323956389577537,-0.7304170035653912,1.056401224630453,392.7426040172577,0.0
0,waypoint_47,0.0,0.28323956389577537,-0.7304170035653912,1.056401224630453,256.6809356212616,0.0
1,waypoint_47,0.0,0.28323956389577537,-0.7304170035653912,1.056401224630453,258.37045907974243,0.0
2,waypoint_47,0.0,0.28323956389577537,-0.7304170035653912,1.056401224630453,240.25754630565643,0.0
3,waypoint_47,0.0,0.28323956389577537,-0.7304170035653912,1.056401224630453,5.775584373623133,0.0
4,waypoint_47,0.0,0.28323956389577537,-0.7304170035653912,1.056401224630453,0.3974103892687708,0.03231799229979515
5,waypoint_47,0.0,0.28323956389577537,-0.7304170035653912,1.056401224630453,0.4462842480279505,0.028828928247094154
6,waypoint_47,0.0,0.28323956389577537,-0.7304170035653912,1.056401224630453,0.46951009426265955,0.020998233929276466
7,waypoint_47,0.0,0.28323956389577537,-0.7304170035653912,1.056401224630453,178.39252948760986,0.0
8,waypoint_47,0.0,0.28323956389577537,-0.7304170035653912,1.056401224630453,0.6777200032956898,0.0023305064532905817
9,waypoint_47,0.0,0.28323956389577537,-0.7304170035653912,1.056401224630453,1.2036178959533572,0.008055474609136581
10,waypoint_47,0.0,0.28323956389577537,-0.7304170035653912,1.056401224630453,386.3445222377777,0.0
11,waypoint_47,0.0,0.28323956389577537,-0.7304170035653912,1.056401224630453,318.22848320007324,0.0
12,waypoint_47,0.0,0.28323956389577537,-0.7304170035653912,1.056401224630453,366.3370609283447,0.0
13,waypoint_47,0.0,0.28323956389577537,-0.7304170035653912,1.056401224630453,320.14527916908264,0.0
14,waypoint_47,0.0,0.28323956389577537,-0.7304170035653912,1.056401224630453,367.36351251602173,0.0
0,waypoint_47,15.0,0.28323956389577537,-0.7304170035653912,1.056401224630453,282.65026211738586,0.0
1,waypoint_47,15.0,0.28323956389577537,-0.7304170035653912,1.056401224630453,292.62468218803406,0.0
2,waypoint_47,15.0,0.28323956389577537,-0.7304170035653912,1.056401224630453,275.0093936920166,0.0
3,waypoint_47,15.0,0.28323956389577537,-0.7304170035653912,1.056401224630453,8.076369762420654,0.0
4,waypoint_47,15.0,0.28323956389577537,-0.7304170035653912,1.056401224630453,6.402963772416115,0.0
5,waypoint_47,15.0,0.28323956389577537,-0.7304170035653912,1.056401224630453,6.496029440313578,0.0
6,waypoint_47,15.0,0.28323956389577537,-0.7304170035653912,1.056401224630453,7.420713547617197,0.0
7,waypoint_47,15.0,0.28323956389577537,-0.7304170035653912,1.056401224630453,167.77639091014862,0.0
8,waypoint_47,15.0,0.28323956389577537,-0.7304170035653912,1.056401224630453,3.3480445854365826,0.0
9,waypoint_47,15.0,0.28323956389577537,-0.7304170035653912,1.056401224630453,16.13972708582878,0.0
10,waypoint_47,15.0,0.28323956389577537,-0.7304170035653912,1.056401224630453,381.3600540161133,0.0
11,waypoint_47,15.0,0.28323956389577537,-0.7304170035653912,1.056401224630453,313.8756453990936,0.0
12,waypoint_47,15.0,0.28323956389577537,-0.7304170035653912,1.056401224630453,359.8087430000305,0.0
13,waypoint_47,15.0,0.28323956389577537,-0.7304170035653912,1.056401224630453,320.0303018093109,0.0
14,waypoint_47,15.0,0.28323956389577537,-0.7304170035653912,1.056401224630453,362.5313937664032,0.0
0,waypoint_47,30.0,0.28323956389577537,-0.7304170035653912,1.056401224630453,363.45410346984863,0.0
1,waypoint_47,30.0,0.28323956389577537,-0.7304170035653912,1.056401224630453,327.3695111274719,0.0
2,waypoint_47,30.0,0.28323956389577537,-0.7304170035653912,1.056401224630453,272.8269100189209,0.0
3,waypoint_47,30.0,0.28323956389577537,-0.7304170035653912,1.056401224630453,95.26685625314713,0.0
4,waypoint_47,30.0,0.28323956389577537,-0.7304170035653912,1.056401224630453,0.24594174465164542,0.014624425210058689
5,waypoint_47,30.0,0.28323956389577537,-0.7304170035653912,1.056401224630453,0.29059560620225966,0.02350371703505516
6,waypoint_47,30.0,0.28323956389577537,-0.7304170035653912,1.056401224630453,0.3370882768649608,0.019233515486121178
7,waypoint_47,30.0,0.28323956389577537,-0.7304170035653912,1.056401224630453,87.16186881065369,0.0
8,waypoint_47,30.0,0.28323956389577537,-0.7304170035653912,1.056401224630453,1.224283711053431,0.0030454343650490046
9,waypoint_47,30.0,0.28323956389577537,-0.7304170035653912,1.056401224630453,0.5953607615083456,0.00629845866933465
10,waypoint_47,30.0,0.28323956389577537,-0.7304170035653912,1.056401224630453,348.06734323501587,0.0
11,waypoint_47,30.0,0.28323956389577537,-0.7304170035653912,1.056401224630453,281.73866868019104,0.0
12,waypoint_47,30.0,0.28323956389577537,-0.7304170035653912,1.056401224630453,310.76791882514954,0.0
13,waypoint_47,30.0,0.28323956389577537,-0.7304170035653912,1.056401224630453,314.9886131286621,0.0
14,waypoint_47,30.0,0.28323956389577537,-0.7304170035653912,1.056401224630453,325.50743222236633,0.0
0,waypoint_48,30.0,0.30323956389577517,-0.7304170035653912,1.056401224630453,328.95711064338684,0.0
1,waypoint_48,30.0,0.30323956389577517,-0.7304170035653912,1.056401224630453,275.29388666152954,0.0
2,waypoint_48,30.0,0.30323956389577517,-0.7304170035653912,1.056401224630453,337.77275681495667,0.0
3,waypoint_48,30.0,0.30323956389577517,-0.7304170035653912,1.056401224630453,175.73349177837372,0.0
4,waypoint_48,30.0,0.30323956389577517,-0.7304170035653912,1.056401224630453,1.0279694106429815,0.0014236411079764366
5,waypoint_48,30.0,0.30323956389577517,-0.7304170035653912,1.056401224630453,0.774768996052444,0.023450054228305817
6,waypoint_48,30.0,0.30323956389577517,-0.7304170035653912,1.056401224630453,0.8372668526135385,0.020539959892630577
7,waypoint_48,30.0,0.30323956389577517,-0.7304170035653912,1.056401224630453,74.38638806343079,0.0
8,waypoint_48,30.0,0.30323956389577517,-0.7304170035653912,1.056401224630453,1.3139612274244428,0.004718565847724676
9,waypoint_48,30.0,0.30323956389577517,-0.7304170035653912,1.056401224630453,1.1080201948061585,0.0046676634810864925
10,waypoint_48,30.0,0.30323956389577517,-0.7304170035653912,1.056401224630453,353.20213437080383,0.0
11,waypoint_48,30.0,0.30323956389577517,-0.7304170035653912,1.056401224630453,290.5491292476654,0.0
12,waypoint_48,30.0,0.30323956389577517,-0.7304170035653912,1.056401224630453,310.6606900691986,0.0
13,waypoint_48,30.0,0.30323956389577517,-0.7304170035653912,1.056401224630453,318.99183988571167,0.0
14,waypoint_48,30.0,0.30323956389577517,-0.7304170035653912,1.056401224630453,316.2318170070648,0.0
0,waypoint_48,15.0,0.30323956389577517,-0.7304170035653912,1.056401224630453,339.82205390930176,0.0
1,waypoint_48,15.0,0.30323956389577517,-0.7304170035653912,1.056401224630453,295.52552103996277,0.0
2,waypoint_48,15.0,0.30323956389577517,-0.7304170035653912,1.056401224630453,351.71642899513245,0.0
3,waypoint_48,15.0,0.30323956389577517,-0.7304170035653912,1.056401224630453,199.33006167411804,0.0
4,waypoint_48,15.0,0.30323956389577517,-0.7304170035653912,1.056401224630453,25.221554562449455,0.0
5,waypoint_48,15.0,0.30323956389577517,-0.7304170035653912,1.056401224630453,7.11239967495203,0.0
6,waypoint_48,15.0,0.30323956389577517,-0.7304170035653912,1.056401224630453,6.9152964279055595,0.0
7,waypoint_48,15.0,0.30323956389577517,-0.7304170035653912,1.056401224630453,81.76857233047485,0.0
8,waypoint_48,15.0,0.30323956389577517,-0.7304170035653912,1.056401224630453,7.024020422250032,0.0
9,waypoint_48,15.0,0.30323956389577517,-0.7304170035653912,1.056401224630453,13.507404364645481,0.0
10,waypoint_48,15.0,0.30323956389577517,-0.7304170035653912,1.056401224630453,357.93814063072205,0.0
11,waypoint_48,15.0,0.30323956389577517,-0.7304170035653912,1.056401224630453,295.2346205711365,0.0
12,waypoint_48,15.0,0.30323956389577517,-0.7304170035653912,1.056401224630453,317.945659160614,0.0
13,waypoint_48,15.0,0.30323956389577517,-0.7304170035653912,1.056401224630453,320.3880190849304,0.0
14,waypoint_48,15.0,0.30323956389577517,-0.7304170035653912,1.056401224630453,321.7123746871948,0.0
0,waypoint_48,0.0,0.30323956389577517,-0.7304170035653912,1.056401224630453,277.6532173156738,0.0
1,waypoint_48,0.0,0.30323956389577517,-0.7304170035653912,1.056401224630453,302.50075459480286,0.0
2,waypoint_48,0.0,0.30323956389577517,-0.7304170035653912,1.056401224630453,246.712327003479,0.0
3,waypoint_48,0.0,0.30323956389577517,-0.7304170035653912,1.056401224630453,274.8264670372009,0.0
4,waypoint_48,0.0,0.30323956389577517,-0.7304170035653912,1.056401224630453,0.4053207812830806,0.03180530667304993
5,waypoint_48,0.0,0.30323956389577517,-0.7304170035653912,1.056401224630453,0.18683230155147612,0.03005051054060459
6,waypoint_48,0.0,0.30323956389577517,-0.7304170035653912,1.056401224630453,0.24642172502353787,0.022704605013132095
7,waypoint_48,0.0,0.30323956389577517,-0.7304170035653912,1.056401224630453,166.01547598838806,0.0
8,waypoint_48,0.0,0.30323956389577517,-0.7304170035653912,1.056401224630453,1.3843976194038987,0.0043329158797860146
9,waypoint_48,0.0,0.30323956389577517,-0.7304170035653912,1.056401224630453,1.4503240818157792,0.005863802973181009
10,waypoint_48,0.0,0.30323956389577517,-0.7304170035653912,1.056401224630453,386.4855766296387,0.0
11,waypoint_48,0.0,0.30323956389577517,-0.7304170035653912,1.056401224630453,324.5173990726471,0.0
12,waypoint_48,0.0,0.30323956389577517,-0.7304170035653912,1.056401224630453,364.6596074104309,0.0
13,waypoint_48,0.0,0.30323956389577517,-0.7304170035653912,1.056401224630453,321.2553560733795,0.0
14,waypoint_48,0.0,0.30323956389577517,-0.7304170035653912,1.056401224630453,358.39134454727173,0.0
0,waypoint_48,-15.0,0.30323956389577517,-0.7304170035653912,1.056401224630453,254.03007864952087,0.0
1,waypoint_48,-15.0,0.30323956389577517,-0.7304170035653912,1.056401224630453,266.33432507514954,0.0
2,waypoint_48,-15.0,0.30323956389577517,-0.7304170035653912,1.056401224630453,273.72676134109497,0.0
3,waypoint_48,-15.0,0.30323956389577517,-0.7304170035653912,1.056401224630453,233.6568832397461,0.0
4,waypoint_48,-15.0,0.30323956389577517,-0.7304170035653912,1.056401224630453,6.324043497443199,0.0
5,waypoint_48,-15.0,0.30323956389577517,-0.7304170035653912,1.056401224630453,6.3295504078269005,0.0
6,waypoint_48,-15.0,0.30323956389577517,-0.7304170035653912,1.056401224630453,7.247319910675287,0.0
7,waypoint_48,-15.0,0.30323956389577517,-0.7304170035653912,1.056401224630453,177.04372107982635,0.0
8,waypoint_48,-15.0,0.30323956389577517,-0.7304170035653912,1.056401224630453,10.562979616224766,0.0
9,waypoint_48,-15.0,0.30323956389577517,-0.7304170035653912,1.056401224630453,15.568295493721962,0.0
10,waypoint_48,-15.0,0.30323956389577517,-0.7304170035653912,1.056401224630453,390.40911197662354,0.0
11,waypoint_48,-15.0,0.30323956389577517,-0.7304170035653912,1.056401224630453,328.3887505531311,0.0
12,waypoint_48,-15.0,0.30323956389577517,-0.7304170035653912,1.056401224630453,370.94855308532715,0.0
13,waypoint_48,-15.0,0.30323956389577517,-0.7304170035653912,1.056401224630453,322.4877417087555,0.0
14,waypoint_48,-15.0,0.30323956389577517,-0.7304170035653912,1.056401224630453,363.6969029903412,0.0
0,waypoint_48,-30.0,0.30323956389577517,-0.7304170035653912,1.056401224630453,243.38215589523315,0.0
1,waypoint_48,-30.0,0.30323956389577517,-0.7304170035653912,1.056401224630453,117.28107929229736,0.0
2,waypoint_48,-30.0,0.30323956389577517,-0.7304170035653912,1.056401224630453,91.49112552404404,0.0
3,waypoint_48,-30.0,0.30323956389577517,-0.7304170035653912,1.056401224630453,110.68017035722733,0.0
4,waypoint_48,-30.0,0.30323956389577517,-0.7304170035653912,1.056401224630453,0.5155690014362335,0.03903328999876976
5,waypoint_48,-30.0,0.30323956389577517,-0.7304170035653912,1.056401224630453,0.5854395567439497,0.03162914142012596
6,waypoint_48,-30.0,0.30323956389577517,-0.7304170035653912,1.056401224630453,0.5889323656447232,0.02238386683166027
7,waypoint_48,-30.0,0.30323956389577517,-0.7304170035653912,1.056401224630453,247.54297733306885,0.0
8,waypoint_48,-30.0,0.30323956389577517,-0.7304170035653912,1.056401224630453,1.1751946294680238,0.005303752608597279
9,waypoint_48,-30.0,0.30323956389577517,-0.7304170035653912,1.056401224630453,1.2452405644580722,0.004661486018449068
10,waypoint_48,-30.0,0.30323956389577517,-0.7304170035653912,1.056401224630453,407.47007727622986,0.0
11,waypoint_48,-30.0,0.30323956389577517,-0.7304170035653912,1.056401224630453,345.29873728752136,0.0
12,waypoint_48,-30.0,0.30323956389577517,-0.7304170035653912,1.056401224630453,407.367080450058,0.0
13,waypoint_48,-30.0,0.30323956389577517,-0.7304170035653912,1.056401224630453,316.33076071739197,0.0
14,waypoint_48,-30.0,0.30323956389577517,-0.7304170035653912,1.056401224630453,383.8028013706207,0.0
0,waypoint_49,-30.0,0.3232395638957754,-0.7304170035653912,1.056401224630453,198.24032485485077,0.0
1,waypoint_49,-30.0,0.3232395638957754,-0.7304170035653912,1.056401224630453,136.33717596530914,0.0
2,waypoint_49,-30.0,0.3232395638957754,-0.7304170035653912,1.056401224630453,69.48359310626984,0.0
3,waypoint_49,-30.0,0.3232395638957754,-0.7304170035653912,1.056401224630453,77.3400142788887,0.0
4,waypoint_49,-30.0,0.3232395638957754,-0.7304170035653912,1.056401224630453,1.1501198168843985,0.03981035575270653
5,waypoint_49,-30.0,0.3232395638957754,-0.7304170035653912,1.056401224630453,1.0976978810504079,0.033473484218120575
6,waypoint_49,-30.0,0.3232395638957754,-0.7304170035653912,1.056401224630453,1.098895794712007,0.02429993823170662
7,waypoint_49,-30.0,0.3232395638957754,-0.7304170035653912,1.056401224630453,238.65745961666107,0.0
8,waypoint_49,-30.0,0.3232395638957754,-0.7304170035653912,1.056401224630453,1.145383226685226,0.007073014974594116
9,waypoint_49,-30.0,0.3232395638957754,-0.7304170035653912,1.056401224630453,1.1538885300979018,0.002632212359458208
10,waypoint_49,-30.0,0.3232395638957754,-0.7304170035653912,1.056401224630453,409.91535782814026,0.0
11,waypoint_49,-30.0,0.3232395638957754,-0.7304170035653912,1.056401224630453,350.8335053920746,0.0
12,waypoint_49,-30.0,0.3232395638957754,-0.7304170035653912,1.056401224630453,402.76509523391724,0.0
13,waypoint_49,-30.0,0.3232395638957754,-0.7304170035653912,1.056401224630453,317.7153170108795,0.0
14,waypoint_49,-30.0,0.3232395638957754,-0.7304170035653912,1.056401224630453,383.13984870910645,0.0
0,waypoint_49,-15.0,0.3232395638957754,-0.7304170035653912,1.056401224630453,213.15783262252808,0.0
1,waypoint_49,-15.0,0.3232395638957754,-0.7304170035653912,1.056401224630453,150.29242634773254,0.0
2,waypoint_49,-15.0,0.3232395638957754,-0.7304170035653912,1.056401224630453,97.07138687372208,0.0
3,waypoint_49,-15.0,0.3232395638957754,-0.7304170035653912,1.056401224630453,60.78525632619858,0.0
4,waypoint_49,-15.0,0.3232395638957754,-0.7304170035653912,1.056401224630453,4.389280453324318,0.0
5,waypoint_49,-15.0,0.3232395638957754,-0.7304170035653912,1.056401224630453,4.644252825528383,0.0
6,waypoint_49,-15.0,0.3232395638957754,-0.7304170035653912,1.056401224630453,5.6056552566587925,0.0
7,waypoint_49,-15.0,0.3232395638957754,-0.7304170035653912,1.056401224630453,230.26694357395172,0.0
8,waypoint_49,-15.0,0.3232395638957754,-0.7304170035653912,1.056401224630453,10.688678361475468,0.0
9,waypoint_49,-15.0,0.3232395638957754,-0.7304170035653912,1.056401224630453,17.057204619050026,0.0
10,waypoint_49,-15.0,0.3232395638957754,-0.7304170035653912,1.056401224630453,408.29163789749146,0.0
11,waypoint_49,-15.0,0.3232395638957754,-0.7304170035653912,1.056401224630453,349.94184970855713,0.0
12,waypoint_49,-15.0,0.3232395638957754,-0.7304170035653912,1.056401224630453,399.4957208633423,0.0
13,waypoint_49,-15.0,0.3232395638957754,-0.7304170035653912,1.056401224630453,318.24830174446106,0.0
14,waypoint_49,-15.0,0.3232395638957754,-0.7304170035653912,1.056401224630453,383.66201519966125,0.0
0,waypoint_49,0.0,0.3232395638957754,-0.7304170035653912,1.056401224630453,266.1480903625488,0.0
1,waypoint_49,0.0,0.3232395638957754,-0.7304170035653912,1.056401224630453,150.83381533622742,0.0
2,waypoint_49,0.0,0.3232395638957754,-0.7304170035653912,1.056401224630453,248.99062514305115,0.0
3,waypoint_49,0.0,0.3232395638957754,-0.7304170035653912,1.056401224630453,78.62092554569244,0.0
4,waypoint_49,0.0,0.3232395638957754,-0.7304170035653912,1.056401224630453,0.37544267252087593,0.03043963573873043
5,waypoint_49,0.0,0.3232395638957754,-0.7304170035653912,1.056401224630453,0.434026587754488,0.03108701854944229
6,waypoint_49,0.0,0.3232395638957754,-0.7304170035653912,1.056401224630453,0.46571713755838573,0.024361805990338326
7,waypoint_49,0.0,0.3232395638957754,-0.7304170035653912,1.056401224630453,155.92582523822784,0.0
8,waypoint_49,0.0,0.3232395638957754,-0.7304170035653912,1.056401224630453,0.5212600226514041,0.006279694847762585
9,waypoint_49,0.0,0.3232395638957754,-0.7304170035653912,1.056401224630453,1.0760000441223383,0.0038580894470214844
10,waypoint_49,0.0,0.3232395638957754,-0.7304170035653912,1.056401224630453,393.6346173286438,0.0
11,waypoint_49,0.0,0.3232395638957754,-0.7304170035653912,1.056401224630453,333.9811861515045,0.0
12,waypoint_49,0.0,0.3232395638957754,-0.7304170035653912,1.056401224630453,363.4393513202667,0.0
13,waypoint_49,0.0,0.3232395638957754,-0.7304170035653912,1.056401224630453,324.94691014289856,0.0
14,waypoint_49,0.0,0.3232395638957754,-0.7304170035653912,1.056401224630453,361.4387512207031,0.0
0,waypoint_49,15.0,0.3232395638957754,-0.7304170035653912,1.056401224630453,258.1292986869812,0.0
1,waypoint_49,15.0,0.3232395638957754,-0.7304170035653912,1.056401224630453,162.7054065465927,0.0
2,waypoint_49,15.0,0.3232395638957754,-0.7304170035653912,1.056401224630453,218.71109306812286,0.0
3,waypoint_49,15.0,0.3232395638957754,-0.7304170035653912,1.056401224630453,114.4552156329155,0.0
4,waypoint_49,15.0,0.3232395638957754,-0.7304170035653912,1.056401224630453,6.552279926836491,0.0
5,waypoint_49,15.0,0.3232395638957754,-0.7304170035653912,1.056401224630453,6.366785615682602,0.0
6,waypoint_49,15.0,0.3232395638957754,-0.7304170035653912,1.056401224630453,6.929237395524979,0.0
7,waypoint_49,15.0,0.3232395638957754,-0.7304170035653912,1.056401224630453,144.61632072925568,0.0
8,waypoint_49,15.0,0.3232395638957754,-0.7304170035653912,1.056401224630453,10.262968949973583,0.0
9,waypoint_49,15.0,0.3232395638957754,-0.7304170035653912,1.056401224630453,16.109300777316093,0.0
10,waypoint_49,15.0,0.3232395638957754,-0.7304170035653912,1.056401224630453,388.8121247291565,0.0
11,waypoint_49,15.0,0.3232395638957754,-0.7304170035653912,1.056401224630453,330.29866218566895,0.0
12,waypoint_49,15.0,0.3232395638957754,-0.7304170035653912,1.056401224630453,357.3041260242462,0.0
13,waypoint_49,15.0,0.3232395638957754,-0.7304170035653912,1.056401224630453,325.1291513442993,0.0
14,waypoint_49,15.0,0.3232395638957754,-0.7304170035653912,1.056401224630453,354.07012701034546,0.0
0,waypoint_49,30.0,0.3232395638957754,-0.7304170035653912,1.056401224630453,355.02520203590393,0.0
1,waypoint_49,30.0,0.3232395638957754,-0.7304170035653912,1.056401224630453,296.80344462394714,0.0
2,waypoint_49,30.0,0.3232395638957754,-0.7304170035653912,1.056401224630453,240.31271040439606,0.0
3,waypoint_49,30.0,0.3232395638957754,-0.7304170035653912,1.056401224630453,343.9219295978546,0.0
4,waypoint_49,30.0,0.3232395638957754,-0.7304170035653912,1.056401224630453,14.760276302695274,0.0
5,waypoint_49,30.0,0.3232395638957754,-0.7304170035653912,1.056401224630453,0.00411746896133991,0.0228499174118042
6,waypoint_49,30.0,0.3232395638957754,-0.7304170035653912,1.056401224630453,0.0037923966829112032,0.021564695984125137
7,waypoint_49,30.0,0.3232395638957754,-0.7304170035653912,1.056401224630453,66.34852290153503,0.0
8,waypoint_49,30.0,0.3232395638957754,-0.7304170035653912,1.056401224630453,0.008831952072796412,0.006315131671726704
9,waypoint_49,30.0,0.3232395638957754,-0.7304170035653912,1.056401224630453,0.023123222490539774,0.003189024981111288
10,waypoint_49,30.0,0.3232395638957754,-0.7304170035653912,1.056401224630453,358.10282826423645,0.0
11,waypoint_49,30.0,0.3232395638957754,-0.7304170035653912,1.056401224630453,305.7441711425781,0.0
12,waypoint_49,30.0,0.3232395638957754,-0.7304170035653912,1.056401224630453,311.89510226249695,0.0
13,waypoint_49,30.0,0.3232395638957754,-0.7304170035653912,1.056401224630453,320.8918869495392,0.0
14,waypoint_49,30.0,0.3232395638957754,-0.7304170035653912,1.056401224630453,313.81991505622864,0.0
0,waypoint_50,30.0,0.3432395638957752,-0.7304170035653912,1.056401224630453,357.7061891555786,0.0
1,waypoint_50,30.0,0.3432395638957752,-0.7304170035653912,1.056401224630453,316.981703042984,0.0
2,waypoint_50,30.0,0.3432395638957752,-0.7304170035653912,1.056401224630453,294.7172224521637,0.0
3,waypoint_50,30.0,0.3432395638957752,-0.7304170035653912,1.056401224630453,315.88253378868103,0.0
4,waypoint_50,30.0,0.3432395638957752,-0.7304170035653912,1.056401224630453,270.1830267906189,0.0
5,waypoint_50,30.0,0.3432395638957752,-0.7304170035653912,1.056401224630453,0.009825188499235082,0.021531805396080017
6,waypoint_50,30.0,0.3432395638957752,-0.7304170035653912,1.056401224630453,0.010231923624814954,0.02246980182826519
7,waypoint_50,30.0,0.3432395638957752,-0.7304170035653912,1.056401224630453,64.0474483370781,0.0
8,waypoint_50,30.0,0.3432395638957752,-0.7304170035653912,1.056401224630453,0.010340332664782181,0.008050044067203999
9,waypoint_50,30.0,0.3432395638957752,-0.7304170035653912,1.056401224630453,110.81704497337341,0.0
10,waypoint_50,30.0,0.3432395638957752,-0.7304170035653912,1.056401224630453,364.7081255912781,0.0
11,waypoint_50,30.0,0.3432395638957752,-0.7304170035653912,1.056401224630453,315.5083954334259,0.0
12,waypoint_50,30.0,0.3432395638957752,-0.7304170035653912,1.056401224630453,313.70508670806885,0.0
13,waypoint_50,30.0,0.3432395638957752,-0.7304170035653912,1.056401224630453,325.9667456150055,0.0
14,waypoint_50,30.0,0.3432395638957752,-0.7304170035653912,1.056401224630453,306.7578971385956,0.0
0,waypoint_50,15.0,0.3432395638957752,-0.7304170035653912,1.056401224630453,344.36681866645813,0.0
1,waypoint_50,15.0,0.3432395638957752,-0.7304170035653912,1.056401224630453,301.5334904193878,0.0
2,waypoint_50,15.0,0.3432395638957752,-0.7304170035653912,1.056401224630453,271.3630199432373,0.0
3,waypoint_50,15.0,0.3432395638957752,-0.7304170035653912,1.056401224630453,267.87811517715454,0.0
4,waypoint_50,15.0,0.3432395638957752,-0.7304170035653912,1.056401224630453,260.92034578323364,0.0
5,waypoint_50,15.0,0.3432395638957752,-0.7304170035653912,1.056401224630453,0.004423612608661642,0.0278390571475029
6,waypoint_50,15.0,0.3432395638957752,-0.7304170035653912,1.056401224630453,0.003568447027646471,0.024599716067314148
7,waypoint_50,15.0,0.3432395638957752,-0.7304170035653912,1.056401224630453,101.61828994750977,0.0
8,waypoint_50,15.0,0.3432395638957752,-0.7304170035653912,1.056401224630453,0.004318355422583409,0.007970238104462624
9,waypoint_50,15.0,0.3432395638957752,-0.7304170035653912,1.056401224630453,0.024405318981735036,0.002016560873016715
10,waypoint_50,15.0,0.3432395638957752,-0.7304170035653912,1.056401224630453,381.5600574016571,0.0
11,waypoint_50,15.0,0.3432395638957752,-0.7304170035653912,1.056401224630453,328.9799094200134,0.0
12,waypoint_50,15.0,0.3432395638957752,-0.7304170035653912,1.056401224630453,337.0421528816223,0.0
13,waypoint_50,15.0,0.3432395638957752,-0.7304170035653912,1.056401224630453,329.67469096183777,0.0
14,waypoint_50,15.0,0.3432395638957752,-0.7304170035653912,1.056401224630453,329.3370306491852,0.0
0,waypoint_50,0.0,0.3432395638957752,-0.7304170035653912,1.056401224630453,274.20398592948914,0.0
1,waypoint_50,0.0,0.3432395638957752,-0.7304170035653912,1.056401224630453,294.34385895729065,0.0
2,waypoint_50,0.0,0.3432395638957752,-0.7304170035653912,1.056401224630453,246.86536192893982,0.0
3,waypoint_50,0.0,0.3432395638957752,-0.7304170035653912,1.056401224630453,244.36599016189575,0.0
4,waypoint_50,0.0,0.3432395638957752,-0.7304170035653912,1.056401224630453,68.43976676464081,0.0
5,waypoint_50,0.0,0.3432395638957752,-0.7304170035653912,1.056401224630453,0.0037108379729033913,0.031844574958086014
6,waypoint_50,0.0,0.3432395638957752,-0.7304170035653912,1.056401224630453,0.0037941529171803268,0.02593642845749855
7,waypoint_50,0.0,0.3432395638957752,-0.7304170035653912,1.056401224630453,148.6528515815735,0.0
8,waypoint_50,0.0,0.3432395638957752,-0.7304170035653912,1.056401224630453,0.004676971002481878,0.008209812454879284
9,waypoint_50,0.0,0.3432395638957752,-0.7304170035653912,1.056401224630453,0.005831515863974346,0.0017378979828208685
10,waypoint_50,0.0,0.3432395638957752,-0.7304170035653912,1.056401224630453,395.6224024295807,0.0
11,waypoint_50,0.0,0.3432395638957752,-0.7304170035653912,1.056401224630453,344.6953296661377,0.0
12,waypoint_50,0.0,0.3432395638957752,-0.7304170035653912,1.056401224630453,362.5967502593994,0.0
13,waypoint_50,0.0,0.3432395638957752,-0.7304170035653912,1.056401224630453,327.80903577804565,0.0
14,waypoint_50,0.0,0.3432395638957752,-0.7304170035653912,1.056401224630453,348.581463098526,0.0
0,waypoint_50,-15.0,0.3432395638957752,-0.7304170035653912,1.056401224630453,241.91699922084808,0.0
1,waypoint_50,-15.0,0.3432395638957752,-0.7304170035653912,1.056401224630453,216.43826365470886,0.0
2,waypoint_50,-15.0,0.3432395638957752,-0.7304170035653912,1.056401224630453,265.42115211486816,0.0
3,waypoint_50,-15.0,0.3432395638957752,-0.7304170035653912,1.056401224630453,211.4551216363907,0.0
4,waypoint_50,-15.0,0.3432395638957752,-0.7304170035653912,1.056401224630453,120.89519202709198,0.0
5,waypoint_50,-15.0,0.3432395638957752,-0.7304170035653912,1.056401224630453,0.004887580871582031,0.03412405401468277
6,waypoint_50,-15.0,0.3432395638957752,-0.7304170035653912,1.056401224630453,0.00507593995280331,0.026402559131383896
7,waypoint_50,-15.0,0.3432395638957752,-0.7304170035653912,1.056401224630453,192.48105585575104,0.0
8,waypoint_50,-15.0,0.3432395638957752,-0.7304170035653912,1.056401224630453,0.003435549842834007,0.008523995988070965
9,waypoint_50,-15.0,0.3432395638957752,-0.7304170035653912,1.056401224630453,0.01110183529817732,0.0014014982152730227
10,waypoint_50,-15.0,0.3432395638957752,-0.7304170035653912,1.056401224630453,408.9008867740631,0.0
11,waypoint_50,-15.0,0.3432395638957752,-0.7304170035653912,1.056401224630453,357.13058710098267,0.0
12,waypoint_50,-15.0,0.3432395638957752,-0.7304170035653912,1.056401224630453,388.1552219390869,0.0
13,waypoint_50,-15.0,0.3432395638957752,-0.7304170035653912,1.056401224630453,322.77244329452515,0.0
14,waypoint_50,-15.0,0.3432395638957752,-0.7304170035653912,1.056401224630453,376.2597441673279,0.0
0,waypoint_50,-30.0,0.3432395638957752,-0.7304170035653912,1.056401224630453,234.08500850200653,0.0
1,waypoint_50,-30.0,0.3432395638957752,-0.7304170035653912,1.056401224630453,165.18953442573547,0.0
2,waypoint_50,-30.0,0.3432395638957752,-0.7304170035653912,1.056401224630453,139.47686553001404,0.0
3,waypoint_50,-30.0,0.3432395638957752,-0.7304170035653912,1.056401224630453,0.01420342505298322,0.026888027787208557
4,waypoint_50,-30.0,0.3432395638957752,-0.7304170035653912,1.056401224630453,181.1174899339676,0.0
5,waypoint_50,-30.0,0.3432395638957752,-0.7304170035653912,1.056401224630453,0.005070250153949019,0.035052064806222916
6,waypoint_50,-30.0,0.3432395638957752,-0.7304170035653912,1.056401224630453,0.005323198820406105,0.026061981916427612
7,waypoint_50,-30.0,0.3432395638957752,-0.7304170035653912,1.056401224630453,231.58857226371765,0.0
8,waypoint_50,-30.0,0.3432395638957752,-0.7304170035653912,1.056401224630453,0.004082918167114258,0.008666018955409527
9,waypoint_50,-30.0,0.3432395638957752,-0.7304170035653912,1.056401224630453,0.005802199211757397,0.0011862283572554588
10,waypoint_50,-30.0,0.3432395638957752,-0.7304170035653912,1.056401224630453,410.72458028793335,0.0
11,waypoint_50,-30.0,0.3432395638957752,-0.7304170035653912,1.056401224630453,360.749214887619,0.0
12,waypoint_50,-30.0,0.3432395638957752,-0.7304170035653912,1.056401224630453,400.9506106376648,0.0
13,waypoint_50,-30.0,0.3432395638957752,-0.7304170035653912,1.056401224630453,314.8461580276489,0.0
14,waypoint_50,-30.0,0.3432395638957752,-0.7304170035653912,1.056401224630453,403.1772017478943,0.0
0,waypoint_51,-30.0,0.1632395638957761,-0.7050469241938334,1.043684508641266,100.97602754831314,0.0
1,waypoint_51,-30.0,0.1632395638957761,-0.7050469241938334,1.043684508641266,50.532881170511246,0.0
2,waypoint_51,-30.0,0.1632395638957761,-0.7050469241938334,1.043684508641266,0.008049937605392188,0.041960228234529495
3,waypoint_51,-30.0,0.1632395638957761,-0.7050469241938334,1.043684508641266,0.011806535439973231,0.036607082933187485
4,waypoint_51,-30.0,0.1632395638957761,-0.7050469241938334,1.043684508641266,349.42927956581116,0.0
5,waypoint_51,-30.0,0.1632395638957761,-0.7050469241938334,1.043684508641266,0.025454184651607648,0.017879778519272804
6,waypoint_51,-30.0,0.1632395638957761,-0.7050469241938334,1.043684508641266,0.014237472896638792,0.009855919517576694
7,waypoint_51,-30.0,0.1632395638957761,-0.7050469241938334,1.043684508641266,354.39401865005493,0.0
8,waypoint_51,-30.0,0.1632395638957761,-0.7050469241938334,1.043684508641266,0.006762977136531845,0.008539007976651192
9,waypoint_51,-30.0,0.1632395638957761,-0.7050469241938334,1.043684508641266,0.012521515600383282,0.020456042140722275
10,waypoint_51,-30.0,0.1632395638957761,-0.7050469241938334,1.043684508641266,417.1118438243866,0.0
11,waypoint_51,-30.0,0.1632395638957761,-0.7050469241938334,1.043684508641266,342.4367308616638,0.0
12,waypoint_51,-30.0,0.1632395638957761,-0.7050469241938334,1.043684508641266,469.2918360233307,0.0
13,waypoint_51,-30.0,0.1632395638957761,-0.7050469241938334,1.043684508641266,307.959645986557,0.0
14,waypoint_51,-30.0,0.1632395638957761,-0.7050469241938334,1.043684508641266,533.1745147705078,0.0
0,waypoint_51,-15.0,0.1632395638957761,-0.7050469241938334,1.043684508641266,76.75851881504059,0.0
1,waypoint_51,-15.0,0.1632395638957761,-0.7050469241938334,1.043684508641266,28.775377199053764,0.0
2,waypoint_51,-15.0,0.1632395638957761,-0.7050469241938334,1.043684508641266,0.0027392209176468896,0.03818755969405174
3,waypoint_51,-15.0,0.1632395638957761,-0.7050469241938334,1.043684508641266,0.0038221405702643096,0.03610850125551224
4,waypoint_51,-15.0,0.1632395638957761,-0.7050469241938334,1.043684508641266,328.1169533729553,0.0
5,waypoint_51,-15.0,0.1632395638957761,-0.7050469241938334,1.043684508641266,0.0048642650654073805,0.018841898068785667
6,waypoint_51,-15.0,0.1632395638957761,-0.7050469241938334,1.043684508641266,0.005120820333104348,0.010160326957702637
7,waypoint_51,-15.0,0.1632395638957761,-0.7050469241938334,1.043684508641266,322.5207030773163,0.0
8,waypoint_51,-15.0,0.1632395638957761,-0.7050469241938334,1.043684508641266,0.002598277205834165,0.009487021714448929
9,waypoint_51,-15.0,0.1632395638957761,-0.7050469241938334,1.043684508641266,0.00442200598627096,0.020908469334244728
10,waypoint_51,-15.0,0.1632395638957761,-0.7050469241938334,1.043684508641266,415.3611958026886,0.0
11,waypoint_51,-15.0,0.1632395638957761,-0.7050469241938334,1.043684508641266,328.04185152053833,0.0
12,waypoint_51,-15.0,0.1632395638957761,-0.7050469241938334,1.043684508641266,443.04853677749634,0.0
13,waypoint_51,-15.0,0.1632395638957761,-0.7050469241938334,1.043684508641266,291.2750244140625,0.0
14,waypoint_51,-15.0,0.1632395638957761,-0.7050469241938334,1.043684508641266,522.874116897583,0.0
0,waypoint_51,0.0,0.1632395638957761,-0.7050469241938334,1.043684508641266,91.22699499130249,0.0
1,waypoint_51,0.0,0.1632395638957761,-0.7050469241938334,1.043684508641266,221.52474522590637,0.0
2,waypoint_51,0.0,0.1632395638957761,-0.7050469241938334,1.043684508641266,0.003373854497112916,0.031602777540683746
3,waypoint_51,0.0,0.1632395638957761,-0.7050469241938334,1.043684508641266,0.003373854497112916,0.03443456068634987
4,waypoint_51,0.0,0.1632395638957761,-0.7050469241938334,1.043684508641266,296.9624996185303,0.0
5,waypoint_51,0.0,0.1632395638957761,-0.7050469241938334,1.043684508641266,0.0033569640436326154,0.019287120550870895
6,waypoint_51,0.0,0.1632395638957761,-0.7050469241938334,1.043684508641266,0.0031000504350231495,0.010192961432039738
7,waypoint_51,0.0,0.1632395638957761,-0.7050469241938334,1.043684508641266,285.8407199382782,0.0
8,waypoint_51,0.0,0.1632395638957761,-0.7050469241938334,1.043684508641266,0.0023163518108049175,0.010026429779827595
9,waypoint_51,0.0,0.1632395638957761,-0.7050469241938334,1.043684508641266,0.0041019084164872766,0.020408334210515022
10,waypoint_51,0.0,0.1632395638957761,-0.7050469241938334,1.043684508641266,395.50548791885376,0.0
11,waypoint_51,0.0,0.1632395638957761,-0.7050469241938334,1.043684508641266,303.81903052330017,0.0
12,waypoint_51,0.0,0.1632395638957761,-0.7050469241938334,1.043684508641266,409.88826751708984,0.0
13,waypoint_51,0.0,0.1632395638957761,-0.7050469241938334,1.043684508641266,300.88698863983154,0.0
14,waypoint_51,0.0,0.1632395638957761,-0.7050469241938334,1.043684508641266,475.97575187683105,0.0
0,waypoint_51,15.0,0.1632395638957761,-0.7050469241938334,1.043684508641266,330.5102288722992,0.0
1,waypoint_51,15.0,0.1632395638957761,-0.7050469241938334,1.043684508641266,303.79611253738403,0.0
2,waypoint_51,15.0,0.1632395638957761,-0.7050469241938334,1.043684508641266,0.0057220458984375,0.01958482339978218
3,waypoint_51,15.0,0.1632395638957761,-0.7050469241938334,1.043684508641266,0.0073340361268492416,0.031295690685510635
4,waypoint_51,15.0,0.1632395638957761,-0.7050469241938334,1.043684508641266,292.2889292240143,0.0
5,waypoint_51,15.0,0.1632395638957761,-0.7050469241938334,1.043684508641266,0.0033569640436326154,0.01925981417298317
6,waypoint_51,15.0,0.1632395638957761,-0.7050469241938334,1.043684508641266,0.0037015215639257804,0.010141916573047638
7,waypoint_51,15.0,0.1632395638957761,-0.7050469241938334,1.043684508641266,246.49694561958313,0.0
8,waypoint_51,15.0,0.1632395638957761,-0.7050469241938334,1.043684508641266,0.003364496024005348,0.009882744401693344
9,waypoint_51,15.0,0.1632395638957761,-0.7050469241938334,1.043684508641266,0.0019110702851321548,0.018509505316615105
10,waypoint_51,15.0,0.1632395638957761,-0.7050469241938334,1.043684508641266,371.8072175979614,0.0
11,waypoint_51,15.0,0.1632395638957761,-0.7050469241938334,1.043684508641266,281.6796004772186,0.0
12,waypoint_51,15.0,0.1632395638957761,-0.7050469241938334,1.043684508641266,387.0205879211426,0.0
13,waypoint_51,15.0,0.1632395638957761,-0.7050469241938334,1.043684508641266,301.2704849243164,0.0
14,waypoint_51,15.0,0.1632395638957761,-0.7050469241938334,1.043684508641266,450.97827911376953,0.0
0,waypoint_51,30.0,0.1632395638957761,-0.7050469241938334,1.043684508641266,371.93790078163147,0.0
1,waypoint_51,30.0,0.1632395638957761,-0.7050469241938334,1.043684508641266,330.5899500846863,0.0
2,waypoint_51,30.0,0.1632395638957761,-0.7050469241938334,1.043684508641266,16.88399352133274,0.0
3,waypoint_51,30.0,0.1632395638957761,-0.7050469241938334,1.043684508641266,0.0027495771064423025,0.026441294699907303
4,waypoint_51,30.0,0.1632395638957761,-0.7050469241938334,1.043684508641266,97.46300429105759,0.0
5,waypoint_51,30.0,0.1632395638957761,-0.7050469241938334,1.043684508641266,0.004479478320718044,0.018953610211610794
6,waypoint_51,30.0,0.1632395638957761,-0.7050469241938334,1.043684508641266,0.005414701263362076,0.010254881344735622
7,waypoint_51,30.0,0.1632395638957761,-0.7050469241938334,1.043684508641266,208.75975489616394,0.0
8,waypoint_51,30.0,0.1632395638957761,-0.7050469241938334,1.043684508641266,0.00460626688436605,0.008790286257863045
9,waypoint_51,30.0,0.1632395638957761,-0.7050469241938334,1.043684508641266,0.003207593863407965,0.014670382253825665
10,waypoint_51,30.0,0.1632395638957761,-0.7050469241938334,1.043684508641266,346.4312553405762,0.0
11,waypoint_51,30.0,0.1632395638957761,-0.7050469241938334,1.043684508641266,253.25420498847961,0.0
12,waypoint_51,30.0,0.1632395638957761,-0.7050469241938334,1.043684508641266,356.26712441444397,0.0
13,waypoint_51,30.0,0.1632395638957761,-0.7050469241938334,1.043684508641266,292.9704189300537,0.0
14,waypoint_51,30.0,0.1632395638957761,-0.7050469241938334,1.043684508641266,424.309641122818,0.0
0,waypoint_52,30.0,0.18323956389577567,-0.7050469241938334,1.043684508641266,362.77177929878235,0.0
1,waypoint_52,30.0,0.18323956389577567,-0.7050469241938334,1.043684508641266,354.097455739975,0.0
2,waypoint_52,30.0,0.18323956389577567,-0.7050469241938334,1.043684508641266,112.17313259840012,0.0
3,waypoint_52,30.0,0.18323956389577567,-0.7050469241938334,1.043684508641266,0.8080418920144439,0.024738643318414688
4,waypoint_52,30.0,0.18323956389577567,-0.7050469241938334,1.043684508641266,97.33310341835022,0.0
5,waypoint_52,30.0,0.18323956389577567,-0.7050469241938334,1.043684508641266,0.8852035971358418,0.020618334412574768
6,waypoint_52,30.0,0.18323956389577567,-0.7050469241938334,1.043684508641266,0.9622758952900767,0.012164073996245861
7,waypoint_52,30.0,0.18323956389577567,-0.7050469241938334,1.043684508641266,186.84121966362,0.0
8,waypoint_52,30.0,0.18323956389577567,-0.7050469241938334,1.043684508641266,1.1721571208909154,0.007018526550382376
9,waypoint_52,30.0,0.18323956389577567,-0.7050469241938334,1.043684508641266,1.280557131394744,0.014051995240151882
10,waypoint_52,30.0,0.18323956389577567,-0.7050469241938334,1.043684508641266,344.8273539543152,0.0
11,waypoint_52,30.0,0.18323956389577567,-0.7050469241938334,1.043684508641266,254.1791796684265,0.0
12,waypoint_52,30.0,0.18323956389577567,-0.7050469241938334,1.043684508641266,347.69660234451294,0.0
13,waypoint_52,30.0,0.18323956389577567,-0.7050469241938334,1.043684508641266,289.48816657066345,0.0
14,waypoint_52,30.0,0.18323956389577567,-0.7050469241938334,1.043684508641266,410.8850359916687,0.0
0,waypoint_52,15.0,0.18323956389577567,-0.7050469241938334,1.043684508641266,322.78937101364136,0.0
1,waypoint_52,15.0,0.18323956389577567,-0.7050469241938334,1.043684508641266,303.9071261882782,0.0
2,waypoint_52,15.0,0.18323956389577567,-0.7050469241938334,1.043684508641266,148.86392652988434,0.0
3,waypoint_52,15.0,0.18323956389577567,-0.7050469241938334,1.043684508641266,7.356739602982998,0.0
4,waypoint_52,15.0,0.18323956389577567,-0.7050469241938334,1.043684508641266,92.93442219495773,0.0
5,waypoint_52,15.0,0.18323956389577567,-0.7050469241938334,1.043684508641266,6.679346784949303,0.0
6,waypoint_52,15.0,0.18323956389577567,-0.7050469241938334,1.043684508641266,7.315891794860363,0.0
7,waypoint_52,15.0,0.18323956389577567,-0.7050469241938334,1.043684508641266,195.77011466026306,0.0
8,waypoint_52,15.0,0.18323956389577567,-0.7050469241938334,1.043684508641266,13.282078318297863,0.0
9,waypoint_52,15.0,0.18323956389577567,-0.7050469241938334,1.043684508641266,14.548189006745815,0.0
10,waypoint_52,15.0,0.18323956389577567,-0.7050469241938334,1.043684508641266,353.14473509788513,0.0
11,waypoint_52,15.0,0.18323956389577567,-0.7050469241938334,1.043684508641266,261.82296872138977,0.0
12,waypoint_52,15.0,0.18323956389577567,-0.7050469241938334,1.043684508641266,353.9983630180359,0.0
13,waypoint_52,15.0,0.18323956389577567,-0.7050469241938334,1.043684508641266,292.5399839878082,0.0
14,waypoint_52,15.0,0.18323956389577567,-0.7050469241938334,1.043684508641266,416.6997969150543,0.0
0,waypoint_52,0.0,0.18323956389577567,-0.7050469241938334,1.043684508641266,246.7484325170517,0.0
1,waypoint_52,0.0,0.18323956389577567,-0.7050469241938334,1.043684508641266,240.90537428855896,0.0
2,waypoint_52,0.0,0.18323956389577567,-0.7050469241938334,1.043684508641266,62.13695555925369,0.0
3,waypoint_52,0.0,0.18323956389577567,-0.7050469241938334,1.043684508641266,0.24243886582553387,0.03503796458244324
4,waypoint_52,0.0,0.18323956389577567,-0.7050469241938334,1.043684508641266,115.281842648983,0.0
5,waypoint_52,0.0,0.18323956389577567,-0.7050469241938334,1.043684508641266,0.38776925066486,0.021090364083647728
6,waypoint_52,0.0,0.18323956389577567,-0.7050469241938334,1.043684508641266,0.5054502980783582,0.01205211877822876
7,waypoint_52,0.0,0.18323956389577567,-0.7050469241938334,1.043684508641266,266.2082314491272,0.0
8,waypoint_52,0.0,0.18323956389577567,-0.7050469241938334,1.043684508641266,1.0233329376205802,0.007815414108335972
9,waypoint_52,0.0,0.18323956389577567,-0.7050469241938334,1.043684508641266,0.8548637269996107,0.018413349986076355
10,waypoint_52,0.0,0.18323956389577567,-0.7050469241938334,1.043684508641266,392.48815178871155,0.0
11,waypoint_52,0.0,0.18323956389577567,-0.7050469241938334,1.043684508641266,304.83490228652954,0.0
12,waypoint_52,0.0,0.18323956389577567,-0.7050469241938334,1.043684508641266,403.53924036026,0.0
13,waypoint_52,0.0,0.18323956389577567,-0.7050469241938334,1.043684508641266,296.5170741081238,0.0
14,waypoint_52,0.0,0.18323956389577567,-0.7050469241938334,1.043684508641266,454.34415340423584,0.0
0,waypoint_52,-15.0,0.18323956389577567,-0.7050469241938334,1.043684508641266,271.9027101993561,0.0
1,waypoint_52,-15.0,0.18323956389577567,-0.7050469241938334,1.043684508641266,271.19502425193787,0.0
2,waypoint_52,-15.0,0.18323956389577567,-0.7050469241938334,1.043684508641266,84.2428207397461,0.0
3,waypoint_52,-15.0,0.18323956389577567,-0.7050469241938334,1.043684508641266,5.839983467012644,0.0
4,waypoint_52,-15.0,0.18323956389577567,-0.7050469241938334,1.043684508641266,118.0819720029831,0.0
5,waypoint_52,-15.0,0.18323956389577567,-0.7050469241938334,1.043684508641266,7.264109794050455,0.0
6,waypoint_52,-15.0,0.18323956389577567,-0.7050469241938334,1.043684508641266,9.378490038216114,0.0
7,waypoint_52,-15.0,0.18323956389577567,-0.7050469241938334,1.043684508641266,275.22507309913635,0.0
8,waypoint_52,-15.0,0.18323956389577567,-0.7050469241938334,1.043684508641266,15.210101380944252,0.0
9,waypoint_52,-15.0,0.18323956389577567,-0.7050469241938334,1.043684508641266,16.735807061195374,0.0
10,waypoint_52,-15.0,0.18323956389577567,-0.7050469241938334,1.043684508641266,396.77783846855164,0.0
11,waypoint_52,-15.0,0.18323956389577567,-0.7050469241938334,1.043684508641266,310.58695912361145,0.0
12,waypoint_52,-15.0,0.18323956389577567,-0.7050469241938334,1.043684508641266,411.0264480113983,0.0
13,waypoint_52,-15.0,0.18323956389577567,-0.7050469241938334,1.043684508641266,297.9793846607208,0.0
14,waypoint_52,-15.0,0.18323956389577567,-0.7050469241938334,1.043684508641266,462.68248558044434,0.0
0,waypoint_52,-30.0,0.18323956389577567,-0.7050469241938334,1.043684508641266,231.55052959918976,0.0
1,waypoint_52,-30.0,0.18323956389577567,-0.7050469241938334,1.043684508641266,222.48899936676025,0.0
2,waypoint_52,-30.0,0.18323956389577567,-0.7050469241938334,1.043684508641266,174.3655651807785,0.0
3,waypoint_52,-30.0,0.18323956389577567,-0.7050469241938334,1.043684508641266,0.5607992061413825,0.03825289011001587
4,waypoint_52,-30.0,0.18323956389577567,-0.7050469241938334,1.043684508641266,279.3942391872406,0.0
5,waypoint_52,-30.0,0.18323956389577567,-0.7050469241938334,1.043684508641266,0.5961225251667202,0.019632983952760696
6,waypoint_52,-30.0,0.18323956389577567,-0.7050469241938334,1.043684508641266,0.5902211996726692,0.011419418267905712
7,waypoint_52,-30.0,0.18323956389577567,-0.7050469241938334,1.043684508641266,337.83936500549316,0.0
8,waypoint_52,-30.0,0.18323956389577567,-0.7050469241938334,1.043684508641266,1.2853739317506552,0.0063322302885353565
9,waypoint_52,-30.0,0.18323956389577567,-0.7050469241938334,1.043684508641266,1.238121883943677,0.017972435802221298
10,waypoint_52,-30.0,0.18323956389577567,-0.7050469241938334,1.043684508641266,416.282594203949,0.0
11,waypoint_52,-30.0,0.18323956389577567,-0.7050469241938334,1.043684508641266,341.8300747871399,0.0
12,waypoint_52,-30.0,0.18323956389577567,-0.7050469241938334,1.043684508641266,458.35062861442566,0.0
13,waypoint_52,-30.0,0.18323956389577567,-0.7050469241938334,1.043684508641266,301.91096663475037,0.0
14,waypoint_52,-30.0,0.18323956389577567,-0.7050469241938334,1.043684508641266,493.8908815383911,0.0
0,waypoint_53,-30.0,0.20323956389577547,-0.7050469241938334,1.043684508641266,189.50754404067993,0.0
1,waypoint_53,-30.0,0.20323956389577547,-0.7050469241938334,1.043684508641266,122.79901653528214,0.0
2,waypoint_53,-30.0,0.20323956389577547,-0.7050469241938334,1.043684508641266,149.59008991718292,0.0
3,waypoint_53,-30.0,0.20323956389577547,-0.7050469241938334,1.043684508641266,1.1214958503842354,0.03974246233701706
4,waypoint_53,-30.0,0.20323956389577547,-0.7050469241938334,1.043684508641266,274.3920683860779,0.0
5,waypoint_53,-30.0,0.20323956389577547,-0.7050469241938334,1.043684508641266,1.1228083167225122,0.021512823179364204
6,waypoint_53,-30.0,0.20323956389577547,-0.7050469241938334,1.043684508641266,1.1209938675165176,0.013045933097600937
7,waypoint_53,-30.0,0.20323956389577547,-0.7050469241938334,1.043684508641266,321.86204195022583,0.0
8,waypoint_53,-30.0,0.20323956389577547,-0.7050469241938334,1.043684508641266,1.1445438722148538,0.004177798982709646
9,waypoint_53,-30.0,0.20323956389577547,-0.7050469241938334,1.043684508641266,1.2556856963783503,0.015422667376697063
10,waypoint_53,-30.0,0.20323956389577547,-0.7050469241938334,1.043684508641266,413.93381357192993,0.0
11,waypoint_53,-30.0,0.20323956389577547,-0.7050469241938334,1.043684508641266,340.65407514572144,0.0
12,waypoint_53,-30.0,0.20323956389577547,-0.7050469241938334,1.043684508641266,449.5968222618103,0.0
13,waypoint_53,-30.0,0.20323956389577547,-0.7050469241938334,1.043684508641266,295.9294319152832,0.0
14,waypoint_53,-30.0,0.20323956389577547,-0.7050469241938334,1.043684508641266,485.2984547615051,0.0
0,waypoint_53,-15.0,0.20323956389577547,-0.7050469241938334,1.043684508641266,220.14842927455902,0.0
1,waypoint_53,-15.0,0.20323956389577547,-0.7050469241938334,1.043684508641266,73.40892404317856,0.0
2,waypoint_53,-15.0,0.20323956389577547,-0.7050469241938334,1.043684508641266,133.75255465507507,0.0
3,waypoint_53,-15.0,0.20323956389577547,-0.7050469241938334,1.043684508641266,4.138591233640909,0.0
4,waypoint_53,-15.0,0.20323956389577547,-0.7050469241938334,1.043684508641266,265.9720182418823,0.0
5,waypoint_53,-15.0,0.20323956389577547,-0.7050469241938334,1.043684508641266,5.533723160624504,0.0
6,waypoint_53,-15.0,0.20323956389577547,-0.7050469241938334,1.043684508641266,7.802396081387997,0.0
7,waypoint_53,-15.0,0.20323956389577547,-0.7050469241938334,1.043684508641266,314.5151436328888,0.0
8,waypoint_53,-15.0,0.20323956389577547,-0.7050469241938334,1.043684508641266,16.912110149860382,0.0
9,waypoint_53,-15.0,0.20323956389577547,-0.7050469241938334,1.043684508641266,18.44159886240959,0.0
10,waypoint_53,-15.0,0.20323956389577547,-0.7050469241938334,1.043684508641266,412.23984956741333,0.0
11,waypoint_53,-15.0,0.20323956389577547,-0.7050469241938334,1.043684508641266,337.7320170402527,0.0
12,waypoint_53,-15.0,0.20323956389577547,-0.7050469241938334,1.043684508641266,445.171982049942,0.0
13,waypoint_53,-15.0,0.20323956389577547,-0.7050469241938334,1.043684508641266,295.16923427581787,0.0
14,waypoint_53,-15.0,0.20323956389577547,-0.7050469241938334,1.043684508641266,484.03286933898926,0.0
0,waypoint_53,0.0,0.20323956389577547,-0.7050469241938334,1.043684508641266,291.40013456344604,0.0
1,waypoint_53,0.0,0.20323956389577547,-0.7050469241938334,1.043684508641266,75.33463835716248,0.0
2,waypoint_53,0.0,0.20323956389577547,-0.7050469241938334,1.043684508641266,28.660180047154427,0.0
3,waypoint_53,0.0,0.20323956389577547,-0.7050469241938334,1.043684508641266,0.4193898639641702,0.035206615924835205
4,waypoint_53,0.0,0.20323956389577547,-0.7050469241938334,1.043684508641266,203.7794589996338,0.0
5,waypoint_53,0.0,0.20323956389577547,-0.7050469241938334,1.043684508641266,0.4995125927962363,0.022856993600726128
6,waypoint_53,0.0,0.20323956389577547,-0.7050469241938334,1.043684508641266,0.5179481813684106,0.013868945650756359
7,waypoint_53,0.0,0.20323956389577547,-0.7050469241938334,1.043684508641266,247.1468299627304,0.0
8,waypoint_53,0.0,0.20323956389577547,-0.7050469241938334,1.043684508641266,1.2183787766844034,0.005757097154855728
9,waypoint_53,0.0,0.20323956389577547,-0.7050469241938334,1.043684508641266,1.0226485319435596,0.01652485877275467
10,waypoint_53,0.0,0.20323956389577547,-0.7050469241938334,1.043684508641266,393.6997652053833,0.0
11,waypoint_53,0.0,0.20323956389577547,-0.7050469241938334,1.043684508641266,304.72686886787415,0.0
12,waypoint_53,0.0,0.20323956389577547,-0.7050469241938334,1.043684508641266,399.9468684196472,0.0
13,waypoint_53,0.0,0.20323956389577547,-0.7050469241938334,1.043684508641266,291.4407253265381,0.0
14,waypoint_53,0.0,0.20323956389577547,-0.7050469241938334,1.043684508641266,445.8862245082855,0.0
0,waypoint_53,15.0,0.20323956389577547,-0.7050469241938334,1.043684508641266,259.67323780059814,0.0
1,waypoint_53,15.0,0.20323956389577547,-0.7050469241938334,1.043684508641266,63.88462334871292,0.0
2,waypoint_53,15.0,0.20323956389577547,-0.7050469241938334,1.043684508641266,20.558977499604225,0.0
3,waypoint_53,15.0,0.20323956389577547,-0.7050469241938334,1.043684508641266,6.094370968639851,0.0
4,waypoint_53,15.0,0.20323956389577547,-0.7050469241938334,1.043684508641266,203.48712801933289,0.0
5,waypoint_53,15.0,0.20323956389577547,-0.7050469241938334,1.043684508641266,6.807464174926281,0.0
6,waypoint_53,15.0,0.20323956389577547,-0.7050469241938334,1.043684508641266,8.56699887663126,0.0
7,waypoint_53,15.0,0.20323956389577547,-0.7050469241938334,1.043684508641266,237.54604160785675,0.0
8,waypoint_53,15.0,0.20323956389577547,-0.7050469241938334,1.043684508641266,16.122879460453987,0.0
9,waypoint_53,15.0,0.20323956389577547,-0.7050469241938334,1.043684508641266,17.058240249753,0.0
10,waypoint_53,15.0,0.20323956389577547,-0.7050469241938334,1.043684508641266,387.421578168869,0.0
11,waypoint_53,15.0,0.20323956389577547,-0.7050469241938334,1.043684508641266,299.1398572921753,0.0
12,waypoint_53,15.0,0.20323956389577547,-0.7050469241938334,1.043684508641266,392.91074872016907,0.0
13,waypoint_53,15.0,0.20323956389577547,-0.7050469241938334,1.043684508641266,291.4816737174988,0.0
14,waypoint_53,15.0,0.20323956389577547,-0.7050469241938334,1.043684508641266,438.2392168045044,0.0
0,waypoint_53,30.0,0.20323956389577547,-0.7050469241938334,1.043684508641266,310.18105149269104,0.0
1,waypoint_53,30.0,0.20323956389577547,-0.7050469241938334,1.043684508641266,290.55991768836975,0.0
2,waypoint_53,30.0,0.20323956389577547,-0.7050469241938334,1.043684508641266,182.8330159187317,0.0
3,waypoint_53,30.0,0.20323956389577547,-0.7050469241938334,1.043684508641266,0.25259144604206085,0.021898215636610985
4,waypoint_53,30.0,0.20323956389577547,-0.7050469241938334,1.043684508641266,104.35310006141663,0.0
5,waypoint_53,30.0,0.20323956389577547,-0.7050469241938334,1.043684508641266,0.34243581467308104,0.022043472155928612
6,waypoint_53,30.0,0.20323956389577547,-0.7050469241938334,1.043684508641266,0.3784963919315487,0.013864567503333092
7,waypoint_53,30.0,0.20323956389577547,-0.7050469241938334,1.043684508641266,165.31138122081757,0.0
8,waypoint_53,30.0,0.20323956389577547,-0.7050469241938334,1.043684508641266,0.09125484939431772,0.005421751644462347
9,waypoint_53,30.0,0.20323956389577547,-0.7050469241938334,1.043684508641266,0.3475676930975169,0.01319839432835579
10,waypoint_53,30.0,0.20323956389577547,-0.7050469241938334,1.043684508641266,348.7037122249603,0.0
11,waypoint_53,30.0,0.20323956389577547,-0.7050469241938334,1.043684508641266,258.0593228340149,0.0
12,waypoint_53,30.0,0.20323956389577547,-0.7050469241938334,1.043684508641266,344.3518280982971,0.0
13,waypoint_53,30.0,0.20323956389577547,-0.7050469241938334,1.043684508641266,287.607342004776,0.0
14,waypoint_53,30.0,0.20323956389577547,-0.7050469241938334,1.043684508641266,399.4545638561249,0.0
0,waypoint_54,30.0,0.22323956389577598,-0.7050469241938334,1.043684508641266,301.0079264640808,0.0
1,waypoint_54,30.0,0.22323956389577598,-0.7050469241938334,1.043684508641266,327.3245692253113,0.0
2,waypoint_54,30.0,0.22323956389577598,-0.7050469241938334,1.043684508641266,342.2243893146515,0.0
3,waypoint_54,30.0,0.22323956389577598,-0.7050469241938334,1.043684508641266,0.858859159052372,0.01653362810611725
4,waypoint_54,30.0,0.22323956389577598,-0.7050469241938334,1.043684508641266,100.13221204280853,0.0
5,waypoint_54,30.0,0.22323956389577598,-0.7050469241938334,1.043684508641266,0.8474605274386704,0.023484254255890846
6,waypoint_54,30.0,0.22323956389577598,-0.7050469241938334,1.043684508641266,0.9167222306132317,0.015694769099354744
7,waypoint_54,30.0,0.22323956389577598,-0.7050469241938334,1.043684508641266,144.33510601520538,0.0
8,waypoint_54,30.0,0.22323956389577598,-0.7050469241938334,1.043684508641266,1.0731798829510808,0.0035550943575799465
9,waypoint_54,30.0,0.22323956389577598,-0.7050469241938334,1.043684508641266,1.18889263831079,0.011781452223658562
10,waypoint_54,30.0,0.22323956389577598,-0.7050469241938334,1.043684508641266,349.18633103370667,0.0
11,waypoint_54,30.0,0.22323956389577598,-0.7050469241938334,1.043684508641266,262.1941864490509,0.0
12,waypoint_54,30.0,0.22323956389577598,-0.7050469241938334,1.043684508641266,338.7297987937927,0.0
13,waypoint_54,30.0,0.22323956389577598,-0.7050469241938334,1.043684508641266,286.64079308509827,0.0
14,waypoint_54,30.0,0.22323956389577598,-0.7050469241938334,1.043684508641266,388.5549306869507,0.0
0,waypoint_54,15.0,0.22323956389577598,-0.7050469241938334,1.043684508641266,317.736953496933,0.0
1,waypoint_54,15.0,0.22323956389577598,-0.7050469241938334,1.043684508641266,354.4735312461853,0.0
2,waypoint_54,15.0,0.22323956389577598,-0.7050469241938334,1.043684508641266,295.12590169906616,0.0
3,waypoint_54,15.0,0.22323956389577598,-0.7050469241938334,1.043684508641266,9.655863046646118,0.0
4,waypoint_54,15.0,0.22323956389577598,-0.7050469241938334,1.043684508641266,103.69038581848145,0.0
5,waypoint_54,15.0,0.22323956389577598,-0.7050469241938334,1.043684508641266,6.565039046108723,0.0
6,waypoint_54,15.0,0.22323956389577598,-0.7050469241938334,1.043684508641266,7.040744181722403,0.0
7,waypoint_54,15.0,0.22323956389577598,-0.7050469241938334,1.043684508641266,153.8156419992447,0.0
8,waypoint_54,15.0,0.22323956389577598,-0.7050469241938334,1.043684508641266,12.923863716423512,0.0
9,waypoint_54,15.0,0.22323956389577598,-0.7050469241938334,1.043684508641266,13.619888573884964,0.0
10,waypoint_54,15.0,0.22323956389577598,-0.7050469241938334,1.043684508641266,357.2663962841034,0.0
11,waypoint_54,15.0,0.22323956389577598,-0.7050469241938334,1.043684508641266,268.5748338699341,0.0
12,waypoint_54,15.0,0.22323956389577598,-0.7050469241938334,1.043684508641266,345.549076795578,0.0
13,waypoint_54,15.0,0.22323956389577598,-0.7050469241938334,1.043684508641266,288.5213792324066,0.0
14,waypoint_54,15.0,0.22323956389577598,-0.7050469241938334,1.043684508641266,394.9557840824127,0.0
0,waypoint_54,0.0,0.22323956389577598,-0.7050469241938334,1.043684508641266,291.2280261516571,0.0
1,waypoint_54,0.0,0.22323956389577598,-0.7050469241938334,1.043684508641266,280.2513837814331,0.0
2,waypoint_54,0.0,0.22323956389577598,-0.7050469241938334,1.043684508641266,285.3824496269226,0.0
3,waypoint_54,0.0,0.22323956389577598,-0.7050469241938334,1.043684508641266,0.8681403123773634,0.034869253635406494
4,waypoint_54,0.0,0.22323956389577598,-0.7050469241938334,1.043684508641266,131.1892718076706,0.0
5,waypoint_54,0.0,0.22323956389577598,-0.7050469241938334,1.043684508641266,0.2510125341359526,0.02460867539048195
6,waypoint_54,0.0,0.22323956389577598,-0.7050469241938334,1.043684508641266,0.30021017300896347,0.015690963715314865
7,waypoint_54,0.0,0.22323956389577598,-0.7050469241938334,1.043684508641266,228.7970930337906,0.0
8,waypoint_54,0.0,0.22323956389577598,-0.7050469241938334,1.043684508641266,1.4551148051396012,0.003554874798282981
9,waypoint_54,0.0,0.22323956389577598,-0.7050469241938334,1.043684508641266,1.2836033711209893,0.014316685497760773
10,waypoint_54,0.0,0.22323956389577598,-0.7050469241938334,1.043684508641266,389.2795145511627,0.0
11,waypoint_54,0.0,0.22323956389577598,-0.7050469241938334,1.043684508641266,306.6648840904236,0.0
12,waypoint_54,0.0,0.22323956389577598,-0.7050469241938334,1.043684508641266,394.87043023109436,0.0
13,waypoint_54,0.0,0.22323956389577598,-0.7050469241938334,1.043684508641266,294.0938472747803,0.0
14,waypoint_54,0.0,0.22323956389577598,-0.7050469241938334,1.043684508641266,413.946658372879,0.0
0,waypoint_54,-15.0,0.22323956389577598,-0.7050469241938334,1.043684508641266,299.434095621109,0.0
1,waypoint_54,-15.0,0.22323956389577598,-0.7050469241938334,1.043684508641266,237.78516054153442,0.0
2,waypoint_54,-15.0,0.22323956389577598,-0.7050469241938334,1.043684508641266,241.23039841651917,0.0
3,waypoint_54,-15.0,0.22323956389577598,-0.7050469241938334,1.043684508641266,5.508233793079853,0.0
4,waypoint_54,-15.0,0.22323956389577598,-0.7050469241938334,1.043684508641266,134.43437218666077,0.0
5,waypoint_54,-15.0,0.22323956389577598,-0.7050469241938334,1.043684508641266,6.6596646793186665,0.0
6,waypoint_54,-15.0,0.22323956389577598,-0.7050469241938334,1.043684508641266,8.386730216443539,0.0
7,waypoint_54,-15.0,0.22323956389577598,-0.7050469241938334,1.043684508641266,238.59548568725586,0.0
8,waypoint_54,-15.0,0.22323956389577598,-0.7050469241938334,1.043684508641266,15.637727454304695,0.0
9,waypoint_54,-15.0,0.22323956389577598,-0.7050469241938334,1.043684508641266,16.449617221951485,0.0
10,waypoint_54,-15.0,0.22323956389577598,-0.7050469241938334,1.043684508641266,393.63914728164673,0.0
11,waypoint_54,-15.0,0.22323956389577598,-0.7050469241938334,1.043684508641266,311.9862377643585,0.0
12,waypoint_54,-15.0,0.22323956389577598,-0.7050469241938334,1.043684508641266,401.96046233177185,0.0
13,waypoint_54,-15.0,0.22323956389577598,-0.7050469241938334,1.043684508641266,294.2834794521332,0.0
14,waypoint_54,-15.0,0.22323956389577598,-0.7050469241938334,1.043684508641266,422.15070128440857,0.0
0,waypoint_54,-30.0,0.22323956389577598,-0.7050469241938334,1.043684508641266,179.80439960956573,0.0
1,waypoint_54,-30.0,0.22323956389577598,-0.7050469241938334,1.043684508641266,315.0380849838257,0.0
2,waypoint_54,-30.0,0.22323956389577598,-0.7050469241938334,1.043684508641266,125.88472664356232,0.0
3,waypoint_54,-30.0,0.22323956389577598,-0.7050469241938334,1.043684508641266,0.5741472123190761,0.040843646973371506
4,waypoint_54,-30.0,0.22323956389577598,-0.7050469241938334,1.043684508641266,262.7542316913605,0.0
5,waypoint_54,-30.0,0.22323956389577598,-0.7050469241938334,1.043684508641266,0.5991918733343482,0.023284876719117165
6,waypoint_54,-30.0,0.22323956389577598,-0.7050469241938334,1.043684508641266,0.5974377854727209,0.014573382213711739
7,waypoint_54,-30.0,0.22323956389577598,-0.7050469241938334,1.043684508641266,306.331992149353,0.0
8,waypoint_54,-30.0,0.22323956389577598,-0.7050469241938334,1.043684508641266,1.3966923579573631,0.0023486034478992224
9,waypoint_54,-30.0,0.22323956389577598,-0.7050469241938334,1.043684508641266,1.2692633317783475,0.01313160452991724
10,waypoint_54,-30.0,0.22323956389577598,-0.7050469241938334,1.043684508641266,414.5946204662323,0.0
11,waypoint_54,-30.0,0.22323956389577598,-0.7050469241938334,1.043684508641266,340.71770310401917,0.0
12,waypoint_54,-30.0,0.22323956389577598,-0.7050469241938334,1.043684508641266,445.07136940956116,0.0
13,waypoint_54,-30.0,0.22323956389577598,-0.7050469241938334,1.043684508641266,293.1468188762665,0.0
14,waypoint_54,-30.0,0.22323956389577598,-0.7050469241938334,1.043684508641266,456.6189646720886,0.0
0,waypoint_55,-30.0,0.24323956389577556,-0.7050469241938334,1.043684508641266,152.78661251068115,0.0
1,waypoint_55,-30.0,0.24323956389577556,-0.7050469241938334,1.043684508641266,167.03450679779053,0.0
2,waypoint_55,-30.0,0.24323956389577556,-0.7050469241938334,1.043684508641266,99.06942397356033,0.0
3,waypoint_55,-30.0,0.24323956389577556,-0.7050469241938334,1.043684508641266,0.4223374999128282,0.04164129123091698
4,waypoint_55,-30.0,0.24323956389577556,-0.7050469241938334,1.043684508641266,259.85562801361084,0.0
5,waypoint_55,-30.0,0.24323956389577556,-0.7050469241938334,1.043684508641266,0.4244557931087911,0.025210924446582794
6,waypoint_55,-30.0,0.24323956389577556,-0.7050469241938334,1.043684508641266,0.42971293441951275,0.016224022954702377
7,waypoint_55,-30.0,0.24323956389577556,-0.7050469241938334,1.043684508641266,291.9265329837799,0.0
8,waypoint_55,-30.0,0.24323956389577556,-0.7050469241938334,1.043684508641266,1.1772483121603727,0.0009360818075947464
9,waypoint_55,-30.0,0.24323956389577556,-0.7050469241938334,1.043684508641266,0.4389040113892406,0.010760538280010223
10,waypoint_55,-30.0,0.24323956389577556,-0.7050469241938334,1.043684508641266,413.39051723480225,0.0
11,waypoint_55,-30.0,0.24323956389577556,-0.7050469241938334,1.043684508641266,340.51889181137085,0.0
12,waypoint_55,-30.0,0.24323956389577556,-0.7050469241938334,1.043684508641266,438.9292597770691,0.0
13,waypoint_55,-30.0,0.24323956389577556,-0.7050469241938334,1.043684508641266,289.6573543548584,0.0
14,waypoint_55,-30.0,0.24323956389577556,-0.7050469241938334,1.043684508641266,444.95850801467896,0.0
0,waypoint_55,-15.0,0.24323956389577556,-0.7050469241938334,1.043684508641266,127.9805600643158,0.0
1,waypoint_55,-15.0,0.24323956389577556,-0.7050469241938334,1.043684508641266,201.62469148635864,0.0
2,waypoint_55,-15.0,0.24323956389577556,-0.7050469241938334,1.043684508641266,84.35754477977753,0.0
3,waypoint_55,-15.0,0.24323956389577556,-0.7050469241938334,1.043684508641266,4.206745885312557,0.0
4,waypoint_55,-15.0,0.24323956389577556,-0.7050469241938334,1.043684508641266,249.43959712982178,0.0
5,waypoint_55,-15.0,0.24323956389577556,-0.7050469241938334,1.043684508641266,5.252042319625616,0.0
6,waypoint_55,-15.0,0.24323956389577556,-0.7050469241938334,1.043684508641266,6.932578515261412,0.0
7,waypoint_55,-15.0,0.24323956389577556,-0.7050469241938334,1.043684508641266,283.8190197944641,0.0
8,waypoint_55,-15.0,0.24323956389577556,-0.7050469241938334,1.043684508641266,16.352195292711258,0.0
9,waypoint_55,-15.0,0.24323956389577556,-0.7050469241938334,1.043684508641266,17.564138397574425,0.0
10,waypoint_55,-15.0,0.24323956389577556,-0.7050469241938334,1.043684508641266,411.471962928772,0.0
11,waypoint_55,-15.0,0.24323956389577556,-0.7050469241938334,1.043684508641266,337.9567563533783,0.0
12,waypoint_55,-15.0,0.24323956389577556,-0.7050469241938334,1.043684508641266,434.6799850463867,0.0
13,waypoint_55,-15.0,0.24323956389577556,-0.7050469241938334,1.043684508641266,290.16613960266113,0.0
14,waypoint_55,-15.0,0.24323956389577556,-0.7050469241938334,1.043684508641266,443.38470697402954,0.0
0,waypoint_55,0.0,0.24323956389577556,-0.7050469241938334,1.043684508641266,176.42652988433838,0.0
1,waypoint_55,0.0,0.24323956389577556,-0.7050469241938334,1.043684508641266,237.98905313014984,0.0
2,waypoint_55,0.0,0.24323956389577556,-0.7050469241938334,1.043684508641266,47.97607660293579,0.0
3,waypoint_55,0.0,0.24323956389577556,-0.7050469241938334,1.043684508641266,0.3269269363954663,0.03372449800372124
4,waypoint_55,0.0,0.24323956389577556,-0.7050469241938334,1.043684508641266,162.21489012241364,0.0
5,waypoint_55,0.0,0.24323956389577556,-0.7050469241938334,1.043684508641266,0.35292733809910715,0.02632111683487892
6,waypoint_55,0.0,0.24323956389577556,-0.7050469241938334,1.043684508641266,0.36153208930045366,0.01749284937977791
7,waypoint_55,0.0,0.24323956389577556,-0.7050469241938334,1.043684508641266,211.33115887641907,0.0
8,waypoint_55,0.0,0.24323956389577556,-0.7050469241938334,1.043684508641266,1.4545273734256625,0.0016197647200897336
9,waypoint_55,0.0,0.24323956389577556,-0.7050469241938334,1.043684508641266,1.2285119155421853,0.012231935746967793
10,waypoint_55,0.0,0.24323956389577556,-0.7050469241938334,1.043684508641266,392.842173576355,0.0
11,waypoint_55,0.0,0.24323956389577556,-0.7050469241938334,1.043684508641266,309.8163604736328,0.0
12,waypoint_55,0.0,0.24323956389577556,-0.7050469241938334,1.043684508641266,390.94388484954834,0.0
13,waypoint_55,0.0,0.24323956389577556,-0.7050469241938334,1.043684508641266,288.772851228714,0.0
14,waypoint_55,0.0,0.24323956389577556,-0.7050469241938334,1.043684508641266,413.01167011260986,0.0
0,waypoint_55,15.0,0.24323956389577556,-0.7050469241938334,1.043684508641266,175.86736381053925,0.0
1,waypoint_55,15.0,0.24323956389577556,-0.7050469241938334,1.043684508641266,271.1692154407501,0.0
2,waypoint_55,15.0,0.24323956389577556,-0.7050469241938334,1.043684508641266,88.12688291072845,0.0
3,waypoint_55,15.0,0.24323956389577556,-0.7050469241938334,1.043684508641266,6.288520060479641,0.0
4,waypoint_55,15.0,0.24323956389577556,-0.7050469241938334,1.043684508641266,160.0353717803955,0.0
5,waypoint_55,15.0,0.24323956389577556,-0.7050469241938334,1.043684508641266,6.40501081943512,0.0
6,waypoint_55,15.0,0.24323956389577556,-0.7050469241938334,1.043684508641266,7.781730964779854,0.0
7,waypoint_55,15.0,0.24323956389577556,-0.7050469241938334,1.043684508641266,201.0089010000229,0.0
8,waypoint_55,15.0,0.24323956389577556,-0.7050469241938334,1.043684508641266,9.837533347308636,0.0
9,waypoint_55,15.0,0.24323956389577556,-0.7050469241938334,1.043684508641266,16.766546294093132,0.0
10,waypoint_55,15.0,0.24323956389577556,-0.7050469241938334,1.043684508641266,387.678325176239,0.0
11,waypoint_55,15.0,0.24323956389577556,-0.7050469241938334,1.043684508641266,304.67596650123596,0.0
12,waypoint_55,15.0,0.24323956389577556,-0.7050469241938334,1.043684508641266,384.06214118003845,0.0
13,waypoint_55,15.0,0.24323956389577556,-0.7050469241938334,1.043684508641266,288.09458017349243,0.0
14,waypoint_55,15.0,0.24323956389577556,-0.7050469241938334,1.043684508641266,406.9107174873352,0.0
0,waypoint_55,30.0,0.24323956389577556,-0.7050469241938334,1.043684508641266,296.0958182811737,0.0
1,waypoint_55,30.0,0.24323956389577556,-0.7050469241938334,1.043684508641266,348.33967685699463,0.0
2,waypoint_55,30.0,0.24323956389577556,-0.7050469241938334,1.043684508641266,317.89350509643555,0.0
3,waypoint_55,30.0,0.24323956389577556,-0.7050469241938334,1.043684508641266,0.0068449389800662175,0.002950321650132537
4,waypoint_55,30.0,0.24323956389577556,-0.7050469241938334,1.043684508641266,90.86735546588898,0.0
5,waypoint_55,30.0,0.24323956389577556,-0.7050469241938334,1.043684508641266,0.00379227958546835,0.02465621381998062
6,waypoint_55,30.0,0.24323956389577556,-0.7050469241938334,1.043684508641266,0.003954202384193195,0.017305778339505196
7,waypoint_55,30.0,0.24323956389577556,-0.7050469241938334,1.043684508641266,124.09745156764984,0.0
8,waypoint_55,30.0,0.24323956389577556,-0.7050469241938334,1.043684508641266,57.90076032280922,0.0
9,waypoint_55,30.0,0.24323956389577556,-0.7050469241938334,1.043684508641266,0.019168986909789965,0.010384812951087952
10,waypoint_55,30.0,0.24323956389577556,-0.7050469241938334,1.043684508641266,352.3039221763611,0.0
11,waypoint_55,30.0,0.24323956389577556,-0.7050469241938334,1.043684508641266,266.36701822280884,0.0
12,waypoint_55,30.0,0.24323956389577556,-0.7050469241938334,1.043684508641266,334.21802520751953,0.0
13,waypoint_55,30.0,0.24323956389577556,-0.7050469241938334,1.043684508641266,279.238224029541,0.0
14,waypoint_55,30.0,0.24323956389577556,-0.7050469241938334,1.043684508641266,361.9333803653717,0.0
0,waypoint_56,30.0,0.2632395638957752,-0.7050469241938334,1.043684508641266,305.7723939418793,0.0
1,waypoint_56,30.0,0.2632395638957752,-0.7050469241938334,1.043684508641266,266.0844326019287,0.0
2,waypoint_56,30.0,0.2632395638957752,-0.7050469241938334,1.043684508641266,330.249547958374,0.0
3,waypoint_56,30.0,0.2632395638957752,-0.7050469241938334,1.043684508641266,19.641494378447533,0.0
4,waypoint_56,30.0,0.2632395638957752,-0.7050469241938334,1.043684508641266,79.08753305673599,0.0
5,waypoint_56,30.0,0.2632395638957752,-0.7050469241938334,1.043684508641266,0.011690414794429671,0.025735676288604736
6,waypoint_56,30.0,0.2632395638957752,-0.7050469241938334,1.043684508641266,0.010710980859585106,0.018954217433929443
7,waypoint_56,30.0,0.2632395638957752,-0.7050469241938334,1.043684508641266,104.9618348479271,0.0
8,waypoint_56,30.0,0.2632395638957752,-0.7050469241938334,1.043684508641266,177.5071918964386,0.0
9,waypoint_56,30.0,0.2632395638957752,-0.7050469241938334,1.043684508641266,0.009100596798816696,0.00878949649631977
10,waypoint_56,30.0,0.2632395638957752,-0.7050469241938334,1.043684508641266,355.3503453731537,0.0
11,waypoint_56,30.0,0.2632395638957752,-0.7050469241938334,1.043684508641266,272.71801233291626,0.0
12,waypoint_56,30.0,0.2632395638957752,-0.7050469241938334,1.043684508641266,331.3401937484741,0.0
13,waypoint_56,30.0,0.2632395638957752,-0.7050469241938334,1.043684508641266,281.1478078365326,0.0
14,waypoint_56,30.0,0.2632395638957752,-0.7050469241938334,1.043684508641266,351.20517015457153,0.0
0,waypoint_56,15.0,0.2632395638957752,-0.7050469241938334,1.043684508641266,257.6601207256317,0.0
1,waypoint_56,15.0,0.2632395638957752,-0.7050469241938334,1.043684508641266,323.0603039264679,0.0
2,waypoint_56,15.0,0.2632395638957752,-0.7050469241938334,1.043684508641266,275.55277943611145,0.0
3,waypoint_56,15.0,0.2632395638957752,-0.7050469241938334,1.043684508641266,0.010925711649178993,0.019575335085392
4,waypoint_56,15.0,0.2632395638957752,-0.7050469241938334,1.043684508641266,112.20020800828934,0.0
5,waypoint_56,15.0,0.2632395638957752,-0.7050469241938334,1.043684508641266,0.005148130185261834,0.027215007692575455
6,waypoint_56,15.0,0.2632395638957752,-0.7050469241938334,1.043684508641266,0.004372316652734298,0.01925959624350071
7,waypoint_56,15.0,0.2632395638957752,-0.7050469241938334,1.043684508641266,148.33323657512665,0.0
8,waypoint_56,15.0,0.2632395638957752,-0.7050469241938334,1.043684508641266,117.22598969936371,0.0
9,waypoint_56,15.0,0.2632395638957752,-0.7050469241938334,1.043684508641266,0.004131250989303226,0.009882764890789986
10,waypoint_56,15.0,0.2632395638957752,-0.7050469241938334,1.043684508641266,375.76204538345337,0.0
11,waypoint_56,15.0,0.2632395638957752,-0.7050469241938334,1.043684508641266,292.0997738838196,0.0
12,waypoint_56,15.0,0.2632395638957752,-0.7050469241938334,1.043684508641266,361.6979420185089,0.0
13,waypoint_56,15.0,0.2632395638957752,-0.7050469241938334,1.043684508641266,287.2856557369232,0.0
14,waypoint_56,15.0,0.2632395638957752,-0.7050469241938334,1.043684508641266,374.69908595085144,0.0
0,waypoint_56,0.0,0.2632395638957752,-0.7050469241938334,1.043684508641266,241.97976291179657,0.0
1,waypoint_56,0.0,0.2632395638957752,-0.7050469241938334,1.043684508641266,290.44628143310547,0.0
2,waypoint_56,0.0,0.2632395638957752,-0.7050469241938334,1.043684508641266,287.10827231407166,0.0
3,waypoint_56,0.0,0.2632395638957752,-0.7050469241938334,1.043684508641266,0.0032537802781007485,0.031600236892700195
4,waypoint_56,0.0,0.2632395638957752,-0.7050469241938334,1.043684508641266,134.70765948295593,0.0
5,waypoint_56,0.0,0.2632395638957752,-0.7050469241938334,1.043684508641266,0.0037108379729033913,0.027973784133791924
6,waypoint_56,0.0,0.2632395638957752,-0.7050469241938334,1.043684508641266,0.0035302859942021314,0.019287023693323135
7,waypoint_56,0.0,0.2632395638957752,-0.7050469241938334,1.043684508641266,194.9479579925537,0.0
8,waypoint_56,0.0,0.2632395638957752,-0.7050469241938334,1.043684508641266,86.2048864364624,0.0
9,waypoint_56,0.0,0.2632395638957752,-0.7050469241938334,1.043684508641266,0.0051356932999624405,0.010026526637375355
10,waypoint_56,0.0,0.2632395638957752,-0.7050469241938334,1.043684508641266,390.58539271354675,0.0
11,waypoint_56,0.0,0.2632395638957752,-0.7050469241938334,1.043684508641266,313.2709264755249,0.0
12,waypoint_56,0.0,0.2632395638957752,-0.7050469241938334,1.043684508641266,386.8342936038971,0.0
13,waypoint_56,0.0,0.2632395638957752,-0.7050469241938334,1.043684508641266,292.7114963531494,0.0
14,waypoint_56,0.0,0.2632395638957752,-0.7050469241938334,1.043684508641266,403.2558500766754,0.0
0,waypoint_56,-15.0,0.2632395638957752,-0.7050469241938334,1.043684508641266,273.490309715271,0.0
1,waypoint_56,-15.0,0.2632395638957752,-0.7050469241938334,1.043684508641266,280.49540519714355,0.0
2,waypoint_56,-15.0,0.2632395638957752,-0.7050469241938334,1.043684508641266,274.32912588119507,0.0
3,waypoint_56,-15.0,0.2632395638957752,-0.7050469241938334,1.043684508641266,0.002336015541004599,0.03818630054593086
4,waypoint_56,-15.0,0.2632395638957752,-0.7050469241938334,1.043684508641266,197.74776697158813,0.0
5,waypoint_56,-15.0,0.2632395638957752,-0.7050469241938334,1.043684508641266,0.004537788754532812,0.02791091613471508
6,waypoint_56,-15.0,0.2632395638957752,-0.7050469241938334,1.043684508641266,0.0047527928472845815,0.018841668963432312
7,waypoint_56,-15.0,0.2632395638957752,-0.7050469241938334,1.043684508641266,239.13054168224335,0.0
8,waypoint_56,-15.0,0.2632395638957752,-0.7050469241938334,1.043684508641266,79.61411774158478,0.0
9,waypoint_56,-15.0,0.2632395638957752,-0.7050469241938334,1.043684508641266,0.002081900674966164,0.009486920200288296
10,waypoint_56,-15.0,0.2632395638957752,-0.7050469241938334,1.043684508641266,406.64976835250854,0.0
11,waypoint_56,-15.0,0.2632395638957752,-0.7050469241938334,1.043684508641266,332.82455801963806,0.0
12,waypoint_56,-15.0,0.2632395638957752,-0.7050469241938334,1.043684508641266,416.46966338157654,0.0
13,waypoint_56,-15.0,0.2632395638957752,-0.7050469241938334,1.043684508641266,292.6328480243683,0.0
14,waypoint_56,-15.0,0.2632395638957752,-0.7050469241938334,1.043684508641266,427.19054222106934,0.0
0,waypoint_56,-30.0,0.2632395638957752,-0.7050469241938334,1.043684508641266,143.1519240140915,0.0
1,waypoint_56,-30.0,0.2632395638957752,-0.7050469241938334,1.043684508641266,76.89640671014786,0.0
2,waypoint_56,-30.0,0.2632395638957752,-0.7050469241938334,1.043684508641266,36.15665063261986,0.0
3,waypoint_56,-30.0,0.2632395638957752,-0.7050469241938334,1.043684508641266,0.004829079898627242,0.04195993393659592
4,waypoint_56,-30.0,0.2632395638957752,-0.7050469241938334,1.043684508641266,236.04892194271088,0.0
5,waypoint_56,-30.0,0.2632395638957752,-0.7050469241938334,1.043684508641266,0.005772733857156709,0.027112560346722603
6,waypoint_56,-30.0,0.2632395638957752,-0.7050469241938334,1.043684508641266,0.005623091055895202,0.01787840947508812
7,waypoint_56,-30.0,0.2632395638957752,-0.7050469241938334,1.043684508641266,278.4622013568878,0.0
8,waypoint_56,-30.0,0.2632395638957752,-0.7050469241938334,1.043684508641266,65.8867359161377,0.0
9,waypoint_56,-30.0,0.2632395638957752,-0.7050469241938334,1.043684508641266,0.0045126662371330895,0.008538667112588882
10,waypoint_56,-30.0,0.2632395638957752,-0.7050469241938334,1.043684508641266,412.36400604248047,0.0
11,waypoint_56,-30.0,0.2632395638957752,-0.7050469241938334,1.043684508641266,343.03998947143555,0.0
12,waypoint_56,-30.0,0.2632395638957752,-0.7050469241938334,1.043684508641266,435.1544678211212,0.0
13,waypoint_56,-30.0,0.2632395638957752,-0.7050469241938334,1.043684508641266,286.14541888237,0.0
14,waypoint_56,-30.0,0.2632395638957752,-0.7050469241938334,1.043684508641266,421.99012637138367,0.0
0,waypoint_57,-30.0,0.28323956389577537,-0.7050469241938334,1.043684508641266,191.7714923620224,0.0
1,waypoint_57,-30.0,0.28323956389577537,-0.7050469241938334,1.043684508641266,88.33447098731995,0.0
2,waypoint_57,-30.0,0.28323956389577537,-0.7050469241938334,1.043684508641266,1.548408530652523,0.0
3,waypoint_57,-30.0,0.28323956389577537,-0.7050469241938334,1.043684508641266,1.4440965605899692,0.041668154299259186
4,waypoint_57,-30.0,0.28323956389577537,-0.7050469241938334,1.043684508641266,227.5487184524536,0.0
5,waypoint_57,-30.0,0.28323956389577537,-0.7050469241938334,1.043684508641266,1.2525600614026189,0.02917737513780594
6,waypoint_57,-30.0,0.28323956389577537,-0.7050469241938334,1.043684508641266,1.25610688701272,0.01971377804875374
7,waypoint_57,-30.0,0.28323956389577537,-0.7050469241938334,1.043684508641266,266.1336064338684,0.0
8,waypoint_57,-30.0,0.28323956389577537,-0.7050469241938334,1.043684508641266,80.49412071704865,0.0
9,waypoint_57,-30.0,0.28323956389577537,-0.7050469241938334,1.043684508641266,1.2503720354288816,0.006238951813429594
10,waypoint_57,-30.0,0.28323956389577537,-0.7050469241938334,1.043684508641266,412.41851449012756,0.0
11,waypoint_57,-30.0,0.28323956389577537,-0.7050469241938334,1.043684508641266,345.6151485443115,0.0
12,waypoint_57,-30.0,0.28323956389577537,-0.7050469241938334,1.043684508641266,428.6556541919708,0.0
13,waypoint_57,-30.0,0.28323956389577537,-0.7050469241938334,1.043684508641266,284.06211733818054,0.0
14,waypoint_57,-30.0,0.28323956389577537,-0.7050469241938334,1.043684508641266,412.4324321746826,0.0
0,waypoint_57,-15.0,0.28323956389577537,-0.7050469241938334,1.043684508641266,169.06864941120148,0.0
1,waypoint_57,-15.0,0.28323956389577537,-0.7050469241938334,1.043684508641266,108.77025872468948,0.0
2,waypoint_57,-15.0,0.28323956389577537,-0.7050469241938334,1.043684508641266,12.550156563520432,0.0
3,waypoint_57,-15.0,0.28323956389577537,-0.7050469241938334,1.043684508641266,4.199035465717316,0.0
4,waypoint_57,-15.0,0.28323956389577537,-0.7050469241938334,1.043684508641266,219.46798264980316,0.0
5,waypoint_57,-15.0,0.28323956389577537,-0.7050469241938334,1.043684508641266,4.5277150347828865,0.0
6,waypoint_57,-15.0,0.28323956389577537,-0.7050469241938334,1.043684508641266,5.766849499195814,0.0
7,waypoint_57,-15.0,0.28323956389577537,-0.7050469241938334,1.043684508641266,257.3238015174866,0.0
8,waypoint_57,-15.0,0.28323956389577537,-0.7050469241938334,1.043684508641266,79.5595794916153,0.0
9,waypoint_57,-15.0,0.28323956389577537,-0.7050469241938334,1.043684508641266,16.918694600462914,0.0
10,waypoint_57,-15.0,0.28323956389577537,-0.7050469241938334,1.043684508641266,411.0625386238098,0.0
11,waypoint_57,-15.0,0.28323956389577537,-0.7050469241938334,1.043684508641266,343.95986795425415,0.0
12,waypoint_57,-15.0,0.28323956389577537,-0.7050469241938334,1.043684508641266,425.17560720443726,0.0
13,waypoint_57,-15.0,0.28323956389577537,-0.7050469241938334,1.043684508641266,284.56801176071167,0.0
14,waypoint_57,-15.0,0.28323956389577537,-0.7050469241938334,1.043684508641266,410.9289348125458,0.0
0,waypoint_57,0.0,0.28323956389577537,-0.7050469241938334,1.043684508641266,195.34394145011902,0.0
1,waypoint_57,0.0,0.28323956389577537,-0.7050469241938334,1.043684508641266,129.2913556098938,0.0
2,waypoint_57,0.0,0.28323956389577537,-0.7050469241938334,1.043684508641266,67.60746240615845,0.0
3,waypoint_57,0.0,0.28323956389577537,-0.7050469241938334,1.043684508641266,0.3824621089734137,0.027937131002545357
4,waypoint_57,0.0,0.28323956389577537,-0.7050469241938334,1.043684508641266,130.68130612373352,0.0
5,waypoint_57,0.0,0.28323956389577537,-0.7050469241938334,1.043684508641266,0.4874681180808693,0.029571058228611946
6,waypoint_57,0.0,0.28323956389577537,-0.7050469241938334,1.043684508641266,0.5117806722410023,0.021082542836666107
7,waypoint_57,0.0,0.28323956389577537,-0.7050469241938334,1.043684508641266,180.24525046348572,0.0
8,waypoint_57,0.0,0.28323956389577537,-0.7050469241938334,1.043684508641266,132.4746459722519,0.0
9,waypoint_57,0.0,0.28323956389577537,-0.7050469241938334,1.043684508641266,1.2265827972441912,0.007907655090093613
10,waypoint_57,0.0,0.28323956389577537,-0.7050469241938334,1.043684508641266,394.7204649448395,0.0
11,waypoint_57,0.0,0.28323956389577537,-0.7050469241938334,1.043684508641266,319.9416399002075,0.0
12,waypoint_57,0.0,0.28323956389577537,-0.7050469241938334,1.043684508641266,384.4517767429352,0.0
13,waypoint_57,0.0,0.28323956389577537,-0.7050469241938334,1.043684508641266,285.0404381752014,0.0
14,waypoint_57,0.0,0.28323956389577537,-0.7050469241938334,1.043684508641266,389.49403166770935,0.0
0,waypoint_57,15.0,0.28323956389577537,-0.7050469241938334,1.043684508641266,188.95195424556732,0.0
1,waypoint_57,15.0,0.28323956389577537,-0.7050469241938334,1.043684508641266,114.86602574586868,0.0
2,waypoint_57,15.0,0.28323956389577537,-0.7050469241938334,1.043684508641266,58.44486132264137,0.0
3,waypoint_57,15.0,0.28323956389577537,-0.7050469241938334,1.043684508641266,6.57200813293457,0.0
4,waypoint_57,15.0,0.28323956389577537,-0.7050469241938334,1.043684508641266,127.65190005302429,0.0
5,waypoint_57,15.0,0.28323956389577537,-0.7050469241938334,1.043684508641266,6.1219739727675915,0.0
6,waypoint_57,15.0,0.28323956389577537,-0.7050469241938334,1.043684508641266,7.083238568156958,0.0
7,waypoint_57,15.0,0.28323956389577537,-0.7050469241938334,1.043684508641266,168.96554827690125,0.0
8,waypoint_57,15.0,0.28323956389577537,-0.7050469241938334,1.043684508641266,130.45889139175415,0.0
9,waypoint_57,15.0,0.28323956389577537,-0.7050469241938334,1.043684508641266,16.2703488022089,0.0
10,waypoint_57,15.0,0.28323956389577537,-0.7050469241938334,1.043684508641266,389.4638419151306,0.0
11,waypoint_57,15.0,0.28323956389577537,-0.7050469241938334,1.043684508641266,315.08952379226685,0.0
12,waypoint_57,15.0,0.28323956389577537,-0.7050469241938334,1.043684508641266,377.84507870674133,0.0
13,waypoint_57,15.0,0.28323956389577537,-0.7050469241938334,1.043684508641266,284.4739854335785,0.0
14,waypoint_57,15.0,0.28323956389577537,-0.7050469241938334,1.043684508641266,382.8381597995758,0.0
0,waypoint_57,30.0,0.28323956389577537,-0.7050469241938334,1.043684508641266,244.66387927532196,0.0
1,waypoint_57,30.0,0.28323956389577537,-0.7050469241938334,1.043684508641266,255.20113110542297,0.0
2,waypoint_57,30.0,0.28323956389577537,-0.7050469241938334,1.043684508641266,204.94447648525238,0.0
3,waypoint_57,30.0,0.28323956389577537,-0.7050469241938334,1.043684508641266,86.99119091033936,0.0
4,waypoint_57,30.0,0.28323956389577537,-0.7050469241938334,1.043684508641266,64.37317281961441,0.0
5,waypoint_57,30.0,0.28323956389577537,-0.7050469241938334,1.043684508641266,1.1936223600059748,0.02662426233291626
6,waypoint_57,30.0,0.28323956389577537,-0.7050469241938334,1.043684508641266,0.47787700896151364,0.02055143006145954
7,waypoint_57,30.0,0.28323956389577537,-0.7050469241938334,1.043684508641266,87.54155039787292,0.0
8,waypoint_57,30.0,0.28323956389577537,-0.7050469241938334,1.043684508641266,176.59200727939606,0.0
9,waypoint_57,30.0,0.28323956389577537,-0.7050469241938334,1.043684508641266,3.0875904485583305,0.0
10,waypoint_57,30.0,0.28323956389577537,-0.7050469241938334,1.043684508641266,356.1208248138428,0.0
11,waypoint_57,30.0,0.28323956389577537,-0.7050469241938334,1.043684508641266,281.8284034729004,0.0
12,waypoint_57,30.0,0.28323956389577537,-0.7050469241938334,1.043684508641266,330.1936686038971,0.0
13,waypoint_57,30.0,0.28323956389577537,-0.7050469241938334,1.043684508641266,273.9739418029785,0.0
14,waypoint_57,30.0,0.28323956389577537,-0.7050469241938334,1.043684508641266,343.5077965259552,0.0
0,waypoint_58,30.0,0.30323956389577517,-0.7050469241938334,1.043684508641266,276.22950077056885,0.0
1,waypoint_58,30.0,0.30323956389577517,-0.7050469241938334,1.043684508641266,313.94296884536743,0.0
2,waypoint_58,30.0,0.30323956389577517,-0.7050469241938334,1.043684508641266,343.4089720249176,0.0
3,waypoint_58,30.0,0.30323956389577517,-0.7050469241938334,1.043684508641266,202.314555644989,0.0
4,waypoint_58,30.0,0.30323956389577517,-0.7050469241938334,1.043684508641266,45.674048364162445,0.0
5,waypoint_58,30.0,0.30323956389577517,-0.7050469241938334,1.043684508641266,0.741319905500859,0.02723521552979946
6,waypoint_58,30.0,0.30323956389577517,-0.7050469241938334,1.043684508641266,0.8200673037208617,0.02210121415555477
7,waypoint_58,30.0,0.30323956389577517,-0.7050469241938334,1.043684508641266,72.96938449144363,0.0
8,waypoint_58,30.0,0.30323956389577517,-0.7050469241938334,1.043684508641266,12.049004435539246,0.0
9,waypoint_58,30.0,0.30323956389577517,-0.7050469241938334,1.043684508641266,1.1373974848538637,0.005254779942333698
10,waypoint_58,30.0,0.30323956389577517,-0.7050469241938334,1.043684508641266,360.9679937362671,0.0
11,waypoint_58,30.0,0.30323956389577517,-0.7050469241938334,1.043684508641266,290.38363695144653,0.0
12,waypoint_58,30.0,0.30323956389577517,-0.7050469241938334,1.043684508641266,328.74682545661926,0.0
13,waypoint_58,30.0,0.30323956389577517,-0.7050469241938334,1.043684508641266,277.61194109916687,0.0
14,waypoint_58,30.0,0.30323956389577517,-0.7050469241938334,1.043684508641266,335.7025384902954,0.0
0,waypoint_58,15.0,0.30323956389577517,-0.7050469241938334,1.043684508641266,273.6133337020874,0.0
1,waypoint_58,15.0,0.30323956389577517,-0.7050469241938334,1.043684508641266,271.58617973327637,0.0
2,waypoint_58,15.0,0.30323956389577517,-0.7050469241938334,1.043684508641266,298.10765385627747,0.0
3,waypoint_58,15.0,0.30323956389577517,-0.7050469241938334,1.043684508641266,234.68253016471863,0.0
4,waypoint_58,15.0,0.30323956389577517,-0.7050469241938334,1.043684508641266,64.18690085411072,0.0
5,waypoint_58,15.0,0.30323956389577517,-0.7050469241938334,1.043684508641266,6.668983027338982,0.0
6,waypoint_58,15.0,0.30323956389577517,-0.7050469241938334,1.043684508641266,6.669163703918457,0.0
7,waypoint_58,15.0,0.30323956389577517,-0.7050469241938334,1.043684508641266,84.19468998908997,0.0
8,waypoint_58,15.0,0.30323956389577517,-0.7050469241938334,1.043684508641266,7.13370181620121,0.0
9,waypoint_58,15.0,0.30323956389577517,-0.7050469241938334,1.043684508641266,13.177155517041683,0.0
10,waypoint_58,15.0,0.30323956389577517,-0.7050469241938334,1.043684508641266,365.50506949424744,0.0
11,waypoint_58,15.0,0.30323956389577517,-0.7050469241938334,1.043684508641266,295.13484239578247,0.0
12,waypoint_58,15.0,0.30323956389577517,-0.7050469241938334,1.043684508641266,335.74378490448,0.0
13,waypoint_58,15.0,0.30323956389577517,-0.7050469241938334,1.043684508641266,279.79952096939087,0.0
14,waypoint_58,15.0,0.30323956389577517,-0.7050469241938334,1.043684508641266,341.94594621658325,0.0
0,waypoint_58,0.0,0.30323956389577517,-0.7050469241938334,1.043684508641266,249.87106025218964,0.0
1,waypoint_58,0.0,0.30323956389577517,-0.7050469241938334,1.043684508641266,307.87745118141174,0.0
2,waypoint_58,0.0,0.30323956389577517,-0.7050469241938334,1.043684508641266,252.90435552597046,0.0
3,waypoint_58,0.0,0.30323956389577517,-0.7050469241938334,1.043684508641266,246.04889750480652,0.0
4,waypoint_58,0.0,0.30323956389577517,-0.7050469241938334,1.043684508641266,143.30187439918518,0.0
5,waypoint_58,0.0,0.30323956389577517,-0.7050469241938334,1.043684508641266,0.3757427039090544,0.031053809449076653
6,waypoint_58,0.0,0.30323956389577517,-0.7050469241938334,1.043684508641266,0.37995545426383615,0.022863013669848442
7,waypoint_58,0.0,0.30323956389577517,-0.7050469241938334,1.043684508641266,167.3804521560669,0.0
8,waypoint_58,0.0,0.30323956389577517,-0.7050469241938334,1.043684508641266,0.805400952231139,0.004490181803703308
9,waypoint_58,0.0,0.30323956389577517,-0.7050469241938334,1.043684508641266,1.3034619623795152,0.005656782072037458
10,waypoint_58,0.0,0.30323956389577517,-0.7050469241938334,1.043684508641266,393.70280504226685,0.0
11,waypoint_58,0.0,0.30323956389577517,-0.7050469241938334,1.043684508641266,326.953262090683,0.0
12,waypoint_58,0.0,0.30323956389577517,-0.7050469241938334,1.043684508641266,381.79323077201843,0.0
13,waypoint_58,0.0,0.30323956389577517,-0.7050469241938334,1.043684508641266,285.7515811920166,0.0
14,waypoint_58,0.0,0.30323956389577517,-0.7050469241938334,1.043684508641266,375.1942813396454,0.0
0,waypoint_58,-15.0,0.30323956389577517,-0.7050469241938334,1.043684508641266,227.99818217754364,0.0
1,waypoint_58,-15.0,0.30323956389577517,-0.7050469241938334,1.043684508641266,268.7423527240753,0.0
2,waypoint_58,-15.0,0.30323956389577517,-0.7050469241938334,1.043684508641266,278.3508598804474,0.0
3,waypoint_58,-15.0,0.30323956389577517,-0.7050469241938334,1.043684508641266,277.91517972946167,0.0
4,waypoint_58,-15.0,0.30323956389577517,-0.7050469241938334,1.043684508641266,151.6459584236145,0.0
5,waypoint_58,-15.0,0.30323956389577517,-0.7050469241938334,1.043684508641266,6.069420836865902,0.0
6,waypoint_58,-15.0,0.30323956389577517,-0.7050469241938334,1.043684508641266,6.942850071936846,0.0
7,waypoint_58,-15.0,0.30323956389577517,-0.7050469241938334,1.043684508641266,179.12395298480988,0.0
8,waypoint_58,-15.0,0.30323956389577517,-0.7050469241938334,1.043684508641266,10.883224196732044,0.0
9,waypoint_58,-15.0,0.30323956389577517,-0.7050469241938334,1.043684508641266,15.218814834952354,0.0
10,waypoint_58,-15.0,0.30323956389577517,-0.7050469241938334,1.043684508641266,397.46999740600586,0.0
11,waypoint_58,-15.0,0.30323956389577517,-0.7050469241938334,1.043684508641266,331.4753770828247,0.0
12,waypoint_58,-15.0,0.30323956389577517,-0.7050469241938334,1.043684508641266,388.41286301612854,0.0
13,waypoint_58,-15.0,0.30323956389577517,-0.7050469241938334,1.043684508641266,286.675363779068,0.0
14,waypoint_58,-15.0,0.30323956389577517,-0.7050469241938334,1.043684508641266,380.5011808872223,0.0
0,waypoint_58,-30.0,0.30323956389577517,-0.7050469241938334,1.043684508641266,181.84861540794373,0.0
1,waypoint_58,-30.0,0.30323956389577517,-0.7050469241938334,1.043684508641266,324.360728263855,0.0
2,waypoint_58,-30.0,0.30323956389577517,-0.7050469241938334,1.043684508641266,72.50464707612991,0.0
3,waypoint_58,-30.0,0.30323956389577517,-0.7050469241938334,1.043684508641266,152.1848887205124,0.0
4,waypoint_58,-30.0,0.30323956389577517,-0.7050469241938334,1.043684508641266,243.25236678123474,0.0
5,waypoint_58,-30.0,0.30323956389577517,-0.7050469241938334,1.043684508641266,0.6088363588787615,0.031041033565998077
6,waypoint_58,-30.0,0.30323956389577517,-0.7050469241938334,1.043684508641266,0.6191622815094888,0.02143183909356594
7,waypoint_58,-30.0,0.30323956389577517,-0.7050469241938334,1.043684508641266,255.0535500049591,0.0
8,waypoint_58,-30.0,0.30323956389577517,-0.7050469241938334,1.043684508641266,1.044427859596908,0.005182649474591017
9,waypoint_58,-30.0,0.30323956389577517,-0.7050469241938334,1.043684508641266,1.3419571332633495,0.0042610010132193565
10,waypoint_58,-30.0,0.30323956389577517,-0.7050469241938334,1.043684508641266,418.81638765335083,0.0
11,waypoint_58,-30.0,0.30323956389577517,-0.7050469241938334,1.043684508641266,351.86290740966797,0.0
12,waypoint_58,-30.0,0.30323956389577517,-0.7050469241938334,1.043684508641266,424.9909818172455,0.0
13,waypoint_58,-30.0,0.30323956389577517,-0.7050469241938334,1.043684508641266,289.22104835510254,0.0
14,waypoint_58,-30.0,0.30323956389577517,-0.7050469241938334,1.043684508641266,406.68177604675293,0.0
0,waypoint_59,-30.0,0.3232395638957754,-0.7050469241938334,1.043684508641266,212.88010478019714,0.0
1,waypoint_59,-30.0,0.3232395638957754,-0.7050469241938334,1.043684508641266,154.18660640716553,0.0
2,waypoint_59,-30.0,0.3232395638957754,-0.7050469241938334,1.043684508641266,95.91952711343765,0.0
3,waypoint_59,-30.0,0.3232395638957754,-0.7050469241938334,1.043684508641266,126.0765790939331,0.0
4,waypoint_59,-30.0,0.3232395638957754,-0.7050469241938334,1.043684508641266,232.64963924884796,0.0
5,waypoint_59,-30.0,0.3232395638957754,-0.7050469241938334,1.043684508641266,1.2353465426713228,0.033064648509025574
6,waypoint_59,-30.0,0.3232395638957754,-0.7050469241938334,1.043684508641266,1.231044763699174,0.023372331634163857
7,waypoint_59,-30.0,0.3232395638957754,-0.7050469241938334,1.043684508641266,245.5112189054489,0.0
8,waypoint_59,-30.0,0.3232395638957754,-0.7050469241938334,1.043684508641266,1.2592781567946076,0.006830055732280016
9,waypoint_59,-30.0,0.3232395638957754,-0.7050469241938334,1.043684508641266,1.1428537545725703,0.0022819447331130505
10,waypoint_59,-30.0,0.3232395638957754,-0.7050469241938334,1.043684508641266,421.92089557647705,0.0
11,waypoint_59,-30.0,0.3232395638957754,-0.7050469241938334,1.043684508641266,357.30040073394775,0.0
12,waypoint_59,-30.0,0.3232395638957754,-0.7050469241938334,1.043684508641266,420.91625928878784,0.0
13,waypoint_59,-30.0,0.3232395638957754,-0.7050469241938334,1.043684508641266,289.47606682777405,0.0
14,waypoint_59,-30.0,0.3232395638957754,-0.7050469241938334,1.043684508641266,401.81875228881836,0.0
0,waypoint_59,-15.0,0.3232395638957754,-0.7050469241938334,1.043684508641266,204.60455119609833,0.0
1,waypoint_59,-15.0,0.3232395638957754,-0.7050469241938334,1.043684508641266,117.42785573005676,0.0
2,waypoint_59,-15.0,0.3232395638957754,-0.7050469241938334,1.043684508641266,60.545701533555984,0.0
3,waypoint_59,-15.0,0.3232395638957754,-0.7050469241938334,1.043684508641266,108.72738808393478,0.0
4,waypoint_59,-15.0,0.3232395638957754,-0.7050469241938334,1.043684508641266,224.51847791671753,0.0
5,waypoint_59,-15.0,0.3232395638957754,-0.7050469241938334,1.043684508641266,4.289751406759024,0.0
6,waypoint_59,-15.0,0.3232395638957754,-0.7050469241938334,1.043684508641266,5.154009442776442,0.0
7,waypoint_59,-15.0,0.3232395638957754,-0.7050469241938334,1.043684508641266,236.22409999370575,0.0
8,waypoint_59,-15.0,0.3232395638957754,-0.7050469241938334,1.043684508641266,10.424889624118805,0.0
9,waypoint_59,-15.0,0.3232395638957754,-0.7050469241938334,1.043684508641266,17.185905948281288,0.0
10,waypoint_59,-15.0,0.3232395638957754,-0.7050469241938334,1.043684508641266,420.5934405326843,0.0
11,waypoint_59,-15.0,0.3232395638957754,-0.7050469241938334,1.043684508641266,355.88446259498596,0.0
12,waypoint_59,-15.0,0.3232395638957754,-0.7050469241938334,1.043684508641266,417.51354932785034,0.0
13,waypoint_59,-15.0,0.3232395638957754,-0.7050469241938334,1.043684508641266,290.19543528556824,0.0
14,waypoint_59,-15.0,0.3232395638957754,-0.7050469241938334,1.043684508641266,403.03003787994385,0.0
0,waypoint_59,0.0,0.3232395638957754,-0.7050469241938334,1.043684508641266,210.78816056251526,0.0
1,waypoint_59,0.0,0.3232395638957754,-0.7050469241938334,1.043684508641266,110.72120815515518,0.0
2,waypoint_59,0.0,0.3232395638957754,-0.7050469241938334,1.043684508641266,109.3994528055191,0.0
3,waypoint_59,0.0,0.3232395638957754,-0.7050469241938334,1.043684508641266,1.543763792142272,0.0
4,waypoint_59,0.0,0.3232395638957754,-0.7050469241938334,1.043684508641266,130.74204325675964,0.0
5,waypoint_59,0.0,0.3232395638957754,-0.7050469241938334,1.043684508641266,0.487994373543188,0.03239195793867111
6,waypoint_59,0.0,0.3232395638957754,-0.7050469241938334,1.043684508641266,0.5141849396750331,0.024608073756098747
7,waypoint_59,0.0,0.3232395638957754,-0.7050469241938334,1.043684508641266,156.80618584156036,0.0
8,waypoint_59,0.0,0.3232395638957754,-0.7050469241938334,1.043684508641266,0.546815397683531,0.006432751193642616
9,waypoint_59,0.0,0.3232395638957754,-0.7050469241938334,1.043684508641266,1.2951382668688893,0.003631924046203494
10,waypoint_59,0.0,0.3232395638957754,-0.7050469241938334,1.043684508641266,405.1555395126343,0.0
11,waypoint_59,0.0,0.3232395638957754,-0.7050469241938334,1.043684508641266,336.3480269908905,0.0
12,waypoint_59,0.0,0.3232395638957754,-0.7050469241938334,1.043684508641266,381.00042939186096,0.0
13,waypoint_59,0.0,0.3232395638957754,-0.7050469241938334,1.043684508641266,292.7720248699188,0.0
14,waypoint_59,0.0,0.3232395638957754,-0.7050469241938334,1.043684508641266,380.2401125431061,0.0
0,waypoint_59,15.0,0.3232395638957754,-0.7050469241938334,1.043684508641266,223.05752336978912,0.0
1,waypoint_59,15.0,0.3232395638957754,-0.7050469241938334,1.043684508641266,106.89452290534973,0.0
2,waypoint_59,15.0,0.3232395638957754,-0.7050469241938334,1.043684508641266,90.55148810148239,0.0
3,waypoint_59,15.0,0.3232395638957754,-0.7050469241938334,1.043684508641266,35.58315336704254,0.0
4,waypoint_59,15.0,0.3232395638957754,-0.7050469241938334,1.043684508641266,118.89035254716873,0.0
5,waypoint_59,15.0,0.3232395638957754,-0.7050469241938334,1.043684508641266,5.99834555760026,0.0
6,waypoint_59,15.0,0.3232395638957754,-0.7050469241938334,1.043684508641266,6.578721106052399,0.0
7,waypoint_59,15.0,0.3232395638957754,-0.7050469241938334,1.043684508641266,144.96976137161255,0.0
8,waypoint_59,15.0,0.3232395638957754,-0.7050469241938334,1.043684508641266,10.323574766516685,0.0
9,waypoint_59,15.0,0.3232395638957754,-0.7050469241938334,1.043684508641266,16.310881823301315,0.0
10,waypoint_59,15.0,0.3232395638957754,-0.7050469241938334,1.043684508641266,400.93231201171875,0.0
11,waypoint_59,15.0,0.3232395638957754,-0.7050469241938334,1.043684508641266,332.27553963661194,0.0
12,waypoint_59,15.0,0.3232395638957754,-0.7050469241938334,1.043684508641266,374.56318736076355,0.0
13,waypoint_59,15.0,0.3232395638957754,-0.7050469241938334,1.043684508641266,292.8468585014343,0.0
14,waypoint_59,15.0,0.3232395638957754,-0.7050469241938334,1.043684508641266,374.6017515659332,0.0
0,waypoint_59,30.0,0.3232395638957754,-0.7050469241938334,1.043684508641266,330.856055021286,0.0
1,waypoint_59,30.0,0.3232395638957754,-0.7050469241938334,1.043684508641266,249.54581260681152,0.0
2,waypoint_59,30.0,0.3232395638957754,-0.7050469241938334,1.043684508641266,227.62849926948547,0.0
3,waypoint_59,30.0,0.3232395638957754,-0.7050469241938334,1.043684508641266,137.6148760318756,0.0
4,waypoint_59,30.0,0.3232395638957754,-0.7050469241938334,1.043684508641266,13.217478059232235,0.0
5,waypoint_59,30.0,0.3232395638957754,-0.7050469241938334,1.043684508641266,0.3073564439546317,0.027464384213089943
6,waypoint_59,30.0,0.3232395638957754,-0.7050469241938334,1.043684508641266,0.33959708525799215,0.023428890854120255
7,waypoint_59,30.0,0.3232395638957754,-0.7050469241938334,1.043684508641266,66.32976233959198,0.0
8,waypoint_59,30.0,0.3232395638957754,-0.7050469241938334,1.043684508641266,0.6773697095923126,0.006598389241844416
9,waypoint_59,30.0,0.3232395638957754,-0.7050469241938334,1.043684508641266,0.7985508418641984,0.0036864429712295532
10,waypoint_59,30.0,0.3232395638957754,-0.7050469241938334,1.043684508641266,369.02955174446106,0.0
11,waypoint_59,30.0,0.3232395638957754,-0.7050469241938334,1.043684508641266,305.33120036125183,0.0
12,waypoint_59,30.0,0.3232395638957754,-0.7050469241938334,1.043684508641266,329.07864451408386,0.0
13,waypoint_59,30.0,0.3232395638957754,-0.7050469241938334,1.043684508641266,285.27435660362244,0.0
14,waypoint_59,30.0,0.3232395638957754,-0.7050469241938334,1.043684508641266,334.4225287437439,0.0
0,waypoint_60,30.0,0.3432395638957752,-0.7050469241938334,1.043684508641266,342.86925196647644,0.0
1,waypoint_60,30.0,0.3432395638957752,-0.7050469241938334,1.043684508641266,343.96275877952576,0.0
2,waypoint_60,30.0,0.3432395638957752,-0.7050469241938334,1.043684508641266,328.93106341362,0.0
3,waypoint_60,30.0,0.3432395638957752,-0.7050469241938334,1.043684508641266,318.99744272232056,0.0
4,waypoint_60,30.0,0.3432395638957752,-0.7050469241938334,1.043684508641266,0.01859139410953503,0.0030030785128474236
5,waypoint_60,30.0,0.3432395638957752,-0.7050469241938334,1.043684508641266,0.01049109505402157,0.02724132314324379
6,waypoint_60,30.0,0.3432395638957752,-0.7050469241938334,1.043684508641266,0.009497593964624684,0.024656258523464203
7,waypoint_60,30.0,0.3432395638957752,-0.7050469241938334,1.043684508641266,66.41612201929092,0.0
8,waypoint_60,30.0,0.3432395638957752,-0.7050469241938334,1.043684508641266,0.011342475772835314,0.00842677429318428
9,waypoint_60,30.0,0.3432395638957752,-0.7050469241938334,1.043684508641266,66.44493341445923,0.0
10,waypoint_60,30.0,0.3432395638957752,-0.7050469241938334,1.043684508641266,375.72181224823,0.0
11,waypoint_60,30.0,0.3432395638957752,-0.7050469241938334,1.043684508641266,315.8051669597626,0.0
12,waypoint_60,30.0,0.3432395638957752,-0.7050469241938334,1.043684508641266,329.63672280311584,0.0
13,waypoint_60,30.0,0.3432395638957752,-0.7050469241938334,1.043684508641266,291.13060235977173,0.0
14,waypoint_60,30.0,0.3432395638957752,-0.7050469241938334,1.043684508641266,326.3227939605713,0.0
0,waypoint_60,15.0,0.3432395638957752,-0.7050469241938334,1.043684508641266,346.5377688407898,0.0
1,waypoint_60,15.0,0.3432395638957752,-0.7050469241938334,1.043684508641266,287.21901774406433,0.0
2,waypoint_60,15.0,0.3432395638957752,-0.7050469241938334,1.043684508641266,270.15116810798645,0.0
3,waypoint_60,15.0,0.3432395638957752,-0.7050469241938334,1.043684508641266,257.999986410141,0.0
4,waypoint_60,15.0,0.3432395638957752,-0.7050469241938334,1.043684508641266,55.98679184913635,0.0
5,waypoint_60,15.0,0.3432395638957752,-0.7050469241938334,1.043684508641266,0.5786240217275918,0.031113028526306152
6,waypoint_60,15.0,0.3432395638957752,-0.7050469241938334,1.043684508641266,0.4496153851505369,0.025810865685343742
7,waypoint_60,15.0,0.3432395638957752,-0.7050469241938334,1.043684508641266,101.49116069078445,0.0
8,waypoint_60,15.0,0.3432395638957752,-0.7050469241938334,1.043684508641266,0.6813055952079594,0.00824844278395176
9,waypoint_60,15.0,0.3432395638957752,-0.7050469241938334,1.043684508641266,1.832490204833448,0.0
10,waypoint_60,15.0,0.3432395638957752,-0.7050469241938334,1.043684508641266,393.0531144142151,0.0
11,waypoint_60,15.0,0.3432395638957752,-0.7050469241938334,1.043684508641266,330.0609290599823,0.0
12,waypoint_60,15.0,0.3432395638957752,-0.7050469241938334,1.043684508641266,353.1098663806915,0.0
13,waypoint_60,15.0,0.3432395638957752,-0.7050469241938334,1.043684508641266,296.15047574043274,0.0
14,waypoint_60,15.0,0.3432395638957752,-0.7050469241938334,1.043684508641266,349.8378098011017,0.0
0,waypoint_60,0.0,0.3432395638957752,-0.7050469241938334,1.043684508641266,335.6936275959015,0.0
1,waypoint_60,0.0,0.3432395638957752,-0.7050469241938334,1.043684508641266,227.35927999019623,0.0
2,waypoint_60,0.0,0.3432395638957752,-0.7050469241938334,1.043684508641266,273.4147608280182,0.0
3,waypoint_60,0.0,0.3432395638957752,-0.7050469241938334,1.043684508641266,245.41732668876648,0.0
4,waypoint_60,0.0,0.3432395638957752,-0.7050469241938334,1.043684508641266,105.4869070649147,0.0
5,waypoint_60,0.0,0.3432395638957752,-0.7050469241938334,1.043684508641266,0.443335622549057,0.033547572791576385
6,waypoint_60,0.0,0.3432395638957752,-0.7050469241938334,1.043684508641266,0.39525004103779793,0.026321684941649437
7,waypoint_60,0.0,0.3432395638957752,-0.7050469241938334,1.043684508641266,149.11943674087524,0.0
8,waypoint_60,0.0,0.3432395638957752,-0.7050469241938334,1.043684508641266,0.644825107883662,0.008329492062330246
9,waypoint_60,0.0,0.3432395638957752,-0.7050469241938334,1.043684508641266,0.9769008029252291,0.0015275317709892988
10,waypoint_60,0.0,0.3432395638957752,-0.7050469241938334,1.043684508641266,406.16506338119507,0.0
11,waypoint_60,0.0,0.3432395638957752,-0.7050469241938334,1.043684508641266,347.4540114402771,0.0
12,waypoint_60,0.0,0.3432395638957752,-0.7050469241938334,1.043684508641266,380.14110922813416,0.0
13,waypoint_60,0.0,0.3432395638957752,-0.7050469241938334,1.043684508641266,296.88960313796997,0.0
14,waypoint_60,0.0,0.3432395638957752,-0.7050469241938334,1.043684508641266,373.5472559928894,0.0
0,waypoint_60,-15.0,0.3432395638957752,-0.7050469241938334,1.043684508641266,306.010365486145,0.0
1,waypoint_60,-15.0,0.3432395638957752,-0.7050469241938334,1.043684508641266,250.75408816337585,0.0
2,waypoint_60,-15.0,0.3432395638957752,-0.7050469241938334,1.043684508641266,231.44474625587463,0.0
3,waypoint_60,-15.0,0.3432395638957752,-0.7050469241938334,1.043684508641266,288.59463334083557,0.0
4,waypoint_60,-15.0,0.3432395638957752,-0.7050469241938334,1.043684508641266,120.92895060777664,0.0
5,waypoint_60,-15.0,0.3432395638957752,-0.7050469241938334,1.043684508641266,5.776249337941408,0.0
6,waypoint_60,-15.0,0.3432395638957752,-0.7050469241938334,1.043684508641266,6.374277640134096,0.0
7,waypoint_60,-15.0,0.3432395638957752,-0.7050469241938334,1.043684508641266,161.09991073608398,0.0
8,waypoint_60,-15.0,0.3432395638957752,-0.7050469241938334,1.043684508641266,10.405455715954304,0.0
9,waypoint_60,-15.0,0.3432395638957752,-0.7050469241938334,1.043684508641266,9.609922766685486,0.0
10,waypoint_60,-15.0,0.3432395638957752,-0.7050469241938334,1.043684508641266,409.59200263023376,0.0
11,waypoint_60,-15.0,0.3432395638957752,-0.7050469241938334,1.043684508641266,351.2805104255676,0.0
12,waypoint_60,-15.0,0.3432395638957752,-0.7050469241938334,1.043684508641266,386.4184021949768,0.0
13,waypoint_60,-15.0,0.3432395638957752,-0.7050469241938334,1.043684508641266,296.4228689670563,0.0
14,waypoint_60,-15.0,0.3432395638957752,-0.7050469241938334,1.043684508641266,380.5359899997711,0.0
0,waypoint_60,-30.0,0.3432395638957752,-0.7050469241938334,1.043684508641266,275.57042241096497,0.0
1,waypoint_60,-30.0,0.3432395638957752,-0.7050469241938334,1.043684508641266,197.85191118717194,0.0
2,waypoint_60,-30.0,0.3432395638957752,-0.7050469241938334,1.043684508641266,207.72235095500946,0.0
3,waypoint_60,-30.0,0.3432395638957752,-0.7050469241938334,1.043684508641266,281.80891275405884,0.0
4,waypoint_60,-30.0,0.3432395638957752,-0.7050469241938334,1.043684508641266,218.42409670352936,0.0
5,waypoint_60,-30.0,0.3432395638957752,-0.7050469241938334,1.043684508641266,0.6758917588740587,0.034847963601350784
6,waypoint_60,-30.0,0.3432395638957752,-0.7050469241938334,1.043684508641266,0.6705030100420117,0.02518794871866703
7,waypoint_60,-30.0,0.3432395638957752,-0.7050469241938334,1.043684508641266,237.82137036323547,0.0
8,waypoint_60,-30.0,0.3432395638957752,-0.7050469241938334,1.043684508641266,0.7901260978542268,0.008328530006110668
9,waypoint_60,-30.0,0.3432395638957752,-0.7050469241938334,1.043684508641266,1.2162717757746577,0.0009502327884547412
10,waypoint_60,-30.0,0.3432395638957752,-0.7050469241938334,1.043684508641266,459.8500430583954,0.0
11,waypoint_60,-30.0,0.3432395638957752,-0.7050469241938334,1.043684508641266,366.18146300315857,0.0
12,waypoint_60,-30.0,0.3432395638957752,-0.7050469241938334,1.043684508641266,418.8624620437622,0.0
13,waypoint_60,-30.0,0.3432395638957752,-0.7050469241938334,1.043684508641266,290.33854603767395,0.0
14,waypoint_60,-30.0,0.3432395638957752,-0.7050469241938334,1.043684508641266,398.42286705970764,0.0
0,waypoint_61,-30.0,0.1632395638957761,-0.6888739146935746,1.0242258486310418,71.39279693365097,0.0
1,waypoint_61,-30.0,0.1632395638957761,-0.6888739146935746,1.0242258486310418,83.52825790643692,0.0
2,waypoint_61,-30.0,0.1632395638957761,-0.6888739146935746,1.0242258486310418,288.55636715888977,0.0
3,waypoint_61,-30.0,0.1632395638957761,-0.6888739146935746,1.0242258486310418,0.7049321429803967,0.036383047699928284
4,waypoint_61,-30.0,0.1632395638957761,-0.6888739146935746,1.0242258486310418,376.77720189094543,0.0
5,waypoint_61,-30.0,0.1632395638957761,-0.6888739146935746,1.0242258486310418,1.4485709834843874,0.01706039346754551
6,waypoint_61,-30.0,0.1632395638957761,-0.6888739146935746,1.0242258486310418,0.6868658238090575,0.009374170564115047
7,waypoint_61,-30.0,0.1632395638957761,-0.6888739146935746,1.0242258486310418,357.76710510253906,0.0
8,waypoint_61,-30.0,0.1632395638957761,-0.6888739146935746,1.0242258486310418,0.21498696878552437,0.00816882960498333
9,waypoint_61,-30.0,0.1632395638957761,-0.6888739146935746,1.0242258486310418,0.39883286808617413,0.020197145640850067
10,waypoint_61,-30.0,0.1632395638957761,-0.6888739146935746,1.0242258486310418,481.2528192996979,0.0
11,waypoint_61,-30.0,0.1632395638957761,-0.6888739146935746,1.0242258486310418,342.24438667297363,0.0
12,waypoint_61,-30.0,0.1632395638957761,-0.6888739146935746,1.0242258486310418,482.64697194099426,0.0
13,waypoint_61,-30.0,0.1632395638957761,-0.6888739146935746,1.0242258486310418,283.7979197502136,0.0
14,waypoint_61,-30.0,0.1632395638957761,-0.6888739146935746,1.0242258486310418,508.7214708328247,0.0
0,waypoint_61,-15.0,0.1632395638957761,-0.6888739146935746,1.0242258486310418,104.38822209835052,0.0
1,waypoint_61,-15.0,0.1632395638957761,-0.6888739146935746,1.0242258486310418,78.48628610372543,0.0
2,waypoint_61,-15.0,0.1632395638957761,-0.6888739146935746,1.0242258486310418,274.94221925735474,0.0
3,waypoint_61,-15.0,0.1632395638957761,-0.6888739146935746,1.0242258486310418,3.9631687104701996,0.0
4,waypoint_61,-15.0,0.1632395638957761,-0.6888739146935746,1.0242258486310418,371.6038465499878,0.0
5,waypoint_61,-15.0,0.1632395638957761,-0.6888739146935746,1.0242258486310418,5.538026802241802,0.0
6,waypoint_61,-15.0,0.1632395638957761,-0.6888739146935746,1.0242258486310418,8.738890290260315,0.0
7,waypoint_61,-15.0,0.1632395638957761,-0.6888739146935746,1.0242258486310418,349.70399737358093,0.0
8,waypoint_61,-15.0,0.1632395638957761,-0.6888739146935746,1.0242258486310418,17.566224560141563,0.0
9,waypoint_61,-15.0,0.1632395638957761,-0.6888739146935746,1.0242258486310418,19.40561830997467,0.0
10,waypoint_61,-15.0,0.1632395638957761,-0.6888739146935746,1.0242258486310418,479.40778732299805,0.0
11,waypoint_61,-15.0,0.1632395638957761,-0.6888739146935746,1.0242258486310418,338.7796878814697,0.0
12,waypoint_61,-15.0,0.1632395638957761,-0.6888739146935746,1.0242258486310418,476.67014598846436,0.0
13,waypoint_61,-15.0,0.1632395638957761,-0.6888739146935746,1.0242258486310418,284.7597301006317,0.0
14,waypoint_61,-15.0,0.1632395638957761,-0.6888739146935746,1.0242258486310418,506.06173276901245,0.0
0,waypoint_61,0.0,0.1632395638957761,-0.6888739146935746,1.0242258486310418,91.08873456716537,0.0
1,waypoint_61,0.0,0.1632395638957761,-0.6888739146935746,1.0242258486310418,11.982488445937634,0.0
2,waypoint_61,0.0,0.1632395638957761,-0.6888739146935746,1.0242258486310418,121.07867747545242,0.0
3,waypoint_61,0.0,0.1632395638957761,-0.6888739146935746,1.0242258486310418,0.47644803998991847,0.03559774532914162
4,waypoint_61,0.0,0.1632395638957761,-0.6888739146935746,1.0242258486310418,319.4790184497833,0.0
5,waypoint_61,0.0,0.1632395638957761,-0.6888739146935746,1.0242258486310418,0.5595323746092618,0.019082099199295044
6,waypoint_61,0.0,0.1632395638957761,-0.6888739146935746,1.0242258486310418,0.5704538198187947,0.010106869041919708
7,waypoint_61,0.0,0.1632395638957761,-0.6888739146935746,1.0242258486310418,284.2528223991394,0.0
8,waypoint_61,0.0,0.1632395638957761,-0.6888739146935746,1.0242258486310418,1.2319984380155802,0.009936931543052197
9,waypoint_61,0.0,0.1632395638957761,-0.6888739146935746,1.0242258486310418,0.9863817831501365,0.02090623416006565
10,waypoint_61,0.0,0.1632395638957761,-0.6888739146935746,1.0242258486310418,459.23927426338196,0.0
11,waypoint_61,0.0,0.1632395638957761,-0.6888739146935746,1.0242258486310418,300.48155784606934,0.0
12,waypoint_61,0.0,0.1632395638957761,-0.6888739146935746,1.0242258486310418,421.1796224117279,0.0
13,waypoint_61,0.0,0.1632395638957761,-0.6888739146935746,1.0242258486310418,264.80066776275635,0.0
14,waypoint_61,0.0,0.1632395638957761,-0.6888739146935746,1.0242258486310418,463.30779790878296,0.0
0,waypoint_61,15.0,0.1632395638957761,-0.6888739146935746,1.0242258486310418,113.02901059389114,0.0
1,waypoint_61,15.0,0.1632395638957761,-0.6888739146935746,1.0242258486310418,23.856401443481445,0.0
2,waypoint_61,15.0,0.1632395638957761,-0.6888739146935746,1.0242258486310418,107.55287110805511,0.0
3,waypoint_61,15.0,0.1632395638957761,-0.6888739146935746,1.0242258486310418,5.841662175953388,0.0
4,waypoint_61,15.0,0.1632395638957761,-0.6888739146935746,1.0242258486310418,322.5896656513214,0.0
5,waypoint_61,15.0,0.1632395638957761,-0.6888739146935746,1.0242258486310418,7.325105834752321,0.0
6,waypoint_61,15.0,0.1632395638957761,-0.6888739146935746,1.0242258486310418,9.502238593995571,0.0
7,waypoint_61,15.0,0.1632395638957761,-0.6888739146935746,1.0242258486310418,274.4411826133728,0.0
8,waypoint_61,15.0,0.1632395638957761,-0.6888739146935746,1.0242258486310418,16.663992777466774,0.0
9,waypoint_61,15.0,0.1632395638957761,-0.6888739146935746,1.0242258486310418,17.55056343972683,0.0
10,waypoint_61,15.0,0.1632395638957761,-0.6888739146935746,1.0242258486310418,452.6520073413849,0.0
11,waypoint_61,15.0,0.1632395638957761,-0.6888739146935746,1.0242258486310418,294.12245750427246,0.0
12,waypoint_61,15.0,0.1632395638957761,-0.6888739146935746,1.0242258486310418,414.02900218963623,0.0
13,waypoint_61,15.0,0.1632395638957761,-0.6888739146935746,1.0242258486310418,261.4680528640747,0.0
14,waypoint_61,15.0,0.1632395638957761,-0.6888739146935746,1.0242258486310418,455.8940529823303,0.0
0,waypoint_61,30.0,0.1632395638957761,-0.6888739146935746,1.0242258486310418,259.01997089385986,0.0
1,waypoint_61,30.0,0.1632395638957761,-0.6888739146935746,1.0242258486310418,272.1532881259918,0.0
2,waypoint_61,30.0,0.1632395638957761,-0.6888739146935746,1.0242258486310418,1.1032945476472378,0.0128353051841259
3,waypoint_61,30.0,0.1632395638957761,-0.6888739146935746,1.0242258486310418,0.3128983953502029,0.030219241976737976
4,waypoint_61,30.0,0.1632395638957761,-0.6888739146935746,1.0242258486310418,270.80556750297546,0.0
5,waypoint_61,30.0,0.1632395638957761,-0.6888739146935746,1.0242258486310418,0.3573563590180129,0.019502872601151466
6,waypoint_61,30.0,0.1632395638957761,-0.6888739146935746,1.0242258486310418,0.4278919077478349,0.010472189635038376
7,waypoint_61,30.0,0.1632395638957761,-0.6888739146935746,1.0242258486310418,205.8018296957016,0.0
8,waypoint_61,30.0,0.1632395638957761,-0.6888739146935746,1.0242258486310418,0.5058337701484561,0.009432660415768623
9,waypoint_61,30.0,0.1632395638957761,-0.6888739146935746,1.0242258486310418,0.5818402278237045,0.01698954775929451
10,waypoint_61,30.0,0.1632395638957761,-0.6888739146935746,1.0242258486310418,412.3530685901642,0.0
11,waypoint_61,30.0,0.1632395638957761,-0.6888739146935746,1.0242258486310418,246.60348892211914,0.0
12,waypoint_61,30.0,0.1632395638957761,-0.6888739146935746,1.0242258486310418,367.9523468017578,0.0
13,waypoint_61,30.0,0.1632395638957761,-0.6888739146935746,1.0242258486310418,249.91852045059204,0.0
14,waypoint_61,30.0,0.1632395638957761,-0.6888739146935746,1.0242258486310418,414.9363338947296,0.0
0,waypoint_62,30.0,0.18323956389577567,-0.6888739146935746,1.0242258486310418,308.8148236274719,0.0
1,waypoint_62,30.0,0.18323956389577567,-0.6888739146935746,1.0242258486310418,335.7299268245697,0.0
2,waypoint_62,30.0,0.18323956389577567,-0.6888739146935746,1.0242258486310418,6.310886703431606,0.0
3,waypoint_62,30.0,0.18323956389577567,-0.6888739146935746,1.0242258486310418,0.7946020341478288,0.029523368924856186
4,waypoint_62,30.0,0.18323956389577567,-0.6888739146935746,1.0242258486310418,232.51958191394806,0.0
5,waypoint_62,30.0,0.18323956389577567,-0.6888739146935746,1.0242258486310418,0.8897798252291977,0.02126651257276535
6,waypoint_62,30.0,0.18323956389577567,-0.6888739146935746,1.0242258486310418,0.9531525429338217,0.012420612387359142
7,waypoint_62,30.0,0.18323956389577567,-0.6888739146935746,1.0242258486310418,184.00439620018005,0.0
8,waypoint_62,30.0,0.18323956389577567,-0.6888739146935746,1.0242258486310418,1.1631696252152324,0.00741306459531188
9,waypoint_62,30.0,0.18323956389577567,-0.6888739146935746,1.0242258486310418,1.1568532790988684,0.015696929767727852
10,waypoint_62,30.0,0.18323956389577567,-0.6888739146935746,1.0242258486310418,408.67096185684204,0.0
11,waypoint_62,30.0,0.18323956389577567,-0.6888739146935746,1.0242258486310418,248.50517511367798,0.0
12,waypoint_62,30.0,0.18323956389577567,-0.6888739146935746,1.0242258486310418,358.38741064071655,0.0
13,waypoint_62,30.0,0.18323956389577567,-0.6888739146935746,1.0242258486310418,244.60521340370178,0.0
14,waypoint_62,30.0,0.18323956389577567,-0.6888739146935746,1.0242258486310418,401.635080575943,0.0
0,waypoint_62,15.0,0.18323956389577567,-0.6888739146935746,1.0242258486310418,331.0879170894623,0.0
1,waypoint_62,15.0,0.18323956389577567,-0.6888739146935746,1.0242258486310418,383.6347162723541,0.0
2,waypoint_62,15.0,0.18323956389577567,-0.6888739146935746,1.0242258486310418,4.867821466177702,0.0
3,waypoint_62,15.0,0.18323956389577567,-0.6888739146935746,1.0242258486310418,7.042085751891136,0.0
4,waypoint_62,15.0,0.18323956389577567,-0.6888739146935746,1.0242258486310418,229.7925502061844,0.0
5,waypoint_62,15.0,0.18323956389577567,-0.6888739146935746,1.0242258486310418,6.590690463781357,0.0
6,waypoint_62,15.0,0.18323956389577567,-0.6888739146935746,1.0242258486310418,7.300232537090778,0.0
7,waypoint_62,15.0,0.18323956389577567,-0.6888739146935746,1.0242258486310418,192.5337314605713,0.0
8,waypoint_62,15.0,0.18323956389577567,-0.6888739146935746,1.0242258486310418,12.986065819859505,0.0
9,waypoint_62,15.0,0.18323956389577567,-0.6888739146935746,1.0242258486310418,13.86861689388752,0.0
10,waypoint_62,15.0,0.18323956389577567,-0.6888739146935746,1.0242258486310418,416.721373796463,0.0
11,waypoint_62,15.0,0.18323956389577567,-0.6888739146935746,1.0242258486310418,255.76257705688477,0.0
12,waypoint_62,15.0,0.18323956389577567,-0.6888739146935746,1.0242258486310418,364.2435073852539,0.0
13,waypoint_62,15.0,0.18323956389577567,-0.6888739146935746,1.0242258486310418,248.7034797668457,0.0
14,waypoint_62,15.0,0.18323956389577567,-0.6888739146935746,1.0242258486310418,408.02159905433655,0.0
0,waypoint_62,0.0,0.18323956389577567,-0.6888739146935746,1.0242258486310418,286.09582781791687,0.0
1,waypoint_62,0.0,0.18323956389577567,-0.6888739146935746,1.0242258486310418,269.0519988536835,0.0
2,waypoint_62,0.0,0.18323956389577567,-0.6888739146935746,1.0242258486310418,0.5718136671930552,0.03372954577207565
3,waypoint_62,0.0,0.18323956389577567,-0.6888739146935746,1.0242258486310418,0.39717674371786416,0.036551736295223236
4,waypoint_62,0.0,0.18323956389577567,-0.6888739146935746,1.0242258486310418,287.37926483154297,0.0
5,waypoint_62,0.0,0.18323956389577567,-0.6888739146935746,1.0242258486310418,0.4131238965783268,0.02089710906147957
6,waypoint_62,0.0,0.18323956389577567,-0.6888739146935746,1.0242258486310418,0.5201188614591956,0.011921042576432228
7,waypoint_62,0.0,0.18323956389577567,-0.6888739146935746,1.0242258486310418,263.982355594635,0.0
8,waypoint_62,0.0,0.18323956389577567,-0.6888739146935746,1.0242258486310418,0.958465039730072,0.007651530206203461
9,waypoint_62,0.0,0.18323956389577567,-0.6888739146935746,1.0242258486310418,0.8478926029056311,0.018676631152629852
10,waypoint_62,0.0,0.18323956389577567,-0.6888739146935746,1.0242258486310418,448.6120939254761,0.0
11,waypoint_62,0.0,0.18323956389577567,-0.6888739146935746,1.0242258486310418,300.43143033981323,0.0
12,waypoint_62,0.0,0.18323956389577567,-0.6888739146935746,1.0242258486310418,413.5078489780426,0.0
13,waypoint_62,0.0,0.18323956389577567,-0.6888739146935746,1.0242258486310418,268.1167721748352,0.0
14,waypoint_62,0.0,0.18323956389577567,-0.6888739146935746,1.0242258486310418,444.4698393344879,0.0
0,waypoint_62,-15.0,0.18323956389577567,-0.6888739146935746,1.0242258486310418,314.62106108665466,0.0
1,waypoint_62,-15.0,0.18323956389577567,-0.6888739146935746,1.0242258486310418,300.9171783924103,0.0
2,waypoint_62,-15.0,0.18323956389577567,-0.6888739146935746,1.0242258486310418,6.355122663080692,0.0
3,waypoint_62,-15.0,0.18323956389577567,-0.6888739146935746,1.0242258486310418,5.861817859113216,0.0
4,waypoint_62,-15.0,0.18323956389577567,-0.6888739146935746,1.0242258486310418,285.3900194168091,0.0
5,waypoint_62,-15.0,0.18323956389577567,-0.6888739146935746,1.0242258486310418,7.149599026888609,0.0
6,waypoint_62,-15.0,0.18323956389577567,-0.6888739146935746,1.0242258486310418,9.36808716505766,0.0
7,waypoint_62,-15.0,0.18323956389577567,-0.6888739146935746,1.0242258486310418,273.5230028629303,0.0
8,waypoint_62,-15.0,0.18323956389577567,-0.6888739146935746,1.0242258486310418,15.619577839970589,0.0
9,waypoint_62,-15.0,0.18323956389577567,-0.6888739146935746,1.0242258486310418,16.968335956335068,0.0
10,waypoint_62,-15.0,0.18323956389577567,-0.6888739146935746,1.0242258486310418,453.3047378063202,0.0
11,waypoint_62,-15.0,0.18323956389577567,-0.6888739146935746,1.0242258486310418,306.60608410835266,0.0
12,waypoint_62,-15.0,0.18323956389577567,-0.6888739146935746,1.0242258486310418,419.64972019195557,0.0
13,waypoint_62,-15.0,0.18323956389577567,-0.6888739146935746,1.0242258486310418,270.1847553253174,0.0
14,waypoint_62,-15.0,0.18323956389577567,-0.6888739146935746,1.0242258486310418,452.408105134964,0.0
0,waypoint_62,-30.0,0.18323956389577567,-0.6888739146935746,1.0242258486310418,204.24476265907288,0.0
1,waypoint_62,-30.0,0.18323956389577567,-0.6888739146935746,1.0242258486310418,39.04144465923309,0.0
2,waypoint_62,-30.0,0.18323956389577567,-0.6888739146935746,1.0242258486310418,0.5286343512125313,0.043406154960393906
3,waypoint_62,-30.0,0.18323956389577567,-0.6888739146935746,1.0242258486310418,0.5532976356334984,0.03821283578872681
4,waypoint_62,-30.0,0.18323956389577567,-0.6888739146935746,1.0242258486310418,325.3553807735443,0.0
5,waypoint_62,-30.0,0.18323956389577567,-0.6888739146935746,1.0242258486310418,0.6204181117936969,0.01871327869594097
6,waypoint_62,-30.0,0.18323956389577567,-0.6888739146935746,1.0242258486310418,0.6172836292535067,0.010810911655426025
7,waypoint_62,-30.0,0.18323956389577567,-0.6888739146935746,1.0242258486310418,340.40117263793945,0.0
8,waypoint_62,-30.0,0.18323956389577567,-0.6888739146935746,1.0242258486310418,1.388289500027895,0.005977322813123465
9,waypoint_62,-30.0,0.18323956389577567,-0.6888739146935746,1.0242258486310418,1.1761833447963,0.017653515562415123
10,waypoint_62,-30.0,0.18323956389577567,-0.6888739146935746,1.0242258486310418,476.9207239151001,0.0
11,waypoint_62,-30.0,0.18323956389577567,-0.6888739146935746,1.0242258486310418,341.1363959312439,0.0
12,waypoint_62,-30.0,0.18323956389577567,-0.6888739146935746,1.0242258486310418,443.52754950523376,0.0
13,waypoint_62,-30.0,0.18323956389577567,-0.6888739146935746,1.0242258486310418,278.34421396255493,0.0
14,waypoint_62,-30.0,0.18323956389577567,-0.6888739146935746,1.0242258486310418,490.1008903980255,0.0
0,waypoint_63,-30.0,0.20323956389577547,-0.6888739146935746,1.0242258486310418,230.84618151187897,0.0
1,waypoint_63,-30.0,0.20323956389577547,-0.6888739146935746,1.0242258486310418,2.6380617637187243,0.0
2,waypoint_63,-30.0,0.20323956389577547,-0.6888739146935746,1.0242258486310418,1.209655893035233,0.04288027435541153
3,waypoint_63,-30.0,0.20323956389577547,-0.6888739146935746,1.0242258486310418,1.1236541904509068,0.03995692357420921
4,waypoint_63,-30.0,0.20323956389577547,-0.6888739146935746,1.0242258486310418,323.8556683063507,0.0
5,waypoint_63,-30.0,0.20323956389577547,-0.6888739146935746,1.0242258486310418,1.1367524275556207,0.020585166290402412
6,waypoint_63,-30.0,0.20323956389577547,-0.6888739146935746,1.0242258486310418,1.1315866140648723,0.012342085130512714
7,waypoint_63,-30.0,0.20323956389577547,-0.6888739146935746,1.0242258486310418,323.90862703323364,0.0
8,waypoint_63,-30.0,0.20323956389577547,-0.6888739146935746,1.0242258486310418,1.1516844388097525,0.003864009864628315
9,waypoint_63,-30.0,0.20323956389577547,-0.6888739146935746,1.0242258486310418,1.226839842274785,0.01504652388393879
10,waypoint_63,-30.0,0.20323956389577547,-0.6888739146935746,1.0242258486310418,471.6545641422272,0.0
11,waypoint_63,-30.0,0.20323956389577547,-0.6888739146935746,1.0242258486310418,339.57353234291077,0.0
12,waypoint_63,-30.0,0.20323956389577547,-0.6888739146935746,1.0242258486310418,439.69792127609253,0.0
13,waypoint_63,-30.0,0.20323956389577547,-0.6888739146935746,1.0242258486310418,273.5176086425781,0.0
14,waypoint_63,-30.0,0.20323956389577547,-0.6888739146935746,1.0242258486310418,479.30416464805603,0.0
0,waypoint_63,-15.0,0.20323956389577547,-0.6888739146935746,1.0242258486310418,189.1007423400879,0.0
1,waypoint_63,-15.0,0.20323956389577547,-0.6888739146935746,1.0242258486310418,16.07142575085163,0.0
2,waypoint_63,-15.0,0.20323956389577547,-0.6888739146935746,1.0242258486310418,4.099435638636351,0.0
3,waypoint_63,-15.0,0.20323956389577547,-0.6888739146935746,1.0242258486310418,3.9775529876351357,0.0
4,waypoint_63,-15.0,0.20323956389577547,-0.6888739146935746,1.0242258486310418,318.2605803012848,0.0
5,waypoint_63,-15.0,0.20323956389577547,-0.6888739146935746,1.0242258486310418,5.377778317779303,0.0
6,waypoint_63,-15.0,0.20323956389577547,-0.6888739146935746,1.0242258486310418,7.588732521981001,0.0
7,waypoint_63,-15.0,0.20323956389577547,-0.6888739146935746,1.0242258486310418,315.89338183403015,0.0
8,waypoint_63,-15.0,0.20323956389577547,-0.6888739146935746,1.0242258486310418,17.18130335211754,0.0
9,waypoint_63,-15.0,0.20323956389577547,-0.6888739146935746,1.0242258486310418,18.80372315645218,0.0
10,waypoint_63,-15.0,0.20323956389577547,-0.6888739146935746,1.0242258486310418,470.4853594303131,0.0
11,waypoint_63,-15.0,0.20323956389577547,-0.6888739146935746,1.0242258486310418,336.27474308013916,0.0
12,waypoint_63,-15.0,0.20323956389577547,-0.6888739146935746,1.0242258486310418,438.57553601264954,0.0
13,waypoint_63,-15.0,0.20323956389577547,-0.6888739146935746,1.0242258486310418,272.686630487442,0.0
14,waypoint_63,-15.0,0.20323956389577547,-0.6888739146935746,1.0242258486310418,475.87576508522034,0.0
0,waypoint_63,0.0,0.20323956389577547,-0.6888739146935746,1.0242258486310418,327.89167761802673,0.0
1,waypoint_63,0.0,0.20323956389577547,-0.6888739146935746,1.0242258486310418,58.21593478322029,0.0
2,waypoint_63,0.0,0.20323956389577547,-0.6888739146935746,1.0242258486310418,0.36596288555301726,0.029818816110491753
3,waypoint_63,0.0,0.20323956389577547,-0.6888739146935746,1.0242258486310418,0.4532105813268572,0.037170398980379105
4,waypoint_63,0.0,0.20323956389577547,-0.6888739146935746,1.0242258486310418,286.986380815506,0.0
5,waypoint_63,0.0,0.20323956389577547,-0.6888739146935746,1.0242258486310418,0.5357382469810545,0.022696709260344505
6,waypoint_63,0.0,0.20323956389577547,-0.6888739146935746,1.0242258486310418,0.5558847915381193,0.013699591159820557
7,waypoint_63,0.0,0.20323956389577547,-0.6888739146935746,1.0242258486310418,244.49914693832397,0.0
8,waypoint_63,0.0,0.20323956389577547,-0.6888739146935746,1.0242258486310418,1.271346933208406,0.005569869186729193
9,waypoint_63,0.0,0.20323956389577547,-0.6888739146935746,1.0242258486310418,1.0540378279983997,0.01662217453122139
10,waypoint_63,0.0,0.20323956389577547,-0.6888739146935746,1.0242258486310418,450.8568048477173,0.0
11,waypoint_63,0.0,0.20323956389577547,-0.6888739146935746,1.0242258486310418,300.54301023483276,0.0
12,waypoint_63,0.0,0.20323956389577547,-0.6888739146935746,1.0242258486310418,414.48014974594116,0.0
13,waypoint_63,0.0,0.20323956389577547,-0.6888739146935746,1.0242258486310418,266.78258180618286,0.0
14,waypoint_63,0.0,0.20323956389577547,-0.6888739146935746,1.0242258486310418,444.38180327415466,0.0
0,waypoint_63,15.0,0.20323956389577547,-0.6888739146935746,1.0242258486310418,295.492559671402,0.0
1,waypoint_63,15.0,0.20323956389577547,-0.6888739146935746,1.0242258486310418,53.762611001729965,0.0
2,waypoint_63,15.0,0.20323956389577547,-0.6888739146935746,1.0242258486310418,6.478519644588232,0.0
3,waypoint_63,15.0,0.20323956389577547,-0.6888739146935746,1.0242258486310418,5.912798456847668,0.0
4,waypoint_63,15.0,0.20323956389577547,-0.6888739146935746,1.0242258486310418,292.3319935798645,0.0
5,waypoint_63,15.0,0.20323956389577547,-0.6888739146935746,1.0242258486310418,6.672513671219349,0.0
6,waypoint_63,15.0,0.20323956389577547,-0.6888739146935746,1.0242258486310418,8.52630939334631,0.0
7,waypoint_63,15.0,0.20323956389577547,-0.6888739146935746,1.0242258486310418,234.47538912296295,0.0
8,waypoint_63,15.0,0.20323956389577547,-0.6888739146935746,1.0242258486310418,16.279593110084534,0.0
9,waypoint_63,15.0,0.20323956389577547,-0.6888739146935746,1.0242258486310418,17.26548746228218,0.0
10,waypoint_63,15.0,0.20323956389577547,-0.6888739146935746,1.0242258486310418,444.5333182811737,0.0
11,waypoint_63,15.0,0.20323956389577547,-0.6888739146935746,1.0242258486310418,294.5479154586792,0.0
12,waypoint_63,15.0,0.20323956389577547,-0.6888739146935746,1.0242258486310418,407.49290585517883,0.0
13,waypoint_63,15.0,0.20323956389577547,-0.6888739146935746,1.0242258486310418,267.81001687049866,0.0
14,waypoint_63,15.0,0.20323956389577547,-0.6888739146935746,1.0242258486310418,438.132643699646,0.0
0,waypoint_63,30.0,0.20323956389577547,-0.6888739146935746,1.0242258486310418,297.39606380462646,0.0
1,waypoint_63,30.0,0.20323956389577547,-0.6888739146935746,1.0242258486310418,320.6629455089569,0.0
2,waypoint_63,30.0,0.20323956389577547,-0.6888739146935746,1.0242258486310418,151.79748833179474,0.0
3,waypoint_63,30.0,0.20323956389577547,-0.6888739146935746,1.0242258486310418,0.2880962856579572,0.028110988438129425
4,waypoint_63,30.0,0.20323956389577547,-0.6888739146935746,1.0242258486310418,192.48610734939575,0.0
5,waypoint_63,30.0,0.20323956389577547,-0.6888739146935746,1.0242258486310418,0.36038545658811927,0.02282283827662468
6,waypoint_63,30.0,0.20323956389577547,-0.6888739146935746,1.0242258486310418,0.3846717590931803,0.014170198701322079
7,waypoint_63,30.0,0.20323956389577547,-0.6888739146935746,1.0242258486310418,162.71743178367615,0.0
8,waypoint_63,30.0,0.20323956389577547,-0.6888739146935746,1.0242258486310418,0.32708741491660476,0.005701825022697449
9,waypoint_63,30.0,0.20323956389577547,-0.6888739146935746,1.0242258486310418,0.5694946157746017,0.014494079165160656
10,waypoint_63,30.0,0.20323956389577547,-0.6888739146935746,1.0242258486310418,405.64611554145813,0.0
11,waypoint_63,30.0,0.20323956389577547,-0.6888739146935746,1.0242258486310418,250.07101893424988,0.0
12,waypoint_63,30.0,0.20323956389577547,-0.6888739146935746,1.0242258486310418,358.87637734413147,0.0
13,waypoint_63,30.0,0.20323956389577547,-0.6888739146935746,1.0242258486310418,262.151300907135,0.0
14,waypoint_63,30.0,0.20323956389577547,-0.6888739146935746,1.0242258486310418,396.7968225479126,0.0
0,waypoint_64,30.0,0.22323956389577598,-0.6888739146935746,1.0242258486310418,350.6365120410919,0.0
1,waypoint_64,30.0,0.22323956389577598,-0.6888739146935746,1.0242258486310418,348.1966257095337,0.0
2,waypoint_64,30.0,0.22323956389577598,-0.6888739146935746,1.0242258486310418,259.6800625324249,0.0
3,waypoint_64,30.0,0.22323956389577598,-0.6888739146935746,1.0242258486310418,0.9994336869567633,0.025405725464224815
4,waypoint_64,30.0,0.22323956389577598,-0.6888739146935746,1.0242258486310418,121.96861952543259,0.0
5,waypoint_64,30.0,0.22323956389577598,-0.6888739146935746,1.0242258486310418,0.907588517293334,0.024438194930553436
6,waypoint_64,30.0,0.22323956389577598,-0.6888739146935746,1.0242258486310418,0.9518133010715246,0.01606731303036213
7,waypoint_64,30.0,0.22323956389577598,-0.6888739146935746,1.0242258486310418,142.15485751628876,0.0
8,waypoint_64,30.0,0.22323956389577598,-0.6888739146935746,1.0242258486310418,1.1972448555752635,0.0037292109336704016
9,waypoint_64,30.0,0.22323956389577598,-0.6888739146935746,1.0242258486310418,1.0761501034721732,0.01276314165443182
10,waypoint_64,30.0,0.22323956389577598,-0.6888739146935746,1.0242258486310418,403.3375680446625,0.0
11,waypoint_64,30.0,0.22323956389577598,-0.6888739146935746,1.0242258486310418,254.0208101272583,0.0
12,waypoint_64,30.0,0.22323956389577598,-0.6888739146935746,1.0242258486310418,350.517600774765,0.0
13,waypoint_64,30.0,0.22323956389577598,-0.6888739146935746,1.0242258486310418,261.3426744937897,0.0
14,waypoint_64,30.0,0.22323956389577598,-0.6888739146935746,1.0242258486310418,381.36279582977295,0.0
0,waypoint_64,15.0,0.22323956389577598,-0.6888739146935746,1.0242258486310418,312.4167323112488,0.0
1,waypoint_64,15.0,0.22323956389577598,-0.6888739146935746,1.0242258486310418,304.5295178890228,0.0
2,waypoint_64,15.0,0.22323956389577598,-0.6888739146935746,1.0242258486310418,306.0849606990814,0.0
3,waypoint_64,15.0,0.22323956389577598,-0.6888739146935746,1.0242258486310418,7.620252203196287,0.0
4,waypoint_64,15.0,0.22323956389577598,-0.6888739146935746,1.0242258486310418,121.05052173137665,0.0
5,waypoint_64,15.0,0.22323956389577598,-0.6888739146935746,1.0242258486310418,6.480819080024958,0.0
6,waypoint_64,15.0,0.22323956389577598,-0.6888739146935746,1.0242258486310418,7.003773935139179,0.0
7,waypoint_64,15.0,0.22323956389577598,-0.6888739146935746,1.0242258486310418,150.84069967269897,0.0
8,waypoint_64,15.0,0.22323956389577598,-0.6888739146935746,1.0242258486310418,13.088800944387913,0.0
9,waypoint_64,15.0,0.22323956389577598,-0.6888739146935746,1.0242258486310418,13.772726058959961,0.0
10,waypoint_64,15.0,0.22323956389577598,-0.6888739146935746,1.0242258486310418,410.622239112854,0.0
11,waypoint_64,15.0,0.22323956389577598,-0.6888739146935746,1.0242258486310418,260.71563363075256,0.0
12,waypoint_64,15.0,0.22323956389577598,-0.6888739146935746,1.0242258486310418,356.3949763774872,0.0
13,waypoint_64,15.0,0.22323956389577598,-0.6888739146935746,1.0242258486310418,263.3676826953888,0.0
14,waypoint_64,15.0,0.22323956389577598,-0.6888739146935746,1.0242258486310418,387.25417852401733,0.0
0,waypoint_64,0.0,0.22323956389577598,-0.6888739146935746,1.0242258486310418,316.1705434322357,0.0
1,waypoint_64,0.0,0.22323956389577598,-0.6888739146935746,1.0242258486310418,267.2521770000458,0.0
2,waypoint_64,0.0,0.22323956389577598,-0.6888739146935746,1.0242258486310418,278.84602546691895,0.0
3,waypoint_64,0.0,0.22323956389577598,-0.6888739146935746,1.0242258486310418,0.22707843163516372,0.037361908704042435
4,waypoint_64,0.0,0.22323956389577598,-0.6888739146935746,1.0242258486310418,177.65693366527557,0.0
5,waypoint_64,0.0,0.22323956389577598,-0.6888739146935746,1.0242258486310418,0.40979377808980644,0.0245130006223917
6,waypoint_64,0.0,0.22323956389577598,-0.6888739146935746,1.0242258486310418,0.4539769724942744,0.01550246961414814
7,waypoint_64,0.0,0.22323956389577598,-0.6888739146935746,1.0242258486310418,225.72767734527588,0.0
8,waypoint_64,0.0,0.22323956389577598,-0.6888739146935746,1.0242258486310418,1.5025127213448286,0.0
9,waypoint_64,0.0,0.22323956389577598,-0.6888739146935746,1.0242258486310418,1.0590358870103955,0.014298788271844387
10,waypoint_64,0.0,0.22323956389577598,-0.6888739146935746,1.0242258486310418,441.9827461242676,0.0
11,waypoint_64,0.0,0.22323956389577598,-0.6888739146935746,1.0242258486310418,301.94351077079773,0.0
12,waypoint_64,0.0,0.22323956389577598,-0.6888739146935746,1.0242258486310418,409.3204438686371,0.0
13,waypoint_64,0.0,0.22323956389577598,-0.6888739146935746,1.0242258486310418,269.1929042339325,0.0
14,waypoint_64,0.0,0.22323956389577598,-0.6888739146935746,1.0242258486310418,422.7297306060791,0.0
0,waypoint_64,-15.0,0.22323956389577598,-0.6888739146935746,1.0242258486310418,271.1167633533478,0.0
1,waypoint_64,-15.0,0.22323956389577598,-0.6888739146935746,1.0242258486310418,298.8725006580353,0.0
2,waypoint_64,-15.0,0.22323956389577598,-0.6888739146935746,1.0242258486310418,290.3328537940979,0.0
3,waypoint_64,-15.0,0.22323956389577598,-0.6888739146935746,1.0242258486310418,5.7770260609686375,0.0
4,waypoint_64,-15.0,0.22323956389577598,-0.6888739146935746,1.0242258486310418,178.92523109912872,0.0
5,waypoint_64,-15.0,0.22323956389577598,-0.6888739146935746,1.0242258486310418,6.570474244654179,0.0
6,waypoint_64,-15.0,0.22323956389577598,-0.6888739146935746,1.0242258486310418,8.360412903130054,0.0
7,waypoint_64,-15.0,0.22323956389577598,-0.6888739146935746,1.0242258486310418,236.02989315986633,0.0
8,waypoint_64,-15.0,0.22323956389577598,-0.6888739146935746,1.0242258486310418,15.48738032579422,0.0
9,waypoint_64,-15.0,0.22323956389577598,-0.6888739146935746,1.0242258486310418,16.632363200187683,0.0
10,waypoint_64,-15.0,0.22323956389577598,-0.6888739146935746,1.0242258486310418,446.1958408355713,0.0
11,waypoint_64,-15.0,0.22323956389577598,-0.6888739146935746,1.0242258486310418,307.7017068862915,0.0
12,waypoint_64,-15.0,0.22323956389577598,-0.6888739146935746,1.0242258486310418,416.56187176704407,0.0
13,waypoint_64,-15.0,0.22323956389577598,-0.6888739146935746,1.0242258486310418,270.61882615089417,0.0
14,waypoint_64,-15.0,0.22323956389577598,-0.6888739146935746,1.0242258486310418,430.6117594242096,0.0
0,waypoint_64,-30.0,0.22323956389577598,-0.6888739146935746,1.0242258486310418,243.49671602249146,0.0
1,waypoint_64,-30.0,0.22323956389577598,-0.6888739146935746,1.0242258486310418,246.91052734851837,0.0
2,waypoint_64,-30.0,0.22323956389577598,-0.6888739146935746,1.0242258486310418,2.250690944492817,0.0
3,waypoint_64,-30.0,0.22323956389577598,-0.6888739146935746,1.0242258486310418,0.5658621666952968,0.04132409766316414
4,waypoint_64,-30.0,0.22323956389577598,-0.6888739146935746,1.0242258486310418,268.287718296051,0.0
5,waypoint_64,-30.0,0.22323956389577598,-0.6888739146935746,1.0242258486310418,0.62727858312428,0.022364210337400436
6,waypoint_64,-30.0,0.22323956389577598,-0.6888739146935746,1.0242258486310418,0.6283609545789659,0.013794341124594212
7,waypoint_64,-30.0,0.22323956389577598,-0.6888739146935746,1.0242258486310418,307.97651410102844,0.0
8,waypoint_64,-30.0,0.22323956389577598,-0.6888739146935746,1.0242258486310418,1.4569911872968078,0.002094017807394266
9,waypoint_64,-30.0,0.22323956389577598,-0.6888739146935746,1.0242258486310418,1.323931384831667,0.012739824131131172
10,waypoint_64,-30.0,0.22323956389577598,-0.6888739146935746,1.0242258486310418,466.83478355407715,0.0
11,waypoint_64,-30.0,0.22323956389577598,-0.6888739146935746,1.0242258486310418,339.608371257782,0.0
12,waypoint_64,-30.0,0.22323956389577598,-0.6888739146935746,1.0242258486310418,466.7571783065796,0.0
13,waypoint_64,-30.0,0.22323956389577598,-0.6888739146935746,1.0242258486310418,269.3134844303131,0.0
14,waypoint_64,-30.0,0.22323956389577598,-0.6888739146935746,1.0242258486310418,456.84218406677246,0.0
0,waypoint_65,-30.0,0.24323956389577556,-0.6888739146935746,1.0242258486310418,250.49814581871033,0.0
1,waypoint_65,-30.0,0.24323956389577556,-0.6888739146935746,1.0242258486310418,199.79692995548248,0.0
2,waypoint_65,-30.0,0.24323956389577556,-0.6888739146935746,1.0242258486310418,1.457932754419744,0.038688916712999344
3,waypoint_65,-30.0,0.24323956389577556,-0.6888739146935746,1.0242258486310418,1.2843789299950004,0.042504359036684036
4,waypoint_65,-30.0,0.24323956389577556,-0.6888739146935746,1.0242258486310418,266.63294434547424,0.0
5,waypoint_65,-30.0,0.24323956389577556,-0.6888739146935746,1.0242258486310418,1.2283747782930732,0.024390393868088722
6,waypoint_65,-30.0,0.24323956389577556,-0.6888739146935746,1.0242258486310418,1.2342057889327407,0.01543520949780941
7,waypoint_65,-30.0,0.24323956389577556,-0.6888739146935746,1.0242258486310418,293.09725761413574,0.0
8,waypoint_65,-30.0,0.24323956389577556,-0.6888739146935746,1.0242258486310418,20.1377235352993,0.0
9,waypoint_65,-30.0,0.24323956389577556,-0.6888739146935746,1.0242258486310418,1.2965126661583781,0.01027248427271843
10,waypoint_65,-30.0,0.24323956389577556,-0.6888739146935746,1.0242258486310418,463.64283561706543,0.0
11,waypoint_65,-30.0,0.24323956389577556,-0.6888739146935746,1.0242258486310418,339.30620551109314,0.0
12,waypoint_65,-30.0,0.24323956389577556,-0.6888739146935746,1.0242258486310418,458.03165435791016,0.0
13,waypoint_65,-30.0,0.24323956389577556,-0.6888739146935746,1.0242258486310418,267.8193151950836,0.0
14,waypoint_65,-30.0,0.24323956389577556,-0.6888739146935746,1.0242258486310418,444.4441497325897,0.0
0,waypoint_65,-15.0,0.24323956389577556,-0.6888739146935746,1.0242258486310418,275.5323052406311,0.0
1,waypoint_65,-15.0,0.24323956389577556,-0.6888739146935746,1.0242258486310418,241.1831170320511,0.0
2,waypoint_65,-15.0,0.24323956389577556,-0.6888739146935746,1.0242258486310418,4.279148764908314,0.0
3,waypoint_65,-15.0,0.24323956389577556,-0.6888739146935746,1.0242258486310418,3.940856084227562,0.0
4,waypoint_65,-15.0,0.24323956389577556,-0.6888739146935746,1.0242258486310418,259.26473736763,0.0
5,waypoint_65,-15.0,0.24323956389577556,-0.6888739146935746,1.0242258486310418,4.7946712002158165,0.0
6,waypoint_65,-15.0,0.24323956389577556,-0.6888739146935746,1.0242258486310418,6.418606266379356,0.0
7,waypoint_65,-15.0,0.24323956389577556,-0.6888739146935746,1.0242258486310418,284.2135727405548,0.0
8,waypoint_65,-15.0,0.24323956389577556,-0.6888739146935746,1.0242258486310418,33.420853316783905,0.0
9,waypoint_65,-15.0,0.24323956389577556,-0.6888739146935746,1.0242258486310418,18.00348050892353,0.0
10,waypoint_65,-15.0,0.24323956389577556,-0.6888739146935746,1.0242258486310418,462.4539315700531,0.0
11,waypoint_65,-15.0,0.24323956389577556,-0.6888739146935746,1.0242258486310418,336.42712235450745,0.0
12,waypoint_65,-15.0,0.24323956389577556,-0.6888739146935746,1.0242258486310418,452.96066999435425,0.0
13,waypoint_65,-15.0,0.24323956389577556,-0.6888739146935746,1.0242258486310418,267.95604825019836,0.0
14,waypoint_65,-15.0,0.24323956389577556,-0.6888739146935746,1.0242258486310418,441.46424531936646,0.0
0,waypoint_65,0.0,0.24323956389577556,-0.6888739146935746,1.0242258486310418,291.37957096099854,0.0
1,waypoint_65,0.0,0.24323956389577556,-0.6888739146935746,1.0242258486310418,257.97444581985474,0.0
2,waypoint_65,0.0,0.24323956389577556,-0.6888739146935746,1.0242258486310418,0.53855509031564,0.007799447514116764
3,waypoint_65,0.0,0.24323956389577556,-0.6888739146935746,1.0242258486310418,0.44038190389983356,0.03697007894515991
4,waypoint_65,0.0,0.24323956389577556,-0.6888739146935746,1.0242258486310418,199.09238815307617,0.0
5,waypoint_65,0.0,0.24323956389577556,-0.6888739146935746,1.0242258486310418,0.5363387172110379,0.02629958651959896
6,waypoint_65,0.0,0.24323956389577556,-0.6888739146935746,1.0242258486310418,0.5594182875938714,0.017282338812947273
7,waypoint_65,0.0,0.24323956389577556,-0.6888739146935746,1.0242258486310418,207.87222683429718,0.0
8,waypoint_65,0.0,0.24323956389577556,-0.6888739146935746,1.0242258486310418,2.5040495675057173,0.0
9,waypoint_65,0.0,0.24323956389577556,-0.6888739146935746,1.0242258486310418,1.2367279268801212,0.012165346182882786
10,waypoint_65,0.0,0.24323956389577556,-0.6888739146935746,1.0242258486310418,443.7718391418457,0.0
11,waypoint_65,0.0,0.24323956389577556,-0.6888739146935746,1.0242258486310418,304.8975169658661,0.0
12,waypoint_65,0.0,0.24323956389577556,-0.6888739146935746,1.0242258486310418,405.4993987083435,0.0
13,waypoint_65,0.0,0.24323956389577556,-0.6888739146935746,1.0242258486310418,267.63391494750977,0.0
14,waypoint_65,0.0,0.24323956389577556,-0.6888739146935746,1.0242258486310418,412.570983171463,0.0
0,waypoint_65,15.0,0.24323956389577556,-0.6888739146935746,1.0242258486310418,328.5458981990814,0.0
1,waypoint_65,15.0,0.24323956389577556,-0.6888739146935746,1.0242258486310418,298.8690435886383,0.0
2,waypoint_65,15.0,0.24323956389577556,-0.6888739146935746,1.0242258486310418,28.79762090742588,0.0
3,waypoint_65,15.0,0.24323956389577556,-0.6888739146935746,1.0242258486310418,6.056888960301876,0.0
4,waypoint_65,15.0,0.24323956389577556,-0.6888739146935746,1.0242258486310418,198.54557514190674,0.0
5,waypoint_65,15.0,0.24323956389577556,-0.6888739146935746,1.0242258486310418,6.233638618141413,0.0
6,waypoint_65,15.0,0.24323956389577556,-0.6888739146935746,1.0242258486310418,7.669312413781881,0.0
7,waypoint_65,15.0,0.24323956389577556,-0.6888739146935746,1.0242258486310418,197.22908735275269,0.0
8,waypoint_65,15.0,0.24323956389577556,-0.6888739146935746,1.0242258486310418,11.009071953594685,0.0
9,waypoint_65,15.0,0.24323956389577556,-0.6888739146935746,1.0242258486310418,16.915787011384964,0.0
10,waypoint_65,15.0,0.24323956389577556,-0.6888739146935746,1.0242258486310418,437.88567185401917,0.0
11,waypoint_65,15.0,0.24323956389577556,-0.6888739146935746,1.0242258486310418,299.3287146091461,0.0
12,waypoint_65,15.0,0.24323956389577556,-0.6888739146935746,1.0242258486310418,398.4929323196411,0.0
13,waypoint_65,15.0,0.24323956389577556,-0.6888739146935746,1.0242258486310418,268.3500051498413,0.0
14,waypoint_65,15.0,0.24323956389577556,-0.6888739146935746,1.0242258486310418,406.5878093242645,0.0
0,waypoint_65,30.0,0.24323956389577556,-0.6888739146935746,1.0242258486310418,363.2095754146576,0.0
1,waypoint_65,30.0,0.24323956389577556,-0.6888739146935746,1.0242258486310418,327.0474374294281,0.0
2,waypoint_65,30.0,0.24323956389577556,-0.6888739146935746,1.0242258486310418,249.4150698184967,0.0
3,waypoint_65,30.0,0.24323956389577556,-0.6888739146935746,1.0242258486310418,0.2507433819118887,0.021062660962343216
4,waypoint_65,30.0,0.24323956389577556,-0.6888739146935746,1.0242258486310418,117.22611635923386,0.0
5,waypoint_65,30.0,0.24323956389577556,-0.6888739146935746,1.0242258486310418,0.3591477288864553,0.025822767987847328
6,waypoint_65,30.0,0.24323956389577556,-0.6888739146935746,1.0242258486310418,0.3734215279109776,0.017762914299964905
7,waypoint_65,30.0,0.24323956389577556,-0.6888739146935746,1.0242258486310418,122.57491797208786,0.0
8,waypoint_65,30.0,0.24323956389577556,-0.6888739146935746,1.0242258486310418,34.67635437846184,0.0
9,waypoint_65,30.0,0.24323956389577556,-0.6888739146935746,1.0242258486310418,0.8140107383951545,0.01122996211051941
10,waypoint_65,30.0,0.24323956389577556,-0.6888739146935746,1.0242258486310418,400.5187451839447,0.0
11,waypoint_65,30.0,0.24323956389577556,-0.6888739146935746,1.0242258486310418,258.35806131362915,0.0
12,waypoint_65,30.0,0.24323956389577556,-0.6888739146935746,1.0242258486310418,348.58813881874084,0.0
13,waypoint_65,30.0,0.24323956389577556,-0.6888739146935746,1.0242258486310418,258.8955760002136,0.0
14,waypoint_65,30.0,0.24323956389577556,-0.6888739146935746,1.0242258486310418,369.53940987586975,0.0
0,waypoint_66,30.0,0.2632395638957752,-0.6888739146935746,1.0242258486310418,349.6672213077545,0.0
1,waypoint_66,30.0,0.2632395638957752,-0.6888739146935746,1.0242258486310418,360.50379276275635,0.0
2,waypoint_66,30.0,0.2632395638957752,-0.6888739146935746,1.0242258486310418,381.17891550064087,0.0
3,waypoint_66,30.0,0.2632395638957752,-0.6888739146935746,1.0242258486310418,1.2175830779597163,0.011855021119117737
4,waypoint_66,30.0,0.2632395638957752,-0.6888739146935746,1.0242258486310418,106.51346296072006,0.0
5,waypoint_66,30.0,0.2632395638957752,-0.6888739146935746,1.0242258486310418,0.8944954606704414,0.027197986841201782
6,waypoint_66,30.0,0.2632395638957752,-0.6888739146935746,1.0242258486310418,0.9308415465056896,0.019581053406000137
7,waypoint_66,30.0,0.2632395638957752,-0.6888739146935746,1.0242258486310418,104.44744676351547,0.0
8,waypoint_66,30.0,0.2632395638957752,-0.6888739146935746,1.0242258486310418,297.0696985721588,0.0
9,waypoint_66,30.0,0.2632395638957752,-0.6888739146935746,1.0242258486310418,1.0853465646505356,0.009266874752938747
10,waypoint_66,30.0,0.2632395638957752,-0.6888739146935746,1.0242258486310418,399.67474341392517,0.0
11,waypoint_66,30.0,0.2632395638957752,-0.6888739146935746,1.0242258486310418,264.46202397346497,0.0
12,waypoint_66,30.0,0.2632395638957752,-0.6888739146935746,1.0242258486310418,345.0728952884674,0.0
13,waypoint_66,30.0,0.2632395638957752,-0.6888739146935746,1.0242258486310418,261.0584497451782,0.0
14,waypoint_66,30.0,0.2632395638957752,-0.6888739146935746,1.0242258486310418,358.407199382782,0.0
0,waypoint_66,15.0,0.2632395638957752,-0.6888739146935746,1.0242258486310418,360.9166741371155,0.0
1,waypoint_66,15.0,0.2632395638957752,-0.6888739146935746,1.0242258486310418,317.71278381347656,0.0
2,waypoint_66,15.0,0.2632395638957752,-0.6888739146935746,1.0242258486310418,336.37502789497375,0.0
3,waypoint_66,15.0,0.2632395638957752,-0.6888739146935746,1.0242258486310418,18.697427585721016,0.0
4,waypoint_66,15.0,0.2632395638957752,-0.6888739146935746,1.0242258486310418,110.93048006296158,0.0
5,waypoint_66,15.0,0.2632395638957752,-0.6888739146935746,1.0242258486310418,6.462577264755964,0.0
6,waypoint_66,15.0,0.2632395638957752,-0.6888739146935746,1.0242258486310418,6.717471871525049,0.0
7,waypoint_66,15.0,0.2632395638957752,-0.6888739146935746,1.0242258486310418,113.17327618598938,0.0
8,waypoint_66,15.0,0.2632395638957752,-0.6888739146935746,1.0242258486310418,288.13686966896057,0.0
9,waypoint_66,15.0,0.2632395638957752,-0.6888739146935746,1.0242258486310418,13.338147662580013,0.0
10,waypoint_66,15.0,0.2632395638957752,-0.6888739146935746,1.0242258486310418,405.0445258617401,0.0
11,waypoint_66,15.0,0.2632395638957752,-0.6888739146935746,1.0242258486310418,270.4527676105499,0.0
12,waypoint_66,15.0,0.2632395638957752,-0.6888739146935746,1.0242258486310418,352.1227836608887,0.0
13,waypoint_66,15.0,0.2632395638957752,-0.6888739146935746,1.0242258486310418,263.3565068244934,0.0
14,waypoint_66,15.0,0.2632395638957752,-0.6888739146935746,1.0242258486310418,365.34959077835083,0.0
0,waypoint_66,0.0,0.2632395638957752,-0.6888739146935746,1.0242258486310418,294.38769817352295,0.0
1,waypoint_66,0.0,0.2632395638957752,-0.6888739146935746,1.0242258486310418,300.65977573394775,0.0
2,waypoint_66,0.0,0.2632395638957752,-0.6888739146935746,1.0242258486310418,296.30184173583984,0.0
3,waypoint_66,0.0,0.2632395638957752,-0.6888739146935746,1.0242258486310418,1.6220785910263658,0.0
4,waypoint_66,0.0,0.2632395638957752,-0.6888739146935746,1.0242258486310418,176.37601494789124,0.0
5,waypoint_66,0.0,0.2632395638957752,-0.6888739146935746,1.0242258486310418,0.40865433402359486,0.028074244037270546
6,waypoint_66,0.0,0.2632395638957752,-0.6888739146935746,1.0242258486310418,0.4262389265932143,0.019092734903097153
7,waypoint_66,0.0,0.2632395638957752,-0.6888739146935746,1.0242258486310418,191.1678910255432,0.0
8,waypoint_66,0.0,0.2632395638957752,-0.6888739146935746,1.0242258486310418,133.9343786239624,0.0
9,waypoint_66,0.0,0.2632395638957752,-0.6888739146935746,1.0242258486310418,1.0046070674434304,0.009849820286035538
10,waypoint_66,0.0,0.2632395638957752,-0.6888739146935746,1.0242258486310418,435.9237253665924,0.0
11,waypoint_66,0.0,0.2632395638957752,-0.6888739146935746,1.0242258486310418,307.97532200813293,0.0
12,waypoint_66,0.0,0.2632395638957752,-0.6888739146935746,1.0242258486310418,401.0259211063385,0.0
13,waypoint_66,0.0,0.2632395638957752,-0.6888739146935746,1.0242258486310418,268.578976392746,0.0
14,waypoint_66,0.0,0.2632395638957752,-0.6888739146935746,1.0242258486310418,400.0341296195984,0.0
0,waypoint_66,-15.0,0.2632395638957752,-0.6888739146935746,1.0242258486310418,322.55440950393677,0.0
1,waypoint_66,-15.0,0.2632395638957752,-0.6888739146935746,1.0242258486310418,260.7085406780243,0.0
2,waypoint_66,-15.0,0.2632395638957752,-0.6888739146935746,1.0242258486310418,251.53860449790955,0.0
3,waypoint_66,-15.0,0.2632395638957752,-0.6888739146935746,1.0242258486310418,5.748048424720764,0.0
4,waypoint_66,-15.0,0.2632395638957752,-0.6888739146935746,1.0242258486310418,179.6785593032837,0.0
5,waypoint_66,-15.0,0.2632395638957752,-0.6888739146935746,1.0242258486310418,6.174079142510891,0.0
6,waypoint_66,-15.0,0.2632395638957752,-0.6888739146935746,1.0242258486310418,7.513778284192085,0.0
7,waypoint_66,-15.0,0.2632395638957752,-0.6888739146935746,1.0242258486310418,202.61822640895844,0.0
8,waypoint_66,-15.0,0.2632395638957752,-0.6888739146935746,1.0242258486310418,136.8473470211029,0.0
9,waypoint_66,-15.0,0.2632395638957752,-0.6888739146935746,1.0242258486310418,16.00826159119606,0.0
10,waypoint_66,-15.0,0.2632395638957752,-0.6888739146935746,1.0242258486310418,440.1675760746002,0.0
11,waypoint_66,-15.0,0.2632395638957752,-0.6888739146935746,1.0242258486310418,313.1989538669586,0.0
12,waypoint_66,-15.0,0.2632395638957752,-0.6888739146935746,1.0242258486310418,408.0813229084015,0.0
13,waypoint_66,-15.0,0.2632395638957752,-0.6888739146935746,1.0242258486310418,270.2358365058899,0.0
14,waypoint_66,-15.0,0.2632395638957752,-0.6888739146935746,1.0242258486310418,405.33021092414856,0.0
0,waypoint_66,-30.0,0.2632395638957752,-0.6888739146935746,1.0242258486310418,222.6928025484085,0.0
1,waypoint_66,-30.0,0.2632395638957752,-0.6888739146935746,1.0242258486310418,231.0733199119568,0.0
2,waypoint_66,-30.0,0.2632395638957752,-0.6888739146935746,1.0242258486310418,273.0737626552582,0.0
3,waypoint_66,-30.0,0.2632395638957752,-0.6888739146935746,1.0242258486310418,0.5870116292499006,0.04319567233324051
4,waypoint_66,-30.0,0.2632395638957752,-0.6888739146935746,1.0242258486310418,252.57331132888794,0.0
5,waypoint_66,-30.0,0.2632395638957752,-0.6888739146935746,1.0242258486310418,0.6178144249133766,0.02628309279680252
6,waypoint_66,-30.0,0.2632395638957752,-0.6888739146935746,1.0242258486310418,0.6317772786132991,0.017001613974571228
7,waypoint_66,-30.0,0.2632395638957752,-0.6888739146935746,1.0242258486310418,279.08632159233093,0.0
8,waypoint_66,-30.0,0.2632395638957752,-0.6888739146935746,1.0242258486310418,82.85847306251526,0.0
9,waypoint_66,-30.0,0.2632395638957752,-0.6888739146935746,1.0242258486310418,1.366772805340588,0.008127396926283836
10,waypoint_66,-30.0,0.2632395638957752,-0.6888739146935746,1.0242258486310418,457.7089548110962,0.0
11,waypoint_66,-30.0,0.2632395638957752,-0.6888739146935746,1.0242258486310418,341.9894874095917,0.0
12,waypoint_66,-30.0,0.2632395638957752,-0.6888739146935746,1.0242258486310418,451.8020749092102,0.0
13,waypoint_66,-30.0,0.2632395638957752,-0.6888739146935746,1.0242258486310418,266.1038339138031,0.0
14,waypoint_66,-30.0,0.2632395638957752,-0.6888739146935746,1.0242258486310418,423.1923520565033,0.0
0,waypoint_67,-30.0,0.28323956389577537,-0.6888739146935746,1.0242258486310418,267.8629755973816,0.0
1,waypoint_67,-30.0,0.28323956389577537,-0.6888739146935746,1.0242258486310418,167.8515076637268,0.0
2,waypoint_67,-30.0,0.28323956389577537,-0.6888739146935746,1.0242258486310418,28.437156230211258,0.0
3,waypoint_67,-30.0,0.28323956389577537,-0.6888739146935746,1.0242258486310418,1.3490275014191866,0.043397191911935806
4,waypoint_67,-30.0,0.28323956389577537,-0.6888739146935746,1.0242258486310418,250.61041116714478,0.0
5,waypoint_67,-30.0,0.28323956389577537,-0.6888739146935746,1.0242258486310418,1.2284326367080212,0.028414461761713028
6,waypoint_67,-30.0,0.28323956389577537,-0.6888739146935746,1.0242258486310418,1.2321543181315064,0.018794601783156395
7,waypoint_67,-30.0,0.28323956389577537,-0.6888739146935746,1.0242258486310418,266.26259088516235,0.0
8,waypoint_67,-30.0,0.28323956389577537,-0.6888739146935746,1.0242258486310418,116.62731319665909,0.0
9,waypoint_67,-30.0,0.28323956389577537,-0.6888739146935746,1.0242258486310418,1.2166841188445687,0.005878442898392677
10,waypoint_67,-30.0,0.28323956389577537,-0.6888739146935746,1.0242258486310418,457.0915400981903,0.0
11,waypoint_67,-30.0,0.28323956389577537,-0.6888739146935746,1.0242258486310418,344.21756863594055,0.0
12,waypoint_67,-30.0,0.28323956389577537,-0.6888739146935746,1.0242258486310418,444.43702697753906,0.0
13,waypoint_67,-30.0,0.28323956389577537,-0.6888739146935746,1.0242258486310418,267.03494787216187,0.0
14,waypoint_67,-30.0,0.28323956389577537,-0.6888739146935746,1.0242258486310418,422.25584387779236,0.0
0,waypoint_67,-15.0,0.28323956389577537,-0.6888739146935746,1.0242258486310418,229.8308163881302,0.0
1,waypoint_67,-15.0,0.28323956389577537,-0.6888739146935746,1.0242258486310418,201.0335475206375,0.0
2,waypoint_67,-15.0,0.28323956389577537,-0.6888739146935746,1.0242258486310418,21.39376848936081,0.0
3,waypoint_67,-15.0,0.28323956389577537,-0.6888739146935746,1.0242258486310418,4.019139334559441,0.0
4,waypoint_67,-15.0,0.28323956389577537,-0.6888739146935746,1.0242258486310418,242.4408197402954,0.0
5,waypoint_67,-15.0,0.28323956389577537,-0.6888739146935746,1.0242258486310418,4.4284905306994915,0.0
6,waypoint_67,-15.0,0.28323956389577537,-0.6888739146935746,1.0242258486310418,5.619858857244253,0.0
7,waypoint_67,-15.0,0.28323956389577537,-0.6888739146935746,1.0242258486310418,256.7133903503418,0.0
8,waypoint_67,-15.0,0.28323956389577537,-0.6888739146935746,1.0242258486310418,113.26391249895096,0.0
9,waypoint_67,-15.0,0.28323956389577537,-0.6888739146935746,1.0242258486310418,17.267413437366486,0.0
10,waypoint_67,-15.0,0.28323956389577537,-0.6888739146935746,1.0242258486310418,455.54399490356445,0.0
11,waypoint_67,-15.0,0.28323956389577537,-0.6888739146935746,1.0242258486310418,342.2800600528717,0.0
12,waypoint_67,-15.0,0.28323956389577537,-0.6888739146935746,1.0242258486310418,440.5045509338379,0.0
13,waypoint_67,-15.0,0.28323956389577537,-0.6888739146935746,1.0242258486310418,267.6112949848175,0.0
14,waypoint_67,-15.0,0.28323956389577537,-0.6888739146935746,1.0242258486310418,424.1255819797516,0.0
0,waypoint_67,0.0,0.28323956389577537,-0.6888739146935746,1.0242258486310418,295.56411504745483,0.0
1,waypoint_67,0.0,0.28323956389577537,-0.6888739146935746,1.0242258486310418,283.80289673805237,0.0
2,waypoint_67,0.0,0.28323956389577537,-0.6888739146935746,1.0242258486310418,75.93811303377151,0.0
3,waypoint_67,0.0,0.28323956389577537,-0.6888739146935746,1.0242258486310418,0.4117384669370949,0.033607739955186844
4,waypoint_67,0.0,0.28323956389577537,-0.6888739146935746,1.0242258486310418,165.7043695449829,0.0
5,waypoint_67,0.0,0.28323956389577537,-0.6888739146935746,1.0242258486310418,0.521850713994354,0.02978961169719696
6,waypoint_67,0.0,0.28323956389577537,-0.6888739146935746,1.0242258486310418,0.5515810917131603,0.02088695950806141
7,waypoint_67,0.0,0.28323956389577537,-0.6888739146935746,1.0242258486310418,176.17081105709076,0.0
8,waypoint_67,0.0,0.28323956389577537,-0.6888739146935746,1.0242258486310418,150.94444155693054,0.0
9,waypoint_67,0.0,0.28323956389577537,-0.6888739146935746,1.0242258486310418,1.2633332516998053,0.007734821178019047
10,waypoint_67,0.0,0.28323956389577537,-0.6888739146935746,1.0242258486310418,438.2949769496918,0.0
11,waypoint_67,0.0,0.28323956389577537,-0.6888739146935746,1.0242258486310418,315.06747007369995,0.0
12,waypoint_67,0.0,0.28323956389577537,-0.6888739146935746,1.0242258486310418,397.7317810058594,0.0
13,waypoint_67,0.0,0.28323956389577537,-0.6888739146935746,1.0242258486310418,271.01731300354004,0.0
14,waypoint_67,0.0,0.28323956389577537,-0.6888739146935746,1.0242258486310418,401.14349126815796,0.0
0,waypoint_67,15.0,0.28323956389577537,-0.6888739146935746,1.0242258486310418,330.92787861824036,0.0
1,waypoint_67,15.0,0.28323956389577537,-0.6888739146935746,1.0242258486310418,322.6986527442932,0.0
2,waypoint_67,15.0,0.28323956389577537,-0.6888739146935746,1.0242258486310418,121.0521012544632,0.0
3,waypoint_67,15.0,0.28323956389577537,-0.6888739146935746,1.0242258486310418,6.288977339863777,0.0
4,waypoint_67,15.0,0.28323956389577537,-0.6888739146935746,1.0242258486310418,163.1423830986023,0.0
5,waypoint_67,15.0,0.28323956389577537,-0.6888739146935746,1.0242258486310418,5.962739232927561,0.0
6,waypoint_67,15.0,0.28323956389577537,-0.6888739146935746,1.0242258486310418,6.962713319808245,0.0
7,waypoint_67,15.0,0.28323956389577537,-0.6888739146935746,1.0242258486310418,164.63744640350342,0.0
8,waypoint_67,15.0,0.28323956389577537,-0.6888739146935746,1.0242258486310418,147.55505323410034,0.0
9,waypoint_67,15.0,0.28323956389577537,-0.6888739146935746,1.0242258486310418,16.435524448752403,0.0
10,waypoint_67,15.0,0.28323956389577537,-0.6888739146935746,1.0242258486310418,432.8148663043976,0.0
11,waypoint_67,15.0,0.28323956389577537,-0.6888739146935746,1.0242258486310418,309.95458364486694,0.0
12,waypoint_67,15.0,0.28323956389577537,-0.6888739146935746,1.0242258486310418,390.9432590007782,0.0
13,waypoint_67,15.0,0.28323956389577537,-0.6888739146935746,1.0242258486310418,270.7318365573883,0.0
14,waypoint_67,15.0,0.28323956389577537,-0.6888739146935746,1.0242258486310418,394.1984474658966,0.0
0,waypoint_67,30.0,0.28323956389577537,-0.6888739146935746,1.0242258486310418,323.7875699996948,0.0
1,waypoint_67,30.0,0.28323956389577537,-0.6888739146935746,1.0242258486310418,330.36860823631287,0.0
2,waypoint_67,30.0,0.28323956389577537,-0.6888739146935746,1.0242258486310418,334.88333225250244,0.0
3,waypoint_67,30.0,0.28323956389577537,-0.6888739146935746,1.0242258486310418,6.310112774372101,0.0
4,waypoint_67,30.0,0.28323956389577537,-0.6888739146935746,1.0242258486310418,94.27478164434433,0.0
5,waypoint_67,30.0,0.28323956389577537,-0.6888739146935746,1.0242258486310418,0.35057830973528326,0.028305089101195335
6,waypoint_67,30.0,0.28323956389577537,-0.6888739146935746,1.0242258486310418,0.3664667019620538,0.021194297820329666
7,waypoint_67,30.0,0.28323956389577537,-0.6888739146935746,1.0242258486310418,88.45984190702438,0.0
8,waypoint_67,30.0,0.28323956389577537,-0.6888739146935746,1.0242258486310418,291.88770055770874,0.0
9,waypoint_67,30.0,0.28323956389577537,-0.6888739146935746,1.0242258486310418,0.6728992448188365,0.007576153613626957
10,waypoint_67,30.0,0.28323956389577537,-0.6888739146935746,1.0242258486310418,396.76982164382935,0.0
11,waypoint_67,30.0,0.28323956389577537,-0.6888739146935746,1.0242258486310418,275.85822343826294,0.0
12,waypoint_67,30.0,0.28323956389577537,-0.6888739146935746,1.0242258486310418,343.21072697639465,0.0
13,waypoint_67,30.0,0.28323956389577537,-0.6888739146935746,1.0242258486310418,262.3558044433594,0.0
14,waypoint_67,30.0,0.28323956389577537,-0.6888739146935746,1.0242258486310418,355.59120774269104,0.0
0,waypoint_68,30.0,0.30323956389577517,-0.6888739146935746,1.0242258486310418,366.1593496799469,0.0
1,waypoint_68,30.0,0.30323956389577517,-0.6888739146935746,1.0242258486310418,380.16465306282043,0.0
2,waypoint_68,30.0,0.30323956389577517,-0.6888739146935746,1.0242258486310418,328.8472890853882,0.0
3,waypoint_68,30.0,0.30323956389577517,-0.6888739146935746,1.0242258486310418,58.32213535904884,0.0
4,waypoint_68,30.0,0.30323956389577517,-0.6888739146935746,1.0242258486310418,78.90187948942184,0.0
5,waypoint_68,30.0,0.30323956389577517,-0.6888739146935746,1.0242258486310418,0.8878476801328361,0.029293948784470558
6,waypoint_68,30.0,0.30323956389577517,-0.6888739146935746,1.0242258486310418,0.914017902687192,0.022892730310559273
7,waypoint_68,30.0,0.30323956389577517,-0.6888739146935746,1.0242258486310418,76.17469877004623,0.0
8,waypoint_68,30.0,0.30323956389577517,-0.6888739146935746,1.0242258486310418,284.97442603111267,0.0
9,waypoint_68,30.0,0.30323956389577517,-0.6888739146935746,1.0242258486310418,1.0916743194684386,0.005546909291297197
10,waypoint_68,30.0,0.30323956389577517,-0.6888739146935746,1.0242258486310418,397.624671459198,0.0
11,waypoint_68,30.0,0.30323956389577517,-0.6888739146935746,1.0242258486310418,283.8761508464813,0.0
12,waypoint_68,30.0,0.30323956389577517,-0.6888739146935746,1.0242258486310418,341.0903215408325,0.0
13,waypoint_68,30.0,0.30323956389577517,-0.6888739146935746,1.0242258486310418,266.5766477584839,0.0
14,waypoint_68,30.0,0.30323956389577517,-0.6888739146935746,1.0242258486310418,343.1095778942108,0.0
0,waypoint_68,15.0,0.30323956389577517,-0.6888739146935746,1.0242258486310418,331.9358825683594,0.0
1,waypoint_68,15.0,0.30323956389577517,-0.6888739146935746,1.0242258486310418,353.0327081680298,0.0
2,waypoint_68,15.0,0.30323956389577517,-0.6888739146935746,1.0242258486310418,371.74081802368164,0.0
3,waypoint_68,15.0,0.30323956389577517,-0.6888739146935746,1.0242258486310418,57.317573577165604,0.0
4,waypoint_68,15.0,0.30323956389577517,-0.6888739146935746,1.0242258486310418,89.93721753358841,0.0
5,waypoint_68,15.0,0.30323956389577517,-0.6888739146935746,1.0242258486310418,6.560737267136574,0.0
6,waypoint_68,15.0,0.30323956389577517,-0.6888739146935746,1.0242258486310418,6.532822735607624,0.0
7,waypoint_68,15.0,0.30323956389577517,-0.6888739146935746,1.0242258486310418,84.43626761436462,0.0
8,waypoint_68,15.0,0.30323956389577517,-0.6888739146935746,1.0242258486310418,279.12768721580505,0.0
9,waypoint_68,15.0,0.30323956389577517,-0.6888739146935746,1.0242258486310418,13.154537416994572,0.0
10,waypoint_68,15.0,0.30323956389577517,-0.6888739146935746,1.0242258486310418,402.0681381225586,0.0
11,waypoint_68,15.0,0.30323956389577517,-0.6888739146935746,1.0242258486310418,289.08663988113403,0.0
12,waypoint_68,15.0,0.30323956389577517,-0.6888739146935746,1.0242258486310418,347.91237115859985,0.0
13,waypoint_68,15.0,0.30323956389577517,-0.6888739146935746,1.0242258486310418,268.55695247650146,0.0
14,waypoint_68,15.0,0.30323956389577517,-0.6888739146935746,1.0242258486310418,349.32413697242737,0.0
0,waypoint_68,0.0,0.30323956389577517,-0.6888739146935746,1.0242258486310418,306.72749876976013,0.0
1,waypoint_68,0.0,0.30323956389577517,-0.6888739146935746,1.0242258486310418,279.95577454566956,0.0
2,waypoint_68,0.0,0.30323956389577517,-0.6888739146935746,1.0242258486310418,274.20318126678467,0.0
3,waypoint_68,0.0,0.30323956389577517,-0.6888739146935746,1.0242258486310418,67.59772449731827,0.0
4,waypoint_68,0.0,0.30323956389577517,-0.6888739146935746,1.0242258486310418,172.42731153964996,0.0
5,waypoint_68,0.0,0.30323956389577517,-0.6888739146935746,1.0242258486310418,0.41780638275668025,0.031443774700164795
6,waypoint_68,0.0,0.30323956389577517,-0.6888739146935746,1.0242258486310418,0.42088693589903414,0.022706598043441772
7,waypoint_68,0.0,0.30323956389577517,-0.6888739146935746,1.0242258486310418,163.085475564003,0.0
8,waypoint_68,0.0,0.30323956389577517,-0.6888739146935746,1.0242258486310418,154.17836606502533,0.0
9,waypoint_68,0.0,0.30323956389577517,-0.6888739146935746,1.0242258486310418,1.2010125210508704,0.005487214308232069
10,waypoint_68,0.0,0.30323956389577517,-0.6888739146935746,1.0242258486310418,432.48042464256287,0.0
11,waypoint_68,0.0,0.30323956389577517,-0.6888739146935746,1.0242258486310418,322.1451938152313,0.0
12,waypoint_68,0.0,0.30323956389577517,-0.6888739146935746,1.0242258486310418,394.6409523487091,0.0
13,waypoint_68,0.0,0.30323956389577517,-0.6888739146935746,1.0242258486310418,272.0387876033783,0.0
14,waypoint_68,0.0,0.30323956389577517,-0.6888739146935746,1.0242258486310418,382.2906017303467,0.0
0,waypoint_68,-15.0,0.30323956389577517,-0.6888739146935746,1.0242258486310418,297.1346080303192,0.0
1,waypoint_68,-15.0,0.30323956389577517,-0.6888739146935746,1.0242258486310418,309.98221039772034,0.0
2,waypoint_68,-15.0,0.30323956389577517,-0.6888739146935746,1.0242258486310418,304.63698506355286,0.0
3,waypoint_68,-15.0,0.30323956389577517,-0.6888739146935746,1.0242258486310418,87.72920817136765,0.0
4,waypoint_68,-15.0,0.30323956389577517,-0.6888739146935746,1.0242258486310418,178.37639153003693,0.0
5,waypoint_68,-15.0,0.30323956389577517,-0.6888739146935746,1.0242258486310418,5.946993362158537,0.0
6,waypoint_68,-15.0,0.30323956389577517,-0.6888739146935746,1.0242258486310418,6.837588734924793,0.0
7,waypoint_68,-15.0,0.30323956389577517,-0.6888739146935746,1.0242258486310418,175.13976991176605,0.0
8,waypoint_68,-15.0,0.30323956389577517,-0.6888739146935746,1.0242258486310418,149.59058165550232,0.0
9,waypoint_68,-15.0,0.30323956389577517,-0.6888739146935746,1.0242258486310418,15.2771370485425,0.0
10,waypoint_68,-15.0,0.30323956389577517,-0.6888739146935746,1.0242258486310418,436.48597598075867,0.0
11,waypoint_68,-15.0,0.30323956389577517,-0.6888739146935746,1.0242258486310418,326.7015218734741,0.0
12,waypoint_68,-15.0,0.30323956389577517,-0.6888739146935746,1.0242258486310418,401.4012813568115,0.0
13,waypoint_68,-15.0,0.30323956389577517,-0.6888739146935746,1.0242258486310418,271.3330388069153,0.0
14,waypoint_68,-15.0,0.30323956389577517,-0.6888739146935746,1.0242258486310418,387.08510994911194,0.0
0,waypoint_68,-30.0,0.30323956389577517,-0.6888739146935746,1.0242258486310418,239.30568993091583,0.0
1,waypoint_68,-30.0,0.30323956389577517,-0.6888739146935746,1.0242258486310418,317.6654875278473,0.0
2,waypoint_68,-30.0,0.30323956389577517,-0.6888739146935746,1.0242258486310418,232.580304145813,0.0
3,waypoint_68,-30.0,0.30323956389577517,-0.6888739146935746,1.0242258486310418,188.2205307483673,0.0
4,waypoint_68,-30.0,0.30323956389577517,-0.6888739146935746,1.0242258486310418,253.60271334648132,0.0
5,waypoint_68,-30.0,0.30323956389577517,-0.6888739146935746,1.0242258486310418,0.6181696662679315,0.030365893617272377
6,waypoint_68,-30.0,0.30323956389577517,-0.6888739146935746,1.0242258486310418,0.6425145547837019,0.020501676946878433
7,waypoint_68,-30.0,0.30323956389577517,-0.6888739146935746,1.0242258486310418,254.66826558113098,0.0
8,waypoint_68,-30.0,0.30323956389577517,-0.6888739146935746,1.0242258486310418,142.49944686889648,0.0
9,waypoint_68,-30.0,0.30323956389577517,-0.6888739146935746,1.0242258486310418,1.3595480704680085,0.003950124140828848
10,waypoint_68,-30.0,0.30323956389577517,-0.6888739146935746,1.0242258486310418,451.690673828125,0.0
11,waypoint_68,-30.0,0.30323956389577517,-0.6888739146935746,1.0242258486310418,349.590927362442,0.0
12,waypoint_68,-30.0,0.30323956389577517,-0.6888739146935746,1.0242258486310418,441.01682305336,0.0
13,waypoint_68,-30.0,0.30323956389577517,-0.6888739146935746,1.0242258486310418,265.973836183548,0.0
14,waypoint_68,-30.0,0.30323956389577517,-0.6888739146935746,1.0242258486310418,413.9031171798706,0.0
0,waypoint_69,-30.0,0.3232395638957754,-0.6888739146935746,1.0242258486310418,236.55976355075836,0.0
1,waypoint_69,-30.0,0.3232395638957754,-0.6888739146935746,1.0242258486310418,250.8971095085144,0.0
2,waypoint_69,-30.0,0.3232395638957754,-0.6888739146935746,1.0242258486310418,195.17475366592407,0.0
3,waypoint_69,-30.0,0.3232395638957754,-0.6888739146935746,1.0242258486310418,163.57554495334625,0.0
4,waypoint_69,-30.0,0.3232395638957754,-0.6888739146935746,1.0242258486310418,255.08293509483337,0.0
5,waypoint_69,-30.0,0.3232395638957754,-0.6888739146935746,1.0242258486310418,1.2273704633116722,0.03251684457063675
6,waypoint_69,-30.0,0.3232395638957754,-0.6888739146935746,1.0242258486310418,1.2313835322856903,0.022455543279647827
7,waypoint_69,-30.0,0.3232395638957754,-0.6888739146935746,1.0242258486310418,244.64823305606842,0.0
8,waypoint_69,-30.0,0.3232395638957754,-0.6888739146935746,1.0242258486310418,164.28779065608978,0.0
9,waypoint_69,-30.0,0.3232395638957754,-0.6888739146935746,1.0242258486310418,1.1624508770182729,0.002027033595368266
10,waypoint_69,-30.0,0.3232395638957754,-0.6888739146935746,1.0242258486310418,451.97218656539917,0.0
11,waypoint_69,-30.0,0.3232395638957754,-0.6888739146935746,1.0242258486310418,354.653537273407,0.0
12,waypoint_69,-30.0,0.3232395638957754,-0.6888739146935746,1.0242258486310418,436.0096752643585,0.0
13,waypoint_69,-30.0,0.3232395638957754,-0.6888739146935746,1.0242258486310418,267.3000693321228,0.0
14,waypoint_69,-30.0,0.3232395638957754,-0.6888739146935746,1.0242258486310418,402.3957848548889,0.0
0,waypoint_69,-15.0,0.3232395638957754,-0.6888739146935746,1.0242258486310418,202.99677550792694,0.0
1,waypoint_69,-15.0,0.3232395638957754,-0.6888739146935746,1.0242258486310418,252.6904046535492,0.0
2,waypoint_69,-15.0,0.3232395638957754,-0.6888739146935746,1.0242258486310418,226.27055644989014,0.0
3,waypoint_69,-15.0,0.3232395638957754,-0.6888739146935746,1.0242258486310418,146.36196196079254,0.0
4,waypoint_69,-15.0,0.3232395638957754,-0.6888739146935746,1.0242258486310418,246.2633103132248,0.0
5,waypoint_69,-15.0,0.3232395638957754,-0.6888739146935746,1.0242258486310418,4.1712564416229725,0.0
6,waypoint_69,-15.0,0.3232395638957754,-0.6888739146935746,1.0242258486310418,5.025126039981842,0.0
7,waypoint_69,-15.0,0.3232395638957754,-0.6888739146935746,1.0242258486310418,234.66381430625916,0.0
8,waypoint_69,-15.0,0.3232395638957754,-0.6888739146935746,1.0242258486310418,162.0936393737793,0.0
9,waypoint_69,-15.0,0.3232395638957754,-0.6888739146935746,1.0242258486310418,17.42664910852909,0.0
10,waypoint_69,-15.0,0.3232395638957754,-0.6888739146935746,1.0242258486310418,450.75052976608276,0.0
11,waypoint_69,-15.0,0.3232395638957754,-0.6888739146935746,1.0242258486310418,352.9423177242279,0.0
12,waypoint_69,-15.0,0.3232395638957754,-0.6888739146935746,1.0242258486310418,432.1918785572052,0.0
13,waypoint_69,-15.0,0.3232395638957754,-0.6888739146935746,1.0242258486310418,267.78486371040344,0.0
14,waypoint_69,-15.0,0.3232395638957754,-0.6888739146935746,1.0242258486310418,401.14930272102356,0.0
0,waypoint_69,0.0,0.3232395638957754,-0.6888739146935746,1.0242258486310418,209.24174785614014,0.0
1,waypoint_69,0.0,0.3232395638957754,-0.6888739146935746,1.0242258486310418,282.0659577846527,0.0
2,waypoint_69,0.0,0.3232395638957754,-0.6888739146935746,1.0242258486310418,312.9653334617615,0.0
3,waypoint_69,0.0,0.3232395638957754,-0.6888739146935746,1.0242258486310418,35.09354591369629,0.0
4,waypoint_69,0.0,0.3232395638957754,-0.6888739146935746,1.0242258486310418,165.35569727420807,0.0
5,waypoint_69,0.0,0.3232395638957754,-0.6888739146935746,1.0242258486310418,0.5065641598775983,0.03298526257276535
6,waypoint_69,0.0,0.3232395638957754,-0.6888739146935746,1.0242258486310418,0.5409196019172668,0.02450421079993248
7,waypoint_69,0.0,0.3232395638957754,-0.6888739146935746,1.0242258486310418,152.41433680057526,0.0
8,waypoint_69,0.0,0.3232395638957754,-0.6888739146935746,1.0242258486310418,166.1735326051712,0.0
9,waypoint_69,0.0,0.3232395638957754,-0.6888739146935746,1.0242258486310418,1.3715358218178153,0.00344690284691751
10,waypoint_69,0.0,0.3232395638957754,-0.6888739146935746,1.0242258486310418,434.5833361148834,0.0
11,waypoint_69,0.0,0.3232395638957754,-0.6888739146935746,1.0242258486310418,332.08638429641724,0.0
12,waypoint_69,0.0,0.3232395638957754,-0.6888739146935746,1.0242258486310418,393.37947964668274,0.0
13,waypoint_69,0.0,0.3232395638957754,-0.6888739146935746,1.0242258486310418,269.46091651916504,0.0
14,waypoint_69,0.0,0.3232395638957754,-0.6888739146935746,1.0242258486310418,371.8094527721405,0.0
0,waypoint_69,15.0,0.3232395638957754,-0.6888739146935746,1.0242258486310418,205.8771699666977,0.0
1,waypoint_69,15.0,0.3232395638957754,-0.6888739146935746,1.0242258486310418,319.5165693759918,0.0
2,waypoint_69,15.0,0.3232395638957754,-0.6888739146935746,1.0242258486310418,279.7897756099701,0.0
3,waypoint_69,15.0,0.3232395638957754,-0.6888739146935746,1.0242258486310418,26.545317843556404,0.0
4,waypoint_69,15.0,0.3232395638957754,-0.6888739146935746,1.0242258486310418,155.15868365764618,0.0
5,waypoint_69,15.0,0.3232395638957754,-0.6888739146935746,1.0242258486310418,5.84167055785656,0.0
6,waypoint_69,15.0,0.3232395638957754,-0.6888739146935746,1.0242258486310418,6.433005444705486,0.0
7,waypoint_69,15.0,0.3232395638957754,-0.6888739146935746,1.0242258486310418,140.55684208869934,0.0
8,waypoint_69,15.0,0.3232395638957754,-0.6888739146935746,1.0242258486310418,169.67308521270752,0.0
9,waypoint_69,15.0,0.3232395638957754,-0.6888739146935746,1.0242258486310418,16.42417162656784,0.0
10,waypoint_69,15.0,0.3232395638957754,-0.6888739146935746,1.0242258486310418,430.09114265441895,0.0
11,waypoint_69,15.0,0.3232395638957754,-0.6888739146935746,1.0242258486310418,327.731192111969,0.0
12,waypoint_69,15.0,0.3232395638957754,-0.6888739146935746,1.0242258486310418,386.77507638931274,0.0
13,waypoint_69,15.0,0.3232395638957754,-0.6888739146935746,1.0242258486310418,269.25602555274963,0.0
14,waypoint_69,15.0,0.3232395638957754,-0.6888739146935746,1.0242258486310418,365.9529983997345,0.0
0,waypoint_69,30.0,0.3232395638957754,-0.6888739146935746,1.0242258486310418,277.247816324234,0.0
1,waypoint_69,30.0,0.3232395638957754,-0.6888739146935746,1.0242258486310418,314.10911679267883,0.0
2,waypoint_69,30.0,0.3232395638957754,-0.6888739146935746,1.0242258486310418,389.74258303642273,0.0
3,waypoint_69,30.0,0.3232395638957754,-0.6888739146935746,1.0242258486310418,132.3794722557068,0.0
4,waypoint_69,30.0,0.3232395638957754,-0.6888739146935746,1.0242258486310418,61.43093854188919,0.0
5,waypoint_69,30.0,0.3232395638957754,-0.6888739146935746,1.0242258486310418,1.2733822222799063,0.029959097504615784
6,waypoint_69,30.0,0.3232395638957754,-0.6888739146935746,1.0242258486310418,0.7972418097779155,0.024377716705203056
7,waypoint_69,30.0,0.3232395638957754,-0.6888739146935746,1.0242258486310418,69.91161406040192,0.0
8,waypoint_69,30.0,0.3232395638957754,-0.6888739146935746,1.0242258486310418,291.70531034469604,0.0
9,waypoint_69,30.0,0.3232395638957754,-0.6888739146935746,1.0242258486310418,1.7770820995792747,0.0
10,waypoint_69,30.0,0.3232395638957754,-0.6888739146935746,1.0242258486310418,396.282434463501,0.0
11,waypoint_69,30.0,0.3232395638957754,-0.6888739146935746,1.0242258486310418,299.4302809238434,0.0
12,waypoint_69,30.0,0.3232395638957754,-0.6888739146935746,1.0242258486310418,342.0208692550659,0.0
13,waypoint_69,30.0,0.3232395638957754,-0.6888739146935746,1.0242258486310418,261.99933886528015,0.0
14,waypoint_69,30.0,0.3232395638957754,-0.6888739146935746,1.0242258486310418,324.0252733230591,0.0
0,waypoint_70,30.0,0.3432395638957752,-0.6888739146935746,1.0242258486310418,350.0062823295593,0.0
1,waypoint_70,30.0,0.3432395638957752,-0.6888739146935746,1.0242258486310418,326.5599310398102,0.0
2,waypoint_70,30.0,0.3432395638957752,-0.6888739146935746,1.0242258486310418,366.63976311683655,0.0
3,waypoint_70,30.0,0.3432395638957752,-0.6888739146935746,1.0242258486310418,385.4069411754608,0.0
4,waypoint_70,30.0,0.3432395638957752,-0.6888739146935746,1.0242258486310418,36.291614174842834,0.0
5,waypoint_70,30.0,0.3432395638957752,-0.6888739146935746,1.0242258486310418,0.009646381840866525,0.030283065512776375
6,waypoint_70,30.0,0.3432395638957752,-0.6888739146935746,1.0242258486310418,0.010771962479338981,0.025802522897720337
7,waypoint_70,30.0,0.3432395638957752,-0.6888739146935746,1.0242258486310418,72.60198891162872,0.0
8,waypoint_70,30.0,0.3432395638957752,-0.6888739146935746,1.0242258486310418,302.27357149124146,0.0
9,waypoint_70,30.0,0.3432395638957752,-0.6888739146935746,1.0242258486310418,38.08685019612312,0.0
10,waypoint_70,30.0,0.3432395638957752,-0.6888739146935746,1.0242258486310418,398.7824320793152,0.0
11,waypoint_70,30.0,0.3432395638957752,-0.6888739146935746,1.0242258486310418,310.37306785583496,0.0
12,waypoint_70,30.0,0.3432395638957752,-0.6888739146935746,1.0242258486310418,341.83213114738464,0.0
13,waypoint_70,30.0,0.3432395638957752,-0.6888739146935746,1.0242258486310418,268.3370113372803,0.0
14,waypoint_70,30.0,0.3432395638957752,-0.6888739146935746,1.0242258486310418,316.27193093299866,0.0
0,waypoint_70,15.0,0.3432395638957752,-0.6888739146935746,1.0242258486310418,303.4501373767853,0.0
1,waypoint_70,15.0,0.3432395638957752,-0.6888739146935746,1.0242258486310418,337.1776342391968,0.0
2,waypoint_70,15.0,0.3432395638957752,-0.6888739146935746,1.0242258486310418,298.56687784194946,0.0
3,waypoint_70,15.0,0.3432395638957752,-0.6888739146935746,1.0242258486310418,272.1642851829529,0.0
4,waypoint_70,15.0,0.3432395638957752,-0.6888739146935746,1.0242258486310418,87.50372380018234,0.0
5,waypoint_70,15.0,0.3432395638957752,-0.6888739146935746,1.0242258486310418,0.5569781642407179,0.032894108444452286
6,waypoint_70,15.0,0.3432395638957752,-0.6888739146935746,1.0242258486310418,0.4242109425831586,0.026337819173932076
7,waypoint_70,15.0,0.3432395638957752,-0.6888739146935746,1.0242258486310418,99.58386421203613,0.0
8,waypoint_70,15.0,0.3432395638957752,-0.6888739146935746,1.0242258486310418,233.71584713459015,0.0
9,waypoint_70,15.0,0.3432395638957752,-0.6888739146935746,1.0242258486310418,1.2347722658887506,0.0018524087499827147
10,waypoint_70,15.0,0.3432395638957752,-0.6888739146935746,1.0242258486310418,415.0391221046448,0.0
11,waypoint_70,15.0,0.3432395638957752,-0.6888739146935746,1.0242258486310418,324.906587600708,0.0
12,waypoint_70,15.0,0.3432395638957752,-0.6888739146935746,1.0242258486310418,363.81447315216064,0.0
13,waypoint_70,15.0,0.3432395638957752,-0.6888739146935746,1.0242258486310418,273.1362581253052,0.0
14,waypoint_70,15.0,0.3432395638957752,-0.6888739146935746,1.0242258486310418,341.72308444976807,0.0
0,waypoint_70,0.0,0.3432395638957752,-0.6888739146935746,1.0242258486310418,278.1629264354706,0.0
1,waypoint_70,0.0,0.3432395638957752,-0.6888739146935746,1.0242258486310418,299.2992103099823,0.0
2,waypoint_70,0.0,0.3432395638957752,-0.6888739146935746,1.0242258486310418,324.24256205558777,0.0
3,waypoint_70,0.0,0.3432395638957752,-0.6888739146935746,1.0242258486310418,298.0930507183075,0.0
4,waypoint_70,0.0,0.3432395638957752,-0.6888739146935746,1.0242258486310418,102.18804329633713,0.0
5,waypoint_70,0.0,0.3432395638957752,-0.6888739146935746,1.0242258486310418,6.255639251321554,0.0
6,waypoint_70,0.0,0.3432395638957752,-0.6888739146935746,1.0242258486310418,6.481927819550037,0.0
7,waypoint_70,0.0,0.3432395638957752,-0.6888739146935746,1.0242258486310418,110.88697612285614,0.0
8,waypoint_70,0.0,0.3432395638957752,-0.6888739146935746,1.0242258486310418,229.687437415123,0.0
9,waypoint_70,0.0,0.3432395638957752,-0.6888739146935746,1.0242258486310418,14.087368734180927,0.0
10,waypoint_70,0.0,0.3432395638957752,-0.6888739146935746,1.0242258486310418,419.1378653049469,0.0
11,waypoint_70,0.0,0.3432395638957752,-0.6888739146935746,1.0242258486310418,329.365611076355,0.0
12,waypoint_70,0.0,0.3432395638957752,-0.6888739146935746,1.0242258486310418,370.2127933502197,0.0
13,waypoint_70,0.0,0.3432395638957752,-0.6888739146935746,1.0242258486310418,273.8245129585266,0.0
14,waypoint_70,0.0,0.3432395638957752,-0.6888739146935746,1.0242258486310418,348.4771251678467,0.0
0,waypoint_70,-15.0,0.3432395638957752,-0.6888739146935746,1.0242258486310418,346.76966071128845,0.0
1,waypoint_70,-15.0,0.3432395638957752,-0.6888739146935746,1.0242258486310418,201.6863077878952,0.0
2,waypoint_70,-15.0,0.3432395638957752,-0.6888739146935746,1.0242258486310418,292.62739419937134,0.0
3,waypoint_70,-15.0,0.3432395638957752,-0.6888739146935746,1.0242258486310418,249.40945208072662,0.0
4,waypoint_70,-15.0,0.3432395638957752,-0.6888739146935746,1.0242258486310418,197.09454476833344,0.0
5,waypoint_70,-15.0,0.3432395638957752,-0.6888739146935746,1.0242258486310418,0.5672278348356485,0.03484224155545235
6,waypoint_70,-15.0,0.3432395638957752,-0.6888739146935746,1.0242258486310418,0.569842173717916,0.025599684566259384
7,waypoint_70,-15.0,0.3432395638957752,-0.6888739146935746,1.0242258486310418,192.20872223377228,0.0
8,waypoint_70,-15.0,0.3432395638957752,-0.6888739146935746,1.0242258486310418,173.1274425983429,0.0
9,waypoint_70,-15.0,0.3432395638957752,-0.6888739146935746,1.0242258486310418,0.9701601811684668,0.0009533221018500626
10,waypoint_70,-15.0,0.3432395638957752,-0.6888739146935746,1.0242258486310418,446.0483193397522,0.0
11,waypoint_70,-15.0,0.3432395638957752,-0.6888739146935746,1.0242258486310418,358.77445340156555,0.0
12,waypoint_70,-15.0,0.3432395638957752,-0.6888739146935746,1.0242258486310418,418.47550868988037,0.0
13,waypoint_70,-15.0,0.3432395638957752,-0.6888739146935746,1.0242258486310418,271.90324664115906,0.0
14,waypoint_70,-15.0,0.3432395638957752,-0.6888739146935746,1.0242258486310418,381.30611181259155,0.0
0,waypoint_70,-30.0,0.3432395638957752,-0.6888739146935746,1.0242258486310418,318.2246685028076,0.0
1,waypoint_70,-30.0,0.3432395638957752,-0.6888739146935746,1.0242258486310418,174.41365122795105,0.0
2,waypoint_70,-30.0,0.3432395638957752,-0.6888739146935746,1.0242258486310418,255.1696002483368,0.0
3,waypoint_70,-30.0,0.3432395638957752,-0.6888739146935746,1.0242258486310418,286.19155287742615,0.0
4,waypoint_70,-30.0,0.3432395638957752,-0.6888739146935746,1.0242258486310418,208.2531750202179,0.0
5,waypoint_70,-30.0,0.3432395638957752,-0.6888739146935746,1.0242258486310418,4.999130964279175,0.0
6,waypoint_70,-30.0,0.3432395638957752,-0.6888739146935746,1.0242258486310418,5.779489409178495,0.0
7,waypoint_70,-30.0,0.3432395638957752,-0.6888739146935746,1.0242258486310418,203.46803963184357,0.0
8,waypoint_70,-30.0,0.3432395638957752,-0.6888739146935746,1.0242258486310418,173.16415905952454,0.0
9,waypoint_70,-30.0,0.3432395638957752,-0.6888739146935746,1.0242258486310418,14.723129570484161,0.0
10,waypoint_70,-30.0,0.3432395638957752,-0.6888739146935746,1.0242258486310418,449.4714140892029,0.0
11,waypoint_70,-30.0,0.3432395638957752,-0.6888739146935746,1.0242258486310418,360.7359230518341,0.0
12,waypoint_70,-30.0,0.3432395638957752,-0.6888739146935746,1.0242258486310418,423.9867031574249,0.0
13,waypoint_70,-30.0,0.3432395638957752,-0.6888739146935746,1.0242258486310418,271.0983455181122,0.0
14,waypoint_70,-30.0,0.3432395638957752,-0.6888739146935746,1.0242258486310418,381.77967071533203,0.0
