Env_ID,Waypoint,Angle_X,Pos_X,Pos_Y,Pos_Z,Error_mm,Manipulability_Index
0,waypoint_01,-30.0,0.46323956389577614,-0.8322438621242686,1.0638120569246137,5118.30472946167,0.0
1,waypoint_01,-30.0,0.46323956389577614,-0.8322438621242686,1.0638120569246137,3297.5823879241943,0.0
2,waypoint_01,-30.0,0.46323956389577614,-0.8322438621242686,1.0638120569246137,2851.238489151001,0.0
3,waypoint_01,-30.0,0.46323956389577614,-0.8322438621242686,1.0638120569246137,1031.8185091018677,0.0
4,waypoint_01,-30.0,0.46323956389577614,-0.8322438621242686,1.0638120569246137,1185.2607727050781,0.0
5,waypoint_01,-30.0,0.46323956389577614,-0.8322438621242686,1.0638120569246137,2275.815963745117,0.0
6,waypoint_01,-30.0,0.46323956389577614,-0.8322438621242686,1.0638120569246137,1256.9297552108765,0.0
7,waypoint_01,-30.0,0.46323956389577614,-0.8322438621242686,1.0638120569246137,1540.0199890136719,0.0
8,waypoint_01,-30.0,0.46323956389577614,-0.8322438621242686,1.0638120569246137,511.2157464027405,0.0
9,waypoint_01,-30.0,0.46323956389577614,-0.8322438621242686,1.0638120569246137,543.9651608467102,0.0
10,waypoint_01,-30.0,0.46323956389577614,-0.8322438621242686,1.0638120569246137,522.0094323158264,0.0
11,waypoint_01,-30.0,0.46323956389577614,-0.8322438621242686,1.0638120569246137,504.29022312164307,0.0
12,waypoint_01,-30.0,0.46323956389577614,-0.8322438621242686,1.0638120569246137,489.2351031303406,0.0
13,waypoint_01,-30.0,0.46323956389577614,-0.8322438621242686,1.0638120569246137,671.2850332260132,0.0
14,waypoint_01,-30.0,0.46323956389577614,-0.8322438621242686,1.0638120569246137,349.4657576084137,0.0
0,waypoint_01,-15.0,0.46323956389577614,-0.8322438621242686,1.0638120569246137,4944.000720977783,0.0
1,waypoint_01,-15.0,0.46323956389577614,-0.8322438621242686,1.0638120569246137,3299.147367477417,0.0
2,waypoint_01,-15.0,0.46323956389577614,-0.8322438621242686,1.0638120569246137,2858.358860015869,0.0
3,waypoint_01,-15.0,0.46323956389577614,-0.8322438621242686,1.0638120569246137,1125.504970550537,0.0
4,waypoint_01,-15.0,0.46323956389577614,-0.8322438621242686,1.0638120569246137,1111.0916137695312,0.0
5,waypoint_01,-15.0,0.46323956389577614,-0.8322438621242686,1.0638120569246137,2241.3129806518555,0.0
6,waypoint_01,-15.0,0.46323956389577614,-0.8322438621242686,1.0638120569246137,1337.307333946228,0.0
7,waypoint_01,-15.0,0.46323956389577614,-0.8322438621242686,1.0638120569246137,1455.1254510879517,0.0
8,waypoint_01,-15.0,0.46323956389577614,-0.8322438621242686,1.0638120569246137,512.6539468765259,0.0
9,waypoint_01,-15.0,0.46323956389577614,-0.8322438621242686,1.0638120569246137,544.3287491798401,0.0
10,waypoint_01,-15.0,0.46323956389577614,-0.8322438621242686,1.0638120569246137,522.3735570907593,0.0
11,waypoint_01,-15.0,0.46323956389577614,-0.8322438621242686,1.0638120569246137,510.769248008728,0.0
12,waypoint_01,-15.0,0.46323956389577614,-0.8322438621242686,1.0638120569246137,492.24960803985596,0.0
13,waypoint_01,-15.0,0.46323956389577614,-0.8322438621242686,1.0638120569246137,246.46638333797455,0.0
14,waypoint_01,-15.0,0.46323956389577614,-0.8322438621242686,1.0638120569246137,349.2761552333832,0.0
0,waypoint_01,0.0,0.46323956389577614,-0.8322438621242686,1.0638120569246137,4935.063362121582,0.0
1,waypoint_01,0.0,0.46323956389577614,-0.8322438621242686,1.0638120569246137,3301.1553287506104,0.0
2,waypoint_01,0.0,0.46323956389577614,-0.8322438621242686,1.0638120569246137,2988.2240295410156,0.0
3,waypoint_01,0.0,0.46323956389577614,-0.8322438621242686,1.0638120569246137,1200.6471157073975,0.0
4,waypoint_01,0.0,0.46323956389577614,-0.8322438621242686,1.0638120569246137,1137.459397315979,0.0
5,waypoint_01,0.0,0.46323956389577614,-0.8322438621242686,1.0638120569246137,2163.2626056671143,0.0
6,waypoint_01,0.0,0.46323956389577614,-0.8322438621242686,1.0638120569246137,1342.3532247543335,0.0
7,waypoint_01,0.0,0.46323956389577614,-0.8322438621242686,1.0638120569246137,1302.783489227295,0.0
8,waypoint_01,0.0,0.46323956389577614,-0.8322438621242686,1.0638120569246137,519.5716023445129,0.0
9,waypoint_01,0.0,0.46323956389577614,-0.8322438621242686,1.0638120569246137,545.7823276519775,0.0
10,waypoint_01,0.0,0.46323956389577614,-0.8322438621242686,1.0638120569246137,522.7980613708496,0.0
11,waypoint_01,0.0,0.46323956389577614,-0.8322438621242686,1.0638120569246137,501.5639066696167,0.0
12,waypoint_01,0.0,0.46323956389577614,-0.8322438621242686,1.0638120569246137,536.353588104248,0.0
13,waypoint_01,0.0,0.46323956389577614,-0.8322438621242686,1.0638120569246137,220.51191329956055,0.0
14,waypoint_01,0.0,0.46323956389577614,-0.8322438621242686,1.0638120569246137,335.1253271102905,0.0
0,waypoint_01,15.0,0.46323956389577614,-0.8322438621242686,1.0638120569246137,4617.087841033936,0.0
1,waypoint_01,15.0,0.46323956389577614,-0.8322438621242686,1.0638120569246137,3303.084373474121,0.0
2,waypoint_01,15.0,0.46323956389577614,-0.8322438621242686,1.0638120569246137,3041.590929031372,0.0
3,waypoint_01,15.0,0.46323956389577614,-0.8322438621242686,1.0638120569246137,1203.396201133728,0.0
4,waypoint_01,15.0,0.46323956389577614,-0.8322438621242686,1.0638120569246137,1159.0429544448853,0.0
5,waypoint_01,15.0,0.46323956389577614,-0.8322438621242686,1.0638120569246137,1642.1290636062622,0.0
6,waypoint_01,15.0,0.46323956389577614,-0.8322438621242686,1.0638120569246137,1416.112780570984,0.0
7,waypoint_01,15.0,0.46323956389577614,-0.8322438621242686,1.0638120569246137,1402.740478515625,0.0
8,waypoint_01,15.0,0.46323956389577614,-0.8322438621242686,1.0638120569246137,557.7935576438904,0.0
9,waypoint_01,15.0,0.46323956389577614,-0.8322438621242686,1.0638120569246137,544.2476272583008,0.0
10,waypoint_01,15.0,0.46323956389577614,-0.8322438621242686,1.0638120569246137,520.4585194587708,0.0
11,waypoint_01,15.0,0.46323956389577614,-0.8322438621242686,1.0638120569246137,501.37048959732056,0.0
12,waypoint_01,15.0,0.46323956389577614,-0.8322438621242686,1.0638120569246137,542.5742268562317,0.0
13,waypoint_01,15.0,0.46323956389577614,-0.8322438621242686,1.0638120569246137,584.3167901039124,0.0
14,waypoint_01,15.0,0.46323956389577614,-0.8322438621242686,1.0638120569246137,463.2657766342163,0.0
0,waypoint_01,30.0,0.46323956389577614,-0.8322438621242686,1.0638120569246137,4444.146156311035,0.0
1,waypoint_01,30.0,0.46323956389577614,-0.8322438621242686,1.0638120569246137,3304.388999938965,0.0
2,waypoint_01,30.0,0.46323956389577614,-0.8322438621242686,1.0638120569246137,3020.8380222320557,0.0
3,waypoint_01,30.0,0.46323956389577614,-0.8322438621242686,1.0638120569246137,1196.2839365005493,0.0
4,waypoint_01,30.0,0.46323956389577614,-0.8322438621242686,1.0638120569246137,1150.1271724700928,0.0
5,waypoint_01,30.0,0.46323956389577614,-0.8322438621242686,1.0638120569246137,1723.199725151062,0.0
6,waypoint_01,30.0,0.46323956389577614,-0.8322438621242686,1.0638120569246137,1464.9224281311035,0.0
7,waypoint_01,30.0,0.46323956389577614,-0.8322438621242686,1.0638120569246137,1343.1026935577393,0.0
8,waypoint_01,30.0,0.46323956389577614,-0.8322438621242686,1.0638120569246137,547.2037196159363,0.0
9,waypoint_01,30.0,0.46323956389577614,-0.8322438621242686,1.0638120569246137,529.7707319259644,0.0
10,waypoint_01,30.0,0.46323956389577614,-0.8322438621242686,1.0638120569246137,512.8499865531921,0.0
11,waypoint_01,30.0,0.46323956389577614,-0.8322438621242686,1.0638120569246137,497.65828251838684,0.0
12,waypoint_01,30.0,0.46323956389577614,-0.8322438621242686,1.0638120569246137,571.1082220077515,0.0
13,waypoint_01,30.0,0.46323956389577614,-0.8322438621242686,1.0638120569246137,607.2825193405151,0.0
14,waypoint_01,30.0,0.46323956389577614,-0.8322438621242686,1.0638120569246137,524.4581699371338,0.0
0,waypoint_02,30.0,0.4832395638957757,-0.8322438621242686,1.0638120569246137,4544.867038726807,0.0
1,waypoint_02,30.0,0.4832395638957757,-0.8322438621242686,1.0638120569246137,3307.1258068084717,0.0
2,waypoint_02,30.0,0.4832395638957757,-0.8322438621242686,1.0638120569246137,2944.244861602783,0.0
3,waypoint_02,30.0,0.4832395638957757,-0.8322438621242686,1.0638120569246137,1177.5548458099365,0.0
4,waypoint_02,30.0,0.4832395638957757,-0.8322438621242686,1.0638120569246137,1148.2192277908325,0.0
5,waypoint_02,30.0,0.4832395638957757,-0.8322438621242686,1.0638120569246137,1716.556429862976,0.0
6,waypoint_02,30.0,0.4832395638957757,-0.8322438621242686,1.0638120569246137,1318.8471794128418,0.0
7,waypoint_02,30.0,0.4832395638957757,-0.8322438621242686,1.0638120569246137,1273.793339729309,0.0
8,waypoint_02,30.0,0.4832395638957757,-0.8322438621242686,1.0638120569246137,565.8222436904907,0.0
9,waypoint_02,30.0,0.4832395638957757,-0.8322438621242686,1.0638120569246137,547.4433898925781,0.0
10,waypoint_02,30.0,0.4832395638957757,-0.8322438621242686,1.0638120569246137,528.7750959396362,0.0
11,waypoint_02,30.0,0.4832395638957757,-0.8322438621242686,1.0638120569246137,480.209082365036,0.0
12,waypoint_02,30.0,0.4832395638957757,-0.8322438621242686,1.0638120569246137,597.8706479072571,0.0
13,waypoint_02,30.0,0.4832395638957757,-0.8322438621242686,1.0638120569246137,598.8777875900269,0.0
14,waypoint_02,30.0,0.4832395638957757,-0.8322438621242686,1.0638120569246137,530.2646160125732,0.0
0,waypoint_02,15.0,0.4832395638957757,-0.8322438621242686,1.0638120569246137,4493.105888366699,0.0
1,waypoint_02,15.0,0.4832395638957757,-0.8322438621242686,1.0638120569246137,3305.084466934204,0.0
2,waypoint_02,15.0,0.4832395638957757,-0.8322438621242686,1.0638120569246137,2982.0616245269775,0.0
3,waypoint_02,15.0,0.4832395638957757,-0.8322438621242686,1.0638120569246137,1180.1447868347168,0.0
4,waypoint_02,15.0,0.4832395638957757,-0.8322438621242686,1.0638120569246137,1150.2842903137207,0.0
5,waypoint_02,15.0,0.4832395638957757,-0.8322438621242686,1.0638120569246137,1635.1882219314575,0.0
6,waypoint_02,15.0,0.4832395638957757,-0.8322438621242686,1.0638120569246137,1353.757619857788,0.0
7,waypoint_02,15.0,0.4832395638957757,-0.8322438621242686,1.0638120569246137,1232.6267957687378,0.0
8,waypoint_02,15.0,0.4832395638957757,-0.8322438621242686,1.0638120569246137,576.1377811431885,0.0
9,waypoint_02,15.0,0.4832395638957757,-0.8322438621242686,1.0638120569246137,561.1351728439331,0.0
10,waypoint_02,15.0,0.4832395638957757,-0.8322438621242686,1.0638120569246137,535.5417132377625,0.0
11,waypoint_02,15.0,0.4832395638957757,-0.8322438621242686,1.0638120569246137,484.12230610847473,0.0
12,waypoint_02,15.0,0.4832395638957757,-0.8322438621242686,1.0638120569246137,596.265435218811,0.0
13,waypoint_02,15.0,0.4832395638957757,-0.8322438621242686,1.0638120569246137,598.7804532051086,0.0
14,waypoint_02,15.0,0.4832395638957757,-0.8322438621242686,1.0638120569246137,481.486439704895,0.0
0,waypoint_02,0.0,0.4832395638957757,-0.8322438621242686,1.0638120569246137,4368.305683135986,0.0
1,waypoint_02,0.0,0.4832395638957757,-0.8322438621242686,1.0638120569246137,3302.2825717926025,0.0
2,waypoint_02,0.0,0.4832395638957757,-0.8322438621242686,1.0638120569246137,3023.70023727417,0.0
3,waypoint_02,0.0,0.4832395638957757,-0.8322438621242686,1.0638120569246137,1169.7825193405151,0.0
4,waypoint_02,0.0,0.4832395638957757,-0.8322438621242686,1.0638120569246137,1151.9200801849365,0.0
5,waypoint_02,0.0,0.4832395638957757,-0.8322438621242686,1.0638120569246137,2184.3929290771484,0.0
6,waypoint_02,0.0,0.4832395638957757,-0.8322438621242686,1.0638120569246137,1402.7378559112549,0.0
7,waypoint_02,0.0,0.4832395638957757,-0.8322438621242686,1.0638120569246137,1369.0344095230103,0.0
8,waypoint_02,0.0,0.4832395638957757,-0.8322438621242686,1.0638120569246137,574.9074816703796,0.0
9,waypoint_02,0.0,0.4832395638957757,-0.8322438621242686,1.0638120569246137,557.1029186248779,0.0
10,waypoint_02,0.0,0.4832395638957757,-0.8322438621242686,1.0638120569246137,533.3995223045349,0.0
11,waypoint_02,0.0,0.4832395638957757,-0.8322438621242686,1.0638120569246137,470.2400267124176,0.0
12,waypoint_02,0.0,0.4832395638957757,-0.8322438621242686,1.0638120569246137,555.1418662071228,0.0
13,waypoint_02,0.0,0.4832395638957757,-0.8322438621242686,1.0638120569246137,572.3898410797119,0.0
14,waypoint_02,0.0,0.4832395638957757,-0.8322438621242686,1.0638120569246137,484.09420251846313,0.0
0,waypoint_02,-15.0,0.4832395638957757,-0.8322438621242686,1.0638120569246137,4413.511753082275,0.0
1,waypoint_02,-15.0,0.4832395638957757,-0.8322438621242686,1.0638120569246137,3299.501419067383,0.0
2,waypoint_02,-15.0,0.4832395638957757,-0.8322438621242686,1.0638120569246137,2976.0210514068604,0.0
3,waypoint_02,-15.0,0.4832395638957757,-0.8322438621242686,1.0638120569246137,1110.6798648834229,0.0
4,waypoint_02,-15.0,0.4832395638957757,-0.8322438621242686,1.0638120569246137,1161.6700887680054,0.0
5,waypoint_02,-15.0,0.4832395638957757,-0.8322438621242686,1.0638120569246137,2226.9937992095947,0.0
6,waypoint_02,-15.0,0.4832395638957757,-0.8322438621242686,1.0638120569246137,1360.9846830368042,0.0
7,waypoint_02,-15.0,0.4832395638957757,-0.8322438621242686,1.0638120569246137,1451.330304145813,0.0
8,waypoint_02,-15.0,0.4832395638957757,-0.8322438621242686,1.0638120569246137,573.8885402679443,0.0
9,waypoint_02,-15.0,0.4832395638957757,-0.8322438621242686,1.0638120569246137,555.9915900230408,0.0
10,waypoint_02,-15.0,0.4832395638957757,-0.8322438621242686,1.0638120569246137,531.6980481147766,0.0
11,waypoint_02,-15.0,0.4832395638957757,-0.8322438621242686,1.0638120569246137,450.765460729599,0.0
12,waypoint_02,-15.0,0.4832395638957757,-0.8322438621242686,1.0638120569246137,546.8764901161194,0.0
13,waypoint_02,-15.0,0.4832395638957757,-0.8322438621242686,1.0638120569246137,556.5891265869141,0.0
14,waypoint_02,-15.0,0.4832395638957757,-0.8322438621242686,1.0638120569246137,446.9038248062134,0.0
0,waypoint_02,-30.0,0.4832395638957757,-0.8322438621242686,1.0638120569246137,4432.7263832092285,0.0
1,waypoint_02,-30.0,0.4832395638957757,-0.8322438621242686,1.0638120569246137,3297.916889190674,0.0
2,waypoint_02,-30.0,0.4832395638957757,-0.8322438621242686,1.0638120569246137,2850.8098125457764,0.0
3,waypoint_02,-30.0,0.4832395638957757,-0.8322438621242686,1.0638120569246137,1012.1554136276245,0.0
4,waypoint_02,-30.0,0.4832395638957757,-0.8322438621242686,1.0638120569246137,1162.7110242843628,0.0
5,waypoint_02,-30.0,0.4832395638957757,-0.8322438621242686,1.0638120569246137,2257.068395614624,0.0
6,waypoint_02,-30.0,0.4832395638957757,-0.8322438621242686,1.0638120569246137,1343.8538312911987,0.0
7,waypoint_02,-30.0,0.4832395638957757,-0.8322438621242686,1.0638120569246137,1147.7992534637451,0.0
8,waypoint_02,-30.0,0.4832395638957757,-0.8322438621242686,1.0638120569246137,571.8759894371033,0.0
9,waypoint_02,-30.0,0.4832395638957757,-0.8322438621242686,1.0638120569246137,553.9606213569641,0.0
10,waypoint_02,-30.0,0.4832395638957757,-0.8322438621242686,1.0638120569246137,528.5766124725342,0.0
11,waypoint_02,-30.0,0.4832395638957757,-0.8322438621242686,1.0638120569246137,419.51629519462585,0.0
12,waypoint_02,-30.0,0.4832395638957757,-0.8322438621242686,1.0638120569246137,548.4933257102966,0.0
13,waypoint_02,-30.0,0.4832395638957757,-0.8322438621242686,1.0638120569246137,568.7965750694275,0.0
14,waypoint_02,-30.0,0.4832395638957757,-0.8322438621242686,1.0638120569246137,454.61374521255493,0.0
0,waypoint_03,-30.0,0.5032395638957755,-0.8322438621242686,1.0638120569246137,4442.28458404541,0.0
1,waypoint_03,-30.0,0.5032395638957755,-0.8322438621242686,1.0638120569246137,3300.259828567505,0.0
2,waypoint_03,-30.0,0.5032395638957755,-0.8322438621242686,1.0638120569246137,2852.7231216430664,0.0
3,waypoint_03,-30.0,0.5032395638957755,-0.8322438621242686,1.0638120569246137,987.4824285507202,0.0
4,waypoint_03,-30.0,0.5032395638957755,-0.8322438621242686,1.0638120569246137,1144.2828178405762,0.0
5,waypoint_03,-30.0,0.5032395638957755,-0.8322438621242686,1.0638120569246137,2254.3909549713135,0.0
6,waypoint_03,-30.0,0.5032395638957755,-0.8322438621242686,1.0638120569246137,1300.376534461975,0.0
7,waypoint_03,-30.0,0.5032395638957755,-0.8322438621242686,1.0638120569246137,1071.3573694229126,0.0
8,waypoint_03,-30.0,0.5032395638957755,-0.8322438621242686,1.0638120569246137,589.4619822502136,0.0
9,waypoint_03,-30.0,0.5032395638957755,-0.8322438621242686,1.0638120569246137,570.4476833343506,0.0
10,waypoint_03,-30.0,0.5032395638957755,-0.8322438621242686,1.0638120569246137,543.7440872192383,0.0
11,waypoint_03,-30.0,0.5032395638957755,-0.8322438621242686,1.0638120569246137,428.823858499527,0.0
12,waypoint_03,-30.0,0.5032395638957755,-0.8322438621242686,1.0638120569246137,545.5271005630493,0.0
13,waypoint_03,-30.0,0.5032395638957755,-0.8322438621242686,1.0638120569246137,571.9347596168518,0.0
14,waypoint_03,-30.0,0.5032395638957755,-0.8322438621242686,1.0638120569246137,474.76673126220703,0.0
0,waypoint_03,-15.0,0.5032395638957755,-0.8322438621242686,1.0638120569246137,4428.527355194092,0.0
1,waypoint_03,-15.0,0.5032395638957755,-0.8322438621242686,1.0638120569246137,3300.6155490875244,0.0
2,waypoint_03,-15.0,0.5032395638957755,-0.8322438621242686,1.0638120569246137,2852.8685569763184,0.0
3,waypoint_03,-15.0,0.5032395638957755,-0.8322438621242686,1.0638120569246137,1157.0266485214233,0.0
4,waypoint_03,-15.0,0.5032395638957755,-0.8322438621242686,1.0638120569246137,1147.5906372070312,0.0
5,waypoint_03,-15.0,0.5032395638957755,-0.8322438621242686,1.0638120569246137,2222.9950428009033,0.0
6,waypoint_03,-15.0,0.5032395638957755,-0.8322438621242686,1.0638120569246137,1296.3820695877075,0.0
7,waypoint_03,-15.0,0.5032395638957755,-0.8322438621242686,1.0638120569246137,1231.4280271530151,0.0
8,waypoint_03,-15.0,0.5032395638957755,-0.8322438621242686,1.0638120569246137,589.8476243019104,0.0
9,waypoint_03,-15.0,0.5032395638957755,-0.8322438621242686,1.0638120569246137,570.8003640174866,0.0
10,waypoint_03,-15.0,0.5032395638957755,-0.8322438621242686,1.0638120569246137,544.4209575653076,0.0
11,waypoint_03,-15.0,0.5032395638957755,-0.8322438621242686,1.0638120569246137,454.9272358417511,0.0
12,waypoint_03,-15.0,0.5032395638957755,-0.8322438621242686,1.0638120569246137,552.1824359893799,0.0
13,waypoint_03,-15.0,0.5032395638957755,-0.8322438621242686,1.0638120569246137,565.3514266014099,0.0
14,waypoint_03,-15.0,0.5032395638957755,-0.8322438621242686,1.0638120569246137,450.1534700393677,0.0
0,waypoint_03,0.0,0.5032395638957755,-0.8322438621242686,1.0638120569246137,4392.247676849365,0.0
1,waypoint_03,0.0,0.5032395638957755,-0.8322438621242686,1.0638120569246137,3302.175760269165,0.0
2,waypoint_03,0.0,0.5032395638957755,-0.8322438621242686,1.0638120569246137,2923.0527877807617,0.0
3,waypoint_03,0.0,0.5032395638957755,-0.8322438621242686,1.0638120569246137,1177.7867078781128,0.0
4,waypoint_03,0.0,0.5032395638957755,-0.8322438621242686,1.0638120569246137,1149.2598056793213,0.0
5,waypoint_03,0.0,0.5032395638957755,-0.8322438621242686,1.0638120569246137,2177.2258281707764,0.0
6,waypoint_03,0.0,0.5032395638957755,-0.8322438621242686,1.0638120569246137,1367.8319454193115,0.0
7,waypoint_03,0.0,0.5032395638957755,-0.8322438621242686,1.0638120569246137,1377.431035041809,0.0
8,waypoint_03,0.0,0.5032395638957755,-0.8322438621242686,1.0638120569246137,590.1987552642822,0.0
9,waypoint_03,0.0,0.5032395638957755,-0.8322438621242686,1.0638120569246137,571.1689591407776,0.0
10,waypoint_03,0.0,0.5032395638957755,-0.8322438621242686,1.0638120569246137,545.9341406822205,0.0
11,waypoint_03,0.0,0.5032395638957755,-0.8322438621242686,1.0638120569246137,476.11433267593384,0.0
12,waypoint_03,0.0,0.5032395638957755,-0.8322438621242686,1.0638120569246137,520.5124616622925,0.0
13,waypoint_03,0.0,0.5032395638957755,-0.8322438621242686,1.0638120569246137,579.7265768051147,0.0
14,waypoint_03,0.0,0.5032395638957755,-0.8322438621242686,1.0638120569246137,493.9768612384796,0.0
0,waypoint_03,15.0,0.5032395638957755,-0.8322438621242686,1.0638120569246137,4402.8215408325195,0.0
1,waypoint_03,15.0,0.5032395638957755,-0.8322438621242686,1.0638120569246137,3304.220199584961,0.0
2,waypoint_03,15.0,0.5032395638957755,-0.8322438621242686,1.0638120569246137,2946.6724395751953,0.0
3,waypoint_03,15.0,0.5032395638957755,-0.8322438621242686,1.0638120569246137,1204.7744989395142,0.0
4,waypoint_03,15.0,0.5032395638957755,-0.8322438621242686,1.0638120569246137,1149.208903312683,0.0
5,waypoint_03,15.0,0.5032395638957755,-0.8322438621242686,1.0638120569246137,1619.876742362976,0.0
6,waypoint_03,15.0,0.5032395638957755,-0.8322438621242686,1.0638120569246137,1391.277551651001,0.0
7,waypoint_03,15.0,0.5032395638957755,-0.8322438621242686,1.0638120569246137,1366.021990776062,0.0
8,waypoint_03,15.0,0.5032395638957755,-0.8322438621242686,1.0638120569246137,594.5736169815063,0.0
9,waypoint_03,15.0,0.5032395638957755,-0.8322438621242686,1.0638120569246137,578.4828066825867,0.0
10,waypoint_03,15.0,0.5032395638957755,-0.8322438621242686,1.0638120569246137,550.7357120513916,0.0
11,waypoint_03,15.0,0.5032395638957755,-0.8322438621242686,1.0638120569246137,473.7696945667267,0.0
12,waypoint_03,15.0,0.5032395638957755,-0.8322438621242686,1.0638120569246137,581.4743638038635,0.0
13,waypoint_03,15.0,0.5032395638957755,-0.8322438621242686,1.0638120569246137,579.3002843856812,0.0
14,waypoint_03,15.0,0.5032395638957755,-0.8322438621242686,1.0638120569246137,491.05075001716614,0.0
0,waypoint_03,30.0,0.5032395638957755,-0.8322438621242686,1.0638120569246137,4414.401054382324,0.0
1,waypoint_03,30.0,0.5032395638957755,-0.8322438621242686,1.0638120569246137,3306.194543838501,0.0
2,waypoint_03,30.0,0.5032395638957755,-0.8322438621242686,1.0638120569246137,2961.2393379211426,0.0
3,waypoint_03,30.0,0.5032395638957755,-0.8322438621242686,1.0638120569246137,1154.774785041809,0.0
4,waypoint_03,30.0,0.5032395638957755,-0.8322438621242686,1.0638120569246137,1149.2022275924683,0.0
5,waypoint_03,30.0,0.5032395638957755,-0.8322438621242686,1.0638120569246137,1691.6435956954956,0.0
6,waypoint_03,30.0,0.5032395638957755,-0.8322438621242686,1.0638120569246137,1359.1870069503784,0.0
7,waypoint_03,30.0,0.5032395638957755,-0.8322438621242686,1.0638120569246137,1256.928563117981,0.0
8,waypoint_03,30.0,0.5032395638957755,-0.8322438621242686,1.0638120569246137,585.4665637016296,0.0
9,waypoint_03,30.0,0.5032395638957755,-0.8322438621242686,1.0638120569246137,565.190315246582,0.0
10,waypoint_03,30.0,0.5032395638957755,-0.8322438621242686,1.0638120569246137,544.3463921546936,0.0
11,waypoint_03,30.0,0.5032395638957755,-0.8322438621242686,1.0638120569246137,462.94060349464417,0.0
12,waypoint_03,30.0,0.5032395638957755,-0.8322438621242686,1.0638120569246137,578.905999660492,0.0
13,waypoint_03,30.0,0.5032395638957755,-0.8322438621242686,1.0638120569246137,621.0319995880127,0.0
14,waypoint_03,30.0,0.5032395638957755,-0.8322438621242686,1.0638120569246137,542.8943037986755,0.0
0,waypoint_04,30.0,0.5232395638957761,-0.8322438621242686,1.0638120569246137,4445.486068725586,0.0
1,waypoint_04,30.0,0.5232395638957761,-0.8322438621242686,1.0638120569246137,3308.342933654785,0.0
2,waypoint_04,30.0,0.5232395638957761,-0.8322438621242686,1.0638120569246137,2934.725046157837,0.0
3,waypoint_04,30.0,0.5232395638957761,-0.8322438621242686,1.0638120569246137,1152.0916223526,0.0
4,waypoint_04,30.0,0.5232395638957761,-0.8322438621242686,1.0638120569246137,1130.8059692382812,0.0
5,waypoint_04,30.0,0.5232395638957761,-0.8322438621242686,1.0638120569246137,1685.3340864181519,0.0
6,waypoint_04,30.0,0.5232395638957761,-0.8322438621242686,1.0638120569246137,1430.2914142608643,0.0
7,waypoint_04,30.0,0.5232395638957761,-0.8322438621242686,1.0638120569246137,1206.648826599121,0.0
8,waypoint_04,30.0,0.5232395638957761,-0.8322438621242686,1.0638120569246137,604.5646667480469,0.0
9,waypoint_04,30.0,0.5232395638957761,-0.8322438621242686,1.0638120569246137,583.4173560142517,0.0
10,waypoint_04,30.0,0.5232395638957761,-0.8322438621242686,1.0638120569246137,561.0184669494629,0.0
11,waypoint_04,30.0,0.5232395638957761,-0.8322438621242686,1.0638120569246137,457.61457085609436,0.0
12,waypoint_04,30.0,0.5232395638957761,-0.8322438621242686,1.0638120569246137,514.6082639694214,0.0
13,waypoint_04,30.0,0.5232395638957761,-0.8322438621242686,1.0638120569246137,618.7321543693542,0.0
14,waypoint_04,30.0,0.5232395638957761,-0.8322438621242686,1.0638120569246137,547.570526599884,0.0
0,waypoint_04,15.0,0.5232395638957761,-0.8322438621242686,1.0638120569246137,4521.17395401001,0.0
1,waypoint_04,15.0,0.5232395638957761,-0.8322438621242686,1.0638120569246137,3305.3648471832275,0.0
2,waypoint_04,15.0,0.5232395638957761,-0.8322438621242686,1.0638120569246137,2950.794458389282,0.0
3,waypoint_04,15.0,0.5232395638957761,-0.8322438621242686,1.0638120569246137,1159.274697303772,0.0
4,waypoint_04,15.0,0.5232395638957761,-0.8322438621242686,1.0638120569246137,1130.811095237732,0.0
5,waypoint_04,15.0,0.5232395638957761,-0.8322438621242686,1.0638120569246137,1613.427996635437,0.0
6,waypoint_04,15.0,0.5232395638957761,-0.8322438621242686,1.0638120569246137,1389.22917842865,0.0
7,waypoint_04,15.0,0.5232395638957761,-0.8322438621242686,1.0638120569246137,1291.5244102478027,0.0
8,waypoint_04,15.0,0.5232395638957761,-0.8322438621242686,1.0638120569246137,613.2970452308655,0.0
9,waypoint_04,15.0,0.5232395638957761,-0.8322438621242686,1.0638120569246137,596.0434675216675,0.0
10,waypoint_04,15.0,0.5232395638957761,-0.8322438621242686,1.0638120569246137,566.8395161628723,0.0
11,waypoint_04,15.0,0.5232395638957761,-0.8322438621242686,1.0638120569246137,489.8960590362549,0.0
12,waypoint_04,15.0,0.5232395638957761,-0.8322438621242686,1.0638120569246137,515.9556865692139,0.0
13,waypoint_04,15.0,0.5232395638957761,-0.8322438621242686,1.0638120569246137,636.1098885536194,0.0
14,waypoint_04,15.0,0.5232395638957761,-0.8322438621242686,1.0638120569246137,510.23775339126587,0.0
0,waypoint_04,0.0,0.5232395638957761,-0.8322438621242686,1.0638120569246137,4445.488452911377,0.0
1,waypoint_04,0.0,0.5232395638957761,-0.8322438621242686,1.0638120569246137,3302.3970127105713,0.0
2,waypoint_04,0.0,0.5232395638957761,-0.8322438621242686,1.0638120569246137,2934.795141220093,0.0
3,waypoint_04,0.0,0.5232395638957761,-0.8322438621242686,1.0638120569246137,1142.2526836395264,0.0
4,waypoint_04,0.0,0.5232395638957761,-0.8322438621242686,1.0638120569246137,1131.186604499817,0.0
5,waypoint_04,0.0,0.5232395638957761,-0.8322438621242686,1.0638120569246137,2172.4472045898438,0.0
6,waypoint_04,0.0,0.5232395638957761,-0.8322438621242686,1.0638120569246137,1316.4091110229492,0.0
7,waypoint_04,0.0,0.5232395638957761,-0.8322438621242686,1.0638120569246137,1214.3056392669678,0.0
8,waypoint_04,0.0,0.5232395638957761,-0.8322438621242686,1.0638120569246137,607.2757840156555,0.0
9,waypoint_04,0.0,0.5232395638957761,-0.8322438621242686,1.0638120569246137,585.1281881332397,0.0
10,waypoint_04,0.0,0.5232395638957761,-0.8322438621242686,1.0638120569246137,561.3216161727905,0.0
11,waypoint_04,0.0,0.5232395638957761,-0.8322438621242686,1.0638120569246137,482.1106493473053,0.0
12,waypoint_04,0.0,0.5232395638957761,-0.8322438621242686,1.0638120569246137,501.49160623550415,0.0
13,waypoint_04,0.0,0.5232395638957761,-0.8322438621242686,1.0638120569246137,580.5736780166626,0.0
14,waypoint_04,0.0,0.5232395638957761,-0.8322438621242686,1.0638120569246137,509.17381048202515,0.0
0,waypoint_04,-15.0,0.5232395638957761,-0.8322438621242686,1.0638120569246137,4480.763912200928,0.0
1,waypoint_04,-15.0,0.5232395638957761,-0.8322438621242686,1.0638120569246137,3300.0991344451904,0.0
2,waypoint_04,-15.0,0.5232395638957761,-0.8322438621242686,1.0638120569246137,2843.867778778076,0.0
3,waypoint_04,-15.0,0.5232395638957761,-0.8322438621242686,1.0638120569246137,1107.7585220336914,0.0
4,waypoint_04,-15.0,0.5232395638957761,-0.8322438621242686,1.0638120569246137,1131.1951875686646,0.0
5,waypoint_04,-15.0,0.5232395638957761,-0.8322438621242686,1.0638120569246137,2220.114231109619,0.0
6,waypoint_04,-15.0,0.5232395638957761,-0.8322438621242686,1.0638120569246137,1286.6942882537842,0.0
7,waypoint_04,-15.0,0.5232395638957761,-0.8322438621242686,1.0638120569246137,1476.266860961914,0.0
8,waypoint_04,-15.0,0.5232395638957761,-0.8322438621242686,1.0638120569246137,607.0542335510254,0.0
9,waypoint_04,-15.0,0.5232395638957761,-0.8322438621242686,1.0638120569246137,583.3746790885925,0.0
10,waypoint_04,-15.0,0.5232395638957761,-0.8322438621242686,1.0638120569246137,559.4518780708313,0.0
11,waypoint_04,-15.0,0.5232395638957761,-0.8322438621242686,1.0638120569246137,463.606595993042,0.0
12,waypoint_04,-15.0,0.5232395638957761,-0.8322438621242686,1.0638120569246137,501.3868808746338,0.0
13,waypoint_04,-15.0,0.5232395638957761,-0.8322438621242686,1.0638120569246137,570.3867673873901,0.0
14,waypoint_04,-15.0,0.5232395638957761,-0.8322438621242686,1.0638120569246137,476.70432925224304,0.0
0,waypoint_04,-30.0,0.5232395638957761,-0.8322438621242686,1.0638120569246137,4418.84708404541,0.0
1,waypoint_04,-30.0,0.5232395638957761,-0.8322438621242686,1.0638120569246137,3299.798011779785,0.0
2,waypoint_04,-30.0,0.5232395638957761,-0.8322438621242686,1.0638120569246137,2836.3864421844482,0.0
3,waypoint_04,-30.0,0.5232395638957761,-0.8322438621242686,1.0638120569246137,983.1632375717163,0.0
4,waypoint_04,-30.0,0.5232395638957761,-0.8322438621242686,1.0638120569246137,1132.4759721755981,0.0
5,waypoint_04,-30.0,0.5232395638957761,-0.8322438621242686,1.0638120569246137,2249.847650527954,0.0
6,waypoint_04,-30.0,0.5232395638957761,-0.8322438621242686,1.0638120569246137,1300.4825115203857,0.0
7,waypoint_04,-30.0,0.5232395638957761,-0.8322438621242686,1.0638120569246137,1250.274896621704,0.0
8,waypoint_04,-30.0,0.5232395638957761,-0.8322438621242686,1.0638120569246137,606.7875027656555,0.0
9,waypoint_04,-30.0,0.5232395638957761,-0.8322438621242686,1.0638120569246137,581.814706325531,0.0
10,waypoint_04,-30.0,0.5232395638957761,-0.8322438621242686,1.0638120569246137,556.9924712181091,0.0
11,waypoint_04,-30.0,0.5232395638957761,-0.8322438621242686,1.0638120569246137,432.87864327430725,0.0
12,waypoint_04,-30.0,0.5232395638957761,-0.8322438621242686,1.0638120569246137,492.93455481529236,0.0
13,waypoint_04,-30.0,0.5232395638957761,-0.8322438621242686,1.0638120569246137,567.5746202468872,0.0
14,waypoint_04,-30.0,0.5232395638957761,-0.8322438621242686,1.0638120569246137,477.2145450115204,0.0
0,waypoint_05,-30.0,0.5432395638957757,-0.8322438621242686,1.0638120569246137,4460.389137268066,0.0
1,waypoint_05,-30.0,0.5432395638957757,-0.8322438621242686,1.0638120569246137,3302.182197570801,0.0
2,waypoint_05,-30.0,0.5432395638957757,-0.8322438621242686,1.0638120569246137,2819.8065757751465,0.0
3,waypoint_05,-30.0,0.5432395638957757,-0.8322438621242686,1.0638120569246137,959.5820307731628,0.0
4,waypoint_05,-30.0,0.5432395638957757,-0.8322438621242686,1.0638120569246137,1114.1785383224487,0.0
5,waypoint_05,-30.0,0.5432395638957757,-0.8322438621242686,1.0638120569246137,2247.584819793701,0.0
6,waypoint_05,-30.0,0.5432395638957757,-0.8322438621242686,1.0638120569246137,1282.3890447616577,0.0
7,waypoint_05,-30.0,0.5432395638957757,-0.8322438621242686,1.0638120569246137,1383.3354711532593,0.0
8,waypoint_05,-30.0,0.5432395638957757,-0.8322438621242686,1.0638120569246137,624.6962547302246,0.0
9,waypoint_05,-30.0,0.5432395638957757,-0.8322438621242686,1.0638120569246137,598.7110137939453,0.0
10,waypoint_05,-30.0,0.5432395638957757,-0.8322438621242686,1.0638120569246137,572.7660059928894,0.0
11,waypoint_05,-30.0,0.5432395638957757,-0.8322438621242686,1.0638120569246137,442.63842701911926,0.0
12,waypoint_05,-30.0,0.5432395638957757,-0.8322438621242686,1.0638120569246137,496.4998662471771,0.0
13,waypoint_05,-30.0,0.5432395638957757,-0.8322438621242686,1.0638120569246137,575.9775638580322,0.0
14,waypoint_05,-30.0,0.5432395638957757,-0.8322438621242686,1.0638120569246137,491.23072624206543,0.0
0,waypoint_05,-15.0,0.5432395638957757,-0.8322438621242686,1.0638120569246137,4445.33109664917,0.0
1,waypoint_05,-15.0,0.5432395638957757,-0.8322438621242686,1.0638120569246137,3301.5239238739014,0.0
2,waypoint_05,-15.0,0.5432395638957757,-0.8322438621242686,1.0638120569246137,2815.079689025879,0.0
3,waypoint_05,-15.0,0.5432395638957757,-0.8322438621242686,1.0638120569246137,1043.2108640670776,0.0
4,waypoint_05,-15.0,0.5432395638957757,-0.8322438621242686,1.0638120569246137,1114.3730878829956,0.0
5,waypoint_05,-15.0,0.5432395638957757,-0.8322438621242686,1.0638120569246137,2217.9954051971436,0.0
6,waypoint_05,-15.0,0.5432395638957757,-0.8322438621242686,1.0638120569246137,1535.4347229003906,0.0
7,waypoint_05,-15.0,0.5432395638957757,-0.8322438621242686,1.0638120569246137,1508.5792541503906,0.0
8,waypoint_05,-15.0,0.5432395638957757,-0.8322438621242686,1.0638120569246137,623.2202649116516,0.0
9,waypoint_05,-15.0,0.5432395638957757,-0.8322438621242686,1.0638120569246137,599.1582274436951,0.0
10,waypoint_05,-15.0,0.5432395638957757,-0.8322438621242686,1.0638120569246137,573.0378031730652,0.0
11,waypoint_05,-15.0,0.5432395638957757,-0.8322438621242686,1.0638120569246137,456.50947093963623,0.0
12,waypoint_05,-15.0,0.5432395638957757,-0.8322438621242686,1.0638120569246137,504.38350439071655,0.0
13,waypoint_05,-15.0,0.5432395638957757,-0.8322438621242686,1.0638120569246137,570.7858800888062,0.0
14,waypoint_05,-15.0,0.5432395638957757,-0.8322438621242686,1.0638120569246137,490.1544749736786,0.0
0,waypoint_05,0.0,0.5432395638957757,-0.8322438621242686,1.0638120569246137,4484.492778778076,0.0
1,waypoint_05,0.0,0.5432395638957757,-0.8322438621242686,1.0638120569246137,3302.485704421997,0.0
2,waypoint_05,0.0,0.5432395638957757,-0.8322438621242686,1.0638120569246137,2892.3137187957764,0.0
3,waypoint_05,0.0,0.5432395638957757,-0.8322438621242686,1.0638120569246137,1141.8622732162476,0.0
4,waypoint_05,0.0,0.5432395638957757,-0.8322438621242686,1.0638120569246137,1115.721583366394,0.0
5,waypoint_05,0.0,0.5432395638957757,-0.8322438621242686,1.0638120569246137,2153.2719135284424,0.0
6,waypoint_05,0.0,0.5432395638957757,-0.8322438621242686,1.0638120569246137,1486.6509437561035,0.0
7,waypoint_05,0.0,0.5432395638957757,-0.8322438621242686,1.0638120569246137,1310.4116916656494,0.0
8,waypoint_05,0.0,0.5432395638957757,-0.8322438621242686,1.0638120569246137,623.3218312263489,0.0
9,waypoint_05,0.0,0.5432395638957757,-0.8322438621242686,1.0638120569246137,599.7393131256104,0.0
10,waypoint_05,0.0,0.5432395638957757,-0.8322438621242686,1.0638120569246137,574.2524266242981,0.0
11,waypoint_05,0.0,0.5432395638957757,-0.8322438621242686,1.0638120569246137,482.0948541164398,0.0
12,waypoint_05,0.0,0.5432395638957757,-0.8322438621242686,1.0638120569246137,502.6988387107849,0.0
13,waypoint_05,0.0,0.5432395638957757,-0.8322438621242686,1.0638120569246137,532.57817029953,0.0
14,waypoint_05,0.0,0.5432395638957757,-0.8322438621242686,1.0638120569246137,520.5780863761902,0.0
0,waypoint_05,15.0,0.5432395638957757,-0.8322438621242686,1.0638120569246137,4513.082027435303,0.0
1,waypoint_05,15.0,0.5432395638957757,-0.8322438621242686,1.0638120569246137,3304.607152938843,0.0
2,waypoint_05,15.0,0.5432395638957757,-0.8322438621242686,1.0638120569246137,2978.3830642700195,0.0
3,waypoint_05,15.0,0.5432395638957757,-0.8322438621242686,1.0638120569246137,1186.7860555648804,0.0
4,waypoint_05,15.0,0.5432395638957757,-0.8322438621242686,1.0638120569246137,1116.1832809448242,0.0
5,waypoint_05,15.0,0.5432395638957757,-0.8322438621242686,1.0638120569246137,1604.3527126312256,0.0
6,waypoint_05,15.0,0.5432395638957757,-0.8322438621242686,1.0638120569246137,1314.6907091140747,0.0
7,waypoint_05,15.0,0.5432395638957757,-0.8322438621242686,1.0638120569246137,1266.1713361740112,0.0
8,waypoint_05,15.0,0.5432395638957757,-0.8322438621242686,1.0638120569246137,632.2652101516724,0.0
9,waypoint_05,15.0,0.5432395638957757,-0.8322438621242686,1.0638120569246137,615.0995492935181,0.0
10,waypoint_05,15.0,0.5432395638957757,-0.8322438621242686,1.0638120569246137,583.1071138381958,0.0
11,waypoint_05,15.0,0.5432395638957757,-0.8322438621242686,1.0638120569246137,493.47713589668274,0.0
12,waypoint_05,15.0,0.5432395638957757,-0.8322438621242686,1.0638120569246137,493.13127994537354,0.0
13,waypoint_05,15.0,0.5432395638957757,-0.8322438621242686,1.0638120569246137,545.3660488128662,0.0
14,waypoint_05,15.0,0.5432395638957757,-0.8322438621242686,1.0638120569246137,500.6224513053894,0.0
0,waypoint_05,30.0,0.5432395638957757,-0.8322438621242686,1.0638120569246137,4540.648937225342,0.0
1,waypoint_05,30.0,0.5432395638957757,-0.8322438621242686,1.0638120569246137,3307.0194721221924,0.0
2,waypoint_05,30.0,0.5432395638957757,-0.8322438621242686,1.0638120569246137,2952.699899673462,0.0
3,waypoint_05,30.0,0.5432395638957757,-0.8322438621242686,1.0638120569246137,1125.9527206420898,0.0
4,waypoint_05,30.0,0.5432395638957757,-0.8322438621242686,1.0638120569246137,1116.182565689087,0.0
5,waypoint_05,30.0,0.5432395638957757,-0.8322438621242686,1.0638120569246137,1672.7006435394287,0.0
6,waypoint_05,30.0,0.5432395638957757,-0.8322438621242686,1.0638120569246137,1259.9413394927979,0.0
7,waypoint_05,30.0,0.5432395638957757,-0.8322438621242686,1.0638120569246137,1180.977463722229,0.0
8,waypoint_05,30.0,0.5432395638957757,-0.8322438621242686,1.0638120569246137,624.5554089546204,0.0
9,waypoint_05,30.0,0.5432395638957757,-0.8322438621242686,1.0638120569246137,601.786732673645,0.0
10,waypoint_05,30.0,0.5432395638957757,-0.8322438621242686,1.0638120569246137,577.8278112411499,0.0
11,waypoint_05,30.0,0.5432395638957757,-0.8322438621242686,1.0638120569246137,481.78941011428833,0.0
12,waypoint_05,30.0,0.5432395638957757,-0.8322438621242686,1.0638120569246137,488.74422907829285,0.0
13,waypoint_05,30.0,0.5432395638957757,-0.8322438621242686,1.0638120569246137,547.347903251648,0.0
14,waypoint_05,30.0,0.5432395638957757,-0.8322438621242686,1.0638120569246137,563.725471496582,0.0
0,waypoint_06,30.0,0.5632395638957752,-0.8322438621242686,1.0638120569246137,4523.8494873046875,0.0
1,waypoint_06,30.0,0.5632395638957752,-0.8322438621242686,1.0638120569246137,3309.419870376587,0.0
2,waypoint_06,30.0,0.5632395638957752,-0.8322438621242686,1.0638120569246137,2918.020248413086,0.0
3,waypoint_06,30.0,0.5632395638957752,-0.8322438621242686,1.0638120569246137,1114.2165660858154,0.0
4,waypoint_06,30.0,0.5632395638957752,-0.8322438621242686,1.0638120569246137,1097.878098487854,0.0
5,waypoint_06,30.0,0.5632395638957752,-0.8322438621242686,1.0638120569246137,1666.7373180389404,0.0
6,waypoint_06,30.0,0.5632395638957752,-0.8322438621242686,1.0638120569246137,1376.476764678955,0.0
7,waypoint_06,30.0,0.5632395638957752,-0.8322438621242686,1.0638120569246137,1259.7185373306274,0.0
8,waypoint_06,30.0,0.5632395638957752,-0.8322438621242686,1.0638120569246137,644.0176963806152,0.0
9,waypoint_06,30.0,0.5632395638957752,-0.8322438621242686,1.0638120569246137,620.4543709754944,0.0
10,waypoint_06,30.0,0.5632395638957752,-0.8322438621242686,1.0638120569246137,595.1337218284607,0.0
11,waypoint_06,30.0,0.5632395638957752,-0.8322438621242686,1.0638120569246137,498.42190742492676,0.0
12,waypoint_06,30.0,0.5632395638957752,-0.8322438621242686,1.0638120569246137,474.9526083469391,0.0
13,waypoint_06,30.0,0.5632395638957752,-0.8322438621242686,1.0638120569246137,511.7163062095642,0.0
14,waypoint_06,30.0,0.5632395638957752,-0.8322438621242686,1.0638120569246137,577.1922469139099,0.0
0,waypoint_06,15.0,0.5632395638957752,-0.8322438621242686,1.0638120569246137,4526.011943817139,0.0
1,waypoint_06,15.0,0.5632395638957752,-0.8322438621242686,1.0638120569246137,3306.375741958618,0.0
2,waypoint_06,15.0,0.5632395638957752,-0.8322438621242686,1.0638120569246137,3003.709077835083,0.0
3,waypoint_06,15.0,0.5632395638957752,-0.8322438621242686,1.0638120569246137,1127.4139881134033,0.0
4,waypoint_06,15.0,0.5632395638957752,-0.8322438621242686,1.0638120569246137,1097.8672504425049,0.0
5,waypoint_06,15.0,0.5632395638957752,-0.8322438621242686,1.0638120569246137,1598.6685752868652,0.0
6,waypoint_06,15.0,0.5632395638957752,-0.8322438621242686,1.0638120569246137,1355.1006317138672,0.0
7,waypoint_06,15.0,0.5632395638957752,-0.8322438621242686,1.0638120569246137,1207.3346376419067,0.0
8,waypoint_06,15.0,0.5632395638957752,-0.8322438621242686,1.0638120569246137,651.3036489486694,0.0
9,waypoint_06,15.0,0.5632395638957752,-0.8322438621242686,1.0638120569246137,633.927583694458,0.0
10,waypoint_06,15.0,0.5632395638957752,-0.8322438621242686,1.0638120569246137,599.863588809967,0.0
11,waypoint_06,15.0,0.5632395638957752,-0.8322438621242686,1.0638120569246137,509.62573289871216,0.0
12,waypoint_06,15.0,0.5632395638957752,-0.8322438621242686,1.0638120569246137,478.3479869365692,0.0
13,waypoint_06,15.0,0.5632395638957752,-0.8322438621242686,1.0638120569246137,516.1703824996948,0.0
14,waypoint_06,15.0,0.5632395638957752,-0.8322438621242686,1.0638120569246137,544.2225337028503,0.0
0,waypoint_06,0.0,0.5632395638957752,-0.8322438621242686,1.0638120569246137,4485.689640045166,0.0
1,waypoint_06,0.0,0.5632395638957752,-0.8322438621242686,1.0638120569246137,3303.8220405578613,0.0
2,waypoint_06,0.0,0.5632395638957752,-0.8322438621242686,1.0638120569246137,2908.7624549865723,0.0
3,waypoint_06,0.0,0.5632395638957752,-0.8322438621242686,1.0638120569246137,1127.5657415390015,0.0
4,waypoint_06,0.0,0.5632395638957752,-0.8322438621242686,1.0638120569246137,1097.8994369506836,0.0
5,waypoint_06,0.0,0.5632395638957752,-0.8322438621242686,1.0638120569246137,2166.9321060180664,0.0
6,waypoint_06,0.0,0.5632395638957752,-0.8322438621242686,1.0638120569246137,1302.6542663574219,0.0
7,waypoint_06,0.0,0.5632395638957752,-0.8322438621242686,1.0638120569246137,1212.103009223938,0.0
8,waypoint_06,0.0,0.5632395638957752,-0.8322438621242686,1.0638120569246137,638.8508677482605,0.0
9,waypoint_06,0.0,0.5632395638957752,-0.8322438621242686,1.0638120569246137,619.8505759239197,0.0
10,waypoint_06,0.0,0.5632395638957752,-0.8322438621242686,1.0638120569246137,590.0374054908752,0.0
11,waypoint_06,0.0,0.5632395638957752,-0.8322438621242686,1.0638120569246137,510.842502117157,0.0
12,waypoint_06,0.0,0.5632395638957752,-0.8322438621242686,1.0638120569246137,465.4488265514374,0.0
13,waypoint_06,0.0,0.5632395638957752,-0.8322438621242686,1.0638120569246137,502.63357162475586,0.0
14,waypoint_06,0.0,0.5632395638957752,-0.8322438621242686,1.0638120569246137,531.8098664283752,0.0
0,waypoint_06,-15.0,0.5632395638957752,-0.8322438621242686,1.0638120569246137,4489.580154418945,0.0
1,waypoint_06,-15.0,0.5632395638957752,-0.8322438621242686,1.0638120569246137,3302.662134170532,0.0
2,waypoint_06,-15.0,0.5632395638957752,-0.8322438621242686,1.0638120569246137,2824.8844146728516,0.0
3,waypoint_06,-15.0,0.5632395638957752,-0.8322438621242686,1.0638120569246137,1094.9991941452026,0.0
4,waypoint_06,-15.0,0.5632395638957752,-0.8322438621242686,1.0638120569246137,1099.7850894927979,0.0
5,waypoint_06,-15.0,0.5632395638957752,-0.8322438621242686,1.0638120569246137,2215.8756256103516,0.0
6,waypoint_06,-15.0,0.5632395638957752,-0.8322438621242686,1.0638120569246137,1251.1178255081177,0.0
7,waypoint_06,-15.0,0.5632395638957752,-0.8322438621242686,1.0638120569246137,1401.8592834472656,0.0
8,waypoint_06,-15.0,0.5632395638957752,-0.8322438621242686,1.0638120569246137,637.681245803833,0.0
9,waypoint_06,-15.0,0.5632395638957752,-0.8322438621242686,1.0638120569246137,618.5081601142883,0.0
10,waypoint_06,-15.0,0.5632395638957752,-0.8322438621242686,1.0638120569246137,588.1026983261108,0.0
11,waypoint_06,-15.0,0.5632395638957752,-0.8322438621242686,1.0638120569246137,509.1729760169983,0.0
12,waypoint_06,-15.0,0.5632395638957752,-0.8322438621242686,1.0638120569246137,443.4966444969177,0.0
13,waypoint_06,-15.0,0.5632395638957752,-0.8322438621242686,1.0638120569246137,495.4395890235901,0.0
14,waypoint_06,-15.0,0.5632395638957752,-0.8322438621242686,1.0638120569246137,514.4522190093994,0.0
0,waypoint_06,-30.0,0.5632395638957752,-0.8322438621242686,1.0638120569246137,4515.578269958496,0.0
1,waypoint_06,-30.0,0.5632395638957752,-0.8322438621242686,1.0638120569246137,3303.3876419067383,0.0
2,waypoint_06,-30.0,0.5632395638957752,-0.8322438621242686,1.0638120569246137,2825.9825706481934,0.0
3,waypoint_06,-30.0,0.5632395638957752,-0.8322438621242686,1.0638120569246137,944.1051483154297,0.0
4,waypoint_06,-30.0,0.5632395638957752,-0.8322438621242686,1.0638120569246137,1101.6346216201782,0.0
5,waypoint_06,-30.0,0.5632395638957752,-0.8322438621242686,1.0638120569246137,2246.4962005615234,0.0
6,waypoint_06,-30.0,0.5632395638957752,-0.8322438621242686,1.0638120569246137,1199.2391347885132,0.0
7,waypoint_06,-30.0,0.5632395638957752,-0.8322438621242686,1.0638120569246137,1189.8843050003052,0.0
8,waypoint_06,-30.0,0.5632395638957752,-0.8322438621242686,1.0638120569246137,636.7140412330627,0.0
9,waypoint_06,-30.0,0.5632395638957752,-0.8322438621242686,1.0638120569246137,617.5537705421448,0.0
10,waypoint_06,-30.0,0.5632395638957752,-0.8322438621242686,1.0638120569246137,585.5193138122559,0.0
11,waypoint_06,-30.0,0.5632395638957752,-0.8322438621242686,1.0638120569246137,503.8524866104126,0.0
12,waypoint_06,-30.0,0.5632395638957752,-0.8322438621242686,1.0638120569246137,412.2162163257599,0.0
13,waypoint_06,-30.0,0.5632395638957752,-0.8322438621242686,1.0638120569246137,462.13802695274353,0.0
14,waypoint_06,-30.0,0.5632395638957752,-0.8322438621242686,1.0638120569246137,514.8533582687378,0.0
0,waypoint_07,-30.0,0.5832395638957755,-0.8322438621242686,1.0638120569246137,4500.4754066467285,0.0
1,waypoint_07,-30.0,0.5832395638957755,-0.8322438621242686,1.0638120569246137,3305.9628009796143,0.0
2,waypoint_07,-30.0,0.5832395638957755,-0.8322438621242686,1.0638120569246137,2819.490671157837,0.0
3,waypoint_07,-30.0,0.5832395638957755,-0.8322438621242686,1.0638120569246137,933.9317679405212,0.0
4,waypoint_07,-30.0,0.5832395638957755,-0.8322438621242686,1.0638120569246137,1083.7613344192505,0.0
5,waypoint_07,-30.0,0.5832395638957755,-0.8322438621242686,1.0638120569246137,2244.581937789917,0.0
6,waypoint_07,-30.0,0.5832395638957755,-0.8322438621242686,1.0638120569246137,1162.989854812622,0.0
7,waypoint_07,-30.0,0.5832395638957755,-0.8322438621242686,1.0638120569246137,1147.9206085205078,0.0
8,waypoint_07,-30.0,0.5832395638957755,-0.8322438621242686,1.0638120569246137,654.8159122467041,0.0
9,waypoint_07,-30.0,0.5832395638957755,-0.8322438621242686,1.0638120569246137,632.1237087249756,0.0
10,waypoint_07,-30.0,0.5832395638957755,-0.8322438621242686,1.0638120569246137,601.8030047416687,0.0
11,waypoint_07,-30.0,0.5832395638957755,-0.8322438621242686,1.0638120569246137,520.0392007827759,0.0
12,waypoint_07,-30.0,0.5832395638957755,-0.8322438621242686,1.0638120569246137,421.93546891212463,0.0
13,waypoint_07,-30.0,0.5832395638957755,-0.8322438621242686,1.0638120569246137,468.29521656036377,0.0
14,waypoint_07,-30.0,0.5832395638957755,-0.8322438621242686,1.0638120569246137,529.9304723739624,0.0
0,waypoint_07,-15.0,0.5832395638957755,-0.8322438621242686,1.0638120569246137,4486.116409301758,0.0
1,waypoint_07,-15.0,0.5832395638957755,-0.8322438621242686,1.0638120569246137,3304.619789123535,0.0
2,waypoint_07,-15.0,0.5832395638957755,-0.8322438621242686,1.0638120569246137,2815.269708633423,0.0
3,waypoint_07,-15.0,0.5832395638957755,-0.8322438621242686,1.0638120569246137,1122.4617958068848,0.0
4,waypoint_07,-15.0,0.5832395638957755,-0.8322438621242686,1.0638120569246137,1084.5204591751099,0.0
5,waypoint_07,-15.0,0.5832395638957755,-0.8322438621242686,1.0638120569246137,2214.7278785705566,0.0
6,waypoint_07,-15.0,0.5832395638957755,-0.8322438621242686,1.0638120569246137,1226.7217636108398,0.0
7,waypoint_07,-15.0,0.5832395638957755,-0.8322438621242686,1.0638120569246137,1096.4741706848145,0.0
8,waypoint_07,-15.0,0.5832395638957755,-0.8322438621242686,1.0638120569246137,654.7560691833496,0.0
9,waypoint_07,-15.0,0.5832395638957755,-0.8322438621242686,1.0638120569246137,632.0047378540039,0.0
10,waypoint_07,-15.0,0.5832395638957755,-0.8322438621242686,1.0638120569246137,602.3949384689331,0.0
11,waypoint_07,-15.0,0.5832395638957755,-0.8322438621242686,1.0638120569246137,520.4666256904602,0.0
12,waypoint_07,-15.0,0.5832395638957755,-0.8322438621242686,1.0638120569246137,451.4574408531189,0.0
13,waypoint_07,-15.0,0.5832395638957755,-0.8322438621242686,1.0638120569246137,497.97046184539795,0.0
14,waypoint_07,-15.0,0.5832395638957755,-0.8322438621242686,1.0638120569246137,501.1971592903137,0.0
0,waypoint_07,0.0,0.5832395638957755,-0.8322438621242686,1.0638120569246137,4553.211688995361,0.0
1,waypoint_07,0.0,0.5832395638957755,-0.8322438621242686,1.0638120569246137,3305.2895069122314,0.0
2,waypoint_07,0.0,0.5832395638957755,-0.8322438621242686,1.0638120569246137,2978.1394004821777,0.0
3,waypoint_07,0.0,0.5832395638957755,-0.8322438621242686,1.0638120569246137,1115.6734228134155,0.0
4,waypoint_07,0.0,0.5832395638957755,-0.8322438621242686,1.0638120569246137,1085.400104522705,0.0
5,waypoint_07,0.0,0.5832395638957755,-0.8322438621242686,1.0638120569246137,2151.2904167175293,0.0
6,waypoint_07,0.0,0.5832395638957755,-0.8322438621242686,1.0638120569246137,1353.1204462051392,0.0
7,waypoint_07,0.0,0.5832395638957755,-0.8322438621242686,1.0638120569246137,1270.6844806671143,0.0
8,waypoint_07,0.0,0.5832395638957755,-0.8322438621242686,1.0638120569246137,655.0887227058411,0.0
9,waypoint_07,0.0,0.5832395638957755,-0.8322438621242686,1.0638120569246137,632.6363682746887,0.0
10,waypoint_07,0.0,0.5832395638957755,-0.8322438621242686,1.0638120569246137,603.0480861663818,0.0
11,waypoint_07,0.0,0.5832395638957755,-0.8322438621242686,1.0638120569246137,522.3700404167175,0.0
12,waypoint_07,0.0,0.5832395638957755,-0.8322438621242686,1.0638120569246137,472.43136167526245,0.0
13,waypoint_07,0.0,0.5832395638957755,-0.8322438621242686,1.0638120569246137,509.05299186706543,0.0
14,waypoint_07,0.0,0.5832395638957755,-0.8322438621242686,1.0638120569246137,538.5023355484009,0.0
0,waypoint_07,15.0,0.5832395638957755,-0.8322438621242686,1.0638120569246137,4519.447326660156,0.0
1,waypoint_07,15.0,0.5832395638957755,-0.8322438621242686,1.0638120569246137,3307.3132038116455,0.0
2,waypoint_07,15.0,0.5832395638957755,-0.8322438621242686,1.0638120569246137,2965.7371044158936,0.0
3,waypoint_07,15.0,0.5832395638957755,-0.8322438621242686,1.0638120569246137,1103.4661531448364,0.0
4,waypoint_07,15.0,0.5832395638957755,-0.8322438621242686,1.0638120569246137,1087.0476961135864,0.0
5,waypoint_07,15.0,0.5832395638957755,-0.8322438621242686,1.0638120569246137,1593.139886856079,0.0
6,waypoint_07,15.0,0.5832395638957755,-0.8322438621242686,1.0638120569246137,1280.1721096038818,0.0
7,waypoint_07,15.0,0.5832395638957755,-0.8322438621242686,1.0638120569246137,1152.2308588027954,0.0
8,waypoint_07,15.0,0.5832395638957755,-0.8322438621242686,1.0638120569246137,670.6240773200989,0.0
9,waypoint_07,15.0,0.5832395638957755,-0.8322438621242686,1.0638120569246137,649.8038172721863,0.0
10,waypoint_07,15.0,0.5832395638957755,-0.8322438621242686,1.0638120569246137,616.8400049209595,0.0
11,waypoint_07,15.0,0.5832395638957755,-0.8322438621242686,1.0638120569246137,524.3203043937683,0.0
12,waypoint_07,15.0,0.5832395638957755,-0.8322438621242686,1.0638120569246137,472.398042678833,0.0
13,waypoint_07,15.0,0.5832395638957755,-0.8322438621242686,1.0638120569246137,499.092161655426,0.0
14,waypoint_07,15.0,0.5832395638957755,-0.8322438621242686,1.0638120569246137,521.2686657905579,0.0
0,waypoint_07,30.0,0.5832395638957755,-0.8322438621242686,1.0638120569246137,4538.749694824219,0.0
1,waypoint_07,30.0,0.5832395638957755,-0.8322438621242686,1.0638120569246137,3310.0295066833496,0.0
2,waypoint_07,30.0,0.5832395638957755,-0.8322438621242686,1.0638120569246137,2903.585910797119,0.0
3,waypoint_07,30.0,0.5832395638957755,-0.8322438621242686,1.0638120569246137,1114.4580841064453,0.0
4,waypoint_07,30.0,0.5832395638957755,-0.8322438621242686,1.0638120569246137,1087.7201557159424,0.0
5,waypoint_07,30.0,0.5832395638957755,-0.8322438621242686,1.0638120569246137,1660.9402894973755,0.0
6,waypoint_07,30.0,0.5832395638957755,-0.8322438621242686,1.0638120569246137,1209.8251581192017,0.0
7,waypoint_07,30.0,0.5832395638957755,-0.8322438621242686,1.0638120569246137,1156.617283821106,0.0
8,waypoint_07,30.0,0.5832395638957755,-0.8322438621242686,1.0638120569246137,664.4865274429321,0.0
9,waypoint_07,30.0,0.5832395638957755,-0.8322438621242686,1.0638120569246137,639.2917037010193,0.0
10,waypoint_07,30.0,0.5832395638957755,-0.8322438621242686,1.0638120569246137,612.6962304115295,0.0
11,waypoint_07,30.0,0.5832395638957755,-0.8322438621242686,1.0638120569246137,514.2545700073242,0.0
12,waypoint_07,30.0,0.5832395638957755,-0.8322438621242686,1.0638120569246137,480.56283593177795,0.0
13,waypoint_07,30.0,0.5832395638957755,-0.8322438621242686,1.0638120569246137,495.4327344894409,0.0
14,waypoint_07,30.0,0.5832395638957755,-0.8322438621242686,1.0638120569246137,587.1315598487854,0.0
0,waypoint_08,30.0,0.6032395638957753,-0.8322438621242686,1.0638120569246137,4528.720855712891,0.0
1,waypoint_08,30.0,0.6032395638957753,-0.8322438621242686,1.0638120569246137,3312.462091445923,0.0
2,waypoint_08,30.0,0.6032395638957753,-0.8322438621242686,1.0638120569246137,2921.217679977417,0.0
3,waypoint_08,30.0,0.6032395638957753,-0.8322438621242686,1.0638120569246137,1094.5467948913574,0.0
4,waypoint_08,30.0,0.6032395638957753,-0.8322438621242686,1.0638120569246137,1069.4952011108398,0.0
5,waypoint_08,30.0,0.6032395638957753,-0.8322438621242686,1.0638120569246137,1655.3196907043457,0.0
6,waypoint_08,30.0,0.6032395638957753,-0.8322438621242686,1.0638120569246137,1264.4695043563843,0.0
7,waypoint_08,30.0,0.6032395638957753,-0.8322438621242686,1.0638120569246137,1097.069263458252,0.0
8,waypoint_08,30.0,0.6032395638957753,-0.8322438621242686,1.0638120569246137,684.0987205505371,0.0
9,waypoint_08,30.0,0.6032395638957753,-0.8322438621242686,1.0638120569246137,658.2909822463989,0.0
10,waypoint_08,30.0,0.6032395638957753,-0.8322438621242686,1.0638120569246137,630.4984092712402,0.0
11,waypoint_08,30.0,0.6032395638957753,-0.8322438621242686,1.0638120569246137,531.6413044929504,0.0
12,waypoint_08,30.0,0.6032395638957753,-0.8322438621242686,1.0638120569246137,461.28422021865845,0.0
13,waypoint_08,30.0,0.6032395638957753,-0.8322438621242686,1.0638120569246137,501.1749267578125,0.0
14,waypoint_08,30.0,0.6032395638957753,-0.8322438621242686,1.0638120569246137,569.2490339279175,0.0
0,waypoint_08,15.0,0.6032395638957753,-0.8322438621242686,1.0638120569246137,4555.902481079102,0.0
1,waypoint_08,15.0,0.6032395638957753,-0.8322438621242686,1.0638120569246137,3309.591770172119,0.0
2,waypoint_08,15.0,0.6032395638957753,-0.8322438621242686,1.0638120569246137,2906.2838554382324,0.0
3,waypoint_08,15.0,0.6032395638957753,-0.8322438621242686,1.0638120569246137,1088.3712768554688,0.0
4,waypoint_08,15.0,0.6032395638957753,-0.8322438621242686,1.0638120569246137,1069.998860359192,0.0
5,waypoint_08,15.0,0.6032395638957753,-0.8322438621242686,1.0638120569246137,1587.8276824951172,0.0
6,waypoint_08,15.0,0.6032395638957753,-0.8322438621242686,1.0638120569246137,1255.6288242340088,0.0
7,waypoint_08,15.0,0.6032395638957753,-0.8322438621242686,1.0638120569246137,1206.7898511886597,0.0
8,waypoint_08,15.0,0.6032395638957753,-0.8322438621242686,1.0638120569246137,689.9294257164001,0.0
9,waypoint_08,15.0,0.6032395638957753,-0.8322438621242686,1.0638120569246137,667.4818992614746,0.0
10,waypoint_08,15.0,0.6032395638957753,-0.8322438621242686,1.0638120569246137,581.6108584403992,0.0
11,waypoint_08,15.0,0.6032395638957753,-0.8322438621242686,1.0638120569246137,541.3990020751953,0.0
12,waypoint_08,15.0,0.6032395638957753,-0.8322438621242686,1.0638120569246137,466.40628576278687,0.0
13,waypoint_08,15.0,0.6032395638957753,-0.8322438621242686,1.0638120569246137,501.6484260559082,0.0
14,waypoint_08,15.0,0.6032395638957753,-0.8322438621242686,1.0638120569246137,576.3895511627197,0.0
0,waypoint_08,0.0,0.6032395638957753,-0.8322438621242686,1.0638120569246137,4569.0016746521,0.0
1,waypoint_08,0.0,0.6032395638957753,-0.8322438621242686,1.0638120569246137,3307.2497844696045,0.0
2,waypoint_08,0.0,0.6032395638957753,-0.8322438621242686,1.0638120569246137,2944.467306137085,0.0
3,waypoint_08,0.0,0.6032395638957753,-0.8322438621242686,1.0638120569246137,1094.0865278244019,0.0
4,waypoint_08,0.0,0.6032395638957753,-0.8322438621242686,1.0638120569246137,1070.0526237487793,0.0
5,waypoint_08,0.0,0.6032395638957753,-0.8322438621242686,1.0638120569246137,2164.314031600952,0.0
6,waypoint_08,0.0,0.6032395638957753,-0.8322438621242686,1.0638120569246137,1211.7509841918945,0.0
7,waypoint_08,0.0,0.6032395638957753,-0.8322438621242686,1.0638120569246137,1261.1854076385498,0.0
8,waypoint_08,0.0,0.6032395638957753,-0.8322438621242686,1.0638120569246137,672.9506254196167,0.0
9,waypoint_08,0.0,0.6032395638957753,-0.8322438621242686,1.0638120569246137,652.9945135116577,0.0
10,waypoint_08,0.0,0.6032395638957753,-0.8322438621242686,1.0638120569246137,580.1541805267334,0.0
11,waypoint_08,0.0,0.6032395638957753,-0.8322438621242686,1.0638120569246137,540.2031540870667,0.0
12,waypoint_08,0.0,0.6032395638957753,-0.8322438621242686,1.0638120569246137,481.56076669692993,0.0
13,waypoint_08,0.0,0.6032395638957753,-0.8322438621242686,1.0638120569246137,497.7015554904938,0.0
14,waypoint_08,0.0,0.6032395638957753,-0.8322438621242686,1.0638120569246137,544.3861484527588,0.0
0,waypoint_08,-15.0,0.6032395638957753,-0.8322438621242686,1.0638120569246137,4557.647228240967,0.0
1,waypoint_08,-15.0,0.6032395638957753,-0.8322438621242686,1.0638120569246137,3306.3719272613525,0.0
2,waypoint_08,-15.0,0.6032395638957753,-0.8322438621242686,1.0638120569246137,2881.61563873291,0.0
3,waypoint_08,-15.0,0.6032395638957753,-0.8322438621242686,1.0638120569246137,1098.4611511230469,0.0
4,waypoint_08,-15.0,0.6032395638957753,-0.8322438621242686,1.0638120569246137,1070.7871913909912,0.0
5,waypoint_08,-15.0,0.6032395638957753,-0.8322438621242686,1.0638120569246137,2212.7718925476074,0.0
6,waypoint_08,-15.0,0.6032395638957753,-0.8322438621242686,1.0638120569246137,1190.6523704528809,0.0
7,waypoint_08,-15.0,0.6032395638957753,-0.8322438621242686,1.0638120569246137,1329.9903869628906,0.0
8,waypoint_08,-15.0,0.6032395638957753,-0.8322438621242686,1.0638120569246137,672.2363829612732,0.0
9,waypoint_08,-15.0,0.6032395638957753,-0.8322438621242686,1.0638120569246137,651.3857841491699,0.0
10,waypoint_08,-15.0,0.6032395638957753,-0.8322438621242686,1.0638120569246137,579.9330472946167,0.0
11,waypoint_08,-15.0,0.6032395638957753,-0.8322438621242686,1.0638120569246137,538.3850932121277,0.0
12,waypoint_08,-15.0,0.6032395638957753,-0.8322438621242686,1.0638120569246137,461.17445826530457,0.0
13,waypoint_08,-15.0,0.6032395638957753,-0.8322438621242686,1.0638120569246137,497.20343947410583,0.0
14,waypoint_08,-15.0,0.6032395638957753,-0.8322438621242686,1.0638120569246137,529.757022857666,0.0
0,waypoint_08,-30.0,0.6032395638957753,-0.8322438621242686,1.0638120569246137,4546.362400054932,0.0
1,waypoint_08,-30.0,0.6032395638957753,-0.8322438621242686,1.0638120569246137,3307.8927993774414,0.0
2,waypoint_08,-30.0,0.6032395638957753,-0.8322438621242686,1.0638120569246137,2789.386034011841,0.0
3,waypoint_08,-30.0,0.6032395638957753,-0.8322438621242686,1.0638120569246137,936.4480376243591,0.0
4,waypoint_08,-30.0,0.6032395638957753,-0.8322438621242686,1.0638120569246137,1072.602391242981,0.0
5,waypoint_08,-30.0,0.6032395638957753,-0.8322438621242686,1.0638120569246137,2243.109941482544,0.0
6,waypoint_08,-30.0,0.6032395638957753,-0.8322438621242686,1.0638120569246137,1078.302264213562,0.0
7,waypoint_08,-30.0,0.6032395638957753,-0.8322438621242686,1.0638120569246137,1273.5047340393066,0.0
8,waypoint_08,-30.0,0.6032395638957753,-0.8322438621242686,1.0638120569246137,670.3360080718994,0.0
9,waypoint_08,-30.0,0.6032395638957753,-0.8322438621242686,1.0638120569246137,650.490939617157,0.0
10,waypoint_08,-30.0,0.6032395638957753,-0.8322438621242686,1.0638120569246137,579.705536365509,0.0
11,waypoint_08,-30.0,0.6032395638957753,-0.8322438621242686,1.0638120569246137,535.5729460716248,0.0
12,waypoint_08,-30.0,0.6032395638957753,-0.8322438621242686,1.0638120569246137,428.5149574279785,0.0
13,waypoint_08,-30.0,0.6032395638957753,-0.8322438621242686,1.0638120569246137,471.2618291378021,0.0
14,waypoint_08,-30.0,0.6032395638957753,-0.8322438621242686,1.0638120569246137,538.185715675354,0.0
0,waypoint_09,-30.0,0.6232395638957755,-0.8322438621242686,1.0638120569246137,4572.781085968018,0.0
1,waypoint_09,-30.0,0.6232395638957755,-0.8322438621242686,1.0638120569246137,3310.9054565429688,0.0
2,waypoint_09,-30.0,0.6232395638957755,-0.8322438621242686,1.0638120569246137,2810.9803199768066,0.0
3,waypoint_09,-30.0,0.6232395638957755,-0.8322438621242686,1.0638120569246137,914.9224758148193,0.0
4,waypoint_09,-30.0,0.6232395638957755,-0.8322438621242686,1.0638120569246137,1054.7910928726196,0.0
5,waypoint_09,-30.0,0.6232395638957755,-0.8322438621242686,1.0638120569246137,2241.5504455566406,0.0
6,waypoint_09,-30.0,0.6232395638957755,-0.8322438621242686,1.0638120569246137,1057.5608015060425,0.0
7,waypoint_09,-30.0,0.6232395638957755,-0.8322438621242686,1.0638120569246137,1257.366418838501,0.0
8,waypoint_09,-30.0,0.6232395638957755,-0.8322438621242686,1.0638120569246137,688.6742115020752,0.0
9,waypoint_09,-30.0,0.6232395638957755,-0.8322438621242686,1.0638120569246137,668.1612133979797,0.0
10,waypoint_09,-30.0,0.6232395638957755,-0.8322438621242686,1.0638120569246137,597.5932478904724,0.0
11,waypoint_09,-30.0,0.6232395638957755,-0.8322438621242686,1.0638120569246137,551.9260168075562,0.0
12,waypoint_09,-30.0,0.6232395638957755,-0.8322438621242686,1.0638120569246137,438.5952353477478,0.0
13,waypoint_09,-30.0,0.6232395638957755,-0.8322438621242686,1.0638120569246137,488.9264702796936,0.0
14,waypoint_09,-30.0,0.6232395638957755,-0.8322438621242686,1.0638120569246137,540.1647686958313,0.0
0,waypoint_09,-15.0,0.6232395638957755,-0.8322438621242686,1.0638120569246137,4525.6218910217285,0.0
1,waypoint_09,-15.0,0.6232395638957755,-0.8322438621242686,1.0638120569246137,3308.892011642456,0.0
2,waypoint_09,-15.0,0.6232395638957755,-0.8322438621242686,1.0638120569246137,2777.4438858032227,0.0
3,waypoint_09,-15.0,0.6232395638957755,-0.8322438621242686,1.0638120569246137,1029.5372009277344,0.0
4,waypoint_09,-15.0,0.6232395638957755,-0.8322438621242686,1.0638120569246137,1054.7659397125244,0.0
5,waypoint_09,-15.0,0.6232395638957755,-0.8322438621242686,1.0638120569246137,2212.0862007141113,0.0
6,waypoint_09,-15.0,0.6232395638957755,-0.8322438621242686,1.0638120569246137,1196.810245513916,0.0
7,waypoint_09,-15.0,0.6232395638957755,-0.8322438621242686,1.0638120569246137,1136.613368988037,0.0
8,waypoint_09,-15.0,0.6232395638957755,-0.8322438621242686,1.0638120569246137,688.971221446991,0.0
9,waypoint_09,-15.0,0.6232395638957755,-0.8322438621242686,1.0638120569246137,668.3856844902039,0.0
10,waypoint_09,-15.0,0.6232395638957755,-0.8322438621242686,1.0638120569246137,597.8248119354248,0.0
11,waypoint_09,-15.0,0.6232395638957755,-0.8322438621242686,1.0638120569246137,552.374541759491,0.0
12,waypoint_09,-15.0,0.6232395638957755,-0.8322438621242686,1.0638120569246137,452.8602659702301,0.0
13,waypoint_09,-15.0,0.6232395638957755,-0.8322438621242686,1.0638120569246137,515.8373713493347,0.0
14,waypoint_09,-15.0,0.6232395638957755,-0.8322438621242686,1.0638120569246137,539.8352742195129,0.0
0,waypoint_09,0.0,0.6232395638957755,-0.8322438621242686,1.0638120569246137,4573.38285446167,0.0
1,waypoint_09,0.0,0.6232395638957755,-0.8322438621242686,1.0638120569246137,3309.1156482696533,0.0
2,waypoint_09,0.0,0.6232395638957755,-0.8322438621242686,1.0638120569246137,2894.533157348633,0.0
3,waypoint_09,0.0,0.6232395638957755,-0.8322438621242686,1.0638120569246137,1072.965145111084,0.0
4,waypoint_09,0.0,0.6232395638957755,-0.8322438621242686,1.0638120569246137,1056.4844608306885,0.0
5,waypoint_09,0.0,0.6232395638957755,-0.8322438621242686,1.0638120569246137,2150.9463787078857,0.0
6,waypoint_09,0.0,0.6232395638957755,-0.8322438621242686,1.0638120569246137,1250.1007318496704,0.0
7,waypoint_09,0.0,0.6232395638957755,-0.8322438621242686,1.0638120569246137,1244.708776473999,0.0
8,waypoint_09,0.0,0.6232395638957755,-0.8322438621242686,1.0638120569246137,689.2938613891602,0.0
9,waypoint_09,0.0,0.6232395638957755,-0.8322438621242686,1.0638120569246137,668.7785387039185,0.0
10,waypoint_09,0.0,0.6232395638957755,-0.8322438621242686,1.0638120569246137,597.831130027771,0.0
11,waypoint_09,0.0,0.6232395638957755,-0.8322438621242686,1.0638120569246137,553.5831451416016,0.0
12,waypoint_09,0.0,0.6232395638957755,-0.8322438621242686,1.0638120569246137,485.81910133361816,0.0
13,waypoint_09,0.0,0.6232395638957755,-0.8322438621242686,1.0638120569246137,515.2552723884583,0.0
14,waypoint_09,0.0,0.6232395638957755,-0.8322438621242686,1.0638120569246137,547.1861362457275,0.0
0,waypoint_09,15.0,0.6232395638957755,-0.8322438621242686,1.0638120569246137,4568.230152130127,0.0
1,waypoint_09,15.0,0.6232395638957755,-0.8322438621242686,1.0638120569246137,3310.9381198883057,0.0
2,waypoint_09,15.0,0.6232395638957755,-0.8322438621242686,1.0638120569246137,2956.6009044647217,0.0
3,waypoint_09,15.0,0.6232395638957755,-0.8322438621242686,1.0638120569246137,1109.6677780151367,0.0
4,waypoint_09,15.0,0.6232395638957755,-0.8322438621242686,1.0638120569246137,1056.6202402114868,0.0
5,waypoint_09,15.0,0.6232395638957755,-0.8322438621242686,1.0638120569246137,1582.6722383499146,0.0
6,waypoint_09,15.0,0.6232395638957755,-0.8322438621242686,1.0638120569246137,1301.8263578414917,0.0
7,waypoint_09,15.0,0.6232395638957755,-0.8322438621242686,1.0638120569246137,1183.7607622146606,0.0
8,waypoint_09,15.0,0.6232395638957755,-0.8322438621242686,1.0638120569246137,709.5431089401245,0.0
9,waypoint_09,15.0,0.6232395638957755,-0.8322438621242686,1.0638120569246137,685.8398914337158,0.0
10,waypoint_09,15.0,0.6232395638957755,-0.8322438621242686,1.0638120569246137,600.4087924957275,0.0
11,waypoint_09,15.0,0.6232395638957755,-0.8322438621242686,1.0638120569246137,558.6573481559753,0.0
12,waypoint_09,15.0,0.6232395638957755,-0.8322438621242686,1.0638120569246137,496.28403782844543,0.0
13,waypoint_09,15.0,0.6232395638957755,-0.8322438621242686,1.0638120569246137,503.96424531936646,0.0
14,waypoint_09,15.0,0.6232395638957755,-0.8322438621242686,1.0638120569246137,559.2027306556702,0.0
0,waypoint_09,30.0,0.6232395638957755,-0.8322438621242686,1.0638120569246137,4612.021923065186,0.0
1,waypoint_09,30.0,0.6232395638957755,-0.8322438621242686,1.0638120569246137,3313.4765625,0.0
2,waypoint_09,30.0,0.6232395638957755,-0.8322438621242686,1.0638120569246137,2893.4314250946045,0.0
3,waypoint_09,30.0,0.6232395638957755,-0.8322438621242686,1.0638120569246137,1085.3577852249146,0.0
4,waypoint_09,30.0,0.6232395638957755,-0.8322438621242686,1.0638120569246137,1057.2360754013062,0.0
5,waypoint_09,30.0,0.6232395638957755,-0.8322438621242686,1.0638120569246137,1649.8708724975586,0.0
6,waypoint_09,30.0,0.6232395638957755,-0.8322438621242686,1.0638120569246137,1322.6382732391357,0.0
7,waypoint_09,30.0,0.6232395638957755,-0.8322438621242686,1.0638120569246137,1129.8993825912476,0.0
8,waypoint_09,30.0,0.6232395638957755,-0.8322438621242686,1.0638120569246137,705.1534056663513,0.0
9,waypoint_09,30.0,0.6232395638957755,-0.8322438621242686,1.0638120569246137,677.7788400650024,0.0
10,waypoint_09,30.0,0.6232395638957755,-0.8322438621242686,1.0638120569246137,591.002881526947,0.0
11,waypoint_09,30.0,0.6232395638957755,-0.8322438621242686,1.0638120569246137,549.8499274253845,0.0
12,waypoint_09,30.0,0.6232395638957755,-0.8322438621242686,1.0638120569246137,484.95781421661377,0.0
13,waypoint_09,30.0,0.6232395638957755,-0.8322438621242686,1.0638120569246137,484.37049984931946,0.0
14,waypoint_09,30.0,0.6232395638957755,-0.8322438621242686,1.0638120569246137,596.5840816497803,0.0
0,waypoint_10,30.0,0.6432395638957753,-0.8322438621242686,1.0638120569246137,4552.194595336914,0.0
1,waypoint_10,30.0,0.6432395638957753,-0.8322438621242686,1.0638120569246137,3316.127061843872,0.0
2,waypoint_10,30.0,0.6432395638957753,-0.8322438621242686,1.0638120569246137,2896.772623062134,0.0
3,waypoint_10,30.0,0.6432395638957753,-0.8322438621242686,1.0638120569246137,1104.2957305908203,0.0
4,waypoint_10,30.0,0.6432395638957753,-0.8322438621242686,1.0638120569246137,1039.1372442245483,0.0
5,waypoint_10,30.0,0.6432395638957753,-0.8322438621242686,1.0638120569246137,1644.6032524108887,0.0
6,waypoint_10,30.0,0.6432395638957753,-0.8322438621242686,1.0638120569246137,1240.9396171569824,0.0
7,waypoint_10,30.0,0.6432395638957753,-0.8322438621242686,1.0638120569246137,1153.1447172164917,0.0
8,waypoint_10,30.0,0.6432395638957753,-0.8322438621242686,1.0638120569246137,725.0001430511475,0.0
9,waypoint_10,30.0,0.6432395638957753,-0.8322438621242686,1.0638120569246137,697.0843076705933,0.0
10,waypoint_10,30.0,0.6432395638957753,-0.8322438621242686,1.0638120569246137,610.298216342926,0.0
11,waypoint_10,30.0,0.6432395638957753,-0.8322438621242686,1.0638120569246137,567.8672790527344,0.0
12,waypoint_10,30.0,0.6432395638957753,-0.8322438621242686,1.0638120569246137,501.7421841621399,0.0
13,waypoint_10,30.0,0.6432395638957753,-0.8322438621242686,1.0638120569246137,499.99043345451355,0.0
14,waypoint_10,30.0,0.6432395638957753,-0.8322438621242686,1.0638120569246137,584.141731262207,0.0
0,waypoint_10,15.0,0.6432395638957753,-0.8322438621242686,1.0638120569246137,4559.3366622924805,0.0
1,waypoint_10,15.0,0.6432395638957753,-0.8322438621242686,1.0638120569246137,3313.4117126464844,0.0
2,waypoint_10,15.0,0.6432395638957753,-0.8322438621242686,1.0638120569246137,2922.8689670562744,0.0
3,waypoint_10,15.0,0.6432395638957753,-0.8322438621242686,1.0638120569246137,1089.698076248169,0.0
4,waypoint_10,15.0,0.6432395638957753,-0.8322438621242686,1.0638120569246137,1039.0480756759644,0.0
5,waypoint_10,15.0,0.6432395638957753,-0.8322438621242686,1.0638120569246137,1577.686071395874,0.0
6,waypoint_10,15.0,0.6432395638957753,-0.8322438621242686,1.0638120569246137,1301.4315366744995,0.0
7,waypoint_10,15.0,0.6432395638957753,-0.8322438621242686,1.0638120569246137,1248.471736907959,0.0
8,waypoint_10,15.0,0.6432395638957753,-0.8322438621242686,1.0638120569246137,730.7705283164978,0.0
9,waypoint_10,15.0,0.6432395638957753,-0.8322438621242686,1.0638120569246137,701.9438147544861,0.0
10,waypoint_10,15.0,0.6432395638957753,-0.8322438621242686,1.0638120569246137,619.5329427719116,0.0
11,waypoint_10,15.0,0.6432395638957753,-0.8322438621242686,1.0638120569246137,576.3936042785645,0.0
12,waypoint_10,15.0,0.6432395638957753,-0.8322438621242686,1.0638120569246137,512.5492811203003,0.0
13,waypoint_10,15.0,0.6432395638957753,-0.8322438621242686,1.0638120569246137,514.1944289207458,0.0
14,waypoint_10,15.0,0.6432395638957753,-0.8322438621242686,1.0638120569246137,590.3305411338806,0.0
0,waypoint_10,0.0,0.6432395638957753,-0.8322438621242686,1.0638120569246137,4542.446613311768,0.0
1,waypoint_10,0.0,0.6432395638957753,-0.8322438621242686,1.0638120569246137,3311.492443084717,0.0
2,waypoint_10,0.0,0.6432395638957753,-0.8322438621242686,1.0638120569246137,2848.551034927368,0.0
3,waypoint_10,0.0,0.6432395638957753,-0.8322438621242686,1.0638120569246137,1065.9486055374146,0.0
4,waypoint_10,0.0,0.6432395638957753,-0.8322438621242686,1.0638120569246137,1039.006233215332,0.0
5,waypoint_10,0.0,0.6432395638957753,-0.8322438621242686,1.0638120569246137,2162.8432273864746,0.0
6,waypoint_10,0.0,0.6432395638957753,-0.8322438621242686,1.0638120569246137,1258.7263584136963,0.0
7,waypoint_10,0.0,0.6432395638957753,-0.8322438621242686,1.0638120569246137,1273.9721536636353,0.0
8,waypoint_10,0.0,0.6432395638957753,-0.8322438621242686,1.0638120569246137,710.2113962173462,0.0
9,waypoint_10,0.0,0.6432395638957753,-0.8322438621242686,1.0638120569246137,686.3858103752136,0.0
10,waypoint_10,0.0,0.6432395638957753,-0.8322438621242686,1.0638120569246137,614.8587465286255,0.0
11,waypoint_10,0.0,0.6432395638957753,-0.8322438621242686,1.0638120569246137,572.4419355392456,0.0
12,waypoint_10,0.0,0.6432395638957753,-0.8322438621242686,1.0638120569246137,513.5416984558105,0.0
13,waypoint_10,0.0,0.6432395638957753,-0.8322438621242686,1.0638120569246137,519.6263194084167,0.0
14,waypoint_10,0.0,0.6432395638957753,-0.8322438621242686,1.0638120569246137,565.4075741767883,0.0
0,waypoint_10,-15.0,0.6432395638957753,-0.8322438621242686,1.0638120569246137,4541.634559631348,0.0
1,waypoint_10,-15.0,0.6432395638957753,-0.8322438621242686,1.0638120569246137,3311.174154281616,0.0
2,waypoint_10,-15.0,0.6432395638957753,-0.8322438621242686,1.0638120569246137,2787.424087524414,0.0
3,waypoint_10,-15.0,0.6432395638957753,-0.8322438621242686,1.0638120569246137,1031.9628715515137,0.0
4,waypoint_10,-15.0,0.6432395638957753,-0.8322438621242686,1.0638120569246137,1039.520025253296,0.0
5,waypoint_10,-15.0,0.6432395638957753,-0.8322438621242686,1.0638120569246137,2210.4690074920654,0.0
6,waypoint_10,-15.0,0.6432395638957753,-0.8322438621242686,1.0638120569246137,1237.036943435669,0.0
7,waypoint_10,-15.0,0.6432395638957753,-0.8322438621242686,1.0638120569246137,1290.8458709716797,0.0
8,waypoint_10,-15.0,0.6432395638957753,-0.8322438621242686,1.0638120569246137,710.0849151611328,0.0
9,waypoint_10,-15.0,0.6432395638957753,-0.8322438621242686,1.0638120569246137,685.4541897773743,0.0
10,waypoint_10,-15.0,0.6432395638957753,-0.8322438621242686,1.0638120569246137,614.6252155303955,0.0
11,waypoint_10,-15.0,0.6432395638957753,-0.8322438621242686,1.0638120569246137,570.8500146865845,0.0
12,waypoint_10,-15.0,0.6432395638957753,-0.8322438621242686,1.0638120569246137,511.9546055793762,0.0
13,waypoint_10,-15.0,0.6432395638957753,-0.8322438621242686,1.0638120569246137,517.1617269515991,0.0
14,waypoint_10,-15.0,0.6432395638957753,-0.8322438621242686,1.0638120569246137,548.7617254257202,0.0
0,waypoint_10,-30.0,0.6432395638957753,-0.8322438621242686,1.0638120569246137,4599.070072174072,0.0
1,waypoint_10,-30.0,0.6432395638957753,-0.8322438621242686,1.0638120569246137,3312.9470348358154,0.0
2,waypoint_10,-30.0,0.6432395638957753,-0.8322438621242686,1.0638120569246137,2777.7645587921143,0.0
3,waypoint_10,-30.0,0.6432395638957753,-0.8322438621242686,1.0638120569246137,911.6210341453552,0.0
4,waypoint_10,-30.0,0.6432395638957753,-0.8322438621242686,1.0638120569246137,1040.147304534912,0.0
5,waypoint_10,-30.0,0.6432395638957753,-0.8322438621242686,1.0638120569246137,2240.3008937835693,0.0
6,waypoint_10,-30.0,0.6432395638957753,-0.8322438621242686,1.0638120569246137,1235.5613708496094,0.0
7,waypoint_10,-30.0,0.6432395638957753,-0.8322438621242686,1.0638120569246137,1117.6713705062866,0.0
8,waypoint_10,-30.0,0.6432395638957753,-0.8322438621242686,1.0638120569246137,709.2586159706116,0.0
9,waypoint_10,-30.0,0.6432395638957753,-0.8322438621242686,1.0638120569246137,684.6558451652527,0.0
10,waypoint_10,-30.0,0.6432395638957753,-0.8322438621242686,1.0638120569246137,614.399790763855,0.0
11,waypoint_10,-30.0,0.6432395638957753,-0.8322438621242686,1.0638120569246137,568.1360363960266,0.0
12,waypoint_10,-30.0,0.6432395638957753,-0.8322438621242686,1.0638120569246137,508.32074880599976,0.0
13,waypoint_10,-30.0,0.6432395638957753,-0.8322438621242686,1.0638120569246137,513.3541822433472,0.0
14,waypoint_10,-30.0,0.6432395638957753,-0.8322438621242686,1.0638120569246137,561.5612268447876,0.0
0,waypoint_11,-30.0,0.46323956389577614,-0.8068737827527108,1.0638120569246137,4388.291358947754,0.0
1,waypoint_11,-30.0,0.46323956389577614,-0.8068737827527108,1.0638120569246137,3263.6120319366455,0.0
2,waypoint_11,-30.0,0.46323956389577614,-0.8068737827527108,1.0638120569246137,2843.2276248931885,0.0
3,waypoint_11,-30.0,0.46323956389577614,-0.8068737827527108,1.0638120569246137,1019.9975967407227,0.0
4,waypoint_11,-30.0,0.46323956389577614,-0.8068737827527108,1.0638120569246137,1198.0268955230713,0.0
5,waypoint_11,-30.0,0.46323956389577614,-0.8068737827527108,1.0638120569246137,2233.504295349121,0.0
6,waypoint_11,-30.0,0.46323956389577614,-0.8068737827527108,1.0638120569246137,1306.2784671783447,0.0
7,waypoint_11,-30.0,0.46323956389577614,-0.8068737827527108,1.0638120569246137,1448.6665725708008,0.0
8,waypoint_11,-30.0,0.46323956389577614,-0.8068737827527108,1.0638120569246137,532.2962999343872,0.0
9,waypoint_11,-30.0,0.46323956389577614,-0.8068737827527108,1.0638120569246137,516.0925984382629,0.0
10,waypoint_11,-30.0,0.46323956389577614,-0.8068737827527108,1.0638120569246137,462.63426542282104,0.0
11,waypoint_11,-30.0,0.46323956389577614,-0.8068737827527108,1.0638120569246137,415.8616364002228,0.0
12,waypoint_11,-30.0,0.46323956389577614,-0.8068737827527108,1.0638120569246137,380.13091683387756,0.0
13,waypoint_11,-30.0,0.46323956389577614,-0.8068737827527108,1.0638120569246137,377.91135907173157,0.0
14,waypoint_11,-30.0,0.46323956389577614,-0.8068737827527108,1.0638120569246137,407.11846947669983,0.0
0,waypoint_11,-15.0,0.46323956389577614,-0.8068737827527108,1.0638120569246137,4365.0383949279785,0.0
1,waypoint_11,-15.0,0.46323956389577614,-0.8068737827527108,1.0638120569246137,3262.6264095306396,0.0
2,waypoint_11,-15.0,0.46323956389577614,-0.8068737827527108,1.0638120569246137,2972.7683067321777,0.0
3,waypoint_11,-15.0,0.46323956389577614,-0.8068737827527108,1.0638120569246137,1145.7250118255615,0.0
4,waypoint_11,-15.0,0.46323956389577614,-0.8068737827527108,1.0638120569246137,1198.0448961257935,0.0
5,waypoint_11,-15.0,0.46323956389577614,-0.8068737827527108,1.0638120569246137,2200.0200748443604,0.0
6,waypoint_11,-15.0,0.46323956389577614,-0.8068737827527108,1.0638120569246137,1202.0221948623657,0.0
7,waypoint_11,-15.0,0.46323956389577614,-0.8068737827527108,1.0638120569246137,1271.096110343933,0.0
8,waypoint_11,-15.0,0.46323956389577614,-0.8068737827527108,1.0638120569246137,532.2849154472351,0.0
9,waypoint_11,-15.0,0.46323956389577614,-0.8068737827527108,1.0638120569246137,516.1163210868835,0.0
10,waypoint_11,-15.0,0.46323956389577614,-0.8068737827527108,1.0638120569246137,477.54430770874023,0.0
11,waypoint_11,-15.0,0.46323956389577614,-0.8068737827527108,1.0638120569246137,444.7052478790283,0.0
12,waypoint_11,-15.0,0.46323956389577614,-0.8068737827527108,1.0638120569246137,394.0971791744232,0.0
13,waypoint_11,-15.0,0.46323956389577614,-0.8068737827527108,1.0638120569246137,418.68507862091064,0.0
14,waypoint_11,-15.0,0.46323956389577614,-0.8068737827527108,1.0638120569246137,407.93782472610474,0.0
0,waypoint_11,0.0,0.46323956389577614,-0.8068737827527108,1.0638120569246137,4370.34797668457,0.0
1,waypoint_11,0.0,0.46323956389577614,-0.8068737827527108,1.0638120569246137,3263.9150619506836,0.0
2,waypoint_11,0.0,0.46323956389577614,-0.8068737827527108,1.0638120569246137,3015.0954723358154,0.0
3,waypoint_11,0.0,0.46323956389577614,-0.8068737827527108,1.0638120569246137,1184.0490102767944,0.0
4,waypoint_11,0.0,0.46323956389577614,-0.8068737827527108,1.0638120569246137,1199.7848749160767,0.0
5,waypoint_11,0.0,0.46323956389577614,-0.8068737827527108,1.0638120569246137,2132.035493850708,0.0
6,waypoint_11,0.0,0.46323956389577614,-0.8068737827527108,1.0638120569246137,1404.9052000045776,0.0
7,waypoint_11,0.0,0.46323956389577614,-0.8068737827527108,1.0638120569246137,1426.7783164978027,0.0
8,waypoint_11,0.0,0.46323956389577614,-0.8068737827527108,1.0638120569246137,532.4615836143494,0.0
9,waypoint_11,0.0,0.46323956389577614,-0.8068737827527108,1.0638120569246137,516.5078043937683,0.0
10,waypoint_11,0.0,0.46323956389577614,-0.8068737827527108,1.0638120569246137,475.9984314441681,0.0
11,waypoint_11,0.0,0.46323956389577614,-0.8068737827527108,1.0638120569246137,457.55109190940857,0.0
12,waypoint_11,0.0,0.46323956389577614,-0.8068737827527108,1.0638120569246137,482.14825987815857,0.0
13,waypoint_11,0.0,0.46323956389577614,-0.8068737827527108,1.0638120569246137,445.60784101486206,0.0
14,waypoint_11,0.0,0.46323956389577614,-0.8068737827527108,1.0638120569246137,447.9256570339203,0.0
0,waypoint_11,15.0,0.46323956389577614,-0.8068737827527108,1.0638120569246137,4438.951015472412,0.0
1,waypoint_11,15.0,0.46323956389577614,-0.8068737827527108,1.0638120569246137,3266.6680812835693,0.0
2,waypoint_11,15.0,0.46323956389577614,-0.8068737827527108,1.0638120569246137,3002.443790435791,0.0
3,waypoint_11,15.0,0.46323956389577614,-0.8068737827527108,1.0638120569246137,1174.4697093963623,0.0
4,waypoint_11,15.0,0.46323956389577614,-0.8068737827527108,1.0638120569246137,1199.77605342865,0.0
5,waypoint_11,15.0,0.46323956389577614,-0.8068737827527108,1.0638120569246137,1602.8854846954346,0.0
6,waypoint_11,15.0,0.46323956389577614,-0.8068737827527108,1.0638120569246137,1394.025206565857,0.0
7,waypoint_11,15.0,0.46323956389577614,-0.8068737827527108,1.0638120569246137,1407.3373079299927,0.0
8,waypoint_11,15.0,0.46323956389577614,-0.8068737827527108,1.0638120569246137,550.0583648681641,0.0
9,waypoint_11,15.0,0.46323956389577614,-0.8068737827527108,1.0638120569246137,529.7715067863464,0.0
10,waypoint_11,15.0,0.46323956389577614,-0.8068737827527108,1.0638120569246137,469.8939323425293,0.0
11,waypoint_11,15.0,0.46323956389577614,-0.8068737827527108,1.0638120569246137,511.8282437324524,0.0
12,waypoint_11,15.0,0.46323956389577614,-0.8068737827527108,1.0638120569246137,527.3246169090271,0.0
13,waypoint_11,15.0,0.46323956389577614,-0.8068737827527108,1.0638120569246137,547.9708909988403,0.0
14,waypoint_11,15.0,0.46323956389577614,-0.8068737827527108,1.0638120569246137,439.67917561531067,0.0
0,waypoint_11,30.0,0.46323956389577614,-0.8068737827527108,1.0638120569246137,4430.370330810547,0.0
1,waypoint_11,30.0,0.46323956389577614,-0.8068737827527108,1.0638120569246137,3269.948720932007,0.0
2,waypoint_11,30.0,0.46323956389577614,-0.8068737827527108,1.0638120569246137,3002.290725708008,0.0
3,waypoint_11,30.0,0.46323956389577614,-0.8068737827527108,1.0638120569246137,1173.899531364441,0.0
4,waypoint_11,30.0,0.46323956389577614,-0.8068737827527108,1.0638120569246137,1201.8406391143799,0.0
5,waypoint_11,30.0,0.46323956389577614,-0.8068737827527108,1.0638120569246137,1678.169846534729,0.0
6,waypoint_11,30.0,0.46323956389577614,-0.8068737827527108,1.0638120569246137,1469.6953296661377,0.0
7,waypoint_11,30.0,0.46323956389577614,-0.8068737827527108,1.0638120569246137,1256.1016082763672,0.0
8,waypoint_11,30.0,0.46323956389577614,-0.8068737827527108,1.0638120569246137,541.8448448181152,0.0
9,waypoint_11,30.0,0.46323956389577614,-0.8068737827527108,1.0638120569246137,515.8515572547913,0.0
10,waypoint_11,30.0,0.46323956389577614,-0.8068737827527108,1.0638120569246137,456.41887187957764,0.0
11,waypoint_11,30.0,0.46323956389577614,-0.8068737827527108,1.0638120569246137,513.7187242507935,0.0
12,waypoint_11,30.0,0.46323956389577614,-0.8068737827527108,1.0638120569246137,572.9036927223206,0.0
13,waypoint_11,30.0,0.46323956389577614,-0.8068737827527108,1.0638120569246137,576.9046545028687,0.0
14,waypoint_11,30.0,0.46323956389577614,-0.8068737827527108,1.0638120569246137,532.8561663627625,0.0
0,waypoint_12,30.0,0.4832395638957757,-0.8068737827527108,1.0638120569246137,4413.1927490234375,0.0
1,waypoint_12,30.0,0.4832395638957757,-0.8068737827527108,1.0638120569246137,3271.730661392212,0.0
2,waypoint_12,30.0,0.4832395638957757,-0.8068737827527108,1.0638120569246137,3016.221284866333,0.0
3,waypoint_12,30.0,0.4832395638957757,-0.8068737827527108,1.0638120569246137,1154.408574104309,0.0
4,waypoint_12,30.0,0.4832395638957757,-0.8068737827527108,1.0638120569246137,1183.1715106964111,0.0
5,waypoint_12,30.0,0.4832395638957757,-0.8068737827527108,1.0638120569246137,1671.4327335357666,0.0
6,waypoint_12,30.0,0.4832395638957757,-0.8068737827527108,1.0638120569246137,1411.133050918579,0.0
7,waypoint_12,30.0,0.4832395638957757,-0.8068737827527108,1.0638120569246137,1305.406093597412,0.0
8,waypoint_12,30.0,0.4832395638957757,-0.8068737827527108,1.0638120569246137,560.5248808860779,0.0
9,waypoint_12,30.0,0.4832395638957757,-0.8068737827527108,1.0638120569246137,533.8189005851746,0.0
10,waypoint_12,30.0,0.4832395638957757,-0.8068737827527108,1.0638120569246137,473.2121527194977,0.0
11,waypoint_12,30.0,0.4832395638957757,-0.8068737827527108,1.0638120569246137,482.15994238853455,0.0
12,waypoint_12,30.0,0.4832395638957757,-0.8068737827527108,1.0638120569246137,587.6203775405884,0.0
13,waypoint_12,30.0,0.4832395638957757,-0.8068737827527108,1.0638120569246137,600.7559895515442,0.0
14,waypoint_12,30.0,0.4832395638957757,-0.8068737827527108,1.0638120569246137,530.3666591644287,0.0
0,waypoint_12,15.0,0.4832395638957757,-0.8068737827527108,1.0638120569246137,4402.474403381348,0.0
1,waypoint_12,15.0,0.4832395638957757,-0.8068737827527108,1.0638120569246137,3268.497943878174,0.0
2,waypoint_12,15.0,0.4832395638957757,-0.8068737827527108,1.0638120569246137,2914.293050765991,0.0
3,waypoint_12,15.0,0.4832395638957757,-0.8068737827527108,1.0638120569246137,1152.1013975143433,0.0
4,waypoint_12,15.0,0.4832395638957757,-0.8068737827527108,1.0638120569246137,1183.1891536712646,0.0
5,waypoint_12,15.0,0.4832395638957757,-0.8068737827527108,1.0638120569246137,1596.3305234909058,0.0
6,waypoint_12,15.0,0.4832395638957757,-0.8068737827527108,1.0638120569246137,1368.4022426605225,0.0
7,waypoint_12,15.0,0.4832395638957757,-0.8068737827527108,1.0638120569246137,1340.4401540756226,0.0
8,waypoint_12,15.0,0.4832395638957757,-0.8068737827527108,1.0638120569246137,568.6708092689514,0.0
9,waypoint_12,15.0,0.4832395638957757,-0.8068737827527108,1.0638120569246137,547.2319722175598,0.0
10,waypoint_12,15.0,0.4832395638957757,-0.8068737827527108,1.0638120569246137,486.23183369636536,0.0
11,waypoint_12,15.0,0.4832395638957757,-0.8068737827527108,1.0638120569246137,485.72900891304016,0.0
12,waypoint_12,15.0,0.4832395638957757,-0.8068737827527108,1.0638120569246137,582.0619463920593,0.0
13,waypoint_12,15.0,0.4832395638957757,-0.8068737827527108,1.0638120569246137,584.0425491333008,0.0
14,waypoint_12,15.0,0.4832395638957757,-0.8068737827527108,1.0638120569246137,466.62503480911255,0.0
0,waypoint_12,0.0,0.4832395638957757,-0.8068737827527108,1.0638120569246137,4413.732528686523,0.0
1,waypoint_12,0.0,0.4832395638957757,-0.8068737827527108,1.0638120569246137,3265.836000442505,0.0
2,waypoint_12,0.0,0.4832395638957757,-0.8068737827527108,1.0638120569246137,2927.5989532470703,0.0
3,waypoint_12,0.0,0.4832395638957757,-0.8068737827527108,1.0638120569246137,1223.2627868652344,0.0
4,waypoint_12,0.0,0.4832395638957757,-0.8068737827527108,1.0638120569246137,1183.1982135772705,0.0
5,waypoint_12,0.0,0.4832395638957757,-0.8068737827527108,1.0638120569246137,1995.5471754074097,0.0
6,waypoint_12,0.0,0.4832395638957757,-0.8068737827527108,1.0638120569246137,1381.4678192138672,0.0
7,waypoint_12,0.0,0.4832395638957757,-0.8068737827527108,1.0638120569246137,1338.2019996643066,0.0
8,waypoint_12,0.0,0.4832395638957757,-0.8068737827527108,1.0638120569246137,566.271960735321,0.0
9,waypoint_12,0.0,0.4832395638957757,-0.8068737827527108,1.0638120569246137,544.673502445221,0.0
10,waypoint_12,0.0,0.4832395638957757,-0.8068737827527108,1.0638120569246137,480.6504249572754,0.0
11,waypoint_12,0.0,0.4832395638957757,-0.8068737827527108,1.0638120569246137,472.47177362442017,0.0
12,waypoint_12,0.0,0.4832395638957757,-0.8068737827527108,1.0638120569246137,548.4730005264282,0.0
13,waypoint_12,0.0,0.4832395638957757,-0.8068737827527108,1.0638120569246137,560.4874491691589,0.0
14,waypoint_12,0.0,0.4832395638957757,-0.8068737827527108,1.0638120569246137,465.8055305480957,0.0
0,waypoint_12,-15.0,0.4832395638957757,-0.8068737827527108,1.0638120569246137,4417.933464050293,0.0
1,waypoint_12,-15.0,0.4832395638957757,-0.8068737827527108,1.0638120569246137,3264.6656036376953,0.0
2,waypoint_12,-15.0,0.4832395638957757,-0.8068737827527108,1.0638120569246137,2855.090856552124,0.0
3,waypoint_12,-15.0,0.4832395638957757,-0.8068737827527108,1.0638120569246137,1120.535135269165,0.0
4,waypoint_12,-15.0,0.4832395638957757,-0.8068737827527108,1.0638120569246137,1184.700846672058,0.0
5,waypoint_12,-15.0,0.4832395638957757,-0.8068737827527108,1.0638120569246137,2198.2367038726807,0.0
6,waypoint_12,-15.0,0.4832395638957757,-0.8068737827527108,1.0638120569246137,1355.615496635437,0.0
7,waypoint_12,-15.0,0.4832395638957757,-0.8068737827527108,1.0638120569246137,1450.9319067001343,0.0
8,waypoint_12,-15.0,0.4832395638957757,-0.8068737827527108,1.0638120569246137,565.3136372566223,0.0
9,waypoint_12,-15.0,0.4832395638957757,-0.8068737827527108,1.0638120569246137,543.5888171195984,0.0
10,waypoint_12,-15.0,0.4832395638957757,-0.8068737827527108,1.0638120569246137,479.90384697914124,0.0
11,waypoint_12,-15.0,0.4832395638957757,-0.8068737827527108,1.0638120569246137,462.8921151161194,0.0
12,waypoint_12,-15.0,0.4832395638957757,-0.8068737827527108,1.0638120569246137,536.8830561637878,0.0
13,waypoint_12,-15.0,0.4832395638957757,-0.8068737827527108,1.0638120569246137,547.3399758338928,0.0
14,waypoint_12,-15.0,0.4832395638957757,-0.8068737827527108,1.0638120569246137,438.9258027076721,0.0
0,waypoint_12,-30.0,0.4832395638957757,-0.8068737827527108,1.0638120569246137,4435.935497283936,0.0
1,waypoint_12,-30.0,0.4832395638957757,-0.8068737827527108,1.0638120569246137,3265.8026218414307,0.0
2,waypoint_12,-30.0,0.4832395638957757,-0.8068737827527108,1.0638120569246137,2870.133638381958,0.0
3,waypoint_12,-30.0,0.4832395638957757,-0.8068737827527108,1.0638120569246137,1006.245493888855,0.0
4,waypoint_12,-30.0,0.4832395638957757,-0.8068737827527108,1.0638120569246137,1186.3734722137451,0.0
5,waypoint_12,-30.0,0.4832395638957757,-0.8068737827527108,1.0638120569246137,2230.656147003174,0.0
6,waypoint_12,-30.0,0.4832395638957757,-0.8068737827527108,1.0638120569246137,1296.8683242797852,0.0
7,waypoint_12,-30.0,0.4832395638957757,-0.8068737827527108,1.0638120569246137,1412.1583700180054,0.0
8,waypoint_12,-30.0,0.4832395638957757,-0.8068737827527108,1.0638120569246137,563.9252662658691,0.0
9,waypoint_12,-30.0,0.4832395638957757,-0.8068737827527108,1.0638120569246137,542.1043634414673,0.0
10,waypoint_12,-30.0,0.4832395638957757,-0.8068737827527108,1.0638120569246137,478.7551462650299,0.0
11,waypoint_12,-30.0,0.4832395638957757,-0.8068737827527108,1.0638120569246137,464.2096161842346,0.0
12,waypoint_12,-30.0,0.4832395638957757,-0.8068737827527108,1.0638120569246137,534.0572595596313,0.0
13,waypoint_12,-30.0,0.4832395638957757,-0.8068737827527108,1.0638120569246137,555.3739070892334,0.0
14,waypoint_12,-30.0,0.4832395638957757,-0.8068737827527108,1.0638120569246137,421.95260524749756,0.0
0,waypoint_13,-30.0,0.5032395638957755,-0.8068737827527108,1.0638120569246137,4444.526672363281,0.0
1,waypoint_13,-30.0,0.5032395638957755,-0.8068737827527108,1.0638120569246137,3268.1050300598145,0.0
2,waypoint_13,-30.0,0.5032395638957755,-0.8068737827527108,1.0638120569246137,2884.016752243042,0.0
3,waypoint_13,-30.0,0.5032395638957755,-0.8068737827527108,1.0638120569246137,994.1886067390442,0.0
4,waypoint_13,-30.0,0.5032395638957755,-0.8068737827527108,1.0638120569246137,1167.7073240280151,0.0
5,waypoint_13,-30.0,0.5032395638957755,-0.8068737827527108,1.0638120569246137,2228.0189990997314,0.0
6,waypoint_13,-30.0,0.5032395638957755,-0.8068737827527108,1.0638120569246137,1336.0671997070312,0.0
7,waypoint_13,-30.0,0.5032395638957755,-0.8068737827527108,1.0638120569246137,1297.1370220184326,0.0
8,waypoint_13,-30.0,0.5032395638957755,-0.8068737827527108,1.0638120569246137,581.769585609436,0.0
9,waypoint_13,-30.0,0.5032395638957755,-0.8068737827527108,1.0638120569246137,559.0085983276367,0.0
10,waypoint_13,-30.0,0.5032395638957755,-0.8068737827527108,1.0638120569246137,495.2721893787384,0.0
11,waypoint_13,-30.0,0.5032395638957755,-0.8068737827527108,1.0638120569246137,469.8096513748169,0.0
12,waypoint_13,-30.0,0.5032395638957755,-0.8068737827527108,1.0638120569246137,539.756715297699,0.0
13,waypoint_13,-30.0,0.5032395638957755,-0.8068737827527108,1.0638120569246137,560.3271722793579,0.0
14,waypoint_13,-30.0,0.5032395638957755,-0.8068737827527108,1.0638120569246137,428.2864034175873,0.0
0,waypoint_13,-15.0,0.5032395638957755,-0.8068737827527108,1.0638120569246137,4447.358131408691,0.0
1,waypoint_13,-15.0,0.5032395638957755,-0.8068737827527108,1.0638120569246137,3266.8139934539795,0.0
2,waypoint_13,-15.0,0.5032395638957755,-0.8068737827527108,1.0638120569246137,2810.352325439453,0.0
3,waypoint_13,-15.0,0.5032395638957755,-0.8068737827527108,1.0638120569246137,1112.5456094741821,0.0
4,waypoint_13,-15.0,0.5032395638957755,-0.8068737827527108,1.0638120569246137,1167.6931381225586,0.0
5,waypoint_13,-15.0,0.5032395638957755,-0.8068737827527108,1.0638120569246137,2195.241689682007,0.0
6,waypoint_13,-15.0,0.5032395638957755,-0.8068737827527108,1.0638120569246137,1519.2941427230835,0.0
7,waypoint_13,-15.0,0.5032395638957755,-0.8068737827527108,1.0638120569246137,1362.2270822525024,0.0
8,waypoint_13,-15.0,0.5032395638957755,-0.8068737827527108,1.0638120569246137,581.8322896957397,0.0
9,waypoint_13,-15.0,0.5032395638957755,-0.8068737827527108,1.0638120569246137,558.9763522148132,0.0
10,waypoint_13,-15.0,0.5032395638957755,-0.8068737827527108,1.0638120569246137,495.3089952468872,0.0
11,waypoint_13,-15.0,0.5032395638957755,-0.8068737827527108,1.0638120569246137,475.41746497154236,0.0
12,waypoint_13,-15.0,0.5032395638957755,-0.8068737827527108,1.0638120569246137,517.5840854644775,0.0
13,waypoint_13,-15.0,0.5032395638957755,-0.8068737827527108,1.0638120569246137,553.4160733222961,0.0
14,waypoint_13,-15.0,0.5032395638957755,-0.8068737827527108,1.0638120569246137,437.9509389400482,0.0
0,waypoint_13,0.0,0.5032395638957755,-0.8068737827527108,1.0638120569246137,4471.517086029053,0.0
1,waypoint_13,0.0,0.5032395638957755,-0.8068737827527108,1.0638120569246137,3267.8611278533936,0.0
2,waypoint_13,0.0,0.5032395638957755,-0.8068737827527108,1.0638120569246137,2915.821313858032,0.0
3,waypoint_13,0.0,0.5032395638957755,-0.8068737827527108,1.0638120569246137,1114.5596504211426,0.0
4,waypoint_13,0.0,0.5032395638957755,-0.8068737827527108,1.0638120569246137,1168.899655342102,0.0
5,waypoint_13,0.0,0.5032395638957755,-0.8068737827527108,1.0638120569246137,2127.0430088043213,0.0
6,waypoint_13,0.0,0.5032395638957755,-0.8068737827527108,1.0638120569246137,1354.509711265564,0.0
7,waypoint_13,0.0,0.5032395638957755,-0.8068737827527108,1.0638120569246137,1376.2768507003784,0.0
8,waypoint_13,0.0,0.5032395638957755,-0.8068737827527108,1.0638120569246137,582.1700096130371,0.0
9,waypoint_13,0.0,0.5032395638957755,-0.8068737827527108,1.0638120569246137,559.331476688385,0.0
10,waypoint_13,0.0,0.5032395638957755,-0.8068737827527108,1.0638120569246137,495.6606924533844,0.0
11,waypoint_13,0.0,0.5032395638957755,-0.8068737827527108,1.0638120569246137,472.1617102622986,0.0
12,waypoint_13,0.0,0.5032395638957755,-0.8068737827527108,1.0638120569246137,521.7567682266235,0.0
13,waypoint_13,0.0,0.5032395638957755,-0.8068737827527108,1.0638120569246137,568.7601566314697,0.0
14,waypoint_13,0.0,0.5032395638957755,-0.8068737827527108,1.0638120569246137,481.10949993133545,0.0
0,waypoint_13,15.0,0.5032395638957755,-0.8068737827527108,1.0638120569246137,4419.315814971924,0.0
1,waypoint_13,15.0,0.5032395638957755,-0.8068737827527108,1.0638120569246137,3270.4343795776367,0.0
2,waypoint_13,15.0,0.5032395638957755,-0.8068737827527108,1.0638120569246137,2931.0660362243652,0.0
3,waypoint_13,15.0,0.5032395638957755,-0.8068737827527108,1.0638120569246137,1135.2051496505737,0.0
4,waypoint_13,15.0,0.5032395638957755,-0.8068737827527108,1.0638120569246137,1168.9084768295288,0.0
5,waypoint_13,15.0,0.5032395638957755,-0.8068737827527108,1.0638120569246137,1589.9622440338135,0.0
6,waypoint_13,15.0,0.5032395638957755,-0.8068737827527108,1.0638120569246137,1350.0739336013794,0.0
7,waypoint_13,15.0,0.5032395638957755,-0.8068737827527108,1.0638120569246137,1388.2524967193604,0.0
8,waypoint_13,15.0,0.5032395638957755,-0.8068737827527108,1.0638120569246137,587.4342322349548,0.0
9,waypoint_13,15.0,0.5032395638957755,-0.8068737827527108,1.0638120569246137,564.9725794792175,0.0
10,waypoint_13,15.0,0.5032395638957755,-0.8068737827527108,1.0638120569246137,487.5648617744446,0.0
11,waypoint_13,15.0,0.5032395638957755,-0.8068737827527108,1.0638120569246137,469.59906816482544,0.0
12,waypoint_13,15.0,0.5032395638957755,-0.8068737827527108,1.0638120569246137,566.5683150291443,0.0
13,waypoint_13,15.0,0.5032395638957755,-0.8068737827527108,1.0638120569246137,562.7334713935852,0.0
14,waypoint_13,15.0,0.5032395638957755,-0.8068737827527108,1.0638120569246137,462.8395736217499,0.0
0,waypoint_13,30.0,0.5032395638957755,-0.8068737827527108,1.0638120569246137,4430.231094360352,0.0
1,waypoint_13,30.0,0.5032395638957755,-0.8068737827527108,1.0638120569246137,3273.6165523529053,0.0
2,waypoint_13,30.0,0.5032395638957755,-0.8068737827527108,1.0638120569246137,2911.0841751098633,0.0
3,waypoint_13,30.0,0.5032395638957755,-0.8068737827527108,1.0638120569246137,1166.1334037780762,0.0
4,waypoint_13,30.0,0.5032395638957755,-0.8068737827527108,1.0638120569246137,1175.508737564087,0.0
5,waypoint_13,30.0,0.5032395638957755,-0.8068737827527108,1.0638120569246137,1664.8603677749634,0.0
6,waypoint_13,30.0,0.5032395638957755,-0.8068737827527108,1.0638120569246137,1397.8075981140137,0.0
7,waypoint_13,30.0,0.5032395638957755,-0.8068737827527108,1.0638120569246137,1249.891757965088,0.0
8,waypoint_13,30.0,0.5032395638957755,-0.8068737827527108,1.0638120569246137,580.3266167640686,0.0
9,waypoint_13,30.0,0.5032395638957755,-0.8068737827527108,1.0638120569246137,551.9848465919495,0.0
10,waypoint_13,30.0,0.5032395638957755,-0.8068737827527108,1.0638120569246137,471.28230333328247,0.0
11,waypoint_13,30.0,0.5032395638957755,-0.8068737827527108,1.0638120569246137,465.86641669273376,0.0
12,waypoint_13,30.0,0.5032395638957755,-0.8068737827527108,1.0638120569246137,606.6062450408936,0.0
13,waypoint_13,30.0,0.5032395638957755,-0.8068737827527108,1.0638120569246137,590.2798175811768,0.0
14,waypoint_13,30.0,0.5032395638957755,-0.8068737827527108,1.0638120569246137,537.120521068573,0.0
0,waypoint_14,30.0,0.5232395638957761,-0.8068737827527108,1.0638120569246137,4500.6842613220215,0.0
1,waypoint_14,30.0,0.5232395638957761,-0.8068737827527108,1.0638120569246137,3275.604248046875,0.0
2,waypoint_14,30.0,0.5232395638957761,-0.8068737827527108,1.0638120569246137,2993.668794631958,0.0
3,waypoint_14,30.0,0.5232395638957761,-0.8068737827527108,1.0638120569246137,1128.386378288269,0.0
4,waypoint_14,30.0,0.5232395638957761,-0.8068737827527108,1.0638120569246137,1156.977653503418,0.0
5,waypoint_14,30.0,0.5232395638957761,-0.8068737827527108,1.0638120569246137,1658.475399017334,0.0
6,waypoint_14,30.0,0.5232395638957761,-0.8068737827527108,1.0638120569246137,1266.599416732788,0.0
7,waypoint_14,30.0,0.5232395638957761,-0.8068737827527108,1.0638120569246137,1237.4565601348877,0.0
8,waypoint_14,30.0,0.5232395638957761,-0.8068737827527108,1.0638120569246137,599.4518995285034,0.0
9,waypoint_14,30.0,0.5232395638957761,-0.8068737827527108,1.0638120569246137,570.4896450042725,0.0
10,waypoint_14,30.0,0.5232395638957761,-0.8068737827527108,1.0638120569246137,489.15302753448486,0.0
11,waypoint_14,30.0,0.5232395638957761,-0.8068737827527108,1.0638120569246137,467.37390756607056,0.0
12,waypoint_14,30.0,0.5232395638957761,-0.8068737827527108,1.0638120569246137,570.3490376472473,0.0
13,waypoint_14,30.0,0.5232395638957761,-0.8068737827527108,1.0638120569246137,635.0101828575134,0.0
14,waypoint_14,30.0,0.5232395638957761,-0.8068737827527108,1.0638120569246137,519.022524356842,0.0
0,waypoint_14,15.0,0.5232395638957761,-0.8068737827527108,1.0638120569246137,4508.913516998291,0.0
1,waypoint_14,15.0,0.5232395638957761,-0.8068737827527108,1.0638120569246137,3272.4714279174805,0.0
2,waypoint_14,15.0,0.5232395638957761,-0.8068737827527108,1.0638120569246137,2975.6884574890137,0.0
3,waypoint_14,15.0,0.5232395638957761,-0.8068737827527108,1.0638120569246137,1179.225206375122,0.0
4,waypoint_14,15.0,0.5232395638957761,-0.8068737827527108,1.0638120569246137,1157.9980850219727,0.0
5,waypoint_14,15.0,0.5232395638957761,-0.8068737827527108,1.0638120569246137,1583.7717056274414,0.0
6,waypoint_14,15.0,0.5232395638957761,-0.8068737827527108,1.0638120569246137,1327.049732208252,0.0
7,waypoint_14,15.0,0.5232395638957761,-0.8068737827527108,1.0638120569246137,1210.5542421340942,0.0
8,waypoint_14,15.0,0.5232395638957761,-0.8068737827527108,1.0638120569246137,606.5026521682739,0.0
9,waypoint_14,15.0,0.5232395638957761,-0.8068737827527108,1.0638120569246137,582.9500555992126,0.0
10,waypoint_14,15.0,0.5232395638957761,-0.8068737827527108,1.0638120569246137,504.9344301223755,0.0
11,waypoint_14,15.0,0.5232395638957761,-0.8068737827527108,1.0638120569246137,458.2725465297699,0.0
12,waypoint_14,15.0,0.5232395638957761,-0.8068737827527108,1.0638120569246137,586.5048170089722,0.0
13,waypoint_14,15.0,0.5232395638957761,-0.8068737827527108,1.0638120569246137,616.457998752594,0.0
14,waypoint_14,15.0,0.5232395638957761,-0.8068737827527108,1.0638120569246137,494.86881494522095,0.0
0,waypoint_14,0.0,0.5232395638957761,-0.8068737827527108,1.0638120569246137,4488.962173461914,0.0
1,waypoint_14,0.0,0.5232395638957761,-0.8068737827527108,1.0638120569246137,3269.9880599975586,0.0
2,waypoint_14,0.0,0.5232395638957761,-0.8068737827527108,1.0638120569246137,2945.728540420532,0.0
3,waypoint_14,0.0,0.5232395638957761,-0.8068737827527108,1.0638120569246137,1141.7187452316284,0.0
4,waypoint_14,0.0,0.5232395638957761,-0.8068737827527108,1.0638120569246137,1160.5015993118286,0.0
5,waypoint_14,0.0,0.5232395638957761,-0.8068737827527108,1.0638120569246137,1969.8398113250732,0.0
6,waypoint_14,0.0,0.5232395638957761,-0.8068737827527108,1.0638120569246137,1316.449761390686,0.0
7,waypoint_14,0.0,0.5232395638957761,-0.8068737827527108,1.0638120569246137,1157.3679447174072,0.0
8,waypoint_14,0.0,0.5232395638957761,-0.8068737827527108,1.0638120569246137,600.0238656997681,0.0
9,waypoint_14,0.0,0.5232395638957761,-0.8068737827527108,1.0638120569246137,574.7391581535339,0.0
10,waypoint_14,0.0,0.5232395638957761,-0.8068737827527108,1.0638120569246137,508.7568759918213,0.0
11,waypoint_14,0.0,0.5232395638957761,-0.8068737827527108,1.0638120569246137,459.6213400363922,0.0
12,waypoint_14,0.0,0.5232395638957761,-0.8068737827527108,1.0638120569246137,571.849524974823,0.0
13,waypoint_14,0.0,0.5232395638957761,-0.8068737827527108,1.0638120569246137,574.3905901908875,0.0
14,waypoint_14,0.0,0.5232395638957761,-0.8068737827527108,1.0638120569246137,492.000013589859,0.0
0,waypoint_14,-15.0,0.5232395638957761,-0.8068737827527108,1.0638120569246137,4422.647953033447,0.0
1,waypoint_14,-15.0,0.5232395638957761,-0.8068737827527108,1.0638120569246137,3269.0749168395996,0.0
2,waypoint_14,-15.0,0.5232395638957761,-0.8068737827527108,1.0638120569246137,2887.3558044433594,0.0
3,waypoint_14,-15.0,0.5232395638957761,-0.8068737827527108,1.0638120569246137,1102.8714179992676,0.0
4,waypoint_14,-15.0,0.5232395638957761,-0.8068737827527108,1.0638120569246137,1164.686918258667,0.0
5,waypoint_14,-15.0,0.5232395638957761,-0.8068737827527108,1.0638120569246137,2193.803310394287,0.0
6,waypoint_14,-15.0,0.5232395638957761,-0.8068737827527108,1.0638120569246137,1319.836139678955,0.0
7,waypoint_14,-15.0,0.5232395638957761,-0.8068737827527108,1.0638120569246137,1391.7438983917236,0.0
8,waypoint_14,-15.0,0.5232395638957761,-0.8068737827527108,1.0638120569246137,598.9553332328796,0.0
9,waypoint_14,-15.0,0.5232395638957761,-0.8068737827527108,1.0638120569246137,572.0508694648743,0.0
10,waypoint_14,-15.0,0.5232395638957761,-0.8068737827527108,1.0638120569246137,508.1964135169983,0.0
11,waypoint_14,-15.0,0.5232395638957761,-0.8068737827527108,1.0638120569246137,442.47356057167053,0.0
12,waypoint_14,-15.0,0.5232395638957761,-0.8068737827527108,1.0638120569246137,548.6410856246948,0.0
13,waypoint_14,-15.0,0.5232395638957761,-0.8068737827527108,1.0638120569246137,560.2389574050903,0.0
14,waypoint_14,-15.0,0.5232395638957761,-0.8068737827527108,1.0638120569246137,450.6935775279999,0.0
0,waypoint_14,-30.0,0.5232395638957761,-0.8068737827527108,1.0638120569246137,4442.0485496521,0.0
1,waypoint_14,-30.0,0.5232395638957761,-0.8068737827527108,1.0638120569246137,3270.5235481262207,0.0
2,waypoint_14,-30.0,0.5232395638957761,-0.8068737827527108,1.0638120569246137,2819.8463916778564,0.0
3,waypoint_14,-30.0,0.5232395638957761,-0.8068737827527108,1.0638120569246137,963.655948638916,0.0
4,waypoint_14,-30.0,0.5232395638957761,-0.8068737827527108,1.0638120569246137,1061.1951351165771,0.0
5,waypoint_14,-30.0,0.5232395638957761,-0.8068737827527108,1.0638120569246137,2225.752592086792,0.0
6,waypoint_14,-30.0,0.5232395638957761,-0.8068737827527108,1.0638120569246137,1252.3372173309326,0.0
7,waypoint_14,-30.0,0.5232395638957761,-0.8068737827527108,1.0638120569246137,1290.9197807312012,0.0
8,waypoint_14,-30.0,0.5232395638957761,-0.8068737827527108,1.0638120569246137,597.4615216255188,0.0
9,waypoint_14,-30.0,0.5232395638957761,-0.8068737827527108,1.0638120569246137,569.8553919792175,0.0
10,waypoint_14,-30.0,0.5232395638957761,-0.8068737827527108,1.0638120569246137,506.47270679473877,0.0
11,waypoint_14,-30.0,0.5232395638957761,-0.8068737827527108,1.0638120569246137,414.64459896087646,0.0
12,waypoint_14,-30.0,0.5232395638957761,-0.8068737827527108,1.0638120569246137,551.9535541534424,0.0
13,waypoint_14,-30.0,0.5232395638957761,-0.8068737827527108,1.0638120569246137,566.7922496795654,0.0
14,waypoint_14,-30.0,0.5232395638957761,-0.8068737827527108,1.0638120569246137,461.9591534137726,0.0
0,waypoint_15,-30.0,0.5432395638957757,-0.8068737827527108,1.0638120569246137,4449.314594268799,0.0
1,waypoint_15,-30.0,0.5432395638957757,-0.8068737827527108,1.0638120569246137,3273.0460166931152,0.0
2,waypoint_15,-30.0,0.5432395638957757,-0.8068737827527108,1.0638120569246137,2816.4637088775635,0.0
3,waypoint_15,-30.0,0.5432395638957757,-0.8068737827527108,1.0638120569246137,946.5802907943726,0.0
4,waypoint_15,-30.0,0.5432395638957757,-0.8068737827527108,1.0638120569246137,1046.7793941497803,0.0
5,waypoint_15,-30.0,0.5432395638957757,-0.8068737827527108,1.0638120569246137,2223.4654426574707,0.0
6,waypoint_15,-30.0,0.5432395638957757,-0.8068737827527108,1.0638120569246137,1172.996997833252,0.0
7,waypoint_15,-30.0,0.5432395638957757,-0.8068737827527108,1.0638120569246137,1454.7876119613647,0.0
8,waypoint_15,-30.0,0.5432395638957757,-0.8068737827527108,1.0638120569246137,615.5752539634705,0.0
9,waypoint_15,-30.0,0.5432395638957757,-0.8068737827527108,1.0638120569246137,587.1325135231018,0.0
10,waypoint_15,-30.0,0.5432395638957757,-0.8068737827527108,1.0638120569246137,523.4678983688354,0.0
11,waypoint_15,-30.0,0.5432395638957757,-0.8068737827527108,1.0638120569246137,424.7596561908722,0.0
12,waypoint_15,-30.0,0.5432395638957757,-0.8068737827527108,1.0638120569246137,560.8730912208557,0.0
13,waypoint_15,-30.0,0.5432395638957757,-0.8068737827527108,1.0638120569246137,557.2304129600525,0.0
14,waypoint_15,-30.0,0.5432395638957757,-0.8068737827527108,1.0638120569246137,477.23373770713806,0.0
0,waypoint_15,-15.0,0.5432395638957757,-0.8068737827527108,1.0638120569246137,4493.441581726074,0.0
1,waypoint_15,-15.0,0.5432395638957757,-0.8068737827527108,1.0638120569246137,3271.448850631714,0.0
2,waypoint_15,-15.0,0.5432395638957757,-0.8068737827527108,1.0638120569246137,2803.905487060547,0.0
3,waypoint_15,-15.0,0.5432395638957757,-0.8068737827527108,1.0638120569246137,1084.486961364746,0.0
4,waypoint_15,-15.0,0.5432395638957757,-0.8068737827527108,1.0638120569246137,1035.626769065857,0.0
5,waypoint_15,-15.0,0.5432395638957757,-0.8068737827527108,1.0638120569246137,2191.359043121338,0.0
6,waypoint_15,-15.0,0.5432395638957757,-0.8068737827527108,1.0638120569246137,1237.6463413238525,0.0
7,waypoint_15,-15.0,0.5432395638957757,-0.8068737827527108,1.0638120569246137,1348.7963676452637,0.0
8,waypoint_15,-15.0,0.5432395638957757,-0.8068737827527108,1.0638120569246137,615.5893206596375,0.0
9,waypoint_15,-15.0,0.5432395638957757,-0.8068737827527108,1.0638120569246137,587.5985026359558,0.0
10,waypoint_15,-15.0,0.5432395638957757,-0.8068737827527108,1.0638120569246137,523.5036015510559,0.0
11,waypoint_15,-15.0,0.5432395638957757,-0.8068737827527108,1.0638120569246137,438.4234547615051,0.0
12,waypoint_15,-15.0,0.5432395638957757,-0.8068737827527108,1.0638120569246137,547.875702381134,0.0
13,waypoint_15,-15.0,0.5432395638957757,-0.8068737827527108,1.0638120569246137,562.6745223999023,0.0
14,waypoint_15,-15.0,0.5432395638957757,-0.8068737827527108,1.0638120569246137,470.0425863265991,0.0
0,waypoint_15,0.0,0.5432395638957757,-0.8068737827527108,1.0638120569246137,4479.392528533936,0.0
1,waypoint_15,0.0,0.5432395638957757,-0.8068737827527108,1.0638120569246137,3272.2301483154297,0.0
2,waypoint_15,0.0,0.5432395638957757,-0.8068737827527108,1.0638120569246137,2942.2342777252197,0.0
3,waypoint_15,0.0,0.5432395638957757,-0.8068737827527108,1.0638120569246137,1132.1979761123657,0.0
4,waypoint_15,0.0,0.5432395638957757,-0.8068737827527108,1.0638120569246137,1045.153260231018,0.0
5,waypoint_15,0.0,0.5432395638957757,-0.8068737827527108,1.0638120569246137,2123.431921005249,0.0
6,waypoint_15,0.0,0.5432395638957757,-0.8068737827527108,1.0638120569246137,1329.4671773910522,0.0
7,waypoint_15,0.0,0.5432395638957757,-0.8068737827527108,1.0638120569246137,1192.5585269927979,0.0
8,waypoint_15,0.0,0.5432395638957757,-0.8068737827527108,1.0638120569246137,615.9358620643616,0.0
9,waypoint_15,0.0,0.5432395638957757,-0.8068737827527108,1.0638120569246137,588.1873965263367,0.0
10,waypoint_15,0.0,0.5432395638957757,-0.8068737827527108,1.0638120569246137,523.8232016563416,0.0
11,waypoint_15,0.0,0.5432395638957757,-0.8068737827527108,1.0638120569246137,467.13605523109436,0.0
12,waypoint_15,0.0,0.5432395638957757,-0.8068737827527108,1.0638120569246137,487.35344409942627,0.0
13,waypoint_15,0.0,0.5432395638957757,-0.8068737827527108,1.0638120569246137,537.219226360321,0.0
14,waypoint_15,0.0,0.5432395638957757,-0.8068737827527108,1.0638120569246137,503.77899408340454,0.0
0,waypoint_15,15.0,0.5432395638957757,-0.8068737827527108,1.0638120569246137,4492.959022521973,0.0
1,waypoint_15,15.0,0.5432395638957757,-0.8068737827527108,1.0638120569246137,3274.618625640869,0.0
2,waypoint_15,15.0,0.5432395638957757,-0.8068737827527108,1.0638120569246137,2913.1088256835938,0.0
3,waypoint_15,15.0,0.5432395638957757,-0.8068737827527108,1.0638120569246137,1144.602656364441,0.0
4,waypoint_15,15.0,0.5432395638957757,-0.8068737827527108,1.0638120569246137,1069.3024396896362,0.0
5,waypoint_15,15.0,0.5432395638957757,-0.8068737827527108,1.0638120569246137,1577.7664184570312,0.0
6,waypoint_15,15.0,0.5432395638957757,-0.8068737827527108,1.0638120569246137,1359.8145246505737,0.0
7,waypoint_15,15.0,0.5432395638957757,-0.8068737827527108,1.0638120569246137,1166.867971420288,0.0
8,waypoint_15,15.0,0.5432395638957757,-0.8068737827527108,1.0638120569246137,625.6248354911804,0.0
9,waypoint_15,15.0,0.5432395638957757,-0.8068737827527108,1.0638120569246137,601.1160612106323,0.0
10,waypoint_15,15.0,0.5432395638957757,-0.8068737827527108,1.0638120569246137,522.6384401321411,0.0
11,waypoint_15,15.0,0.5432395638957757,-0.8068737827527108,1.0638120569246137,479.27504777908325,0.0
12,waypoint_15,15.0,0.5432395638957757,-0.8068737827527108,1.0638120569246137,498.4689950942993,0.0
13,waypoint_15,15.0,0.5432395638957757,-0.8068737827527108,1.0638120569246137,600.5858182907104,0.0
14,waypoint_15,15.0,0.5432395638957757,-0.8068737827527108,1.0638120569246137,508.5991621017456,0.0
0,waypoint_15,30.0,0.5432395638957757,-0.8068737827527108,1.0638120569246137,4536.454677581787,0.0
1,waypoint_15,30.0,0.5432395638957757,-0.8068737827527108,1.0638120569246137,3277.6970863342285,0.0
2,waypoint_15,30.0,0.5432395638957757,-0.8068737827527108,1.0638120569246137,2892.1022415161133,0.0
3,waypoint_15,30.0,0.5432395638957757,-0.8068737827527108,1.0638120569246137,1125.4693269729614,0.0
4,waypoint_15,30.0,0.5432395638957757,-0.8068737827527108,1.0638120569246137,1034.4748497009277,0.0
5,waypoint_15,30.0,0.5432395638957757,-0.8068737827527108,1.0638120569246137,1652.258038520813,0.0
6,waypoint_15,30.0,0.5432395638957757,-0.8068737827527108,1.0638120569246137,1355.517029762268,0.0
7,waypoint_15,30.0,0.5432395638957757,-0.8068737827527108,1.0638120569246137,1056.2450885772705,0.0
8,waypoint_15,30.0,0.5432395638957757,-0.8068737827527108,1.0638120569246137,619.663655757904,0.0
9,waypoint_15,30.0,0.5432395638957757,-0.8068737827527108,1.0638120569246137,589.0483260154724,0.0
10,waypoint_15,30.0,0.5432395638957757,-0.8068737827527108,1.0638120569246137,507.22360610961914,0.0
11,waypoint_15,30.0,0.5432395638957757,-0.8068737827527108,1.0638120569246137,468.5651957988739,0.0
12,waypoint_15,30.0,0.5432395638957757,-0.8068737827527108,1.0638120569246137,496.55404686927795,0.0
13,waypoint_15,30.0,0.5432395638957757,-0.8068737827527108,1.0638120569246137,617.0519590377808,0.0
14,waypoint_15,30.0,0.5432395638957757,-0.8068737827527108,1.0638120569246137,557.9060912132263,0.0
0,waypoint_16,30.0,0.5632395638957752,-0.8068737827527108,1.0638120569246137,4485.001564025879,0.0
1,waypoint_16,30.0,0.5632395638957752,-0.8068737827527108,1.0638120569246137,3279.895067214966,0.0
2,waypoint_16,30.0,0.5632395638957752,-0.8068737827527108,1.0638120569246137,2893.8703536987305,0.0
3,waypoint_16,30.0,0.5632395638957752,-0.8068737827527108,1.0638120569246137,1118.9775466918945,0.0
4,waypoint_16,30.0,0.5632395638957752,-0.8068737827527108,1.0638120569246137,1063.112735748291,0.0
5,waypoint_16,30.0,0.5632395638957752,-0.8068737827527108,1.0638120569246137,1646.2048292160034,0.0
6,waypoint_16,30.0,0.5632395638957752,-0.8068737827527108,1.0638120569246137,1350.456953048706,0.0
7,waypoint_16,30.0,0.5632395638957752,-0.8068737827527108,1.0638120569246137,1186.5102052688599,0.0
8,waypoint_16,30.0,0.5632395638957752,-0.8068737827527108,1.0638120569246137,639.1734480857849,0.0
9,waypoint_16,30.0,0.5632395638957752,-0.8068737827527108,1.0638120569246137,607.9851388931274,0.0
10,waypoint_16,30.0,0.5632395638957752,-0.8068737827527108,1.0638120569246137,525.7477760314941,0.0
11,waypoint_16,30.0,0.5632395638957752,-0.8068737827527108,1.0638120569246137,485.3895306587219,0.0
12,waypoint_16,30.0,0.5632395638957752,-0.8068737827527108,1.0638120569246137,473.9779531955719,0.0
13,waypoint_16,30.0,0.5632395638957752,-0.8068737827527108,1.0638120569246137,528.40256690979,0.0
14,waypoint_16,30.0,0.5632395638957752,-0.8068737827527108,1.0638120569246137,566.4820075035095,0.0
0,waypoint_16,15.0,0.5632395638957752,-0.8068737827527108,1.0638120569246137,4545.750617980957,0.0
1,waypoint_16,15.0,0.5632395638957752,-0.8068737827527108,1.0638120569246137,3276.869535446167,0.0
2,waypoint_16,15.0,0.5632395638957752,-0.8068737827527108,1.0638120569246137,2915.8451557159424,0.0
3,waypoint_16,15.0,0.5632395638957752,-0.8068737827527108,1.0638120569246137,1151.3841152191162,0.0
4,waypoint_16,15.0,0.5632395638957752,-0.8068737827527108,1.0638120569246137,1063.4443759918213,0.0
5,waypoint_16,15.0,0.5632395638957752,-0.8068737827527108,1.0638120569246137,1571.9294548034668,0.0
6,waypoint_16,15.0,0.5632395638957752,-0.8068737827527108,1.0638120569246137,1308.4957599639893,0.0
7,waypoint_16,15.0,0.5632395638957752,-0.8068737827527108,1.0638120569246137,1278.5724401474,0.0
8,waypoint_16,15.0,0.5632395638957752,-0.8068737827527108,1.0638120569246137,644.8268294334412,0.0
9,waypoint_16,15.0,0.5632395638957752,-0.8068737827527108,1.0638120569246137,623.0052709579468,0.0
10,waypoint_16,15.0,0.5632395638957752,-0.8068737827527108,1.0638120569246137,540.6237244606018,0.0
11,waypoint_16,15.0,0.5632395638957752,-0.8068737827527108,1.0638120569246137,496.15657329559326,0.0
12,waypoint_16,15.0,0.5632395638957752,-0.8068737827527108,1.0638120569246137,478.130578994751,0.0
13,waypoint_16,15.0,0.5632395638957752,-0.8068737827527108,1.0638120569246137,528.0813574790955,0.0
14,waypoint_16,15.0,0.5632395638957752,-0.8068737827527108,1.0638120569246137,527.4209380149841,0.0
0,waypoint_16,0.0,0.5632395638957752,-0.8068737827527108,1.0638120569246137,4488.025665283203,0.0
1,waypoint_16,0.0,0.5632395638957752,-0.8068737827527108,1.0638120569246137,3274.578332901001,0.0
2,waypoint_16,0.0,0.5632395638957752,-0.8068737827527108,1.0638120569246137,2919.471025466919,0.0
3,waypoint_16,0.0,0.5632395638957752,-0.8068737827527108,1.0638120569246137,1111.114263534546,0.0
4,waypoint_16,0.0,0.5632395638957752,-0.8068737827527108,1.0638120569246137,1064.641833305359,0.0
5,waypoint_16,0.0,0.5632395638957752,-0.8068737827527108,1.0638120569246137,1595.622181892395,0.0
6,waypoint_16,0.0,0.5632395638957752,-0.8068737827527108,1.0638120569246137,1298.6860275268555,0.0
7,waypoint_16,0.0,0.5632395638957752,-0.8068737827527108,1.0638120569246137,1312.1005296707153,0.0
8,waypoint_16,0.0,0.5632395638957752,-0.8068737827527108,1.0638120569246137,634.8795294761658,0.0
9,waypoint_16,0.0,0.5632395638957752,-0.8068737827527108,1.0638120569246137,609.4371676445007,0.0
10,waypoint_16,0.0,0.5632395638957752,-0.8068737827527108,1.0638120569246137,541.4901375770569,0.0
11,waypoint_16,0.0,0.5632395638957752,-0.8068737827527108,1.0638120569246137,464.7059738636017,0.0
12,waypoint_16,0.0,0.5632395638957752,-0.8068737827527108,1.0638120569246137,463.87675404548645,0.0
13,waypoint_16,0.0,0.5632395638957752,-0.8068737827527108,1.0638120569246137,512.317955493927,0.0
14,waypoint_16,0.0,0.5632395638957752,-0.8068737827527108,1.0638120569246137,521.152675151825,0.0
0,waypoint_16,-15.0,0.5632395638957752,-0.8068737827527108,1.0638120569246137,4463.68932723999,0.0
1,waypoint_16,-15.0,0.5632395638957752,-0.8068737827527108,1.0638120569246137,3273.9272117614746,0.0
2,waypoint_16,-15.0,0.5632395638957752,-0.8068737827527108,1.0638120569246137,2818.1943893432617,0.0
3,waypoint_16,-15.0,0.5632395638957752,-0.8068737827527108,1.0638120569246137,1103.2416820526123,0.0
4,waypoint_16,-15.0,0.5632395638957752,-0.8068737827527108,1.0638120569246137,1009.1824531555176,0.0
5,waypoint_16,-15.0,0.5632395638957752,-0.8068737827527108,1.0638120569246137,2189.971685409546,0.0
6,waypoint_16,-15.0,0.5632395638957752,-0.8068737827527108,1.0638120569246137,1171.576976776123,0.0
7,waypoint_16,-15.0,0.5632395638957752,-0.8068737827527108,1.0638120569246137,1396.4533805847168,0.0
8,waypoint_16,-15.0,0.5632395638957752,-0.8068737827527108,1.0638120569246137,633.6654424667358,0.0
9,waypoint_16,-15.0,0.5632395638957752,-0.8068737827527108,1.0638120569246137,608.1506609916687,0.0
10,waypoint_16,-15.0,0.5632395638957752,-0.8068737827527108,1.0638120569246137,540.5494570732117,0.0
11,waypoint_16,-15.0,0.5632395638957752,-0.8068737827527108,1.0638120569246137,446.0539519786835,0.0
12,waypoint_16,-15.0,0.5632395638957752,-0.8068737827527108,1.0638120569246137,452.3812234401703,0.0
13,waypoint_16,-15.0,0.5632395638957752,-0.8068737827527108,1.0638120569246137,506.0868263244629,0.0
14,waypoint_16,-15.0,0.5632395638957752,-0.8068737827527108,1.0638120569246137,502.1522045135498,0.0
0,waypoint_16,-30.0,0.5632395638957752,-0.8068737827527108,1.0638120569246137,4469.910144805908,0.0
1,waypoint_16,-30.0,0.5632395638957752,-0.8068737827527108,1.0638120569246137,3275.686025619507,0.0
2,waypoint_16,-30.0,0.5632395638957752,-0.8068737827527108,1.0638120569246137,2809.0789318084717,0.0
3,waypoint_16,-30.0,0.5632395638957752,-0.8068737827527108,1.0638120569246137,952.8886079788208,0.0
4,waypoint_16,-30.0,0.5632395638957752,-0.8068737827527108,1.0638120569246137,1001.5274286270142,0.0
5,waypoint_16,-30.0,0.5632395638957752,-0.8068737827527108,1.0638120569246137,2220.4196453094482,0.0
6,waypoint_16,-30.0,0.5632395638957752,-0.8068737827527108,1.0638120569246137,1117.2510385513306,0.0
7,waypoint_16,-30.0,0.5632395638957752,-0.8068737827527108,1.0638120569246137,1250.8987188339233,0.0
8,waypoint_16,-30.0,0.5632395638957752,-0.8068737827527108,1.0638120569246137,632.7267289161682,0.0
9,waypoint_16,-30.0,0.5632395638957752,-0.8068737827527108,1.0638120569246137,607.2131991386414,0.0
10,waypoint_16,-30.0,0.5632395638957752,-0.8068737827527108,1.0638120569246137,539.2066836357117,0.0
11,waypoint_16,-30.0,0.5632395638957752,-0.8068737827527108,1.0638120569246137,415.5164361000061,0.0
12,waypoint_16,-30.0,0.5632395638957752,-0.8068737827527108,1.0638120569246137,451.4099955558777,0.0
13,waypoint_16,-30.0,0.5632395638957752,-0.8068737827527108,1.0638120569246137,467.3207402229309,0.0
14,waypoint_16,-30.0,0.5632395638957752,-0.8068737827527108,1.0638120569246137,515.1439309120178,0.0
0,waypoint_17,-30.0,0.5832395638957755,-0.8068737827527108,1.0638120569246137,4479.012012481689,0.0
1,waypoint_17,-30.0,0.5832395638957755,-0.8068737827527108,1.0638120569246137,3278.437852859497,0.0
2,waypoint_17,-30.0,0.5832395638957755,-0.8068737827527108,1.0638120569246137,2784.538984298706,0.0
3,waypoint_17,-30.0,0.5832395638957755,-0.8068737827527108,1.0638120569246137,925.0237345695496,0.0
4,waypoint_17,-30.0,0.5832395638957755,-0.8068737827527108,1.0638120569246137,995.9390163421631,0.0
5,waypoint_17,-30.0,0.5832395638957755,-0.8068737827527108,1.0638120569246137,2218.5845375061035,0.0
6,waypoint_17,-30.0,0.5832395638957755,-0.8068737827527108,1.0638120569246137,1096.2046384811401,0.0
7,waypoint_17,-30.0,0.5832395638957755,-0.8068737827527108,1.0638120569246137,1270.6350088119507,0.0
8,waypoint_17,-30.0,0.5832395638957755,-0.8068737827527108,1.0638120569246137,651.0326266288757,0.0
9,waypoint_17,-30.0,0.5832395638957755,-0.8068737827527108,1.0638120569246137,621.749758720398,0.0
10,waypoint_17,-30.0,0.5832395638957755,-0.8068737827527108,1.0638120569246137,556.5979480743408,0.0
11,waypoint_17,-30.0,0.5832395638957755,-0.8068737827527108,1.0638120569246137,426.4785945415497,0.0
12,waypoint_17,-30.0,0.5832395638957755,-0.8068737827527108,1.0638120569246137,459.81526374816895,0.0
13,waypoint_17,-30.0,0.5832395638957755,-0.8068737827527108,1.0638120569246137,473.0522632598877,0.0
14,waypoint_17,-30.0,0.5832395638957755,-0.8068737827527108,1.0638120569246137,524.1206288337708,0.0
0,waypoint_17,-15.0,0.5832395638957755,-0.8068737827527108,1.0638120569246137,4499.050140380859,0.0
1,waypoint_17,-15.0,0.5832395638957755,-0.8068737827527108,1.0638120569246137,3276.5183448791504,0.0
2,waypoint_17,-15.0,0.5832395638957755,-0.8068737827527108,1.0638120569246137,2889.598846435547,0.0
3,waypoint_17,-15.0,0.5832395638957755,-0.8068737827527108,1.0638120569246137,1096.2798595428467,0.0
4,waypoint_17,-15.0,0.5832395638957755,-0.8068737827527108,1.0638120569246137,980.732262134552,0.0
5,waypoint_17,-15.0,0.5832395638957755,-0.8068737827527108,1.0638120569246137,2188.307762145996,0.0
6,waypoint_17,-15.0,0.5832395638957755,-0.8068737827527108,1.0638120569246137,1207.2453498840332,0.0
7,waypoint_17,-15.0,0.5832395638957755,-0.8068737827527108,1.0638120569246137,1627.7284622192383,0.0
8,waypoint_17,-15.0,0.5832395638957755,-0.8068737827527108,1.0638120569246137,650.9445309638977,0.0
9,waypoint_17,-15.0,0.5832395638957755,-0.8068737827527108,1.0638120569246137,622.1107244491577,0.0
10,waypoint_17,-15.0,0.5832395638957755,-0.8068737827527108,1.0638120569246137,556.5652251243591,0.0
11,waypoint_17,-15.0,0.5832395638957755,-0.8068737827527108,1.0638120569246137,440.2163326740265,0.0
12,waypoint_17,-15.0,0.5832395638957755,-0.8068737827527108,1.0638120569246137,466.53395891189575,0.0
13,waypoint_17,-15.0,0.5832395638957755,-0.8068737827527108,1.0638120569246137,514.4140720367432,0.0
14,waypoint_17,-15.0,0.5832395638957755,-0.8068737827527108,1.0638120569246137,517.6226496696472,0.0
0,waypoint_17,0.0,0.5832395638957755,-0.8068737827527108,1.0638120569246137,4486.403465270996,0.0
1,waypoint_17,0.0,0.5832395638957755,-0.8068737827527108,1.0638120569246137,3277.0285606384277,0.0
2,waypoint_17,0.0,0.5832395638957755,-0.8068737827527108,1.0638120569246137,2957.1425914764404,0.0
3,waypoint_17,0.0,0.5832395638957755,-0.8068737827527108,1.0638120569246137,1146.9478607177734,0.0
4,waypoint_17,0.0,0.5832395638957755,-0.8068737827527108,1.0638120569246137,1006.7399740219116,0.0
5,waypoint_17,0.0,0.5832395638957755,-0.8068737827527108,1.0638120569246137,2121.567726135254,0.0
6,waypoint_17,0.0,0.5832395638957755,-0.8068737827527108,1.0638120569246137,1252.7045011520386,0.0
7,waypoint_17,0.0,0.5832395638957755,-0.8068737827527108,1.0638120569246137,1349.3281602859497,0.0
8,waypoint_17,0.0,0.5832395638957755,-0.8068737827527108,1.0638120569246137,651.276707649231,0.0
9,waypoint_17,0.0,0.5832395638957755,-0.8068737827527108,1.0638120569246137,622.7161884307861,0.0
10,waypoint_17,0.0,0.5832395638957755,-0.8068737827527108,1.0638120569246137,556.8742752075195,0.0
11,waypoint_17,0.0,0.5832395638957755,-0.8068737827527108,1.0638120569246137,474.46179389953613,0.0
12,waypoint_17,0.0,0.5832395638957755,-0.8068737827527108,1.0638120569246137,466.9104516506195,0.0
13,waypoint_17,0.0,0.5832395638957755,-0.8068737827527108,1.0638120569246137,532.8774452209473,0.0
14,waypoint_17,0.0,0.5832395638957755,-0.8068737827527108,1.0638120569246137,527.5522470474243,0.0
0,waypoint_17,15.0,0.5832395638957755,-0.8068737827527108,1.0638120569246137,4554.152011871338,0.0
1,waypoint_17,15.0,0.5832395638957755,-0.8068737827527108,1.0638120569246137,3279.2258262634277,0.0
2,waypoint_17,15.0,0.5832395638957755,-0.8068737827527108,1.0638120569246137,2902.324438095093,0.0
3,waypoint_17,15.0,0.5832395638957755,-0.8068737827527108,1.0638120569246137,1133.9211463928223,0.0
4,waypoint_17,15.0,0.5832395638957755,-0.8068737827527108,1.0638120569246137,1022.3331451416016,0.0
5,waypoint_17,15.0,0.5832395638957755,-0.8068737827527108,1.0638120569246137,1566.2782192230225,0.0
6,waypoint_17,15.0,0.5832395638957755,-0.8068737827527108,1.0638120569246137,1283.9491367340088,0.0
7,waypoint_17,15.0,0.5832395638957755,-0.8068737827527108,1.0638120569246137,1196.5352296829224,0.0
8,waypoint_17,15.0,0.5832395638957755,-0.8068737827527108,1.0638120569246137,664.3019318580627,0.0
9,waypoint_17,15.0,0.5832395638957755,-0.8068737827527108,1.0638120569246137,639.3902897834778,0.0
10,waypoint_17,15.0,0.5832395638957755,-0.8068737827527108,1.0638120569246137,558.7238073348999,0.0
11,waypoint_17,15.0,0.5832395638957755,-0.8068737827527108,1.0638120569246137,490.77242612838745,0.0
12,waypoint_17,15.0,0.5832395638957755,-0.8068737827527108,1.0638120569246137,464.0420377254486,0.0
13,waypoint_17,15.0,0.5832395638957755,-0.8068737827527108,1.0638120569246137,501.99973583221436,0.0
14,waypoint_17,15.0,0.5832395638957755,-0.8068737827527108,1.0638120569246137,519.6865200996399,0.0
0,waypoint_17,30.0,0.5832395638957755,-0.8068737827527108,1.0638120569246137,4489.834308624268,0.0
1,waypoint_17,30.0,0.5832395638957755,-0.8068737827527108,1.0638120569246137,3282.184839248657,0.0
2,waypoint_17,30.0,0.5832395638957755,-0.8068737827527108,1.0638120569246137,2873.934030532837,0.0
3,waypoint_17,30.0,0.5832395638957755,-0.8068737827527108,1.0638120569246137,1099.379539489746,0.0
4,waypoint_17,30.0,0.5832395638957755,-0.8068737827527108,1.0638120569246137,1029.465675354004,0.0
5,waypoint_17,30.0,0.5832395638957755,-0.8068737827527108,1.0638120569246137,1640.3493881225586,0.0
6,waypoint_17,30.0,0.5832395638957755,-0.8068737827527108,1.0638120569246137,1278.7553071975708,0.0
7,waypoint_17,30.0,0.5832395638957755,-0.8068737827527108,1.0638120569246137,1171.994924545288,0.0
8,waypoint_17,30.0,0.5832395638957755,-0.8068737827527108,1.0638120569246137,659.813404083252,0.0
9,waypoint_17,30.0,0.5832395638957755,-0.8068737827527108,1.0638120569246137,627.0796060562134,0.0
10,waypoint_17,30.0,0.5832395638957755,-0.8068737827527108,1.0638120569246137,544.3231463432312,0.0
11,waypoint_17,30.0,0.5832395638957755,-0.8068737827527108,1.0638120569246137,477.40837931632996,0.0
12,waypoint_17,30.0,0.5832395638957755,-0.8068737827527108,1.0638120569246137,460.8343839645386,0.0
13,waypoint_17,30.0,0.5832395638957755,-0.8068737827527108,1.0638120569246137,497.9098439216614,0.0
14,waypoint_17,30.0,0.5832395638957755,-0.8068737827527108,1.0638120569246137,557.1635961532593,0.0
0,waypoint_18,30.0,0.6032395638957753,-0.8068737827527108,1.0638120569246137,4565.219402313232,0.0
1,waypoint_18,30.0,0.6032395638957753,-0.8068737827527108,1.0638120569246137,3284.583568572998,0.0
2,waypoint_18,30.0,0.6032395638957753,-0.8068737827527108,1.0638120569246137,2849.8482704162598,0.0
3,waypoint_18,30.0,0.6032395638957753,-0.8068737827527108,1.0638120569246137,1074.5128393173218,0.0
4,waypoint_18,30.0,0.6032395638957753,-0.8068737827527108,1.0638120569246137,1010.8836889266968,0.0
5,waypoint_18,30.0,0.6032395638957753,-0.8068737827527108,1.0638120569246137,1634.6585750579834,0.0
6,waypoint_18,30.0,0.6032395638957753,-0.8068737827527108,1.0638120569246137,1288.561224937439,0.0
7,waypoint_18,30.0,0.6032395638957753,-0.8068737827527108,1.0638120569246137,1158.6956977844238,0.0
8,waypoint_18,30.0,0.6032395638957753,-0.8068737827527108,1.0638120569246137,679.4913411140442,0.0
9,waypoint_18,30.0,0.6032395638957753,-0.8068737827527108,1.0638120569246137,646.3173627853394,0.0
10,waypoint_18,30.0,0.6032395638957753,-0.8068737827527108,1.0638120569246137,563.3353590965271,0.0
11,waypoint_18,30.0,0.6032395638957753,-0.8068737827527108,1.0638120569246137,495.3901767730713,0.0
12,waypoint_18,30.0,0.6032395638957753,-0.8068737827527108,1.0638120569246137,471.6288447380066,0.0
13,waypoint_18,30.0,0.6032395638957753,-0.8068737827527108,1.0638120569246137,481.8064868450165,0.0
14,waypoint_18,30.0,0.6032395638957753,-0.8068737827527108,1.0638120569246137,586.6896510124207,0.0
0,waypoint_18,15.0,0.6032395638957753,-0.8068737827527108,1.0638120569246137,4578.243732452393,0.0
1,waypoint_18,15.0,0.6032395638957753,-0.8068737827527108,1.0638120569246137,3281.681537628174,0.0
2,waypoint_18,15.0,0.6032395638957753,-0.8068737827527108,1.0638120569246137,2837.0206356048584,0.0
3,waypoint_18,15.0,0.6032395638957753,-0.8068737827527108,1.0638120569246137,1106.6207885742188,0.0
4,waypoint_18,15.0,0.6032395638957753,-0.8068737827527108,1.0638120569246137,1011.1196041107178,0.0
5,waypoint_18,15.0,0.6032395638957753,-0.8068737827527108,1.0638120569246137,1560.8118772506714,0.0
6,waypoint_18,15.0,0.6032395638957753,-0.8068737827527108,1.0638120569246137,1235.6897592544556,0.0
7,waypoint_18,15.0,0.6032395638957753,-0.8068737827527108,1.0638120569246137,1264.3930912017822,0.0
8,waypoint_18,15.0,0.6032395638957753,-0.8068737827527108,1.0638120569246137,683.6272478103638,0.0
9,waypoint_18,15.0,0.6032395638957753,-0.8068737827527108,1.0638120569246137,656.9986939430237,0.0
10,waypoint_18,15.0,0.6032395638957753,-0.8068737827527108,1.0638120569246137,577.2314667701721,0.0
11,waypoint_18,15.0,0.6032395638957753,-0.8068737827527108,1.0638120569246137,508.67050886154175,0.0
12,waypoint_18,15.0,0.6032395638957753,-0.8068737827527108,1.0638120569246137,463.995486497879,0.0
13,waypoint_18,15.0,0.6032395638957753,-0.8068737827527108,1.0638120569246137,485.4549169540405,0.0
14,waypoint_18,15.0,0.6032395638957753,-0.8068737827527108,1.0638120569246137,563.9128088951111,0.0
0,waypoint_18,0.0,0.6032395638957753,-0.8068737827527108,1.0638120569246137,4520.40433883667,0.0
1,waypoint_18,0.0,0.6032395638957753,-0.8068737827527108,1.0638120569246137,3279.5934677124023,0.0
2,waypoint_18,0.0,0.6032395638957753,-0.8068737827527108,1.0638120569246137,2935.4803562164307,0.0
3,waypoint_18,0.0,0.6032395638957753,-0.8068737827527108,1.0638120569246137,1102.3447513580322,0.0
4,waypoint_18,0.0,0.6032395638957753,-0.8068737827527108,1.0638120569246137,1011.6286277770996,0.0
5,waypoint_18,0.0,0.6032395638957753,-0.8068737827527108,1.0638120569246137,2054.549217224121,0.0
6,waypoint_18,0.0,0.6032395638957753,-0.8068737827527108,1.0638120569246137,1256.7883729934692,0.0
7,waypoint_18,0.0,0.6032395638957753,-0.8068737827527108,1.0638120569246137,1272.6932764053345,0.0
8,waypoint_18,0.0,0.6032395638957753,-0.8068737827527108,1.0638120569246137,667.2918200492859,0.0
9,waypoint_18,0.0,0.6032395638957753,-0.8068737827527108,1.0638120569246137,642.8229212760925,0.0
10,waypoint_18,0.0,0.6032395638957753,-0.8068737827527108,1.0638120569246137,572.5115537643433,0.0
11,waypoint_18,0.0,0.6032395638957753,-0.8068737827527108,1.0638120569246137,478.15245389938354,0.0
12,waypoint_18,0.0,0.6032395638957753,-0.8068737827527108,1.0638120569246137,462.3440206050873,0.0
13,waypoint_18,0.0,0.6032395638957753,-0.8068737827527108,1.0638120569246137,505.01203536987305,0.0
14,waypoint_18,0.0,0.6032395638957753,-0.8068737827527108,1.0638120569246137,537.8013849258423,0.0
0,waypoint_18,-15.0,0.6032395638957753,-0.8068737827527108,1.0638120569246137,4560.280799865723,0.0
1,waypoint_18,-15.0,0.6032395638957753,-0.8068737827527108,1.0638120569246137,3279.2186737060547,0.0
2,waypoint_18,-15.0,0.6032395638957753,-0.8068737827527108,1.0638120569246137,2813.1186962127686,0.0
3,waypoint_18,-15.0,0.6032395638957753,-0.8068737827527108,1.0638120569246137,1051.4044761657715,0.0
4,waypoint_18,-15.0,0.6032395638957753,-0.8068737827527108,1.0638120569246137,1011.0299587249756,0.0
5,waypoint_18,-15.0,0.6032395638957753,-0.8068737827527108,1.0638120569246137,2187.134265899658,0.0
6,waypoint_18,-15.0,0.6032395638957753,-0.8068737827527108,1.0638120569246137,1186.2976551055908,0.0
7,waypoint_18,-15.0,0.6032395638957753,-0.8068737827527108,1.0638120569246137,1363.998532295227,0.0
8,waypoint_18,-15.0,0.6032395638957753,-0.8068737827527108,1.0638120569246137,666.4316058158875,0.0
9,waypoint_18,-15.0,0.6032395638957753,-0.8068737827527108,1.0638120569246137,641.5306329727173,0.0
10,waypoint_18,-15.0,0.6032395638957753,-0.8068737827527108,1.0638120569246137,571.4819431304932,0.0
11,waypoint_18,-15.0,0.6032395638957753,-0.8068737827527108,1.0638120569246137,458.0875337123871,0.0
12,waypoint_18,-15.0,0.6032395638957753,-0.8068737827527108,1.0638120569246137,443.4768557548523,0.0
13,waypoint_18,-15.0,0.6032395638957753,-0.8068737827527108,1.0638120569246137,507.32898712158203,0.0
14,waypoint_18,-15.0,0.6032395638957753,-0.8068737827527108,1.0638120569246137,522.3423838615417,0.0
0,waypoint_18,-30.0,0.6032395638957753,-0.8068737827527108,1.0638120569246137,4517.951965332031,0.0
1,waypoint_18,-30.0,0.6032395638957753,-0.8068737827527108,1.0638120569246137,3281.2981605529785,0.0
2,waypoint_18,-30.0,0.6032395638957753,-0.8068737827527108,1.0638120569246137,2785.914421081543,0.0
3,waypoint_18,-30.0,0.6032395638957753,-0.8068737827527108,1.0638120569246137,916.890561580658,0.0
4,waypoint_18,-30.0,0.6032395638957753,-0.8068737827527108,1.0638120569246137,1010.1892948150635,0.0
5,waypoint_18,-30.0,0.6032395638957753,-0.8068737827527108,1.0638120569246137,2218.104362487793,0.0
6,waypoint_18,-30.0,0.6032395638957753,-0.8068737827527108,1.0638120569246137,1271.491289138794,0.0
7,waypoint_18,-30.0,0.6032395638957753,-0.8068737827527108,1.0638120569246137,1253.5403966903687,0.0
8,waypoint_18,-30.0,0.6032395638957753,-0.8068737827527108,1.0638120569246137,665.4269695281982,0.0
9,waypoint_18,-30.0,0.6032395638957753,-0.8068737827527108,1.0638120569246137,639.901876449585,0.0
10,waypoint_18,-30.0,0.6032395638957753,-0.8068737827527108,1.0638120569246137,570.0913667678833,0.0
11,waypoint_18,-30.0,0.6032395638957753,-0.8068737827527108,1.0638120569246137,418.2592034339905,0.0
12,waypoint_18,-30.0,0.6032395638957753,-0.8068737827527108,1.0638120569246137,415.45653343200684,0.0
13,waypoint_18,-30.0,0.6032395638957753,-0.8068737827527108,1.0638120569246137,502.3362636566162,0.0
14,waypoint_18,-30.0,0.6032395638957753,-0.8068737827527108,1.0638120569246137,524.9874591827393,0.0
0,waypoint_19,-30.0,0.6232395638957755,-0.8068737827527108,1.0638120569246137,4529.743671417236,0.0
1,waypoint_19,-30.0,0.6232395638957755,-0.8068737827527108,1.0638120569246137,3284.276247024536,0.0
2,waypoint_19,-30.0,0.6232395638957755,-0.8068737827527108,1.0638120569246137,2769.8519229888916,0.0
3,waypoint_19,-30.0,0.6232395638957755,-0.8068737827527108,1.0638120569246137,912.2679829597473,0.0
4,waypoint_19,-30.0,0.6232395638957755,-0.8068737827527108,1.0638120569246137,991.9245839118958,0.0
5,waypoint_19,-30.0,0.6232395638957755,-0.8068737827527108,1.0638120569246137,2216.529607772827,0.0
6,waypoint_19,-30.0,0.6232395638957755,-0.8068737827527108,1.0638120569246137,1311.0603094100952,0.0
7,waypoint_19,-30.0,0.6232395638957755,-0.8068737827527108,1.0638120569246137,1245.766043663025,0.0
8,waypoint_19,-30.0,0.6232395638957755,-0.8068737827527108,1.0638120569246137,683.9340329170227,0.0
9,waypoint_19,-30.0,0.6232395638957755,-0.8068737827527108,1.0638120569246137,657.8328013420105,0.0
10,waypoint_19,-30.0,0.6232395638957755,-0.8068737827527108,1.0638120569246137,587.8216624259949,0.0
11,waypoint_19,-30.0,0.6232395638957755,-0.8068737827527108,1.0638120569246137,446.4767873287201,0.0
12,waypoint_19,-30.0,0.6232395638957755,-0.8068737827527108,1.0638120569246137,425.73532462120056,0.0
13,waypoint_19,-30.0,0.6232395638957755,-0.8068737827527108,1.0638120569246137,516.3605809211731,0.0
14,waypoint_19,-30.0,0.6232395638957755,-0.8068737827527108,1.0638120569246137,529.3045043945312,0.0
0,waypoint_19,-15.0,0.6232395638957755,-0.8068737827527108,1.0638120569246137,4571.114063262939,0.0
1,waypoint_19,-15.0,0.6232395638957755,-0.8068737827527108,1.0638120569246137,3282.02748298645,0.0
2,waypoint_19,-15.0,0.6232395638957755,-0.8068737827527108,1.0638120569246137,2732.574224472046,0.0
3,waypoint_19,-15.0,0.6232395638957755,-0.8068737827527108,1.0638120569246137,1026.5839099884033,0.0
4,waypoint_19,-15.0,0.6232395638957755,-0.8068737827527108,1.0638120569246137,991.9321537017822,0.0
5,waypoint_19,-15.0,0.6232395638957755,-0.8068737827527108,1.0638120569246137,2185.3787899017334,0.0
6,waypoint_19,-15.0,0.6232395638957755,-0.8068737827527108,1.0638120569246137,1406.9406986236572,0.0
7,waypoint_19,-15.0,0.6232395638957755,-0.8068737827527108,1.0638120569246137,1197.2335577011108,0.0
8,waypoint_19,-15.0,0.6232395638957755,-0.8068737827527108,1.0638120569246137,683.7629675865173,0.0
9,waypoint_19,-15.0,0.6232395638957755,-0.8068737827527108,1.0638120569246137,658.086359500885,0.0
10,waypoint_19,-15.0,0.6232395638957755,-0.8068737827527108,1.0638120569246137,587.7491235733032,0.0
11,waypoint_19,-15.0,0.6232395638957755,-0.8068737827527108,1.0638120569246137,458.9087963104248,0.0
12,waypoint_19,-15.0,0.6232395638957755,-0.8068737827527108,1.0638120569246137,439.48066234588623,0.0
13,waypoint_19,-15.0,0.6232395638957755,-0.8068737827527108,1.0638120569246137,517.7375078201294,0.0
14,waypoint_19,-15.0,0.6232395638957755,-0.8068737827527108,1.0638120569246137,528.8522839546204,0.0
0,waypoint_19,0.0,0.6232395638957755,-0.8068737827527108,1.0638120569246137,4587.405204772949,0.0
1,waypoint_19,0.0,0.6232395638957755,-0.8068737827527108,1.0638120569246137,3282.264471054077,0.0
2,waypoint_19,0.0,0.6232395638957755,-0.8068737827527108,1.0638120569246137,2862.090826034546,0.0
3,waypoint_19,0.0,0.6232395638957755,-0.8068737827527108,1.0638120569246137,1088.35768699646,0.0
4,waypoint_19,0.0,0.6232395638957755,-0.8068737827527108,1.0638120569246137,991.91814661026,0.0
5,waypoint_19,0.0,0.6232395638957755,-0.8068737827527108,1.0638120569246137,2120.164394378662,0.0
6,waypoint_19,0.0,0.6232395638957755,-0.8068737827527108,1.0638120569246137,1283.2046747207642,0.0
7,waypoint_19,0.0,0.6232395638957755,-0.8068737827527108,1.0638120569246137,1203.834056854248,0.0
8,waypoint_19,0.0,0.6232395638957755,-0.8068737827527108,1.0638120569246137,684.0859651565552,0.0
9,waypoint_19,0.0,0.6232395638957755,-0.8068737827527108,1.0638120569246137,658.4882140159607,0.0
10,waypoint_19,0.0,0.6232395638957755,-0.8068737827527108,1.0638120569246137,588.0556106567383,0.0
11,waypoint_19,0.0,0.6232395638957755,-0.8068737827527108,1.0638120569246137,512.5764608383179,0.0
12,waypoint_19,0.0,0.6232395638957755,-0.8068737827527108,1.0638120569246137,468.76728534698486,0.0
13,waypoint_19,0.0,0.6232395638957755,-0.8068737827527108,1.0638120569246137,519.5929408073425,0.0
14,waypoint_19,0.0,0.6232395638957755,-0.8068737827527108,1.0638120569246137,558.8154792785645,0.0
0,waypoint_19,15.0,0.6232395638957755,-0.8068737827527108,1.0638120569246137,4531.867980957031,0.0
1,waypoint_19,15.0,0.6232395638957755,-0.8068737827527108,1.0638120569246137,3284.245491027832,0.0
2,waypoint_19,15.0,0.6232395638957755,-0.8068737827527108,1.0638120569246137,2919.3544387817383,0.0
3,waypoint_19,15.0,0.6232395638957755,-0.8068737827527108,1.0638120569246137,1098.8272428512573,0.0
4,waypoint_19,15.0,0.6232395638957755,-0.8068737827527108,1.0638120569246137,991.3170337677002,0.0
5,waypoint_19,15.0,0.6232395638957755,-0.8068737827527108,1.0638120569246137,1555.5320978164673,0.0
6,waypoint_19,15.0,0.6232395638957755,-0.8068737827527108,1.0638120569246137,1266.2216424942017,0.0
7,waypoint_19,15.0,0.6232395638957755,-0.8068737827527108,1.0638120569246137,1152.2266864776611,0.0
8,waypoint_19,15.0,0.6232395638957755,-0.8068737827527108,1.0638120569246137,703.3423185348511,0.0
9,waypoint_19,15.0,0.6232395638957755,-0.8068737827527108,1.0638120569246137,674.6224164962769,0.0
10,waypoint_19,15.0,0.6232395638957755,-0.8068737827527108,1.0638120569246137,595.9896445274353,0.0
11,waypoint_19,15.0,0.6232395638957755,-0.8068737827527108,1.0638120569246137,518.7420845031738,0.0
12,waypoint_19,15.0,0.6232395638957755,-0.8068737827527108,1.0638120569246137,483.3409786224365,0.0
13,waypoint_19,15.0,0.6232395638957755,-0.8068737827527108,1.0638120569246137,500.09220838546753,0.0
14,waypoint_19,15.0,0.6232395638957755,-0.8068737827527108,1.0638120569246137,543.9720749855042,0.0
0,waypoint_19,30.0,0.6232395638957755,-0.8068737827527108,1.0638120569246137,4561.19966506958,0.0
1,waypoint_19,30.0,0.6232395638957755,-0.8068737827527108,1.0638120569246137,3287.0755195617676,0.0
2,waypoint_19,30.0,0.6232395638957755,-0.8068737827527108,1.0638120569246137,2855.4704189300537,0.0
3,waypoint_19,30.0,0.6232395638957755,-0.8068737827527108,1.0638120569246137,1076.2954950332642,0.0
4,waypoint_19,30.0,0.6232395638957755,-0.8068737827527108,1.0638120569246137,991.379976272583,0.0
5,waypoint_19,30.0,0.6232395638957755,-0.8068737827527108,1.0638120569246137,1629.165530204773,0.0
6,waypoint_19,30.0,0.6232395638957755,-0.8068737827527108,1.0638120569246137,1270.94566822052,0.0
7,waypoint_19,30.0,0.6232395638957755,-0.8068737827527108,1.0638120569246137,1143.3069705963135,0.0
8,waypoint_19,30.0,0.6232395638957755,-0.8068737827527108,1.0638120569246137,700.0111937522888,0.0
9,waypoint_19,30.0,0.6232395638957755,-0.8068737827527108,1.0638120569246137,665.9771203994751,0.0
10,waypoint_19,30.0,0.6232395638957755,-0.8068737827527108,1.0638120569246137,582.6529264450073,0.0
11,waypoint_19,30.0,0.6232395638957755,-0.8068737827527108,1.0638120569246137,503.4734010696411,0.0
12,waypoint_19,30.0,0.6232395638957755,-0.8068737827527108,1.0638120569246137,471.6534912586212,0.0
13,waypoint_19,30.0,0.6232395638957755,-0.8068737827527108,1.0638120569246137,488.637775182724,0.0
14,waypoint_19,30.0,0.6232395638957755,-0.8068737827527108,1.0638120569246137,600.9318828582764,0.0
0,waypoint_20,30.0,0.6432395638957753,-0.8068737827527108,1.0638120569246137,4593.629360198975,0.0
1,waypoint_20,30.0,0.6432395638957753,-0.8068737827527108,1.0638120569246137,3289.677381515503,0.0
2,waypoint_20,30.0,0.6432395638957753,-0.8068737827527108,1.0638120569246137,2867.84291267395,0.0
3,waypoint_20,30.0,0.6432395638957753,-0.8068737827527108,1.0638120569246137,1051.2397289276123,0.0
4,waypoint_20,30.0,0.6432395638957753,-0.8068737827527108,1.0638120569246137,973.2361435890198,0.0
5,waypoint_20,30.0,0.6432395638957753,-0.8068737827527108,1.0638120569246137,1623.8317489624023,0.0
6,waypoint_20,30.0,0.6432395638957753,-0.8068737827527108,1.0638120569246137,1266.4836645126343,0.0
7,waypoint_20,30.0,0.6432395638957753,-0.8068737827527108,1.0638120569246137,1111.697793006897,0.0
8,waypoint_20,30.0,0.6432395638957753,-0.8068737827527108,1.0638120569246137,719.9224233627319,0.0
9,waypoint_20,30.0,0.6432395638957753,-0.8068737827527108,1.0638120569246137,685.5595707893372,0.0
10,waypoint_20,30.0,0.6432395638957753,-0.8068737827527108,1.0638120569246137,602.0727753639221,0.0
11,waypoint_20,30.0,0.6432395638957753,-0.8068737827527108,1.0638120569246137,522.2046375274658,0.0
12,waypoint_20,30.0,0.6432395638957753,-0.8068737827527108,1.0638120569246137,488.75531554222107,0.0
13,waypoint_20,30.0,0.6432395638957753,-0.8068737827527108,1.0638120569246137,504.3029189109802,0.0
14,waypoint_20,30.0,0.6432395638957753,-0.8068737827527108,1.0638120569246137,605.3227186203003,0.0
0,waypoint_20,15.0,0.6432395638957753,-0.8068737827527108,1.0638120569246137,4592.183589935303,0.0
1,waypoint_20,15.0,0.6432395638957753,-0.8068737827527108,1.0638120569246137,3286.912441253662,0.0
2,waypoint_20,15.0,0.6432395638957753,-0.8068737827527108,1.0638120569246137,2904.1123390197754,0.0
3,waypoint_20,15.0,0.6432395638957753,-0.8068737827527108,1.0638120569246137,1073.9250183105469,0.0
4,waypoint_20,15.0,0.6432395638957753,-0.8068737827527108,1.0638120569246137,973.1289744377136,0.0
5,waypoint_20,15.0,0.6432395638957753,-0.8068737827527108,1.0638120569246137,1550.4131317138672,0.0
6,waypoint_20,15.0,0.6432395638957753,-0.8068737827527108,1.0638120569246137,1262.486457824707,0.0
7,waypoint_20,15.0,0.6432395638957753,-0.8068737827527108,1.0638120569246137,1057.3043823242188,0.0
8,waypoint_20,15.0,0.6432395638957753,-0.8068737827527108,1.0638120569246137,722.750723361969,0.0
9,waypoint_20,15.0,0.6432395638957753,-0.8068737827527108,1.0638120569246137,691.4313435554504,0.0
10,waypoint_20,15.0,0.6432395638957753,-0.8068737827527108,1.0638120569246137,614.8945689201355,0.0
11,waypoint_20,15.0,0.6432395638957753,-0.8068737827527108,1.0638120569246137,537.2165441513062,0.0
12,waypoint_20,15.0,0.6432395638957753,-0.8068737827527108,1.0638120569246137,499.9406039714813,0.0
13,waypoint_20,15.0,0.6432395638957753,-0.8068737827527108,1.0638120569246137,515.0870680809021,0.0
14,waypoint_20,15.0,0.6432395638957753,-0.8068737827527108,1.0638120569246137,597.5680351257324,0.0
0,waypoint_20,0.0,0.6432395638957753,-0.8068737827527108,1.0638120569246137,4601.819038391113,0.0
1,waypoint_20,0.0,0.6432395638957753,-0.8068737827527108,1.0638120569246137,3285.037040710449,0.0
2,waypoint_20,0.0,0.6432395638957753,-0.8068737827527108,1.0638120569246137,2915.9417152404785,0.0
3,waypoint_20,0.0,0.6432395638957753,-0.8068737827527108,1.0638120569246137,1117.6865100860596,0.0
4,waypoint_20,0.0,0.6432395638957753,-0.8068737827527108,1.0638120569246137,973.089873790741,0.0
5,waypoint_20,0.0,0.6432395638957753,-0.8068737827527108,1.0638120569246137,2059.692144393921,0.0
6,waypoint_20,0.0,0.6432395638957753,-0.8068737827527108,1.0638120569246137,1172.5268363952637,0.0
7,waypoint_20,0.0,0.6432395638957753,-0.8068737827527108,1.0638120569246137,1235.24010181427,0.0
8,waypoint_20,0.0,0.6432395638957753,-0.8068737827527108,1.0638120569246137,701.0523080825806,0.0
9,waypoint_20,0.0,0.6432395638957753,-0.8068737827527108,1.0638120569246137,677.0417094230652,0.0
10,waypoint_20,0.0,0.6432395638957753,-0.8068737827527108,1.0638120569246137,603.3024191856384,0.0
11,waypoint_20,0.0,0.6432395638957753,-0.8068737827527108,1.0638120569246137,539.2121076583862,0.0
12,waypoint_20,0.0,0.6432395638957753,-0.8068737827527108,1.0638120569246137,482.42247104644775,0.0
13,waypoint_20,0.0,0.6432395638957753,-0.8068737827527108,1.0638120569246137,517.7865028381348,0.0
14,waypoint_20,0.0,0.6432395638957753,-0.8068737827527108,1.0638120569246137,552.7777671813965,0.0
0,waypoint_20,-15.0,0.6432395638957753,-0.8068737827527108,1.0638120569246137,4539.9675369262695,0.0
1,waypoint_20,-15.0,0.6432395638957753,-0.8068737827527108,1.0638120569246137,3284.94930267334,0.0
2,waypoint_20,-15.0,0.6432395638957753,-0.8068737827527108,1.0638120569246137,2693.4146881103516,0.0
3,waypoint_20,-15.0,0.6432395638957753,-0.8068737827527108,1.0638120569246137,1031.5911769866943,0.0
4,waypoint_20,-15.0,0.6432395638957753,-0.8068737827527108,1.0638120569246137,972.5674390792847,0.0
5,waypoint_20,-15.0,0.6432395638957753,-0.8068737827527108,1.0638120569246137,2184.7572326660156,0.0
6,waypoint_20,-15.0,0.6432395638957753,-0.8068737827527108,1.0638120569246137,1154.4270515441895,0.0
7,waypoint_20,-15.0,0.6432395638957753,-0.8068737827527108,1.0638120569246137,1331.591010093689,0.0
8,waypoint_20,-15.0,0.6432395638957753,-0.8068737827527108,1.0638120569246137,700.8442878723145,0.0
9,waypoint_20,-15.0,0.6432395638957753,-0.8068737827527108,1.0638120569246137,676.1769652366638,0.0
10,waypoint_20,-15.0,0.6432395638957753,-0.8068737827527108,1.0638120569246137,602.6042699813843,0.0
11,waypoint_20,-15.0,0.6432395638957753,-0.8068737827527108,1.0638120569246137,538.4986996650696,0.0
12,waypoint_20,-15.0,0.6432395638957753,-0.8068737827527108,1.0638120569246137,481.94560408592224,0.0
13,waypoint_20,-15.0,0.6432395638957753,-0.8068737827527108,1.0638120569246137,515.4559016227722,0.0
14,waypoint_20,-15.0,0.6432395638957753,-0.8068737827527108,1.0638120569246137,541.0942435264587,0.0
0,waypoint_20,-30.0,0.6432395638957753,-0.8068737827527108,1.0638120569246137,4587.197780609131,0.0
1,waypoint_20,-30.0,0.6432395638957753,-0.8068737827527108,1.0638120569246137,3287.353038787842,0.0
2,waypoint_20,-30.0,0.6432395638957753,-0.8068737827527108,1.0638120569246137,2701.5936374664307,0.0
3,waypoint_20,-30.0,0.6432395638957753,-0.8068737827527108,1.0638120569246137,886.4395618438721,0.0
4,waypoint_20,-30.0,0.6432395638957753,-0.8068737827527108,1.0638120569246137,972.4884033203125,0.0
5,waypoint_20,-30.0,0.6432395638957753,-0.8068737827527108,1.0638120569246137,2215.3549194335938,0.0
6,waypoint_20,-30.0,0.6432395638957753,-0.8068737827527108,1.0638120569246137,1170.472264289856,0.0
7,waypoint_20,-30.0,0.6432395638957753,-0.8068737827527108,1.0638120569246137,1448.891520500183,0.0
8,waypoint_20,-30.0,0.6432395638957753,-0.8068737827527108,1.0638120569246137,700.0611424446106,0.0
9,waypoint_20,-30.0,0.6432395638957753,-0.8068737827527108,1.0638120569246137,674.7531294822693,0.0
10,waypoint_20,-30.0,0.6432395638957753,-0.8068737827527108,1.0638120569246137,601.1125445365906,0.0
11,waypoint_20,-30.0,0.6432395638957753,-0.8068737827527108,1.0638120569246137,537.5477075576782,0.0
12,waypoint_20,-30.0,0.6432395638957753,-0.8068737827527108,1.0638120569246137,479.62191700935364,0.0
13,waypoint_20,-30.0,0.6432395638957753,-0.8068737827527108,1.0638120569246137,511.5985870361328,0.0
14,waypoint_20,-30.0,0.6432395638957753,-0.8068737827527108,1.0638120569246137,535.2623462677002,0.0
0,waypoint_21,-30.0,0.46323956389577614,-0.7819241070227957,1.0638120569246137,4373.744487762451,0.0
1,waypoint_21,-30.0,0.46323956389577614,-0.7819241070227957,1.0638120569246137,3238.708019256592,0.0
2,waypoint_21,-30.0,0.46323956389577614,-0.7819241070227957,1.0638120569246137,2767.2455310821533,0.0
3,waypoint_21,-30.0,0.46323956389577614,-0.7819241070227957,1.0638120569246137,1008.278489112854,0.0
4,waypoint_21,-30.0,0.46323956389577614,-0.7819241070227957,1.0638120569246137,1131.5689086914062,0.0
5,waypoint_21,-30.0,0.46323956389577614,-0.7819241070227957,1.0638120569246137,2209.0494632720947,0.0
6,waypoint_21,-30.0,0.46323956389577614,-0.7819241070227957,1.0638120569246137,1242.7018880844116,0.0
7,waypoint_21,-30.0,0.46323956389577614,-0.7819241070227957,1.0638120569246137,1123.5721111297607,0.0
8,waypoint_21,-30.0,0.46323956389577614,-0.7819241070227957,1.0638120569246137,523.9582657814026,0.0
9,waypoint_21,-30.0,0.46323956389577614,-0.7819241070227957,1.0638120569246137,502.19303369522095,0.0
10,waypoint_21,-30.0,0.46323956389577614,-0.7819241070227957,1.0638120569246137,405.668705701828,0.0
11,waypoint_21,-30.0,0.46323956389577614,-0.7819241070227957,1.0638120569246137,393.6368525028229,0.0
12,waypoint_21,-30.0,0.46323956389577614,-0.7819241070227957,1.0638120569246137,329.77625727653503,0.0
13,waypoint_21,-30.0,0.46323956389577614,-0.7819241070227957,1.0638120569246137,383.6026191711426,0.0
14,waypoint_21,-30.0,0.46323956389577614,-0.7819241070227957,1.0638120569246137,407.908171415329,0.0
0,waypoint_21,-15.0,0.46323956389577614,-0.7819241070227957,1.0638120569246137,4412.328243255615,0.0
1,waypoint_21,-15.0,0.46323956389577614,-0.7819241070227957,1.0638120569246137,3237.853527069092,0.0
2,waypoint_21,-15.0,0.46323956389577614,-0.7819241070227957,1.0638120569246137,2793.1089401245117,0.0
3,waypoint_21,-15.0,0.46323956389577614,-0.7819241070227957,1.0638120569246137,1143.8575983047485,0.0
4,waypoint_21,-15.0,0.46323956389577614,-0.7819241070227957,1.0638120569246137,1130.9136152267456,0.0
5,waypoint_21,-15.0,0.46323956389577614,-0.7819241070227957,1.0638120569246137,2174.872636795044,0.0
6,waypoint_21,-15.0,0.46323956389577614,-0.7819241070227957,1.0638120569246137,1261.5402936935425,0.0
7,waypoint_21,-15.0,0.46323956389577614,-0.7819241070227957,1.0638120569246137,1215.1237726211548,0.0
8,waypoint_21,-15.0,0.46323956389577614,-0.7819241070227957,1.0638120569246137,523.9705443382263,0.0
9,waypoint_21,-15.0,0.46323956389577614,-0.7819241070227957,1.0638120569246137,502.52461433410645,0.0
10,waypoint_21,-15.0,0.46323956389577614,-0.7819241070227957,1.0638120569246137,432.20388889312744,0.0
11,waypoint_21,-15.0,0.46323956389577614,-0.7819241070227957,1.0638120569246137,402.7300775051117,0.0
12,waypoint_21,-15.0,0.46323956389577614,-0.7819241070227957,1.0638120569246137,425.0560402870178,0.0
13,waypoint_21,-15.0,0.46323956389577614,-0.7819241070227957,1.0638120569246137,406.15710616111755,0.0
14,waypoint_21,-15.0,0.46323956389577614,-0.7819241070227957,1.0638120569246137,408.7153375148773,0.0
0,waypoint_21,0.0,0.46323956389577614,-0.7819241070227957,1.0638120569246137,4420.684814453125,0.0
1,waypoint_21,0.0,0.46323956389577614,-0.7819241070227957,1.0638120569246137,3239.298105239868,0.0
2,waypoint_21,0.0,0.46323956389577614,-0.7819241070227957,1.0638120569246137,2904.878854751587,0.0
3,waypoint_21,0.0,0.46323956389577614,-0.7819241070227957,1.0638120569246137,1184.2427253723145,0.0
4,waypoint_21,0.0,0.46323956389577614,-0.7819241070227957,1.0638120569246137,1130.4808855056763,0.0
5,waypoint_21,0.0,0.46323956389577614,-0.7819241070227957,1.0638120569246137,2105.1793098449707,0.0
6,waypoint_21,0.0,0.46323956389577614,-0.7819241070227957,1.0638120569246137,1381.316065788269,0.0
7,waypoint_21,0.0,0.46323956389577614,-0.7819241070227957,1.0638120569246137,1371.619701385498,0.0
8,waypoint_21,0.0,0.46323956389577614,-0.7819241070227957,1.0638120569246137,524.1596698760986,0.0
9,waypoint_21,0.0,0.46323956389577614,-0.7819241070227957,1.0638120569246137,504.1884183883667,0.0
10,waypoint_21,0.0,0.46323956389577614,-0.7819241070227957,1.0638120569246137,447.09742069244385,0.0
11,waypoint_21,0.0,0.46323956389577614,-0.7819241070227957,1.0638120569246137,456.00903034210205,0.0
12,waypoint_21,0.0,0.46323956389577614,-0.7819241070227957,1.0638120569246137,492.8877353668213,0.0
13,waypoint_21,0.0,0.46323956389577614,-0.7819241070227957,1.0638120569246137,433.80939960479736,0.0
14,waypoint_21,0.0,0.46323956389577614,-0.7819241070227957,1.0638120569246137,428.61923575401306,0.0
0,waypoint_21,15.0,0.46323956389577614,-0.7819241070227957,1.0638120569246137,4443.921089172363,0.0
1,waypoint_21,15.0,0.46323956389577614,-0.7819241070227957,1.0638120569246137,3242.206335067749,0.0
2,waypoint_21,15.0,0.46323956389577614,-0.7819241070227957,1.0638120569246137,2968.50323677063,0.0
3,waypoint_21,15.0,0.46323956389577614,-0.7819241070227957,1.0638120569246137,1152.8064012527466,0.0
4,waypoint_21,15.0,0.46323956389577614,-0.7819241070227957,1.0638120569246137,1130.5139064788818,0.0
5,waypoint_21,15.0,0.46323956389577614,-0.7819241070227957,1.0638120569246137,1578.1090259552002,0.0
6,waypoint_21,15.0,0.46323956389577614,-0.7819241070227957,1.0638120569246137,1446.5739727020264,0.0
7,waypoint_21,15.0,0.46323956389577614,-0.7819241070227957,1.0638120569246137,1360.2521419525146,0.0
8,waypoint_21,15.0,0.46323956389577614,-0.7819241070227957,1.0638120569246137,543.3996915817261,0.0
9,waypoint_21,15.0,0.46323956389577614,-0.7819241070227957,1.0638120569246137,516.6168212890625,0.0
10,waypoint_21,15.0,0.46323956389577614,-0.7819241070227957,1.0638120569246137,451.04265213012695,0.0
11,waypoint_21,15.0,0.46323956389577614,-0.7819241070227957,1.0638120569246137,584.5574736595154,0.0
12,waypoint_21,15.0,0.46323956389577614,-0.7819241070227957,1.0638120569246137,537.2787714004517,0.0
13,waypoint_21,15.0,0.46323956389577614,-0.7819241070227957,1.0638120569246137,532.4789881706238,0.0
14,waypoint_21,15.0,0.46323956389577614,-0.7819241070227957,1.0638120569246137,426.80153250694275,0.0
0,waypoint_21,30.0,0.46323956389577614,-0.7819241070227957,1.0638120569246137,4441.488265991211,0.0
1,waypoint_21,30.0,0.46323956389577614,-0.7819241070227957,1.0638120569246137,3245.6178665161133,0.0
2,waypoint_21,30.0,0.46323956389577614,-0.7819241070227957,1.0638120569246137,2920.691967010498,0.0
3,waypoint_21,30.0,0.46323956389577614,-0.7819241070227957,1.0638120569246137,1152.3609161376953,0.0
4,waypoint_21,30.0,0.46323956389577614,-0.7819241070227957,1.0638120569246137,1130.5525302886963,0.0
5,waypoint_21,30.0,0.46323956389577614,-0.7819241070227957,1.0638120569246137,1658.5508584976196,0.0
6,waypoint_21,30.0,0.46323956389577614,-0.7819241070227957,1.0638120569246137,1446.5093612670898,0.0
7,waypoint_21,30.0,0.46323956389577614,-0.7819241070227957,1.0638120569246137,1251.0775327682495,0.0
8,waypoint_21,30.0,0.46323956389577614,-0.7819241070227957,1.0638120569246137,507.1394443511963,0.0
9,waypoint_21,30.0,0.46323956389577614,-0.7819241070227957,1.0638120569246137,503.1348466873169,0.0
10,waypoint_21,30.0,0.46323956389577614,-0.7819241070227957,1.0638120569246137,439.19655680656433,0.0
11,waypoint_21,30.0,0.46323956389577614,-0.7819241070227957,1.0638120569246137,581.0450911521912,0.0
12,waypoint_21,30.0,0.46323956389577614,-0.7819241070227957,1.0638120569246137,581.7607641220093,0.0
13,waypoint_21,30.0,0.46323956389577614,-0.7819241070227957,1.0638120569246137,583.8808417320251,0.0
14,waypoint_21,30.0,0.46323956389577614,-0.7819241070227957,1.0638120569246137,504.2538046836853,0.0
0,waypoint_22,30.0,0.4832395638957757,-0.7819241070227957,1.0638120569246137,4402.560234069824,0.0
1,waypoint_22,30.0,0.4832395638957757,-0.7819241070227957,1.0638120569246137,3247.4067211151123,0.0
2,waypoint_22,30.0,0.4832395638957757,-0.7819241070227957,1.0638120569246137,2982.5260639190674,0.0
3,waypoint_22,30.0,0.4832395638957757,-0.7819241070227957,1.0638120569246137,1126.7353296279907,0.0
4,waypoint_22,30.0,0.4832395638957757,-0.7819241070227957,1.0638120569246137,1111.8794679641724,0.0
5,waypoint_22,30.0,0.4832395638957757,-0.7819241070227957,1.0638120569246137,1651.7242193222046,0.0
6,waypoint_22,30.0,0.4832395638957757,-0.7819241070227957,1.0638120569246137,1370.492696762085,0.0
7,waypoint_22,30.0,0.4832395638957757,-0.7819241070227957,1.0638120569246137,1286.9789600372314,0.0
8,waypoint_22,30.0,0.4832395638957757,-0.7819241070227957,1.0638120569246137,513.8689279556274,0.0
9,waypoint_22,30.0,0.4832395638957757,-0.7819241070227957,1.0638120569246137,521.3853120803833,0.0
10,waypoint_22,30.0,0.4832395638957757,-0.7819241070227957,1.0638120569246137,456.25677704811096,0.0
11,waypoint_22,30.0,0.4832395638957757,-0.7819241070227957,1.0638120569246137,493.59533190727234,0.0
12,waypoint_22,30.0,0.4832395638957757,-0.7819241070227957,1.0638120569246137,572.0279216766357,0.0
13,waypoint_22,30.0,0.4832395638957757,-0.7819241070227957,1.0638120569246137,567.3627257347107,0.0
14,waypoint_22,30.0,0.4832395638957757,-0.7819241070227957,1.0638120569246137,501.24090909957886,0.0
0,waypoint_22,15.0,0.4832395638957757,-0.7819241070227957,1.0638120569246137,4427.786350250244,0.0
1,waypoint_22,15.0,0.4832395638957757,-0.7819241070227957,1.0638120569246137,3244.0364360809326,0.0
2,waypoint_22,15.0,0.4832395638957757,-0.7819241070227957,1.0638120569246137,2942.802667617798,0.0
3,waypoint_22,15.0,0.4832395638957757,-0.7819241070227957,1.0638120569246137,1125.3660917282104,0.0
4,waypoint_22,15.0,0.4832395638957757,-0.7819241070227957,1.0638120569246137,1111.7539405822754,0.0
5,waypoint_22,15.0,0.4832395638957757,-0.7819241070227957,1.0638120569246137,1571.4192390441895,0.0
6,waypoint_22,15.0,0.4832395638957757,-0.7819241070227957,1.0638120569246137,1351.0332107543945,0.0
7,waypoint_22,15.0,0.4832395638957757,-0.7819241070227957,1.0638120569246137,1296.0337400436401,0.0
8,waypoint_22,15.0,0.4832395638957757,-0.7819241070227957,1.0638120569246137,513.8717889785767,0.0
9,waypoint_22,15.0,0.4832395638957757,-0.7819241070227957,1.0638120569246137,534.4425439834595,0.0
10,waypoint_22,15.0,0.4832395638957757,-0.7819241070227957,1.0638120569246137,457.97911286354065,0.0
11,waypoint_22,15.0,0.4832395638957757,-0.7819241070227957,1.0638120569246137,493.73185634613037,0.0
12,waypoint_22,15.0,0.4832395638957757,-0.7819241070227957,1.0638120569246137,570.8317160606384,0.0
13,waypoint_22,15.0,0.4832395638957757,-0.7819241070227957,1.0638120569246137,568.796694278717,0.0
14,waypoint_22,15.0,0.4832395638957757,-0.7819241070227957,1.0638120569246137,454.74034547805786,0.0
0,waypoint_22,0.0,0.4832395638957757,-0.7819241070227957,1.0638120569246137,4450.3493309021,0.0
1,waypoint_22,0.0,0.4832395638957757,-0.7819241070227957,1.0638120569246137,3241.2164211273193,0.0
2,waypoint_22,0.0,0.4832395638957757,-0.7819241070227957,1.0638120569246137,2963.634967803955,0.0
3,waypoint_22,0.0,0.4832395638957757,-0.7819241070227957,1.0638120569246137,1152.0110368728638,0.0
4,waypoint_22,0.0,0.4832395638957757,-0.7819241070227957,1.0638120569246137,1111.5233898162842,0.0
5,waypoint_22,0.0,0.4832395638957757,-0.7819241070227957,1.0638120569246137,1927.6502132415771,0.0
6,waypoint_22,0.0,0.4832395638957757,-0.7819241070227957,1.0638120569246137,1317.750096321106,0.0
7,waypoint_22,0.0,0.4832395638957757,-0.7819241070227957,1.0638120569246137,1377.0930767059326,0.0
8,waypoint_22,0.0,0.4832395638957757,-0.7819241070227957,1.0638120569246137,490.5511438846588,0.0
9,waypoint_22,0.0,0.4832395638957757,-0.7819241070227957,1.0638120569246137,533.1113338470459,0.0
10,waypoint_22,0.0,0.4832395638957757,-0.7819241070227957,1.0638120569246137,443.7097907066345,0.0
11,waypoint_22,0.0,0.4832395638957757,-0.7819241070227957,1.0638120569246137,479.38767075538635,0.0
12,waypoint_22,0.0,0.4832395638957757,-0.7819241070227957,1.0638120569246137,542.7406430244446,0.0
13,waypoint_22,0.0,0.4832395638957757,-0.7819241070227957,1.0638120569246137,552.7659058570862,0.0
14,waypoint_22,0.0,0.4832395638957757,-0.7819241070227957,1.0638120569246137,446.63217663764954,0.0
0,waypoint_22,-15.0,0.4832395638957757,-0.7819241070227957,1.0638120569246137,4375.227451324463,0.0
1,waypoint_22,-15.0,0.4832395638957757,-0.7819241070227957,1.0638120569246137,3239.8924827575684,0.0
2,waypoint_22,-15.0,0.4832395638957757,-0.7819241070227957,1.0638120569246137,2792.219877243042,0.0
3,waypoint_22,-15.0,0.4832395638957757,-0.7819241070227957,1.0638120569246137,1131.235957145691,0.0
4,waypoint_22,-15.0,0.4832395638957757,-0.7819241070227957,1.0638120569246137,1110.0585460662842,0.0
5,waypoint_22,-15.0,0.4832395638957757,-0.7819241070227957,1.0638120569246137,2172.7230548858643,0.0
6,waypoint_22,-15.0,0.4832395638957757,-0.7819241070227957,1.0638120569246137,1193.264365196228,0.0
7,waypoint_22,-15.0,0.4832395638957757,-0.7819241070227957,1.0638120569246137,1434.338927268982,0.0
8,waypoint_22,-15.0,0.4832395638957757,-0.7819241070227957,1.0638120569246137,490.6356930732727,0.0
9,waypoint_22,-15.0,0.4832395638957757,-0.7819241070227957,1.0638120569246137,532.4468612670898,0.0
10,waypoint_22,-15.0,0.4832395638957757,-0.7819241070227957,1.0638120569246137,427.6435375213623,0.0
11,waypoint_22,-15.0,0.4832395638957757,-0.7819241070227957,1.0638120569246137,476.09925270080566,0.0
12,waypoint_22,-15.0,0.4832395638957757,-0.7819241070227957,1.0638120569246137,521.4893221855164,0.0
13,waypoint_22,-15.0,0.4832395638957757,-0.7819241070227957,1.0638120569246137,538.052499294281,0.0
14,waypoint_22,-15.0,0.4832395638957757,-0.7819241070227957,1.0638120569246137,401.1249840259552,0.0
0,waypoint_22,-30.0,0.4832395638957757,-0.7819241070227957,1.0638120569246137,4371.666431427002,0.0
1,waypoint_22,-30.0,0.4832395638957757,-0.7819241070227957,1.0638120569246137,3240.900993347168,0.0
2,waypoint_22,-30.0,0.4832395638957757,-0.7819241070227957,1.0638120569246137,2813.364028930664,0.0
3,waypoint_22,-30.0,0.4832395638957757,-0.7819241070227957,1.0638120569246137,989.832878112793,0.0
4,waypoint_22,-30.0,0.4832395638957757,-0.7819241070227957,1.0638120569246137,1110.0469827651978,0.0
5,waypoint_22,-30.0,0.4832395638957757,-0.7819241070227957,1.0638120569246137,2206.3891887664795,0.0
6,waypoint_22,-30.0,0.4832395638957757,-0.7819241070227957,1.0638120569246137,1480.818748474121,0.0
7,waypoint_22,-30.0,0.4832395638957757,-0.7819241070227957,1.0638120569246137,1449.534296989441,0.0
8,waypoint_22,-30.0,0.4832395638957757,-0.7819241070227957,1.0638120569246137,490.478515625,0.0
9,waypoint_22,-30.0,0.4832395638957757,-0.7819241070227957,1.0638120569246137,530.988872051239,0.0
10,waypoint_22,-30.0,0.4832395638957757,-0.7819241070227957,1.0638120569246137,401.2210965156555,0.0
11,waypoint_22,-30.0,0.4832395638957757,-0.7819241070227957,1.0638120569246137,470.43851017951965,0.0
12,waypoint_22,-30.0,0.4832395638957757,-0.7819241070227957,1.0638120569246137,518.9806818962097,0.0
13,waypoint_22,-30.0,0.4832395638957757,-0.7819241070227957,1.0638120569246137,540.63481092453,0.0
14,waypoint_22,-30.0,0.4832395638957757,-0.7819241070227957,1.0638120569246137,383.16088914871216,0.0
0,waypoint_23,-30.0,0.5032395638957755,-0.7819241070227957,1.0638120569246137,4391.8890953063965,0.0
1,waypoint_23,-30.0,0.5032395638957755,-0.7819241070227957,1.0638120569246137,3243.2076930999756,0.0
2,waypoint_23,-30.0,0.5032395638957755,-0.7819241070227957,1.0638120569246137,2804.090976715088,0.0
3,waypoint_23,-30.0,0.5032395638957755,-0.7819241070227957,1.0638120569246137,977.8170585632324,0.0
4,waypoint_23,-30.0,0.5032395638957755,-0.7819241070227957,1.0638120569246137,1091.3747549057007,0.0
5,waypoint_23,-30.0,0.5032395638957755,-0.7819241070227957,1.0638120569246137,2203.731060028076,0.0
6,waypoint_23,-30.0,0.5032395638957755,-0.7819241070227957,1.0638120569246137,1523.301362991333,0.0
7,waypoint_23,-30.0,0.5032395638957755,-0.7819241070227957,1.0638120569246137,1513.089656829834,0.0
8,waypoint_23,-30.0,0.5032395638957755,-0.7819241070227957,1.0638120569246137,513.052761554718,0.0
9,waypoint_23,-30.0,0.5032395638957755,-0.7819241070227957,1.0638120569246137,548.2869744300842,0.0
10,waypoint_23,-30.0,0.5032395638957755,-0.7819241070227957,1.0638120569246137,412.3949706554413,0.0
11,waypoint_23,-30.0,0.5032395638957755,-0.7819241070227957,1.0638120569246137,476.1015772819519,0.0
12,waypoint_23,-30.0,0.5032395638957755,-0.7819241070227957,1.0638120569246137,525.0021815299988,0.0
13,waypoint_23,-30.0,0.5032395638957755,-0.7819241070227957,1.0638120569246137,546.3231801986694,0.0
14,waypoint_23,-30.0,0.5032395638957755,-0.7819241070227957,1.0638120569246137,389.72291350364685,0.0
0,waypoint_23,-15.0,0.5032395638957755,-0.7819241070227957,1.0638120569246137,4392.008304595947,0.0
1,waypoint_23,-15.0,0.5032395638957755,-0.7819241070227957,1.0638120569246137,3242.0477867126465,0.0
2,waypoint_23,-15.0,0.5032395638957755,-0.7819241070227957,1.0638120569246137,2814.546585083008,0.0
3,waypoint_23,-15.0,0.5032395638957755,-0.7819241070227957,1.0638120569246137,1077.737808227539,0.0
4,waypoint_23,-15.0,0.5032395638957755,-0.7819241070227957,1.0638120569246137,1091.3832187652588,0.0
5,waypoint_23,-15.0,0.5032395638957755,-0.7819241070227957,1.0638120569246137,2170.2258586883545,0.0
6,waypoint_23,-15.0,0.5032395638957755,-0.7819241070227957,1.0638120569246137,1492.7144050598145,0.0
7,waypoint_23,-15.0,0.5032395638957755,-0.7819241070227957,1.0638120569246137,1498.2386827468872,0.0
8,waypoint_23,-15.0,0.5032395638957755,-0.7819241070227957,1.0638120569246137,513.2174491882324,0.0
9,waypoint_23,-15.0,0.5032395638957755,-0.7819241070227957,1.0638120569246137,548.2715964317322,0.0
10,waypoint_23,-15.0,0.5032395638957755,-0.7819241070227957,1.0638120569246137,424.5976209640503,0.0
11,waypoint_23,-15.0,0.5032395638957755,-0.7819241070227957,1.0638120569246137,480.1923334598541,0.0
12,waypoint_23,-15.0,0.5032395638957755,-0.7819241070227957,1.0638120569246137,488.90095949172974,0.0
13,waypoint_23,-15.0,0.5032395638957755,-0.7819241070227957,1.0638120569246137,541.6977405548096,0.0
14,waypoint_23,-15.0,0.5032395638957755,-0.7819241070227957,1.0638120569246137,401.6207754611969,0.0
0,waypoint_23,0.0,0.5032395638957755,-0.7819241070227957,1.0638120569246137,4454.037189483643,0.0
1,waypoint_23,0.0,0.5032395638957755,-0.7819241070227957,1.0638120569246137,3243.2422637939453,0.0
2,waypoint_23,0.0,0.5032395638957755,-0.7819241070227957,1.0638120569246137,2993.0474758148193,0.0
3,waypoint_23,0.0,0.5032395638957755,-0.7819241070227957,1.0638120569246137,1167.7608489990234,0.0
4,waypoint_23,0.0,0.5032395638957755,-0.7819241070227957,1.0638120569246137,1091.3591384887695,0.0
5,waypoint_23,0.0,0.5032395638957755,-0.7819241070227957,1.0638120569246137,2098.6485481262207,0.0
6,waypoint_23,0.0,0.5032395638957755,-0.7819241070227957,1.0638120569246137,1286.504626274109,0.0
7,waypoint_23,0.0,0.5032395638957755,-0.7819241070227957,1.0638120569246137,1158.4393978118896,0.0
8,waypoint_23,0.0,0.5032395638957755,-0.7819241070227957,1.0638120569246137,506.3709020614624,0.0
9,waypoint_23,0.0,0.5032395638957755,-0.7819241070227957,1.0638120569246137,548.5864281654358,0.0
10,waypoint_23,0.0,0.5032395638957755,-0.7819241070227957,1.0638120569246137,460.8849585056305,0.0
11,waypoint_23,0.0,0.5032395638957755,-0.7819241070227957,1.0638120569246137,471.8140959739685,0.0
12,waypoint_23,0.0,0.5032395638957755,-0.7819241070227957,1.0638120569246137,551.509439945221,0.0
13,waypoint_23,0.0,0.5032395638957755,-0.7819241070227957,1.0638120569246137,559.8784685134888,0.0
14,waypoint_23,0.0,0.5032395638957755,-0.7819241070227957,1.0638120569246137,465.0759994983673,0.0
0,waypoint_23,15.0,0.5032395638957755,-0.7819241070227957,1.0638120569246137,4467.257499694824,0.0
1,waypoint_23,15.0,0.5032395638957755,-0.7819241070227957,1.0638120569246137,3245.971441268921,0.0
2,waypoint_23,15.0,0.5032395638957755,-0.7819241070227957,1.0638120569246137,2934.1721534729004,0.0
3,waypoint_23,15.0,0.5032395638957755,-0.7819241070227957,1.0638120569246137,1112.0365858078003,0.0
4,waypoint_23,15.0,0.5032395638957755,-0.7819241070227957,1.0638120569246137,1091.3317203521729,0.0
5,waypoint_23,15.0,0.5032395638957755,-0.7819241070227957,1.0638120569246137,1564.9216175079346,0.0
6,waypoint_23,15.0,0.5032395638957755,-0.7819241070227957,1.0638120569246137,1326.4408111572266,0.0
7,waypoint_23,15.0,0.5032395638957755,-0.7819241070227957,1.0638120569246137,1158.1007242202759,0.0
8,waypoint_23,15.0,0.5032395638957755,-0.7819241070227957,1.0638120569246137,511.0873579978943,0.0
9,waypoint_23,15.0,0.5032395638957755,-0.7819241070227957,1.0638120569246137,552.5563955307007,0.0
10,waypoint_23,15.0,0.5032395638957755,-0.7819241070227957,1.0638120569246137,488.0378842353821,0.0
11,waypoint_23,15.0,0.5032395638957755,-0.7819241070227957,1.0638120569246137,471.3391065597534,0.0
12,waypoint_23,15.0,0.5032395638957755,-0.7819241070227957,1.0638120569246137,553.0440807342529,0.0
13,waypoint_23,15.0,0.5032395638957755,-0.7819241070227957,1.0638120569246137,548.5295057296753,0.0
14,waypoint_23,15.0,0.5032395638957755,-0.7819241070227957,1.0638120569246137,445.88398933410645,0.0
0,waypoint_23,30.0,0.5032395638957755,-0.7819241070227957,1.0638120569246137,4404.911041259766,0.0
1,waypoint_23,30.0,0.5032395638957755,-0.7819241070227957,1.0638120569246137,3249.2947578430176,0.0
2,waypoint_23,30.0,0.5032395638957755,-0.7819241070227957,1.0638120569246137,2883.7504386901855,0.0
3,waypoint_23,30.0,0.5032395638957755,-0.7819241070227957,1.0638120569246137,1147.1604108810425,0.0
4,waypoint_23,30.0,0.5032395638957755,-0.7819241070227957,1.0638120569246137,1091.4431810379028,0.0
5,waypoint_23,30.0,0.5032395638957755,-0.7819241070227957,1.0638120569246137,1645.094394683838,0.0
6,waypoint_23,30.0,0.5032395638957755,-0.7819241070227957,1.0638120569246137,1375.1659393310547,0.0
7,waypoint_23,30.0,0.5032395638957755,-0.7819241070227957,1.0638120569246137,1249.4319677352905,0.0
8,waypoint_23,30.0,0.5032395638957755,-0.7819241070227957,1.0638120569246137,495.1189160346985,0.0
9,waypoint_23,30.0,0.5032395638957755,-0.7819241070227957,1.0638120569246137,539.8479700088501,0.0
10,waypoint_23,30.0,0.5032395638957755,-0.7819241070227957,1.0638120569246137,476.4731824398041,0.0
11,waypoint_23,30.0,0.5032395638957755,-0.7819241070227957,1.0638120569246137,467.8700864315033,0.0
12,waypoint_23,30.0,0.5032395638957755,-0.7819241070227957,1.0638120569246137,598.7627506256104,0.0
13,waypoint_23,30.0,0.5032395638957755,-0.7819241070227957,1.0638120569246137,598.5096096992493,0.0
14,waypoint_23,30.0,0.5032395638957755,-0.7819241070227957,1.0638120569246137,523.5646963119507,0.0
0,waypoint_24,30.0,0.5232395638957761,-0.7819241070227957,1.0638120569246137,4507.145404815674,0.0
1,waypoint_24,30.0,0.5232395638957761,-0.7819241070227957,1.0638120569246137,3251.2834072113037,0.0
2,waypoint_24,30.0,0.5232395638957761,-0.7819241070227957,1.0638120569246137,2912.6882553100586,0.0
3,waypoint_24,30.0,0.5232395638957761,-0.7819241070227957,1.0638120569246137,1108.5017919540405,0.0
4,waypoint_24,30.0,0.5232395638957761,-0.7819241070227957,1.0638120569246137,1072.7607011795044,0.0
5,waypoint_24,30.0,0.5232395638957761,-0.7819241070227957,1.0638120569246137,1638.606071472168,0.0
6,waypoint_24,30.0,0.5232395638957761,-0.7819241070227957,1.0638120569246137,1320.1278448104858,0.0
7,waypoint_24,30.0,0.5232395638957761,-0.7819241070227957,1.0638120569246137,1219.9842929840088,0.0
8,waypoint_24,30.0,0.5232395638957761,-0.7819241070227957,1.0638120569246137,502.3914575576782,0.0
9,waypoint_24,30.0,0.5232395638957761,-0.7819241070227957,1.0638120569246137,558.6458444595337,0.0
10,waypoint_24,30.0,0.5232395638957761,-0.7819241070227957,1.0638120569246137,494.4114089012146,0.0
11,waypoint_24,30.0,0.5232395638957761,-0.7819241070227957,1.0638120569246137,454.69269156455994,0.0
12,waypoint_24,30.0,0.5232395638957761,-0.7819241070227957,1.0638120569246137,608.8666915893555,0.0
13,waypoint_24,30.0,0.5232395638957761,-0.7819241070227957,1.0638120569246137,621.3424801826477,0.0
14,waypoint_24,30.0,0.5232395638957761,-0.7819241070227957,1.0638120569246137,542.8006052970886,0.0
0,waypoint_24,15.0,0.5232395638957761,-0.7819241070227957,1.0638120569246137,4498.7592697143555,0.0
1,waypoint_24,15.0,0.5232395638957761,-0.7819241070227957,1.0638120569246137,3248.014211654663,0.0
2,waypoint_24,15.0,0.5232395638957761,-0.7819241070227957,1.0638120569246137,2910.562038421631,0.0
3,waypoint_24,15.0,0.5232395638957761,-0.7819241070227957,1.0638120569246137,1123.9970922470093,0.0
4,waypoint_24,15.0,0.5232395638957761,-0.7819241070227957,1.0638120569246137,1072.7276802062988,0.0
5,waypoint_24,15.0,0.5232395638957761,-0.7819241070227957,1.0638120569246137,1558.600902557373,0.0
6,waypoint_24,15.0,0.5232395638957761,-0.7819241070227957,1.0638120569246137,1394.128680229187,0.0
7,waypoint_24,15.0,0.5232395638957761,-0.7819241070227957,1.0638120569246137,1116.2633895874023,0.0
8,waypoint_24,15.0,0.5232395638957761,-0.7819241070227957,1.0638120569246137,508.30745697021484,0.0
9,waypoint_24,15.0,0.5232395638957761,-0.7819241070227957,1.0638120569246137,570.8757042884827,0.0
10,waypoint_24,15.0,0.5232395638957761,-0.7819241070227957,1.0638120569246137,505.8111548423767,0.0
11,waypoint_24,15.0,0.5232395638957761,-0.7819241070227957,1.0638120569246137,456.21100068092346,0.0
12,waypoint_24,15.0,0.5232395638957761,-0.7819241070227957,1.0638120569246137,604.2790412902832,0.0
13,waypoint_24,15.0,0.5232395638957761,-0.7819241070227957,1.0638120569246137,603.3492088317871,0.0
14,waypoint_24,15.0,0.5232395638957761,-0.7819241070227957,1.0638120569246137,481.34079575538635,0.0
0,waypoint_24,0.0,0.5232395638957761,-0.7819241070227957,1.0638120569246137,4424.003124237061,0.0
1,waypoint_24,0.0,0.5232395638957761,-0.7819241070227957,1.0638120569246137,3245.3770637512207,0.0
2,waypoint_24,0.0,0.5232395638957761,-0.7819241070227957,1.0638120569246137,2927.2308349609375,0.0
3,waypoint_24,0.0,0.5232395638957761,-0.7819241070227957,1.0638120569246137,1124.3137121200562,0.0
4,waypoint_24,0.0,0.5232395638957761,-0.7819241070227957,1.0638120569246137,1139.459490776062,0.0
5,waypoint_24,0.0,0.5232395638957761,-0.7819241070227957,1.0638120569246137,1892.6974534988403,0.0
6,waypoint_24,0.0,0.5232395638957761,-0.7819241070227957,1.0638120569246137,1224.8358726501465,0.0
7,waypoint_24,0.0,0.5232395638957761,-0.7819241070227957,1.0638120569246137,1359.3798875808716,0.0
8,waypoint_24,0.0,0.5232395638957761,-0.7819241070227957,1.0638120569246137,487.7844750881195,0.0
9,waypoint_24,0.0,0.5232395638957761,-0.7819241070227957,1.0638120569246137,564.3109679222107,0.0
10,waypoint_24,0.0,0.5232395638957761,-0.7819241070227957,1.0638120569246137,507.9067349433899,0.0
11,waypoint_24,0.0,0.5232395638957761,-0.7819241070227957,1.0638120569246137,445.4118311405182,0.0
12,waypoint_24,0.0,0.5232395638957761,-0.7819241070227957,1.0638120569246137,561.7824792861938,0.0
13,waypoint_24,0.0,0.5232395638957761,-0.7819241070227957,1.0638120569246137,570.5384016036987,0.0
14,waypoint_24,0.0,0.5232395638957761,-0.7819241070227957,1.0638120569246137,480.43107986450195,0.0
0,waypoint_24,-15.0,0.5232395638957761,-0.7819241070227957,1.0638120569246137,4463.635444641113,0.0
1,waypoint_24,-15.0,0.5232395638957761,-0.7819241070227957,1.0638120569246137,3244.312524795532,0.0
2,waypoint_24,-15.0,0.5232395638957761,-0.7819241070227957,1.0638120569246137,2719.8545932769775,0.0
3,waypoint_24,-15.0,0.5232395638957761,-0.7819241070227957,1.0638120569246137,1088.5010957717896,0.0
4,waypoint_24,-15.0,0.5232395638957761,-0.7819241070227957,1.0638120569246137,1139.44411277771,0.0
5,waypoint_24,-15.0,0.5232395638957761,-0.7819241070227957,1.0638120569246137,2167.482614517212,0.0
6,waypoint_24,-15.0,0.5232395638957761,-0.7819241070227957,1.0638120569246137,1286.2389087677002,0.0
7,waypoint_24,-15.0,0.5232395638957761,-0.7819241070227957,1.0638120569246137,1399.130940437317,0.0
8,waypoint_24,-15.0,0.5232395638957761,-0.7819241070227957,1.0638120569246137,468.9358174800873,0.0
9,waypoint_24,-15.0,0.5232395638957761,-0.7819241070227957,1.0638120569246137,563.5969042778015,0.0
10,waypoint_24,-15.0,0.5232395638957761,-0.7819241070227957,1.0638120569246137,507.0105791091919,0.0
11,waypoint_24,-15.0,0.5232395638957761,-0.7819241070227957,1.0638120569246137,431.160569190979,0.0
12,waypoint_24,-15.0,0.5232395638957761,-0.7819241070227957,1.0638120569246137,535.0661277770996,0.0
13,waypoint_24,-15.0,0.5232395638957761,-0.7819241070227957,1.0638120569246137,550.591766834259,0.0
14,waypoint_24,-15.0,0.5232395638957761,-0.7819241070227957,1.0638120569246137,433.51665139198303,0.0
0,waypoint_24,-30.0,0.5232395638957761,-0.7819241070227957,1.0638120569246137,4401.309967041016,0.0
1,waypoint_24,-30.0,0.5232395638957761,-0.7819241070227957,1.0638120569246137,3245.6307411193848,0.0
2,waypoint_24,-30.0,0.5232395638957761,-0.7819241070227957,1.0638120569246137,2731.9388389587402,0.0
3,waypoint_24,-30.0,0.5232395638957761,-0.7819241070227957,1.0638120569246137,962.7683758735657,0.0
4,waypoint_24,-30.0,0.5232395638957761,-0.7819241070227957,1.0638120569246137,1139.3734216690063,0.0
5,waypoint_24,-30.0,0.5232395638957761,-0.7819241070227957,1.0638120569246137,2200.089693069458,0.0
6,waypoint_24,-30.0,0.5232395638957761,-0.7819241070227957,1.0638120569246137,1526.086449623108,0.0
7,waypoint_24,-30.0,0.5232395638957761,-0.7819241070227957,1.0638120569246137,1453.13560962677,0.0
8,waypoint_24,-30.0,0.5232395638957761,-0.7819241070227957,1.0638120569246137,463.2607698440552,0.0
9,waypoint_24,-30.0,0.5232395638957761,-0.7819241070227957,1.0638120569246137,562.0666146278381,0.0
10,waypoint_24,-30.0,0.5232395638957761,-0.7819241070227957,1.0638120569246137,505.22881746292114,0.0
11,waypoint_24,-30.0,0.5232395638957761,-0.7819241070227957,1.0638120569246137,408.00678730010986,0.0
12,waypoint_24,-30.0,0.5232395638957761,-0.7819241070227957,1.0638120569246137,539.0822291374207,0.0
13,waypoint_24,-30.0,0.5232395638957761,-0.7819241070227957,1.0638120569246137,555.1167726516724,0.0
14,waypoint_24,-30.0,0.5232395638957761,-0.7819241070227957,1.0638120569246137,435.26750802993774,0.0
0,waypoint_25,-30.0,0.5432395638957757,-0.7819241070227957,1.0638120569246137,4451.251029968262,0.0
1,waypoint_25,-30.0,0.5432395638957757,-0.7819241070227957,1.0638120569246137,3248.163938522339,0.0
2,waypoint_25,-30.0,0.5432395638957757,-0.7819241070227957,1.0638120569246137,2722.1624851226807,0.0
3,waypoint_25,-30.0,0.5432395638957757,-0.7819241070227957,1.0638120569246137,953.6571502685547,0.0
4,waypoint_25,-30.0,0.5432395638957757,-0.7819241070227957,1.0638120569246137,1120.2318668365479,0.0
5,waypoint_25,-30.0,0.5432395638957757,-0.7819241070227957,1.0638120569246137,2197.8869438171387,0.0
6,waypoint_25,-30.0,0.5432395638957757,-0.7819241070227957,1.0638120569246137,1220.7520008087158,0.0
7,waypoint_25,-30.0,0.5432395638957757,-0.7819241070227957,1.0638120569246137,1377.5956630706787,0.0
8,waypoint_25,-30.0,0.5432395638957757,-0.7819241070227957,1.0638120569246137,470.78394889831543,0.0
9,waypoint_25,-30.0,0.5432395638957757,-0.7819241070227957,1.0638120569246137,579.728901386261,0.0
10,waypoint_25,-30.0,0.5432395638957757,-0.7819241070227957,1.0638120569246137,522.6184725761414,0.0
11,waypoint_25,-30.0,0.5432395638957757,-0.7819241070227957,1.0638120569246137,417.9742634296417,0.0
12,waypoint_25,-30.0,0.5432395638957757,-0.7819241070227957,1.0638120569246137,546.8971729278564,0.0
13,waypoint_25,-30.0,0.5432395638957757,-0.7819241070227957,1.0638120569246137,544.2255139350891,0.0
14,waypoint_25,-30.0,0.5432395638957757,-0.7819241070227957,1.0638120569246137,449.61079955101013,0.0
0,waypoint_25,-15.0,0.5432395638957757,-0.7819241070227957,1.0638120569246137,4432.339668273926,0.0
1,waypoint_25,-15.0,0.5432395638957757,-0.7819241070227957,1.0638120569246137,3246.6893196105957,0.0
2,waypoint_25,-15.0,0.5432395638957757,-0.7819241070227957,1.0638120569246137,2723.4857082366943,0.0
3,waypoint_25,-15.0,0.5432395638957757,-0.7819241070227957,1.0638120569246137,1084.380030632019,0.0
4,waypoint_25,-15.0,0.5432395638957757,-0.7819241070227957,1.0638120569246137,1120.2718019485474,0.0
5,waypoint_25,-15.0,0.5432395638957757,-0.7819241070227957,1.0638120569246137,2166.612386703491,0.0
6,waypoint_25,-15.0,0.5432395638957757,-0.7819241070227957,1.0638120569246137,1199.3253231048584,0.0
7,waypoint_25,-15.0,0.5432395638957757,-0.7819241070227957,1.0638120569246137,1166.4609909057617,0.0
8,waypoint_25,-15.0,0.5432395638957757,-0.7819241070227957,1.0638120569246137,470.0891673564911,0.0
9,waypoint_25,-15.0,0.5432395638957757,-0.7819241070227957,1.0638120569246137,579.6478986740112,0.0
10,waypoint_25,-15.0,0.5432395638957757,-0.7819241070227957,1.0638120569246137,522.8272080421448,0.0
11,waypoint_25,-15.0,0.5432395638957757,-0.7819241070227957,1.0638120569246137,432.89700150489807,0.0
12,waypoint_25,-15.0,0.5432395638957757,-0.7819241070227957,1.0638120569246137,537.8033518791199,0.0
13,waypoint_25,-15.0,0.5432395638957757,-0.7819241070227957,1.0638120569246137,548.008382320404,0.0
14,waypoint_25,-15.0,0.5432395638957757,-0.7819241070227957,1.0638120569246137,445.00645995140076,0.0
0,waypoint_25,0.0,0.5432395638957757,-0.7819241070227957,1.0638120569246137,4459.37967300415,0.0
1,waypoint_25,0.0,0.5432395638957757,-0.7819241070227957,1.0638120569246137,3247.622489929199,0.0
2,waypoint_25,0.0,0.5432395638957757,-0.7819241070227957,1.0638120569246137,2898.3418941497803,0.0
3,waypoint_25,0.0,0.5432395638957757,-0.7819241070227957,1.0638120569246137,1107.4296236038208,0.0
4,waypoint_25,0.0,0.5432395638957757,-0.7819241070227957,1.0638120569246137,1120.3852891921997,0.0
5,waypoint_25,0.0,0.5432395638957757,-0.7819241070227957,1.0638120569246137,2091.8192863464355,0.0
6,waypoint_25,0.0,0.5432395638957757,-0.7819241070227957,1.0638120569246137,1299.9022006988525,0.0
7,waypoint_25,0.0,0.5432395638957757,-0.7819241070227957,1.0638120569246137,1333.5496187210083,0.0
8,waypoint_25,0.0,0.5432395638957757,-0.7819241070227957,1.0638120569246137,524.9359011650085,0.0
9,waypoint_25,0.0,0.5432395638957757,-0.7819241070227957,1.0638120569246137,579.9699425697327,0.0
10,waypoint_25,0.0,0.5432395638957757,-0.7819241070227957,1.0638120569246137,523.5245823860168,0.0
11,waypoint_25,0.0,0.5432395638957757,-0.7819241070227957,1.0638120569246137,452.13228464126587,0.0
12,waypoint_25,0.0,0.5432395638957757,-0.7819241070227957,1.0638120569246137,488.7605011463165,0.0
13,waypoint_25,0.0,0.5432395638957757,-0.7819241070227957,1.0638120569246137,570.0463652610779,0.0
14,waypoint_25,0.0,0.5432395638957757,-0.7819241070227957,1.0638120569246137,492.45524406433105,0.0
0,waypoint_25,15.0,0.5432395638957757,-0.7819241070227957,1.0638120569246137,4460.729122161865,0.0
1,waypoint_25,15.0,0.5432395638957757,-0.7819241070227957,1.0638120569246137,3250.166177749634,0.0
2,waypoint_25,15.0,0.5432395638957757,-0.7819241070227957,1.0638120569246137,2948.711395263672,0.0
3,waypoint_25,15.0,0.5432395638957757,-0.7819241070227957,1.0638120569246137,1112.4407052993774,0.0
4,waypoint_25,15.0,0.5432395638957757,-0.7819241070227957,1.0638120569246137,1120.3927993774414,0.0
5,waypoint_25,15.0,0.5432395638957757,-0.7819241070227957,1.0638120569246137,1552.4566173553467,0.0
6,waypoint_25,15.0,0.5432395638957757,-0.7819241070227957,1.0638120569246137,1276.8051624298096,0.0
7,waypoint_25,15.0,0.5432395638957757,-0.7819241070227957,1.0638120569246137,1303.9796352386475,0.0
8,waypoint_25,15.0,0.5432395638957757,-0.7819241070227957,1.0638120569246137,536.6941690444946,0.0
9,waypoint_25,15.0,0.5432395638957757,-0.7819241070227957,1.0638120569246137,589.4142389297485,0.0
10,waypoint_25,15.0,0.5432395638957757,-0.7819241070227957,1.0638120569246137,523.2915878295898,0.0
11,waypoint_25,15.0,0.5432395638957757,-0.7819241070227957,1.0638120569246137,449.6172070503235,0.0
12,waypoint_25,15.0,0.5432395638957757,-0.7819241070227957,1.0638120569246137,516.6667103767395,0.0
13,waypoint_25,15.0,0.5432395638957757,-0.7819241070227957,1.0638120569246137,585.8597755432129,0.0
14,waypoint_25,15.0,0.5432395638957757,-0.7819241070227957,1.0638120569246137,493.29981207847595,0.0
0,waypoint_25,30.0,0.5432395638957757,-0.7819241070227957,1.0638120569246137,4469.3922996521,0.0
1,waypoint_25,30.0,0.5432395638957757,-0.7819241070227957,1.0638120569246137,3253.3750534057617,0.0
2,waypoint_25,30.0,0.5432395638957757,-0.7819241070227957,1.0638120569246137,2953.610897064209,0.0
3,waypoint_25,30.0,0.5432395638957757,-0.7819241070227957,1.0638120569246137,1112.7103567123413,0.0
4,waypoint_25,30.0,0.5432395638957757,-0.7819241070227957,1.0638120569246137,1120.2915906906128,0.0
5,waypoint_25,30.0,0.5432395638957757,-0.7819241070227957,1.0638120569246137,1632.3329210281372,0.0
6,waypoint_25,30.0,0.5432395638957757,-0.7819241070227957,1.0638120569246137,1342.2335386276245,0.0
7,waypoint_25,30.0,0.5432395638957757,-0.7819241070227957,1.0638120569246137,1219.4782495498657,0.0
8,waypoint_25,30.0,0.5432395638957757,-0.7819241070227957,1.0638120569246137,518.0796980857849,0.0
9,waypoint_25,30.0,0.5432395638957757,-0.7819241070227957,1.0638120569246137,577.5262713432312,0.0
10,waypoint_25,30.0,0.5432395638957757,-0.7819241070227957,1.0638120569246137,512.079119682312,0.0
11,waypoint_25,30.0,0.5432395638957757,-0.7819241070227957,1.0638120569246137,436.21888756752014,0.0
12,waypoint_25,30.0,0.5432395638957757,-0.7819241070227957,1.0638120569246137,560.4355335235596,0.0
13,waypoint_25,30.0,0.5432395638957757,-0.7819241070227957,1.0638120569246137,639.2979621887207,0.0
14,waypoint_25,30.0,0.5432395638957757,-0.7819241070227957,1.0638120569246137,549.5465397834778,0.0
0,waypoint_26,30.0,0.5632395638957752,-0.7819241070227957,1.0638120569246137,4487.028121948242,0.0
1,waypoint_26,30.0,0.5632395638957752,-0.7819241070227957,1.0638120569246137,3255.5739879608154,0.0
2,waypoint_26,30.0,0.5632395638957752,-0.7819241070227957,1.0638120569246137,2896.214485168457,0.0
3,waypoint_26,30.0,0.5632395638957752,-0.7819241070227957,1.0638120569246137,1109.4545125961304,0.0
4,waypoint_26,30.0,0.5632395638957752,-0.7819241070227957,1.0638120569246137,1101.155161857605,0.0
5,waypoint_26,30.0,0.5632395638957752,-0.7819241070227957,1.0638120569246137,1626.2224912643433,0.0
6,waypoint_26,30.0,0.5632395638957752,-0.7819241070227957,1.0638120569246137,1351.1717319488525,0.0
7,waypoint_26,30.0,0.5632395638957752,-0.7819241070227957,1.0638120569246137,1164.4517183303833,0.0
8,waypoint_26,30.0,0.5632395638957752,-0.7819241070227957,1.0638120569246137,536.949634552002,0.0
9,waypoint_26,30.0,0.5632395638957752,-0.7819241070227957,1.0638120569246137,596.7283844947815,0.0
10,waypoint_26,30.0,0.5632395638957752,-0.7819241070227957,1.0638120569246137,530.6234955787659,0.0
11,waypoint_26,30.0,0.5632395638957752,-0.7819241070227957,1.0638120569246137,453.6423087120056,0.0
12,waypoint_26,30.0,0.5632395638957752,-0.7819241070227957,1.0638120569246137,480.4856479167938,0.0
13,waypoint_26,30.0,0.5632395638957752,-0.7819241070227957,1.0638120569246137,615.1278018951416,0.0
14,waypoint_26,30.0,0.5632395638957752,-0.7819241070227957,1.0638120569246137,535.3819131851196,0.0
0,waypoint_26,15.0,0.5632395638957752,-0.7819241070227957,1.0638120569246137,4530.209541320801,0.0
1,waypoint_26,15.0,0.5632395638957752,-0.7819241070227957,1.0638120569246137,3252.4166107177734,0.0
2,waypoint_26,15.0,0.5632395638957752,-0.7819241070227957,1.0638120569246137,2937.2494220733643,0.0
3,waypoint_26,15.0,0.5632395638957752,-0.7819241070227957,1.0638120569246137,1094.4551229476929,0.0
4,waypoint_26,15.0,0.5632395638957752,-0.7819241070227957,1.0638120569246137,1101.1967658996582,0.0
5,waypoint_26,15.0,0.5632395638957752,-0.7819241070227957,1.0638120569246137,1546.4948415756226,0.0
6,waypoint_26,15.0,0.5632395638957752,-0.7819241070227957,1.0638120569246137,1283.6014032363892,0.0
7,waypoint_26,15.0,0.5632395638957752,-0.7819241070227957,1.0638120569246137,1333.5407972335815,0.0
8,waypoint_26,15.0,0.5632395638957752,-0.7819241070227957,1.0638120569246137,537.64408826828,0.0
9,waypoint_26,15.0,0.5632395638957752,-0.7819241070227957,1.0638120569246137,609.4500422477722,0.0
10,waypoint_26,15.0,0.5632395638957752,-0.7819241070227957,1.0638120569246137,541.5697693824768,0.0
11,waypoint_26,15.0,0.5632395638957752,-0.7819241070227957,1.0638120569246137,468.10176968574524,0.0
12,waypoint_26,15.0,0.5632395638957752,-0.7819241070227957,1.0638120569246137,482.7112853527069,0.0
13,waypoint_26,15.0,0.5632395638957752,-0.7819241070227957,1.0638120569246137,616.5340542793274,0.0
14,waypoint_26,15.0,0.5632395638957752,-0.7819241070227957,1.0638120569246137,512.7129554748535,0.0
0,waypoint_26,0.0,0.5632395638957752,-0.7819241070227957,1.0638120569246137,4497.330665588379,0.0
1,waypoint_26,0.0,0.5632395638957752,-0.7819241070227957,1.0638120569246137,3249.9735355377197,0.0
2,waypoint_26,0.0,0.5632395638957752,-0.7819241070227957,1.0638120569246137,2870.5782890319824,0.0
3,waypoint_26,0.0,0.5632395638957752,-0.7819241070227957,1.0638120569246137,1094.042420387268,0.0
4,waypoint_26,0.0,0.5632395638957752,-0.7819241070227957,1.0638120569246137,1101.2221574783325,0.0
5,waypoint_26,0.0,0.5632395638957752,-0.7819241070227957,1.0638120569246137,1897.24600315094,0.0
6,waypoint_26,0.0,0.5632395638957752,-0.7819241070227957,1.0638120569246137,1321.3130235671997,0.0
7,waypoint_26,0.0,0.5632395638957752,-0.7819241070227957,1.0638120569246137,1302.27530002594,0.0
8,waypoint_26,0.0,0.5632395638957752,-0.7819241070227957,1.0638120569246137,505.3347945213318,0.0
9,waypoint_26,0.0,0.5632395638957752,-0.7819241070227957,1.0638120569246137,596.5674519538879,0.0
10,waypoint_26,0.0,0.5632395638957752,-0.7819241070227957,1.0638120569246137,541.7070388793945,0.0
11,waypoint_26,0.0,0.5632395638957752,-0.7819241070227957,1.0638120569246137,453.3033072948456,0.0
12,waypoint_26,0.0,0.5632395638957752,-0.7819241070227957,1.0638120569246137,468.91239285469055,0.0
13,waypoint_26,0.0,0.5632395638957752,-0.7819241070227957,1.0638120569246137,579.4991254806519,0.0
14,waypoint_26,0.0,0.5632395638957752,-0.7819241070227957,1.0638120569246137,508.26817750930786,0.0
0,waypoint_26,-15.0,0.5632395638957752,-0.7819241070227957,1.0638120569246137,4518.957614898682,0.0
1,waypoint_26,-15.0,0.5632395638957752,-0.7819241070227957,1.0638120569246137,3249.178647994995,0.0
2,waypoint_26,-15.0,0.5632395638957752,-0.7819241070227957,1.0638120569246137,2763.042211532593,0.0
3,waypoint_26,-15.0,0.5632395638957752,-0.7819241070227957,1.0638120569246137,1078.3166885375977,0.0
4,waypoint_26,-15.0,0.5632395638957752,-0.7819241070227957,1.0638120569246137,1101.345181465149,0.0
5,waypoint_26,-15.0,0.5632395638957752,-0.7819241070227957,1.0638120569246137,2164.273738861084,0.0
6,waypoint_26,-15.0,0.5632395638957752,-0.7819241070227957,1.0638120569246137,1178.5917282104492,0.0
7,waypoint_26,-15.0,0.5632395638957752,-0.7819241070227957,1.0638120569246137,1359.2013120651245,0.0
8,waypoint_26,-15.0,0.5632395638957752,-0.7819241070227957,1.0638120569246137,495.3462779521942,0.0
9,waypoint_26,-15.0,0.5632395638957752,-0.7819241070227957,1.0638120569246137,595.7949757575989,0.0
10,waypoint_26,-15.0,0.5632395638957752,-0.7819241070227957,1.0638120569246137,540.7189130783081,0.0
11,waypoint_26,-15.0,0.5632395638957752,-0.7819241070227957,1.0638120569246137,436.86118721961975,0.0
12,waypoint_26,-15.0,0.5632395638957752,-0.7819241070227957,1.0638120569246137,459.38006043434143,0.0
13,waypoint_26,-15.0,0.5632395638957752,-0.7819241070227957,1.0638120569246137,559.005081653595,0.0
14,waypoint_26,-15.0,0.5632395638957752,-0.7819241070227957,1.0638120569246137,479.9118936061859,0.0
0,waypoint_26,-30.0,0.5632395638957752,-0.7819241070227957,1.0638120569246137,4441.784381866455,0.0
1,waypoint_26,-30.0,0.5632395638957752,-0.7819241070227957,1.0638120569246137,3250.8134841918945,0.0
2,waypoint_26,-30.0,0.5632395638957752,-0.7819241070227957,1.0638120569246137,2761.425733566284,0.0
3,waypoint_26,-30.0,0.5632395638957752,-0.7819241070227957,1.0638120569246137,928.2124042510986,0.0
4,waypoint_26,-30.0,0.5632395638957752,-0.7819241070227957,1.0638120569246137,1101.091742515564,0.0
5,waypoint_26,-30.0,0.5632395638957752,-0.7819241070227957,1.0638120569246137,2196.2900161743164,0.0
6,waypoint_26,-30.0,0.5632395638957752,-0.7819241070227957,1.0638120569246137,1223.2409715652466,0.0
7,waypoint_26,-30.0,0.5632395638957752,-0.7819241070227957,1.0638120569246137,1344.6696996688843,0.0
8,waypoint_26,-30.0,0.5632395638957752,-0.7819241070227957,1.0638120569246137,466.12998843193054,0.0
9,waypoint_26,-30.0,0.5632395638957752,-0.7819241070227957,1.0638120569246137,594.2380428314209,0.0
10,waypoint_26,-30.0,0.5632395638957752,-0.7819241070227957,1.0638120569246137,539.1950011253357,0.0
11,waypoint_26,-30.0,0.5632395638957752,-0.7819241070227957,1.0638120569246137,412.1485948562622,0.0
12,waypoint_26,-30.0,0.5632395638957752,-0.7819241070227957,1.0638120569246137,459.36596393585205,0.0
13,waypoint_26,-30.0,0.5632395638957752,-0.7819241070227957,1.0638120569246137,561.4100098609924,0.0
14,waypoint_26,-30.0,0.5632395638957752,-0.7819241070227957,1.0638120569246137,481.58860206604004,0.0
0,waypoint_27,-30.0,0.5832395638957755,-0.7819241070227957,1.0638120569246137,4480.589866638184,0.0
1,waypoint_27,-30.0,0.5832395638957755,-0.7819241070227957,1.0638120569246137,3253.5738945007324,0.0
2,waypoint_27,-30.0,0.5832395638957755,-0.7819241070227957,1.0638120569246137,2760.6568336486816,0.0
3,waypoint_27,-30.0,0.5832395638957755,-0.7819241070227957,1.0638120569246137,913.4315252304077,0.0
4,waypoint_27,-30.0,0.5832395638957755,-0.7819241070227957,1.0638120569246137,1082.0051431655884,0.0
5,waypoint_27,-30.0,0.5832395638957755,-0.7819241070227957,1.0638120569246137,2194.3459510803223,0.0
6,waypoint_27,-30.0,0.5832395638957755,-0.7819241070227957,1.0638120569246137,1367.7525520324707,0.0
7,waypoint_27,-30.0,0.5832395638957755,-0.7819241070227957,1.0638120569246137,1224.9114513397217,0.0
8,waypoint_27,-30.0,0.5832395638957755,-0.7819241070227957,1.0638120569246137,459.83654260635376,0.0
9,waypoint_27,-30.0,0.5832395638957755,-0.7819241070227957,1.0638120569246137,612.1968030929565,0.0
10,waypoint_27,-30.0,0.5832395638957755,-0.7819241070227957,1.0638120569246137,556.4432740211487,0.0
11,waypoint_27,-30.0,0.5832395638957755,-0.7819241070227957,1.0638120569246137,422.93867468833923,0.0
12,waypoint_27,-30.0,0.5832395638957755,-0.7819241070227957,1.0638120569246137,465.04947543144226,0.0
13,waypoint_27,-30.0,0.5832395638957755,-0.7819241070227957,1.0638120569246137,563.6221766471863,0.0
14,waypoint_27,-30.0,0.5832395638957755,-0.7819241070227957,1.0638120569246137,497.0753490924835,0.0
0,waypoint_27,-15.0,0.5832395638957755,-0.7819241070227957,1.0638120569246137,4528.097629547119,0.0
1,waypoint_27,-15.0,0.5832395638957755,-0.7819241070227957,1.0638120569246137,3251.7709732055664,0.0
2,waypoint_27,-15.0,0.5832395638957755,-0.7819241070227957,1.0638120569246137,2876.1885166168213,0.0
3,waypoint_27,-15.0,0.5832395638957755,-0.7819241070227957,1.0638120569246137,1063.5714530944824,0.0
4,waypoint_27,-15.0,0.5832395638957755,-0.7819241070227957,1.0638120569246137,1082.0828676223755,0.0
5,waypoint_27,-15.0,0.5832395638957755,-0.7819241070227957,1.0638120569246137,2162.684679031372,0.0
6,waypoint_27,-15.0,0.5832395638957755,-0.7819241070227957,1.0638120569246137,1456.2772512435913,0.0
7,waypoint_27,-15.0,0.5832395638957755,-0.7819241070227957,1.0638120569246137,1119.649052619934,0.0
8,waypoint_27,-15.0,0.5832395638957755,-0.7819241070227957,1.0638120569246137,457.65480399131775,0.0
9,waypoint_27,-15.0,0.5832395638957755,-0.7819241070227957,1.0638120569246137,612.4793887138367,0.0
10,waypoint_27,-15.0,0.5832395638957755,-0.7819241070227957,1.0638120569246137,556.6383004188538,0.0
11,waypoint_27,-15.0,0.5832395638957755,-0.7819241070227957,1.0638120569246137,436.2933039665222,0.0
12,waypoint_27,-15.0,0.5832395638957755,-0.7819241070227957,1.0638120569246137,470.65314650535583,0.0
13,waypoint_27,-15.0,0.5832395638957755,-0.7819241070227957,1.0638120569246137,576.4419436454773,0.0
14,waypoint_27,-15.0,0.5832395638957755,-0.7819241070227957,1.0638120569246137,495.1087534427643,0.0
0,waypoint_27,0.0,0.5832395638957755,-0.7819241070227957,1.0638120569246137,4478.348255157471,0.0
1,waypoint_27,0.0,0.5832395638957755,-0.7819241070227957,1.0638120569246137,3252.434015274048,0.0
2,waypoint_27,0.0,0.5832395638957755,-0.7819241070227957,1.0638120569246137,2851.7260551452637,0.0
3,waypoint_27,0.0,0.5832395638957755,-0.7819241070227957,1.0638120569246137,1097.7232456207275,0.0
4,waypoint_27,0.0,0.5832395638957755,-0.7819241070227957,1.0638120569246137,1082.1526050567627,0.0
5,waypoint_27,0.0,0.5832395638957755,-0.7819241070227957,1.0638120569246137,2093.7325954437256,0.0
6,waypoint_27,0.0,0.5832395638957755,-0.7819241070227957,1.0638120569246137,1288.9750003814697,0.0
7,waypoint_27,0.0,0.5832395638957755,-0.7819241070227957,1.0638120569246137,1255.8977603912354,0.0
8,waypoint_27,0.0,0.5832395638957755,-0.7819241070227957,1.0638120569246137,511.7960572242737,0.0
9,waypoint_27,0.0,0.5832395638957755,-0.7819241070227957,1.0638120569246137,612.8037571907043,0.0
10,waypoint_27,0.0,0.5832395638957755,-0.7819241070227957,1.0638120569246137,557.1624040603638,0.0
11,waypoint_27,0.0,0.5832395638957755,-0.7819241070227957,1.0638120569246137,464.2324149608612,0.0
12,waypoint_27,0.0,0.5832395638957755,-0.7819241070227957,1.0638120569246137,466.81007742881775,0.0
13,waypoint_27,0.0,0.5832395638957755,-0.7819241070227957,1.0638120569246137,505.07062673568726,0.0
14,waypoint_27,0.0,0.5832395638957755,-0.7819241070227957,1.0638120569246137,518.9109444618225,0.0
0,waypoint_27,15.0,0.5832395638957755,-0.7819241070227957,1.0638120569246137,4519.150257110596,0.0
1,waypoint_27,15.0,0.5832395638957755,-0.7819241070227957,1.0638120569246137,3254.779815673828,0.0
2,waypoint_27,15.0,0.5832395638957755,-0.7819241070227957,1.0638120569246137,2894.761800765991,0.0
3,waypoint_27,15.0,0.5832395638957755,-0.7819241070227957,1.0638120569246137,1105.76593875885,0.0
4,waypoint_27,15.0,0.5832395638957755,-0.7819241070227957,1.0638120569246137,1082.0951461791992,0.0
5,waypoint_27,15.0,0.5832395638957755,-0.7819241070227957,1.0638120569246137,1540.719747543335,0.0
6,waypoint_27,15.0,0.5832395638957755,-0.7819241070227957,1.0638120569246137,1243.8416481018066,0.0
7,waypoint_27,15.0,0.5832395638957755,-0.7819241070227957,1.0638120569246137,1213.3152484893799,0.0
8,waypoint_27,15.0,0.5832395638957755,-0.7819241070227957,1.0638120569246137,498.94100427627563,0.0
9,waypoint_27,15.0,0.5832395638957755,-0.7819241070227957,1.0638120569246137,628.2268166542053,0.0
10,waypoint_27,15.0,0.5832395638957755,-0.7819241070227957,1.0638120569246137,559.975802898407,0.0
11,waypoint_27,15.0,0.5832395638957755,-0.7819241070227957,1.0638120569246137,493.5978651046753,0.0
12,waypoint_27,15.0,0.5832395638957755,-0.7819241070227957,1.0638120569246137,464.2893373966217,0.0
13,waypoint_27,15.0,0.5832395638957755,-0.7819241070227957,1.0638120569246137,512.4547481536865,0.0
14,waypoint_27,15.0,0.5832395638957755,-0.7819241070227957,1.0638120569246137,506.1038136482239,0.0
0,waypoint_27,30.0,0.5832395638957755,-0.7819241070227957,1.0638120569246137,4497.570037841797,0.0
1,waypoint_27,30.0,0.5832395638957755,-0.7819241070227957,1.0638120569246137,3257.8744888305664,0.0
2,waypoint_27,30.0,0.5832395638957755,-0.7819241070227957,1.0638120569246137,2930.863618850708,0.0
3,waypoint_27,30.0,0.5832395638957755,-0.7819241070227957,1.0638120569246137,1093.9470529556274,0.0
4,waypoint_27,30.0,0.5832395638957755,-0.7819241070227957,1.0638120569246137,1082.0223093032837,0.0
5,waypoint_27,30.0,0.5832395638957755,-0.7819241070227957,1.0638120569246137,1620.2744245529175,0.0
6,waypoint_27,30.0,0.5832395638957755,-0.7819241070227957,1.0638120569246137,1287.8316640853882,0.0
7,waypoint_27,30.0,0.5832395638957755,-0.7819241070227957,1.0638120569246137,1235.0337505340576,0.0
8,waypoint_27,30.0,0.5832395638957755,-0.7819241070227957,1.0638120569246137,544.0459251403809,0.0
9,waypoint_27,30.0,0.5832395638957755,-0.7819241070227957,1.0638120569246137,616.1137819290161,0.0
10,waypoint_27,30.0,0.5832395638957755,-0.7819241070227957,1.0638120569246137,549.4897961616516,0.0
11,waypoint_27,30.0,0.5832395638957755,-0.7819241070227957,1.0638120569246137,482.10394382476807,0.0
12,waypoint_27,30.0,0.5832395638957755,-0.7819241070227957,1.0638120569246137,460.31486988067627,0.0
13,waypoint_27,30.0,0.5832395638957755,-0.7819241070227957,1.0638120569246137,511.97880506515503,0.0
14,waypoint_27,30.0,0.5832395638957755,-0.7819241070227957,1.0638120569246137,569.3542957305908,0.0
0,waypoint_28,30.0,0.6032395638957753,-0.7819241070227957,1.0638120569246137,4511.031627655029,0.0
1,waypoint_28,30.0,0.6032395638957753,-0.7819241070227957,1.0638120569246137,3260.2784633636475,0.0
2,waypoint_28,30.0,0.6032395638957753,-0.7819241070227957,1.0638120569246137,2887.432813644409,0.0
3,waypoint_28,30.0,0.6032395638957753,-0.7819241070227957,1.0638120569246137,1057.5180053710938,0.0
4,waypoint_28,30.0,0.6032395638957753,-0.7819241070227957,1.0638120569246137,1062.9252195358276,0.0
5,waypoint_28,30.0,0.6032395638957753,-0.7819241070227957,1.0638120569246137,1614.5410537719727,0.0
6,waypoint_28,30.0,0.6032395638957753,-0.7819241070227957,1.0638120569246137,1311.7563724517822,0.0
7,waypoint_28,30.0,0.6032395638957753,-0.7819241070227957,1.0638120569246137,1180.7234287261963,0.0
8,waypoint_28,30.0,0.6032395638957753,-0.7819241070227957,1.0638120569246137,563.9428496360779,0.0
9,waypoint_28,30.0,0.6032395638957753,-0.7819241070227957,1.0638120569246137,635.6026530265808,0.0
10,waypoint_28,30.0,0.6032395638957753,-0.7819241070227957,1.0638120569246137,568.5057640075684,0.0
11,waypoint_28,30.0,0.6032395638957753,-0.7819241070227957,1.0638120569246137,500.2089738845825,0.0
12,waypoint_28,30.0,0.6032395638957753,-0.7819241070227957,1.0638120569246137,462.0048999786377,0.0
13,waypoint_28,30.0,0.6032395638957753,-0.7819241070227957,1.0638120569246137,485.040158033371,0.0
14,waypoint_28,30.0,0.6032395638957753,-0.7819241070227957,1.0638120569246137,579.2394280433655,0.0
0,waypoint_28,15.0,0.6032395638957753,-0.7819241070227957,1.0638120569246137,4511.410236358643,0.0
1,waypoint_28,15.0,0.6032395638957753,-0.7819241070227957,1.0638120569246137,3257.2379112243652,0.0
2,waypoint_28,15.0,0.6032395638957753,-0.7819241070227957,1.0638120569246137,2863.964080810547,0.0
3,waypoint_28,15.0,0.6032395638957753,-0.7819241070227957,1.0638120569246137,1097.2360372543335,0.0
4,waypoint_28,15.0,0.6032395638957753,-0.7819241070227957,1.0638120569246137,1062.9332065582275,0.0
5,waypoint_28,15.0,0.6032395638957753,-0.7819241070227957,1.0638120569246137,1535.1252555847168,0.0
6,waypoint_28,15.0,0.6032395638957753,-0.7819241070227957,1.0638120569246137,1257.416844367981,0.0
7,waypoint_28,15.0,0.6032395638957753,-0.7819241070227957,1.0638120569246137,1179.79896068573,0.0
8,waypoint_28,15.0,0.6032395638957753,-0.7819241070227957,1.0638120569246137,572.5853443145752,0.0
9,waypoint_28,15.0,0.6032395638957753,-0.7819241070227957,1.0638120569246137,647.2651362419128,0.0
10,waypoint_28,15.0,0.6032395638957753,-0.7819241070227957,1.0638120569246137,578.654408454895,0.0
11,waypoint_28,15.0,0.6032395638957753,-0.7819241070227957,1.0638120569246137,511.55805587768555,0.0
12,waypoint_28,15.0,0.6032395638957753,-0.7819241070227957,1.0638120569246137,452.39418745040894,0.0
13,waypoint_28,15.0,0.6032395638957753,-0.7819241070227957,1.0638120569246137,488.84686827659607,0.0
14,waypoint_28,15.0,0.6032395638957753,-0.7819241070227957,1.0638120569246137,550.0373244285583,0.0
0,waypoint_28,0.0,0.6032395638957753,-0.7819241070227957,1.0638120569246137,4533.990383148193,0.0
1,waypoint_28,0.0,0.6032395638957753,-0.7819241070227957,1.0638120569246137,3255.0015449523926,0.0
2,waypoint_28,0.0,0.6032395638957753,-0.7819241070227957,1.0638120569246137,2868.522882461548,0.0
3,waypoint_28,0.0,0.6032395638957753,-0.7819241070227957,1.0638120569246137,1065.131664276123,0.0
4,waypoint_28,0.0,0.6032395638957753,-0.7819241070227957,1.0638120569246137,1062.9838705062866,0.0
5,waypoint_28,0.0,0.6032395638957753,-0.7819241070227957,1.0638120569246137,1915.112018585205,0.0
6,waypoint_28,0.0,0.6032395638957753,-0.7819241070227957,1.0638120569246137,1221.8400239944458,0.0
7,waypoint_28,0.0,0.6032395638957753,-0.7819241070227957,1.0638120569246137,1274.049997329712,0.0
8,waypoint_28,0.0,0.6032395638957753,-0.7819241070227957,1.0638120569246137,572.6170539855957,0.0
9,waypoint_28,0.0,0.6032395638957753,-0.7819241070227957,1.0638120569246137,633.5694193840027,0.0
10,waypoint_28,0.0,0.6032395638957753,-0.7819241070227957,1.0638120569246137,574.5378732681274,0.0
11,waypoint_28,0.0,0.6032395638957753,-0.7819241070227957,1.0638120569246137,513.690173625946,0.0
12,waypoint_28,0.0,0.6032395638957753,-0.7819241070227957,1.0638120569246137,441.73237681388855,0.0
13,waypoint_28,0.0,0.6032395638957753,-0.7819241070227957,1.0638120569246137,512.4238133430481,0.0
14,waypoint_28,0.0,0.6032395638957753,-0.7819241070227957,1.0638120569246137,532.6176881790161,0.0
0,waypoint_28,-15.0,0.6032395638957753,-0.7819241070227957,1.0638120569246137,4489.381313323975,0.0
1,waypoint_28,-15.0,0.6032395638957753,-0.7819241070227957,1.0638120569246137,3254.47940826416,0.0
2,waypoint_28,-15.0,0.6032395638957753,-0.7819241070227957,1.0638120569246137,2830.7738304138184,0.0
3,waypoint_28,-15.0,0.6032395638957753,-0.7819241070227957,1.0638120569246137,1088.9357328414917,0.0
4,waypoint_28,-15.0,0.6032395638957753,-0.7819241070227957,1.0638120569246137,1062.9863739013672,0.0
5,waypoint_28,-15.0,0.6032395638957753,-0.7819241070227957,1.0638120569246137,2156.040906906128,0.0
6,waypoint_28,-15.0,0.6032395638957753,-0.7819241070227957,1.0638120569246137,1183.8597059249878,0.0
7,waypoint_28,-15.0,0.6032395638957753,-0.7819241070227957,1.0638120569246137,1341.3240909576416,0.0
8,waypoint_28,-15.0,0.6032395638957753,-0.7819241070227957,1.0638120569246137,571.2214708328247,0.0
9,waypoint_28,-15.0,0.6032395638957753,-0.7819241070227957,1.0638120569246137,632.7627301216125,0.0
10,waypoint_28,-15.0,0.6032395638957753,-0.7819241070227957,1.0638120569246137,574.3072032928467,0.0
11,waypoint_28,-15.0,0.6032395638957753,-0.7819241070227957,1.0638120569246137,512.5536322593689,0.0
12,waypoint_28,-15.0,0.6032395638957753,-0.7819241070227957,1.0638120569246137,425.80944299697876,0.0
13,waypoint_28,-15.0,0.6032395638957753,-0.7819241070227957,1.0638120569246137,516.3245797157288,0.0
14,waypoint_28,-15.0,0.6032395638957753,-0.7819241070227957,1.0638120569246137,513.9405727386475,0.0
0,waypoint_28,-30.0,0.6032395638957753,-0.7819241070227957,1.0638120569246137,4507.461071014404,0.0
1,waypoint_28,-30.0,0.6032395638957753,-0.7819241070227957,1.0638120569246137,3256.444215774536,0.0
2,waypoint_28,-30.0,0.6032395638957753,-0.7819241070227957,1.0638120569246137,2770.0958251953125,0.0
3,waypoint_28,-30.0,0.6032395638957753,-0.7819241070227957,1.0638120569246137,887.4844908714294,0.0
4,waypoint_28,-30.0,0.6032395638957753,-0.7819241070227957,1.0638120569246137,1062.9280805587769,0.0
5,waypoint_28,-30.0,0.6032395638957753,-0.7819241070227957,1.0638120569246137,2192.418336868286,0.0
6,waypoint_28,-30.0,0.6032395638957753,-0.7819241070227957,1.0638120569246137,1156.690001487732,0.0
7,waypoint_28,-30.0,0.6032395638957753,-0.7819241070227957,1.0638120569246137,1295.091152191162,0.0
8,waypoint_28,-30.0,0.6032395638957753,-0.7819241070227957,1.0638120569246137,569.8971152305603,0.0
9,waypoint_28,-30.0,0.6032395638957753,-0.7819241070227957,1.0638120569246137,631.2106847763062,0.0
10,waypoint_28,-30.0,0.6032395638957753,-0.7819241070227957,1.0638120569246137,573.4484195709229,0.0
11,waypoint_28,-30.0,0.6032395638957753,-0.7819241070227957,1.0638120569246137,510.1858973503113,0.0
12,waypoint_28,-30.0,0.6032395638957753,-0.7819241070227957,1.0638120569246137,400.68522095680237,0.0
13,waypoint_28,-30.0,0.6032395638957753,-0.7819241070227957,1.0638120569246137,498.1038272380829,0.0
14,waypoint_28,-30.0,0.6032395638957753,-0.7819241070227957,1.0638120569246137,518.9989805221558,0.0
0,waypoint_29,-30.0,0.6232395638957755,-0.7819241070227957,1.0638120569246137,4525.652885437012,0.0
1,waypoint_29,-30.0,0.6232395638957755,-0.7819241070227957,1.0638120569246137,3259.430170059204,0.0
2,waypoint_29,-30.0,0.6232395638957755,-0.7819241070227957,1.0638120569246137,2742.1486377716064,0.0
3,waypoint_29,-30.0,0.6232395638957755,-0.7819241070227957,1.0638120569246137,878.964900970459,0.0
4,waypoint_29,-30.0,0.6232395638957755,-0.7819241070227957,1.0638120569246137,1043.9066886901855,0.0
5,waypoint_29,-30.0,0.6232395638957755,-0.7819241070227957,1.0638120569246137,2190.9379959106445,0.0
6,waypoint_29,-30.0,0.6232395638957755,-0.7819241070227957,1.0638120569246137,1389.4822597503662,0.0
7,waypoint_29,-30.0,0.6232395638957755,-0.7819241070227957,1.0638120569246137,1104.9076318740845,0.0
8,waypoint_29,-30.0,0.6232395638957755,-0.7819241070227957,1.0638120569246137,589.1809463500977,0.0
9,waypoint_29,-30.0,0.6232395638957755,-0.7819241070227957,1.0638120569246137,649.3714451789856,0.0
10,waypoint_29,-30.0,0.6232395638957755,-0.7819241070227957,1.0638120569246137,591.5203094482422,0.0
11,waypoint_29,-30.0,0.6232395638957755,-0.7819241070227957,1.0638120569246137,527.7226567268372,0.0
12,waypoint_29,-30.0,0.6232395638957755,-0.7819241070227957,1.0638120569246137,411.1650586128235,0.0
13,waypoint_29,-30.0,0.6232395638957755,-0.7819241070227957,1.0638120569246137,502.10386514663696,0.0
14,waypoint_29,-30.0,0.6232395638957755,-0.7819241070227957,1.0638120569246137,515.340268611908,0.0
0,waypoint_29,-15.0,0.6232395638957755,-0.7819241070227957,1.0638120569246137,4565.994739532471,0.0
1,waypoint_29,-15.0,0.6232395638957755,-0.7819241070227957,1.0638120569246137,3257.300615310669,0.0
2,waypoint_29,-15.0,0.6232395638957755,-0.7819241070227957,1.0638120569246137,2782.9113006591797,0.0
3,waypoint_29,-15.0,0.6232395638957755,-0.7819241070227957,1.0638120569246137,1073.3987092971802,0.0
4,waypoint_29,-15.0,0.6232395638957755,-0.7819241070227957,1.0638120569246137,1044.0216064453125,0.0
5,waypoint_29,-15.0,0.6232395638957755,-0.7819241070227957,1.0638120569246137,2160.1226329803467,0.0
6,waypoint_29,-15.0,0.6232395638957755,-0.7819241070227957,1.0638120569246137,1385.6834173202515,0.0
7,waypoint_29,-15.0,0.6232395638957755,-0.7819241070227957,1.0638120569246137,1291.0263538360596,0.0
8,waypoint_29,-15.0,0.6232395638957755,-0.7819241070227957,1.0638120569246137,589.3977880477905,0.0
9,waypoint_29,-15.0,0.6232395638957755,-0.7819241070227957,1.0638120569246137,649.6725678443909,0.0
10,waypoint_29,-15.0,0.6232395638957755,-0.7819241070227957,1.0638120569246137,591.3891792297363,0.0
11,waypoint_29,-15.0,0.6232395638957755,-0.7819241070227957,1.0638120569246137,528.1561017036438,0.0
12,waypoint_29,-15.0,0.6232395638957755,-0.7819241070227957,1.0638120569246137,430.6356608867645,0.0
13,waypoint_29,-15.0,0.6232395638957755,-0.7819241070227957,1.0638120569246137,511.566698551178,0.0
14,waypoint_29,-15.0,0.6232395638957755,-0.7819241070227957,1.0638120569246137,519.5559859275818,0.0
0,waypoint_29,0.0,0.6232395638957755,-0.7819241070227957,1.0638120569246137,4573.2927322387695,0.0
1,waypoint_29,0.0,0.6232395638957755,-0.7819241070227957,1.0638120569246137,3257.676601409912,0.0
2,waypoint_29,0.0,0.6232395638957755,-0.7819241070227957,1.0638120569246137,2841.9737815856934,0.0
3,waypoint_29,0.0,0.6232395638957755,-0.7819241070227957,1.0638120569246137,1071.0242986679077,0.0
4,waypoint_29,0.0,0.6232395638957755,-0.7819241070227957,1.0638120569246137,1043.9218282699585,0.0
5,waypoint_29,0.0,0.6232395638957755,-0.7819241070227957,1.0638120569246137,2092.381477355957,0.0
6,waypoint_29,0.0,0.6232395638957755,-0.7819241070227957,1.0638120569246137,1273.50652217865,0.0
7,waypoint_29,0.0,0.6232395638957755,-0.7819241070227957,1.0638120569246137,1256.9694519042969,0.0
8,waypoint_29,0.0,0.6232395638957755,-0.7819241070227957,1.0638120569246137,589.8072719573975,0.0
9,waypoint_29,0.0,0.6232395638957755,-0.7819241070227957,1.0638120569246137,650.0085592269897,0.0
10,waypoint_29,0.0,0.6232395638957755,-0.7819241070227957,1.0638120569246137,591.6373133659363,0.0
11,waypoint_29,0.0,0.6232395638957755,-0.7819241070227957,1.0638120569246137,528.9386510848999,0.0
12,waypoint_29,0.0,0.6232395638957755,-0.7819241070227957,1.0638120569246137,450.8918821811676,0.0
13,waypoint_29,0.0,0.6232395638957755,-0.7819241070227957,1.0638120569246137,512.3531222343445,0.0
14,waypoint_29,0.0,0.6232395638957755,-0.7819241070227957,1.0638120569246137,538.3579134941101,0.0
0,waypoint_29,15.0,0.6232395638957755,-0.7819241070227957,1.0638120569246137,4590.827941894531,0.0
1,waypoint_29,15.0,0.6232395638957755,-0.7819241070227957,1.0638120569246137,3259.8044872283936,0.0
2,waypoint_29,15.0,0.6232395638957755,-0.7819241070227957,1.0638120569246137,2854.560613632202,0.0
3,waypoint_29,15.0,0.6232395638957755,-0.7819241070227957,1.0638120569246137,1103.3940315246582,0.0
4,waypoint_29,15.0,0.6232395638957755,-0.7819241070227957,1.0638120569246137,1043.8538789749146,0.0
5,waypoint_29,15.0,0.6232395638957755,-0.7819241070227957,1.0638120569246137,1529.7150611877441,0.0
6,waypoint_29,15.0,0.6232395638957755,-0.7819241070227957,1.0638120569246137,1197.4912881851196,0.0
7,waypoint_29,15.0,0.6232395638957755,-0.7819241070227957,1.0638120569246137,1192.9130554199219,0.0
8,waypoint_29,15.0,0.6232395638957755,-0.7819241070227957,1.0638120569246137,592.208206653595,0.0
9,waypoint_29,15.0,0.6232395638957755,-0.7819241070227957,1.0638120569246137,665.9606099128723,0.0
10,waypoint_29,15.0,0.6232395638957755,-0.7819241070227957,1.0638120569246137,597.4757075309753,0.0
11,waypoint_29,15.0,0.6232395638957755,-0.7819241070227957,1.0638120569246137,529.5938849449158,0.0
12,waypoint_29,15.0,0.6232395638957755,-0.7819241070227957,1.0638120569246137,461.9068503379822,0.0
13,waypoint_29,15.0,0.6232395638957755,-0.7819241070227957,1.0638120569246137,472.9100465774536,0.0
14,waypoint_29,15.0,0.6232395638957755,-0.7819241070227957,1.0638120569246137,530.6353569030762,0.0
0,waypoint_29,30.0,0.6232395638957755,-0.7819241070227957,1.0638120569246137,4570.631504058838,0.0
1,waypoint_29,30.0,0.6232395638957755,-0.7819241070227957,1.0638120569246137,3262.782335281372,0.0
2,waypoint_29,30.0,0.6232395638957755,-0.7819241070227957,1.0638120569246137,2827.5890350341797,0.0
3,waypoint_29,30.0,0.6232395638957755,-0.7819241070227957,1.0638120569246137,1062.9912614822388,0.0
4,waypoint_29,30.0,0.6232395638957755,-0.7819241070227957,1.0638120569246137,1044.215440750122,0.0
5,waypoint_29,30.0,0.6232395638957755,-0.7819241070227957,1.0638120569246137,1608.946681022644,0.0
6,waypoint_29,30.0,0.6232395638957755,-0.7819241070227957,1.0638120569246137,1220.962643623352,0.0
7,waypoint_29,30.0,0.6232395638957755,-0.7819241070227957,1.0638120569246137,1126.866102218628,0.0
8,waypoint_29,30.0,0.6232395638957755,-0.7819241070227957,1.0638120569246137,584.2544436454773,0.0
9,waypoint_29,30.0,0.6232395638957755,-0.7819241070227957,1.0638120569246137,655.4880738258362,0.0
10,waypoint_29,30.0,0.6232395638957755,-0.7819241070227957,1.0638120569246137,587.7300500869751,0.0
11,waypoint_29,30.0,0.6232395638957755,-0.7819241070227957,1.0638120569246137,518.6886787414551,0.0
12,waypoint_29,30.0,0.6232395638957755,-0.7819241070227957,1.0638120569246137,449.6072232723236,0.0
13,waypoint_29,30.0,0.6232395638957755,-0.7819241070227957,1.0638120569246137,474.5021164417267,0.0
14,waypoint_29,30.0,0.6232395638957755,-0.7819241070227957,1.0638120569246137,590.2206301689148,0.0
0,waypoint_30,30.0,0.6432395638957753,-0.7819241070227957,1.0638120569246137,4615.92435836792,0.0
1,waypoint_30,30.0,0.6432395638957753,-0.7819241070227957,1.0638120569246137,3265.3889656066895,0.0
2,waypoint_30,30.0,0.6432395638957753,-0.7819241070227957,1.0638120569246137,2826.7242908477783,0.0
3,waypoint_30,30.0,0.6432395638957753,-0.7819241070227957,1.0638120569246137,1047.2338199615479,0.0
4,waypoint_30,30.0,0.6432395638957753,-0.7819241070227957,1.0638120569246137,1025.1935720443726,0.0
5,waypoint_30,30.0,0.6432395638957753,-0.7819241070227957,1.0638120569246137,1603.5569906234741,0.0
6,waypoint_30,30.0,0.6432395638957753,-0.7819241070227957,1.0638120569246137,1280.932068824768,0.0
7,waypoint_30,30.0,0.6432395638957753,-0.7819241070227957,1.0638120569246137,1125.9770393371582,0.0
8,waypoint_30,30.0,0.6432395638957753,-0.7819241070227957,1.0638120569246137,604.689359664917,0.0
9,waypoint_30,30.0,0.6432395638957753,-0.7819241070227957,1.0638120569246137,675.2609014511108,0.0
10,waypoint_30,30.0,0.6432395638957753,-0.7819241070227957,1.0638120569246137,607.1276664733887,0.0
11,waypoint_30,30.0,0.6432395638957753,-0.7819241070227957,1.0638120569246137,537.360429763794,0.0
12,waypoint_30,30.0,0.6432395638957753,-0.7819241070227957,1.0638120569246137,467.1902358531952,0.0
13,waypoint_30,30.0,0.6432395638957753,-0.7819241070227957,1.0638120569246137,486.72038316726685,0.0
14,waypoint_30,30.0,0.6432395638957753,-0.7819241070227957,1.0638120569246137,605.3644418716431,0.0
0,waypoint_30,15.0,0.6432395638957753,-0.7819241070227957,1.0638120569246137,4607.1977615356445,0.0
1,waypoint_30,15.0,0.6432395638957753,-0.7819241070227957,1.0638120569246137,3262.4855041503906,0.0
2,waypoint_30,15.0,0.6432395638957753,-0.7819241070227957,1.0638120569246137,2834.8257541656494,0.0
3,waypoint_30,15.0,0.6432395638957753,-0.7819241070227957,1.0638120569246137,1057.4804544448853,0.0
4,waypoint_30,15.0,0.6432395638957753,-0.7819241070227957,1.0638120569246137,1025.165319442749,0.0
5,waypoint_30,15.0,0.6432395638957753,-0.7819241070227957,1.0638120569246137,1524.488091468811,0.0
6,waypoint_30,15.0,0.6432395638957753,-0.7819241070227957,1.0638120569246137,1268.3160305023193,0.0
7,waypoint_30,15.0,0.6432395638957753,-0.7819241070227957,1.0638120569246137,1226.181983947754,0.0
8,waypoint_30,15.0,0.6432395638957753,-0.7819241070227957,1.0638120569246137,612.0569109916687,0.0
9,waypoint_30,15.0,0.6432395638957753,-0.7819241070227957,1.0638120569246137,681.6744804382324,0.0
10,waypoint_30,15.0,0.6432395638957753,-0.7819241070227957,1.0638120569246137,616.5196895599365,0.0
11,waypoint_30,15.0,0.6432395638957753,-0.7819241070227957,1.0638120569246137,548.0391979217529,0.0
12,waypoint_30,15.0,0.6432395638957753,-0.7819241070227957,1.0638120569246137,480.27104139328003,0.0
13,waypoint_30,15.0,0.6432395638957753,-0.7819241070227957,1.0638120569246137,489.58083987236023,0.0
14,waypoint_30,15.0,0.6432395638957753,-0.7819241070227957,1.0638120569246137,584.7927927970886,0.0
0,waypoint_30,0.0,0.6432395638957753,-0.7819241070227957,1.0638120569246137,4593.4739112854,0.0
1,waypoint_30,0.0,0.6432395638957753,-0.7819241070227957,1.0638120569246137,3260.4598999023438,0.0
2,waypoint_30,0.0,0.6432395638957753,-0.7819241070227957,1.0638120569246137,2909.7940921783447,0.0
3,waypoint_30,0.0,0.6432395638957753,-0.7819241070227957,1.0638120569246137,1026.503086090088,0.0
4,waypoint_30,0.0,0.6432395638957753,-0.7819241070227957,1.0638120569246137,1025.2176523208618,0.0
5,waypoint_30,0.0,0.6432395638957753,-0.7819241070227957,1.0638120569246137,1968.1895971298218,0.0
6,waypoint_30,0.0,0.6432395638957753,-0.7819241070227957,1.0638120569246137,1170.8816289901733,0.0
7,waypoint_30,0.0,0.6432395638957753,-0.7819241070227957,1.0638120569246137,1201.0489702224731,0.0
8,waypoint_30,0.0,0.6432395638957753,-0.7819241070227957,1.0638120569246137,607.3256731033325,0.0
9,waypoint_30,0.0,0.6432395638957753,-0.7819241070227957,1.0638120569246137,668.124258518219,0.0
10,waypoint_30,0.0,0.6432395638957753,-0.7819241070227957,1.0638120569246137,607.0417165756226,0.0
11,waypoint_30,0.0,0.6432395638957753,-0.7819241070227957,1.0638120569246137,547.9906797409058,0.0
12,waypoint_30,0.0,0.6432395638957753,-0.7819241070227957,1.0638120569246137,458.701491355896,0.0
13,waypoint_30,0.0,0.6432395638957753,-0.7819241070227957,1.0638120569246137,478.9363145828247,0.0
14,waypoint_30,0.0,0.6432395638957753,-0.7819241070227957,1.0638120569246137,547.6272702217102,0.0
0,waypoint_30,-15.0,0.6432395638957753,-0.7819241070227957,1.0638120569246137,4530.656337738037,0.0
1,waypoint_30,-15.0,0.6432395638957753,-0.7819241070227957,1.0638120569246137,3260.2267265319824,0.0
2,waypoint_30,-15.0,0.6432395638957753,-0.7819241070227957,1.0638120569246137,2840.036392211914,0.0
3,waypoint_30,-15.0,0.6432395638957753,-0.7819241070227957,1.0638120569246137,1045.526146888733,0.0
4,waypoint_30,-15.0,0.6432395638957753,-0.7819241070227957,1.0638120569246137,1025.3223180770874,0.0
5,waypoint_30,-15.0,0.6432395638957753,-0.7819241070227957,1.0638120569246137,2159.2679023742676,0.0
6,waypoint_30,-15.0,0.6432395638957753,-0.7819241070227957,1.0638120569246137,1161.0909700393677,0.0
7,waypoint_30,-15.0,0.6432395638957753,-0.7819241070227957,1.0638120569246137,1293.5478687286377,0.0
8,waypoint_30,-15.0,0.6432395638957753,-0.7819241070227957,1.0638120569246137,606.3753366470337,0.0
9,waypoint_30,-15.0,0.6432395638957753,-0.7819241070227957,1.0638120569246137,667.4321293830872,0.0
10,waypoint_30,-15.0,0.6432395638957753,-0.7819241070227957,1.0638120569246137,606.8110466003418,0.0
11,waypoint_30,-15.0,0.6432395638957753,-0.7819241070227957,1.0638120569246137,546.7221140861511,0.0
12,waypoint_30,-15.0,0.6432395638957753,-0.7819241070227957,1.0638120569246137,458.2606554031372,0.0
13,waypoint_30,-15.0,0.6432395638957753,-0.7819241070227957,1.0638120569246137,479.59980368614197,0.0
14,waypoint_30,-15.0,0.6432395638957753,-0.7819241070227957,1.0638120569246137,527.4730920791626,0.0
0,waypoint_30,-30.0,0.6432395638957753,-0.7819241070227957,1.0638120569246137,4528.14245223999,0.0
1,waypoint_30,-30.0,0.6432395638957753,-0.7819241070227957,1.0638120569246137,3262.5269889831543,0.0
2,waypoint_30,-30.0,0.6432395638957753,-0.7819241070227957,1.0638120569246137,2739.6469116210938,0.0
3,waypoint_30,-30.0,0.6432395638957753,-0.7819241070227957,1.0638120569246137,863.8078570365906,0.0
4,waypoint_30,-30.0,0.6432395638957753,-0.7819241070227957,1.0638120569246137,1025.722861289978,0.0
5,waypoint_30,-30.0,0.6432395638957753,-0.7819241070227957,1.0638120569246137,2190.6509399414062,0.0
6,waypoint_30,-30.0,0.6432395638957753,-0.7819241070227957,1.0638120569246137,1124.918818473816,0.0
7,waypoint_30,-30.0,0.6432395638957753,-0.7819241070227957,1.0638120569246137,1168.0904626846313,0.0
8,waypoint_30,-30.0,0.6432395638957753,-0.7819241070227957,1.0638120569246137,604.585587978363,0.0
9,waypoint_30,-30.0,0.6432395638957753,-0.7819241070227957,1.0638120569246137,665.9880876541138,0.0
10,waypoint_30,-30.0,0.6432395638957753,-0.7819241070227957,1.0638120569246137,605.9566736221313,0.0
11,waypoint_30,-30.0,0.6432395638957753,-0.7819241070227957,1.0638120569246137,544.1465377807617,0.0
12,waypoint_30,-30.0,0.6432395638957753,-0.7819241070227957,1.0638120569246137,457.632452249527,0.0
13,waypoint_30,-30.0,0.6432395638957753,-0.7819241070227957,1.0638120569246137,465.82818031311035,0.0
14,waypoint_30,-30.0,0.6432395638957753,-0.7819241070227957,1.0638120569246137,523.6770510673523,0.0
0,waypoint_31,-30.0,0.46323956389577614,-0.7565540276512385,1.0638120569246137,4361.994743347168,0.0
1,waypoint_31,-30.0,0.46323956389577614,-0.7565540276512385,1.0638120569246137,3213.381290435791,0.0
2,waypoint_31,-30.0,0.46323956389577614,-0.7565540276512385,1.0638120569246137,2806.2939643859863,0.0
3,waypoint_31,-30.0,0.46323956389577614,-0.7565540276512385,1.0638120569246137,987.0259761810303,0.0
4,waypoint_31,-30.0,0.46323956389577614,-0.7565540276512385,1.0638120569246137,1193.9033269882202,0.0
5,waypoint_31,-30.0,0.46323956389577614,-0.7565540276512385,1.0638120569246137,2183.976888656616,0.0
6,waypoint_31,-30.0,0.46323956389577614,-0.7565540276512385,1.0638120569246137,1277.3058414459229,0.0
7,waypoint_31,-30.0,0.46323956389577614,-0.7565540276512385,1.0638120569246137,1120.0840473175049,0.0
8,waypoint_31,-30.0,0.46323956389577614,-0.7565540276512385,1.0638120569246137,434.14610624313354,0.0
9,waypoint_31,-30.0,0.46323956389577614,-0.7565540276512385,1.0638120569246137,493.04234981536865,0.0
10,waypoint_31,-30.0,0.46323956389577614,-0.7565540276512385,1.0638120569246137,446.2541937828064,0.0
11,waypoint_31,-30.0,0.46323956389577614,-0.7565540276512385,1.0638120569246137,398.89514446258545,0.0
12,waypoint_31,-30.0,0.46323956389577614,-0.7565540276512385,1.0638120569246137,346.5029299259186,0.0
13,waypoint_31,-30.0,0.46323956389577614,-0.7565540276512385,1.0638120569246137,371.46443128585815,0.0
14,waypoint_31,-30.0,0.46323956389577614,-0.7565540276512385,1.0638120569246137,375.64828991889954,0.0
0,waypoint_31,-15.0,0.46323956389577614,-0.7565540276512385,1.0638120569246137,4350.313663482666,0.0
1,waypoint_31,-15.0,0.46323956389577614,-0.7565540276512385,1.0638120569246137,3212.6705646514893,0.0
2,waypoint_31,-15.0,0.46323956389577614,-0.7565540276512385,1.0638120569246137,2828.343152999878,0.0
3,waypoint_31,-15.0,0.46323956389577614,-0.7565540276512385,1.0638120569246137,1098.3237028121948,0.0
4,waypoint_31,-15.0,0.46323956389577614,-0.7565540276512385,1.0638120569246137,1194.0447092056274,0.0
5,waypoint_31,-15.0,0.46323956389577614,-0.7565540276512385,1.0638120569246137,2148.6823558807373,0.0
6,waypoint_31,-15.0,0.46323956389577614,-0.7565540276512385,1.0638120569246137,1272.2785472869873,0.0
7,waypoint_31,-15.0,0.46323956389577614,-0.7565540276512385,1.0638120569246137,1418.1236028671265,0.0
8,waypoint_31,-15.0,0.46323956389577614,-0.7565540276512385,1.0638120569246137,462.08903193473816,0.0
9,waypoint_31,-15.0,0.46323956389577614,-0.7565540276512385,1.0638120569246137,493.0400550365448,0.0
10,waypoint_31,-15.0,0.46323956389577614,-0.7565540276512385,1.0638120569246137,446.979820728302,0.0
11,waypoint_31,-15.0,0.46323956389577614,-0.7565540276512385,1.0638120569246137,417.3797369003296,0.0
12,waypoint_31,-15.0,0.46323956389577614,-0.7565540276512385,1.0638120569246137,346.3418483734131,0.0
13,waypoint_31,-15.0,0.46323956389577614,-0.7565540276512385,1.0638120569246137,394.45948600769043,0.0
14,waypoint_31,-15.0,0.46323956389577614,-0.7565540276512385,1.0638120569246137,374.70126152038574,0.0
0,waypoint_31,0.0,0.46323956389577614,-0.7565540276512385,1.0638120569246137,4408.927440643311,0.0
1,waypoint_31,0.0,0.46323956389577614,-0.7565540276512385,1.0638120569246137,3214.279890060425,0.0
2,waypoint_31,0.0,0.46323956389577614,-0.7565540276512385,1.0638120569246137,2972.3517894744873,0.0
3,waypoint_31,0.0,0.46323956389577614,-0.7565540276512385,1.0638120569246137,1116.6750192642212,0.0
4,waypoint_31,0.0,0.46323956389577614,-0.7565540276512385,1.0638120569246137,1194.0572261810303,0.0
5,waypoint_31,0.0,0.46323956389577614,-0.7565540276512385,1.0638120569246137,2070.262908935547,0.0
6,waypoint_31,0.0,0.46323956389577614,-0.7565540276512385,1.0638120569246137,1265.547752380371,0.0
7,waypoint_31,0.0,0.46323956389577614,-0.7565540276512385,1.0638120569246137,1317.8232908248901,0.0
8,waypoint_31,0.0,0.46323956389577614,-0.7565540276512385,1.0638120569246137,467.56502985954285,0.0
9,waypoint_31,0.0,0.46323956389577614,-0.7565540276512385,1.0638120569246137,493.33998560905457,0.0
10,waypoint_31,0.0,0.46323956389577614,-0.7565540276512385,1.0638120569246137,445.8880126476288,0.0
11,waypoint_31,0.0,0.46323956389577614,-0.7565540276512385,1.0638120569246137,456.6074013710022,0.0
12,waypoint_31,0.0,0.46323956389577614,-0.7565540276512385,1.0638120569246137,460.45956015586853,0.0
13,waypoint_31,0.0,0.46323956389577614,-0.7565540276512385,1.0638120569246137,425.32333731651306,0.0
14,waypoint_31,0.0,0.46323956389577614,-0.7565540276512385,1.0638120569246137,409.419983625412,0.0
0,waypoint_31,15.0,0.46323956389577614,-0.7565540276512385,1.0638120569246137,4440.773010253906,0.0
1,waypoint_31,15.0,0.46323956389577614,-0.7565540276512385,1.0638120569246137,3217.3492908477783,0.0
2,waypoint_31,15.0,0.46323956389577614,-0.7565540276512385,1.0638120569246137,2953.0067443847656,0.0
3,waypoint_31,15.0,0.46323956389577614,-0.7565540276512385,1.0638120569246137,1141.017198562622,0.0
4,waypoint_31,15.0,0.46323956389577614,-0.7565540276512385,1.0638120569246137,1194.3308115005493,0.0
5,waypoint_31,15.0,0.46323956389577614,-0.7565540276512385,1.0638120569246137,1553.5465478897095,0.0
6,waypoint_31,15.0,0.46323956389577614,-0.7565540276512385,1.0638120569246137,1372.9327917099,0.0
7,waypoint_31,15.0,0.46323956389577614,-0.7565540276512385,1.0638120569246137,1362.1695041656494,0.0
8,waypoint_31,15.0,0.46323956389577614,-0.7565540276512385,1.0638120569246137,438.8703405857086,0.0
9,waypoint_31,15.0,0.46323956389577614,-0.7565540276512385,1.0638120569246137,504.08607721328735,0.0
10,waypoint_31,15.0,0.46323956389577614,-0.7565540276512385,1.0638120569246137,449.78806376457214,0.0
11,waypoint_31,15.0,0.46323956389577614,-0.7565540276512385,1.0638120569246137,572.44473695755,0.0
12,waypoint_31,15.0,0.46323956389577614,-0.7565540276512385,1.0638120569246137,522.7449536323547,0.0
13,waypoint_31,15.0,0.46323956389577614,-0.7565540276512385,1.0638120569246137,518.4096097946167,0.0
14,waypoint_31,15.0,0.46323956389577614,-0.7565540276512385,1.0638120569246137,414.06261920928955,0.0
0,waypoint_31,30.0,0.46323956389577614,-0.7565540276512385,1.0638120569246137,4450.478553771973,0.0
1,waypoint_31,30.0,0.46323956389577614,-0.7565540276512385,1.0638120569246137,3220.899820327759,0.0
2,waypoint_31,30.0,0.46323956389577614,-0.7565540276512385,1.0638120569246137,2912.7275943756104,0.0
3,waypoint_31,30.0,0.46323956389577614,-0.7565540276512385,1.0638120569246137,1149.9085426330566,0.0
4,waypoint_31,30.0,0.46323956389577614,-0.7565540276512385,1.0638120569246137,1194.2905187606812,0.0
5,waypoint_31,30.0,0.46323956389577614,-0.7565540276512385,1.0638120569246137,1638.727068901062,0.0
6,waypoint_31,30.0,0.46323956389577614,-0.7565540276512385,1.0638120569246137,1394.7526216506958,0.0
7,waypoint_31,30.0,0.46323956389577614,-0.7565540276512385,1.0638120569246137,1270.3665494918823,0.0
8,waypoint_31,30.0,0.46323956389577614,-0.7565540276512385,1.0638120569246137,426.5923500061035,0.0
9,waypoint_31,30.0,0.46323956389577614,-0.7565540276512385,1.0638120569246137,491.3426339626312,0.0
10,waypoint_31,30.0,0.46323956389577614,-0.7565540276512385,1.0638120569246137,452.15460658073425,0.0
11,waypoint_31,30.0,0.46323956389577614,-0.7565540276512385,1.0638120569246137,609.6336245536804,0.0
12,waypoint_31,30.0,0.46323956389577614,-0.7565540276512385,1.0638120569246137,570.6952810287476,0.0
13,waypoint_31,30.0,0.46323956389577614,-0.7565540276512385,1.0638120569246137,570.8487033843994,0.0
14,waypoint_31,30.0,0.46323956389577614,-0.7565540276512385,1.0638120569246137,475.29667615890503,0.0
0,waypoint_32,30.0,0.4832395638957757,-0.7565540276512385,1.0638120569246137,4475.123882293701,0.0
1,waypoint_32,30.0,0.4832395638957757,-0.7565540276512385,1.0638120569246137,3222.691774368286,0.0
2,waypoint_32,30.0,0.4832395638957757,-0.7565540276512385,1.0638120569246137,2889.575242996216,0.0
3,waypoint_32,30.0,0.4832395638957757,-0.7565540276512385,1.0638120569246137,1140.984058380127,0.0
4,waypoint_32,30.0,0.4832395638957757,-0.7565540276512385,1.0638120569246137,1174.9639511108398,0.0
5,waypoint_32,30.0,0.4832395638957757,-0.7565540276512385,1.0638120569246137,1631.8275928497314,0.0
6,waypoint_32,30.0,0.4832395638957757,-0.7565540276512385,1.0638120569246137,1339.6838903427124,0.0
7,waypoint_32,30.0,0.4832395638957757,-0.7565540276512385,1.0638120569246137,1266.6257619857788,0.0
8,waypoint_32,30.0,0.4832395638957757,-0.7565540276512385,1.0638120569246137,439.9127662181854,0.0
9,waypoint_32,30.0,0.4832395638957757,-0.7565540276512385,1.0638120569246137,509.8937153816223,0.0
10,waypoint_32,30.0,0.4832395638957757,-0.7565540276512385,1.0638120569246137,465.4882848262787,0.0
11,waypoint_32,30.0,0.4832395638957757,-0.7565540276512385,1.0638120569246137,573.2527375221252,0.0
12,waypoint_32,30.0,0.4832395638957757,-0.7565540276512385,1.0638120569246137,580.5636048316956,0.0
13,waypoint_32,30.0,0.4832395638957757,-0.7565540276512385,1.0638120569246137,592.9809808731079,0.0
14,waypoint_32,30.0,0.4832395638957757,-0.7565540276512385,1.0638120569246137,533.018171787262,0.0
0,waypoint_32,15.0,0.4832395638957757,-0.7565540276512385,1.0638120569246137,4385.940074920654,0.0
1,waypoint_32,15.0,0.4832395638957757,-0.7565540276512385,1.0638120569246137,3219.184398651123,0.0
2,waypoint_32,15.0,0.4832395638957757,-0.7565540276512385,1.0638120569246137,2927.1767139434814,0.0
3,waypoint_32,15.0,0.4832395638957757,-0.7565540276512385,1.0638120569246137,1117.3030138015747,0.0
4,waypoint_32,15.0,0.4832395638957757,-0.7565540276512385,1.0638120569246137,1174.9812364578247,0.0
5,waypoint_32,15.0,0.4832395638957757,-0.7565540276512385,1.0638120569246137,1546.728253364563,0.0
6,waypoint_32,15.0,0.4832395638957757,-0.7565540276512385,1.0638120569246137,1358.7419986724854,0.0
7,waypoint_32,15.0,0.4832395638957757,-0.7565540276512385,1.0638120569246137,1425.7625341415405,0.0
8,waypoint_32,15.0,0.4832395638957757,-0.7565540276512385,1.0638120569246137,461.5643620491028,0.0
9,waypoint_32,15.0,0.4832395638957757,-0.7565540276512385,1.0638120569246137,522.2952365875244,0.0
10,waypoint_32,15.0,0.4832395638957757,-0.7565540276512385,1.0638120569246137,468.21779012680054,0.0
11,waypoint_32,15.0,0.4832395638957757,-0.7565540276512385,1.0638120569246137,592.8712487220764,0.0
12,waypoint_32,15.0,0.4832395638957757,-0.7565540276512385,1.0638120569246137,557.3194622993469,0.0
13,waypoint_32,15.0,0.4832395638957757,-0.7565540276512385,1.0638120569246137,552.3706078529358,0.0
14,waypoint_32,15.0,0.4832395638957757,-0.7565540276512385,1.0638120569246137,441.8741762638092,0.0
0,waypoint_32,0.0,0.4832395638957757,-0.7565540276512385,1.0638120569246137,4414.01481628418,0.0
1,waypoint_32,0.0,0.4832395638957757,-0.7565540276512385,1.0638120569246137,3216.2039279937744,0.0
2,waypoint_32,0.0,0.4832395638957757,-0.7565540276512385,1.0638120569246137,2906.7394733428955,0.0
3,waypoint_32,0.0,0.4832395638957757,-0.7565540276512385,1.0638120569246137,1179.0543794631958,0.0
4,waypoint_32,0.0,0.4832395638957757,-0.7565540276512385,1.0638120569246137,1174.790859222412,0.0
5,waypoint_32,0.0,0.4832395638957757,-0.7565540276512385,1.0638120569246137,1680.313229560852,0.0
6,waypoint_32,0.0,0.4832395638957757,-0.7565540276512385,1.0638120569246137,1366.8853044509888,0.0
7,waypoint_32,0.0,0.4832395638957757,-0.7565540276512385,1.0638120569246137,1091.6106700897217,0.0
8,waypoint_32,0.0,0.4832395638957757,-0.7565540276512385,1.0638120569246137,472.60546684265137,0.0
9,waypoint_32,0.0,0.4832395638957757,-0.7565540276512385,1.0638120569246137,521.9933390617371,0.0
10,waypoint_32,0.0,0.4832395638957757,-0.7565540276512385,1.0638120569246137,445.31339406967163,0.0
11,waypoint_32,0.0,0.4832395638957757,-0.7565540276512385,1.0638120569246137,575.7802128791809,0.0
12,waypoint_32,0.0,0.4832395638957757,-0.7565540276512385,1.0638120569246137,536.9961261749268,0.0
13,waypoint_32,0.0,0.4832395638957757,-0.7565540276512385,1.0638120569246137,543.0775284767151,0.0
14,waypoint_32,0.0,0.4832395638957757,-0.7565540276512385,1.0638120569246137,419.5530414581299,0.0
0,waypoint_32,-15.0,0.4832395638957757,-0.7565540276512385,1.0638120569246137,4372.099876403809,0.0
1,waypoint_32,-15.0,0.4832395638957757,-0.7565540276512385,1.0638120569246137,3214.7185802459717,0.0
2,waypoint_32,-15.0,0.4832395638957757,-0.7565540276512385,1.0638120569246137,2881.4170360565186,0.0
3,waypoint_32,-15.0,0.4832395638957757,-0.7565540276512385,1.0638120569246137,1075.7262706756592,0.0
4,waypoint_32,-15.0,0.4832395638957757,-0.7565540276512385,1.0638120569246137,1174.7719049453735,0.0
5,waypoint_32,-15.0,0.4832395638957757,-0.7565540276512385,1.0638120569246137,2145.247220993042,0.0
6,waypoint_32,-15.0,0.4832395638957757,-0.7565540276512385,1.0638120569246137,1345.0019359588623,0.0
7,waypoint_32,-15.0,0.4832395638957757,-0.7565540276512385,1.0638120569246137,1367.612600326538,0.0
8,waypoint_32,-15.0,0.4832395638957757,-0.7565540276512385,1.0638120569246137,451.94587111473083,0.0
9,waypoint_32,-15.0,0.4832395638957757,-0.7565540276512385,1.0638120569246137,521.3688611984253,0.0
10,waypoint_32,-15.0,0.4832395638957757,-0.7565540276512385,1.0638120569246137,445.0332522392273,0.0
11,waypoint_32,-15.0,0.4832395638957757,-0.7565540276512385,1.0638120569246137,551.9048571586609,0.0
12,waypoint_32,-15.0,0.4832395638957757,-0.7565540276512385,1.0638120569246137,508.70269536972046,0.0
13,waypoint_32,-15.0,0.4832395638957757,-0.7565540276512385,1.0638120569246137,523.7422585487366,0.0
14,waypoint_32,-15.0,0.4832395638957757,-0.7565540276512385,1.0638120569246137,386.80511713027954,0.0
0,waypoint_32,-30.0,0.4832395638957757,-0.7565540276512385,1.0638120569246137,4400.335788726807,0.0
1,waypoint_32,-30.0,0.4832395638957757,-0.7565540276512385,1.0638120569246137,3215.5864238739014,0.0
2,waypoint_32,-30.0,0.4832395638957757,-0.7565540276512385,1.0638120569246137,2786.757469177246,0.0
3,waypoint_32,-30.0,0.4832395638957757,-0.7565540276512385,1.0638120569246137,965.3964638710022,0.0
4,waypoint_32,-30.0,0.4832395638957757,-0.7565540276512385,1.0638120569246137,1174.6556758880615,0.0
5,waypoint_32,-30.0,0.4832395638957757,-0.7565540276512385,1.0638120569246137,2180.2890300750732,0.0
6,waypoint_32,-30.0,0.4832395638957757,-0.7565540276512385,1.0638120569246137,1472.6451635360718,0.0
7,waypoint_32,-30.0,0.4832395638957757,-0.7565540276512385,1.0638120569246137,1162.938952445984,0.0
8,waypoint_32,-30.0,0.4832395638957757,-0.7565540276512385,1.0638120569246137,412.3729169368744,0.0
9,waypoint_32,-30.0,0.4832395638957757,-0.7565540276512385,1.0638120569246137,520.5330848693848,0.0
10,waypoint_32,-30.0,0.4832395638957757,-0.7565540276512385,1.0638120569246137,444.69767808914185,0.0
11,waypoint_32,-30.0,0.4832395638957757,-0.7565540276512385,1.0638120569246137,535.856306552887,0.0
12,waypoint_32,-30.0,0.4832395638957757,-0.7565540276512385,1.0638120569246137,505.52332401275635,0.0
13,waypoint_32,-30.0,0.4832395638957757,-0.7565540276512385,1.0638120569246137,537.375271320343,0.0
14,waypoint_32,-30.0,0.4832395638957757,-0.7565540276512385,1.0638120569246137,355.0356924533844,0.0
0,waypoint_33,-30.0,0.5032395638957755,-0.7565540276512385,1.0638120569246137,4422.903060913086,0.0
1,waypoint_33,-30.0,0.5032395638957755,-0.7565540276512385,1.0638120569246137,3217.902421951294,0.0
2,waypoint_33,-30.0,0.5032395638957755,-0.7565540276512385,1.0638120569246137,2812.852621078491,0.0
3,waypoint_33,-30.0,0.5032395638957755,-0.7565540276512385,1.0638120569246137,954.3920755386353,0.0
4,waypoint_33,-30.0,0.5032395638957755,-0.7565540276512385,1.0638120569246137,1155.408501625061,0.0
5,waypoint_33,-30.0,0.5032395638957755,-0.7565540276512385,1.0638120569246137,2177.7195930480957,0.0
6,waypoint_33,-30.0,0.5032395638957755,-0.7565540276512385,1.0638120569246137,1451.3412714004517,0.0
7,waypoint_33,-30.0,0.5032395638957755,-0.7565540276512385,1.0638120569246137,1552.4390935897827,0.0
8,waypoint_33,-30.0,0.5032395638957755,-0.7565540276512385,1.0638120569246137,418.6018705368042,0.0
9,waypoint_33,-30.0,0.5032395638957755,-0.7565540276512385,1.0638120569246137,538.2289290428162,0.0
10,waypoint_33,-30.0,0.5032395638957755,-0.7565540276512385,1.0638120569246137,461.93158626556396,0.0
11,waypoint_33,-30.0,0.5032395638957755,-0.7565540276512385,1.0638120569246137,545.3083515167236,0.0
12,waypoint_33,-30.0,0.5032395638957755,-0.7565540276512385,1.0638120569246137,511.73967123031616,0.0
13,waypoint_33,-30.0,0.5032395638957755,-0.7565540276512385,1.0638120569246137,533.1882834434509,0.0
14,waypoint_33,-30.0,0.5032395638957755,-0.7565540276512385,1.0638120569246137,363.42865228652954,0.0
0,waypoint_33,-15.0,0.5032395638957755,-0.7565540276512385,1.0638120569246137,4448.31657409668,0.0
1,waypoint_33,-15.0,0.5032395638957755,-0.7565540276512385,1.0638120569246137,3216.8774604797363,0.0
2,waypoint_33,-15.0,0.5032395638957755,-0.7565540276512385,1.0638120569246137,2719.651222229004,0.0
3,waypoint_33,-15.0,0.5032395638957755,-0.7565540276512385,1.0638120569246137,1117.037296295166,0.0
4,waypoint_33,-15.0,0.5032395638957755,-0.7565540276512385,1.0638120569246137,1155.5179357528687,0.0
5,waypoint_33,-15.0,0.5032395638957755,-0.7565540276512385,1.0638120569246137,2143.254041671753,0.0
6,waypoint_33,-15.0,0.5032395638957755,-0.7565540276512385,1.0638120569246137,1488.4992837905884,0.0
7,waypoint_33,-15.0,0.5032395638957755,-0.7565540276512385,1.0638120569246137,1674.1937398910522,0.0
8,waypoint_33,-15.0,0.5032395638957755,-0.7565540276512385,1.0638120569246137,432.26680159568787,0.0
9,waypoint_33,-15.0,0.5032395638957755,-0.7565540276512385,1.0638120569246137,538.1234288215637,0.0
10,waypoint_33,-15.0,0.5032395638957755,-0.7565540276512385,1.0638120569246137,461.9463384151459,0.0
11,waypoint_33,-15.0,0.5032395638957755,-0.7565540276512385,1.0638120569246137,531.5760374069214,0.0
12,waypoint_33,-15.0,0.5032395638957755,-0.7565540276512385,1.0638120569246137,510.2123022079468,0.0
13,waypoint_33,-15.0,0.5032395638957755,-0.7565540276512385,1.0638120569246137,534.7785353660583,0.0
14,waypoint_33,-15.0,0.5032395638957755,-0.7565540276512385,1.0638120569246137,376.6881227493286,0.0
0,waypoint_33,0.0,0.5032395638957755,-0.7565540276512385,1.0638120569246137,4432.407379150391,0.0
1,waypoint_33,0.0,0.5032395638957755,-0.7565540276512385,1.0638120569246137,3218.2297706604004,0.0
2,waypoint_33,0.0,0.5032395638957755,-0.7565540276512385,1.0638120569246137,2906.989812850952,0.0
3,waypoint_33,0.0,0.5032395638957755,-0.7565540276512385,1.0638120569246137,1126.5712976455688,0.0
4,waypoint_33,0.0,0.5032395638957755,-0.7565540276512385,1.0638120569246137,1155.5298566818237,0.0
5,waypoint_33,0.0,0.5032395638957755,-0.7565540276512385,1.0638120569246137,2065.9594535827637,0.0
6,waypoint_33,0.0,0.5032395638957755,-0.7565540276512385,1.0638120569246137,1343.030571937561,0.0
7,waypoint_33,0.0,0.5032395638957755,-0.7565540276512385,1.0638120569246137,1226.8316745758057,0.0
8,waypoint_33,0.0,0.5032395638957755,-0.7565540276512385,1.0638120569246137,448.03500175476074,0.0
9,waypoint_33,0.0,0.5032395638957755,-0.7565540276512385,1.0638120569246137,538.4219884872437,0.0
10,waypoint_33,0.0,0.5032395638957755,-0.7565540276512385,1.0638120569246137,449.6839940547943,0.0
11,waypoint_33,0.0,0.5032395638957755,-0.7565540276512385,1.0638120569246137,464.6431505680084,0.0
12,waypoint_33,0.0,0.5032395638957755,-0.7565540276512385,1.0638120569246137,540.6940579414368,0.0
13,waypoint_33,0.0,0.5032395638957755,-0.7565540276512385,1.0638120569246137,552.8114438056946,0.0
14,waypoint_33,0.0,0.5032395638957755,-0.7565540276512385,1.0638120569246137,447.02965021133423,0.0
0,waypoint_33,15.0,0.5032395638957755,-0.7565540276512385,1.0638120569246137,4474.945545196533,0.0
1,waypoint_33,15.0,0.5032395638957755,-0.7565540276512385,1.0638120569246137,3221.116065979004,0.0
2,waypoint_33,15.0,0.5032395638957755,-0.7565540276512385,1.0638120569246137,2933.622121810913,0.0
3,waypoint_33,15.0,0.5032395638957755,-0.7565540276512385,1.0638120569246137,1114.9928569793701,0.0
4,waypoint_33,15.0,0.5032395638957755,-0.7565540276512385,1.0638120569246137,1155.6684970855713,0.0
5,waypoint_33,15.0,0.5032395638957755,-0.7565540276512385,1.0638120569246137,1540.0892496109009,0.0
6,waypoint_33,15.0,0.5032395638957755,-0.7565540276512385,1.0638120569246137,1314.9151802062988,0.0
7,waypoint_33,15.0,0.5032395638957755,-0.7565540276512385,1.0638120569246137,1315.5289888381958,0.0
8,waypoint_33,15.0,0.5032395638957755,-0.7565540276512385,1.0638120569246137,465.3560221195221,0.0
9,waypoint_33,15.0,0.5032395638957755,-0.7565540276512385,1.0638120569246137,540.7572388648987,0.0
10,waypoint_33,15.0,0.5032395638957755,-0.7565540276512385,1.0638120569246137,443.22073459625244,0.0
11,waypoint_33,15.0,0.5032395638957755,-0.7565540276512385,1.0638120569246137,478.3807098865509,0.0
12,waypoint_33,15.0,0.5032395638957755,-0.7565540276512385,1.0638120569246137,540.6737923622131,0.0
13,waypoint_33,15.0,0.5032395638957755,-0.7565540276512385,1.0638120569246137,547.1434593200684,0.0
14,waypoint_33,15.0,0.5032395638957755,-0.7565540276512385,1.0638120569246137,433.9260160923004,0.0
0,waypoint_33,30.0,0.5032395638957755,-0.7565540276512385,1.0638120569246137,4476.143836975098,0.0
1,waypoint_33,30.0,0.5032395638957755,-0.7565540276512385,1.0638120569246137,3224.5781421661377,0.0
2,waypoint_33,30.0,0.5032395638957755,-0.7565540276512385,1.0638120569246137,2858.0634593963623,0.0
3,waypoint_33,30.0,0.5032395638957755,-0.7565540276512385,1.0638120569246137,1134.6536874771118,0.0
4,waypoint_33,30.0,0.5032395638957755,-0.7565540276512385,1.0638120569246137,1155.6464433670044,0.0
5,waypoint_33,30.0,0.5032395638957755,-0.7565540276512385,1.0638120569246137,1625.0951290130615,0.0
6,waypoint_33,30.0,0.5032395638957755,-0.7565540276512385,1.0638120569246137,1377.9125213623047,0.0
7,waypoint_33,30.0,0.5032395638957755,-0.7565540276512385,1.0638120569246137,1248.5589981079102,0.0
8,waypoint_33,30.0,0.5032395638957755,-0.7565540276512385,1.0638120569246137,497.82830476760864,0.0
9,waypoint_33,30.0,0.5032395638957755,-0.7565540276512385,1.0638120569246137,528.6754965782166,0.0
10,waypoint_33,30.0,0.5032395638957755,-0.7565540276512385,1.0638120569246137,387.7078890800476,0.0
11,waypoint_33,30.0,0.5032395638957755,-0.7565540276512385,1.0638120569246137,477.47936844825745,0.0
12,waypoint_33,30.0,0.5032395638957755,-0.7565540276512385,1.0638120569246137,596.9620943069458,0.0
13,waypoint_33,30.0,0.5032395638957755,-0.7565540276512385,1.0638120569246137,602.9093861579895,0.0
14,waypoint_33,30.0,0.5032395638957755,-0.7565540276512385,1.0638120569246137,509.51915979385376,0.0
0,waypoint_34,30.0,0.5232395638957761,-0.7565540276512385,1.0638120569246137,4435.295581817627,0.0
1,waypoint_34,30.0,0.5232395638957761,-0.7565540276512385,1.0638120569246137,3226.5725135803223,0.0
2,waypoint_34,30.0,0.5232395638957761,-0.7565540276512385,1.0638120569246137,2932.8372478485107,0.0
3,waypoint_34,30.0,0.5232395638957761,-0.7565540276512385,1.0638120569246137,1107.9206466674805,0.0
4,waypoint_34,30.0,0.5232395638957761,-0.7565540276512385,1.0638120569246137,1136.3604068756104,0.0
5,waypoint_34,30.0,0.5232395638957761,-0.7565540276512385,1.0638120569246137,1618.5710430145264,0.0
6,waypoint_34,30.0,0.5232395638957761,-0.7565540276512385,1.0638120569246137,1393.9088582992554,0.0
7,waypoint_34,30.0,0.5232395638957761,-0.7565540276512385,1.0638120569246137,1220.9166288375854,0.0
8,waypoint_34,30.0,0.5232395638957761,-0.7565540276512385,1.0638120569246137,504.40478324890137,0.0
9,waypoint_34,30.0,0.5232395638957761,-0.7565540276512385,1.0638120569246137,547.6003289222717,0.0
10,waypoint_34,30.0,0.5232395638957761,-0.7565540276512385,1.0638120569246137,414.425253868103,0.0
11,waypoint_34,30.0,0.5232395638957761,-0.7565540276512385,1.0638120569246137,455.0290107727051,0.0
12,waypoint_34,30.0,0.5232395638957761,-0.7565540276512385,1.0638120569246137,596.811056137085,0.0
13,waypoint_34,30.0,0.5232395638957761,-0.7565540276512385,1.0638120569246137,610.4212999343872,0.0
14,waypoint_34,30.0,0.5232395638957761,-0.7565540276512385,1.0638120569246137,499.59588050842285,0.0
0,waypoint_34,15.0,0.5232395638957761,-0.7565540276512385,1.0638120569246137,4451.529979705811,0.0
1,waypoint_34,15.0,0.5232395638957761,-0.7565540276512385,1.0638120569246137,3223.165273666382,0.0
2,waypoint_34,15.0,0.5232395638957761,-0.7565540276512385,1.0638120569246137,2938.4472370147705,0.0
3,waypoint_34,15.0,0.5232395638957761,-0.7565540276512385,1.0638120569246137,1112.5271320343018,0.0
4,waypoint_34,15.0,0.5232395638957761,-0.7565540276512385,1.0638120569246137,1136.3489627838135,0.0
5,waypoint_34,15.0,0.5232395638957761,-0.7565540276512385,1.0638120569246137,1533.639669418335,0.0
6,waypoint_34,15.0,0.5232395638957761,-0.7565540276512385,1.0638120569246137,1336.4903926849365,0.0
7,waypoint_34,15.0,0.5232395638957761,-0.7565540276512385,1.0638120569246137,1236.2841367721558,0.0
8,waypoint_34,15.0,0.5232395638957761,-0.7565540276512385,1.0638120569246137,521.04252576828,0.0
9,waypoint_34,15.0,0.5232395638957761,-0.7565540276512385,1.0638120569246137,559.4484210014343,0.0
10,waypoint_34,15.0,0.5232395638957761,-0.7565540276512385,1.0638120569246137,488.05272579193115,0.0
11,waypoint_34,15.0,0.5232395638957761,-0.7565540276512385,1.0638120569246137,458.3766460418701,0.0
12,waypoint_34,15.0,0.5232395638957761,-0.7565540276512385,1.0638120569246137,594.4899916648865,0.0
13,waypoint_34,15.0,0.5232395638957761,-0.7565540276512385,1.0638120569246137,590.0602340698242,0.0
14,waypoint_34,15.0,0.5232395638957761,-0.7565540276512385,1.0638120569246137,468.74329447746277,0.0
0,waypoint_34,0.0,0.5232395638957761,-0.7565540276512385,1.0638120569246137,4447.666168212891,0.0
1,waypoint_34,0.0,0.5232395638957761,-0.7565540276512385,1.0638120569246137,3220.364570617676,0.0
2,waypoint_34,0.0,0.5232395638957761,-0.7565540276512385,1.0638120569246137,2895.7300186157227,0.0
3,waypoint_34,0.0,0.5232395638957761,-0.7565540276512385,1.0638120569246137,1120.8492517471313,0.0
4,waypoint_34,0.0,0.5232395638957761,-0.7565540276512385,1.0638120569246137,1136.3122463226318,0.0
5,waypoint_34,0.0,0.5232395638957761,-0.7565540276512385,1.0638120569246137,1804.7471046447754,0.0
6,waypoint_34,0.0,0.5232395638957761,-0.7565540276512385,1.0638120569246137,1273.5904455184937,0.0
7,waypoint_34,0.0,0.5232395638957761,-0.7565540276512385,1.0638120569246137,1367.8985834121704,0.0
8,waypoint_34,0.0,0.5232395638957761,-0.7565540276512385,1.0638120569246137,454.85490560531616,0.0
9,waypoint_34,0.0,0.5232395638957761,-0.7565540276512385,1.0638120569246137,554.2900562286377,0.0
10,waypoint_34,0.0,0.5232395638957761,-0.7565540276512385,1.0638120569246137,444.9615180492401,0.0
11,waypoint_34,0.0,0.5232395638957761,-0.7565540276512385,1.0638120569246137,445.9341764450073,0.0
12,waypoint_34,0.0,0.5232395638957761,-0.7565540276512385,1.0638120569246137,556.4999580383301,0.0
13,waypoint_34,0.0,0.5232395638957761,-0.7565540276512385,1.0638120569246137,562.0107054710388,0.0
14,waypoint_34,0.0,0.5232395638957761,-0.7565540276512385,1.0638120569246137,466.2080407142639,0.0
0,waypoint_34,-15.0,0.5232395638957761,-0.7565540276512385,1.0638120569246137,4407.721519470215,0.0
1,waypoint_34,-15.0,0.5232395638957761,-0.7565540276512385,1.0638120569246137,3219.149351119995,0.0
2,waypoint_34,-15.0,0.5232395638957761,-0.7565540276512385,1.0638120569246137,2794.585704803467,0.0
3,waypoint_34,-15.0,0.5232395638957761,-0.7565540276512385,1.0638120569246137,1079.2536735534668,0.0
4,waypoint_34,-15.0,0.5232395638957761,-0.7565540276512385,1.0638120569246137,1136.2625360488892,0.0
5,waypoint_34,-15.0,0.5232395638957761,-0.7565540276512385,1.0638120569246137,2141.631603240967,0.0
6,waypoint_34,-15.0,0.5232395638957761,-0.7565540276512385,1.0638120569246137,1260.0370645523071,0.0
7,waypoint_34,-15.0,0.5232395638957761,-0.7565540276512385,1.0638120569246137,1394.1433429718018,0.0
8,waypoint_34,-15.0,0.5232395638957761,-0.7565540276512385,1.0638120569246137,411.30197048187256,0.0
9,waypoint_34,-15.0,0.5232395638957761,-0.7565540276512385,1.0638120569246137,553.6344647407532,0.0
10,waypoint_34,-15.0,0.5232395638957761,-0.7565540276512385,1.0638120569246137,441.0072863101959,0.0
11,waypoint_34,-15.0,0.5232395638957761,-0.7565540276512385,1.0638120569246137,434.1109097003937,0.0
12,waypoint_34,-15.0,0.5232395638957761,-0.7565540276512385,1.0638120569246137,521.54141664505,0.0
13,waypoint_34,-15.0,0.5232395638957761,-0.7565540276512385,1.0638120569246137,537.301242351532,0.0
14,waypoint_34,-15.0,0.5232395638957761,-0.7565540276512385,1.0638120569246137,427.2773861885071,0.0
0,waypoint_34,-30.0,0.5232395638957761,-0.7565540276512385,1.0638120569246137,4425.07791519165,0.0
1,waypoint_34,-30.0,0.5232395638957761,-0.7565540276512385,1.0638120569246137,3220.3314304351807,0.0
2,waypoint_34,-30.0,0.5232395638957761,-0.7565540276512385,1.0638120569246137,2825.4804611206055,0.0
3,waypoint_34,-30.0,0.5232395638957761,-0.7565540276512385,1.0638120569246137,949.4009613990784,0.0
4,waypoint_34,-30.0,0.5232395638957761,-0.7565540276512385,1.0638120569246137,1136.1762285232544,0.0
5,waypoint_34,-30.0,0.5232395638957761,-0.7565540276512385,1.0638120569246137,2175.1885414123535,0.0
6,waypoint_34,-30.0,0.5232395638957761,-0.7565540276512385,1.0638120569246137,1288.5290384292603,0.0
7,waypoint_34,-30.0,0.5232395638957761,-0.7565540276512385,1.0638120569246137,1477.0959615707397,0.0
8,waypoint_34,-30.0,0.5232395638957761,-0.7565540276512385,1.0638120569246137,240.67743122577667,0.0
9,waypoint_34,-30.0,0.5232395638957761,-0.7565540276512385,1.0638120569246137,552.7719855308533,0.0
10,waypoint_34,-30.0,0.5232395638957761,-0.7565540276512385,1.0638120569246137,440.7418668270111,0.0
11,waypoint_34,-30.0,0.5232395638957761,-0.7565540276512385,1.0638120569246137,438.3627772331238,0.0
12,waypoint_34,-30.0,0.5232395638957761,-0.7565540276512385,1.0638120569246137,523.7075090408325,0.0
13,waypoint_34,-30.0,0.5232395638957761,-0.7565540276512385,1.0638120569246137,544.2987084388733,0.0
14,waypoint_34,-30.0,0.5232395638957761,-0.7565540276512385,1.0638120569246137,407.15810656547546,0.0
0,waypoint_35,-30.0,0.5432395638957757,-0.7565540276512385,1.0638120569246137,4440.2337074279785,0.0
1,waypoint_35,-30.0,0.5432395638957757,-0.7565540276512385,1.0638120569246137,3222.8734493255615,0.0
2,waypoint_35,-30.0,0.5432395638957757,-0.7565540276512385,1.0638120569246137,2764.770746231079,0.0
3,waypoint_35,-30.0,0.5432395638957757,-0.7565540276512385,1.0638120569246137,932.1073293685913,0.0
4,waypoint_35,-30.0,0.5432395638957757,-0.7565540276512385,1.0638120569246137,1116.973638534546,0.0
5,waypoint_35,-30.0,0.5432395638957757,-0.7565540276512385,1.0638120569246137,2172.9726791381836,0.0
6,waypoint_35,-30.0,0.5432395638957757,-0.7565540276512385,1.0638120569246137,1241.5000200271606,0.0
7,waypoint_35,-30.0,0.5432395638957757,-0.7565540276512385,1.0638120569246137,1233.0352067947388,0.0
8,waypoint_35,-30.0,0.5432395638957757,-0.7565540276512385,1.0638120569246137,255.6324303150177,0.0
9,waypoint_35,-30.0,0.5432395638957757,-0.7565540276512385,1.0638120569246137,570.8070397377014,0.0
10,waypoint_35,-30.0,0.5432395638957757,-0.7565540276512385,1.0638120569246137,458.7232172489166,0.0
11,waypoint_35,-30.0,0.5432395638957757,-0.7565540276512385,1.0638120569246137,455.0597667694092,0.0
12,waypoint_35,-30.0,0.5432395638957757,-0.7565540276512385,1.0638120569246137,531.2352776527405,0.0
13,waypoint_35,-30.0,0.5432395638957757,-0.7565540276512385,1.0638120569246137,549.2756962776184,0.0
14,waypoint_35,-30.0,0.5432395638957757,-0.7565540276512385,1.0638120569246137,404.3916165828705,0.0
0,waypoint_35,-15.0,0.5432395638957757,-0.7565540276512385,1.0638120569246137,4448.056221008301,0.0
1,waypoint_35,-15.0,0.5432395638957757,-0.7565540276512385,1.0638120569246137,3221.525192260742,0.0
2,waypoint_35,-15.0,0.5432395638957757,-0.7565540276512385,1.0638120569246137,2781.6271781921387,0.0
3,waypoint_35,-15.0,0.5432395638957757,-0.7565540276512385,1.0638120569246137,1060.5088472366333,0.0
4,waypoint_35,-15.0,0.5432395638957757,-0.7565540276512385,1.0638120569246137,1117.0505285263062,0.0
5,waypoint_35,-15.0,0.5432395638957757,-0.7565540276512385,1.0638120569246137,2139.9765014648438,0.0
6,waypoint_35,-15.0,0.5432395638957757,-0.7565540276512385,1.0638120569246137,1455.7496309280396,0.0
7,waypoint_35,-15.0,0.5432395638957757,-0.7565540276512385,1.0638120569246137,1593.4717655181885,0.0
8,waypoint_35,-15.0,0.5432395638957757,-0.7565540276512385,1.0638120569246137,444.3539083003998,0.0
9,waypoint_35,-15.0,0.5432395638957757,-0.7565540276512385,1.0638120569246137,570.6556439399719,0.0
10,waypoint_35,-15.0,0.5432395638957757,-0.7565540276512385,1.0638120569246137,458.81548523902893,0.0
11,waypoint_35,-15.0,0.5432395638957757,-0.7565540276512385,1.0638120569246137,455.3561806678772,0.0
12,waypoint_35,-15.0,0.5432395638957757,-0.7565540276512385,1.0638120569246137,513.5332345962524,0.0
13,waypoint_35,-15.0,0.5432395638957757,-0.7565540276512385,1.0638120569246137,544.3673133850098,0.0
14,waypoint_35,-15.0,0.5432395638957757,-0.7565540276512385,1.0638120569246137,432.47485160827637,0.0
0,waypoint_35,0.0,0.5432395638957757,-0.7565540276512385,1.0638120569246137,4435.296058654785,0.0
1,waypoint_35,0.0,0.5432395638957757,-0.7565540276512385,1.0638120569246137,3222.616672515869,0.0
2,waypoint_35,0.0,0.5432395638957757,-0.7565540276512385,1.0638120569246137,2878.7503242492676,0.0
3,waypoint_35,0.0,0.5432395638957757,-0.7565540276512385,1.0638120569246137,1103.486180305481,0.0
4,waypoint_35,0.0,0.5432395638957757,-0.7565540276512385,1.0638120569246137,1117.0536279678345,0.0
5,waypoint_35,0.0,0.5432395638957757,-0.7565540276512385,1.0638120569246137,2062.159538269043,0.0
6,waypoint_35,0.0,0.5432395638957757,-0.7565540276512385,1.0638120569246137,1281.1119556427002,0.0
7,waypoint_35,0.0,0.5432395638957757,-0.7565540276512385,1.0638120569246137,1327.0468711853027,0.0
8,waypoint_35,0.0,0.5432395638957757,-0.7565540276512385,1.0638120569246137,458.84010195732117,0.0
9,waypoint_35,0.0,0.5432395638957757,-0.7565540276512385,1.0638120569246137,570.9492564201355,0.0
10,waypoint_35,0.0,0.5432395638957757,-0.7565540276512385,1.0638120569246137,450.29544830322266,0.0
11,waypoint_35,0.0,0.5432395638957757,-0.7565540276512385,1.0638120569246137,456.16552233695984,0.0
12,waypoint_35,0.0,0.5432395638957757,-0.7565540276512385,1.0638120569246137,566.1506652832031,0.0
13,waypoint_35,0.0,0.5432395638957757,-0.7565540276512385,1.0638120569246137,572.7137923240662,0.0
14,waypoint_35,0.0,0.5432395638957757,-0.7565540276512385,1.0638120569246137,481.64087533950806,0.0
0,waypoint_35,15.0,0.5432395638957757,-0.7565540276512385,1.0638120569246137,4510.972023010254,0.0
1,waypoint_35,15.0,0.5432395638957757,-0.7565540276512385,1.0638120569246137,3225.318193435669,0.0
2,waypoint_35,15.0,0.5432395638957757,-0.7565540276512385,1.0638120569246137,2812.246799468994,0.0
3,waypoint_35,15.0,0.5432395638957757,-0.7565540276512385,1.0638120569246137,1091.5074348449707,0.0
4,waypoint_35,15.0,0.5432395638957757,-0.7565540276512385,1.0638120569246137,1117.0709133148193,0.0
5,waypoint_35,15.0,0.5432395638957757,-0.7565540276512385,1.0638120569246137,1527.3711681365967,0.0
6,waypoint_35,15.0,0.5432395638957757,-0.7565540276512385,1.0638120569246137,1274.6829986572266,0.0
7,waypoint_35,15.0,0.5432395638957757,-0.7565540276512385,1.0638120569246137,1231.7652702331543,0.0
8,waypoint_35,15.0,0.5432395638957757,-0.7565540276512385,1.0638120569246137,441.6831135749817,0.0
9,waypoint_35,15.0,0.5432395638957757,-0.7565540276512385,1.0638120569246137,578.3112645149231,0.0
10,waypoint_35,15.0,0.5432395638957757,-0.7565540276512385,1.0638120569246137,465.4962718486786,0.0
11,waypoint_35,15.0,0.5432395638957757,-0.7565540276512385,1.0638120569246137,447.6935863494873,0.0
12,waypoint_35,15.0,0.5432395638957757,-0.7565540276512385,1.0638120569246137,581.0070633888245,0.0
13,waypoint_35,15.0,0.5432395638957757,-0.7565540276512385,1.0638120569246137,572.0549821853638,0.0
14,waypoint_35,15.0,0.5432395638957757,-0.7565540276512385,1.0638120569246137,470.2569842338562,0.0
0,waypoint_35,30.0,0.5432395638957757,-0.7565540276512385,1.0638120569246137,4491.262912750244,0.0
1,waypoint_35,30.0,0.5432395638957757,-0.7565540276512385,1.0638120569246137,3228.6698818206787,0.0
2,waypoint_35,30.0,0.5432395638957757,-0.7565540276512385,1.0638120569246137,2914.182662963867,0.0
3,waypoint_35,30.0,0.5432395638957757,-0.7565540276512385,1.0638120569246137,1076.405644416809,0.0
4,waypoint_35,30.0,0.5432395638957757,-0.7565540276512385,1.0638120569246137,1117.0740127563477,0.0
5,waypoint_35,30.0,0.5432395638957757,-0.7565540276512385,1.0638120569246137,1612.1833324432373,0.0
6,waypoint_35,30.0,0.5432395638957757,-0.7565540276512385,1.0638120569246137,1351.3107299804688,0.0
7,waypoint_35,30.0,0.5432395638957757,-0.7565540276512385,1.0638120569246137,1193.170189857483,0.0
8,waypoint_35,30.0,0.5432395638957757,-0.7565540276512385,1.0638120569246137,522.2814083099365,0.0
9,waypoint_35,30.0,0.5432395638957757,-0.7565540276512385,1.0638120569246137,566.8321251869202,0.0
10,waypoint_35,30.0,0.5432395638957757,-0.7565540276512385,1.0638120569246137,423.77769947052,0.0
11,waypoint_35,30.0,0.5432395638957757,-0.7565540276512385,1.0638120569246137,435.28398871421814,0.0
12,waypoint_35,30.0,0.5432395638957757,-0.7565540276512385,1.0638120569246137,605.2050590515137,0.0
13,waypoint_35,30.0,0.5432395638957757,-0.7565540276512385,1.0638120569246137,600.429356098175,0.0
14,waypoint_35,30.0,0.5432395638957757,-0.7565540276512385,1.0638120569246137,512.2364163398743,0.0
0,waypoint_36,30.0,0.5632395638957752,-0.7565540276512385,1.0638120569246137,4548.028945922852,0.0
1,waypoint_36,30.0,0.5632395638957752,-0.7565540276512385,1.0638120569246137,3230.8733463287354,0.0
2,waypoint_36,30.0,0.5632395638957752,-0.7565540276512385,1.0638120569246137,2868.2572841644287,0.0
3,waypoint_36,30.0,0.5632395638957752,-0.7565540276512385,1.0638120569246137,1069.8202848434448,0.0
4,waypoint_36,30.0,0.5632395638957752,-0.7565540276512385,1.0638120569246137,1097.8409051895142,0.0
5,waypoint_36,30.0,0.5632395638957752,-0.7565540276512385,1.0638120569246137,1606.0062646865845,0.0
6,waypoint_36,30.0,0.5632395638957752,-0.7565540276512385,1.0638120569246137,1305.5697679519653,0.0
7,waypoint_36,30.0,0.5632395638957752,-0.7565540276512385,1.0638120569246137,1177.801012992859,0.0
8,waypoint_36,30.0,0.5632395638957752,-0.7565540276512385,1.0638120569246137,538.4429097175598,0.0
9,waypoint_36,30.0,0.5632395638957752,-0.7565540276512385,1.0638120569246137,586.2444639205933,0.0
10,waypoint_36,30.0,0.5632395638957752,-0.7565540276512385,1.0638120569246137,432.7702522277832,0.0
11,waypoint_36,30.0,0.5632395638957752,-0.7565540276512385,1.0638120569246137,452.8883993625641,0.0
12,waypoint_36,30.0,0.5632395638957752,-0.7565540276512385,1.0638120569246137,500.36919116973877,0.0
13,waypoint_36,30.0,0.5632395638957752,-0.7565540276512385,1.0638120569246137,615.2156591415405,0.0
14,waypoint_36,30.0,0.5632395638957752,-0.7565540276512385,1.0638120569246137,531.5954089164734,0.0
0,waypoint_36,15.0,0.5632395638957752,-0.7565540276512385,1.0638120569246137,4526.528835296631,0.0
1,waypoint_36,15.0,0.5632395638957752,-0.7565540276512385,1.0638120569246137,3227.5707721710205,0.0
2,waypoint_36,15.0,0.5632395638957752,-0.7565540276512385,1.0638120569246137,2838.318347930908,0.0
3,waypoint_36,15.0,0.5632395638957752,-0.7565540276512385,1.0638120569246137,1091.4949178695679,0.0
4,waypoint_36,15.0,0.5632395638957752,-0.7565540276512385,1.0638120569246137,1097.81813621521,0.0
5,waypoint_36,15.0,0.5632395638957752,-0.7565540276512385,1.0638120569246137,1521.296501159668,0.0
6,waypoint_36,15.0,0.5632395638957752,-0.7565540276512385,1.0638120569246137,1311.0694885253906,0.0
7,waypoint_36,15.0,0.5632395638957752,-0.7565540276512385,1.0638120569246137,1145.0856924057007,0.0
8,waypoint_36,15.0,0.5632395638957752,-0.7565540276512385,1.0638120569246137,541.7836308479309,0.0
9,waypoint_36,15.0,0.5632395638957752,-0.7565540276512385,1.0638120569246137,597.3271727561951,0.0
10,waypoint_36,15.0,0.5632395638957752,-0.7565540276512385,1.0638120569246137,505.8424472808838,0.0
11,waypoint_36,15.0,0.5632395638957752,-0.7565540276512385,1.0638120569246137,466.3326144218445,0.0
12,waypoint_36,15.0,0.5632395638957752,-0.7565540276512385,1.0638120569246137,495.81676721572876,0.0
13,waypoint_36,15.0,0.5632395638957752,-0.7565540276512385,1.0638120569246137,625.6749033927917,0.0
14,waypoint_36,15.0,0.5632395638957752,-0.7565540276512385,1.0638120569246137,500.83887577056885,0.0
0,waypoint_36,0.0,0.5632395638957752,-0.7565540276512385,1.0638120569246137,4465.213298797607,0.0
1,waypoint_36,0.0,0.5632395638957752,-0.7565540276512385,1.0638120569246137,3224.973201751709,0.0
2,waypoint_36,0.0,0.5632395638957752,-0.7565540276512385,1.0638120569246137,2839.1101360321045,0.0
3,waypoint_36,0.0,0.5632395638957752,-0.7565540276512385,1.0638120569246137,1071.3012218475342,0.0
4,waypoint_36,0.0,0.5632395638957752,-0.7565540276512385,1.0638120569246137,1097.8859663009644,0.0
5,waypoint_36,0.0,0.5632395638957752,-0.7565540276512385,1.0638120569246137,1759.7858905792236,0.0
6,waypoint_36,0.0,0.5632395638957752,-0.7565540276512385,1.0638120569246137,1188.9512538909912,0.0
7,waypoint_36,0.0,0.5632395638957752,-0.7565540276512385,1.0638120569246137,1304.6387434005737,0.0
8,waypoint_36,0.0,0.5632395638957752,-0.7565540276512385,1.0638120569246137,498.1826841831207,0.0
9,waypoint_36,0.0,0.5632395638957752,-0.7565540276512385,1.0638120569246137,585.7140421867371,0.0
10,waypoint_36,0.0,0.5632395638957752,-0.7565540276512385,1.0638120569246137,465.18391370773315,0.0
11,waypoint_36,0.0,0.5632395638957752,-0.7565540276512385,1.0638120569246137,438.2382333278656,0.0
12,waypoint_36,0.0,0.5632395638957752,-0.7565540276512385,1.0638120569246137,480.554461479187,0.0
13,waypoint_36,0.0,0.5632395638957752,-0.7565540276512385,1.0638120569246137,577.7361989021301,0.0
14,waypoint_36,0.0,0.5632395638957752,-0.7565540276512385,1.0638120569246137,494.7100281715393,0.0
0,waypoint_36,-15.0,0.5632395638957752,-0.7565540276512385,1.0638120569246137,4502.707004547119,0.0
1,waypoint_36,-15.0,0.5632395638957752,-0.7565540276512385,1.0638120569246137,3224.0231037139893,0.0
2,waypoint_36,-15.0,0.5632395638957752,-0.7565540276512385,1.0638120569246137,2773.1575965881348,0.0
3,waypoint_36,-15.0,0.5632395638957752,-0.7565540276512385,1.0638120569246137,1030.3868055343628,0.0
4,waypoint_36,-15.0,0.5632395638957752,-0.7565540276512385,1.0638120569246137,1097.8667736053467,0.0
5,waypoint_36,-15.0,0.5632395638957752,-0.7565540276512385,1.0638120569246137,2137.598752975464,0.0
6,waypoint_36,-15.0,0.5632395638957752,-0.7565540276512385,1.0638120569246137,1188.6086463928223,0.0
7,waypoint_36,-15.0,0.5632395638957752,-0.7565540276512385,1.0638120569246137,1354.143738746643,0.0
8,waypoint_36,-15.0,0.5632395638957752,-0.7565540276512385,1.0638120569246137,480.85346817970276,0.0
9,waypoint_36,-15.0,0.5632395638957752,-0.7565540276512385,1.0638120569246137,585.001528263092,0.0
10,waypoint_36,-15.0,0.5632395638957752,-0.7565540276512385,1.0638120569246137,453.50876450538635,0.0
11,waypoint_36,-15.0,0.5632395638957752,-0.7565540276512385,1.0638120569246137,437.3933672904968,0.0
12,waypoint_36,-15.0,0.5632395638957752,-0.7565540276512385,1.0638120569246137,475.12754797935486,0.0
13,waypoint_36,-15.0,0.5632395638957752,-0.7565540276512385,1.0638120569246137,557.2187900543213,0.0
14,waypoint_36,-15.0,0.5632395638957752,-0.7565540276512385,1.0638120569246137,452.39919424057007,0.0
0,waypoint_36,-30.0,0.5632395638957752,-0.7565540276512385,1.0638120569246137,4462.042808532715,0.0
1,waypoint_36,-30.0,0.5632395638957752,-0.7565540276512385,1.0638120569246137,3225.527048110962,0.0
2,waypoint_36,-30.0,0.5632395638957752,-0.7565540276512385,1.0638120569246137,2823.760747909546,0.0
3,waypoint_36,-30.0,0.5632395638957752,-0.7565540276512385,1.0638120569246137,920.8986163139343,0.0
4,waypoint_36,-30.0,0.5632395638957752,-0.7565540276512385,1.0638120569246137,1097.8035926818848,0.0
5,waypoint_36,-30.0,0.5632395638957752,-0.7565540276512385,1.0638120569246137,2170.9110736846924,0.0
6,waypoint_36,-30.0,0.5632395638957752,-0.7565540276512385,1.0638120569246137,1429.9066066741943,0.0
7,waypoint_36,-30.0,0.5632395638957752,-0.7565540276512385,1.0638120569246137,1204.0495872497559,0.0
8,waypoint_36,-30.0,0.5632395638957752,-0.7565540276512385,1.0638120569246137,466.9084846973419,0.0
9,waypoint_36,-30.0,0.5632395638957752,-0.7565540276512385,1.0638120569246137,584.1208100318909,0.0
10,waypoint_36,-30.0,0.5632395638957752,-0.7565540276512385,1.0638120569246137,431.7717254161835,0.0
11,waypoint_36,-30.0,0.5632395638957752,-0.7565540276512385,1.0638120569246137,436.4553391933441,0.0
12,waypoint_36,-30.0,0.5632395638957752,-0.7565540276512385,1.0638120569246137,466.74174070358276,0.0
13,waypoint_36,-30.0,0.5632395638957752,-0.7565540276512385,1.0638120569246137,541.3213968276978,0.0
14,waypoint_36,-30.0,0.5632395638957752,-0.7565540276512385,1.0638120569246137,453.81179451942444,0.0
0,waypoint_37,-30.0,0.5832395638957755,-0.7565540276512385,1.0638120569246137,4521.16584777832,0.0
1,waypoint_37,-30.0,0.5832395638957755,-0.7565540276512385,1.0638120569246137,3228.299140930176,0.0
2,waypoint_37,-30.0,0.5832395638957755,-0.7565540276512385,1.0638120569246137,2744.7433471679688,0.0
3,waypoint_37,-30.0,0.5832395638957755,-0.7565540276512385,1.0638120569246137,903.9154648780823,0.0
4,waypoint_37,-30.0,0.5832395638957755,-0.7565540276512385,1.0638120569246137,1078.6538124084473,0.0
5,waypoint_37,-30.0,0.5832395638957755,-0.7565540276512385,1.0638120569246137,2168.963670730591,0.0
6,waypoint_37,-30.0,0.5832395638957755,-0.7565540276512385,1.0638120569246137,1144.9251174926758,0.0
7,waypoint_37,-30.0,0.5832395638957755,-0.7565540276512385,1.0638120569246137,961.6727828979492,0.0
8,waypoint_37,-30.0,0.5832395638957755,-0.7565540276512385,1.0638120569246137,468.13952922821045,0.0
9,waypoint_37,-30.0,0.5832395638957755,-0.7565540276512385,1.0638120569246137,602.403998374939,0.0
10,waypoint_37,-30.0,0.5832395638957755,-0.7565540276512385,1.0638120569246137,444.9033737182617,0.0
11,waypoint_37,-30.0,0.5832395638957755,-0.7565540276512385,1.0638120569246137,453.59498262405396,0.0
12,waypoint_37,-30.0,0.5832395638957755,-0.7565540276512385,1.0638120569246137,477.62688994407654,0.0
13,waypoint_37,-30.0,0.5832395638957755,-0.7565540276512385,1.0638120569246137,550.1359701156616,0.0
14,waypoint_37,-30.0,0.5832395638957755,-0.7565540276512385,1.0638120569246137,470.129519701004,0.0
0,waypoint_37,-15.0,0.5832395638957755,-0.7565540276512385,1.0638120569246137,4521.756172180176,0.0
1,waypoint_37,-15.0,0.5832395638957755,-0.7565540276512385,1.0638120569246137,3226.625919342041,0.0
2,waypoint_37,-15.0,0.5832395638957755,-0.7565540276512385,1.0638120569246137,2750.5671977996826,0.0
3,waypoint_37,-15.0,0.5832395638957755,-0.7565540276512385,1.0638120569246137,1037.7618074417114,0.0
4,waypoint_37,-15.0,0.5832395638957755,-0.7565540276512385,1.0638120569246137,1078.6919593811035,0.0
5,waypoint_37,-15.0,0.5832395638957755,-0.7565540276512385,1.0638120569246137,2136.697769165039,0.0
6,waypoint_37,-15.0,0.5832395638957755,-0.7565540276512385,1.0638120569246137,1215.893268585205,0.0
7,waypoint_37,-15.0,0.5832395638957755,-0.7565540276512385,1.0638120569246137,1196.7411041259766,0.0
8,waypoint_37,-15.0,0.5832395638957755,-0.7565540276512385,1.0638120569246137,472.5346267223358,0.0
9,waypoint_37,-15.0,0.5832395638957755,-0.7565540276512385,1.0638120569246137,602.1913290023804,0.0
10,waypoint_37,-15.0,0.5832395638957755,-0.7565540276512385,1.0638120569246137,449.70136880874634,0.0
11,waypoint_37,-15.0,0.5832395638957755,-0.7565540276512385,1.0638120569246137,453.6968469619751,0.0
12,waypoint_37,-15.0,0.5832395638957755,-0.7565540276512385,1.0638120569246137,476.6670763492584,0.0
13,waypoint_37,-15.0,0.5832395638957755,-0.7565540276512385,1.0638120569246137,551.379919052124,0.0
14,waypoint_37,-15.0,0.5832395638957755,-0.7565540276512385,1.0638120569246137,465.2304947376251,0.0
0,waypoint_37,0.0,0.5832395638957755,-0.7565540276512385,1.0638120569246137,4499.57799911499,0.0
1,waypoint_37,0.0,0.5832395638957755,-0.7565540276512385,1.0638120569246137,3227.430820465088,0.0
2,waypoint_37,0.0,0.5832395638957755,-0.7565540276512385,1.0638120569246137,2862.236976623535,0.0
3,waypoint_37,0.0,0.5832395638957755,-0.7565540276512385,1.0638120569246137,1119.2445755004883,0.0
4,waypoint_37,0.0,0.5832395638957755,-0.7565540276512385,1.0638120569246137,1078.6978006362915,0.0
5,waypoint_37,0.0,0.5832395638957755,-0.7565540276512385,1.0638120569246137,2060.3175163269043,0.0
6,waypoint_37,0.0,0.5832395638957755,-0.7565540276512385,1.0638120569246137,1183.6854219436646,0.0
7,waypoint_37,0.0,0.5832395638957755,-0.7565540276512385,1.0638120569246137,1263.50736618042,0.0
8,waypoint_37,0.0,0.5832395638957755,-0.7565540276512385,1.0638120569246137,501.84619426727295,0.0
9,waypoint_37,0.0,0.5832395638957755,-0.7565540276512385,1.0638120569246137,602.4845838546753,0.0
10,waypoint_37,0.0,0.5832395638957755,-0.7565540276512385,1.0638120569246137,472.93102741241455,0.0
11,waypoint_37,0.0,0.5832395638957755,-0.7565540276512385,1.0638120569246137,443.9050555229187,0.0
12,waypoint_37,0.0,0.5832395638957755,-0.7565540276512385,1.0638120569246137,465.4466211795807,0.0
13,waypoint_37,0.0,0.5832395638957755,-0.7565540276512385,1.0638120569246137,531.5530300140381,0.0
14,waypoint_37,0.0,0.5832395638957755,-0.7565540276512385,1.0638120569246137,507.97849893569946,0.0
0,waypoint_37,15.0,0.5832395638957755,-0.7565540276512385,1.0638120569246137,4482.666969299316,0.0
1,waypoint_37,15.0,0.5832395638957755,-0.7565540276512385,1.0638120569246137,3229.9389839172363,0.0
2,waypoint_37,15.0,0.5832395638957755,-0.7565540276512385,1.0638120569246137,2924.66139793396,0.0
3,waypoint_37,15.0,0.5832395638957755,-0.7565540276512385,1.0638120569246137,1087.8838300704956,0.0
4,waypoint_37,15.0,0.5832395638957755,-0.7565540276512385,1.0638120569246137,1078.6335468292236,0.0
5,waypoint_37,15.0,0.5832395638957755,-0.7565540276512385,1.0638120569246137,1515.39945602417,0.0
6,waypoint_37,15.0,0.5832395638957755,-0.7565540276512385,1.0638120569246137,1288.3599996566772,0.0
7,waypoint_37,15.0,0.5832395638957755,-0.7565540276512385,1.0638120569246137,1199.8838186264038,0.0
8,waypoint_37,15.0,0.5832395638957755,-0.7565540276512385,1.0638120569246137,489.4898533821106,0.0
9,waypoint_37,15.0,0.5832395638957755,-0.7565540276512385,1.0638120569246137,617.7879571914673,0.0
10,waypoint_37,15.0,0.5832395638957755,-0.7565540276512385,1.0638120569246137,456.66801929473877,0.0
11,waypoint_37,15.0,0.5832395638957755,-0.7565540276512385,1.0638120569246137,437.7990961074829,0.0
12,waypoint_37,15.0,0.5832395638957755,-0.7565540276512385,1.0638120569246137,468.7691628932953,0.0
13,waypoint_37,15.0,0.5832395638957755,-0.7565540276512385,1.0638120569246137,614.4130825996399,0.0
14,waypoint_37,15.0,0.5832395638957755,-0.7565540276512385,1.0638120569246137,493.9475357532501,0.0
0,waypoint_37,30.0,0.5832395638957755,-0.7565540276512385,1.0638120569246137,4492.234230041504,0.0
1,waypoint_37,30.0,0.5832395638957755,-0.7565540276512385,1.0638120569246137,3233.1793308258057,0.0
2,waypoint_37,30.0,0.5832395638957755,-0.7565540276512385,1.0638120569246137,2859.8861694335938,0.0
3,waypoint_37,30.0,0.5832395638957755,-0.7565540276512385,1.0638120569246137,1078.5285234451294,0.0
4,waypoint_37,30.0,0.5832395638957755,-0.7565540276512385,1.0638120569246137,1078.6315202713013,0.0
5,waypoint_37,30.0,0.5832395638957755,-0.7565540276512385,1.0638120569246137,1599.9904870986938,0.0
6,waypoint_37,30.0,0.5832395638957755,-0.7565540276512385,1.0638120569246137,1313.2827281951904,0.0
7,waypoint_37,30.0,0.5832395638957755,-0.7565540276512385,1.0638120569246137,1116.3724660873413,0.0
8,waypoint_37,30.0,0.5832395638957755,-0.7565540276512385,1.0638120569246137,501.07353925704956,0.0
9,waypoint_37,30.0,0.5832395638957755,-0.7565540276512385,1.0638120569246137,605.7588458061218,0.0
10,waypoint_37,30.0,0.5832395638957755,-0.7565540276512385,1.0638120569246137,428.4079074859619,0.0
11,waypoint_37,30.0,0.5832395638957755,-0.7565540276512385,1.0638120569246137,383.20088386535645,0.0
12,waypoint_37,30.0,0.5832395638957755,-0.7565540276512385,1.0638120569246137,466.4335250854492,0.0
13,waypoint_37,30.0,0.5832395638957755,-0.7565540276512385,1.0638120569246137,614.3850088119507,0.0
14,waypoint_37,30.0,0.5832395638957755,-0.7565540276512385,1.0638120569246137,563.3991360664368,0.0
0,waypoint_38,30.0,0.6032395638957753,-0.7565540276512385,1.0638120569246137,4581.798553466797,0.0
1,waypoint_38,30.0,0.6032395638957753,-0.7565540276512385,1.0638120569246137,3235.586643218994,0.0
2,waypoint_38,30.0,0.6032395638957753,-0.7565540276512385,1.0638120569246137,2887.6616954803467,0.0
3,waypoint_38,30.0,0.6032395638957753,-0.7565540276512385,1.0638120569246137,1042.3568487167358,0.0
4,waypoint_38,30.0,0.6032395638957753,-0.7565540276512385,1.0638120569246137,1059.4512224197388,0.0
5,waypoint_38,30.0,0.6032395638957753,-0.7565540276512385,1.0638120569246137,1594.1517353057861,0.0
6,waypoint_38,30.0,0.6032395638957753,-0.7565540276512385,1.0638120569246137,1263.518214225769,0.0
7,waypoint_38,30.0,0.6032395638957753,-0.7565540276512385,1.0638120569246137,1057.59596824646,0.0
8,waypoint_38,30.0,0.6032395638957753,-0.7565540276512385,1.0638120569246137,493.36257576942444,0.0
9,waypoint_38,30.0,0.6032395638957753,-0.7565540276512385,1.0638120569246137,625.4739761352539,0.0
10,waypoint_38,30.0,0.6032395638957753,-0.7565540276512385,1.0638120569246137,442.076712846756,0.0
11,waypoint_38,30.0,0.6032395638957753,-0.7565540276512385,1.0638120569246137,431.62664771080017,0.0
12,waypoint_38,30.0,0.6032395638957753,-0.7565540276512385,1.0638120569246137,449.4115114212036,0.0
13,waypoint_38,30.0,0.6032395638957753,-0.7565540276512385,1.0638120569246137,498.0592429637909,0.0
14,waypoint_38,30.0,0.6032395638957753,-0.7565540276512385,1.0638120569246137,575.3949880599976,0.0
0,waypoint_38,15.0,0.6032395638957753,-0.7565540276512385,1.0638120569246137,4560.111045837402,0.0
1,waypoint_38,15.0,0.6032395638957753,-0.7565540276512385,1.0638120569246137,3232.4068546295166,0.0
2,waypoint_38,15.0,0.6032395638957753,-0.7565540276512385,1.0638120569246137,2808.570146560669,0.0
3,waypoint_38,15.0,0.6032395638957753,-0.7565540276512385,1.0638120569246137,1066.2859678268433,0.0
4,waypoint_38,15.0,0.6032395638957753,-0.7565540276512385,1.0638120569246137,1059.4571828842163,0.0
5,waypoint_38,15.0,0.6032395638957753,-0.7565540276512385,1.0638120569246137,1509.6967220306396,0.0
6,waypoint_38,15.0,0.6032395638957753,-0.7565540276512385,1.0638120569246137,1225.117802619934,0.0
7,waypoint_38,15.0,0.6032395638957753,-0.7565540276512385,1.0638120569246137,1139.8911476135254,0.0
8,waypoint_38,15.0,0.6032395638957753,-0.7565540276512385,1.0638120569246137,505.37222623825073,0.0
9,waypoint_38,15.0,0.6032395638957753,-0.7565540276512385,1.0638120569246137,638.7146711349487,0.0
10,waypoint_38,15.0,0.6032395638957753,-0.7565540276512385,1.0638120569246137,466.34429693222046,0.0
11,waypoint_38,15.0,0.6032395638957753,-0.7565540276512385,1.0638120569246137,487.7709150314331,0.0
12,waypoint_38,15.0,0.6032395638957753,-0.7565540276512385,1.0638120569246137,451.76076889038086,0.0
13,waypoint_38,15.0,0.6032395638957753,-0.7565540276512385,1.0638120569246137,498.8515079021454,0.0
14,waypoint_38,15.0,0.6032395638957753,-0.7565540276512385,1.0638120569246137,535.8005166053772,0.0
0,waypoint_38,0.0,0.6032395638957753,-0.7565540276512385,1.0638120569246137,4524.998188018799,0.0
1,waypoint_38,0.0,0.6032395638957753,-0.7565540276512385,1.0638120569246137,3230.0100326538086,0.0
2,waypoint_38,0.0,0.6032395638957753,-0.7565540276512385,1.0638120569246137,2833.3475589752197,0.0
3,waypoint_38,0.0,0.6032395638957753,-0.7565540276512385,1.0638120569246137,1042.957067489624,0.0
4,waypoint_38,0.0,0.6032395638957753,-0.7565540276512385,1.0638120569246137,1059.5675706863403,0.0
5,waypoint_38,0.0,0.6032395638957753,-0.7565540276512385,1.0638120569246137,1847.0944166183472,0.0
6,waypoint_38,0.0,0.6032395638957753,-0.7565540276512385,1.0638120569246137,1245.6642389297485,0.0
7,waypoint_38,0.0,0.6032395638957753,-0.7565540276512385,1.0638120569246137,1263.3551359176636,0.0
8,waypoint_38,0.0,0.6032395638957753,-0.7565540276512385,1.0638120569246137,503.8427710533142,0.0
9,waypoint_38,0.0,0.6032395638957753,-0.7565540276512385,1.0638120569246137,624.9634623527527,0.0
10,waypoint_38,0.0,0.6032395638957753,-0.7565540276512385,1.0638120569246137,476.5094220638275,0.0
11,waypoint_38,0.0,0.6032395638957753,-0.7565540276512385,1.0638120569246137,448.50921630859375,0.0
12,waypoint_38,0.0,0.6032395638957753,-0.7565540276512385,1.0638120569246137,440.8417046070099,0.0
13,waypoint_38,0.0,0.6032395638957753,-0.7565540276512385,1.0638120569246137,483.2773506641388,0.0
14,waypoint_38,0.0,0.6032395638957753,-0.7565540276512385,1.0638120569246137,524.5590209960938,0.0
0,waypoint_38,-15.0,0.6032395638957753,-0.7565540276512385,1.0638120569246137,4540.624141693115,0.0
1,waypoint_38,-15.0,0.6032395638957753,-0.7565540276512385,1.0638120569246137,3229.339599609375,0.0
2,waypoint_38,-15.0,0.6032395638957753,-0.7565540276512385,1.0638120569246137,2756.885290145874,0.0
3,waypoint_38,-15.0,0.6032395638957753,-0.7565540276512385,1.0638120569246137,1000.6986856460571,0.0
4,waypoint_38,-15.0,0.6032395638957753,-0.7565540276512385,1.0638120569246137,1059.569001197815,0.0
5,waypoint_38,-15.0,0.6032395638957753,-0.7565540276512385,1.0638120569246137,2135.5223655700684,0.0
6,waypoint_38,-15.0,0.6032395638957753,-0.7565540276512385,1.0638120569246137,1232.653021812439,0.0
7,waypoint_38,-15.0,0.6032395638957753,-0.7565540276512385,1.0638120569246137,1352.7405261993408,0.0
8,waypoint_38,-15.0,0.6032395638957753,-0.7565540276512385,1.0638120569246137,484.24267768859863,0.0
9,waypoint_38,-15.0,0.6032395638957753,-0.7565540276512385,1.0638120569246137,624.1908073425293,0.0
10,waypoint_38,-15.0,0.6032395638957753,-0.7565540276512385,1.0638120569246137,464.3678367137909,0.0
11,waypoint_38,-15.0,0.6032395638957753,-0.7565540276512385,1.0638120569246137,445.54218649864197,0.0
12,waypoint_38,-15.0,0.6032395638957753,-0.7565540276512385,1.0638120569246137,429.3859601020813,0.0
13,waypoint_38,-15.0,0.6032395638957753,-0.7565540276512385,1.0638120569246137,472.2854197025299,0.0
14,waypoint_38,-15.0,0.6032395638957753,-0.7565540276512385,1.0638120569246137,509.05805826187134,0.0
0,waypoint_38,-30.0,0.6032395638957753,-0.7565540276512385,1.0638120569246137,4493.663311004639,0.0
1,waypoint_38,-30.0,0.6032395638957753,-0.7565540276512385,1.0638120569246137,3231.1813831329346,0.0
2,waypoint_38,-30.0,0.6032395638957753,-0.7565540276512385,1.0638120569246137,2732.064962387085,0.0
3,waypoint_38,-30.0,0.6032395638957753,-0.7565540276512385,1.0638120569246137,870.7368969917297,0.0
4,waypoint_38,-30.0,0.6032395638957753,-0.7565540276512385,1.0638120569246137,1059.5343112945557,0.0
5,waypoint_38,-30.0,0.6032395638957753,-0.7565540276512385,1.0638120569246137,2168.8449382781982,0.0
6,waypoint_38,-30.0,0.6032395638957753,-0.7565540276512385,1.0638120569246137,1323.8818645477295,0.0
7,waypoint_38,-30.0,0.6032395638957753,-0.7565540276512385,1.0638120569246137,1249.7293949127197,0.0
8,waypoint_38,-30.0,0.6032395638957753,-0.7565540276512385,1.0638120569246137,457.6326310634613,0.0
9,waypoint_38,-30.0,0.6032395638957753,-0.7565540276512385,1.0638120569246137,624.0041851997375,0.0
10,waypoint_38,-30.0,0.6032395638957753,-0.7565540276512385,1.0638120569246137,434.0393841266632,0.0
11,waypoint_38,-30.0,0.6032395638957753,-0.7565540276512385,1.0638120569246137,445.37633657455444,0.0
12,waypoint_38,-30.0,0.6032395638957753,-0.7565540276512385,1.0638120569246137,424.8751401901245,0.0
13,waypoint_38,-30.0,0.6032395638957753,-0.7565540276512385,1.0638120569246137,469.2173898220062,0.0
14,waypoint_38,-30.0,0.6032395638957753,-0.7565540276512385,1.0638120569246137,511.19887828826904,0.0
0,waypoint_39,-30.0,0.6232395638957755,-0.7565540276512385,1.0638120569246137,4495.0852394104,0.0
1,waypoint_39,-30.0,0.6232395638957755,-0.7565540276512385,1.0638120569246137,3234.1794967651367,0.0
2,waypoint_39,-30.0,0.6232395638957755,-0.7565540276512385,1.0638120569246137,2729.326009750366,0.0
3,waypoint_39,-30.0,0.6232395638957755,-0.7565540276512385,1.0638120569246137,866.7070865631104,0.0
4,waypoint_39,-30.0,0.6232395638957755,-0.7565540276512385,1.0638120569246137,1040.442943572998,0.0
5,waypoint_39,-30.0,0.6232395638957755,-0.7565540276512385,1.0638120569246137,2167.2489643096924,0.0
6,waypoint_39,-30.0,0.6232395638957755,-0.7565540276512385,1.0638120569246137,1320.0469017028809,0.0
7,waypoint_39,-30.0,0.6232395638957755,-0.7565540276512385,1.0638120569246137,1370.172619819641,0.0
8,waypoint_39,-30.0,0.6232395638957755,-0.7565540276512385,1.0638120569246137,467.2379791736603,0.0
9,waypoint_39,-30.0,0.6232395638957755,-0.7565540276512385,1.0638120569246137,642.4822807312012,0.0
10,waypoint_39,-30.0,0.6232395638957755,-0.7565540276512385,1.0638120569246137,444.29704546928406,0.0
11,waypoint_39,-30.0,0.6232395638957755,-0.7565540276512385,1.0638120569246137,454.9402594566345,0.0
12,waypoint_39,-30.0,0.6232395638957755,-0.7565540276512385,1.0638120569246137,442.0088231563568,0.0
13,waypoint_39,-30.0,0.6232395638957755,-0.7565540276512385,1.0638120569246137,484.3066930770874,0.0
14,waypoint_39,-30.0,0.6232395638957755,-0.7565540276512385,1.0638120569246137,527.8673768043518,0.0
0,waypoint_39,-15.0,0.6232395638957755,-0.7565540276512385,1.0638120569246137,4553.564071655273,0.0
1,waypoint_39,-15.0,0.6232395638957755,-0.7565540276512385,1.0638120569246137,3232.1650981903076,0.0
2,waypoint_39,-15.0,0.6232395638957755,-0.7565540276512385,1.0638120569246137,2718.249559402466,0.0
3,waypoint_39,-15.0,0.6232395638957755,-0.7565540276512385,1.0638120569246137,1035.4505777359009,0.0
4,waypoint_39,-15.0,0.6232395638957755,-0.7565540276512385,1.0638120569246137,1040.4655933380127,0.0
5,waypoint_39,-15.0,0.6232395638957755,-0.7565540276512385,1.0638120569246137,2134.096622467041,0.0
6,waypoint_39,-15.0,0.6232395638957755,-0.7565540276512385,1.0638120569246137,1377.3365020751953,0.0
7,waypoint_39,-15.0,0.6232395638957755,-0.7565540276512385,1.0638120569246137,1351.3745069503784,0.0
8,waypoint_39,-15.0,0.6232395638957755,-0.7565540276512385,1.0638120569246137,469.89041566848755,0.0
9,waypoint_39,-15.0,0.6232395638957755,-0.7565540276512385,1.0638120569246137,642.2420144081116,0.0
10,waypoint_39,-15.0,0.6232395638957755,-0.7565540276512385,1.0638120569246137,459.89614725112915,0.0
11,waypoint_39,-15.0,0.6232395638957755,-0.7565540276512385,1.0638120569246137,455.028772354126,0.0
12,waypoint_39,-15.0,0.6232395638957755,-0.7565540276512385,1.0638120569246137,442.4341917037964,0.0
13,waypoint_39,-15.0,0.6232395638957755,-0.7565540276512385,1.0638120569246137,484.6351742744446,0.0
14,waypoint_39,-15.0,0.6232395638957755,-0.7565540276512385,1.0638120569246137,511.12693548202515,0.0
0,waypoint_39,0.0,0.6232395638957755,-0.7565540276512385,1.0638120569246137,4554.49104309082,0.0
1,waypoint_39,0.0,0.6232395638957755,-0.7565540276512385,1.0638120569246137,3232.693672180176,0.0
2,waypoint_39,0.0,0.6232395638957755,-0.7565540276512385,1.0638120569246137,2873.286008834839,0.0
3,waypoint_39,0.0,0.6232395638957755,-0.7565540276512385,1.0638120569246137,1043.3011054992676,0.0
4,waypoint_39,0.0,0.6232395638957755,-0.7565540276512385,1.0638120569246137,1040.4354333877563,0.0
5,waypoint_39,0.0,0.6232395638957755,-0.7565540276512385,1.0638120569246137,2058.440923690796,0.0
6,waypoint_39,0.0,0.6232395638957755,-0.7565540276512385,1.0638120569246137,1192.058801651001,0.0
7,waypoint_39,0.0,0.6232395638957755,-0.7565540276512385,1.0638120569246137,1049.1222143173218,0.0
8,waypoint_39,0.0,0.6232395638957755,-0.7565540276512385,1.0638120569246137,508.74125957489014,0.0
9,waypoint_39,0.0,0.6232395638957755,-0.7565540276512385,1.0638120569246137,642.2479748725891,0.0
10,waypoint_39,0.0,0.6232395638957755,-0.7565540276512385,1.0638120569246137,482.1646213531494,0.0
11,waypoint_39,0.0,0.6232395638957755,-0.7565540276512385,1.0638120569246137,451.53695344924927,0.0
12,waypoint_39,0.0,0.6232395638957755,-0.7565540276512385,1.0638120569246137,447.40617275238037,0.0
13,waypoint_39,0.0,0.6232395638957755,-0.7565540276512385,1.0638120569246137,485.7011139392853,0.0
14,waypoint_39,0.0,0.6232395638957755,-0.7565540276512385,1.0638120569246137,529.3999910354614,0.0
0,waypoint_39,15.0,0.6232395638957755,-0.7565540276512385,1.0638120569246137,4563.391208648682,0.0
1,waypoint_39,15.0,0.6232395638957755,-0.7565540276512385,1.0638120569246137,3234.9820137023926,0.0
2,waypoint_39,15.0,0.6232395638957755,-0.7565540276512385,1.0638120569246137,2818.540573120117,0.0
3,waypoint_39,15.0,0.6232395638957755,-0.7565540276512385,1.0638120569246137,1059.0391159057617,0.0
4,waypoint_39,15.0,0.6232395638957755,-0.7565540276512385,1.0638120569246137,1040.4105186462402,0.0
5,waypoint_39,15.0,0.6232395638957755,-0.7565540276512385,1.0638120569246137,1504.162311553955,0.0
6,waypoint_39,15.0,0.6232395638957755,-0.7565540276512385,1.0638120569246137,1259.9718570709229,0.0
7,waypoint_39,15.0,0.6232395638957755,-0.7565540276512385,1.0638120569246137,1181.357741355896,0.0
8,waypoint_39,15.0,0.6232395638957755,-0.7565540276512385,1.0638120569246137,508.9249014854431,0.0
9,waypoint_39,15.0,0.6232395638957755,-0.7565540276512385,1.0638120569246137,657.1964025497437,0.0
10,waypoint_39,15.0,0.6232395638957755,-0.7565540276512385,1.0638120569246137,474.05532002449036,0.0
11,waypoint_39,15.0,0.6232395638957755,-0.7565540276512385,1.0638120569246137,455.28462529182434,0.0
12,waypoint_39,15.0,0.6232395638957755,-0.7565540276512385,1.0638120569246137,431.357741355896,0.0
13,waypoint_39,15.0,0.6232395638957755,-0.7565540276512385,1.0638120569246137,477.0236015319824,0.0
14,waypoint_39,15.0,0.6232395638957755,-0.7565540276512385,1.0638120569246137,529.9932360649109,0.0
0,waypoint_39,30.0,0.6232395638957755,-0.7565540276512385,1.0638120569246137,4595.768451690674,0.0
1,waypoint_39,30.0,0.6232395638957755,-0.7565540276512385,1.0638120569246137,3238.0919456481934,0.0
2,waypoint_39,30.0,0.6232395638957755,-0.7565540276512385,1.0638120569246137,2818.9902305603027,0.0
3,waypoint_39,30.0,0.6232395638957755,-0.7565540276512385,1.0638120569246137,1049.7897863388062,0.0
4,waypoint_39,30.0,0.6232395638957755,-0.7565540276512385,1.0638120569246137,1040.2404069900513,0.0
5,waypoint_39,30.0,0.6232395638957755,-0.7565540276512385,1.0638120569246137,1588.5066986083984,0.0
6,waypoint_39,30.0,0.6232395638957755,-0.7565540276512385,1.0638120569246137,1252.9141902923584,0.0
7,waypoint_39,30.0,0.6232395638957755,-0.7565540276512385,1.0638120569246137,1194.4637298583984,0.0
8,waypoint_39,30.0,0.6232395638957755,-0.7565540276512385,1.0638120569246137,497.6295232772827,0.0
9,waypoint_39,30.0,0.6232395638957755,-0.7565540276512385,1.0638120569246137,645.4424262046814,0.0
10,waypoint_39,30.0,0.6232395638957755,-0.7565540276512385,1.0638120569246137,495.76279520988464,0.0
11,waypoint_39,30.0,0.6232395638957755,-0.7565540276512385,1.0638120569246137,437.14216351509094,0.0
12,waypoint_39,30.0,0.6232395638957755,-0.7565540276512385,1.0638120569246137,380.4554045200348,0.0
13,waypoint_39,30.0,0.6232395638957755,-0.7565540276512385,1.0638120569246137,473.48663210868835,0.0
14,waypoint_39,30.0,0.6232395638957755,-0.7565540276512385,1.0638120569246137,558.112621307373,0.0
0,waypoint_40,30.0,0.6432395638957753,-0.7565540276512385,1.0638120569246137,4553.007125854492,0.0
1,waypoint_40,30.0,0.6432395638957753,-0.7565540276512385,1.0638120569246137,3240.7054901123047,0.0
2,waypoint_40,30.0,0.6432395638957753,-0.7565540276512385,1.0638120569246137,2847.709894180298,0.0
3,waypoint_40,30.0,0.6432395638957753,-0.7565540276512385,1.0638120569246137,1037.727952003479,0.0
4,waypoint_40,30.0,0.6432395638957753,-0.7565540276512385,1.0638120569246137,1021.0874080657959,0.0
5,waypoint_40,30.0,0.6432395638957753,-0.7565540276512385,1.0638120569246137,1583.0519199371338,0.0
6,waypoint_40,30.0,0.6432395638957753,-0.7565540276512385,1.0638120569246137,1214.2125368118286,0.0
7,waypoint_40,30.0,0.6432395638957753,-0.7565540276512385,1.0638120569246137,1175.6259202957153,0.0
8,waypoint_40,30.0,0.6432395638957753,-0.7565540276512385,1.0638120569246137,501.39379501342773,0.0
9,waypoint_40,30.0,0.6432395638957753,-0.7565540276512385,1.0638120569246137,665.4577255249023,0.0
10,waypoint_40,30.0,0.6432395638957753,-0.7565540276512385,1.0638120569246137,505.99682331085205,0.0
11,waypoint_40,30.0,0.6432395638957753,-0.7565540276512385,1.0638120569246137,424.9291121959686,0.0
12,waypoint_40,30.0,0.6432395638957753,-0.7565540276512385,1.0638120569246137,402.74807810783386,0.0
13,waypoint_40,30.0,0.6432395638957753,-0.7565540276512385,1.0638120569246137,477.8652787208557,0.0
14,waypoint_40,30.0,0.6432395638957753,-0.7565540276512385,1.0638120569246137,596.646249294281,0.0
0,waypoint_40,15.0,0.6432395638957753,-0.7565540276512385,1.0638120569246137,4528.456211090088,0.0
1,waypoint_40,15.0,0.6432395638957753,-0.7565540276512385,1.0638120569246137,3237.656593322754,0.0
2,waypoint_40,15.0,0.6432395638957753,-0.7565540276512385,1.0638120569246137,2869.070053100586,0.0
3,waypoint_40,15.0,0.6432395638957753,-0.7565540276512385,1.0638120569246137,1039.960265159607,0.0
4,waypoint_40,15.0,0.6432395638957753,-0.7565540276512385,1.0638120569246137,1021.2317705154419,0.0
5,waypoint_40,15.0,0.6432395638957753,-0.7565540276512385,1.0638120569246137,1498.8425970077515,0.0
6,waypoint_40,15.0,0.6432395638957753,-0.7565540276512385,1.0638120569246137,1184.023141860962,0.0
7,waypoint_40,15.0,0.6432395638957753,-0.7565540276512385,1.0638120569246137,1182.0464134216309,0.0
8,waypoint_40,15.0,0.6432395638957753,-0.7565540276512385,1.0638120569246137,513.8772130012512,0.0
9,waypoint_40,15.0,0.6432395638957753,-0.7565540276512385,1.0638120569246137,673.0868220329285,0.0
10,waypoint_40,15.0,0.6432395638957753,-0.7565540276512385,1.0638120569246137,519.2077159881592,0.0
11,waypoint_40,15.0,0.6432395638957753,-0.7565540276512385,1.0638120569246137,506.1168074607849,0.0
12,waypoint_40,15.0,0.6432395638957753,-0.7565540276512385,1.0638120569246137,476.0723412036896,0.0
13,waypoint_40,15.0,0.6432395638957753,-0.7565540276512385,1.0638120569246137,467.88153052330017,0.0
14,waypoint_40,15.0,0.6432395638957753,-0.7565540276512385,1.0638120569246137,573.9702582359314,0.0
0,waypoint_40,0.0,0.6432395638957753,-0.7565540276512385,1.0638120569246137,4590.612411499023,0.0
1,waypoint_40,0.0,0.6432395638957753,-0.7565540276512385,1.0638120569246137,3235.4824542999268,0.0
2,waypoint_40,0.0,0.6432395638957753,-0.7565540276512385,1.0638120569246137,2804.5482635498047,0.0
3,waypoint_40,0.0,0.6432395638957753,-0.7565540276512385,1.0638120569246137,1034.742832183838,0.0
4,waypoint_40,0.0,0.6432395638957753,-0.7565540276512385,1.0638120569246137,1021.3662385940552,0.0
5,waypoint_40,0.0,0.6432395638957753,-0.7565540276512385,1.0638120569246137,1863.4859323501587,0.0
6,waypoint_40,0.0,0.6432395638957753,-0.7565540276512385,1.0638120569246137,1205.004096031189,0.0
7,waypoint_40,0.0,0.6432395638957753,-0.7565540276512385,1.0638120569246137,1182.2303533554077,0.0
8,waypoint_40,0.0,0.6432395638957753,-0.7565540276512385,1.0638120569246137,508.2738399505615,0.0
9,waypoint_40,0.0,0.6432395638957753,-0.7565540276512385,1.0638120569246137,658.8650941848755,0.0
10,waypoint_40,0.0,0.6432395638957753,-0.7565540276512385,1.0638120569246137,436.241090297699,0.0
11,waypoint_40,0.0,0.6432395638957753,-0.7565540276512385,1.0638120569246137,470.0467586517334,0.0
12,waypoint_40,0.0,0.6432395638957753,-0.7565540276512385,1.0638120569246137,441.48194789886475,0.0
13,waypoint_40,0.0,0.6432395638957753,-0.7565540276512385,1.0638120569246137,482.83201456069946,0.0
14,waypoint_40,0.0,0.6432395638957753,-0.7565540276512385,1.0638120569246137,543.6908006668091,0.0
0,waypoint_40,-15.0,0.6432395638957753,-0.7565540276512385,1.0638120569246137,4565.985679626465,0.0
1,waypoint_40,-15.0,0.6432395638957753,-0.7565540276512385,1.0638120569246137,3235.105037689209,0.0
2,waypoint_40,-15.0,0.6432395638957753,-0.7565540276512385,1.0638120569246137,2713.245630264282,0.0
3,waypoint_40,-15.0,0.6432395638957753,-0.7565540276512385,1.0638120569246137,1008.5338354110718,0.0
4,waypoint_40,-15.0,0.6432395638957753,-0.7565540276512385,1.0638120569246137,1021.3701725006104,0.0
5,waypoint_40,-15.0,0.6432395638957753,-0.7565540276512385,1.0638120569246137,2133.289098739624,0.0
6,waypoint_40,-15.0,0.6432395638957753,-0.7565540276512385,1.0638120569246137,1081.954836845398,0.0
7,waypoint_40,-15.0,0.6432395638957753,-0.7565540276512385,1.0638120569246137,1181.9815635681152,0.0
8,waypoint_40,-15.0,0.6432395638957753,-0.7565540276512385,1.0638120569246137,487.6551628112793,0.0
9,waypoint_40,-15.0,0.6432395638957753,-0.7565540276512385,1.0638120569246137,657.6348543167114,0.0
10,waypoint_40,-15.0,0.6432395638957753,-0.7565540276512385,1.0638120569246137,428.25233936309814,0.0
11,waypoint_40,-15.0,0.6432395638957753,-0.7565540276512385,1.0638120569246137,440.77491760253906,0.0
12,waypoint_40,-15.0,0.6432395638957753,-0.7565540276512385,1.0638120569246137,440.85797667503357,0.0
13,waypoint_40,-15.0,0.6432395638957753,-0.7565540276512385,1.0638120569246137,479.2664647102356,0.0
14,waypoint_40,-15.0,0.6432395638957753,-0.7565540276512385,1.0638120569246137,518.4345245361328,0.0
0,waypoint_40,-30.0,0.6432395638957753,-0.7565540276512385,1.0638120569246137,4541.348934173584,0.0
1,waypoint_40,-30.0,0.6432395638957753,-0.7565540276512385,1.0638120569246137,3237.285614013672,0.0
2,waypoint_40,-30.0,0.6432395638957753,-0.7565540276512385,1.0638120569246137,2713.115930557251,0.0
3,waypoint_40,-30.0,0.6432395638957753,-0.7565540276512385,1.0638120569246137,860.4785203933716,0.0
4,waypoint_40,-30.0,0.6432395638957753,-0.7565540276512385,1.0638120569246137,1021.3778018951416,0.0
5,waypoint_40,-30.0,0.6432395638957753,-0.7565540276512385,1.0638120569246137,2165.7845973968506,0.0
6,waypoint_40,-30.0,0.6432395638957753,-0.7565540276512385,1.0638120569246137,1074.7056007385254,0.0
7,waypoint_40,-30.0,0.6432395638957753,-0.7565540276512385,1.0638120569246137,1182.1986436843872,0.0
8,waypoint_40,-30.0,0.6432395638957753,-0.7565540276512385,1.0638120569246137,476.9955575466156,0.0
9,waypoint_40,-30.0,0.6432395638957753,-0.7565540276512385,1.0638120569246137,656.9249033927917,0.0
10,waypoint_40,-30.0,0.6432395638957753,-0.7565540276512385,1.0638120569246137,429.42893505096436,0.0
11,waypoint_40,-30.0,0.6432395638957753,-0.7565540276512385,1.0638120569246137,430.60144782066345,0.0
12,waypoint_40,-30.0,0.6432395638957753,-0.7565540276512385,1.0638120569246137,439.90689516067505,0.0
13,waypoint_40,-30.0,0.6432395638957753,-0.7565540276512385,1.0638120569246137,477.03221440315247,0.0
14,waypoint_40,-30.0,0.6432395638957753,-0.7565540276512385,1.0638120569246137,512.63827085495,0.0
0,waypoint_41,-30.0,0.46323956389577614,-0.7304170035653912,1.056401224630453,4363.14582824707,0.0
1,waypoint_41,-30.0,0.46323956389577614,-0.7304170035653912,1.056401224630453,3186.8443489074707,0.0
2,waypoint_41,-30.0,0.46323956389577614,-0.7304170035653912,1.056401224630453,2774.2760181427,0.0
3,waypoint_41,-30.0,0.46323956389577614,-0.7304170035653912,1.056401224630453,1004.008412361145,0.0
4,waypoint_41,-30.0,0.46323956389577614,-0.7304170035653912,1.056401224630453,1188.9629364013672,0.0
5,waypoint_41,-30.0,0.46323956389577614,-0.7304170035653912,1.056401224630453,2156.3332080841064,0.0
6,waypoint_41,-30.0,0.46323956389577614,-0.7304170035653912,1.056401224630453,1319.380521774292,0.0
7,waypoint_41,-30.0,0.46323956389577614,-0.7304170035653912,1.056401224630453,1353.2447814941406,0.0
8,waypoint_41,-30.0,0.46323956389577614,-0.7304170035653912,1.056401224630453,333.57036113739014,0.0
9,waypoint_41,-30.0,0.46323956389577614,-0.7304170035653912,1.056401224630453,481.80872201919556,0.0
10,waypoint_41,-30.0,0.46323956389577614,-0.7304170035653912,1.056401224630453,323.18758964538574,0.0
11,waypoint_41,-30.0,0.46323956389577614,-0.7304170035653912,1.056401224630453,328.95293831825256,0.0
12,waypoint_41,-30.0,0.46323956389577614,-0.7304170035653912,1.056401224630453,362.9617393016815,0.0
13,waypoint_41,-30.0,0.46323956389577614,-0.7304170035653912,1.056401224630453,380.55485486984253,0.0
14,waypoint_41,-30.0,0.46323956389577614,-0.7304170035653912,1.056401224630453,356.1108708381653,0.0
0,waypoint_41,-15.0,0.46323956389577614,-0.7304170035653912,1.056401224630453,4396.595001220703,0.0
1,waypoint_41,-15.0,0.46323956389577614,-0.7304170035653912,1.056401224630453,3186.4705085754395,0.0
2,waypoint_41,-15.0,0.46323956389577614,-0.7304170035653912,1.056401224630453,2759.674072265625,0.0
3,waypoint_41,-15.0,0.46323956389577614,-0.7304170035653912,1.056401224630453,1136.981725692749,0.0
4,waypoint_41,-15.0,0.46323956389577614,-0.7304170035653912,1.056401224630453,1189.1260147094727,0.0
5,waypoint_41,-15.0,0.46323956389577614,-0.7304170035653912,1.056401224630453,2114.931344985962,0.0
6,waypoint_41,-15.0,0.46323956389577614,-0.7304170035653912,1.056401224630453,1247.9004859924316,0.0
7,waypoint_41,-15.0,0.46323956389577614,-0.7304170035653912,1.056401224630453,1352.86545753479,0.0
8,waypoint_41,-15.0,0.46323956389577614,-0.7304170035653912,1.056401224630453,407.31698274612427,0.0
9,waypoint_41,-15.0,0.46323956389577614,-0.7304170035653912,1.056401224630453,481.97439312934875,0.0
10,waypoint_41,-15.0,0.46323956389577614,-0.7304170035653912,1.056401224630453,400.9925127029419,0.0
11,waypoint_41,-15.0,0.46323956389577614,-0.7304170035653912,1.056401224630453,365.5473589897156,0.0
12,waypoint_41,-15.0,0.46323956389577614,-0.7304170035653912,1.056401224630453,402.3453891277313,0.0
13,waypoint_41,-15.0,0.46323956389577614,-0.7304170035653912,1.056401224630453,416.35391116142273,0.0
14,waypoint_41,-15.0,0.46323956389577614,-0.7304170035653912,1.056401224630453,355.74519634246826,0.0
0,waypoint_41,0.0,0.46323956389577614,-0.7304170035653912,1.056401224630453,4414.042949676514,0.0
1,waypoint_41,0.0,0.46323956389577614,-0.7304170035653912,1.056401224630453,3188.4238719940186,0.0
2,waypoint_41,0.0,0.46323956389577614,-0.7304170035653912,1.056401224630453,2881.4218044281006,0.0
3,waypoint_41,0.0,0.46323956389577614,-0.7304170035653912,1.056401224630453,1116.986870765686,0.0
4,waypoint_41,0.0,0.46323956389577614,-0.7304170035653912,1.056401224630453,1189.2211437225342,0.0
5,waypoint_41,0.0,0.46323956389577614,-0.7304170035653912,1.056401224630453,1684.3626499176025,0.0
6,waypoint_41,0.0,0.46323956389577614,-0.7304170035653912,1.056401224630453,1349.6521711349487,0.0
7,waypoint_41,0.0,0.46323956389577614,-0.7304170035653912,1.056401224630453,1353.2960414886475,0.0
8,waypoint_41,0.0,0.46323956389577614,-0.7304170035653912,1.056401224630453,448.51768016815186,0.0
9,waypoint_41,0.0,0.46323956389577614,-0.7304170035653912,1.056401224630453,482.85144567489624,0.0
10,waypoint_41,0.0,0.46323956389577614,-0.7304170035653912,1.056401224630453,520.0738906860352,0.0
11,waypoint_41,0.0,0.46323956389577614,-0.7304170035653912,1.056401224630453,404.59883213043213,0.0
12,waypoint_41,0.0,0.46323956389577614,-0.7304170035653912,1.056401224630453,474.99990463256836,0.0
13,waypoint_41,0.0,0.46323956389577614,-0.7304170035653912,1.056401224630453,435.6875419616699,0.0
14,waypoint_41,0.0,0.46323956389577614,-0.7304170035653912,1.056401224630453,393.5111463069916,0.0
0,waypoint_41,15.0,0.46323956389577614,-0.7304170035653912,1.056401224630453,4406.015396118164,0.0
1,waypoint_41,15.0,0.46323956389577614,-0.7304170035653912,1.056401224630453,3191.809892654419,0.0
2,waypoint_41,15.0,0.46323956389577614,-0.7304170035653912,1.056401224630453,2930.6466579437256,0.0
3,waypoint_41,15.0,0.46323956389577614,-0.7304170035653912,1.056401224630453,1109.795093536377,0.0
4,waypoint_41,15.0,0.46323956389577614,-0.7304170035653912,1.056401224630453,1189.4358396530151,0.0
5,waypoint_41,15.0,0.46323956389577614,-0.7304170035653912,1.056401224630453,1526.1732339859009,0.0
6,waypoint_41,15.0,0.46323956389577614,-0.7304170035653912,1.056401224630453,1393.9409255981445,0.0
7,waypoint_41,15.0,0.46323956389577614,-0.7304170035653912,1.056401224630453,1352.735996246338,0.0
8,waypoint_41,15.0,0.46323956389577614,-0.7304170035653912,1.056401224630453,410.7828736305237,0.0
9,waypoint_41,15.0,0.46323956389577614,-0.7304170035653912,1.056401224630453,492.39256978034973,0.0
10,waypoint_41,15.0,0.46323956389577614,-0.7304170035653912,1.056401224630453,454.1665315628052,0.0
11,waypoint_41,15.0,0.46323956389577614,-0.7304170035653912,1.056401224630453,562.7655386924744,0.0
12,waypoint_41,15.0,0.46323956389577614,-0.7304170035653912,1.056401224630453,503.6706328392029,0.0
13,waypoint_41,15.0,0.46323956389577614,-0.7304170035653912,1.056401224630453,505.9700012207031,0.0
14,waypoint_41,15.0,0.46323956389577614,-0.7304170035653912,1.056401224630453,399.740606546402,0.0
0,waypoint_41,30.0,0.46323956389577614,-0.7304170035653912,1.056401224630453,4395.9760665893555,0.0
1,waypoint_41,30.0,0.46323956389577614,-0.7304170035653912,1.056401224630453,3195.6160068511963,0.0
2,waypoint_41,30.0,0.46323956389577614,-0.7304170035653912,1.056401224630453,2975.9933948516846,0.0
3,waypoint_41,30.0,0.46323956389577614,-0.7304170035653912,1.056401224630453,1124.7762441635132,0.0
4,waypoint_41,30.0,0.46323956389577614,-0.7304170035653912,1.056401224630453,1189.509630203247,0.0
5,waypoint_41,30.0,0.46323956389577614,-0.7304170035653912,1.056401224630453,1614.2340898513794,0.0
6,waypoint_41,30.0,0.46323956389577614,-0.7304170035653912,1.056401224630453,1393.4240341186523,0.0
7,waypoint_41,30.0,0.46323956389577614,-0.7304170035653912,1.056401224630453,1347.3236560821533,0.0
8,waypoint_41,30.0,0.46323956389577614,-0.7304170035653912,1.056401224630453,417.47355461120605,0.0
9,waypoint_41,30.0,0.46323956389577614,-0.7304170035653912,1.056401224630453,479.73284125328064,0.0
10,waypoint_41,30.0,0.46323956389577614,-0.7304170035653912,1.056401224630453,451.59557461738586,0.0
11,waypoint_41,30.0,0.46323956389577614,-0.7304170035653912,1.056401224630453,594.5395827293396,0.0
12,waypoint_41,30.0,0.46323956389577614,-0.7304170035653912,1.056401224630453,548.2457876205444,0.0
13,waypoint_41,30.0,0.46323956389577614,-0.7304170035653912,1.056401224630453,537.178635597229,0.0
14,waypoint_41,30.0,0.46323956389577614,-0.7304170035653912,1.056401224630453,523.0442881584167,0.0
0,waypoint_42,30.0,0.4832395638957757,-0.7304170035653912,1.056401224630453,4433.260917663574,0.0
1,waypoint_42,30.0,0.4832395638957757,-0.7304170035653912,1.056401224630453,3197.40629196167,0.0
2,waypoint_42,30.0,0.4832395638957757,-0.7304170035653912,1.056401224630453,2898.0326652526855,0.0
3,waypoint_42,30.0,0.4832395638957757,-0.7304170035653912,1.056401224630453,1135.8978748321533,0.0
4,waypoint_42,30.0,0.4832395638957757,-0.7304170035653912,1.056401224630453,1170.0928211212158,0.0
5,waypoint_42,30.0,0.4832395638957757,-0.7304170035653912,1.056401224630453,1607.262372970581,0.0
6,waypoint_42,30.0,0.4832395638957757,-0.7304170035653912,1.056401224630453,1355.8493852615356,0.0
7,waypoint_42,30.0,0.4832395638957757,-0.7304170035653912,1.056401224630453,1331.6634893417358,0.0
8,waypoint_42,30.0,0.4832395638957757,-0.7304170035653912,1.056401224630453,424.9172508716583,0.0
9,waypoint_42,30.0,0.4832395638957757,-0.7304170035653912,1.056401224630453,498.5903799533844,0.0
10,waypoint_42,30.0,0.4832395638957757,-0.7304170035653912,1.056401224630453,457.95080065727234,0.0
11,waypoint_42,30.0,0.4832395638957757,-0.7304170035653912,1.056401224630453,632.9368948936462,0.0
12,waypoint_42,30.0,0.4832395638957757,-0.7304170035653912,1.056401224630453,581.4676284790039,0.0
13,waypoint_42,30.0,0.4832395638957757,-0.7304170035653912,1.056401224630453,554.2428493499756,0.0
14,waypoint_42,30.0,0.4832395638957757,-0.7304170035653912,1.056401224630453,490.86201190948486,0.0
0,waypoint_42,15.0,0.4832395638957757,-0.7304170035653912,1.056401224630453,4379.898548126221,0.0
1,waypoint_42,15.0,0.4832395638957757,-0.7304170035653912,1.056401224630453,3193.6440467834473,0.0
2,waypoint_42,15.0,0.4832395638957757,-0.7304170035653912,1.056401224630453,2887.7058029174805,0.0
3,waypoint_42,15.0,0.4832395638957757,-0.7304170035653912,1.056401224630453,1126.3123750686646,0.0
4,waypoint_42,15.0,0.4832395638957757,-0.7304170035653912,1.056401224630453,1170.0092554092407,0.0
5,waypoint_42,15.0,0.4832395638957757,-0.7304170035653912,1.056401224630453,1519.232153892517,0.0
6,waypoint_42,15.0,0.4832395638957757,-0.7304170035653912,1.056401224630453,1323.5142230987549,0.0
7,waypoint_42,15.0,0.4832395638957757,-0.7304170035653912,1.056401224630453,1342.202067375183,0.0
8,waypoint_42,15.0,0.4832395638957757,-0.7304170035653912,1.056401224630453,446.525514125824,0.0
9,waypoint_42,15.0,0.4832395638957757,-0.7304170035653912,1.056401224630453,510.96826791763306,0.0
10,waypoint_42,15.0,0.4832395638957757,-0.7304170035653912,1.056401224630453,438.80364298820496,0.0
11,waypoint_42,15.0,0.4832395638957757,-0.7304170035653912,1.056401224630453,613.7422919273376,0.0
12,waypoint_42,15.0,0.4832395638957757,-0.7304170035653912,1.056401224630453,547.2117066383362,0.0
13,waypoint_42,15.0,0.4832395638957757,-0.7304170035653912,1.056401224630453,538.6211276054382,0.0
14,waypoint_42,15.0,0.4832395638957757,-0.7304170035653912,1.056401224630453,427.4812042713165,0.0
0,waypoint_42,0.0,0.4832395638957757,-0.7304170035653912,1.056401224630453,4373.441696166992,0.0
1,waypoint_42,0.0,0.4832395638957757,-0.7304170035653912,1.056401224630453,3190.3438568115234,0.0
2,waypoint_42,0.0,0.4832395638957757,-0.7304170035653912,1.056401224630453,2871.0885047912598,0.0
3,waypoint_42,0.0,0.4832395638957757,-0.7304170035653912,1.056401224630453,1111.3795042037964,0.0
4,waypoint_42,0.0,0.4832395638957757,-0.7304170035653912,1.056401224630453,1169.843316078186,0.0
5,waypoint_42,0.0,0.4832395638957757,-0.7304170035653912,1.056401224630453,1649.0923166275024,0.0
6,waypoint_42,0.0,0.4832395638957757,-0.7304170035653912,1.056401224630453,1322.1546411514282,0.0
7,waypoint_42,0.0,0.4832395638957757,-0.7304170035653912,1.056401224630453,1341.7645692825317,0.0
8,waypoint_42,0.0,0.4832395638957757,-0.7304170035653912,1.056401224630453,446.6699957847595,0.0
9,waypoint_42,0.0,0.4832395638957757,-0.7304170035653912,1.056401224630453,511.3246440887451,0.0
10,waypoint_42,0.0,0.4832395638957757,-0.7304170035653912,1.056401224630453,427.41963267326355,0.0
11,waypoint_42,0.0,0.4832395638957757,-0.7304170035653912,1.056401224630453,554.3901920318604,0.0
12,waypoint_42,0.0,0.4832395638957757,-0.7304170035653912,1.056401224630453,522.4848389625549,0.0
13,waypoint_42,0.0,0.4832395638957757,-0.7304170035653912,1.056401224630453,527.0886421203613,0.0
14,waypoint_42,0.0,0.4832395638957757,-0.7304170035653912,1.056401224630453,412.7351939678192,0.0
0,waypoint_42,-15.0,0.4832395638957757,-0.7304170035653912,1.056401224630453,4420.312881469727,0.0
1,waypoint_42,-15.0,0.4832395638957757,-0.7304170035653912,1.056401224630453,3188.51375579834,0.0
2,waypoint_42,-15.0,0.4832395638957757,-0.7304170035653912,1.056401224630453,2891.057252883911,0.0
3,waypoint_42,-15.0,0.4832395638957757,-0.7304170035653912,1.056401224630453,1072.0797777175903,0.0
4,waypoint_42,-15.0,0.4832395638957757,-0.7304170035653912,1.056401224630453,1169.7734594345093,0.0
5,waypoint_42,-15.0,0.4832395638957757,-0.7304170035653912,1.056401224630453,2115.990400314331,0.0
6,waypoint_42,-15.0,0.4832395638957757,-0.7304170035653912,1.056401224630453,1218.6269760131836,0.0
7,waypoint_42,-15.0,0.4832395638957757,-0.7304170035653912,1.056401224630453,1341.929316520691,0.0
8,waypoint_42,-15.0,0.4832395638957757,-0.7304170035653912,1.056401224630453,436.05223298072815,0.0
9,waypoint_42,-15.0,0.4832395638957757,-0.7304170035653912,1.056401224630453,510.70404052734375,0.0
10,waypoint_42,-15.0,0.4832395638957757,-0.7304170035653912,1.056401224630453,420.3859567642212,0.0
11,waypoint_42,-15.0,0.4832395638957757,-0.7304170035653912,1.056401224630453,539.6581292152405,0.0
12,waypoint_42,-15.0,0.4832395638957757,-0.7304170035653912,1.056401224630453,499.17155504226685,0.0
13,waypoint_42,-15.0,0.4832395638957757,-0.7304170035653912,1.056401224630453,497.3560869693756,0.0
14,waypoint_42,-15.0,0.4832395638957757,-0.7304170035653912,1.056401224630453,396.4724540710449,0.0
0,waypoint_42,-30.0,0.4832395638957757,-0.7304170035653912,1.056401224630453,4360.390663146973,0.0
1,waypoint_42,-30.0,0.4832395638957757,-0.7304170035653912,1.056401224630453,3189.0482902526855,0.0
2,waypoint_42,-30.0,0.4832395638957757,-0.7304170035653912,1.056401224630453,2790.2984619140625,0.0
3,waypoint_42,-30.0,0.4832395638957757,-0.7304170035653912,1.056401224630453,961.3970518112183,0.0
4,waypoint_42,-30.0,0.4832395638957757,-0.7304170035653912,1.056401224630453,1169.6677207946777,0.0
5,waypoint_42,-30.0,0.4832395638957757,-0.7304170035653912,1.056401224630453,2152.442455291748,0.0
6,waypoint_42,-30.0,0.4832395638957757,-0.7304170035653912,1.056401224630453,1475.2497673034668,0.0
7,waypoint_42,-30.0,0.4832395638957757,-0.7304170035653912,1.056401224630453,1341.945767402649,0.0
8,waypoint_42,-30.0,0.4832395638957757,-0.7304170035653912,1.056401224630453,431.4689636230469,0.0
9,waypoint_42,-30.0,0.4832395638957757,-0.7304170035653912,1.056401224630453,509.8962187767029,0.0
10,waypoint_42,-30.0,0.4832395638957757,-0.7304170035653912,1.056401224630453,420.0668931007385,0.0
11,waypoint_42,-30.0,0.4832395638957757,-0.7304170035653912,1.056401224630453,524.7313380241394,0.0
12,waypoint_42,-30.0,0.4832395638957757,-0.7304170035653912,1.056401224630453,464.81597423553467,0.0
13,waypoint_42,-30.0,0.4832395638957757,-0.7304170035653912,1.056401224630453,511.438250541687,0.0
14,waypoint_42,-30.0,0.4832395638957757,-0.7304170035653912,1.056401224630453,366.0336136817932,0.0
0,waypoint_43,-30.0,0.5032395638957755,-0.7304170035653912,1.056401224630453,4370.952129364014,0.0
1,waypoint_43,-30.0,0.5032395638957755,-0.7304170035653912,1.056401224630453,3191.3654804229736,0.0
2,waypoint_43,-30.0,0.5032395638957755,-0.7304170035653912,1.056401224630453,2776.8824100494385,0.0
3,waypoint_43,-30.0,0.5032395638957755,-0.7304170035653912,1.056401224630453,948.2479095458984,0.0
4,waypoint_43,-30.0,0.5032395638957755,-0.7304170035653912,1.056401224630453,1150.2623558044434,0.0
5,waypoint_43,-30.0,0.5032395638957755,-0.7304170035653912,1.056401224630453,2149.841547012329,0.0
6,waypoint_43,-30.0,0.5032395638957755,-0.7304170035653912,1.056401224630453,1474.4268655776978,0.0
7,waypoint_43,-30.0,0.5032395638957755,-0.7304170035653912,1.056401224630453,1322.380542755127,0.0
8,waypoint_43,-30.0,0.5032395638957755,-0.7304170035653912,1.056401224630453,408.8996648788452,0.0
9,waypoint_43,-30.0,0.5032395638957755,-0.7304170035653912,1.056401224630453,527.9706120491028,0.0
10,waypoint_43,-30.0,0.5032395638957755,-0.7304170035653912,1.056401224630453,437.69341707229614,0.0
11,waypoint_43,-30.0,0.5032395638957755,-0.7304170035653912,1.056401224630453,534.4626307487488,0.0
12,waypoint_43,-30.0,0.5032395638957755,-0.7304170035653912,1.056401224630453,465.9871757030487,0.0
13,waypoint_43,-30.0,0.5032395638957755,-0.7304170035653912,1.056401224630453,516.383171081543,0.0
14,waypoint_43,-30.0,0.5032395638957755,-0.7304170035653912,1.056401224630453,376.5964210033417,0.0
0,waypoint_43,-15.0,0.5032395638957755,-0.7304170035653912,1.056401224630453,4412.95051574707,0.0
1,waypoint_43,-15.0,0.5032395638957755,-0.7304170035653912,1.056401224630453,3190.674304962158,0.0
2,waypoint_43,-15.0,0.5032395638957755,-0.7304170035653912,1.056401224630453,2703.1421661376953,0.0
3,waypoint_43,-15.0,0.5032395638957755,-0.7304170035653912,1.056401224630453,1103.1742095947266,0.0
4,waypoint_43,-15.0,0.5032395638957755,-0.7304170035653912,1.056401224630453,1150.4106521606445,0.0
5,waypoint_43,-15.0,0.5032395638957755,-0.7304170035653912,1.056401224630453,2115.1671409606934,0.0
6,waypoint_43,-15.0,0.5032395638957755,-0.7304170035653912,1.056401224630453,1478.9296388626099,0.0
7,waypoint_43,-15.0,0.5032395638957755,-0.7304170035653912,1.056401224630453,1322.351336479187,0.0
8,waypoint_43,-15.0,0.5032395638957755,-0.7304170035653912,1.056401224630453,428.1201362609863,0.0
9,waypoint_43,-15.0,0.5032395638957755,-0.7304170035653912,1.056401224630453,527.8664231300354,0.0
10,waypoint_43,-15.0,0.5032395638957755,-0.7304170035653912,1.056401224630453,438.0762279033661,0.0
11,waypoint_43,-15.0,0.5032395638957755,-0.7304170035653912,1.056401224630453,527.4648666381836,0.0
12,waypoint_43,-15.0,0.5032395638957755,-0.7304170035653912,1.056401224630453,483.1029176712036,0.0
13,waypoint_43,-15.0,0.5032395638957755,-0.7304170035653912,1.056401224630453,516.0004496574402,0.0
14,waypoint_43,-15.0,0.5032395638957755,-0.7304170035653912,1.056401224630453,371.8998432159424,0.0
0,waypoint_43,0.0,0.5032395638957755,-0.7304170035653912,1.056401224630453,4392.110824584961,0.0
1,waypoint_43,0.0,0.5032395638957755,-0.7304170035653912,1.056401224630453,3192.376136779785,0.0
2,waypoint_43,0.0,0.5032395638957755,-0.7304170035653912,1.056401224630453,2831.8252563476562,0.0
3,waypoint_43,0.0,0.5032395638957755,-0.7304170035653912,1.056401224630453,1101.6054153442383,0.0
4,waypoint_43,0.0,0.5032395638957755,-0.7304170035653912,1.056401224630453,1150.4720449447632,0.0
5,waypoint_43,0.0,0.5032395638957755,-0.7304170035653912,1.056401224630453,2033.799171447754,0.0
6,waypoint_43,0.0,0.5032395638957755,-0.7304170035653912,1.056401224630453,1251.5032291412354,0.0
7,waypoint_43,0.0,0.5032395638957755,-0.7304170035653912,1.056401224630453,1322.1526145935059,0.0
8,waypoint_43,0.0,0.5032395638957755,-0.7304170035653912,1.056401224630453,471.31577134132385,0.0
9,waypoint_43,0.0,0.5032395638957755,-0.7304170035653912,1.056401224630453,528.1599760055542,0.0
10,waypoint_43,0.0,0.5032395638957755,-0.7304170035653912,1.056401224630453,439.11436200141907,0.0
11,waypoint_43,0.0,0.5032395638957755,-0.7304170035653912,1.056401224630453,470.42638063430786,0.0
12,waypoint_43,0.0,0.5032395638957755,-0.7304170035653912,1.056401224630453,521.5250253677368,0.0
13,waypoint_43,0.0,0.5032395638957755,-0.7304170035653912,1.056401224630453,536.7041826248169,0.0
14,waypoint_43,0.0,0.5032395638957755,-0.7304170035653912,1.056401224630453,431.8242371082306,0.0
0,waypoint_43,15.0,0.5032395638957755,-0.7304170035653912,1.056401224630453,4424.444198608398,0.0
1,waypoint_43,15.0,0.5032395638957755,-0.7304170035653912,1.056401224630453,3195.577621459961,0.0
2,waypoint_43,15.0,0.5032395638957755,-0.7304170035653912,1.056401224630453,2895.829200744629,0.0
3,waypoint_43,15.0,0.5032395638957755,-0.7304170035653912,1.056401224630453,1118.5513734817505,0.0
4,waypoint_43,15.0,0.5032395638957755,-0.7304170035653912,1.056401224630453,1150.6725549697876,0.0
5,waypoint_43,15.0,0.5032395638957755,-0.7304170035653912,1.056401224630453,1512.4897956848145,0.0
6,waypoint_43,15.0,0.5032395638957755,-0.7304170035653912,1.056401224630453,1323.9842653274536,0.0
7,waypoint_43,15.0,0.5032395638957755,-0.7304170035653912,1.056401224630453,1321.8191862106323,0.0
8,waypoint_43,15.0,0.5032395638957755,-0.7304170035653912,1.056401224630453,461.0480070114136,0.0
9,waypoint_43,15.0,0.5032395638957755,-0.7304170035653912,1.056401224630453,529.7696590423584,0.0
10,waypoint_43,15.0,0.5032395638957755,-0.7304170035653912,1.056401224630453,428.6227822303772,0.0
11,waypoint_43,15.0,0.5032395638957755,-0.7304170035653912,1.056401224630453,495.9968030452728,0.0
12,waypoint_43,15.0,0.5032395638957755,-0.7304170035653912,1.056401224630453,530.8117270469666,0.0
13,waypoint_43,15.0,0.5032395638957755,-0.7304170035653912,1.056401224630453,543.025016784668,0.0
14,waypoint_43,15.0,0.5032395638957755,-0.7304170035653912,1.056401224630453,422.4027991294861,0.0
0,waypoint_43,30.0,0.5032395638957755,-0.7304170035653912,1.056401224630453,4428.287029266357,0.0
1,waypoint_43,30.0,0.5032395638957755,-0.7304170035653912,1.056401224630453,3199.2950439453125,0.0
2,waypoint_43,30.0,0.5032395638957755,-0.7304170035653912,1.056401224630453,2855.1409244537354,0.0
3,waypoint_43,30.0,0.5032395638957755,-0.7304170035653912,1.056401224630453,1102.749228477478,0.0
4,waypoint_43,30.0,0.5032395638957755,-0.7304170035653912,1.056401224630453,1150.6816148757935,0.0
5,waypoint_43,30.0,0.5032395638957755,-0.7304170035653912,1.056401224630453,1600.4451513290405,0.0
6,waypoint_43,30.0,0.5032395638957755,-0.7304170035653912,1.056401224630453,1288.873314857483,0.0
7,waypoint_43,30.0,0.5032395638957755,-0.7304170035653912,1.056401224630453,1312.8197193145752,0.0
8,waypoint_43,30.0,0.5032395638957755,-0.7304170035653912,1.056401224630453,454.01468873023987,0.0
9,waypoint_43,30.0,0.5032395638957755,-0.7304170035653912,1.056401224630453,517.6218152046204,0.0
10,waypoint_43,30.0,0.5032395638957755,-0.7304170035653912,1.056401224630453,373.8049864768982,0.0
11,waypoint_43,30.0,0.5032395638957755,-0.7304170035653912,1.056401224630453,507.1483254432678,0.0
12,waypoint_43,30.0,0.5032395638957755,-0.7304170035653912,1.056401224630453,594.4240689277649,0.0
13,waypoint_43,30.0,0.5032395638957755,-0.7304170035653912,1.056401224630453,578.3810019493103,0.0
14,waypoint_43,30.0,0.5032395638957755,-0.7304170035653912,1.056401224630453,491.0990595817566,0.0
0,waypoint_44,30.0,0.5232395638957761,-0.7304170035653912,1.056401224630453,4447.134494781494,0.0
1,waypoint_44,30.0,0.5232395638957761,-0.7304170035653912,1.056401224630453,3201.295852661133,0.0
2,waypoint_44,30.0,0.5232395638957761,-0.7304170035653912,1.056401224630453,2881.1817169189453,0.0
3,waypoint_44,30.0,0.5232395638957761,-0.7304170035653912,1.056401224630453,1121.44935131073,0.0
4,waypoint_44,30.0,0.5232395638957761,-0.7304170035653912,1.056401224630453,1131.2988996505737,0.0
5,waypoint_44,30.0,0.5232395638957761,-0.7304170035653912,1.056401224630453,1593.8063859939575,0.0
6,waypoint_44,30.0,0.5232395638957761,-0.7304170035653912,1.056401224630453,1337.3459577560425,0.0
7,waypoint_44,30.0,0.5232395638957761,-0.7304170035653912,1.056401224630453,1293.8799858093262,0.0
8,waypoint_44,30.0,0.5232395638957761,-0.7304170035653912,1.056401224630453,448.7452208995819,0.0
9,waypoint_44,30.0,0.5232395638957761,-0.7304170035653912,1.056401224630453,536.9279384613037,0.0
10,waypoint_44,30.0,0.5232395638957761,-0.7304170035653912,1.056401224630453,394.8444724082947,0.0
11,waypoint_44,30.0,0.5232395638957761,-0.7304170035653912,1.056401224630453,464.12569284439087,0.0
12,waypoint_44,30.0,0.5232395638957761,-0.7304170035653912,1.056401224630453,607.3777675628662,0.0
13,waypoint_44,30.0,0.5232395638957761,-0.7304170035653912,1.056401224630453,598.5798835754395,0.0
14,waypoint_44,30.0,0.5232395638957761,-0.7304170035653912,1.056401224630453,528.8984775543213,0.0
0,waypoint_44,15.0,0.5232395638957761,-0.7304170035653912,1.056401224630453,4419.422149658203,0.0
1,waypoint_44,15.0,0.5232395638957761,-0.7304170035653912,1.056401224630453,3197.629451751709,0.0
2,waypoint_44,15.0,0.5232395638957761,-0.7304170035653912,1.056401224630453,2908.18190574646,0.0
3,waypoint_44,15.0,0.5232395638957761,-0.7304170035653912,1.056401224630453,1075.4081010818481,0.0
4,waypoint_44,15.0,0.5232395638957761,-0.7304170035653912,1.056401224630453,1131.2872171401978,0.0
5,waypoint_44,15.0,0.5232395638957761,-0.7304170035653912,1.056401224630453,1505.9268474578857,0.0
6,waypoint_44,15.0,0.5232395638957761,-0.7304170035653912,1.056401224630453,1324.424386024475,0.0
7,waypoint_44,15.0,0.5232395638957761,-0.7304170035653912,1.056401224630453,1305.5243492126465,0.0
8,waypoint_44,15.0,0.5232395638957761,-0.7304170035653912,1.056401224630453,449.4690001010895,0.0
9,waypoint_44,15.0,0.5232395638957761,-0.7304170035653912,1.056401224630453,548.7799644470215,0.0
10,waypoint_44,15.0,0.5232395638957761,-0.7304170035653912,1.056401224630453,470.9063172340393,0.0
11,waypoint_44,15.0,0.5232395638957761,-0.7304170035653912,1.056401224630453,465.33945202827454,0.0
12,waypoint_44,15.0,0.5232395638957761,-0.7304170035653912,1.056401224630453,584.6362709999084,0.0
13,waypoint_44,15.0,0.5232395638957761,-0.7304170035653912,1.056401224630453,576.850414276123,0.0
14,waypoint_44,15.0,0.5232395638957761,-0.7304170035653912,1.056401224630453,455.96250891685486,0.0
0,waypoint_44,0.0,0.5232395638957761,-0.7304170035653912,1.056401224630453,4444.342613220215,0.0
1,waypoint_44,0.0,0.5232395638957761,-0.7304170035653912,1.056401224630453,3194.509744644165,0.0
2,waypoint_44,0.0,0.5232395638957761,-0.7304170035653912,1.056401224630453,2941.0722255706787,0.0
3,waypoint_44,0.0,0.5232395638957761,-0.7304170035653912,1.056401224630453,1104.2636632919312,0.0
4,waypoint_44,0.0,0.5232395638957761,-0.7304170035653912,1.056401224630453,1131.224513053894,0.0
5,waypoint_44,0.0,0.5232395638957761,-0.7304170035653912,1.056401224630453,1699.1204023361206,0.0
6,waypoint_44,0.0,0.5232395638957761,-0.7304170035653912,1.056401224630453,1311.5003108978271,0.0
7,waypoint_44,0.0,0.5232395638957761,-0.7304170035653912,1.056401224630453,1306.1712980270386,0.0
8,waypoint_44,0.0,0.5232395638957761,-0.7304170035653912,1.056401224630453,443.76564025878906,0.0
9,waypoint_44,0.0,0.5232395638957761,-0.7304170035653912,1.056401224630453,544.2449450492859,0.0
10,waypoint_44,0.0,0.5232395638957761,-0.7304170035653912,1.056401224630453,432.7240288257599,0.0
11,waypoint_44,0.0,0.5232395638957761,-0.7304170035653912,1.056401224630453,448.6727714538574,0.0
12,waypoint_44,0.0,0.5232395638957761,-0.7304170035653912,1.056401224630453,539.6001935005188,0.0
13,waypoint_44,0.0,0.5232395638957761,-0.7304170035653912,1.056401224630453,548.6922860145569,0.0
14,waypoint_44,0.0,0.5232395638957761,-0.7304170035653912,1.056401224630453,451.3711929321289,0.0
0,waypoint_44,-15.0,0.5232395638957761,-0.7304170035653912,1.056401224630453,4434.001445770264,0.0
1,waypoint_44,-15.0,0.5232395638957761,-0.7304170035653912,1.056401224630453,3192.9426193237305,0.0
2,waypoint_44,-15.0,0.5232395638957761,-0.7304170035653912,1.056401224630453,2880.412817001343,0.0
3,waypoint_44,-15.0,0.5232395638957761,-0.7304170035653912,1.056401224630453,1062.2369050979614,0.0
4,waypoint_44,-15.0,0.5232395638957761,-0.7304170035653912,1.056401224630453,1131.049633026123,0.0
5,waypoint_44,-15.0,0.5232395638957761,-0.7304170035653912,1.056401224630453,2111.347198486328,0.0
6,waypoint_44,-15.0,0.5232395638957761,-0.7304170035653912,1.056401224630453,1237.7179861068726,0.0
7,waypoint_44,-15.0,0.5232395638957761,-0.7304170035653912,1.056401224630453,1306.1981201171875,0.0
8,waypoint_44,-15.0,0.5232395638957761,-0.7304170035653912,1.056401224630453,441.10918045043945,0.0
9,waypoint_44,-15.0,0.5232395638957761,-0.7304170035653912,1.056401224630453,543.6031818389893,0.0
10,waypoint_44,-15.0,0.5232395638957761,-0.7304170035653912,1.056401224630453,432.63110518455505,0.0
11,waypoint_44,-15.0,0.5232395638957761,-0.7304170035653912,1.056401224630453,436.44097447395325,0.0
12,waypoint_44,-15.0,0.5232395638957761,-0.7304170035653912,1.056401224630453,524.2526531219482,0.0
13,waypoint_44,-15.0,0.5232395638957761,-0.7304170035653912,1.056401224630453,530.5781364440918,0.0
14,waypoint_44,-15.0,0.5232395638957761,-0.7304170035653912,1.056401224630453,404.8629701137543,0.0
0,waypoint_44,-30.0,0.5232395638957761,-0.7304170035653912,1.056401224630453,4456.162452697754,0.0
1,waypoint_44,-30.0,0.5232395638957761,-0.7304170035653912,1.056401224630453,3193.797826766968,0.0
2,waypoint_44,-30.0,0.5232395638957761,-0.7304170035653912,1.056401224630453,2783.6906909942627,0.0
3,waypoint_44,-30.0,0.5232395638957761,-0.7304170035653912,1.056401224630453,930.3536415100098,0.0
4,waypoint_44,-30.0,0.5232395638957761,-0.7304170035653912,1.056401224630453,1130.9369802474976,0.0
5,waypoint_44,-30.0,0.5232395638957761,-0.7304170035653912,1.056401224630453,2147.4263668060303,0.0
6,waypoint_44,-30.0,0.5232395638957761,-0.7304170035653912,1.056401224630453,1188.585877418518,0.0
7,waypoint_44,-30.0,0.5232395638957761,-0.7304170035653912,1.056401224630453,1306.5265417099,0.0
8,waypoint_44,-30.0,0.5232395638957761,-0.7304170035653912,1.056401224630453,275.1455008983612,0.0
9,waypoint_44,-30.0,0.5232395638957761,-0.7304170035653912,1.056401224630453,542.7789688110352,0.0
10,waypoint_44,-30.0,0.5232395638957761,-0.7304170035653912,1.056401224630453,432.6512813568115,0.0
11,waypoint_44,-30.0,0.5232395638957761,-0.7304170035653912,1.056401224630453,442.51641631126404,0.0
12,waypoint_44,-30.0,0.5232395638957761,-0.7304170035653912,1.056401224630453,508.7379217147827,0.0
13,waypoint_44,-30.0,0.5232395638957761,-0.7304170035653912,1.056401224630453,530.7952761650085,0.0
14,waypoint_44,-30.0,0.5232395638957761,-0.7304170035653912,1.056401224630453,382.8207552433014,0.0
0,waypoint_45,-30.0,0.5432395638957757,-0.7304170035653912,1.056401224630453,4416.85152053833,0.0
1,waypoint_45,-30.0,0.5432395638957757,-0.7304170035653912,1.056401224630453,3196.338176727295,0.0
2,waypoint_45,-30.0,0.5432395638957757,-0.7304170035653912,1.056401224630453,2775.357961654663,0.0
3,waypoint_45,-30.0,0.5432395638957757,-0.7304170035653912,1.056401224630453,918.4879064559937,0.0
4,waypoint_45,-30.0,0.5432395638957757,-0.7304170035653912,1.056401224630453,1111.6557121276855,0.0
5,waypoint_45,-30.0,0.5432395638957757,-0.7304170035653912,1.056401224630453,2145.090341567993,0.0
6,waypoint_45,-30.0,0.5432395638957757,-0.7304170035653912,1.056401224630453,1437.607765197754,0.0
7,waypoint_45,-30.0,0.5432395638957757,-0.7304170035653912,1.056401224630453,1287.002444267273,0.0
8,waypoint_45,-30.0,0.5432395638957757,-0.7304170035653912,1.056401224630453,292.8660809993744,0.0
9,waypoint_45,-30.0,0.5432395638957757,-0.7304170035653912,1.056401224630453,561.1463785171509,0.0
10,waypoint_45,-30.0,0.5432395638957757,-0.7304170035653912,1.056401224630453,422.30498790740967,0.0
11,waypoint_45,-30.0,0.5432395638957757,-0.7304170035653912,1.056401224630453,459.1544568538666,0.0
12,waypoint_45,-30.0,0.5432395638957757,-0.7304170035653912,1.056401224630453,517.369270324707,0.0
13,waypoint_45,-30.0,0.5432395638957757,-0.7304170035653912,1.056401224630453,537.4735593795776,0.0
14,waypoint_45,-30.0,0.5432395638957757,-0.7304170035653912,1.056401224630453,404.09529209136963,0.0
0,waypoint_45,-15.0,0.5432395638957757,-0.7304170035653912,1.056401224630453,4479.257106781006,0.0
1,waypoint_45,-15.0,0.5432395638957757,-0.7304170035653912,1.056401224630453,3195.3229904174805,0.0
2,waypoint_45,-15.0,0.5432395638957757,-0.7304170035653912,1.056401224630453,2874.9561309814453,0.0
3,waypoint_45,-15.0,0.5432395638957757,-0.7304170035653912,1.056401224630453,1028.7725925445557,0.0
4,waypoint_45,-15.0,0.5432395638957757,-0.7304170035653912,1.056401224630453,1111.7247343063354,0.0
5,waypoint_45,-15.0,0.5432395638957757,-0.7304170035653912,1.056401224630453,2111.119031906128,0.0
6,waypoint_45,-15.0,0.5432395638957757,-0.7304170035653912,1.056401224630453,1435.1046085357666,0.0
7,waypoint_45,-15.0,0.5432395638957757,-0.7304170035653912,1.056401224630453,1286.8707180023193,0.0
8,waypoint_45,-15.0,0.5432395638957757,-0.7304170035653912,1.056401224630453,454.31554317474365,0.0
9,waypoint_45,-15.0,0.5432395638957757,-0.7304170035653912,1.056401224630453,560.9928965568542,0.0
10,waypoint_45,-15.0,0.5432395638957757,-0.7304170035653912,1.056401224630453,422.39493131637573,0.0
11,waypoint_45,-15.0,0.5432395638957757,-0.7304170035653912,1.056401224630453,459.6030116081238,0.0
12,waypoint_45,-15.0,0.5432395638957757,-0.7304170035653912,1.056401224630453,531.5068364143372,0.0
13,waypoint_45,-15.0,0.5432395638957757,-0.7304170035653912,1.056401224630453,532.3639512062073,0.0
14,waypoint_45,-15.0,0.5432395638957757,-0.7304170035653912,1.056401224630453,393.59286427497864,0.0
0,waypoint_45,0.0,0.5432395638957757,-0.7304170035653912,1.056401224630453,4476.837635040283,0.0
1,waypoint_45,0.0,0.5432395638957757,-0.7304170035653912,1.056401224630453,3196.7546939849854,0.0
2,waypoint_45,0.0,0.5432395638957757,-0.7304170035653912,1.056401224630453,2928.0014038085938,0.0
3,waypoint_45,0.0,0.5432395638957757,-0.7304170035653912,1.056401224630453,1094.1749811172485,0.0
4,waypoint_45,0.0,0.5432395638957757,-0.7304170035653912,1.056401224630453,1111.7719411849976,0.0
5,waypoint_45,0.0,0.5432395638957757,-0.7304170035653912,1.056401224630453,2031.1503410339355,0.0
6,waypoint_45,0.0,0.5432395638957757,-0.7304170035653912,1.056401224630453,1273.9226818084717,0.0
7,waypoint_45,0.0,0.5432395638957757,-0.7304170035653912,1.056401224630453,1286.60249710083,0.0
8,waypoint_45,0.0,0.5432395638957757,-0.7304170035653912,1.056401224630453,498.807430267334,0.0
9,waypoint_45,0.0,0.5432395638957757,-0.7304170035653912,1.056401224630453,561.277449131012,0.0
10,waypoint_45,0.0,0.5432395638957757,-0.7304170035653912,1.056401224630453,457.6241672039032,0.0
11,waypoint_45,0.0,0.5432395638957757,-0.7304170035653912,1.056401224630453,460.4450762271881,0.0
12,waypoint_45,0.0,0.5432395638957757,-0.7304170035653912,1.056401224630453,523.015558719635,0.0
13,waypoint_45,0.0,0.5432395638957757,-0.7304170035653912,1.056401224630453,557.8728318214417,0.0
14,waypoint_45,0.0,0.5432395638957757,-0.7304170035653912,1.056401224630453,464.93273973464966,0.0
0,waypoint_45,15.0,0.5432395638957757,-0.7304170035653912,1.056401224630453,4444.859981536865,0.0
1,waypoint_45,15.0,0.5432395638957757,-0.7304170035653912,1.056401224630453,3199.7764110565186,0.0
2,waypoint_45,15.0,0.5432395638957757,-0.7304170035653912,1.056401224630453,2893.871784210205,0.0
3,waypoint_45,15.0,0.5432395638957757,-0.7304170035653912,1.056401224630453,1062.5256299972534,0.0
4,waypoint_45,15.0,0.5432395638957757,-0.7304170035653912,1.056401224630453,1111.956238746643,0.0
5,waypoint_45,15.0,0.5432395638957757,-0.7304170035653912,1.056401224630453,1499.545693397522,0.0
6,waypoint_45,15.0,0.5432395638957757,-0.7304170035653912,1.056401224630453,1292.0644283294678,0.0
7,waypoint_45,15.0,0.5432395638957757,-0.7304170035653912,1.056401224630453,1285.998821258545,0.0
8,waypoint_45,15.0,0.5432395638957757,-0.7304170035653912,1.056401224630453,509.38916206359863,0.0
9,waypoint_45,15.0,0.5432395638957757,-0.7304170035653912,1.056401224630453,567.9678320884705,0.0
10,waypoint_45,15.0,0.5432395638957757,-0.7304170035653912,1.056401224630453,432.81570076942444,0.0
11,waypoint_45,15.0,0.5432395638957757,-0.7304170035653912,1.056401224630453,453.60031723976135,0.0
12,waypoint_45,15.0,0.5432395638957757,-0.7304170035653912,1.056401224630453,571.4625716209412,0.0
13,waypoint_45,15.0,0.5432395638957757,-0.7304170035653912,1.056401224630453,560.5045557022095,0.0
14,waypoint_45,15.0,0.5432395638957757,-0.7304170035653912,1.056401224630453,453.83402705192566,0.0
0,waypoint_45,30.0,0.5432395638957757,-0.7304170035653912,1.056401224630453,4446.796417236328,0.0
1,waypoint_45,30.0,0.5432395638957757,-0.7304170035653912,1.056401224630453,3203.3896446228027,0.0
2,waypoint_45,30.0,0.5432395638957757,-0.7304170035653912,1.056401224630453,2832.9622745513916,0.0
3,waypoint_45,30.0,0.5432395638957757,-0.7304170035653912,1.056401224630453,1084.9895477294922,0.0
4,waypoint_45,30.0,0.5432395638957757,-0.7304170035653912,1.056401224630453,1111.9298934936523,0.0
5,waypoint_45,30.0,0.5432395638957757,-0.7304170035653912,1.056401224630453,1587.3407125473022,0.0
6,waypoint_45,30.0,0.5432395638957757,-0.7304170035653912,1.056401224630453,1273.5472917556763,0.0
7,waypoint_45,30.0,0.5432395638957757,-0.7304170035653912,1.056401224630453,1280.2915573120117,0.0
8,waypoint_45,30.0,0.5432395638957757,-0.7304170035653912,1.056401224630453,479.03385758399963,0.0
9,waypoint_45,30.0,0.5432395638957757,-0.7304170035653912,1.056401224630453,556.317389011383,0.0
10,waypoint_45,30.0,0.5432395638957757,-0.7304170035653912,1.056401224630453,430.30476570129395,0.0
11,waypoint_45,30.0,0.5432395638957757,-0.7304170035653912,1.056401224630453,443.069189786911,0.0
12,waypoint_45,30.0,0.5432395638957757,-0.7304170035653912,1.056401224630453,623.7209439277649,0.0
13,waypoint_45,30.0,0.5432395638957757,-0.7304170035653912,1.056401224630453,621.493399143219,0.0
14,waypoint_45,30.0,0.5432395638957757,-0.7304170035653912,1.056401224630453,505.0433278083801,0.0
0,waypoint_46,30.0,0.5632395638957752,-0.7304170035653912,1.056401224630453,4502.370357513428,0.0
1,waypoint_46,30.0,0.5632395638957752,-0.7304170035653912,1.056401224630453,3205.594301223755,0.0
2,waypoint_46,30.0,0.5632395638957752,-0.7304170035653912,1.056401224630453,2852.109670639038,0.0
3,waypoint_46,30.0,0.5632395638957752,-0.7304170035653912,1.056401224630453,1066.2579536437988,0.0
4,waypoint_46,30.0,0.5632395638957752,-0.7304170035653912,1.056401224630453,1092.5878286361694,0.0
5,waypoint_46,30.0,0.5632395638957752,-0.7304170035653912,1.056401224630453,1581.0761451721191,0.0
6,waypoint_46,30.0,0.5632395638957752,-0.7304170035653912,1.056401224630453,1271.3302373886108,0.0
7,waypoint_46,30.0,0.5632395638957752,-0.7304170035653912,1.056401224630453,1260.7108354568481,0.0
8,waypoint_46,30.0,0.5632395638957752,-0.7304170035653912,1.056401224630453,493.5095012187958,0.0
9,waypoint_46,30.0,0.5632395638957752,-0.7304170035653912,1.056401224630453,575.9705901145935,0.0
10,waypoint_46,30.0,0.5632395638957752,-0.7304170035653912,1.056401224630453,407.8806936740875,0.0
11,waypoint_46,30.0,0.5632395638957752,-0.7304170035653912,1.056401224630453,460.7853293418884,0.0
12,waypoint_46,30.0,0.5632395638957752,-0.7304170035653912,1.056401224630453,616.4158582687378,0.0
13,waypoint_46,30.0,0.5632395638957752,-0.7304170035653912,1.056401224630453,631.1107873916626,0.0
14,waypoint_46,30.0,0.5632395638957752,-0.7304170035653912,1.056401224630453,516.5632963180542,0.0
0,waypoint_46,15.0,0.5632395638957752,-0.7304170035653912,1.056401224630453,4446.099281311035,0.0
1,waypoint_46,15.0,0.5632395638957752,-0.7304170035653912,1.056401224630453,3202.0397186279297,0.0
2,waypoint_46,15.0,0.5632395638957752,-0.7304170035653912,1.056401224630453,2884.587526321411,0.0
3,waypoint_46,15.0,0.5632395638957752,-0.7304170035653912,1.056401224630453,1088.6658430099487,0.0
4,waypoint_46,15.0,0.5632395638957752,-0.7304170035653912,1.056401224630453,1092.6110744476318,0.0
5,waypoint_46,15.0,0.5632395638957752,-0.7304170035653912,1.056401224630453,1493.361234664917,0.0
6,waypoint_46,15.0,0.5632395638957752,-0.7304170035653912,1.056401224630453,1316.6072368621826,0.0
7,waypoint_46,15.0,0.5632395638957752,-0.7304170035653912,1.056401224630453,1267.7775621414185,0.0
8,waypoint_46,15.0,0.5632395638957752,-0.7304170035653912,1.056401224630453,500.07498264312744,0.0
9,waypoint_46,15.0,0.5632395638957752,-0.7304170035653912,1.056401224630453,587.3042345046997,0.0
10,waypoint_46,15.0,0.5632395638957752,-0.7304170035653912,1.056401224630453,493.99513006210327,0.0
11,waypoint_46,15.0,0.5632395638957752,-0.7304170035653912,1.056401224630453,471.04209661483765,0.0
12,waypoint_46,15.0,0.5632395638957752,-0.7304170035653912,1.056401224630453,621.5158700942993,0.0
13,waypoint_46,15.0,0.5632395638957752,-0.7304170035653912,1.056401224630453,613.5562658309937,0.0
14,waypoint_46,15.0,0.5632395638957752,-0.7304170035653912,1.056401224630453,488.10264468193054,0.0
0,waypoint_46,0.0,0.5632395638957752,-0.7304170035653912,1.056401224630453,4450.171947479248,0.0
1,waypoint_46,0.0,0.5632395638957752,-0.7304170035653912,1.056401224630453,3199.1117000579834,0.0
2,waypoint_46,0.0,0.5632395638957752,-0.7304170035653912,1.056401224630453,2834.9297046661377,0.0
3,waypoint_46,0.0,0.5632395638957752,-0.7304170035653912,1.056401224630453,1077.1371126174927,0.0
4,waypoint_46,0.0,0.5632395638957752,-0.7304170035653912,1.056401224630453,1092.5524234771729,0.0
5,waypoint_46,0.0,0.5632395638957752,-0.7304170035653912,1.056401224630453,1642.41623878479,0.0
6,waypoint_46,0.0,0.5632395638957752,-0.7304170035653912,1.056401224630453,1230.722188949585,0.0
7,waypoint_46,0.0,0.5632395638957752,-0.7304170035653912,1.056401224630453,1268.3480978012085,0.0
8,waypoint_46,0.0,0.5632395638957752,-0.7304170035653912,1.056401224630453,489.0247583389282,0.0
9,waypoint_46,0.0,0.5632395638957752,-0.7304170035653912,1.056401224630453,576.5923261642456,0.0
10,waypoint_46,0.0,0.5632395638957752,-0.7304170035653912,1.056401224630453,463.6647403240204,0.0
11,waypoint_46,0.0,0.5632395638957752,-0.7304170035653912,1.056401224630453,436.89900636672974,0.0
12,waypoint_46,0.0,0.5632395638957752,-0.7304170035653912,1.056401224630453,570.5737471580505,0.0
13,waypoint_46,0.0,0.5632395638957752,-0.7304170035653912,1.056401224630453,565.6401515007019,0.0
14,waypoint_46,0.0,0.5632395638957752,-0.7304170035653912,1.056401224630453,477.73855924606323,0.0
0,waypoint_46,-15.0,0.5632395638957752,-0.7304170035653912,1.056401224630453,4443.693161010742,0.0
1,waypoint_46,-15.0,0.5632395638957752,-0.7304170035653912,1.056401224630453,3197.81756401062,0.0
2,waypoint_46,-15.0,0.5632395638957752,-0.7304170035653912,1.056401224630453,2829.655170440674,0.0
3,waypoint_46,-15.0,0.5632395638957752,-0.7304170035653912,1.056401224630453,1022.9867696762085,0.0
4,waypoint_46,-15.0,0.5632395638957752,-0.7304170035653912,1.056401224630453,1092.4416780471802,0.0
5,waypoint_46,-15.0,0.5632395638957752,-0.7304170035653912,1.056401224630453,2107.7258586883545,0.0
6,waypoint_46,-15.0,0.5632395638957752,-0.7304170035653912,1.056401224630453,1196.8224048614502,0.0
7,waypoint_46,-15.0,0.5632395638957752,-0.7304170035653912,1.056401224630453,1268.169641494751,0.0
8,waypoint_46,-15.0,0.5632395638957752,-0.7304170035653912,1.056401224630453,466.64100885391235,0.0
9,waypoint_46,-15.0,0.5632395638957752,-0.7304170035653912,1.056401224630453,575.8931636810303,0.0
10,waypoint_46,-15.0,0.5632395638957752,-0.7304170035653912,1.056401224630453,444.5229470729828,0.0
11,waypoint_46,-15.0,0.5632395638957752,-0.7304170035653912,1.056401224630453,436.4962875843048,0.0
12,waypoint_46,-15.0,0.5632395638957752,-0.7304170035653912,1.056401224630453,533.6071848869324,0.0
13,waypoint_46,-15.0,0.5632395638957752,-0.7304170035653912,1.056401224630453,541.4283871650696,0.0
14,waypoint_46,-15.0,0.5632395638957752,-0.7304170035653912,1.056401224630453,426.77584290504456,0.0
0,waypoint_46,-30.0,0.5632395638957752,-0.7304170035653912,1.056401224630453,4437.941074371338,0.0
1,waypoint_46,-30.0,0.5632395638957752,-0.7304170035653912,1.056401224630453,3199.0015506744385,0.0
2,waypoint_46,-30.0,0.5632395638957752,-0.7304170035653912,1.056401224630453,2732.908010482788,0.0
3,waypoint_46,-30.0,0.5632395638957752,-0.7304170035653912,1.056401224630453,913.8672351837158,0.0
4,waypoint_46,-30.0,0.5632395638957752,-0.7304170035653912,1.056401224630453,1092.3876762390137,0.0
5,waypoint_46,-30.0,0.5632395638957752,-0.7304170035653912,1.056401224630453,2142.962694168091,0.0
6,waypoint_46,-30.0,0.5632395638957752,-0.7304170035653912,1.056401224630453,1220.1600074768066,0.0
7,waypoint_46,-30.0,0.5632395638957752,-0.7304170035653912,1.056401224630453,1268.0765390396118,0.0
8,waypoint_46,-30.0,0.5632395638957752,-0.7304170035653912,1.056401224630453,452.7173042297363,0.0
9,waypoint_46,-30.0,0.5632395638957752,-0.7304170035653912,1.056401224630453,575.0896334648132,0.0
10,waypoint_46,-30.0,0.5632395638957752,-0.7304170035653912,1.056401224630453,425.3971576690674,0.0
11,waypoint_46,-30.0,0.5632395638957752,-0.7304170035653912,1.056401224630453,435.57414412498474,0.0
12,waypoint_46,-30.0,0.5632395638957752,-0.7304170035653912,1.056401224630453,535.5053544044495,0.0
13,waypoint_46,-30.0,0.5632395638957752,-0.7304170035653912,1.056401224630453,546.6247200965881,0.0
14,waypoint_46,-30.0,0.5632395638957752,-0.7304170035653912,1.056401224630453,396.8438506126404,0.0
0,waypoint_47,-30.0,0.5832395638957755,-0.7304170035653912,1.056401224630453,4448.789119720459,0.0
1,waypoint_47,-30.0,0.5832395638957755,-0.7304170035653912,1.056401224630453,3201.770782470703,0.0
2,waypoint_47,-30.0,0.5832395638957755,-0.7304170035653912,1.056401224630453,2724.8475551605225,0.0
3,waypoint_47,-30.0,0.5832395638957755,-0.7304170035653912,1.056401224630453,886.6183161735535,0.0
4,waypoint_47,-30.0,0.5832395638957755,-0.7304170035653912,1.056401224630453,1073.148250579834,0.0
5,waypoint_47,-30.0,0.5832395638957755,-0.7304170035653912,1.056401224630453,2141.092538833618,0.0
6,waypoint_47,-30.0,0.5832395638957755,-0.7304170035653912,1.056401224630453,1396.7900276184082,0.0
7,waypoint_47,-30.0,0.5832395638957755,-0.7304170035653912,1.056401224630453,1248.7339973449707,0.0
8,waypoint_47,-30.0,0.5832395638957755,-0.7304170035653912,1.056401224630453,463.09414505958557,0.0
9,waypoint_47,-30.0,0.5832395638957755,-0.7304170035653912,1.056401224630453,593.6660170555115,0.0
10,waypoint_47,-30.0,0.5832395638957755,-0.7304170035653912,1.056401224630453,435.21660566329956,0.0
11,waypoint_47,-30.0,0.5832395638957755,-0.7304170035653912,1.056401224630453,453.1599283218384,0.0
12,waypoint_47,-30.0,0.5832395638957755,-0.7304170035653912,1.056401224630453,546.3852882385254,0.0
13,waypoint_47,-30.0,0.5832395638957755,-0.7304170035653912,1.056401224630453,536.5373492240906,0.0
14,waypoint_47,-30.0,0.5832395638957755,-0.7304170035653912,1.056401224630453,410.4284942150116,0.0
0,waypoint_47,-15.0,0.5832395638957755,-0.7304170035653912,1.056401224630453,4517.969131469727,0.0
1,waypoint_47,-15.0,0.5832395638957755,-0.7304170035653912,1.056401224630453,3200.4246711730957,0.0
2,waypoint_47,-15.0,0.5832395638957755,-0.7304170035653912,1.056401224630453,2690.667152404785,0.0
3,waypoint_47,-15.0,0.5832395638957755,-0.7304170035653912,1.056401224630453,1037.7047061920166,0.0
4,waypoint_47,-15.0,0.5832395638957755,-0.7304170035653912,1.056401224630453,1073.2307434082031,0.0
5,waypoint_47,-15.0,0.5832395638957755,-0.7304170035653912,1.056401224630453,2107.5167655944824,0.0
6,waypoint_47,-15.0,0.5832395638957755,-0.7304170035653912,1.056401224630453,1403.3535718917847,0.0
7,waypoint_47,-15.0,0.5832395638957755,-0.7304170035653912,1.056401224630453,1248.7181425094604,0.0
8,waypoint_47,-15.0,0.5832395638957755,-0.7304170035653912,1.056401224630453,470.51841020584106,0.0
9,waypoint_47,-15.0,0.5832395638957755,-0.7304170035653912,1.056401224630453,593.8875675201416,0.0
10,waypoint_47,-15.0,0.5832395638957755,-0.7304170035653912,1.056401224630453,452.38953828811646,0.0
11,waypoint_47,-15.0,0.5832395638957755,-0.7304170035653912,1.056401224630453,453.1044363975525,0.0
12,waypoint_47,-15.0,0.5832395638957755,-0.7304170035653912,1.056401224630453,529.5573472976685,0.0
13,waypoint_47,-15.0,0.5832395638957755,-0.7304170035653912,1.056401224630453,550.7921576499939,0.0
14,waypoint_47,-15.0,0.5832395638957755,-0.7304170035653912,1.056401224630453,429.7855496406555,0.0
0,waypoint_47,0.0,0.5832395638957755,-0.7304170035653912,1.056401224630453,4527.0256996154785,0.0
1,waypoint_47,0.0,0.5832395638957755,-0.7304170035653912,1.056401224630453,3201.57790184021,0.0
2,waypoint_47,0.0,0.5832395638957755,-0.7304170035653912,1.056401224630453,2770.4639434814453,0.0
3,waypoint_47,0.0,0.5832395638957755,-0.7304170035653912,1.056401224630453,1055.9650659561157,0.0
4,waypoint_47,0.0,0.5832395638957755,-0.7304170035653912,1.056401224630453,1073.2213258743286,0.0
5,waypoint_47,0.0,0.5832395638957755,-0.7304170035653912,1.056401224630453,2027.9607772827148,0.0
6,waypoint_47,0.0,0.5832395638957755,-0.7304170035653912,1.056401224630453,1202.3141384124756,0.0
7,waypoint_47,0.0,0.5832395638957755,-0.7304170035653912,1.056401224630453,1248.726725578308,0.0
8,waypoint_47,0.0,0.5832395638957755,-0.7304170035653912,1.056401224630453,495.3303933143616,0.0
9,waypoint_47,0.0,0.5832395638957755,-0.7304170035653912,1.056401224630453,593.9164161682129,0.0
10,waypoint_47,0.0,0.5832395638957755,-0.7304170035653912,1.056401224630453,471.742182970047,0.0
11,waypoint_47,0.0,0.5832395638957755,-0.7304170035653912,1.056401224630453,425.89518427848816,0.0
12,waypoint_47,0.0,0.5832395638957755,-0.7304170035653912,1.056401224630453,467.42796897888184,0.0
13,waypoint_47,0.0,0.5832395638957755,-0.7304170035653912,1.056401224630453,556.8287372589111,0.0
14,waypoint_47,0.0,0.5832395638957755,-0.7304170035653912,1.056401224630453,451.3930082321167,0.0
0,waypoint_47,15.0,0.5832395638957755,-0.7304170035653912,1.056401224630453,4535.935401916504,0.0
1,waypoint_47,15.0,0.5832395638957755,-0.7304170035653912,1.056401224630453,3204.397201538086,0.0
2,waypoint_47,15.0,0.5832395638957755,-0.7304170035653912,1.056401224630453,2888.685941696167,0.0
3,waypoint_47,15.0,0.5832395638957755,-0.7304170035653912,1.056401224630453,1068.244218826294,0.0
4,waypoint_47,15.0,0.5832395638957755,-0.7304170035653912,1.056401224630453,1073.3048915863037,0.0
5,waypoint_47,15.0,0.5832395638957755,-0.7304170035653912,1.056401224630453,1487.3640537261963,0.0
6,waypoint_47,15.0,0.5832395638957755,-0.7304170035653912,1.056401224630453,1238.7864589691162,0.0
7,waypoint_47,15.0,0.5832395638957755,-0.7304170035653912,1.056401224630453,1248.3770847320557,0.0
8,waypoint_47,15.0,0.5832395638957755,-0.7304170035653912,1.056401224630453,485.38485169410706,0.0
9,waypoint_47,15.0,0.5832395638957755,-0.7304170035653912,1.056401224630453,608.3613038063049,0.0
10,waypoint_47,15.0,0.5832395638957755,-0.7304170035653912,1.056401224630453,440.7355487346649,0.0
11,waypoint_47,15.0,0.5832395638957755,-0.7304170035653912,1.056401224630453,422.3099648952484,0.0
12,waypoint_47,15.0,0.5832395638957755,-0.7304170035653912,1.056401224630453,480.0698459148407,0.0
13,waypoint_47,15.0,0.5832395638957755,-0.7304170035653912,1.056401224630453,600.0679135322571,0.0
14,waypoint_47,15.0,0.5832395638957755,-0.7304170035653912,1.056401224630453,501.353919506073,0.0
0,waypoint_47,30.0,0.5832395638957755,-0.7304170035653912,1.056401224630453,4521.669864654541,0.0
1,waypoint_47,30.0,0.5832395638957755,-0.7304170035653912,1.056401224630453,3207.9060077667236,0.0
2,waypoint_47,30.0,0.5832395638957755,-0.7304170035653912,1.056401224630453,2855.029582977295,0.0
3,waypoint_47,30.0,0.5832395638957755,-0.7304170035653912,1.056401224630453,1067.657470703125,0.0
4,waypoint_47,30.0,0.5832395638957755,-0.7304170035653912,1.056401224630453,1073.2630491256714,0.0
5,waypoint_47,30.0,0.5832395638957755,-0.7304170035653912,1.056401224630453,1574.9894380569458,0.0
6,waypoint_47,30.0,0.5832395638957755,-0.7304170035653912,1.056401224630453,1345.1813459396362,0.0
7,waypoint_47,30.0,0.5832395638957755,-0.7304170035653912,1.056401224630453,1240.123987197876,0.0
8,waypoint_47,30.0,0.5832395638957755,-0.7304170035653912,1.056401224630453,477.694034576416,0.0
9,waypoint_47,30.0,0.5832395638957755,-0.7304170035653912,1.056401224630453,595.8182215690613,0.0
10,waypoint_47,30.0,0.5832395638957755,-0.7304170035653912,1.056401224630453,429.0628433227539,0.0
11,waypoint_47,30.0,0.5832395638957755,-0.7304170035653912,1.056401224630453,368.4518337249756,0.0
12,waypoint_47,30.0,0.5832395638957755,-0.7304170035653912,1.056401224630453,482.0265769958496,0.0
13,waypoint_47,30.0,0.5832395638957755,-0.7304170035653912,1.056401224630453,625.5152821540833,0.0
14,waypoint_47,30.0,0.5832395638957755,-0.7304170035653912,1.056401224630453,522.4332213401794,0.0
0,waypoint_48,30.0,0.6032395638957753,-0.7304170035653912,1.056401224630453,4526.676177978516,0.0
1,waypoint_48,30.0,0.6032395638957753,-0.7304170035653912,1.056401224630453,3210.3161811828613,0.0
2,waypoint_48,30.0,0.6032395638957753,-0.7304170035653912,1.056401224630453,2877.2709369659424,0.0
3,waypoint_48,30.0,0.6032395638957753,-0.7304170035653912,1.056401224630453,1044.001579284668,0.0
4,waypoint_48,30.0,0.6032395638957753,-0.7304170035653912,1.056401224630453,1053.9664030075073,0.0
5,waypoint_48,30.0,0.6032395638957753,-0.7304170035653912,1.056401224630453,1569.0563917160034,0.0
6,waypoint_48,30.0,0.6032395638957753,-0.7304170035653912,1.056401224630453,1233.912706375122,0.0
7,waypoint_48,30.0,0.6032395638957753,-0.7304170035653912,1.056401224630453,1221.0144996643066,0.0
8,waypoint_48,30.0,0.6032395638957753,-0.7304170035653912,1.056401224630453,483.92102122306824,0.0
9,waypoint_48,30.0,0.6032395638957753,-0.7304170035653912,1.056401224630453,615.7483458518982,0.0
10,waypoint_48,30.0,0.6032395638957753,-0.7304170035653912,1.056401224630453,435.8971416950226,0.0
11,waypoint_48,30.0,0.6032395638957753,-0.7304170035653912,1.056401224630453,383.4673762321472,0.0
12,waypoint_48,30.0,0.6032395638957753,-0.7304170035653912,1.056401224630453,454.336017370224,0.0
13,waypoint_48,30.0,0.6032395638957753,-0.7304170035653912,1.056401224630453,630.5790543556213,0.0
14,waypoint_48,30.0,0.6032395638957753,-0.7304170035653912,1.056401224630453,546.3804006576538,0.0
0,waypoint_48,15.0,0.6032395638957753,-0.7304170035653912,1.056401224630453,4536.320209503174,0.0
1,waypoint_48,15.0,0.6032395638957753,-0.7304170035653912,1.056401224630453,3206.8724632263184,0.0
2,waypoint_48,15.0,0.6032395638957753,-0.7304170035653912,1.056401224630453,2824.17368888855,0.0
3,waypoint_48,15.0,0.6032395638957753,-0.7304170035653912,1.056401224630453,1076.9333839416504,0.0
4,waypoint_48,15.0,0.6032395638957753,-0.7304170035653912,1.056401224630453,1054.0030002593994,0.0
5,waypoint_48,15.0,0.6032395638957753,-0.7304170035653912,1.056401224630453,1481.5560579299927,0.0
6,waypoint_48,15.0,0.6032395638957753,-0.7304170035653912,1.056401224630453,1262.9185914993286,0.0
7,waypoint_48,15.0,0.6032395638957753,-0.7304170035653912,1.056401224630453,1230.7778596878052,0.0
8,waypoint_48,15.0,0.6032395638957753,-0.7304170035653912,1.056401224630453,492.4856126308441,0.0
9,waypoint_48,15.0,0.6032395638957753,-0.7304170035653912,1.056401224630453,629.6409964561462,0.0
10,waypoint_48,15.0,0.6032395638957753,-0.7304170035653912,1.056401224630453,453.51776480674744,0.0
11,waypoint_48,15.0,0.6032395638957753,-0.7304170035653912,1.056401224630453,484.4088554382324,0.0
12,waypoint_48,15.0,0.6032395638957753,-0.7304170035653912,1.056401224630453,456.66131377220154,0.0
13,waypoint_48,15.0,0.6032395638957753,-0.7304170035653912,1.056401224630453,626.653790473938,0.0
14,waypoint_48,15.0,0.6032395638957753,-0.7304170035653912,1.056401224630453,525.1073241233826,0.0
0,waypoint_48,0.0,0.6032395638957753,-0.7304170035653912,1.056401224630453,4542.513847351074,0.0
1,waypoint_48,0.0,0.6032395638957753,-0.7304170035653912,1.056401224630453,3204.1497230529785,0.0
2,waypoint_48,0.0,0.6032395638957753,-0.7304170035653912,1.056401224630453,2809.037923812866,0.0
3,waypoint_48,0.0,0.6032395638957753,-0.7304170035653912,1.056401224630453,1056.2840700149536,0.0
4,waypoint_48,0.0,0.6032395638957753,-0.7304170035653912,1.056401224630453,1053.9677143096924,0.0
5,waypoint_48,0.0,0.6032395638957753,-0.7304170035653912,1.056401224630453,1696.03431224823,0.0
6,waypoint_48,0.0,0.6032395638957753,-0.7304170035653912,1.056401224630453,1168.5672998428345,0.0
7,waypoint_48,0.0,0.6032395638957753,-0.7304170035653912,1.056401224630453,1231.4884662628174,0.0
8,waypoint_48,0.0,0.6032395638957753,-0.7304170035653912,1.056401224630453,498.9549219608307,0.0
9,waypoint_48,0.0,0.6032395638957753,-0.7304170035653912,1.056401224630453,616.6055202484131,0.0
10,waypoint_48,0.0,0.6032395638957753,-0.7304170035653912,1.056401224630453,476.77937150001526,0.0
11,waypoint_48,0.0,0.6032395638957753,-0.7304170035653912,1.056401224630453,429.55267429351807,0.0
12,waypoint_48,0.0,0.6032395638957753,-0.7304170035653912,1.056401224630453,441.2022829055786,0.0
13,waypoint_48,0.0,0.6032395638957753,-0.7304170035653912,1.056401224630453,586.8394374847412,0.0
14,waypoint_48,0.0,0.6032395638957753,-0.7304170035653912,1.056401224630453,509.2660188674927,0.0
0,waypoint_48,-15.0,0.6032395638957753,-0.7304170035653912,1.056401224630453,4527.898788452148,0.0
1,waypoint_48,-15.0,0.6032395638957753,-0.7304170035653912,1.056401224630453,3203.139543533325,0.0
2,waypoint_48,-15.0,0.6032395638957753,-0.7304170035653912,1.056401224630453,2766.3028240203857,0.0
3,waypoint_48,-15.0,0.6032395638957753,-0.7304170035653912,1.056401224630453,997.9706406593323,0.0
4,waypoint_48,-15.0,0.6032395638957753,-0.7304170035653912,1.056401224630453,1054.00812625885,0.0
5,waypoint_48,-15.0,0.6032395638957753,-0.7304170035653912,1.056401224630453,2105.5402755737305,0.0
6,waypoint_48,-15.0,0.6032395638957753,-0.7304170035653912,1.056401224630453,1228.3867597579956,0.0
7,waypoint_48,-15.0,0.6032395638957753,-0.7304170035653912,1.056401224630453,1230.5868864059448,0.0
8,waypoint_48,-15.0,0.6032395638957753,-0.7304170035653912,1.056401224630453,485.92278361320496,0.0
9,waypoint_48,-15.0,0.6032395638957753,-0.7304170035653912,1.056401224630453,615.8543229103088,0.0
10,waypoint_48,-15.0,0.6032395638957753,-0.7304170035653912,1.056401224630453,436.1704885959625,0.0
11,waypoint_48,-15.0,0.6032395638957753,-0.7304170035653912,1.056401224630453,416.6580140590668,0.0
12,waypoint_48,-15.0,0.6032395638957753,-0.7304170035653912,1.056401224630453,428.6917448043823,0.0
13,waypoint_48,-15.0,0.6032395638957753,-0.7304170035653912,1.056401224630453,566.5506720542908,0.0
14,waypoint_48,-15.0,0.6032395638957753,-0.7304170035653912,1.056401224630453,482.68482089042664,0.0
0,waypoint_48,-30.0,0.6032395638957753,-0.7304170035653912,1.056401224630453,4468.183994293213,0.0
1,waypoint_48,-30.0,0.6032395638957753,-0.7304170035653912,1.056401224630453,3204.6613693237305,0.0
2,waypoint_48,-30.0,0.6032395638957753,-0.7304170035653912,1.056401224630453,2704.1499614715576,0.0
3,waypoint_48,-30.0,0.6032395638957753,-0.7304170035653912,1.056401224630453,876.7456412315369,0.0
4,waypoint_48,-30.0,0.6032395638957753,-0.7304170035653912,1.056401224630453,1053.9356470108032,0.0
5,waypoint_48,-30.0,0.6032395638957753,-0.7304170035653912,1.056401224630453,2139.3842697143555,0.0
6,waypoint_48,-30.0,0.6032395638957753,-0.7304170035653912,1.056401224630453,1379.9548149108887,0.0
7,waypoint_48,-30.0,0.6032395638957753,-0.7304170035653912,1.056401224630453,1216.0933017730713,0.0
8,waypoint_48,-30.0,0.6032395638957753,-0.7304170035653912,1.056401224630453,459.4166874885559,0.0
9,waypoint_48,-30.0,0.6032395638957753,-0.7304170035653912,1.056401224630453,615.6506538391113,0.0
10,waypoint_48,-30.0,0.6032395638957753,-0.7304170035653912,1.056401224630453,409.59131717681885,0.0
11,waypoint_48,-30.0,0.6032395638957753,-0.7304170035653912,1.056401224630453,408.43164920806885,0.0
12,waypoint_48,-30.0,0.6032395638957753,-0.7304170035653912,1.056401224630453,434.644490480423,0.0
13,waypoint_48,-30.0,0.6032395638957753,-0.7304170035653912,1.056401224630453,549.248993396759,0.0
14,waypoint_48,-30.0,0.6032395638957753,-0.7304170035653912,1.056401224630453,486.65788769721985,0.0
0,waypoint_49,-30.0,0.6232395638957755,-0.7304170035653912,1.056401224630453,4510.169506072998,0.0
1,waypoint_49,-30.0,0.6232395638957755,-0.7304170035653912,1.056401224630453,3207.6644897460938,0.0
2,waypoint_49,-30.0,0.6232395638957755,-0.7304170035653912,1.056401224630453,2702.1751403808594,0.0
3,waypoint_49,-30.0,0.6232395638957755,-0.7304170035653912,1.056401224630453,852.1909713745117,0.0
4,waypoint_49,-30.0,0.6232395638957755,-0.7304170035653912,1.056401224630453,1034.7481966018677,0.0
5,waypoint_49,-30.0,0.6232395638957755,-0.7304170035653912,1.056401224630453,2137.7875804901123,0.0
6,waypoint_49,-30.0,0.6232395638957755,-0.7304170035653912,1.056401224630453,1398.7737894058228,0.0
7,waypoint_49,-30.0,0.6232395638957755,-0.7304170035653912,1.056401224630453,1373.4112977981567,0.0
8,waypoint_49,-30.0,0.6232395638957755,-0.7304170035653912,1.056401224630453,471.90508246421814,0.0
9,waypoint_49,-30.0,0.6232395638957755,-0.7304170035653912,1.056401224630453,633.8106393814087,0.0
10,waypoint_49,-30.0,0.6232395638957755,-0.7304170035653912,1.056401224630453,296.80371284484863,0.0
11,waypoint_49,-30.0,0.6232395638957755,-0.7304170035653912,1.056401224630453,426.9333481788635,0.0
12,waypoint_49,-30.0,0.6232395638957755,-0.7304170035653912,1.056401224630453,451.86707377433777,0.0
13,waypoint_49,-30.0,0.6232395638957755,-0.7304170035653912,1.056401224630453,559.6812963485718,0.0
14,waypoint_49,-30.0,0.6232395638957755,-0.7304170035653912,1.056401224630453,499.01705980300903,0.0
0,waypoint_49,-15.0,0.6232395638957755,-0.7304170035653912,1.056401224630453,4551.845073699951,0.0
1,waypoint_49,-15.0,0.6232395638957755,-0.7304170035653912,1.056401224630453,3205.970048904419,0.0
2,waypoint_49,-15.0,0.6232395638957755,-0.7304170035653912,1.056401224630453,2785.992383956909,0.0
3,waypoint_49,-15.0,0.6232395638957755,-0.7304170035653912,1.056401224630453,994.3895936012268,0.0
4,waypoint_49,-15.0,0.6232395638957755,-0.7304170035653912,1.056401224630453,1034.7933769226074,0.0
5,waypoint_49,-15.0,0.6232395638957755,-0.7304170035653912,1.056401224630453,2105.1836013793945,0.0
6,waypoint_49,-15.0,0.6232395638957755,-0.7304170035653912,1.056401224630453,1364.1239404678345,0.0
7,waypoint_49,-15.0,0.6232395638957755,-0.7304170035653912,1.056401224630453,1028.3360481262207,0.0
8,waypoint_49,-15.0,0.6232395638957755,-0.7304170035653912,1.056401224630453,479.47296500205994,0.0
9,waypoint_49,-15.0,0.6232395638957755,-0.7304170035653912,1.056401224630453,633.9824795722961,0.0
10,waypoint_49,-15.0,0.6232395638957755,-0.7304170035653912,1.056401224630453,452.49542593955994,0.0
11,waypoint_49,-15.0,0.6232395638957755,-0.7304170035653912,1.056401224630453,427.19098925590515,0.0
12,waypoint_49,-15.0,0.6232395638957755,-0.7304170035653912,1.056401224630453,452.121376991272,0.0
13,waypoint_49,-15.0,0.6232395638957755,-0.7304170035653912,1.056401224630453,582.6532244682312,0.0
14,waypoint_49,-15.0,0.6232395638957755,-0.7304170035653912,1.056401224630453,495.9771931171417,0.0
0,waypoint_49,0.0,0.6232395638957755,-0.7304170035653912,1.056401224630453,4529.801845550537,0.0
1,waypoint_49,0.0,0.6232395638957755,-0.7304170035653912,1.056401224630453,3206.8333625793457,0.0
2,waypoint_49,0.0,0.6232395638957755,-0.7304170035653912,1.056401224630453,2805.1185607910156,0.0
3,waypoint_49,0.0,0.6232395638957755,-0.7304170035653912,1.056401224630453,1012.7618312835693,0.0
4,waypoint_49,0.0,0.6232395638957755,-0.7304170035653912,1.056401224630453,1034.722924232483,0.0
5,waypoint_49,0.0,0.6232395638957755,-0.7304170035653912,1.056401224630453,2032.172679901123,0.0
6,waypoint_49,0.0,0.6232395638957755,-0.7304170035653912,1.056401224630453,1180.4019212722778,0.0
7,waypoint_49,0.0,0.6232395638957755,-0.7304170035653912,1.056401224630453,1151.4623165130615,0.0
8,waypoint_49,0.0,0.6232395638957755,-0.7304170035653912,1.056401224630453,501.68710947036743,0.0
9,waypoint_49,0.0,0.6232395638957755,-0.7304170035653912,1.056401224630453,633.9840888977051,0.0
10,waypoint_49,0.0,0.6232395638957755,-0.7304170035653912,1.056401224630453,477.2282540798187,0.0
11,waypoint_49,0.0,0.6232395638957755,-0.7304170035653912,1.056401224630453,439.7636950016022,0.0
12,waypoint_49,0.0,0.6232395638957755,-0.7304170035653912,1.056401224630453,452.9079794883728,0.0
13,waypoint_49,0.0,0.6232395638957755,-0.7304170035653912,1.056401224630453,511.68692111968994,0.0
14,waypoint_49,0.0,0.6232395638957755,-0.7304170035653912,1.056401224630453,512.6487612724304,0.0
0,waypoint_49,15.0,0.6232395638957755,-0.7304170035653912,1.056401224630453,4571.50936126709,0.0
1,waypoint_49,15.0,0.6232395638957755,-0.7304170035653912,1.056401224630453,3209.4435691833496,0.0
2,waypoint_49,15.0,0.6232395638957755,-0.7304170035653912,1.056401224630453,2817.000389099121,0.0
3,waypoint_49,15.0,0.6232395638957755,-0.7304170035653912,1.056401224630453,1024.6323347091675,0.0
4,waypoint_49,15.0,0.6232395638957755,-0.7304170035653912,1.056401224630453,1034.7404479980469,0.0
5,waypoint_49,15.0,0.6232395638957755,-0.7304170035653912,1.056401224630453,1475.9509563446045,0.0
6,waypoint_49,15.0,0.6232395638957755,-0.7304170035653912,1.056401224630453,1181.6706657409668,0.0
7,waypoint_49,15.0,0.6232395638957755,-0.7304170035653912,1.056401224630453,1138.9731168746948,0.0
8,waypoint_49,15.0,0.6232395638957755,-0.7304170035653912,1.056401224630453,499.6607005596161,0.0
9,waypoint_49,15.0,0.6232395638957755,-0.7304170035653912,1.056401224630453,648.1742858886719,0.0
10,waypoint_49,15.0,0.6232395638957755,-0.7304170035653912,1.056401224630453,462.63566613197327,0.0
11,waypoint_49,15.0,0.6232395638957755,-0.7304170035653912,1.056401224630453,434.04343724250793,0.0
12,waypoint_49,15.0,0.6232395638957755,-0.7304170035653912,1.056401224630453,443.39656829833984,0.0
13,waypoint_49,15.0,0.6232395638957755,-0.7304170035653912,1.056401224630453,487.29002475738525,0.0
14,waypoint_49,15.0,0.6232395638957755,-0.7304170035653912,1.056401224630453,508.5605978965759,0.0
0,waypoint_49,30.0,0.6232395638957755,-0.7304170035653912,1.056401224630453,4538.135528564453,0.0
1,waypoint_49,30.0,0.6232395638957755,-0.7304170035653912,1.056401224630453,3212.8329277038574,0.0
2,waypoint_49,30.0,0.6232395638957755,-0.7304170035653912,1.056401224630453,2830.1479816436768,0.0
3,waypoint_49,30.0,0.6232395638957755,-0.7304170035653912,1.056401224630453,1045.469880104065,0.0
4,waypoint_49,30.0,0.6232395638957755,-0.7304170035653912,1.056401224630453,1034.6993207931519,0.0
5,waypoint_49,30.0,0.6232395638957755,-0.7304170035653912,1.056401224630453,1563.4422302246094,0.0
6,waypoint_49,30.0,0.6232395638957755,-0.7304170035653912,1.056401224630453,1237.0368242263794,0.0
7,waypoint_49,30.0,0.6232395638957755,-0.7304170035653912,1.056401224630453,1036.342978477478,0.0
8,waypoint_49,30.0,0.6232395638957755,-0.7304170035653912,1.056401224630453,491.4957284927368,0.0
9,waypoint_49,30.0,0.6232395638957755,-0.7304170035653912,1.056401224630453,635.7415318489075,0.0
10,waypoint_49,30.0,0.6232395638957755,-0.7304170035653912,1.056401224630453,489.3258512020111,0.0
11,waypoint_49,30.0,0.6232395638957755,-0.7304170035653912,1.056401224630453,425.553560256958,0.0
12,waypoint_49,30.0,0.6232395638957755,-0.7304170035653912,1.056401224630453,430.8558702468872,0.0
13,waypoint_49,30.0,0.6232395638957755,-0.7304170035653912,1.056401224630453,486.4561855792999,0.0
14,waypoint_49,30.0,0.6232395638957755,-0.7304170035653912,1.056401224630453,572.959303855896,0.0
0,waypoint_50,30.0,0.6432395638957753,-0.7304170035653912,1.056401224630453,4613.874435424805,0.0
1,waypoint_50,30.0,0.6432395638957753,-0.7304170035653912,1.056401224630453,3215.4479026794434,0.0
2,waypoint_50,30.0,0.6432395638957753,-0.7304170035653912,1.056401224630453,2844.590425491333,0.0
3,waypoint_50,30.0,0.6432395638957753,-0.7304170035653912,1.056401224630453,999.4723200798035,0.0
4,waypoint_50,30.0,0.6432395638957753,-0.7304170035653912,1.056401224630453,1015.4552459716797,0.0
5,waypoint_50,30.0,0.6432395638957753,-0.7304170035653912,1.056401224630453,1557.7830076217651,0.0
6,waypoint_50,30.0,0.6432395638957753,-0.7304170035653912,1.056401224630453,1225.704550743103,0.0
7,waypoint_50,30.0,0.6432395638957753,-0.7304170035653912,1.056401224630453,1051.133632659912,0.0
8,waypoint_50,30.0,0.6432395638957753,-0.7304170035653912,1.056401224630453,496.7942535877228,0.0
9,waypoint_50,30.0,0.6432395638957753,-0.7304170035653912,1.056401224630453,655.9221148490906,0.0
10,waypoint_50,30.0,0.6432395638957753,-0.7304170035653912,1.056401224630453,503.4913420677185,0.0
11,waypoint_50,30.0,0.6432395638957753,-0.7304170035653912,1.056401224630453,414.05734419822693,0.0
12,waypoint_50,30.0,0.6432395638957753,-0.7304170035653912,1.056401224630453,449.0511417388916,0.0
13,waypoint_50,30.0,0.6432395638957753,-0.7304170035653912,1.056401224630453,463.5077118873596,0.0
14,waypoint_50,30.0,0.6432395638957753,-0.7304170035653912,1.056401224630453,592.5641655921936,0.0
0,waypoint_50,15.0,0.6432395638957753,-0.7304170035653912,1.056401224630453,4563.724517822266,0.0
1,waypoint_50,15.0,0.6432395638957753,-0.7304170035653912,1.056401224630453,3212.128162384033,0.0
2,waypoint_50,15.0,0.6432395638957753,-0.7304170035653912,1.056401224630453,2783.7986946105957,0.0
3,waypoint_50,15.0,0.6432395638957753,-0.7304170035653912,1.056401224630453,1019.8088884353638,0.0
4,waypoint_50,15.0,0.6432395638957753,-0.7304170035653912,1.056401224630453,1015.4671669006348,0.0
5,waypoint_50,15.0,0.6432395638957753,-0.7304170035653912,1.056401224630453,1470.522165298462,0.0
6,waypoint_50,15.0,0.6432395638957753,-0.7304170035653912,1.056401224630453,1231.1198711395264,0.0
7,waypoint_50,15.0,0.6432395638957753,-0.7304170035653912,1.056401224630453,1092.3259258270264,0.0
8,waypoint_50,15.0,0.6432395638957753,-0.7304170035653912,1.056401224630453,506.5014362335205,0.0
9,waypoint_50,15.0,0.6432395638957753,-0.7304170035653912,1.056401224630453,664.9447679519653,0.0
10,waypoint_50,15.0,0.6432395638957753,-0.7304170035653912,1.056401224630453,521.93284034729,0.0
11,waypoint_50,15.0,0.6432395638957753,-0.7304170035653912,1.056401224630453,465.910404920578,0.0
12,waypoint_50,15.0,0.6432395638957753,-0.7304170035653912,1.056401224630453,462.5105559825897,0.0
13,waypoint_50,15.0,0.6432395638957753,-0.7304170035653912,1.056401224630453,466.7639136314392,0.0
14,waypoint_50,15.0,0.6432395638957753,-0.7304170035653912,1.056401224630453,563.7439489364624,0.0
0,waypoint_50,0.0,0.6432395638957753,-0.7304170035653912,1.056401224630453,4580.789089202881,0.0
1,waypoint_50,0.0,0.6432395638957753,-0.7304170035653912,1.056401224630453,3209.6221446990967,0.0
2,waypoint_50,0.0,0.6432395638957753,-0.7304170035653912,1.056401224630453,2834.2089653015137,0.0
3,waypoint_50,0.0,0.6432395638957753,-0.7304170035653912,1.056401224630453,1024.7299671173096,0.0
4,waypoint_50,0.0,0.6432395638957753,-0.7304170035653912,1.056401224630453,1015.4986381530762,0.0
5,waypoint_50,0.0,0.6432395638957753,-0.7304170035653912,1.056401224630453,1739.9097681045532,0.0
6,waypoint_50,0.0,0.6432395638957753,-0.7304170035653912,1.056401224630453,1136.5985870361328,0.0
7,waypoint_50,0.0,0.6432395638957753,-0.7304170035653912,1.056401224630453,1232.8273057937622,0.0
8,waypoint_50,0.0,0.6432395638957753,-0.7304170035653912,1.056401224630453,501.5178322792053,0.0
9,waypoint_50,0.0,0.6432395638957753,-0.7304170035653912,1.056401224630453,650.9092450141907,0.0
10,waypoint_50,0.0,0.6432395638957753,-0.7304170035653912,1.056401224630453,446.6455280780792,0.0
11,waypoint_50,0.0,0.6432395638957753,-0.7304170035653912,1.056401224630453,444.1106617450714,0.0
12,waypoint_50,0.0,0.6432395638957753,-0.7304170035653912,1.056401224630453,437.06250190734863,0.0
13,waypoint_50,0.0,0.6432395638957753,-0.7304170035653912,1.056401224630453,491.63347482681274,0.0
14,waypoint_50,0.0,0.6432395638957753,-0.7304170035653912,1.056401224630453,529.8198461532593,0.0
0,waypoint_50,-15.0,0.6432395638957753,-0.7304170035653912,1.056401224630453,4576.247692108154,0.0
1,waypoint_50,-15.0,0.6432395638957753,-0.7304170035653912,1.056401224630453,3208.906888961792,0.0
2,waypoint_50,-15.0,0.6432395638957753,-0.7304170035653912,1.056401224630453,2678.015947341919,0.0
3,waypoint_50,-15.0,0.6432395638957753,-0.7304170035653912,1.056401224630453,979.3410301208496,0.0
4,waypoint_50,-15.0,0.6432395638957753,-0.7304170035653912,1.056401224630453,1015.6298875808716,0.0
5,waypoint_50,-15.0,0.6432395638957753,-0.7304170035653912,1.056401224630453,2103.0678749084473,0.0
6,waypoint_50,-15.0,0.6432395638957753,-0.7304170035653912,1.056401224630453,1155.5427312850952,0.0
7,waypoint_50,-15.0,0.6432395638957753,-0.7304170035653912,1.056401224630453,1288.4243726730347,0.0
8,waypoint_50,-15.0,0.6432395638957753,-0.7304170035653912,1.056401224630453,481.62856698036194,0.0
9,waypoint_50,-15.0,0.6432395638957753,-0.7304170035653912,1.056401224630453,649.6190428733826,0.0
10,waypoint_50,-15.0,0.6432395638957753,-0.7304170035653912,1.056401224630453,407.2650074958801,0.0
11,waypoint_50,-15.0,0.6432395638957753,-0.7304170035653912,1.056401224630453,444.14573907852173,0.0
12,waypoint_50,-15.0,0.6432395638957753,-0.7304170035653912,1.056401224630453,436.6852939128876,0.0
13,waypoint_50,-15.0,0.6432395638957753,-0.7304170035653912,1.056401224630453,486.2303137779236,0.0
14,waypoint_50,-15.0,0.6432395638957753,-0.7304170035653912,1.056401224630453,506.06095790863037,0.0
0,waypoint_50,-30.0,0.6432395638957753,-0.7304170035653912,1.056401224630453,4510.514736175537,0.0
1,waypoint_50,-30.0,0.6432395638957753,-0.7304170035653912,1.056401224630453,3210.7768058776855,0.0
2,waypoint_50,-30.0,0.6432395638957753,-0.7304170035653912,1.056401224630453,2719.6264266967773,0.0
3,waypoint_50,-30.0,0.6432395638957753,-0.7304170035653912,1.056401224630453,854.7114133834839,0.0
4,waypoint_50,-30.0,0.6432395638957753,-0.7304170035653912,1.056401224630453,1015.6044960021973,0.0
5,waypoint_50,-30.0,0.6432395638957753,-0.7304170035653912,1.056401224630453,2136.59930229187,0.0
6,waypoint_50,-30.0,0.6432395638957753,-0.7304170035653912,1.056401224630453,1334.2257738113403,0.0
7,waypoint_50,-30.0,0.6432395638957753,-0.7304170035653912,1.056401224630453,1341.9384956359863,0.0
8,waypoint_50,-30.0,0.6432395638957753,-0.7304170035653912,1.056401224630453,459.39162373542786,0.0
9,waypoint_50,-30.0,0.6432395638957753,-0.7304170035653912,1.056401224630453,648.9378809928894,0.0
10,waypoint_50,-30.0,0.6432395638957753,-0.7304170035653912,1.056401224630453,264.18474316596985,0.0
11,waypoint_50,-30.0,0.6432395638957753,-0.7304170035653912,1.056401224630453,444.5308446884155,0.0
12,waypoint_50,-30.0,0.6432395638957753,-0.7304170035653912,1.056401224630453,435.7132911682129,0.0
13,waypoint_50,-30.0,0.6432395638957753,-0.7304170035653912,1.056401224630453,483.18690061569214,0.0
14,waypoint_50,-30.0,0.6432395638957753,-0.7304170035653912,1.056401224630453,497.7702498435974,0.0
0,waypoint_51,-30.0,0.46323956389577614,-0.7050469241938334,1.043684508641266,4397.574901580811,0.0
1,waypoint_51,-30.0,0.46323956389577614,-0.7050469241938334,1.043684508641266,3160.827398300171,0.0
2,waypoint_51,-30.0,0.46323956389577614,-0.7050469241938334,1.043684508641266,2790.0829315185547,0.0
3,waypoint_51,-30.0,0.46323956389577614,-0.7050469241938334,1.043684508641266,968.259871006012,0.0
4,waypoint_51,-30.0,0.46323956389577614,-0.7050469241938334,1.043684508641266,1183.6637258529663,0.0
5,waypoint_51,-30.0,0.46323956389577614,-0.7050469241938334,1.043684508641266,2127.64310836792,0.0
6,waypoint_51,-30.0,0.46323956389577614,-0.7050469241938334,1.043684508641266,1521.5911865234375,0.0
7,waypoint_51,-30.0,0.46323956389577614,-0.7050469241938334,1.043684508641266,1694.5514678955078,0.0
8,waypoint_51,-30.0,0.46323956389577614,-0.7050469241938334,1.043684508641266,334.7121775150299,0.0
9,waypoint_51,-30.0,0.46323956389577614,-0.7050469241938334,1.043684508641266,473.01578521728516,0.0
10,waypoint_51,-30.0,0.46323956389577614,-0.7050469241938334,1.043684508641266,237.40875720977783,0.0
11,waypoint_51,-30.0,0.46323956389577614,-0.7050469241938334,1.043684508641266,328.3975124359131,0.0
12,waypoint_51,-30.0,0.46323956389577614,-0.7050469241938334,1.043684508641266,395.7197070121765,0.0
13,waypoint_51,-30.0,0.46323956389577614,-0.7050469241938334,1.043684508641266,370.4183101654053,0.0
14,waypoint_51,-30.0,0.46323956389577614,-0.7050469241938334,1.043684508641266,336.60170435905457,0.0
0,waypoint_51,-15.0,0.46323956389577614,-0.7050469241938334,1.043684508641266,4392.135143280029,0.0
1,waypoint_51,-15.0,0.46323956389577614,-0.7050469241938334,1.043684508641266,3160.9408855438232,0.0
2,waypoint_51,-15.0,0.46323956389577614,-0.7050469241938334,1.043684508641266,2751.358985900879,0.0
3,waypoint_51,-15.0,0.46323956389577614,-0.7050469241938334,1.043684508641266,1111.625075340271,0.0
4,waypoint_51,-15.0,0.46323956389577614,-0.7050469241938334,1.043684508641266,1183.7960481643677,0.0
5,waypoint_51,-15.0,0.46323956389577614,-0.7050469241938334,1.043684508641266,2090.000629425049,0.0
6,waypoint_51,-15.0,0.46323956389577614,-0.7050469241938334,1.043684508641266,1505.7835578918457,0.0
7,waypoint_51,-15.0,0.46323956389577614,-0.7050469241938334,1.043684508641266,1095.9198474884033,0.0
8,waypoint_51,-15.0,0.46323956389577614,-0.7050469241938334,1.043684508641266,404.16795015335083,0.0
9,waypoint_51,-15.0,0.46323956389577614,-0.7050469241938334,1.043684508641266,473.19120168685913,0.0
10,waypoint_51,-15.0,0.46323956389577614,-0.7050469241938334,1.043684508641266,329.0160596370697,0.0
11,waypoint_51,-15.0,0.46323956389577614,-0.7050469241938334,1.043684508641266,340.3974771499634,0.0
12,waypoint_51,-15.0,0.46323956389577614,-0.7050469241938334,1.043684508641266,410.37529706954956,0.0
13,waypoint_51,-15.0,0.46323956389577614,-0.7050469241938334,1.043684508641266,395.5758512020111,0.0
14,waypoint_51,-15.0,0.46323956389577614,-0.7050469241938334,1.043684508641266,339.2905294895172,0.0
0,waypoint_51,0.0,0.46323956389577614,-0.7050469241938334,1.043684508641266,4398.975849151611,0.0
1,waypoint_51,0.0,0.46323956389577614,-0.7050469241938334,1.043684508641266,3163.3737087249756,0.0
2,waypoint_51,0.0,0.46323956389577614,-0.7050469241938334,1.043684508641266,2865.4420375823975,0.0
3,waypoint_51,0.0,0.46323956389577614,-0.7050469241938334,1.043684508641266,1112.3744249343872,0.0
4,waypoint_51,0.0,0.46323956389577614,-0.7050469241938334,1.043684508641266,1183.895468711853,0.0
5,waypoint_51,0.0,0.46323956389577614,-0.7050469241938334,1.043684508641266,2005.7764053344727,0.0
6,waypoint_51,0.0,0.46323956389577614,-0.7050469241938334,1.043684508641266,1346.5466499328613,0.0
7,waypoint_51,0.0,0.46323956389577614,-0.7050469241938334,1.043684508641266,1187.6722574234009,0.0
8,waypoint_51,0.0,0.46323956389577614,-0.7050469241938334,1.043684508641266,416.38657450675964,0.0
9,waypoint_51,0.0,0.46323956389577614,-0.7050469241938334,1.043684508641266,474.0431606769562,0.0
10,waypoint_51,0.0,0.46323956389577614,-0.7050469241938334,1.043684508641266,522.8561758995056,0.0
11,waypoint_51,0.0,0.46323956389577614,-0.7050469241938334,1.043684508641266,412.91841864585876,0.0
12,waypoint_51,0.0,0.46323956389577614,-0.7050469241938334,1.043684508641266,425.4809021949768,0.0
13,waypoint_51,0.0,0.46323956389577614,-0.7050469241938334,1.043684508641266,404.1132926940918,0.0
14,waypoint_51,0.0,0.46323956389577614,-0.7050469241938334,1.043684508641266,380.39764761924744,0.0
0,waypoint_51,15.0,0.46323956389577614,-0.7050469241938334,1.043684508641266,4371.175765991211,0.0
1,waypoint_51,15.0,0.46323956389577614,-0.7050469241938334,1.043684508641266,3167.1860218048096,0.0
2,waypoint_51,15.0,0.46323956389577614,-0.7050469241938334,1.043684508641266,2901.8163681030273,0.0
3,waypoint_51,15.0,0.46323956389577614,-0.7050469241938334,1.043684508641266,1108.8473796844482,0.0
4,waypoint_51,15.0,0.46323956389577614,-0.7050469241938334,1.043684508641266,1184.1988563537598,0.0
5,waypoint_51,15.0,0.46323956389577614,-0.7050469241938334,1.043684508641266,1497.7823495864868,0.0
6,waypoint_51,15.0,0.46323956389577614,-0.7050469241938334,1.043684508641266,1379.8840045928955,0.0
7,waypoint_51,15.0,0.46323956389577614,-0.7050469241938334,1.043684508641266,1272.560477256775,0.0
8,waypoint_51,15.0,0.46323956389577614,-0.7050469241938334,1.043684508641266,408.0084562301636,0.0
9,waypoint_51,15.0,0.46323956389577614,-0.7050469241938334,1.043684508641266,482.03516006469727,0.0
10,waypoint_51,15.0,0.46323956389577614,-0.7050469241938334,1.043684508641266,463.2784426212311,0.0
11,waypoint_51,15.0,0.46323956389577614,-0.7050469241938334,1.043684508641266,554.8577904701233,0.0
12,waypoint_51,15.0,0.46323956389577614,-0.7050469241938334,1.043684508641266,491.71575903892517,0.0
13,waypoint_51,15.0,0.46323956389577614,-0.7050469241938334,1.043684508641266,496.40601873397827,0.0
14,waypoint_51,15.0,0.46323956389577614,-0.7050469241938334,1.043684508641266,385.5123817920685,0.0
0,waypoint_51,30.0,0.46323956389577614,-0.7050469241938334,1.043684508641266,4350.492477416992,0.0
1,waypoint_51,30.0,0.46323956389577614,-0.7050469241938334,1.043684508641266,3171.314477920532,0.0
2,waypoint_51,30.0,0.46323956389577614,-0.7050469241938334,1.043684508641266,2888.6611461639404,0.0
3,waypoint_51,30.0,0.46323956389577614,-0.7050469241938334,1.043684508641266,1138.2378339767456,0.0
4,waypoint_51,30.0,0.46323956389577614,-0.7050469241938334,1.043684508641266,1184.3725442886353,0.0
5,waypoint_51,30.0,0.46323956389577614,-0.7050469241938334,1.043684508641266,1587.399959564209,0.0
6,waypoint_51,30.0,0.46323956389577614,-0.7050469241938334,1.043684508641266,1375.9865760803223,0.0
7,waypoint_51,30.0,0.46323956389577614,-0.7050469241938334,1.043684508641266,1187.3022317886353,0.0
8,waypoint_51,30.0,0.46323956389577614,-0.7050469241938334,1.043684508641266,404.4240415096283,0.0
9,waypoint_51,30.0,0.46323956389577614,-0.7050469241938334,1.043684508641266,468.8902497291565,0.0
10,waypoint_51,30.0,0.46323956389577614,-0.7050469241938334,1.043684508641266,463.2736146450043,0.0
11,waypoint_51,30.0,0.46323956389577614,-0.7050469241938334,1.043684508641266,602.3470759391785,0.0
12,waypoint_51,30.0,0.46323956389577614,-0.7050469241938334,1.043684508641266,533.6382389068604,0.0
13,waypoint_51,30.0,0.46323956389577614,-0.7050469241938334,1.043684508641266,527.0041227340698,0.0
14,waypoint_51,30.0,0.46323956389577614,-0.7050469241938334,1.043684508641266,502.125084400177,0.0
0,waypoint_52,30.0,0.4832395638957757,-0.7050469241938334,1.043684508641266,4441.241264343262,0.0
1,waypoint_52,30.0,0.4832395638957757,-0.7050469241938334,1.043684508641266,3173.1042861938477,0.0
2,waypoint_52,30.0,0.4832395638957757,-0.7050469241938334,1.043684508641266,2830.9173583984375,0.0
3,waypoint_52,30.0,0.4832395638957757,-0.7050469241938334,1.043684508641266,1091.3493633270264,0.0
4,waypoint_52,30.0,0.4832395638957757,-0.7050469241938334,1.043684508641266,1164.8527383804321,0.0
5,waypoint_52,30.0,0.4832395638957757,-0.7050469241938334,1.043684508641266,1580.3258419036865,0.0
6,waypoint_52,30.0,0.4832395638957757,-0.7050469241938334,1.043684508641266,1384.9738836288452,0.0
7,waypoint_52,30.0,0.4832395638957757,-0.7050469241938334,1.043684508641266,1134.773850440979,0.0
8,waypoint_52,30.0,0.4832395638957757,-0.7050469241938334,1.043684508641266,426.6650378704071,0.0
9,waypoint_52,30.0,0.4832395638957757,-0.7050469241938334,1.043684508641266,488.0632758140564,0.0
10,waypoint_52,30.0,0.4832395638957757,-0.7050469241938334,1.043684508641266,442.14385747909546,0.0
11,waypoint_52,30.0,0.4832395638957757,-0.7050469241938334,1.043684508641266,621.9117641448975,0.0
12,waypoint_52,30.0,0.4832395638957757,-0.7050469241938334,1.043684508641266,551.8472194671631,0.0
13,waypoint_52,30.0,0.4832395638957757,-0.7050469241938334,1.043684508641266,544.3586707115173,0.0
14,waypoint_52,30.0,0.4832395638957757,-0.7050469241938334,1.043684508641266,514.6022439002991,0.0
0,waypoint_52,15.0,0.4832395638957757,-0.7050469241938334,1.043684508641266,4437.627792358398,0.0
1,waypoint_52,15.0,0.4832395638957757,-0.7050469241938334,1.043684508641266,3169.0192222595215,0.0
2,waypoint_52,15.0,0.4832395638957757,-0.7050469241938334,1.043684508641266,2861.9444370269775,0.0
3,waypoint_52,15.0,0.4832395638957757,-0.7050469241938334,1.043684508641266,1105.409860610962,0.0
4,waypoint_52,15.0,0.4832395638957757,-0.7050469241938334,1.043684508641266,1164.6597385406494,0.0
5,waypoint_52,15.0,0.4832395638957757,-0.7050469241938334,1.043684508641266,1490.7456636428833,0.0
6,waypoint_52,15.0,0.4832395638957757,-0.7050469241938334,1.043684508641266,1384.832501411438,0.0
7,waypoint_52,15.0,0.4832395638957757,-0.7050469241938334,1.043684508641266,1188.8506412506104,0.0
8,waypoint_52,15.0,0.4832395638957757,-0.7050469241938334,1.043684508641266,441.5014982223511,0.0
9,waypoint_52,15.0,0.4832395638957757,-0.7050469241938334,1.043684508641266,500.9443759918213,0.0
10,waypoint_52,15.0,0.4832395638957757,-0.7050469241938334,1.043684508641266,443.68359446525574,0.0
11,waypoint_52,15.0,0.4832395638957757,-0.7050469241938334,1.043684508641266,606.1977744102478,0.0
12,waypoint_52,15.0,0.4832395638957757,-0.7050469241938334,1.043684508641266,536.1891984939575,0.0
13,waypoint_52,15.0,0.4832395638957757,-0.7050469241938334,1.043684508641266,529.0382504463196,0.0
14,waypoint_52,15.0,0.4832395638957757,-0.7050469241938334,1.043684508641266,412.7408266067505,0.0
0,waypoint_52,0.0,0.4832395638957757,-0.7050469241938334,1.043684508641266,4423.608303070068,0.0
1,waypoint_52,0.0,0.4832395638957757,-0.7050469241938334,1.043684508641266,3165.2915477752686,0.0
2,waypoint_52,0.0,0.4832395638957757,-0.7050469241938334,1.043684508641266,2879.220485687256,0.0
3,waypoint_52,0.0,0.4832395638957757,-0.7050469241938334,1.043684508641266,1112.6329898834229,0.0
4,waypoint_52,0.0,0.4832395638957757,-0.7050469241938334,1.043684508641266,1164.4587516784668,0.0
5,waypoint_52,0.0,0.4832395638957757,-0.7050469241938334,1.043684508641266,1634.2819929122925,0.0
6,waypoint_52,0.0,0.4832395638957757,-0.7050469241938334,1.043684508641266,1351.6266345977783,0.0
7,waypoint_52,0.0,0.4832395638957757,-0.7050469241938334,1.043684508641266,1344.0605401992798,0.0
8,waypoint_52,0.0,0.4832395638957757,-0.7050469241938334,1.043684508641266,458.20823311805725,0.0
9,waypoint_52,0.0,0.4832395638957757,-0.7050469241938334,1.043684508641266,501.7564296722412,0.0
10,waypoint_52,0.0,0.4832395638957757,-0.7050469241938334,1.043684508641266,428.4994304180145,0.0
11,waypoint_52,0.0,0.4832395638957757,-0.7050469241938334,1.043684508641266,538.6747717857361,0.0
12,waypoint_52,0.0,0.4832395638957757,-0.7050469241938334,1.043684508641266,504.5166015625,0.0
13,waypoint_52,0.0,0.4832395638957757,-0.7050469241938334,1.043684508641266,508.7071657180786,0.0
14,waypoint_52,0.0,0.4832395638957757,-0.7050469241938334,1.043684508641266,399.90267157554626,0.0
0,waypoint_52,-15.0,0.4832395638957757,-0.7050469241938334,1.043684508641266,4348.838329315186,0.0
1,waypoint_52,-15.0,0.4832395638957757,-0.7050469241938334,1.043684508641266,3162.9798412323,0.0
2,waypoint_52,-15.0,0.4832395638957757,-0.7050469241938334,1.043684508641266,2767.2390937805176,0.0
3,waypoint_52,-15.0,0.4832395638957757,-0.7050469241938334,1.043684508641266,1115.6177520751953,0.0
4,waypoint_52,-15.0,0.4832395638957757,-0.7050469241938334,1.043684508641266,1164.3882989883423,0.0
5,waypoint_52,-15.0,0.4832395638957757,-0.7050469241938334,1.043684508641266,2087.923288345337,0.0
6,waypoint_52,-15.0,0.4832395638957757,-0.7050469241938334,1.043684508641266,1336.5942239761353,0.0
7,waypoint_52,-15.0,0.4832395638957757,-0.7050469241938334,1.043684508641266,1473.5655784606934,0.0
8,waypoint_52,-15.0,0.4832395638957757,-0.7050469241938334,1.043684508641266,390.4074728488922,0.0
9,waypoint_52,-15.0,0.4832395638957757,-0.7050469241938334,1.043684508641266,501.1533498764038,0.0
10,waypoint_52,-15.0,0.4832395638957757,-0.7050469241938334,1.043684508641266,417.89668798446655,0.0
11,waypoint_52,-15.0,0.4832395638957757,-0.7050469241938334,1.043684508641266,522.3748087882996,0.0
12,waypoint_52,-15.0,0.4832395638957757,-0.7050469241938334,1.043684508641266,483.56446623802185,0.0
13,waypoint_52,-15.0,0.4832395638957757,-0.7050469241938334,1.043684508641266,470.4306423664093,0.0
14,waypoint_52,-15.0,0.4832395638957757,-0.7050469241938334,1.043684508641266,380.0724744796753,0.0
0,waypoint_52,-30.0,0.4832395638957757,-0.7050469241938334,1.043684508641266,4378.326416015625,0.0
1,waypoint_52,-30.0,0.4832395638957757,-0.7050469241938334,1.043684508641266,3163.0265712738037,0.0
2,waypoint_52,-30.0,0.4832395638957757,-0.7050469241938334,1.043684508641266,2793.015241622925,0.0
3,waypoint_52,-30.0,0.4832395638957757,-0.7050469241938334,1.043684508641266,959.426760673523,0.0
4,waypoint_52,-30.0,0.4832395638957757,-0.7050469241938334,1.043684508641266,1164.2621755599976,0.0
5,waypoint_52,-30.0,0.4832395638957757,-0.7050469241938334,1.043684508641266,2123.67844581604,0.0
6,waypoint_52,-30.0,0.4832395638957757,-0.7050469241938334,1.043684508641266,1221.7575311660767,0.0
7,waypoint_52,-30.0,0.4832395638957757,-0.7050469241938334,1.043684508641266,1135.3517770767212,0.0
8,waypoint_52,-30.0,0.4832395638957757,-0.7050469241938334,1.043684508641266,392.38449931144714,0.0
9,waypoint_52,-30.0,0.4832395638957757,-0.7050469241938334,1.043684508641266,500.37962198257446,0.0
10,waypoint_52,-30.0,0.4832395638957757,-0.7050469241938334,1.043684508641266,417.49119758605957,0.0
11,waypoint_52,-30.0,0.4832395638957757,-0.7050469241938334,1.043684508641266,511.9892954826355,0.0
12,waypoint_52,-30.0,0.4832395638957757,-0.7050469241938334,1.043684508641266,484.08225178718567,0.0
13,waypoint_52,-30.0,0.4832395638957757,-0.7050469241938334,1.043684508641266,481.9386899471283,0.0
14,waypoint_52,-30.0,0.4832395638957757,-0.7050469241938334,1.043684508641266,338.1161689758301,0.0
0,waypoint_53,-30.0,0.5032395638957755,-0.7050469241938334,1.043684508641266,4377.171039581299,0.0
1,waypoint_53,-30.0,0.5032395638957755,-0.7050469241938334,1.043684508641266,3165.3363704681396,0.0
2,waypoint_53,-30.0,0.5032395638957755,-0.7050469241938334,1.043684508641266,2772.477865219116,0.0
3,waypoint_53,-30.0,0.5032395638957755,-0.7050469241938334,1.043684508641266,925.9448647499084,0.0
4,waypoint_53,-30.0,0.5032395638957755,-0.7050469241938334,1.043684508641266,1144.82843875885,0.0
5,waypoint_53,-30.0,0.5032395638957755,-0.7050469241938334,1.043684508641266,2120.99289894104,0.0
6,waypoint_53,-30.0,0.5032395638957755,-0.7050469241938334,1.043684508641266,1242.8401708602905,0.0
7,waypoint_53,-30.0,0.5032395638957755,-0.7050469241938334,1.043684508641266,1343.5759544372559,0.0
8,waypoint_53,-30.0,0.5032395638957755,-0.7050469241938334,1.043684508641266,395.537793636322,0.0
9,waypoint_53,-30.0,0.5032395638957755,-0.7050469241938334,1.043684508641266,518.7785029411316,0.0
10,waypoint_53,-30.0,0.5032395638957755,-0.7050469241938334,1.043684508641266,435.5950057506561,0.0
11,waypoint_53,-30.0,0.5032395638957755,-0.7050469241938334,1.043684508641266,525.7071256637573,0.0
12,waypoint_53,-30.0,0.5032395638957755,-0.7050469241938334,1.043684508641266,493.71302127838135,0.0
13,waypoint_53,-30.0,0.5032395638957755,-0.7050469241938334,1.043684508641266,495.84078788757324,0.0
14,waypoint_53,-30.0,0.5032395638957755,-0.7050469241938334,1.043684508641266,351.9163131713867,0.0
0,waypoint_53,-15.0,0.5032395638957755,-0.7050469241938334,1.043684508641266,4403.574466705322,0.0
1,waypoint_53,-15.0,0.5032395638957755,-0.7050469241938334,1.043684508641266,3165.132999420166,0.0
2,waypoint_53,-15.0,0.5032395638957755,-0.7050469241938334,1.043684508641266,2713.1857872009277,0.0
3,waypoint_53,-15.0,0.5032395638957755,-0.7050469241938334,1.043684508641266,1067.505121231079,0.0
4,waypoint_53,-15.0,0.5032395638957755,-0.7050469241938334,1.043684508641266,1144.9552774429321,0.0
5,waypoint_53,-15.0,0.5032395638957755,-0.7050469241938334,1.043684508641266,2085.345983505249,0.0
6,waypoint_53,-15.0,0.5032395638957755,-0.7050469241938334,1.043684508641266,1244.8559999465942,0.0
7,waypoint_53,-15.0,0.5032395638957755,-0.7050469241938334,1.043684508641266,1698.4411478042603,0.0
8,waypoint_53,-15.0,0.5032395638957755,-0.7050469241938334,1.043684508641266,392.8718864917755,0.0
9,waypoint_53,-15.0,0.5032395638957755,-0.7050469241938334,1.043684508641266,518.6575055122375,0.0
10,waypoint_53,-15.0,0.5032395638957755,-0.7050469241938334,1.043684508641266,435.9147548675537,0.0
11,waypoint_53,-15.0,0.5032395638957755,-0.7050469241938334,1.043684508641266,533.7589383125305,0.0
12,waypoint_53,-15.0,0.5032395638957755,-0.7050469241938334,1.043684508641266,492.13773012161255,0.0
13,waypoint_53,-15.0,0.5032395638957755,-0.7050469241938334,1.043684508641266,499.6068477630615,0.0
14,waypoint_53,-15.0,0.5032395638957755,-0.7050469241938334,1.043684508641266,373.16665053367615,0.0
0,waypoint_53,0.0,0.5032395638957755,-0.7050469241938334,1.043684508641266,4382.552146911621,0.0
1,waypoint_53,0.0,0.5032395638957755,-0.7050469241938334,1.043684508641266,3167.308807373047,0.0
2,waypoint_53,0.0,0.5032395638957755,-0.7050469241938334,1.043684508641266,2892.5929069519043,0.0
3,waypoint_53,0.0,0.5032395638957755,-0.7050469241938334,1.043684508641266,1122.4075555801392,0.0
4,waypoint_53,0.0,0.5032395638957755,-0.7050469241938334,1.043684508641266,1145.0320482254028,0.0
5,waypoint_53,0.0,0.5032395638957755,-0.7050469241938334,1.043684508641266,2001.6913414001465,0.0
6,waypoint_53,0.0,0.5032395638957755,-0.7050469241938334,1.043684508641266,1314.6919012069702,0.0
7,waypoint_53,0.0,0.5032395638957755,-0.7050469241938334,1.043684508641266,1124.6120929718018,0.0
8,waypoint_53,0.0,0.5032395638957755,-0.7050469241938334,1.043684508641266,444.9738562107086,0.0
9,waypoint_53,0.0,0.5032395638957755,-0.7050469241938334,1.043684508641266,518.929660320282,0.0
10,waypoint_53,0.0,0.5032395638957755,-0.7050469241938334,1.043684508641266,437.13703751564026,0.0
11,waypoint_53,0.0,0.5032395638957755,-0.7050469241938334,1.043684508641266,513.7465596199036,0.0
12,waypoint_53,0.0,0.5032395638957755,-0.7050469241938334,1.043684508641266,498.6315071582794,0.0
13,waypoint_53,0.0,0.5032395638957755,-0.7050469241938334,1.043684508641266,519.257664680481,0.0
14,waypoint_53,0.0,0.5032395638957755,-0.7050469241938334,1.043684508641266,418.59281063079834,0.0
0,waypoint_53,15.0,0.5032395638957755,-0.7050469241938334,1.043684508641266,4438.220024108887,0.0
1,waypoint_53,15.0,0.5032395638957755,-0.7050469241938334,1.043684508641266,3170.9506511688232,0.0
2,waypoint_53,15.0,0.5032395638957755,-0.7050469241938334,1.043684508641266,2872.377872467041,0.0
3,waypoint_53,15.0,0.5032395638957755,-0.7050469241938334,1.043684508641266,1142.2570943832397,0.0
4,waypoint_53,15.0,0.5032395638957755,-0.7050469241938334,1.043684508641266,1145.2956199645996,0.0
5,waypoint_53,15.0,0.5032395638957755,-0.7050469241938334,1.043684508641266,1483.8922023773193,0.0
6,waypoint_53,15.0,0.5032395638957755,-0.7050469241938334,1.043684508641266,1328.488826751709,0.0
7,waypoint_53,15.0,0.5032395638957755,-0.7050469241938334,1.043684508641266,1399.1122245788574,0.0
8,waypoint_53,15.0,0.5032395638957755,-0.7050469241938334,1.043684508641266,443.3805048465729,0.0
9,waypoint_53,15.0,0.5032395638957755,-0.7050469241938334,1.043684508641266,520.047664642334,0.0
10,waypoint_53,15.0,0.5032395638957755,-0.7050469241938334,1.043684508641266,429.2921721935272,0.0
11,waypoint_53,15.0,0.5032395638957755,-0.7050469241938334,1.043684508641266,595.6350564956665,0.0
12,waypoint_53,15.0,0.5032395638957755,-0.7050469241938334,1.043684508641266,523.104190826416,0.0
13,waypoint_53,15.0,0.5032395638957755,-0.7050469241938334,1.043684508641266,512.3881697654724,0.0
14,waypoint_53,15.0,0.5032395638957755,-0.7050469241938334,1.043684508641266,412.4041497707367,0.0
0,waypoint_53,30.0,0.5032395638957755,-0.7050469241938334,1.043684508641266,4436.591625213623,0.0
1,waypoint_53,30.0,0.5032395638957755,-0.7050469241938334,1.043684508641266,3175.001382827759,0.0
2,waypoint_53,30.0,0.5032395638957755,-0.7050469241938334,1.043684508641266,2862.346410751343,0.0
3,waypoint_53,30.0,0.5032395638957755,-0.7050469241938334,1.043684508641266,1081.6422700881958,0.0
4,waypoint_53,30.0,0.5032395638957755,-0.7050469241938334,1.043684508641266,1145.3664302825928,0.0
5,waypoint_53,30.0,0.5032395638957755,-0.7050469241938334,1.043684508641266,1573.4169483184814,0.0
6,waypoint_53,30.0,0.5032395638957755,-0.7050469241938334,1.043684508641266,1232.2723865509033,0.0
7,waypoint_53,30.0,0.5032395638957755,-0.7050469241938334,1.043684508641266,1133.5614919662476,0.0
8,waypoint_53,30.0,0.5032395638957755,-0.7050469241938334,1.043684508641266,431.6042363643646,0.0
9,waypoint_53,30.0,0.5032395638957755,-0.7050469241938334,1.043684508641266,507.3087811470032,0.0
10,waypoint_53,30.0,0.5032395638957755,-0.7050469241938334,1.043684508641266,402.41917967796326,0.0
11,waypoint_53,30.0,0.5032395638957755,-0.7050469241938334,1.043684508641266,641.9374942779541,0.0
12,waypoint_53,30.0,0.5032395638957755,-0.7050469241938334,1.043684508641266,571.0668563842773,0.0
13,waypoint_53,30.0,0.5032395638957755,-0.7050469241938334,1.043684508641266,558.6912631988525,0.0
14,waypoint_53,30.0,0.5032395638957755,-0.7050469241938334,1.043684508641266,451.887845993042,0.0
0,waypoint_54,30.0,0.5232395638957761,-0.7050469241938334,1.043684508641266,4487.756729125977,0.0
1,waypoint_54,30.0,0.5232395638957761,-0.7050469241938334,1.043684508641266,3176.9962310791016,0.0
2,waypoint_54,30.0,0.5232395638957761,-0.7050469241938334,1.043684508641266,2815.6304359436035,0.0
3,waypoint_54,30.0,0.5232395638957761,-0.7050469241938334,1.043684508641266,1093.1715965270996,0.0
4,waypoint_54,30.0,0.5232395638957761,-0.7050469241938334,1.043684508641266,1125.8845329284668,0.0
5,waypoint_54,30.0,0.5232395638957761,-0.7050469241938334,1.043684508641266,1566.6770935058594,0.0
6,waypoint_54,30.0,0.5232395638957761,-0.7050469241938334,1.043684508641266,1338.6995792388916,0.0
7,waypoint_54,30.0,0.5232395638957761,-0.7050469241938334,1.043684508641266,1142.3293352127075,0.0
8,waypoint_54,30.0,0.5232395638957761,-0.7050469241938334,1.043684508641266,427.0924925804138,0.0
9,waypoint_54,30.0,0.5232395638957761,-0.7050469241938334,1.043684508641266,526.8916487693787,0.0
10,waypoint_54,30.0,0.5232395638957761,-0.7050469241938334,1.043684508641266,400.6066024303436,0.0
11,waypoint_54,30.0,0.5232395638957761,-0.7050469241938334,1.043684508641266,483.546644449234,0.0
12,waypoint_54,30.0,0.5232395638957761,-0.7050469241938334,1.043684508641266,591.2641882896423,0.0
13,waypoint_54,30.0,0.5232395638957761,-0.7050469241938334,1.043684508641266,576.4906406402588,0.0
14,waypoint_54,30.0,0.5232395638957761,-0.7050469241938334,1.043684508641266,468.8452184200287,0.0
0,waypoint_54,15.0,0.5232395638957761,-0.7050469241938334,1.043684508641266,4479.697704315186,0.0
1,waypoint_54,15.0,0.5232395638957761,-0.7050469241938334,1.043684508641266,3172.9989051818848,0.0
2,waypoint_54,15.0,0.5232395638957761,-0.7050469241938334,1.043684508641266,2893.2979106903076,0.0
3,waypoint_54,15.0,0.5232395638957761,-0.7050469241938334,1.043684508641266,1056.7530393600464,0.0
4,waypoint_54,15.0,0.5232395638957761,-0.7050469241938334,1.043684508641266,1125.7901191711426,0.0
5,waypoint_54,15.0,0.5232395638957761,-0.7050469241938334,1.043684508641266,1477.2279262542725,0.0
6,waypoint_54,15.0,0.5232395638957761,-0.7050469241938334,1.043684508641266,1270.2953815460205,0.0
7,waypoint_54,15.0,0.5232395638957761,-0.7050469241938334,1.043684508641266,1366.9403791427612,0.0
8,waypoint_54,15.0,0.5232395638957761,-0.7050469241938334,1.043684508641266,450.97485184669495,0.0
9,waypoint_54,15.0,0.5232395638957761,-0.7050469241938334,1.043684508641266,539.3050312995911,0.0
10,waypoint_54,15.0,0.5232395638957761,-0.7050469241938334,1.043684508641266,416.9543385505676,0.0
11,waypoint_54,15.0,0.5232395638957761,-0.7050469241938334,1.043684508641266,479.1926443576813,0.0
12,waypoint_54,15.0,0.5232395638957761,-0.7050469241938334,1.043684508641266,575.4662752151489,0.0
13,waypoint_54,15.0,0.5232395638957761,-0.7050469241938334,1.043684508641266,565.0469660758972,0.0
14,waypoint_54,15.0,0.5232395638957761,-0.7050469241938334,1.043684508641266,442.999929189682,0.0
0,waypoint_54,0.0,0.5232395638957761,-0.7050469241938334,1.043684508641266,4396.190643310547,0.0
1,waypoint_54,0.0,0.5232395638957761,-0.7050469241938334,1.043684508641266,3169.4440841674805,0.0
2,waypoint_54,0.0,0.5232395638957761,-0.7050469241938334,1.043684508641266,2845.8316326141357,0.0
3,waypoint_54,0.0,0.5232395638957761,-0.7050469241938334,1.043684508641266,1101.3582944869995,0.0
4,waypoint_54,0.0,0.5232395638957761,-0.7050469241938334,1.043684508641266,1125.6643533706665,0.0
5,waypoint_54,0.0,0.5232395638957761,-0.7050469241938334,1.043684508641266,1630.6414604187012,0.0
6,waypoint_54,0.0,0.5232395638957761,-0.7050469241938334,1.043684508641266,1260.8692646026611,0.0
7,waypoint_54,0.0,0.5232395638957761,-0.7050469241938334,1.043684508641266,1311.7656707763672,0.0
8,waypoint_54,0.0,0.5232395638957761,-0.7050469241938334,1.043684508641266,472.0180928707123,0.0
9,waypoint_54,0.0,0.5232395638957761,-0.7050469241938334,1.043684508641266,535.6370210647583,0.0
10,waypoint_54,0.0,0.5232395638957761,-0.7050469241938334,1.043684508641266,410.7758104801178,0.0
11,waypoint_54,0.0,0.5232395638957761,-0.7050469241938334,1.043684508641266,460.3758156299591,0.0
12,waypoint_54,0.0,0.5232395638957761,-0.7050469241938334,1.043684508641266,521.7533111572266,0.0
13,waypoint_54,0.0,0.5232395638957761,-0.7050469241938334,1.043684508641266,531.3336253166199,0.0
14,waypoint_54,0.0,0.5232395638957761,-0.7050469241938334,1.043684508641266,431.3928186893463,0.0
0,waypoint_54,-15.0,0.5232395638957761,-0.7050469241938334,1.043684508641266,4424.9114990234375,0.0
1,waypoint_54,-15.0,0.5232395638957761,-0.7050469241938334,1.043684508641266,3167.391061782837,0.0
2,waypoint_54,-15.0,0.5232395638957761,-0.7050469241938334,1.043684508641266,2766.5555477142334,0.0
3,waypoint_54,-15.0,0.5232395638957761,-0.7050469241938334,1.043684508641266,1053.1240701675415,0.0
4,waypoint_54,-15.0,0.5232395638957761,-0.7050469241938334,1.043684508641266,1125.5285739898682,0.0
5,waypoint_54,-15.0,0.5232395638957761,-0.7050469241938334,1.043684508641266,2083.695888519287,0.0
6,waypoint_54,-15.0,0.5232395638957761,-0.7050469241938334,1.043684508641266,1189.7859573364258,0.0
7,waypoint_54,-15.0,0.5232395638957761,-0.7050469241938334,1.043684508641266,1439.4488334655762,0.0
8,waypoint_54,-15.0,0.5232395638957761,-0.7050469241938334,1.043684508641266,445.18226385116577,0.0
9,waypoint_54,-15.0,0.5232395638957761,-0.7050469241938334,1.043684508641266,535.0031852722168,0.0
10,waypoint_54,-15.0,0.5232395638957761,-0.7050469241938334,1.043684508641266,404.9682915210724,0.0
11,waypoint_54,-15.0,0.5232395638957761,-0.7050469241938334,1.043684508641266,448.8609731197357,0.0
12,waypoint_54,-15.0,0.5232395638957761,-0.7050469241938334,1.043684508641266,507.86954164505005,0.0
13,waypoint_54,-15.0,0.5232395638957761,-0.7050469241938334,1.043684508641266,510.0664496421814,0.0
14,waypoint_54,-15.0,0.5232395638957761,-0.7050469241938334,1.043684508641266,398.8465964794159,0.0
0,waypoint_54,-30.0,0.5232395638957761,-0.7050469241938334,1.043684508641266,4391.610622406006,0.0
1,waypoint_54,-30.0,0.5232395638957761,-0.7050469241938334,1.043684508641266,3167.771339416504,0.0
2,waypoint_54,-30.0,0.5232395638957761,-0.7050469241938334,1.043684508641266,2751.966714859009,0.0
3,waypoint_54,-30.0,0.5232395638957761,-0.7050469241938334,1.043684508641266,917.7881479263306,0.0
4,waypoint_54,-30.0,0.5232395638957761,-0.7050469241938334,1.043684508641266,1125.3916025161743,0.0
5,waypoint_54,-30.0,0.5232395638957761,-0.7050469241938334,1.043684508641266,2118.4816360473633,0.0
6,waypoint_54,-30.0,0.5232395638957761,-0.7050469241938334,1.043684508641266,1197.3329782485962,0.0
7,waypoint_54,-30.0,0.5232395638957761,-0.7050469241938334,1.043684508641266,1636.731743812561,0.0
8,waypoint_54,-30.0,0.5232395638957761,-0.7050469241938334,1.043684508641266,351.5051305294037,0.0
9,waypoint_54,-30.0,0.5232395638957761,-0.7050469241938334,1.043684508641266,534.2046022415161,0.0
10,waypoint_54,-30.0,0.5232395638957761,-0.7050469241938334,1.043684508641266,404.8697352409363,0.0
11,waypoint_54,-30.0,0.5232395638957761,-0.7050469241938334,1.043684508641266,447.852224111557,0.0
12,waypoint_54,-30.0,0.5232395638957761,-0.7050469241938334,1.043684508641266,495.9169626235962,0.0
13,waypoint_54,-30.0,0.5232395638957761,-0.7050469241938334,1.043684508641266,519.2185044288635,0.0
14,waypoint_54,-30.0,0.5232395638957761,-0.7050469241938334,1.043684508641266,375.8727014064789,0.0
0,waypoint_55,-30.0,0.5432395638957757,-0.7050469241938334,1.043684508641266,4468.4295654296875,0.0
1,waypoint_55,-30.0,0.5432395638957757,-0.7050469241938334,1.043684508641266,3170.30930519104,0.0
2,waypoint_55,-30.0,0.5432395638957757,-0.7050469241938334,1.043684508641266,2713.690996170044,0.0
3,waypoint_55,-30.0,0.5432395638957757,-0.7050469241938334,1.043684508641266,897.7226614952087,0.0
4,waypoint_55,-30.0,0.5432395638957757,-0.7050469241938334,1.043684508641266,1105.9818267822266,0.0
5,waypoint_55,-30.0,0.5432395638957757,-0.7050469241938334,1.043684508641266,2116.224527359009,0.0
6,waypoint_55,-30.0,0.5432395638957757,-0.7050469241938334,1.043684508641266,1381.8457126617432,0.0
7,waypoint_55,-30.0,0.5432395638957757,-0.7050469241938334,1.043684508641266,1196.6276168823242,0.0
8,waypoint_55,-30.0,0.5432395638957757,-0.7050469241938334,1.043684508641266,367.81153082847595,0.0
9,waypoint_55,-30.0,0.5432395638957757,-0.7050469241938334,1.043684508641266,552.8591275215149,0.0
10,waypoint_55,-30.0,0.5432395638957757,-0.7050469241938334,1.043684508641266,423.4839379787445,0.0
11,waypoint_55,-30.0,0.5432395638957757,-0.7050469241938334,1.043684508641266,458.48751068115234,0.0
12,waypoint_55,-30.0,0.5432395638957757,-0.7050469241938334,1.043684508641266,505.95247745513916,0.0
13,waypoint_55,-30.0,0.5432395638957757,-0.7050469241938334,1.043684508641266,525.7059931755066,0.0
14,waypoint_55,-30.0,0.5432395638957757,-0.7050469241938334,1.043684508641266,389.65919613838196,0.0
0,waypoint_55,-15.0,0.5432395638957757,-0.7050469241938334,1.043684508641266,4412.502765655518,0.0
1,waypoint_55,-15.0,0.5432395638957757,-0.7050469241938334,1.043684508641266,3169.7726249694824,0.0
2,waypoint_55,-15.0,0.5432395638957757,-0.7050469241938334,1.043684508641266,2688.3578300476074,0.0
3,waypoint_55,-15.0,0.5432395638957757,-0.7050469241938334,1.043684508641266,1079.7829627990723,0.0
4,waypoint_55,-15.0,0.5432395638957757,-0.7050469241938334,1.043684508641266,1106.0982942581177,0.0
5,waypoint_55,-15.0,0.5432395638957757,-0.7050469241938334,1.043684508641266,2081.235647201538,0.0
6,waypoint_55,-15.0,0.5432395638957757,-0.7050469241938334,1.043684508641266,1448.7501382827759,0.0
7,waypoint_55,-15.0,0.5432395638957757,-0.7050469241938334,1.043684508641266,1104.2946577072144,0.0
8,waypoint_55,-15.0,0.5432395638957757,-0.7050469241938334,1.043684508641266,404.1357934474945,0.0
9,waypoint_55,-15.0,0.5432395638957757,-0.7050469241938334,1.043684508641266,552.700400352478,0.0
10,waypoint_55,-15.0,0.5432395638957757,-0.7050469241938334,1.043684508641266,423.46715927124023,0.0
11,waypoint_55,-15.0,0.5432395638957757,-0.7050469241938334,1.043684508641266,445.7226097583771,0.0
12,waypoint_55,-15.0,0.5432395638957757,-0.7050469241938334,1.043684508641266,512.7096772193909,0.0
13,waypoint_55,-15.0,0.5432395638957757,-0.7050469241938334,1.043684508641266,525.1559019088745,0.0
14,waypoint_55,-15.0,0.5432395638957757,-0.7050469241938334,1.043684508641266,396.96112275123596,0.0
0,waypoint_55,0.0,0.5432395638957757,-0.7050469241938334,1.043684508641266,4480.6694984436035,0.0
1,waypoint_55,0.0,0.5432395638957757,-0.7050469241938334,1.043684508641266,3171.686887741089,0.0
2,waypoint_55,0.0,0.5432395638957757,-0.7050469241938334,1.043684508641266,2838.026523590088,0.0
3,waypoint_55,0.0,0.5432395638957757,-0.7050469241938334,1.043684508641266,1092.8610563278198,0.0
4,waypoint_55,0.0,0.5432395638957757,-0.7050469241938334,1.043684508641266,1106.2597036361694,0.0
5,waypoint_55,0.0,0.5432395638957757,-0.7050469241938334,1.043684508641266,1999.1134405136108,0.0
6,waypoint_55,0.0,0.5432395638957757,-0.7050469241938334,1.043684508641266,1308.7188005447388,0.0
7,waypoint_55,0.0,0.5432395638957757,-0.7050469241938334,1.043684508641266,1286.8461608886719,0.0
8,waypoint_55,0.0,0.5432395638957757,-0.7050469241938334,1.043684508641266,387.31399178504944,0.0
9,waypoint_55,0.0,0.5432395638957757,-0.7050469241938334,1.043684508641266,552.9685020446777,0.0
10,waypoint_55,0.0,0.5432395638957757,-0.7050469241938334,1.043684508641266,423.4336018562317,0.0
11,waypoint_55,0.0,0.5432395638957757,-0.7050469241938334,1.043684508641266,448.98349046707153,0.0
12,waypoint_55,0.0,0.5432395638957757,-0.7050469241938334,1.043684508641266,532.6644778251648,0.0
13,waypoint_55,0.0,0.5432395638957757,-0.7050469241938334,1.043684508641266,540.3354167938232,0.0
14,waypoint_55,0.0,0.5432395638957757,-0.7050469241938334,1.043684508641266,444.3247616291046,0.0
0,waypoint_55,15.0,0.5432395638957757,-0.7050469241938334,1.043684508641266,4488.8434410095215,0.0
1,waypoint_55,15.0,0.5432395638957757,-0.7050469241938334,1.043684508641266,3175.147294998169,0.0
2,waypoint_55,15.0,0.5432395638957757,-0.7050469241938334,1.043684508641266,2883.967399597168,0.0
3,waypoint_55,15.0,0.5432395638957757,-0.7050469241938334,1.043684508641266,1120.3912496566772,0.0
4,waypoint_55,15.0,0.5432395638957757,-0.7050469241938334,1.043684508641266,1106.3926219940186,0.0
5,waypoint_55,15.0,0.5432395638957757,-0.7050469241938334,1.043684508641266,1470.7523584365845,0.0
6,waypoint_55,15.0,0.5432395638957757,-0.7050469241938334,1.043684508641266,1289.3633842468262,0.0
7,waypoint_55,15.0,0.5432395638957757,-0.7050469241938334,1.043684508641266,1340.2903079986572,0.0
8,waypoint_55,15.0,0.5432395638957757,-0.7050469241938334,1.043684508641266,410.34606099128723,0.0
9,waypoint_55,15.0,0.5432395638957757,-0.7050469241938334,1.043684508641266,558.7905049324036,0.0
10,waypoint_55,15.0,0.5432395638957757,-0.7050469241938334,1.043684508641266,422.5092828273773,0.0
11,waypoint_55,15.0,0.5432395638957757,-0.7050469241938334,1.043684508641266,453.859806060791,0.0
12,waypoint_55,15.0,0.5432395638957757,-0.7050469241938334,1.043684508641266,563.4716153144836,0.0
13,waypoint_55,15.0,0.5432395638957757,-0.7050469241938334,1.043684508641266,551.308274269104,0.0
14,waypoint_55,15.0,0.5432395638957757,-0.7050469241938334,1.043684508641266,442.823588848114,0.0
0,waypoint_55,30.0,0.5432395638957757,-0.7050469241938334,1.043684508641266,4468.506813049316,0.0
1,waypoint_55,30.0,0.5432395638957757,-0.7050469241938334,1.043684508641266,3179.1021823883057,0.0
2,waypoint_55,30.0,0.5432395638957757,-0.7050469241938334,1.043684508641266,2868.894338607788,0.0
3,waypoint_55,30.0,0.5432395638957757,-0.7050469241938334,1.043684508641266,1079.2078971862793,0.0
4,waypoint_55,30.0,0.5432395638957757,-0.7050469241938334,1.043684508641266,1106.400489807129,0.0
5,waypoint_55,30.0,0.5432395638957757,-0.7050469241938334,1.043684508641266,1560.1621866226196,0.0
6,waypoint_55,30.0,0.5432395638957757,-0.7050469241938334,1.043684508641266,1307.1677684783936,0.0
7,waypoint_55,30.0,0.5432395638957757,-0.7050469241938334,1.043684508641266,1115.5738830566406,0.0
8,waypoint_55,30.0,0.5432395638957757,-0.7050469241938334,1.043684508641266,421.47937417030334,0.0
9,waypoint_55,30.0,0.5432395638957757,-0.7050469241938334,1.043684508641266,546.517550945282,0.0
10,waypoint_55,30.0,0.5432395638957757,-0.7050469241938334,1.043684508641266,388.29392194747925,0.0
11,waypoint_55,30.0,0.5432395638957757,-0.7050469241938334,1.043684508641266,452.39219069480896,0.0
12,waypoint_55,30.0,0.5432395638957757,-0.7050469241938334,1.043684508641266,611.5478277206421,0.0
13,waypoint_55,30.0,0.5432395638957757,-0.7050469241938334,1.043684508641266,598.2449650764465,0.0
14,waypoint_55,30.0,0.5432395638957757,-0.7050469241938334,1.043684508641266,479.5664846897125,0.0
0,waypoint_56,30.0,0.5632395638957752,-0.7050469241938334,1.043684508641266,4498.344421386719,0.0
1,waypoint_56,30.0,0.5632395638957752,-0.7050469241938334,1.043684508641266,3181.309700012207,0.0
2,waypoint_56,30.0,0.5632395638957752,-0.7050469241938334,1.043684508641266,2819.6215629577637,0.0
3,waypoint_56,30.0,0.5632395638957752,-0.7050469241938334,1.043684508641266,1045.7688570022583,0.0
4,waypoint_56,30.0,0.5632395638957752,-0.7050469241938334,1.043684508641266,1086.9560241699219,0.0
5,waypoint_56,30.0,0.5632395638957752,-0.7050469241938334,1.043684508641266,1553.7593364715576,0.0
6,waypoint_56,30.0,0.5632395638957752,-0.7050469241938334,1.043684508641266,1226.0240316390991,0.0
7,waypoint_56,30.0,0.5632395638957752,-0.7050469241938334,1.043684508641266,1093.564510345459,0.0
8,waypoint_56,30.0,0.5632395638957752,-0.7050469241938334,1.043684508641266,501.1085867881775,0.0
9,waypoint_56,30.0,0.5632395638957752,-0.7050469241938334,1.043684508641266,566.4142966270447,0.0
10,waypoint_56,30.0,0.5632395638957752,-0.7050469241938334,1.043684508641266,411.5920662879944,0.0
11,waypoint_56,30.0,0.5632395638957752,-0.7050469241938334,1.043684508641266,451.0835111141205,0.0
12,waypoint_56,30.0,0.5632395638957752,-0.7050469241938334,1.043684508641266,630.8808922767639,0.0
13,waypoint_56,30.0,0.5632395638957752,-0.7050469241938334,1.043684508641266,618.0707812309265,0.0
14,waypoint_56,30.0,0.5632395638957752,-0.7050469241938334,1.043684508641266,497.16708064079285,0.0
0,waypoint_56,15.0,0.5632395638957752,-0.7050469241938334,1.043684508641266,4446.754932403564,0.0
1,waypoint_56,15.0,0.5632395638957752,-0.7050469241938334,1.043684508641266,3177.4048805236816,0.0
2,waypoint_56,15.0,0.5632395638957752,-0.7050469241938334,1.043684508641266,2853.347063064575,0.0
3,waypoint_56,15.0,0.5632395638957752,-0.7050469241938334,1.043684508641266,1064.7450685501099,0.0
4,waypoint_56,15.0,0.5632395638957752,-0.7050469241938334,1.043684508641266,1086.9221687316895,0.0
5,waypoint_56,15.0,0.5632395638957752,-0.7050469241938334,1.043684508641266,1464.4798040390015,0.0
6,waypoint_56,15.0,0.5632395638957752,-0.7050469241938334,1.043684508641266,1233.138084411621,0.0
7,waypoint_56,15.0,0.5632395638957752,-0.7050469241938334,1.043684508641266,1214.5256996154785,0.0
8,waypoint_56,15.0,0.5632395638957752,-0.7050469241938334,1.043684508641266,517.2861218452454,0.0
9,waypoint_56,15.0,0.5632395638957752,-0.7050469241938334,1.043684508641266,578.389048576355,0.0
10,waypoint_56,15.0,0.5632395638957752,-0.7050469241938334,1.043684508641266,428.2190501689911,0.0
11,waypoint_56,15.0,0.5632395638957752,-0.7050469241938334,1.043684508641266,436.9964003562927,0.0
12,waypoint_56,15.0,0.5632395638957752,-0.7050469241938334,1.043684508641266,614.6004796028137,0.0
13,waypoint_56,15.0,0.5632395638957752,-0.7050469241938334,1.043684508641266,602.9992699623108,0.0
14,waypoint_56,15.0,0.5632395638957752,-0.7050469241938334,1.043684508641266,476.28146409988403,0.0
0,waypoint_56,0.0,0.5632395638957752,-0.7050469241938334,1.043684508641266,4435.472011566162,0.0
1,waypoint_56,0.0,0.5632395638957752,-0.7050469241938334,1.043684508641266,3174.0427017211914,0.0
2,waypoint_56,0.0,0.5632395638957752,-0.7050469241938334,1.043684508641266,2860.0738048553467,0.0
3,waypoint_56,0.0,0.5632395638957752,-0.7050469241938334,1.043684508641266,1066.7080879211426,0.0
4,waypoint_56,0.0,0.5632395638957752,-0.7050469241938334,1.043684508641266,1086.8231058120728,0.0
5,waypoint_56,0.0,0.5632395638957752,-0.7050469241938334,1.043684508641266,1632.2476863861084,0.0
6,waypoint_56,0.0,0.5632395638957752,-0.7050469241938334,1.043684508641266,1236.0849380493164,0.0
7,waypoint_56,0.0,0.5632395638957752,-0.7050469241938334,1.043684508641266,1291.7028665542603,0.0
8,waypoint_56,0.0,0.5632395638957752,-0.7050469241938334,1.043684508641266,442.291259765625,0.0
9,waypoint_56,0.0,0.5632395638957752,-0.7050469241938334,1.043684508641266,567.6097869873047,0.0
10,waypoint_56,0.0,0.5632395638957752,-0.7050469241938334,1.043684508641266,425.8616268634796,0.0
11,waypoint_56,0.0,0.5632395638957752,-0.7050469241938334,1.043684508641266,427.8104305267334,0.0
12,waypoint_56,0.0,0.5632395638957752,-0.7050469241938334,1.043684508641266,542.6086187362671,0.0
13,waypoint_56,0.0,0.5632395638957752,-0.7050469241938334,1.043684508641266,550.5647659301758,0.0
14,waypoint_56,0.0,0.5632395638957752,-0.7050469241938334,1.043684508641266,460.7916474342346,0.0
0,waypoint_56,-15.0,0.5632395638957752,-0.7050469241938334,1.043684508641266,4458.778858184814,0.0
1,waypoint_56,-15.0,0.5632395638957752,-0.7050469241938334,1.043684508641266,3172.266960144043,0.0
2,waypoint_56,-15.0,0.5632395638957752,-0.7050469241938334,1.043684508641266,2710.1011276245117,0.0
3,waypoint_56,-15.0,0.5632395638957752,-0.7050469241938334,1.043684508641266,1067.8091049194336,0.0
4,waypoint_56,-15.0,0.5632395638957752,-0.7050469241938334,1.043684508641266,1086.7085456848145,0.0
5,waypoint_56,-15.0,0.5632395638957752,-0.7050469241938334,1.043684508641266,2079.615592956543,0.0
6,waypoint_56,-15.0,0.5632395638957752,-0.7050469241938334,1.043684508641266,1164.7236347198486,0.0
7,waypoint_56,-15.0,0.5632395638957752,-0.7050469241938334,1.043684508641266,1403.4439325332642,0.0
8,waypoint_56,-15.0,0.5632395638957752,-0.7050469241938334,1.043684508641266,409.78050231933594,0.0
9,waypoint_56,-15.0,0.5632395638957752,-0.7050469241938334,1.043684508641266,566.9427514076233,0.0
10,waypoint_56,-15.0,0.5632395638957752,-0.7050469241938334,1.043684508641266,422.6977229118347,0.0
11,waypoint_56,-15.0,0.5632395638957752,-0.7050469241938334,1.043684508641266,427.2148013114929,0.0
12,waypoint_56,-15.0,0.5632395638957752,-0.7050469241938334,1.043684508641266,529.6213626861572,0.0
13,waypoint_56,-15.0,0.5632395638957752,-0.7050469241938334,1.043684508641266,529.1726589202881,0.0
14,waypoint_56,-15.0,0.5632395638957752,-0.7050469241938334,1.043684508641266,409.2292785644531,0.0
0,waypoint_56,-30.0,0.5632395638957752,-0.7050469241938334,1.043684508641266,4452.0463943481445,0.0
1,waypoint_56,-30.0,0.5632395638957752,-0.7050469241938334,1.043684508641266,3172.9636192321777,0.0
2,waypoint_56,-30.0,0.5632395638957752,-0.7050469241938334,1.043684508641266,2753.4515857696533,0.0
3,waypoint_56,-30.0,0.5632395638957752,-0.7050469241938334,1.043684508641266,889.4563913345337,0.0
4,waypoint_56,-30.0,0.5632395638957752,-0.7050469241938334,1.043684508641266,1086.6175889968872,0.0
5,waypoint_56,-30.0,0.5632395638957752,-0.7050469241938334,1.043684508641266,2114.097833633423,0.0
6,waypoint_56,-30.0,0.5632395638957752,-0.7050469241938334,1.043684508641266,1235.6889247894287,0.0
7,waypoint_56,-30.0,0.5632395638957752,-0.7050469241938334,1.043684508641266,1061.4242553710938,0.0
8,waypoint_56,-30.0,0.5632395638957752,-0.7050469241938334,1.043684508641266,412.335604429245,0.0
9,waypoint_56,-30.0,0.5632395638957752,-0.7050469241938334,1.043684508641266,566.1672949790955,0.0
10,waypoint_56,-30.0,0.5632395638957752,-0.7050469241938334,1.043684508641266,422.751247882843,0.0
11,waypoint_56,-30.0,0.5632395638957752,-0.7050469241938334,1.043684508641266,426.22098326683044,0.0
12,waypoint_56,-30.0,0.5632395638957752,-0.7050469241938334,1.043684508641266,517.4176692962646,0.0
13,waypoint_56,-30.0,0.5632395638957752,-0.7050469241938334,1.043684508641266,533.9775681495667,0.0
14,waypoint_56,-30.0,0.5632395638957752,-0.7050469241938334,1.043684508641266,434.7120523452759,0.0
0,waypoint_57,-30.0,0.5832395638957755,-0.7050469241938334,1.043684508641266,4503.3721923828125,0.0
1,waypoint_57,-30.0,0.5832395638957755,-0.7050469241938334,1.043684508641266,3175.7383346557617,0.0
2,waypoint_57,-30.0,0.5832395638957755,-0.7050469241938334,1.043684508641266,2689.8820400238037,0.0
3,waypoint_57,-30.0,0.5832395638957755,-0.7050469241938334,1.043684508641266,871.4121580123901,0.0
4,waypoint_57,-30.0,0.5832395638957755,-0.7050469241938334,1.043684508641266,1067.2396421432495,0.0
5,waypoint_57,-30.0,0.5832395638957755,-0.7050469241938334,1.043684508641266,2112.2100353240967,0.0
6,waypoint_57,-30.0,0.5832395638957755,-0.7050469241938334,1.043684508641266,1298.3109951019287,0.0
7,waypoint_57,-30.0,0.5832395638957755,-0.7050469241938334,1.043684508641266,1559.8289966583252,0.0
8,waypoint_57,-30.0,0.5832395638957755,-0.7050469241938334,1.043684508641266,434.1750741004944,0.0
9,waypoint_57,-30.0,0.5832395638957755,-0.7050469241938334,1.043684508641266,585.00736951828,0.0
10,waypoint_57,-30.0,0.5832395638957755,-0.7050469241938334,1.043684508641266,442.86489486694336,0.0
11,waypoint_57,-30.0,0.5832395638957755,-0.7050469241938334,1.043684508641266,444.276362657547,0.0
12,waypoint_57,-30.0,0.5832395638957755,-0.7050469241938334,1.043684508641266,528.8283824920654,0.0
13,waypoint_57,-30.0,0.5832395638957755,-0.7050469241938334,1.043684508641266,543.1233048439026,0.0
14,waypoint_57,-30.0,0.5832395638957755,-0.7050469241938334,1.043684508641266,450.8248269557953,0.0
0,waypoint_57,-15.0,0.5832395638957755,-0.7050469241938334,1.043684508641266,4452.237606048584,0.0
1,waypoint_57,-15.0,0.5832395638957755,-0.7050469241938334,1.043684508641266,3174.8640537261963,0.0
2,waypoint_57,-15.0,0.5832395638957755,-0.7050469241938334,1.043684508641266,2703.4928798675537,0.0
3,waypoint_57,-15.0,0.5832395638957755,-0.7050469241938334,1.043684508641266,1027.9818773269653,0.0
4,waypoint_57,-15.0,0.5832395638957755,-0.7050469241938334,1.043684508641266,1067.33238697052,0.0
5,waypoint_57,-15.0,0.5832395638957755,-0.7050469241938334,1.043684508641266,2077.8703689575195,0.0
6,waypoint_57,-15.0,0.5832395638957755,-0.7050469241938334,1.043684508641266,1395.2890634536743,0.0
7,waypoint_57,-15.0,0.5832395638957755,-0.7050469241938334,1.043684508641266,1149.9524116516113,0.0
8,waypoint_57,-15.0,0.5832395638957755,-0.7050469241938334,1.043684508641266,440.4584765434265,0.0
9,waypoint_57,-15.0,0.5832395638957755,-0.7050469241938334,1.043684508641266,585.216224193573,0.0
10,waypoint_57,-15.0,0.5832395638957755,-0.7050469241938334,1.043684508641266,442.77507066726685,0.0
11,waypoint_57,-15.0,0.5832395638957755,-0.7050469241938334,1.043684508641266,445.14456391334534,0.0
12,waypoint_57,-15.0,0.5832395638957755,-0.7050469241938334,1.043684508641266,533.5134267807007,0.0
13,waypoint_57,-15.0,0.5832395638957755,-0.7050469241938334,1.043684508641266,540.8966541290283,0.0
14,waypoint_57,-15.0,0.5832395638957755,-0.7050469241938334,1.043684508641266,441.4055049419403,0.0
0,waypoint_57,0.0,0.5832395638957755,-0.7050469241938334,1.043684508641266,4508.426666259766,0.0
1,waypoint_57,0.0,0.5832395638957755,-0.7050469241938334,1.043684508641266,3176.499128341675,0.0
2,waypoint_57,0.0,0.5832395638957755,-0.7050469241938334,1.043684508641266,2808.8533878326416,0.0
3,waypoint_57,0.0,0.5832395638957755,-0.7050469241938334,1.043684508641266,1069.350004196167,0.0
4,waypoint_57,0.0,0.5832395638957755,-0.7050469241938334,1.043684508641266,1067.4526691436768,0.0
5,waypoint_57,0.0,0.5832395638957755,-0.7050469241938334,1.043684508641266,1997.3217248916626,0.0
6,waypoint_57,0.0,0.5832395638957755,-0.7050469241938334,1.043684508641266,1174.9651432037354,0.0
7,waypoint_57,0.0,0.5832395638957755,-0.7050469241938334,1.043684508641266,1271.7530727386475,0.0
8,waypoint_57,0.0,0.5832395638957755,-0.7050469241938334,1.043684508641266,486.2717390060425,0.0
9,waypoint_57,0.0,0.5832395638957755,-0.7050469241938334,1.043684508641266,585.229218006134,0.0
10,waypoint_57,0.0,0.5832395638957755,-0.7050469241938334,1.043684508641266,449.41481947898865,0.0
11,waypoint_57,0.0,0.5832395638957755,-0.7050469241938334,1.043684508641266,446.0093677043915,0.0
12,waypoint_57,0.0,0.5832395638957755,-0.7050469241938334,1.043684508641266,475.98010301589966,0.0
13,waypoint_57,0.0,0.5832395638957755,-0.7050469241938334,1.043684508641266,555.9954643249512,0.0
14,waypoint_57,0.0,0.5832395638957755,-0.7050469241938334,1.043684508641266,470.5125391483307,0.0
0,waypoint_57,15.0,0.5832395638957755,-0.7050469241938334,1.043684508641266,4517.435550689697,0.0
1,waypoint_57,15.0,0.5832395638957755,-0.7050469241938334,1.043684508641266,3179.759979248047,0.0
2,waypoint_57,15.0,0.5832395638957755,-0.7050469241938334,1.043684508641266,2832.338571548462,0.0
3,waypoint_57,15.0,0.5832395638957755,-0.7050469241938334,1.043684508641266,1032.7314138412476,0.0
4,waypoint_57,15.0,0.5832395638957755,-0.7050469241938334,1.043684508641266,1067.5479173660278,0.0
5,waypoint_57,15.0,0.5832395638957755,-0.7050469241938334,1.043684508641266,1458.3888053894043,0.0
6,waypoint_57,15.0,0.5832395638957755,-0.7050469241938334,1.043684508641266,1194.8679685592651,0.0
7,waypoint_57,15.0,0.5832395638957755,-0.7050469241938334,1.043684508641266,1136.9783878326416,0.0
8,waypoint_57,15.0,0.5832395638957755,-0.7050469241938334,1.043684508641266,476.41271352767944,0.0
9,waypoint_57,15.0,0.5832395638957755,-0.7050469241938334,1.043684508641266,598.685622215271,0.0
10,waypoint_57,15.0,0.5832395638957755,-0.7050469241938334,1.043684508641266,452.1586000919342,0.0
11,waypoint_57,15.0,0.5832395638957755,-0.7050469241938334,1.043684508641266,455.45607805252075,0.0
12,waypoint_57,15.0,0.5832395638957755,-0.7050469241938334,1.043684508641266,506.5094828605652,0.0
13,waypoint_57,15.0,0.5832395638957755,-0.7050469241938334,1.043684508641266,590.6450152397156,0.0
14,waypoint_57,15.0,0.5832395638957755,-0.7050469241938334,1.043684508641266,471.92278504371643,0.0
0,waypoint_57,30.0,0.5832395638957755,-0.7050469241938334,1.043684508641266,4504.488468170166,0.0
1,waypoint_57,30.0,0.5832395638957755,-0.7050469241938334,1.043684508641266,3183.6113929748535,0.0
2,waypoint_57,30.0,0.5832395638957755,-0.7050469241938334,1.043684508641266,2806.885004043579,0.0
3,waypoint_57,30.0,0.5832395638957755,-0.7050469241938334,1.043684508641266,1062.6200437545776,0.0
4,waypoint_57,30.0,0.5832395638957755,-0.7050469241938334,1.043684508641266,1067.5137042999268,0.0
5,waypoint_57,30.0,0.5832395638957755,-0.7050469241938334,1.043684508641266,1547.5962162017822,0.0
6,waypoint_57,30.0,0.5832395638957755,-0.7050469241938334,1.043684508641266,1348.7474918365479,0.0
7,waypoint_57,30.0,0.5832395638957755,-0.7050469241938334,1.043684508641266,1079.065442085266,0.0
8,waypoint_57,30.0,0.5832395638957755,-0.7050469241938334,1.043684508641266,485.1604998111725,0.0
9,waypoint_57,30.0,0.5832395638957755,-0.7050469241938334,1.043684508641266,586.3850712776184,0.0
10,waypoint_57,30.0,0.5832395638957755,-0.7050469241938334,1.043684508641266,406.73893690109253,0.0
11,waypoint_57,30.0,0.5832395638957755,-0.7050469241938334,1.043684508641266,441.4089620113373,0.0
12,waypoint_57,30.0,0.5832395638957755,-0.7050469241938334,1.043684508641266,649.8464345932007,0.0
13,waypoint_57,30.0,0.5832395638957755,-0.7050469241938334,1.043684508641266,637.2286677360535,0.0
14,waypoint_57,30.0,0.5832395638957755,-0.7050469241938334,1.043684508641266,513.6911273002625,0.0
0,waypoint_58,30.0,0.6032395638957753,-0.7050469241938334,1.043684508641266,4513.0720138549805,0.0
1,waypoint_58,30.0,0.6032395638957753,-0.7050469241938334,1.043684508641266,3186.0249042510986,0.0
2,waypoint_58,30.0,0.6032395638957753,-0.7050469241938334,1.043684508641266,2801.3951778411865,0.0
3,waypoint_58,30.0,0.6032395638957753,-0.7050469241938334,1.043684508641266,1050.990104675293,0.0
4,waypoint_58,30.0,0.6032395638957753,-0.7050469241938334,1.043684508641266,1048.0875968933105,0.0
5,waypoint_58,30.0,0.6032395638957753,-0.7050469241938334,1.043684508641266,1541.5823459625244,0.0
6,waypoint_58,30.0,0.6032395638957753,-0.7050469241938334,1.043684508641266,1279.3842554092407,0.0
7,waypoint_58,30.0,0.6032395638957753,-0.7050469241938334,1.043684508641266,1068.4561729431152,0.0
8,waypoint_58,30.0,0.6032395638957753,-0.7050469241938334,1.043684508641266,477.53894329071045,0.0
9,waypoint_58,30.0,0.6032395638957753,-0.7050469241938334,1.043684508641266,606.5295934677124,0.0
10,waypoint_58,30.0,0.6032395638957753,-0.7050469241938334,1.043684508641266,432.23026394844055,0.0
11,waypoint_58,30.0,0.6032395638957753,-0.7050469241938334,1.043684508641266,461.9707465171814,0.0
12,waypoint_58,30.0,0.6032395638957753,-0.7050469241938334,1.043684508641266,467.3015773296356,0.0
13,waypoint_58,30.0,0.6032395638957753,-0.7050469241938334,1.043684508641266,656.3596725463867,0.0
14,waypoint_58,30.0,0.6032395638957753,-0.7050469241938334,1.043684508641266,531.693160533905,0.0
0,waypoint_58,15.0,0.6032395638957753,-0.7050469241938334,1.043684508641266,4501.594066619873,0.0
1,waypoint_58,15.0,0.6032395638957753,-0.7050469241938334,1.043684508641266,3182.2309494018555,0.0
2,waypoint_58,15.0,0.6032395638957753,-0.7050469241938334,1.043684508641266,2823.265552520752,0.0
3,waypoint_58,15.0,0.6032395638957753,-0.7050469241938334,1.043684508641266,1075.9168863296509,0.0
4,waypoint_58,15.0,0.6032395638957753,-0.7050469241938334,1.043684508641266,1048.134207725525,0.0
5,waypoint_58,15.0,0.6032395638957753,-0.7050469241938334,1.043684508641266,1452.4955749511719,0.0
6,waypoint_58,15.0,0.6032395638957753,-0.7050469241938334,1.043684508641266,1208.6459398269653,0.0
7,waypoint_58,15.0,0.6032395638957753,-0.7050469241938334,1.043684508641266,1280.5237770080566,0.0
8,waypoint_58,15.0,0.6032395638957753,-0.7050469241938334,1.043684508641266,482.4869632720947,0.0
9,waypoint_58,15.0,0.6032395638957753,-0.7050469241938334,1.043684508641266,621.4064359664917,0.0
10,waypoint_58,15.0,0.6032395638957753,-0.7050469241938334,1.043684508641266,440.7707154750824,0.0
11,waypoint_58,15.0,0.6032395638957753,-0.7050469241938334,1.043684508641266,415.59910774230957,0.0
12,waypoint_58,15.0,0.6032395638957753,-0.7050469241938334,1.043684508641266,466.6498601436615,0.0
13,waypoint_58,15.0,0.6032395638957753,-0.7050469241938334,1.043684508641266,641.4525508880615,0.0
14,waypoint_58,15.0,0.6032395638957753,-0.7050469241938334,1.043684508641266,515.9543752670288,0.0
0,waypoint_58,0.0,0.6032395638957753,-0.7050469241938334,1.043684508641266,4538.017749786377,0.0
1,waypoint_58,0.0,0.6032395638957753,-0.7050469241938334,1.043684508641266,3179.072380065918,0.0
2,waypoint_58,0.0,0.6032395638957753,-0.7050469241938334,1.043684508641266,2813.7471675872803,0.0
3,waypoint_58,0.0,0.6032395638957753,-0.7050469241938334,1.043684508641266,1100.260615348816,0.0
4,waypoint_58,0.0,0.6032395638957753,-0.7050469241938334,1.043684508641266,1048.0988025665283,0.0
5,waypoint_58,0.0,0.6032395638957753,-0.7050469241938334,1.043684508641266,1626.0640621185303,0.0
6,waypoint_58,0.0,0.6032395638957753,-0.7050469241938334,1.043684508641266,1247.511863708496,0.0
7,waypoint_58,0.0,0.6032395638957753,-0.7050469241938334,1.043684508641266,1258.078694343567,0.0
8,waypoint_58,0.0,0.6032395638957753,-0.7050469241938334,1.043684508641266,485.38440465927124,0.0
9,waypoint_58,0.0,0.6032395638957753,-0.7050469241938334,1.043684508641266,609.4194650650024,0.0
10,waypoint_58,0.0,0.6032395638957753,-0.7050469241938334,1.043684508641266,452.88360118865967,0.0
11,waypoint_58,0.0,0.6032395638957753,-0.7050469241938334,1.043684508641266,412.82540559768677,0.0
12,waypoint_58,0.0,0.6032395638957753,-0.7050469241938334,1.043684508641266,449.7126638889313,0.0
13,waypoint_58,0.0,0.6032395638957753,-0.7050469241938334,1.043684508641266,569.8760747909546,0.0
14,waypoint_58,0.0,0.6032395638957753,-0.7050469241938334,1.043684508641266,488.8952970504761,0.0
0,waypoint_58,-15.0,0.6032395638957753,-0.7050469241938334,1.043684508641266,4530.871391296387,0.0
1,waypoint_58,-15.0,0.6032395638957753,-0.7050469241938334,1.043684508641266,3177.5729656219482,0.0
2,waypoint_58,-15.0,0.6032395638957753,-0.7050469241938334,1.043684508641266,2744.110345840454,0.0
3,waypoint_58,-15.0,0.6032395638957753,-0.7050469241938334,1.043684508641266,1047.280192375183,0.0
4,waypoint_58,-15.0,0.6032395638957753,-0.7050469241938334,1.043684508641266,1047.9700565338135,0.0
5,waypoint_58,-15.0,0.6032395638957753,-0.7050469241938334,1.043684508641266,2077.009677886963,0.0
6,waypoint_58,-15.0,0.6032395638957753,-0.7050469241938334,1.043684508641266,1098.665475845337,0.0
7,waypoint_58,-15.0,0.6032395638957753,-0.7050469241938334,1.043684508641266,1343.077540397644,0.0
8,waypoint_58,-15.0,0.6032395638957753,-0.7050469241938334,1.043684508641266,468.01507472991943,0.0
9,waypoint_58,-15.0,0.6032395638957753,-0.7050469241938334,1.043684508641266,608.6752414703369,0.0
10,waypoint_58,-15.0,0.6032395638957753,-0.7050469241938334,1.043684508641266,452.08242535591125,0.0
11,waypoint_58,-15.0,0.6032395638957753,-0.7050469241938334,1.043684508641266,401.2424945831299,0.0
12,waypoint_58,-15.0,0.6032395638957753,-0.7050469241938334,1.043684508641266,437.4523460865021,0.0
13,waypoint_58,-15.0,0.6032395638957753,-0.7050469241938334,1.043684508641266,556.6367506980896,0.0
14,waypoint_58,-15.0,0.6032395638957753,-0.7050469241938334,1.043684508641266,460.5856239795685,0.0
0,waypoint_58,-30.0,0.6032395638957753,-0.7050469241938334,1.043684508641266,4469.321727752686,0.0
1,waypoint_58,-30.0,0.6032395638957753,-0.7050469241938334,1.043684508641266,3178.621292114258,0.0
2,waypoint_58,-30.0,0.6032395638957753,-0.7050469241938334,1.043684508641266,2706.1712741851807,0.0
3,waypoint_58,-30.0,0.6032395638957753,-0.7050469241938334,1.043684508641266,874.613344669342,0.0
4,waypoint_58,-30.0,0.6032395638957753,-0.7050469241938334,1.043684508641266,1047.88339138031,0.0
5,waypoint_58,-30.0,0.6032395638957753,-0.7050469241938334,1.043684508641266,2110.5058193206787,0.0
6,waypoint_58,-30.0,0.6032395638957753,-0.7050469241938334,1.043684508641266,1132.4540376663208,0.0
7,waypoint_58,-30.0,0.6032395638957753,-0.7050469241938334,1.043684508641266,1373.8970756530762,0.0
8,waypoint_58,-30.0,0.6032395638957753,-0.7050469241938334,1.043684508641266,459.2638313770294,0.0
9,waypoint_58,-30.0,0.6032395638957753,-0.7050469241938334,1.043684508641266,607.8906059265137,0.0
10,waypoint_58,-30.0,0.6032395638957753,-0.7050469241938334,1.043684508641266,451.57721638679504,0.0
11,waypoint_58,-30.0,0.6032395638957753,-0.7050469241938334,1.043684508641266,396.6783285140991,0.0
12,waypoint_58,-30.0,0.6032395638957753,-0.7050469241938334,1.043684508641266,443.551242351532,0.0
13,waypoint_58,-30.0,0.6032395638957753,-0.7050469241938334,1.043684508641266,544.5307493209839,0.0
14,waypoint_58,-30.0,0.6032395638957753,-0.7050469241938334,1.043684508641266,469.977468252182,0.0
0,waypoint_59,-30.0,0.6232395638957755,-0.7050469241938334,1.043684508641266,4503.727436065674,0.0
1,waypoint_59,-30.0,0.6232395638957755,-0.7050469241938334,1.043684508641266,3181.6229820251465,0.0
2,waypoint_59,-30.0,0.6232395638957755,-0.7050469241938334,1.043684508641266,2713.641881942749,0.0
3,waypoint_59,-30.0,0.6232395638957755,-0.7050469241938334,1.043684508641266,850.5381345748901,0.0
4,waypoint_59,-30.0,0.6232395638957755,-0.7050469241938334,1.043684508641266,1028.565526008606,0.0
5,waypoint_59,-30.0,0.6232395638957755,-0.7050469241938334,1.043684508641266,2108.99019241333,0.0
6,waypoint_59,-30.0,0.6232395638957755,-0.7050469241938334,1.043684508641266,1182.0902824401855,0.0
7,waypoint_59,-30.0,0.6232395638957755,-0.7050469241938334,1.043684508641266,1143.5025930404663,0.0
8,waypoint_59,-30.0,0.6232395638957755,-0.7050469241938334,1.043684508641266,468.2043492794037,0.0
9,waypoint_59,-30.0,0.6232395638957755,-0.7050469241938334,1.043684508641266,626.8729567527771,0.0
10,waypoint_59,-30.0,0.6232395638957755,-0.7050469241938334,1.043684508641266,471.0635542869568,0.0
11,waypoint_59,-30.0,0.6232395638957755,-0.7050469241938334,1.043684508641266,415.6467020511627,0.0
12,waypoint_59,-30.0,0.6232395638957755,-0.7050469241938334,1.043684508641266,460.8888030052185,0.0
13,waypoint_59,-30.0,0.6232395638957755,-0.7050469241938334,1.043684508641266,549.472987651825,0.0
14,waypoint_59,-30.0,0.6232395638957755,-0.7050469241938334,1.043684508641266,485.9085977077484,0.0
0,waypoint_59,-15.0,0.6232395638957755,-0.7050469241938334,1.043684508641266,4491.878032684326,0.0
1,waypoint_59,-15.0,0.6232395638957755,-0.7050469241938334,1.043684508641266,3180.3994178771973,0.0
2,waypoint_59,-15.0,0.6232395638957755,-0.7050469241938334,1.043684508641266,2616.7473793029785,0.0
3,waypoint_59,-15.0,0.6232395638957755,-0.7050469241938334,1.043684508641266,1016.3782835006714,0.0
4,waypoint_59,-15.0,0.6232395638957755,-0.7050469241938334,1.043684508641266,1028.6345481872559,0.0
5,waypoint_59,-15.0,0.6232395638957755,-0.7050469241938334,1.043684508641266,2075.3068923950195,0.0
6,waypoint_59,-15.0,0.6232395638957755,-0.7050469241938334,1.043684508641266,1221.6928005218506,0.0
7,waypoint_59,-15.0,0.6232395638957755,-0.7050469241938334,1.043684508641266,1189.8810863494873,0.0
8,waypoint_59,-15.0,0.6232395638957755,-0.7050469241938334,1.043684508641266,470.64000368118286,0.0
9,waypoint_59,-15.0,0.6232395638957755,-0.7050469241938334,1.043684508641266,627.020537853241,0.0
10,waypoint_59,-15.0,0.6232395638957755,-0.7050469241938334,1.043684508641266,471.1858332157135,0.0
11,waypoint_59,-15.0,0.6232395638957755,-0.7050469241938334,1.043684508641266,414.7895574569702,0.0
12,waypoint_59,-15.0,0.6232395638957755,-0.7050469241938334,1.043684508641266,461.32057905197144,0.0
13,waypoint_59,-15.0,0.6232395638957755,-0.7050469241938334,1.043684508641266,555.3545355796814,0.0
14,waypoint_59,-15.0,0.6232395638957755,-0.7050469241938334,1.043684508641266,481.36353492736816,0.0
0,waypoint_59,0.0,0.6232395638957755,-0.7050469241938334,1.043684508641266,4556.034564971924,0.0
1,waypoint_59,0.0,0.6232395638957755,-0.7050469241938334,1.043684508641266,3181.748628616333,0.0
2,waypoint_59,0.0,0.6232395638957755,-0.7050469241938334,1.043684508641266,2829.68807220459,0.0
3,waypoint_59,0.0,0.6232395638957755,-0.7050469241938334,1.043684508641266,994.994580745697,0.0
4,waypoint_59,0.0,0.6232395638957755,-0.7050469241938334,1.043684508641266,1028.7648439407349,0.0
5,waypoint_59,0.0,0.6232395638957755,-0.7050469241938334,1.043684508641266,2000.4632472991943,0.0
6,waypoint_59,0.0,0.6232395638957755,-0.7050469241938334,1.043684508641266,1217.63014793396,0.0
7,waypoint_59,0.0,0.6232395638957755,-0.7050469241938334,1.043684508641266,1063.176155090332,0.0
8,waypoint_59,0.0,0.6232395638957755,-0.7050469241938334,1.043684508641266,494.9190318584442,0.0
9,waypoint_59,0.0,0.6232395638957755,-0.7050469241938334,1.043684508641266,626.9991397857666,0.0
10,waypoint_59,0.0,0.6232395638957755,-0.7050469241938334,1.043684508641266,478.53294014930725,0.0
11,waypoint_59,0.0,0.6232395638957755,-0.7050469241938334,1.043684508641266,424.2073595523834,0.0
12,waypoint_59,0.0,0.6232395638957755,-0.7050469241938334,1.043684508641266,462.0527923107147,0.0
13,waypoint_59,0.0,0.6232395638957755,-0.7050469241938334,1.043684508641266,510.0526809692383,0.0
14,waypoint_59,0.0,0.6232395638957755,-0.7050469241938334,1.043684508641266,492.14208126068115,0.0
0,waypoint_59,15.0,0.6232395638957755,-0.7050469241938334,1.043684508641266,4561.07234954834,0.0
1,waypoint_59,15.0,0.6232395638957755,-0.7050469241938334,1.043684508641266,3184.8068237304688,0.0
2,waypoint_59,15.0,0.6232395638957755,-0.7050469241938334,1.043684508641266,2749.117612838745,0.0
3,waypoint_59,15.0,0.6232395638957755,-0.7050469241938334,1.043684508641266,1009.5127820968628,0.0
4,waypoint_59,15.0,0.6232395638957755,-0.7050469241938334,1.043684508641266,1028.7712812423706,0.0
5,waypoint_59,15.0,0.6232395638957755,-0.7050469241938334,1.043684508641266,1446.8071460723877,0.0
6,waypoint_59,15.0,0.6232395638957755,-0.7050469241938334,1.043684508641266,1218.3488607406616,0.0
7,waypoint_59,15.0,0.6232395638957755,-0.7050469241938334,1.043684508641266,1277.9525518417358,0.0
8,waypoint_59,15.0,0.6232395638957755,-0.7050469241938334,1.043684508641266,490.9355342388153,0.0
9,waypoint_59,15.0,0.6232395638957755,-0.7050469241938334,1.043684508641266,639.8030519485474,0.0
10,waypoint_59,15.0,0.6232395638957755,-0.7050469241938334,1.043684508641266,489.74981904029846,0.0
11,waypoint_59,15.0,0.6232395638957755,-0.7050469241938334,1.043684508641266,429.58444356918335,0.0
12,waypoint_59,15.0,0.6232395638957755,-0.7050469241938334,1.043684508641266,453.13870906829834,0.0
13,waypoint_59,15.0,0.6232395638957755,-0.7050469241938334,1.043684508641266,508.7418556213379,0.0
14,waypoint_59,15.0,0.6232395638957755,-0.7050469241938334,1.043684508641266,500.0256896018982,0.0
0,waypoint_59,30.0,0.6232395638957755,-0.7050469241938334,1.043684508641266,4500.254154205322,0.0
1,waypoint_59,30.0,0.6232395638957755,-0.7050469241938334,1.043684508641266,3188.5414123535156,0.0
2,waypoint_59,30.0,0.6232395638957755,-0.7050469241938334,1.043684508641266,2794.955253601074,0.0
3,waypoint_59,30.0,0.6232395638957755,-0.7050469241938334,1.043684508641266,1016.5852308273315,0.0
4,waypoint_59,30.0,0.6232395638957755,-0.7050469241938334,1.043684508641266,1028.702974319458,0.0
5,waypoint_59,30.0,0.6232395638957755,-0.7050469241938334,1.043684508641266,1535.6309413909912,0.0
6,waypoint_59,30.0,0.6232395638957755,-0.7050469241938334,1.043684508641266,1274.9757766723633,0.0
7,waypoint_59,30.0,0.6232395638957755,-0.7050469241938334,1.043684508641266,1040.8738851547241,0.0
8,waypoint_59,30.0,0.6232395638957755,-0.7050469241938334,1.043684508641266,484.3505620956421,0.0
9,waypoint_59,30.0,0.6232395638957755,-0.7050469241938334,1.043684508641266,626.6900300979614,0.0
10,waypoint_59,30.0,0.6232395638957755,-0.7050469241938334,1.043684508641266,504.88531589508057,0.0
11,waypoint_59,30.0,0.6232395638957755,-0.7050469241938334,1.043684508641266,399.26496148109436,0.0
12,waypoint_59,30.0,0.6232395638957755,-0.7050469241938334,1.043684508641266,442.795068025589,0.0
13,waypoint_59,30.0,0.6232395638957755,-0.7050469241938334,1.043684508641266,520.989716053009,0.0
14,waypoint_59,30.0,0.6232395638957755,-0.7050469241938334,1.043684508641266,544.2102551460266,0.0
0,waypoint_60,30.0,0.6432395638957753,-0.7050469241938334,1.043684508641266,4565.884113311768,0.0
1,waypoint_60,30.0,0.6432395638957753,-0.7050469241938334,1.043684508641266,3191.159248352051,0.0
2,waypoint_60,30.0,0.6432395638957753,-0.7050469241938334,1.043684508641266,2852.038860321045,0.0
3,waypoint_60,30.0,0.6432395638957753,-0.7050469241938334,1.043684508641266,1025.4380702972412,0.0
4,waypoint_60,30.0,0.6432395638957753,-0.7050469241938334,1.043684508641266,1009.3307495117188,0.0
5,waypoint_60,30.0,0.6432395638957753,-0.7050469241938334,1.043684508641266,1530.1296710968018,0.0
6,waypoint_60,30.0,0.6432395638957753,-0.7050469241938334,1.043684508641266,1215.1248455047607,0.0
7,waypoint_60,30.0,0.6432395638957753,-0.7050469241938334,1.043684508641266,1045.0655221939087,0.0
8,waypoint_60,30.0,0.6432395638957753,-0.7050469241938334,1.043684508641266,490.8987879753113,0.0
9,waypoint_60,30.0,0.6432395638957753,-0.7050469241938334,1.043684508641266,647.0164060592651,0.0
10,waypoint_60,30.0,0.6432395638957753,-0.7050469241938334,1.043684508641266,527.5530219078064,0.0
11,waypoint_60,30.0,0.6432395638957753,-0.7050469241938334,1.043684508641266,420.103520154953,0.0
12,waypoint_60,30.0,0.6432395638957753,-0.7050469241938334,1.043684508641266,460.8747661113739,0.0
13,waypoint_60,30.0,0.6432395638957753,-0.7050469241938334,1.043684508641266,475.96925497055054,0.0
14,waypoint_60,30.0,0.6432395638957753,-0.7050469241938334,1.043684508641266,562.6554489135742,0.0
0,waypoint_60,15.0,0.6432395638957753,-0.7050469241938334,1.043684508641266,4591.580867767334,0.0
1,waypoint_60,15.0,0.6432395638957753,-0.7050469241938334,1.043684508641266,3187.485456466675,0.0
2,waypoint_60,15.0,0.6432395638957753,-0.7050469241938334,1.043684508641266,2809.6089363098145,0.0
3,waypoint_60,15.0,0.6432395638957753,-0.7050469241938334,1.043684508641266,991.2717938423157,0.0
4,waypoint_60,15.0,0.6432395638957753,-0.7050469241938334,1.043684508641266,1009.3969106674194,0.0
5,waypoint_60,15.0,0.6432395638957753,-0.7050469241938334,1.043684508641266,1441.2988424301147,0.0
6,waypoint_60,15.0,0.6432395638957753,-0.7050469241938334,1.043684508641266,1224.8766422271729,0.0
7,waypoint_60,15.0,0.6432395638957753,-0.7050469241938334,1.043684508641266,1115.7095432281494,0.0
8,waypoint_60,15.0,0.6432395638957753,-0.7050469241938334,1.043684508641266,498.8507330417633,0.0
9,waypoint_60,15.0,0.6432395638957753,-0.7050469241938334,1.043684508641266,656.5704941749573,0.0
10,waypoint_60,15.0,0.6432395638957753,-0.7050469241938334,1.043684508641266,513.4632587432861,0.0
11,waypoint_60,15.0,0.6432395638957753,-0.7050469241938334,1.043684508641266,411.84085607528687,0.0
12,waypoint_60,15.0,0.6432395638957753,-0.7050469241938334,1.043684508641266,469.47160363197327,0.0
13,waypoint_60,15.0,0.6432395638957753,-0.7050469241938334,1.043684508641266,476.9234359264374,0.0
14,waypoint_60,15.0,0.6432395638957753,-0.7050469241938334,1.043684508641266,554.0037751197815,0.0
0,waypoint_60,0.0,0.6432395638957753,-0.7050469241938334,1.043684508641266,4515.7928466796875,0.0
1,waypoint_60,0.0,0.6432395638957753,-0.7050469241938334,1.043684508641266,3184.540033340454,0.0
2,waypoint_60,0.0,0.6432395638957753,-0.7050469241938334,1.043684508641266,2820.5246925354004,0.0
3,waypoint_60,0.0,0.6432395638957753,-0.7050469241938334,1.043684508641266,1032.8710079193115,0.0
4,waypoint_60,0.0,0.6432395638957753,-0.7050469241938334,1.043684508641266,1009.4358921051025,0.0
5,waypoint_60,0.0,0.6432395638957753,-0.7050469241938334,1.043684508641266,1651.1191129684448,0.0
6,waypoint_60,0.0,0.6432395638957753,-0.7050469241938334,1.043684508641266,1145.3744173049927,0.0
7,waypoint_60,0.0,0.6432395638957753,-0.7050469241938334,1.043684508641266,1194.3516731262207,0.0
8,waypoint_60,0.0,0.6432395638957753,-0.7050469241938334,1.043684508641266,493.7349557876587,0.0
9,waypoint_60,0.0,0.6432395638957753,-0.7050469241938334,1.043684508641266,643.1776881217957,0.0
10,waypoint_60,0.0,0.6432395638957753,-0.7050469241938334,1.043684508641266,512.0351910591125,0.0
11,waypoint_60,0.0,0.6432395638957753,-0.7050469241938334,1.043684508641266,427.5147616863251,0.0
12,waypoint_60,0.0,0.6432395638957753,-0.7050469241938334,1.043684508641266,424.3374466896057,0.0
13,waypoint_60,0.0,0.6432395638957753,-0.7050469241938334,1.043684508641266,469.6366786956787,0.0
14,waypoint_60,0.0,0.6432395638957753,-0.7050469241938334,1.043684508641266,513.0289196968079,0.0
0,waypoint_60,-15.0,0.6432395638957753,-0.7050469241938334,1.043684508641266,4510.7421875,0.0
1,waypoint_60,-15.0,0.6432395638957753,-0.7050469241938334,1.043684508641266,3183.3407878875732,0.0
2,waypoint_60,-15.0,0.6432395638957753,-0.7050469241938334,1.043684508641266,2640.1779651641846,0.0
3,waypoint_60,-15.0,0.6432395638957753,-0.7050469241938334,1.043684508641266,1004.9831867218018,0.0
4,waypoint_60,-15.0,0.6432395638957753,-0.7050469241938334,1.043684508641266,1009.3226432800293,0.0
5,waypoint_60,-15.0,0.6432395638957753,-0.7050469241938334,1.043684508641266,2074.6335983276367,0.0
6,waypoint_60,-15.0,0.6432395638957753,-0.7050469241938334,1.043684508641266,1030.5250883102417,0.0
7,waypoint_60,-15.0,0.6432395638957753,-0.7050469241938334,1.043684508641266,1318.2743787765503,0.0
8,waypoint_60,-15.0,0.6432395638957753,-0.7050469241938334,1.043684508641266,484.4156503677368,0.0
9,waypoint_60,-15.0,0.6432395638957753,-0.7050469241938334,1.043684508641266,641.9576406478882,0.0
10,waypoint_60,-15.0,0.6432395638957753,-0.7050469241938334,1.043684508641266,510.35046577453613,0.0
11,waypoint_60,-15.0,0.6432395638957753,-0.7050469241938334,1.043684508641266,427.763432264328,0.0
12,waypoint_60,-15.0,0.6432395638957753,-0.7050469241938334,1.043684508641266,422.94928431510925,0.0
13,waypoint_60,-15.0,0.6432395638957753,-0.7050469241938334,1.043684508641266,463.2788896560669,0.0
14,waypoint_60,-15.0,0.6432395638957753,-0.7050469241938334,1.043684508641266,490.47568440437317,0.0
0,waypoint_60,-30.0,0.6432395638957753,-0.7050469241938334,1.043684508641266,4528.146266937256,0.0
1,waypoint_60,-30.0,0.6432395638957753,-0.7050469241938334,1.043684508641266,3184.739589691162,0.0
2,waypoint_60,-30.0,0.6432395638957753,-0.7050469241938334,1.043684508641266,2676.2804985046387,0.0
3,waypoint_60,-30.0,0.6432395638957753,-0.7050469241938334,1.043684508641266,834.0231776237488,0.0
4,waypoint_60,-30.0,0.6432395638957753,-0.7050469241938334,1.043684508641266,1009.2788934707642,0.0
5,waypoint_60,-30.0,0.6432395638957753,-0.7050469241938334,1.043684508641266,2109.074592590332,0.0
6,waypoint_60,-30.0,0.6432395638957753,-0.7050469241938334,1.043684508641266,1178.170084953308,0.0
7,waypoint_60,-30.0,0.6432395638957753,-0.7050469241938334,1.043684508641266,1404.5674800872803,0.0
8,waypoint_60,-30.0,0.6432395638957753,-0.7050469241938334,1.043684508641266,464.8416340351105,0.0
9,waypoint_60,-30.0,0.6432395638957753,-0.7050469241938334,1.043684508641266,641.764760017395,0.0
10,waypoint_60,-30.0,0.6432395638957753,-0.7050469241938334,1.043684508641266,507.4845552444458,0.0
11,waypoint_60,-30.0,0.6432395638957753,-0.7050469241938334,1.043684508641266,392.3543095588684,0.0
12,waypoint_60,-30.0,0.6432395638957753,-0.7050469241938334,1.043684508641266,422.732412815094,0.0
13,waypoint_60,-30.0,0.6432395638957753,-0.7050469241938334,1.043684508641266,461.0733091831207,0.0
14,waypoint_60,-30.0,0.6432395638957753,-0.7050469241938334,1.043684508641266,493.5569763183594,0.0
0,waypoint_61,-30.0,0.46323956389577614,-0.6888739146935746,1.0242258486310418,4388.707637786865,0.0
1,waypoint_61,-30.0,0.46323956389577614,-0.6888739146935746,1.0242258486310418,3143.7931060791016,0.0
2,waypoint_61,-30.0,0.46323956389577614,-0.6888739146935746,1.0242258486310418,2775.06947517395,0.0
3,waypoint_61,-30.0,0.46323956389577614,-0.6888739146935746,1.0242258486310418,979.3184995651245,0.0
4,waypoint_61,-30.0,0.46323956389577614,-0.6888739146935746,1.0242258486310418,1178.3523559570312,0.0
5,waypoint_61,-30.0,0.46323956389577614,-0.6888739146935746,1.0242258486310418,2105.828046798706,0.0
6,waypoint_61,-30.0,0.46323956389577614,-0.6888739146935746,1.0242258486310418,1496.1727857589722,0.0
7,waypoint_61,-30.0,0.46323956389577614,-0.6888739146935746,1.0242258486310418,1567.7967071533203,0.0
8,waypoint_61,-30.0,0.46323956389577614,-0.6888739146935746,1.0242258486310418,338.6498987674713,0.0
9,waypoint_61,-30.0,0.46323956389577614,-0.6888739146935746,1.0242258486310418,469.0666198730469,0.0
10,waypoint_61,-30.0,0.46323956389577614,-0.6888739146935746,1.0242258486310418,332.45787024497986,0.0
11,waypoint_61,-30.0,0.46323956389577614,-0.6888739146935746,1.0242258486310418,319.3805515766144,0.0
12,waypoint_61,-30.0,0.46323956389577614,-0.6888739146935746,1.0242258486310418,387.71340250968933,0.0
13,waypoint_61,-30.0,0.46323956389577614,-0.6888739146935746,1.0242258486310418,358.08631777763367,0.0
14,waypoint_61,-30.0,0.46323956389577614,-0.6888739146935746,1.0242258486310418,378.567099571228,0.0
0,waypoint_61,-15.0,0.46323956389577614,-0.6888739146935746,1.0242258486310418,4362.584590911865,0.0
1,waypoint_61,-15.0,0.46323956389577614,-0.6888739146935746,1.0242258486310418,3144.5393562316895,0.0
2,waypoint_61,-15.0,0.46323956389577614,-0.6888739146935746,1.0242258486310418,2842.0181274414062,0.0
3,waypoint_61,-15.0,0.46323956389577614,-0.6888739146935746,1.0242258486310418,1115.32723903656,0.0
4,waypoint_61,-15.0,0.46323956389577614,-0.6888739146935746,1.0242258486310418,1178.533673286438,0.0
5,waypoint_61,-15.0,0.46323956389577614,-0.6888739146935746,1.0242258486310418,2065.8552646636963,0.0
6,waypoint_61,-15.0,0.46323956389577614,-0.6888739146935746,1.0242258486310418,1504.7069787979126,0.0
7,waypoint_61,-15.0,0.46323956389577614,-0.6888739146935746,1.0242258486310418,1178.2734394073486,0.0
8,waypoint_61,-15.0,0.46323956389577614,-0.6888739146935746,1.0242258486310418,395.6214189529419,0.0
9,waypoint_61,-15.0,0.46323956389577614,-0.6888739146935746,1.0242258486310418,469.2404568195343,0.0
10,waypoint_61,-15.0,0.46323956389577614,-0.6888739146935746,1.0242258486310418,412.00563311576843,0.0
11,waypoint_61,-15.0,0.46323956389577614,-0.6888739146935746,1.0242258486310418,352.8563678264618,0.0
12,waypoint_61,-15.0,0.46323956389577614,-0.6888739146935746,1.0242258486310418,395.59876918792725,0.0
13,waypoint_61,-15.0,0.46323956389577614,-0.6888739146935746,1.0242258486310418,390.5733823776245,0.0
14,waypoint_61,-15.0,0.46323956389577614,-0.6888739146935746,1.0242258486310418,379.7050714492798,0.0
0,waypoint_61,0.0,0.46323956389577614,-0.6888739146935746,1.0242258486310418,4399.589061737061,0.0
1,waypoint_61,0.0,0.46323956389577614,-0.6888739146935746,1.0242258486310418,3147.569179534912,0.0
2,waypoint_61,0.0,0.46323956389577614,-0.6888739146935746,1.0242258486310418,2885.931968688965,0.0
3,waypoint_61,0.0,0.46323956389577614,-0.6888739146935746,1.0242258486310418,1134.6256732940674,0.0
4,waypoint_61,0.0,0.46323956389577614,-0.6888739146935746,1.0242258486310418,1178.67112159729,0.0
5,waypoint_61,0.0,0.46323956389577614,-0.6888739146935746,1.0242258486310418,1978.479266166687,0.0
6,waypoint_61,0.0,0.46323956389577614,-0.6888739146935746,1.0242258486310418,1287.001609802246,0.0
7,waypoint_61,0.0,0.46323956389577614,-0.6888739146935746,1.0242258486310418,1406.55517578125,0.0
8,waypoint_61,0.0,0.46323956389577614,-0.6888739146935746,1.0242258486310418,434.17447805404663,0.0
9,waypoint_61,0.0,0.46323956389577614,-0.6888739146935746,1.0242258486310418,470.0339734554291,0.0
10,waypoint_61,0.0,0.46323956389577614,-0.6888739146935746,1.0242258486310418,467.5425589084625,0.0
11,waypoint_61,0.0,0.46323956389577614,-0.6888739146935746,1.0242258486310418,372.87038564682007,0.0
12,waypoint_61,0.0,0.46323956389577614,-0.6888739146935746,1.0242258486310418,410.96776723861694,0.0
13,waypoint_61,0.0,0.46323956389577614,-0.6888739146935746,1.0242258486310418,406.2056243419647,0.0
14,waypoint_61,0.0,0.46323956389577614,-0.6888739146935746,1.0242258486310418,379.2803883552551,0.0
0,waypoint_61,15.0,0.46323956389577614,-0.6888739146935746,1.0242258486310418,4371.6607093811035,0.0
1,waypoint_61,15.0,0.46323956389577614,-0.6888739146935746,1.0242258486310418,3151.8852710723877,0.0
2,waypoint_61,15.0,0.46323956389577614,-0.6888739146935746,1.0242258486310418,2889.885187149048,0.0
3,waypoint_61,15.0,0.46323956389577614,-0.6888739146935746,1.0242258486310418,1146.8442678451538,0.0
4,waypoint_61,15.0,0.46323956389577614,-0.6888739146935746,1.0242258486310418,1179.082989692688,0.0
5,waypoint_61,15.0,0.46323956389577614,-0.6888739146935746,1.0242258486310418,1475.8917093276978,0.0
6,waypoint_61,15.0,0.46323956389577614,-0.6888739146935746,1.0242258486310418,1294.2901849746704,0.0
7,waypoint_61,15.0,0.46323956389577614,-0.6888739146935746,1.0242258486310418,1333.0105543136597,0.0
8,waypoint_61,15.0,0.46323956389577614,-0.6888739146935746,1.0242258486310418,421.96130752563477,0.0
9,waypoint_61,15.0,0.46323956389577614,-0.6888739146935746,1.0242258486310418,476.6431748867035,0.0
10,waypoint_61,15.0,0.46323956389577614,-0.6888739146935746,1.0242258486310418,624.4919896125793,0.0
11,waypoint_61,15.0,0.46323956389577614,-0.6888739146935746,1.0242258486310418,551.5594482421875,0.0
12,waypoint_61,15.0,0.46323956389577614,-0.6888739146935746,1.0242258486310418,479.7622859477997,0.0
13,waypoint_61,15.0,0.46323956389577614,-0.6888739146935746,1.0242258486310418,469.31979060173035,0.0
14,waypoint_61,15.0,0.46323956389577614,-0.6888739146935746,1.0242258486310418,377.28893756866455,0.0
0,waypoint_61,30.0,0.46323956389577614,-0.6888739146935746,1.0242258486310418,4396.8377113342285,0.0
1,waypoint_61,30.0,0.46323956389577614,-0.6888739146935746,1.0242258486310418,3156.381130218506,0.0
2,waypoint_61,30.0,0.46323956389577614,-0.6888739146935746,1.0242258486310418,2858.7965965270996,0.0
3,waypoint_61,30.0,0.46323956389577614,-0.6888739146935746,1.0242258486310418,1103.2602787017822,0.0
4,waypoint_61,30.0,0.46323956389577614,-0.6888739146935746,1.0242258486310418,1179.3055534362793,0.0
5,waypoint_61,30.0,0.46323956389577614,-0.6888739146935746,1.0242258486310418,1563.936471939087,0.0
6,waypoint_61,30.0,0.46323956389577614,-0.6888739146935746,1.0242258486310418,1330.5995464324951,0.0
7,waypoint_61,30.0,0.46323956389577614,-0.6888739146935746,1.0242258486310418,1197.908878326416,0.0
8,waypoint_61,30.0,0.46323956389577614,-0.6888739146935746,1.0242258486310418,413.03861141204834,0.0
9,waypoint_61,30.0,0.46323956389577614,-0.6888739146935746,1.0242258486310418,462.09850907325745,0.0
10,waypoint_61,30.0,0.46323956389577614,-0.6888739146935746,1.0242258486310418,478.13868522644043,0.0
11,waypoint_61,30.0,0.46323956389577614,-0.6888739146935746,1.0242258486310418,585.3127241134644,0.0
12,waypoint_61,30.0,0.46323956389577614,-0.6888739146935746,1.0242258486310418,524.5264768600464,0.0
13,waypoint_61,30.0,0.46323956389577614,-0.6888739146935746,1.0242258486310418,520.0552940368652,0.0
14,waypoint_61,30.0,0.46323956389577614,-0.6888739146935746,1.0242258486310418,420.82422971725464,0.0
0,waypoint_62,30.0,0.4832395638957757,-0.6888739146935746,1.0242258486310418,4401.057243347168,0.0
1,waypoint_62,30.0,0.4832395638957757,-0.6888739146935746,1.0242258486310418,3158.172845840454,0.0
2,waypoint_62,30.0,0.4832395638957757,-0.6888739146935746,1.0242258486310418,2860.755681991577,0.0
3,waypoint_62,30.0,0.4832395638957757,-0.6888739146935746,1.0242258486310418,1115.8568859100342,0.0
4,waypoint_62,30.0,0.4832395638957757,-0.6888739146935746,1.0242258486310418,1159.7213745117188,0.0
5,waypoint_62,30.0,0.4832395638957757,-0.6888739146935746,1.0242258486310418,1556.7905902862549,0.0
6,waypoint_62,30.0,0.4832395638957757,-0.6888739146935746,1.0242258486310418,1284.7669124603271,0.0
7,waypoint_62,30.0,0.4832395638957757,-0.6888739146935746,1.0242258486310418,1179.8580884933472,0.0
8,waypoint_62,30.0,0.4832395638957757,-0.6888739146935746,1.0242258486310418,425.200879573822,0.0
9,waypoint_62,30.0,0.4832395638957757,-0.6888739146935746,1.0242258486310418,481.51248693466187,0.0
10,waypoint_62,30.0,0.4832395638957757,-0.6888739146935746,1.0242258486310418,447.45346903800964,0.0
11,waypoint_62,30.0,0.4832395638957757,-0.6888739146935746,1.0242258486310418,604.5058965682983,0.0
12,waypoint_62,30.0,0.4832395638957757,-0.6888739146935746,1.0242258486310418,543.0940985679626,0.0
13,waypoint_62,30.0,0.4832395638957757,-0.6888739146935746,1.0242258486310418,537.7740263938904,0.0
14,waypoint_62,30.0,0.4832395638957757,-0.6888739146935746,1.0242258486310418,437.08133697509766,0.0
0,waypoint_62,15.0,0.4832395638957757,-0.6888739146935746,1.0242258486310418,4431.216239929199,0.0
1,waypoint_62,15.0,0.4832395638957757,-0.6888739146935746,1.0242258486310418,3153.714418411255,0.0
2,waypoint_62,15.0,0.4832395638957757,-0.6888739146935746,1.0242258486310418,2852.4179458618164,0.0
3,waypoint_62,15.0,0.4832395638957757,-0.6888739146935746,1.0242258486310418,1106.4438819885254,0.0
4,waypoint_62,15.0,0.4832395638957757,-0.6888739146935746,1.0242258486310418,1159.4560146331787,0.0
5,waypoint_62,15.0,0.4832395638957757,-0.6888739146935746,1.0242258486310418,1468.8106775283813,0.0
6,waypoint_62,15.0,0.4832395638957757,-0.6888739146935746,1.0242258486310418,1328.543782234192,0.0
7,waypoint_62,15.0,0.4832395638957757,-0.6888739146935746,1.0242258486310418,1381.566882133484,0.0
8,waypoint_62,15.0,0.4832395638957757,-0.6888739146935746,1.0242258486310418,425.41876435279846,0.0
9,waypoint_62,15.0,0.4832395638957757,-0.6888739146935746,1.0242258486310418,495.63634395599365,0.0
10,waypoint_62,15.0,0.4832395638957757,-0.6888739146935746,1.0242258486310418,448.85125756263733,0.0
11,waypoint_62,15.0,0.4832395638957757,-0.6888739146935746,1.0242258486310418,586.1532092094421,0.0
12,waypoint_62,15.0,0.4832395638957757,-0.6888739146935746,1.0242258486310418,527.0967483520508,0.0
13,waypoint_62,15.0,0.4832395638957757,-0.6888739146935746,1.0242258486310418,524.0964889526367,0.0
14,waypoint_62,15.0,0.4832395638957757,-0.6888739146935746,1.0242258486310418,402.4184048175812,0.0
0,waypoint_62,0.0,0.4832395638957757,-0.6888739146935746,1.0242258486310418,4414.140701293945,0.0
1,waypoint_62,0.0,0.4832395638957757,-0.6888739146935746,1.0242258486310418,3149.4719982147217,0.0
2,waypoint_62,0.0,0.4832395638957757,-0.6888739146935746,1.0242258486310418,2830.40452003479,0.0
3,waypoint_62,0.0,0.4832395638957757,-0.6888739146935746,1.0242258486310418,1122.1587657928467,0.0
4,waypoint_62,0.0,0.4832395638957757,-0.6888739146935746,1.0242258486310418,1159.1477394104004,0.0
5,waypoint_62,0.0,0.4832395638957757,-0.6888739146935746,1.0242258486310418,1610.4178428649902,0.0
6,waypoint_62,0.0,0.4832395638957757,-0.6888739146935746,1.0242258486310418,1304.2227029800415,0.0
7,waypoint_62,0.0,0.4832395638957757,-0.6888739146935746,1.0242258486310418,1374.1196393966675,0.0
8,waypoint_62,0.0,0.4832395638957757,-0.6888739146935746,1.0242258486310418,437.6533031463623,0.0
9,waypoint_62,0.0,0.4832395638957757,-0.6888739146935746,1.0242258486310418,496.163010597229,0.0
10,waypoint_62,0.0,0.4832395638957757,-0.6888739146935746,1.0242258486310418,435.4668855667114,0.0
11,waypoint_62,0.0,0.4832395638957757,-0.6888739146935746,1.0242258486310418,522.7112770080566,0.0
12,waypoint_62,0.0,0.4832395638957757,-0.6888739146935746,1.0242258486310418,484.6864938735962,0.0
13,waypoint_62,0.0,0.4832395638957757,-0.6888739146935746,1.0242258486310418,489.65057730674744,0.0
14,waypoint_62,0.0,0.4832395638957757,-0.6888739146935746,1.0242258486310418,382.00536370277405,0.0
0,waypoint_62,-15.0,0.4832395638957757,-0.6888739146935746,1.0242258486310418,4349.765300750732,0.0
1,waypoint_62,-15.0,0.4832395638957757,-0.6888739146935746,1.0242258486310418,3146.5632915496826,0.0
2,waypoint_62,-15.0,0.4832395638957757,-0.6888739146935746,1.0242258486310418,2729.2535305023193,0.0
3,waypoint_62,-15.0,0.4832395638957757,-0.6888739146935746,1.0242258486310418,1072.519302368164,0.0
4,waypoint_62,-15.0,0.4832395638957757,-0.6888739146935746,1.0242258486310418,1159.0418815612793,0.0
5,waypoint_62,-15.0,0.4832395638957757,-0.6888739146935746,1.0242258486310418,2067.535161972046,0.0
6,waypoint_62,-15.0,0.4832395638957757,-0.6888739146935746,1.0242258486310418,1235.6433868408203,0.0
7,waypoint_62,-15.0,0.4832395638957757,-0.6888739146935746,1.0242258486310418,1455.5704593658447,0.0
8,waypoint_62,-15.0,0.4832395638957757,-0.6888739146935746,1.0242258486310418,439.6858513355255,0.0
9,waypoint_62,-15.0,0.4832395638957757,-0.6888739146935746,1.0242258486310418,495.61548233032227,0.0
10,waypoint_62,-15.0,0.4832395638957757,-0.6888739146935746,1.0242258486310418,425.69291591644287,0.0
11,waypoint_62,-15.0,0.4832395638957757,-0.6888739146935746,1.0242258486310418,511.41637563705444,0.0
12,waypoint_62,-15.0,0.4832395638957757,-0.6888739146935746,1.0242258486310418,458.8906466960907,0.0
13,waypoint_62,-15.0,0.4832395638957757,-0.6888739146935746,1.0242258486310418,447.3438262939453,0.0
14,waypoint_62,-15.0,0.4832395638957757,-0.6888739146935746,1.0242258486310418,364.5630180835724,0.0
0,waypoint_62,-30.0,0.4832395638957757,-0.6888739146935746,1.0242258486310418,4410.311222076416,0.0
1,waypoint_62,-30.0,0.4832395638957757,-0.6888739146935746,1.0242258486310418,3145.982265472412,0.0
2,waypoint_62,-30.0,0.4832395638957757,-0.6888739146935746,1.0242258486310418,2737.773895263672,0.0
3,waypoint_62,-30.0,0.4832395638957757,-0.6888739146935746,1.0242258486310418,958.311915397644,0.0
4,waypoint_62,-30.0,0.4832395638957757,-0.6888739146935746,1.0242258486310418,1158.8642597198486,0.0
5,waypoint_62,-30.0,0.4832395638957757,-0.6888739146935746,1.0242258486310418,2103.4395694732666,0.0
6,waypoint_62,-30.0,0.4832395638957757,-0.6888739146935746,1.0242258486310418,1228.2031774520874,0.0
7,waypoint_62,-30.0,0.4832395638957757,-0.6888739146935746,1.0242258486310418,1123.7707138061523,0.0
8,waypoint_62,-30.0,0.4832395638957757,-0.6888739146935746,1.0242258486310418,439.86794352531433,0.0
9,waypoint_62,-30.0,0.4832395638957757,-0.6888739146935746,1.0242258486310418,494.9011206626892,0.0
10,waypoint_62,-30.0,0.4832395638957757,-0.6888739146935746,1.0242258486310418,424.1935610771179,0.0
11,waypoint_62,-30.0,0.4832395638957757,-0.6888739146935746,1.0242258486310418,515.426516532898,0.0
12,waypoint_62,-30.0,0.4832395638957757,-0.6888739146935746,1.0242258486310418,483.94671082496643,0.0
13,waypoint_62,-30.0,0.4832395638957757,-0.6888739146935746,1.0242258486310418,455.20278811454773,0.0
14,waypoint_62,-30.0,0.4832395638957757,-0.6888739146935746,1.0242258486310418,320.3071355819702,0.0
0,waypoint_63,-30.0,0.5032395638957755,-0.6888739146935746,1.0242258486310418,4423.878192901611,0.0
1,waypoint_63,-30.0,0.5032395638957755,-0.6888739146935746,1.0242258486310418,3148.282766342163,0.0
2,waypoint_63,-30.0,0.5032395638957755,-0.6888739146935746,1.0242258486310418,2729.210615158081,0.0
3,waypoint_63,-30.0,0.5032395638957755,-0.6888739146935746,1.0242258486310418,920.2789664268494,0.0
4,waypoint_63,-30.0,0.5032395638957755,-0.6888739146935746,1.0242258486310418,1139.3415927886963,0.0
5,waypoint_63,-30.0,0.5032395638957755,-0.6888739146935746,1.0242258486310418,2100.6715297698975,0.0
6,waypoint_63,-30.0,0.5032395638957755,-0.6888739146935746,1.0242258486310418,1295.2022552490234,0.0
7,waypoint_63,-30.0,0.5032395638957755,-0.6888739146935746,1.0242258486310418,1310.888171195984,0.0
8,waypoint_63,-30.0,0.5032395638957755,-0.6888739146935746,1.0242258486310418,458.98523926734924,0.0
9,waypoint_63,-30.0,0.5032395638957755,-0.6888739146935746,1.0242258486310418,513.4546756744385,0.0
10,waypoint_63,-30.0,0.5032395638957755,-0.6888739146935746,1.0242258486310418,442.5237774848938,0.0
11,waypoint_63,-30.0,0.5032395638957755,-0.6888739146935746,1.0242258486310418,516.77405834198,0.0
12,waypoint_63,-30.0,0.5032395638957755,-0.6888739146935746,1.0242258486310418,350.8683145046234,0.0
13,waypoint_63,-30.0,0.5032395638957755,-0.6888739146935746,1.0242258486310418,470.66786885261536,0.0
14,waypoint_63,-30.0,0.5032395638957755,-0.6888739146935746,1.0242258486310418,334.9341154098511,0.0
0,waypoint_63,-15.0,0.5032395638957755,-0.6888739146935746,1.0242258486310418,4416.607856750488,0.0
1,waypoint_63,-15.0,0.5032395638957755,-0.6888739146935746,1.0242258486310418,3148.7057209014893,0.0
2,waypoint_63,-15.0,0.5032395638957755,-0.6888739146935746,1.0242258486310418,2727.2627353668213,0.0
3,waypoint_63,-15.0,0.5032395638957755,-0.6888739146935746,1.0242258486310418,1047.6148128509521,0.0
4,waypoint_63,-15.0,0.5032395638957755,-0.6888739146935746,1.0242258486310418,1139.5149230957031,0.0
5,waypoint_63,-15.0,0.5032395638957755,-0.6888739146935746,1.0242258486310418,2064.067840576172,0.0
6,waypoint_63,-15.0,0.5032395638957755,-0.6888739146935746,1.0242258486310418,1463.4747505187988,0.0
7,waypoint_63,-15.0,0.5032395638957755,-0.6888739146935746,1.0242258486310418,1604.4976711273193,0.0
8,waypoint_63,-15.0,0.5032395638957755,-0.6888739146935746,1.0242258486310418,459.78838205337524,0.0
9,waypoint_63,-15.0,0.5032395638957755,-0.6888739146935746,1.0242258486310418,513.3581757545471,0.0
10,waypoint_63,-15.0,0.5032395638957755,-0.6888739146935746,1.0242258486310418,442.80049204826355,0.0
11,waypoint_63,-15.0,0.5032395638957755,-0.6888739146935746,1.0242258486310418,517.8555846214294,0.0
12,waypoint_63,-15.0,0.5032395638957755,-0.6888739146935746,1.0242258486310418,408.0725610256195,0.0
13,waypoint_63,-15.0,0.5032395638957755,-0.6888739146935746,1.0242258486310418,464.30787444114685,0.0
14,waypoint_63,-15.0,0.5032395638957755,-0.6888739146935746,1.0242258486310418,350.6600260734558,0.0
0,waypoint_63,0.0,0.5032395638957755,-0.6888739146935746,1.0242258486310418,4377.7875900268555,0.0
1,waypoint_63,0.0,0.5032395638957755,-0.6888739146935746,1.0242258486310418,3151.4875888824463,0.0
2,waypoint_63,0.0,0.5032395638957755,-0.6888739146935746,1.0242258486310418,2880.202293395996,0.0
3,waypoint_63,0.0,0.5032395638957755,-0.6888739146935746,1.0242258486310418,1107.501745223999,0.0
4,waypoint_63,0.0,0.5032395638957755,-0.6888739146935746,1.0242258486310418,1139.6254301071167,0.0
5,waypoint_63,0.0,0.5032395638957755,-0.6888739146935746,1.0242258486310418,1981.0590744018555,0.0
6,waypoint_63,0.0,0.5032395638957755,-0.6888739146935746,1.0242258486310418,1286.3743305206299,0.0
7,waypoint_63,0.0,0.5032395638957755,-0.6888739146935746,1.0242258486310418,1365.655541419983,0.0
8,waypoint_63,0.0,0.5032395638957755,-0.6888739146935746,1.0242258486310418,460.87661385536194,0.0
9,waypoint_63,0.0,0.5032395638957755,-0.6888739146935746,1.0242258486310418,513.6060118675232,0.0
10,waypoint_63,0.0,0.5032395638957755,-0.6888739146935746,1.0242258486310418,445.5100893974304,0.0
11,waypoint_63,0.0,0.5032395638957755,-0.6888739146935746,1.0242258486310418,484.08403992652893,0.0
12,waypoint_63,0.0,0.5032395638957755,-0.6888739146935746,1.0242258486310418,422.11249470710754,0.0
13,waypoint_63,0.0,0.5032395638957755,-0.6888739146935746,1.0242258486310418,500.44792890548706,0.0
14,waypoint_63,0.0,0.5032395638957755,-0.6888739146935746,1.0242258486310418,394.90166306495667,0.0
0,waypoint_63,15.0,0.5032395638957755,-0.6888739146935746,1.0242258486310418,4394.632816314697,0.0
1,waypoint_63,15.0,0.5032395638957755,-0.6888739146935746,1.0242258486310418,3155.6384563446045,0.0
2,waypoint_63,15.0,0.5032395638957755,-0.6888739146935746,1.0242258486310418,2854.3295860290527,0.0
3,waypoint_63,15.0,0.5032395638957755,-0.6888739146935746,1.0242258486310418,1102.673888206482,0.0
4,waypoint_63,15.0,0.5032395638957755,-0.6888739146935746,1.0242258486310418,1139.939546585083,0.0
5,waypoint_63,15.0,0.5032395638957755,-0.6888739146935746,1.0242258486310418,1461.912751197815,0.0
6,waypoint_63,15.0,0.5032395638957755,-0.6888739146935746,1.0242258486310418,1326.1890411376953,0.0
7,waypoint_63,15.0,0.5032395638957755,-0.6888739146935746,1.0242258486310418,1387.902021408081,0.0
8,waypoint_63,15.0,0.5032395638957755,-0.6888739146935746,1.0242258486310418,492.37358570098877,0.0
9,waypoint_63,15.0,0.5032395638957755,-0.6888739146935746,1.0242258486310418,514.8963332176208,0.0
10,waypoint_63,15.0,0.5032395638957755,-0.6888739146935746,1.0242258486310418,432.5324594974518,0.0
11,waypoint_63,15.0,0.5032395638957755,-0.6888739146935746,1.0242258486310418,593.1956768035889,0.0
12,waypoint_63,15.0,0.5032395638957755,-0.6888739146935746,1.0242258486310418,518.9374685287476,0.0
13,waypoint_63,15.0,0.5032395638957755,-0.6888739146935746,1.0242258486310418,507.99113512039185,0.0
14,waypoint_63,15.0,0.5032395638957755,-0.6888739146935746,1.0242258486310418,402.3325741291046,0.0
0,waypoint_63,30.0,0.5032395638957755,-0.6888739146935746,1.0242258486310418,4425.950527191162,0.0
1,waypoint_63,30.0,0.5032395638957755,-0.6888739146935746,1.0242258486310418,3160.071611404419,0.0
2,waypoint_63,30.0,0.5032395638957755,-0.6888739146935746,1.0242258486310418,2891.915798187256,0.0
3,waypoint_63,30.0,0.5032395638957755,-0.6888739146935746,1.0242258486310418,1101.0713577270508,0.0
4,waypoint_63,30.0,0.5032395638957755,-0.6888739146935746,1.0242258486310418,1140.1517391204834,0.0
5,waypoint_63,30.0,0.5032395638957755,-0.6888739146935746,1.0242258486310418,1549.8090982437134,0.0
6,waypoint_63,30.0,0.5032395638957755,-0.6888739146935746,1.0242258486310418,1283.7156057357788,0.0
7,waypoint_63,30.0,0.5032395638957755,-0.6888739146935746,1.0242258486310418,1158.2499742507935,0.0
8,waypoint_63,30.0,0.5032395638957755,-0.6888739146935746,1.0242258486310418,553.7412166595459,0.0
9,waypoint_63,30.0,0.5032395638957755,-0.6888739146935746,1.0242258486310418,500.73063373565674,0.0
10,waypoint_63,30.0,0.5032395638957755,-0.6888739146935746,1.0242258486310418,437.17309832572937,0.0
11,waypoint_63,30.0,0.5032395638957755,-0.6888739146935746,1.0242258486310418,628.5964250564575,0.0
12,waypoint_63,30.0,0.5032395638957755,-0.6888739146935746,1.0242258486310418,558.0751895904541,0.0
13,waypoint_63,30.0,0.5032395638957755,-0.6888739146935746,1.0242258486310418,551.541805267334,0.0
14,waypoint_63,30.0,0.5032395638957755,-0.6888739146935746,1.0242258486310418,443.5961842536926,0.0
0,waypoint_64,30.0,0.5232395638957761,-0.6888739146935746,1.0242258486310418,4400.176048278809,0.0
1,waypoint_64,30.0,0.5232395638957761,-0.6888739146935746,1.0242258486310418,3162.06431388855,0.0
2,waypoint_64,30.0,0.5232395638957761,-0.6888739146935746,1.0242258486310418,2814.605951309204,0.0
3,waypoint_64,30.0,0.5232395638957761,-0.6888739146935746,1.0242258486310418,1091.1717414855957,0.0
4,waypoint_64,30.0,0.5232395638957761,-0.6888739146935746,1.0242258486310418,1120.5908060073853,0.0
5,waypoint_64,30.0,0.5232395638957761,-0.6888739146935746,1.0242258486310418,1543.002724647522,0.0
6,waypoint_64,30.0,0.5232395638957761,-0.6888739146935746,1.0242258486310418,1372.2163438796997,0.0
7,waypoint_64,30.0,0.5232395638957761,-0.6888739146935746,1.0242258486310418,1136.627197265625,0.0
8,waypoint_64,30.0,0.5232395638957761,-0.6888739146935746,1.0242258486310418,573.2972025871277,0.0
9,waypoint_64,30.0,0.5232395638957761,-0.6888739146935746,1.0242258486310418,520.5207467079163,0.0
10,waypoint_64,30.0,0.5232395638957761,-0.6888739146935746,1.0242258486310418,458.9810371398926,0.0
11,waypoint_64,30.0,0.5232395638957761,-0.6888739146935746,1.0242258486310418,649.3077278137207,0.0
12,waypoint_64,30.0,0.5232395638957761,-0.6888739146935746,1.0242258486310418,576.9970417022705,0.0
13,waypoint_64,30.0,0.5232395638957761,-0.6888739146935746,1.0242258486310418,569.6800947189331,0.0
14,waypoint_64,30.0,0.5232395638957761,-0.6888739146935746,1.0242258486310418,460.81840991973877,0.0
0,waypoint_64,15.0,0.5232395638957761,-0.6888739146935746,1.0242258486310418,4458.817958831787,0.0
1,waypoint_64,15.0,0.5232395638957761,-0.6888739146935746,1.0242258486310418,3157.6783657073975,0.0
2,waypoint_64,15.0,0.5232395638957761,-0.6888739146935746,1.0242258486310418,2843.6458110809326,0.0
3,waypoint_64,15.0,0.5232395638957761,-0.6888739146935746,1.0242258486310418,1094.5191383361816,0.0
4,waypoint_64,15.0,0.5232395638957761,-0.6888739146935746,1.0242258486310418,1120.4051971435547,0.0
5,waypoint_64,15.0,0.5232395638957761,-0.6888739146935746,1.0242258486310418,1455.2147388458252,0.0
6,waypoint_64,15.0,0.5232395638957761,-0.6888739146935746,1.0242258486310418,1267.598271369934,0.0
7,waypoint_64,15.0,0.5232395638957761,-0.6888739146935746,1.0242258486310418,1224.3239879608154,0.0
8,waypoint_64,15.0,0.5232395638957761,-0.6888739146935746,1.0242258486310418,580.4430246353149,0.0
9,waypoint_64,15.0,0.5232395638957761,-0.6888739146935746,1.0242258486310418,534.3008041381836,0.0
10,waypoint_64,15.0,0.5232395638957761,-0.6888739146935746,1.0242258486310418,423.3155846595764,0.0
11,waypoint_64,15.0,0.5232395638957761,-0.6888739146935746,1.0242258486310418,620.8155751228333,0.0
12,waypoint_64,15.0,0.5232395638957761,-0.6888739146935746,1.0242258486310418,573.3286142349243,0.0
13,waypoint_64,15.0,0.5232395638957761,-0.6888739146935746,1.0242258486310418,555.0075769424438,0.0
14,waypoint_64,15.0,0.5232395638957761,-0.6888739146935746,1.0242258486310418,436.25399470329285,0.0
0,waypoint_64,0.0,0.5232395638957761,-0.6888739146935746,1.0242258486310418,4393.599033355713,0.0
1,waypoint_64,0.0,0.5232395638957761,-0.6888739146935746,1.0242258486310418,3153.6102294921875,0.0
2,waypoint_64,0.0,0.5232395638957761,-0.6888739146935746,1.0242258486310418,2830.996513366699,0.0
3,waypoint_64,0.0,0.5232395638957761,-0.6888739146935746,1.0242258486310418,1080.6936025619507,0.0
4,waypoint_64,0.0,0.5232395638957761,-0.6888739146935746,1.0242258486310418,1120.1610565185547,0.0
5,waypoint_64,0.0,0.5232395638957761,-0.6888739146935746,1.0242258486310418,1594.0937995910645,0.0
6,waypoint_64,0.0,0.5232395638957761,-0.6888739146935746,1.0242258486310418,1328.0192613601685,0.0
7,waypoint_64,0.0,0.5232395638957761,-0.6888739146935746,1.0242258486310418,1312.9600286483765,0.0
8,waypoint_64,0.0,0.5232395638957761,-0.6888739146935746,1.0242258486310418,576.2414932250977,0.0
9,waypoint_64,0.0,0.5232395638957761,-0.6888739146935746,1.0242258486310418,529.412567615509,0.0
10,waypoint_64,0.0,0.5232395638957761,-0.6888739146935746,1.0242258486310418,418.77028346061707,0.0
11,waypoint_64,0.0,0.5232395638957761,-0.6888739146935746,1.0242258486310418,553.8641214370728,0.0
12,waypoint_64,0.0,0.5232395638957761,-0.6888739146935746,1.0242258486310418,503.6649703979492,0.0
13,waypoint_64,0.0,0.5232395638957761,-0.6888739146935746,1.0242258486310418,511.9051933288574,0.0
14,waypoint_64,0.0,0.5232395638957761,-0.6888739146935746,1.0242258486310418,407.8461825847626,0.0
0,waypoint_64,-15.0,0.5232395638957761,-0.6888739146935746,1.0242258486310418,4403.60164642334,0.0
1,waypoint_64,-15.0,0.5232395638957761,-0.6888739146935746,1.0242258486310418,3150.95591545105,0.0
2,waypoint_64,-15.0,0.5232395638957761,-0.6888739146935746,1.0242258486310418,2721.457004547119,0.0
3,waypoint_64,-15.0,0.5232395638957761,-0.6888739146935746,1.0242258486310418,1082.2818279266357,0.0
4,waypoint_64,-15.0,0.5232395638957761,-0.6888739146935746,1.0242258486310418,1119.9661493301392,0.0
5,waypoint_64,-15.0,0.5232395638957761,-0.6888739146935746,1.0242258486310418,2062.995672225952,0.0
6,waypoint_64,-15.0,0.5232395638957761,-0.6888739146935746,1.0242258486310418,1160.3889465332031,0.0
7,waypoint_64,-15.0,0.5232395638957761,-0.6888739146935746,1.0242258486310418,1426.945686340332,0.0
8,waypoint_64,-15.0,0.5232395638957761,-0.6888739146935746,1.0242258486310418,574.7232437133789,0.0
9,waypoint_64,-15.0,0.5232395638957761,-0.6888739146935746,1.0242258486310418,528.8224220275879,0.0
10,waypoint_64,-15.0,0.5232395638957761,-0.6888739146935746,1.0242258486310418,416.1125421524048,0.0
11,waypoint_64,-15.0,0.5232395638957761,-0.6888739146935746,1.0242258486310418,525.58434009552,0.0
12,waypoint_64,-15.0,0.5232395638957761,-0.6888739146935746,1.0242258486310418,486.99951171875,0.0
13,waypoint_64,-15.0,0.5232395638957761,-0.6888739146935746,1.0242258486310418,483.6849272251129,0.0
14,waypoint_64,-15.0,0.5232395638957761,-0.6888739146935746,1.0242258486310418,383.88434052467346,0.0
0,waypoint_64,-30.0,0.5232395638957761,-0.6888739146935746,1.0242258486310418,4442.739963531494,0.0
1,waypoint_64,-30.0,0.5232395638957761,-0.6888739146935746,1.0242258486310418,3150.696277618408,0.0
2,waypoint_64,-30.0,0.5232395638957761,-0.6888739146935746,1.0242258486310418,2713.8142585754395,0.0
3,waypoint_64,-30.0,0.5232395638957761,-0.6888739146935746,1.0242258486310418,912.5820398330688,0.0
4,waypoint_64,-30.0,0.5232395638957761,-0.6888739146935746,1.0242258486310418,1119.836688041687,0.0
5,waypoint_64,-30.0,0.5232395638957761,-0.6888739146935746,1.0242258486310418,2098.8411903381348,0.0
6,waypoint_64,-30.0,0.5232395638957761,-0.6888739146935746,1.0242258486310418,1467.7045345306396,0.0
7,waypoint_64,-30.0,0.5232395638957761,-0.6888739146935746,1.0242258486310418,1336.8213176727295,0.0
8,waypoint_64,-30.0,0.5232395638957761,-0.6888739146935746,1.0242258486310418,573.9520788192749,0.0
9,waypoint_64,-30.0,0.5232395638957761,-0.6888739146935746,1.0242258486310418,528.1005501747131,0.0
10,waypoint_64,-30.0,0.5232395638957761,-0.6888739146935746,1.0242258486310418,416.07165336608887,0.0
11,waypoint_64,-30.0,0.5232395638957761,-0.6888739146935746,1.0242258486310418,528.6073684692383,0.0
12,waypoint_64,-30.0,0.5232395638957761,-0.6888739146935746,1.0242258486310418,491.56489968299866,0.0
13,waypoint_64,-30.0,0.5232395638957761,-0.6888739146935746,1.0242258486310418,491.3801848888397,0.0
14,waypoint_64,-30.0,0.5232395638957761,-0.6888739146935746,1.0242258486310418,358.41503739356995,0.0
0,waypoint_65,-30.0,0.5432395638957757,-0.6888739146935746,1.0242258486310418,4465.903759002686,0.0
1,waypoint_65,-30.0,0.5432395638957757,-0.6888739146935746,1.0242258486310418,3153.230905532837,0.0
2,waypoint_65,-30.0,0.5432395638957757,-0.6888739146935746,1.0242258486310418,2731.97865486145,0.0
3,waypoint_65,-30.0,0.5432395638957757,-0.6888739146935746,1.0242258486310418,915.8834218978882,0.0
4,waypoint_65,-30.0,0.5432395638957757,-0.6888739146935746,1.0242258486310418,1100.341558456421,0.0
5,waypoint_65,-30.0,0.5432395638957757,-0.6888739146935746,1.0242258486310418,2096.4369773864746,0.0
6,waypoint_65,-30.0,0.5432395638957757,-0.6888739146935746,1.0242258486310418,1345.6751108169556,0.0
7,waypoint_65,-30.0,0.5432395638957757,-0.6888739146935746,1.0242258486310418,1204.4703960418701,0.0
8,waypoint_65,-30.0,0.5432395638957757,-0.6888739146935746,1.0242258486310418,592.8400158882141,0.0
9,waypoint_65,-30.0,0.5432395638957757,-0.6888739146935746,1.0242258486310418,546.8875169754028,0.0
10,waypoint_65,-30.0,0.5432395638957757,-0.6888739146935746,1.0242258486310418,434.4162344932556,0.0
11,waypoint_65,-30.0,0.5432395638957757,-0.6888739146935746,1.0242258486310418,486.53021454811096,0.0
12,waypoint_65,-30.0,0.5432395638957757,-0.6888739146935746,1.0242258486310418,502.1899938583374,0.0
13,waypoint_65,-30.0,0.5432395638957757,-0.6888739146935746,1.0242258486310418,506.90758228302,0.0
14,waypoint_65,-30.0,0.5432395638957757,-0.6888739146935746,1.0242258486310418,367.46907234191895,0.0
0,waypoint_65,-15.0,0.5432395638957757,-0.6888739146935746,1.0242258486310418,4408.308982849121,0.0
1,waypoint_65,-15.0,0.5432395638957757,-0.6888739146935746,1.0242258486310418,3153.322696685791,0.0
2,waypoint_65,-15.0,0.5432395638957757,-0.6888739146935746,1.0242258486310418,2805.349588394165,0.0
3,waypoint_65,-15.0,0.5432395638957757,-0.6888739146935746,1.0242258486310418,1053.7155866622925,0.0
4,waypoint_65,-15.0,0.5432395638957757,-0.6888739146935746,1.0242258486310418,1100.488305091858,0.0
5,waypoint_65,-15.0,0.5432395638957757,-0.6888739146935746,1.0242258486310418,2058.0356121063232,0.0
6,waypoint_65,-15.0,0.5432395638957757,-0.6888739146935746,1.0242258486310418,1423.0016469955444,0.0
7,waypoint_65,-15.0,0.5432395638957757,-0.6888739146935746,1.0242258486310418,1041.9849157333374,0.0
8,waypoint_65,-15.0,0.5432395638957757,-0.6888739146935746,1.0242258486310418,592.7354693412781,0.0
9,waypoint_65,-15.0,0.5432395638957757,-0.6888739146935746,1.0242258486310418,546.7370748519897,0.0
10,waypoint_65,-15.0,0.5432395638957757,-0.6888739146935746,1.0242258486310418,434.15218591690063,0.0
11,waypoint_65,-15.0,0.5432395638957757,-0.6888739146935746,1.0242258486310418,460.80392599105835,0.0
12,waypoint_65,-15.0,0.5432395638957757,-0.6888739146935746,1.0242258486310418,500.76824426651,0.0
13,waypoint_65,-15.0,0.5432395638957757,-0.6888739146935746,1.0242258486310418,501.03431940078735,0.0
14,waypoint_65,-15.0,0.5432395638957757,-0.6888739146935746,1.0242258486310418,379.51308488845825,0.0
0,waypoint_65,0.0,0.5432395638957757,-0.6888739146935746,1.0242258486310418,4468.4858322143555,0.0
1,waypoint_65,0.0,0.5432395638957757,-0.6888739146935746,1.0242258486310418,3155.843496322632,0.0
2,waypoint_65,0.0,0.5432395638957757,-0.6888739146935746,1.0242258486310418,2784.9512100219727,0.0
3,waypoint_65,0.0,0.5432395638957757,-0.6888739146935746,1.0242258486310418,1071.3040828704834,0.0
4,waypoint_65,0.0,0.5432395638957757,-0.6888739146935746,1.0242258486310418,1100.6792783737183,0.0
5,waypoint_65,0.0,0.5432395638957757,-0.6888739146935746,1.0242258486310418,1973.6559391021729,0.0
6,waypoint_65,0.0,0.5432395638957757,-0.6888739146935746,1.0242258486310418,1258.3998441696167,0.0
7,waypoint_65,0.0,0.5432395638957757,-0.6888739146935746,1.0242258486310418,1223.562479019165,0.0
8,waypoint_65,0.0,0.5432395638957757,-0.6888739146935746,1.0242258486310418,593.0972099304199,0.0
9,waypoint_65,0.0,0.5432395638957757,-0.6888739146935746,1.0242258486310418,546.9921231269836,0.0
10,waypoint_65,0.0,0.5432395638957757,-0.6888739146935746,1.0242258486310418,410.6498062610626,0.0
11,waypoint_65,0.0,0.5432395638957757,-0.6888739146935746,1.0242258486310418,454.80406284332275,0.0
12,waypoint_65,0.0,0.5432395638957757,-0.6888739146935746,1.0242258486310418,507.5358748435974,0.0
13,waypoint_65,0.0,0.5432395638957757,-0.6888739146935746,1.0242258486310418,521.8467116355896,0.0
14,waypoint_65,0.0,0.5432395638957757,-0.6888739146935746,1.0242258486310418,392.29297637939453,0.0
0,waypoint_65,15.0,0.5432395638957757,-0.6888739146935746,1.0242258486310418,4421.341419219971,0.0
1,waypoint_65,15.0,0.5432395638957757,-0.6888739146935746,1.0242258486310418,3159.8215103149414,0.0
2,waypoint_65,15.0,0.5432395638957757,-0.6888739146935746,1.0242258486310418,2882.42244720459,0.0
3,waypoint_65,15.0,0.5432395638957757,-0.6888739146935746,1.0242258486310418,1054.8722743988037,0.0
4,waypoint_65,15.0,0.5432395638957757,-0.6888739146935746,1.0242258486310418,1100.9130477905273,0.0
5,waypoint_65,15.0,0.5432395638957757,-0.6888739146935746,1.0242258486310418,1448.7087726593018,0.0
6,waypoint_65,15.0,0.5432395638957757,-0.6888739146935746,1.0242258486310418,1209.702730178833,0.0
7,waypoint_65,15.0,0.5432395638957757,-0.6888739146935746,1.0242258486310418,1188.3193254470825,0.0
8,waypoint_65,15.0,0.5432395638957757,-0.6888739146935746,1.0242258486310418,600.2105474472046,0.0
9,waypoint_65,15.0,0.5432395638957757,-0.6888739146935746,1.0242258486310418,553.9509654045105,0.0
10,waypoint_65,15.0,0.5432395638957757,-0.6888739146935746,1.0242258486310418,412.77649998664856,0.0
11,waypoint_65,15.0,0.5432395638957757,-0.6888739146935746,1.0242258486310418,460.91923117637634,0.0
12,waypoint_65,15.0,0.5432395638957757,-0.6888739146935746,1.0242258486310418,560.7821941375732,0.0
13,waypoint_65,15.0,0.5432395638957757,-0.6888739146935746,1.0242258486310418,546.6862320899963,0.0
14,waypoint_65,15.0,0.5432395638957757,-0.6888739146935746,1.0242258486310418,444.46617364883423,0.0
0,waypoint_65,30.0,0.5432395638957757,-0.6888739146935746,1.0242258486310418,4446.792125701904,0.0
1,waypoint_65,30.0,0.5432395638957757,-0.6888739146935746,1.0242258486310418,3164.1650199890137,0.0
2,waypoint_65,30.0,0.5432395638957757,-0.6888739146935746,1.0242258486310418,2779.4721126556396,0.0
3,waypoint_65,30.0,0.5432395638957757,-0.6888739146935746,1.0242258486310418,1057.5131177902222,0.0
4,waypoint_65,30.0,0.5432395638957757,-0.6888739146935746,1.0242258486310418,1101.0229587554932,0.0
5,waypoint_65,30.0,0.5432395638957757,-0.6888739146935746,1.0242258486310418,1536.3762378692627,0.0
6,waypoint_65,30.0,0.5432395638957757,-0.6888739146935746,1.0242258486310418,1291.2505865097046,0.0
7,waypoint_65,30.0,0.5432395638957757,-0.6888739146935746,1.0242258486310418,1180.6914806365967,0.0
8,waypoint_65,30.0,0.5432395638957757,-0.6888739146935746,1.0242258486310418,593.5605764389038,0.0
9,waypoint_65,30.0,0.5432395638957757,-0.6888739146935746,1.0242258486310418,540.3587818145752,0.0
10,waypoint_65,30.0,0.5432395638957757,-0.6888739146935746,1.0242258486310418,403.6918580532074,0.0
11,waypoint_65,30.0,0.5432395638957757,-0.6888739146935746,1.0242258486310418,461.38355135917664,0.0
12,waypoint_65,30.0,0.5432395638957757,-0.6888739146935746,1.0242258486310418,595.4047441482544,0.0
13,waypoint_65,30.0,0.5432395638957757,-0.6888739146935746,1.0242258486310418,584.833025932312,0.0
14,waypoint_65,30.0,0.5432395638957757,-0.6888739146935746,1.0242258486310418,474.81274604797363,0.0
0,waypoint_66,30.0,0.5632395638957752,-0.6888739146935746,1.0242258486310418,4470.7136154174805,0.0
1,waypoint_66,30.0,0.5632395638957752,-0.6888739146935746,1.0242258486310418,3166.3715839385986,0.0
2,waypoint_66,30.0,0.5632395638957752,-0.6888739146935746,1.0242258486310418,2814.112663269043,0.0
3,waypoint_66,30.0,0.5632395638957752,-0.6888739146935746,1.0242258486310418,1111.7428541183472,0.0
4,waypoint_66,30.0,0.5632395638957752,-0.6888739146935746,1.0242258486310418,1081.4704895019531,0.0
5,waypoint_66,30.0,0.5632395638957752,-0.6888739146935746,1.0242258486310418,1529.9489498138428,0.0
6,waypoint_66,30.0,0.5632395638957752,-0.6888739146935746,1.0242258486310418,1279.0720462799072,0.0
7,waypoint_66,30.0,0.5632395638957752,-0.6888739146935746,1.0242258486310418,1160.6552600860596,0.0
8,waypoint_66,30.0,0.5632395638957752,-0.6888739146935746,1.0242258486310418,613.4323477745056,0.0
9,waypoint_66,30.0,0.5632395638957752,-0.6888739146935746,1.0242258486310418,560.4348182678223,0.0
10,waypoint_66,30.0,0.5632395638957752,-0.6888739146935746,1.0242258486310418,409.8284840583801,0.0
11,waypoint_66,30.0,0.5632395638957752,-0.6888739146935746,1.0242258486310418,438.9093518257141,0.0
12,waypoint_66,30.0,0.5632395638957752,-0.6888739146935746,1.0242258486310418,614.7593855857849,0.0
13,waypoint_66,30.0,0.5632395638957752,-0.6888739146935746,1.0242258486310418,603.1018495559692,0.0
14,waypoint_66,30.0,0.5632395638957752,-0.6888739146935746,1.0242258486310418,492.6992356777191,0.0
0,waypoint_66,15.0,0.5632395638957752,-0.6888739146935746,1.0242258486310418,4481.276512145996,0.0
1,waypoint_66,15.0,0.5632395638957752,-0.6888739146935746,1.0242258486310418,3162.0728969573975,0.0
2,waypoint_66,15.0,0.5632395638957752,-0.6888739146935746,1.0242258486310418,2788.6219024658203,0.0
3,waypoint_66,15.0,0.5632395638957752,-0.6888739146935746,1.0242258486310418,1055.5446147918701,0.0
4,waypoint_66,15.0,0.5632395638957752,-0.6888739146935746,1.0242258486310418,1081.356406211853,0.0
5,waypoint_66,15.0,0.5632395638957752,-0.6888739146935746,1.0242258486310418,1442.3996210098267,0.0
6,waypoint_66,15.0,0.5632395638957752,-0.6888739146935746,1.0242258486310418,1256.2216520309448,0.0
7,waypoint_66,15.0,0.5632395638957752,-0.6888739146935746,1.0242258486310418,1233.1939935684204,0.0
8,waypoint_66,15.0,0.5632395638957752,-0.6888739146935746,1.0242258486310418,620.0223565101624,0.0
9,waypoint_66,15.0,0.5632395638957752,-0.6888739146935746,1.0242258486310418,576.0242938995361,0.0
10,waypoint_66,15.0,0.5632395638957752,-0.6888739146935746,1.0242258486310418,411.70087456703186,0.0
11,waypoint_66,15.0,0.5632395638957752,-0.6888739146935746,1.0242258486310418,441.14330410957336,0.0
12,waypoint_66,15.0,0.5632395638957752,-0.6888739146935746,1.0242258486310418,594.2801237106323,0.0
13,waypoint_66,15.0,0.5632395638957752,-0.6888739146935746,1.0242258486310418,598.5113978385925,0.0
14,waypoint_66,15.0,0.5632395638957752,-0.6888739146935746,1.0242258486310418,473.4187424182892,0.0
0,waypoint_66,0.0,0.5632395638957752,-0.6888739146935746,1.0242258486310418,4462.460517883301,0.0
1,waypoint_66,0.0,0.5632395638957752,-0.6888739146935746,1.0242258486310418,3158.1833362579346,0.0
2,waypoint_66,0.0,0.5632395638957752,-0.6888739146935746,1.0242258486310418,2780.473470687866,0.0
3,waypoint_66,0.0,0.5632395638957752,-0.6888739146935746,1.0242258486310418,1046.0231304168701,0.0
4,waypoint_66,0.0,0.5632395638957752,-0.6888739146935746,1.0242258486310418,1081.2345743179321,0.0
5,waypoint_66,0.0,0.5632395638957752,-0.6888739146935746,1.0242258486310418,1604.9977540969849,0.0
6,waypoint_66,0.0,0.5632395638957752,-0.6888739146935746,1.0242258486310418,1141.6614055633545,0.0
7,waypoint_66,0.0,0.5632395638957752,-0.6888739146935746,1.0242258486310418,1293.1666374206543,0.0
8,waypoint_66,0.0,0.5632395638957752,-0.6888739146935746,1.0242258486310418,611.335813999176,0.0
9,waypoint_66,0.0,0.5632395638957752,-0.6888739146935746,1.0242258486310418,565.6268000602722,0.0
10,waypoint_66,0.0,0.5632395638957752,-0.6888739146935746,1.0242258486310418,408.86664390563965,0.0
11,waypoint_66,0.0,0.5632395638957752,-0.6888739146935746,1.0242258486310418,427.59087681770325,0.0
12,waypoint_66,0.0,0.5632395638957752,-0.6888739146935746,1.0242258486310418,528.6471247673035,0.0
13,waypoint_66,0.0,0.5632395638957752,-0.6888739146935746,1.0242258486310418,532.0315361022949,0.0
14,waypoint_66,0.0,0.5632395638957752,-0.6888739146935746,1.0242258486310418,446.35120034217834,0.0
0,waypoint_66,-15.0,0.5632395638957752,-0.6888739146935746,1.0242258486310418,4423.038959503174,0.0
1,waypoint_66,-15.0,0.5632395638957752,-0.6888739146935746,1.0242258486310418,3155.799627304077,0.0
2,waypoint_66,-15.0,0.5632395638957752,-0.6888739146935746,1.0242258486310418,2686.276435852051,0.0
3,waypoint_66,-15.0,0.5632395638957752,-0.6888739146935746,1.0242258486310418,1021.2609767913818,0.0
4,waypoint_66,-15.0,0.5632395638957752,-0.6888739146935746,1.0242258486310418,1080.9897184371948,0.0
5,waypoint_66,-15.0,0.5632395638957752,-0.6888739146935746,1.0242258486310418,2058.6178302764893,0.0
6,waypoint_66,-15.0,0.5632395638957752,-0.6888739146935746,1.0242258486310418,1198.8698244094849,0.0
7,waypoint_66,-15.0,0.5632395638957752,-0.6888739146935746,1.0242258486310418,1359.2039346694946,0.0
8,waypoint_66,-15.0,0.5632395638957752,-0.6888739146935746,1.0242258486310418,609.5812320709229,0.0
9,waypoint_66,-15.0,0.5632395638957752,-0.6888739146935746,1.0242258486310418,564.9921298027039,0.0
10,waypoint_66,-15.0,0.5632395638957752,-0.6888739146935746,1.0242258486310418,409.0106785297394,0.0
11,waypoint_66,-15.0,0.5632395638957752,-0.6888739146935746,1.0242258486310418,418.2750880718231,0.0
12,waypoint_66,-15.0,0.5632395638957752,-0.6888739146935746,1.0242258486310418,518.1678533554077,0.0
13,waypoint_66,-15.0,0.5632395638957752,-0.6888739146935746,1.0242258486310418,517.9007053375244,0.0
14,waypoint_66,-15.0,0.5632395638957752,-0.6888739146935746,1.0242258486310418,401.64825320243835,0.0
0,waypoint_66,-30.0,0.5632395638957752,-0.6888739146935746,1.0242258486310418,4479.104995727539,0.0
1,waypoint_66,-30.0,0.5632395638957752,-0.6888739146935746,1.0242258486310418,3155.874490737915,0.0
2,waypoint_66,-30.0,0.5632395638957752,-0.6888739146935746,1.0242258486310418,2680.2775859832764,0.0
3,waypoint_66,-30.0,0.5632395638957752,-0.6888739146935746,1.0242258486310418,878.6565661430359,0.0
4,waypoint_66,-30.0,0.5632395638957752,-0.6888739146935746,1.0242258486310418,1080.8359384536743,0.0
5,waypoint_66,-30.0,0.5632395638957752,-0.6888739146935746,1.0242258486310418,2093.736171722412,0.0
6,waypoint_66,-30.0,0.5632395638957752,-0.6888739146935746,1.0242258486310418,1226.70316696167,0.0
7,waypoint_66,-30.0,0.5632395638957752,-0.6888739146935746,1.0242258486310418,1350.2399921417236,0.0
8,waypoint_66,-30.0,0.5632395638957752,-0.6888739146935746,1.0242258486310418,608.7736487388611,0.0
9,waypoint_66,-30.0,0.5632395638957752,-0.6888739146935746,1.0242258486310418,564.2615556716919,0.0
10,waypoint_66,-30.0,0.5632395638957752,-0.6888739146935746,1.0242258486310418,408.637672662735,0.0
11,waypoint_66,-30.0,0.5632395638957752,-0.6888739146935746,1.0242258486310418,418.0523157119751,0.0
12,waypoint_66,-30.0,0.5632395638957752,-0.6888739146935746,1.0242258486310418,521.8136310577393,0.0
13,waypoint_66,-30.0,0.5632395638957752,-0.6888739146935746,1.0242258486310418,523.5249996185303,0.0
14,waypoint_66,-30.0,0.5632395638957752,-0.6888739146935746,1.0242258486310418,405.27817606925964,0.0
0,waypoint_67,-30.0,0.5832395638957755,-0.6888739146935746,1.0242258486310418,4446.598529815674,0.0
1,waypoint_67,-30.0,0.5832395638957755,-0.6888739146935746,1.0242258486310418,3158.635139465332,0.0
2,waypoint_67,-30.0,0.5832395638957755,-0.6888739146935746,1.0242258486310418,2689.819812774658,0.0
3,waypoint_67,-30.0,0.5832395638957755,-0.6888739146935746,1.0242258486310418,873.344898223877,0.0
4,waypoint_67,-30.0,0.5832395638957755,-0.6888739146935746,1.0242258486310418,1061.368465423584,0.0
5,waypoint_67,-30.0,0.5832395638957755,-0.6888739146935746,1.0242258486310418,2091.7184352874756,0.0
6,waypoint_67,-30.0,0.5832395638957755,-0.6888739146935746,1.0242258486310418,1296.124815940857,0.0
7,waypoint_67,-30.0,0.5832395638957755,-0.6888739146935746,1.0242258486310418,1388.6502981185913,0.0
8,waypoint_67,-30.0,0.5832395638957755,-0.6888739146935746,1.0242258486310418,627.7955174446106,0.0
9,waypoint_67,-30.0,0.5832395638957755,-0.6888739146935746,1.0242258486310418,583.2193493843079,0.0
10,waypoint_67,-30.0,0.5832395638957755,-0.6888739146935746,1.0242258486310418,428.25013399124146,0.0
11,waypoint_67,-30.0,0.5832395638957755,-0.6888739146935746,1.0242258486310418,436.3991618156433,0.0
12,waypoint_67,-30.0,0.5832395638957755,-0.6888739146935746,1.0242258486310418,527.2970795631409,0.0
13,waypoint_67,-30.0,0.5832395638957755,-0.6888739146935746,1.0242258486310418,531.7615866661072,0.0
14,waypoint_67,-30.0,0.5832395638957755,-0.6888739146935746,1.0242258486310418,420.7001030445099,0.0
0,waypoint_67,-15.0,0.5832395638957755,-0.6888739146935746,1.0242258486310418,4441.220760345459,0.0
1,waypoint_67,-15.0,0.5832395638957755,-0.6888739146935746,1.0242258486310418,3158.390998840332,0.0
2,waypoint_67,-15.0,0.5832395638957755,-0.6888739146935746,1.0242258486310418,2672.3721027374268,0.0
3,waypoint_67,-15.0,0.5832395638957755,-0.6888739146935746,1.0242258486310418,1063.3734464645386,0.0
4,waypoint_67,-15.0,0.5832395638957755,-0.6888739146935746,1.0242258486310418,1061.503291130066,0.0
5,waypoint_67,-15.0,0.5832395638957755,-0.6888739146935746,1.0242258486310418,2056.536912918091,0.0
6,waypoint_67,-15.0,0.5832395638957755,-0.6888739146935746,1.0242258486310418,1391.420602798462,0.0
7,waypoint_67,-15.0,0.5832395638957755,-0.6888739146935746,1.0242258486310418,1581.2731981277466,0.0
8,waypoint_67,-15.0,0.5832395638957755,-0.6888739146935746,1.0242258486310418,627.6272535324097,0.0
9,waypoint_67,-15.0,0.5832395638957755,-0.6888739146935746,1.0242258486310418,583.3914875984192,0.0
10,waypoint_67,-15.0,0.5832395638957755,-0.6888739146935746,1.0242258486310418,437.12207674980164,0.0
11,waypoint_67,-15.0,0.5832395638957755,-0.6888739146935746,1.0242258486310418,436.6929531097412,0.0
12,waypoint_67,-15.0,0.5832395638957755,-0.6888739146935746,1.0242258486310418,516.2939429283142,0.0
13,waypoint_67,-15.0,0.5832395638957755,-0.6888739146935746,1.0242258486310418,527.6244282722473,0.0
14,waypoint_67,-15.0,0.5832395638957755,-0.6888739146935746,1.0242258486310418,412.7295911312103,0.0
0,waypoint_67,0.0,0.5832395638957755,-0.6888739146935746,1.0242258486310418,4471.250057220459,0.0
1,waypoint_67,0.0,0.5832395638957755,-0.6888739146935746,1.0242258486310418,3160.6361865997314,0.0
2,waypoint_67,0.0,0.5832395638957755,-0.6888739146935746,1.0242258486310418,2867.5472736358643,0.0
3,waypoint_67,0.0,0.5832395638957755,-0.6888739146935746,1.0242258486310418,1103.416085243225,0.0
4,waypoint_67,0.0,0.5832395638957755,-0.6888739146935746,1.0242258486310418,1061.7977380752563,0.0
5,waypoint_67,0.0,0.5832395638957755,-0.6888739146935746,1.0242258486310418,1978.935956954956,0.0
6,waypoint_67,0.0,0.5832395638957755,-0.6888739146935746,1.0242258486310418,1217.185616493225,0.0
7,waypoint_67,0.0,0.5832395638957755,-0.6888739146935746,1.0242258486310418,816.3047432899475,0.0
8,waypoint_67,0.0,0.5832395638957755,-0.6888739146935746,1.0242258486310418,628.0155777931213,0.0
9,waypoint_67,0.0,0.5832395638957755,-0.6888739146935746,1.0242258486310418,583.4068655967712,0.0
10,waypoint_67,0.0,0.5832395638957755,-0.6888739146935746,1.0242258486310418,464.4198417663574,0.0
11,waypoint_67,0.0,0.5832395638957755,-0.6888739146935746,1.0242258486310418,437.449187040329,0.0
12,waypoint_67,0.0,0.5832395638957755,-0.6888739146935746,1.0242258486310418,473.43504428863525,0.0
13,waypoint_67,0.0,0.5832395638957755,-0.6888739146935746,1.0242258486310418,538.5527610778809,0.0
14,waypoint_67,0.0,0.5832395638957755,-0.6888739146935746,1.0242258486310418,453.5098969936371,0.0
0,waypoint_67,15.0,0.5832395638957755,-0.6888739146935746,1.0242258486310418,4519.856929779053,0.0
1,waypoint_67,15.0,0.5832395638957755,-0.6888739146935746,1.0242258486310418,3164.428472518921,0.0
2,waypoint_67,15.0,0.5832395638957755,-0.6888739146935746,1.0242258486310418,2848.04630279541,0.0
3,waypoint_67,15.0,0.5832395638957755,-0.6888739146935746,1.0242258486310418,1067.5182342529297,0.0
4,waypoint_67,15.0,0.5832395638957755,-0.6888739146935746,1.0242258486310418,1061.9059801101685,0.0
5,waypoint_67,15.0,0.5832395638957755,-0.6888739146935746,1.0242258486310418,1436.2846612930298,0.0
6,waypoint_67,15.0,0.5832395638957755,-0.6888739146935746,1.0242258486310418,1276.179552078247,0.0
7,waypoint_67,15.0,0.5832395638957755,-0.6888739146935746,1.0242258486310418,1180.320143699646,0.0
8,waypoint_67,15.0,0.5832395638957755,-0.6888739146935746,1.0242258486310418,619.3996667861938,0.0
9,waypoint_67,15.0,0.5832395638957755,-0.6888739146935746,1.0242258486310418,594.9931144714355,0.0
10,waypoint_67,15.0,0.5832395638957755,-0.6888739146935746,1.0242258486310418,404.5431613922119,0.0
11,waypoint_67,15.0,0.5832395638957755,-0.6888739146935746,1.0242258486310418,429.5620322227478,0.0
12,waypoint_67,15.0,0.5832395638957755,-0.6888739146935746,1.0242258486310418,602.510929107666,0.0
13,waypoint_67,15.0,0.5832395638957755,-0.6888739146935746,1.0242258486310418,586.7704749107361,0.0
14,waypoint_67,15.0,0.5832395638957755,-0.6888739146935746,1.0242258486310418,456.9839835166931,0.0
0,waypoint_67,30.0,0.5832395638957755,-0.6888739146935746,1.0242258486310418,4534.0142250061035,0.0
1,waypoint_67,30.0,0.5832395638957755,-0.6888739146935746,1.0242258486310418,3168.680191040039,0.0
2,waypoint_67,30.0,0.5832395638957755,-0.6888739146935746,1.0242258486310418,2773.2977867126465,0.0
3,waypoint_67,30.0,0.5832395638957755,-0.6888739146935746,1.0242258486310418,1028.3457040786743,0.0
4,waypoint_67,30.0,0.5832395638957755,-0.6888739146935746,1.0242258486310418,1061.9438886642456,0.0
5,waypoint_67,30.0,0.5832395638957755,-0.6888739146935746,1.0242258486310418,1523.6998796463013,0.0
6,waypoint_67,30.0,0.5832395638957755,-0.6888739146935746,1.0242258486310418,1244.9694871902466,0.0
7,waypoint_67,30.0,0.5832395638957755,-0.6888739146935746,1.0242258486310418,1162.560224533081,0.0
8,waypoint_67,30.0,0.5832395638957755,-0.6888739146935746,1.0242258486310418,607.8749895095825,0.0
9,waypoint_67,30.0,0.5832395638957755,-0.6888739146935746,1.0242258486310418,580.5490016937256,0.0
10,waypoint_67,30.0,0.5832395638957755,-0.6888739146935746,1.0242258486310418,389.488160610199,0.0
11,waypoint_67,30.0,0.5832395638957755,-0.6888739146935746,1.0242258486310418,418.1370139122009,0.0
12,waypoint_67,30.0,0.5832395638957755,-0.6888739146935746,1.0242258486310418,637.5162601470947,0.0
13,waypoint_67,30.0,0.5832395638957755,-0.6888739146935746,1.0242258486310418,620.8578944206238,0.0
14,waypoint_67,30.0,0.5832395638957755,-0.6888739146935746,1.0242258486310418,504.86499071121216,0.0
0,waypoint_68,30.0,0.6032395638957753,-0.6888739146935746,1.0242258486310418,4532.133102416992,0.0
1,waypoint_68,30.0,0.6032395638957753,-0.6888739146935746,1.0242258486310418,3171.088457107544,0.0
2,waypoint_68,30.0,0.6032395638957753,-0.6888739146935746,1.0242258486310418,2789.980411529541,0.0
3,waypoint_68,30.0,0.6032395638957753,-0.6888739146935746,1.0242258486310418,1017.8613662719727,0.0
4,waypoint_68,30.0,0.6032395638957753,-0.6888739146935746,1.0242258486310418,1042.4286127090454,0.0
5,waypoint_68,30.0,0.6032395638957753,-0.6888739146935746,1.0242258486310418,1517.6337957382202,0.0
6,waypoint_68,30.0,0.6032395638957753,-0.6888739146935746,1.0242258486310418,1271.8349695205688,0.0
7,waypoint_68,30.0,0.6032395638957753,-0.6888739146935746,1.0242258486310418,1146.885871887207,0.0
8,waypoint_68,30.0,0.6032395638957753,-0.6888739146935746,1.0242258486310418,628.4649968147278,0.0
9,waypoint_68,30.0,0.6032395638957753,-0.6888739146935746,1.0242258486310418,600.7403135299683,0.0
10,waypoint_68,30.0,0.6032395638957753,-0.6888739146935746,1.0242258486310418,423.2653081417084,0.0
11,waypoint_68,30.0,0.6032395638957753,-0.6888739146935746,1.0242258486310418,400.1099467277527,0.0
12,waypoint_68,30.0,0.6032395638957753,-0.6888739146935746,1.0242258486310418,658.6908102035522,0.0
13,waypoint_68,30.0,0.6032395638957753,-0.6888739146935746,1.0242258486310418,640.1216387748718,0.0
14,waypoint_68,30.0,0.6032395638957753,-0.6888739146935746,1.0242258486310418,523.2328176498413,0.0
0,waypoint_68,15.0,0.6032395638957753,-0.6888739146935746,1.0242258486310418,4513.7038230896,0.0
1,waypoint_68,15.0,0.6032395638957753,-0.6888739146935746,1.0242258486310418,3166.8860912323,0.0
2,waypoint_68,15.0,0.6032395638957753,-0.6888739146935746,1.0242258486310418,2835.411548614502,0.0
3,waypoint_68,15.0,0.6032395638957753,-0.6888739146935746,1.0242258486310418,1080.0093412399292,0.0
4,waypoint_68,15.0,0.6032395638957753,-0.6888739146935746,1.0242258486310418,1042.388677597046,0.0
5,waypoint_68,15.0,0.6032395638957753,-0.6888739146935746,1.0242258486310418,1430.3641319274902,0.0
6,waypoint_68,15.0,0.6032395638957753,-0.6888739146935746,1.0242258486310418,1235.228180885315,0.0
7,waypoint_68,15.0,0.6032395638957753,-0.6888739146935746,1.0242258486310418,1239.5590543746948,0.0
8,waypoint_68,15.0,0.6032395638957753,-0.6888739146935746,1.0242258486310418,639.8782134056091,0.0
9,waypoint_68,15.0,0.6032395638957753,-0.6888739146935746,1.0242258486310418,616.4536476135254,0.0
10,waypoint_68,15.0,0.6032395638957753,-0.6888739146935746,1.0242258486310418,456.60996437072754,0.0
11,waypoint_68,15.0,0.6032395638957753,-0.6888739146935746,1.0242258486310418,418.2509183883667,0.0
12,waypoint_68,15.0,0.6032395638957753,-0.6888739146935746,1.0242258486310418,629.1014552116394,0.0
13,waypoint_68,15.0,0.6032395638957753,-0.6888739146935746,1.0242258486310418,620.0750470161438,0.0
14,waypoint_68,15.0,0.6032395638957753,-0.6888739146935746,1.0242258486310418,508.28731060028076,0.0
0,waypoint_68,0.0,0.6032395638957753,-0.6888739146935746,1.0242258486310418,4470.57580947876,0.0
1,waypoint_68,0.0,0.6032395638957753,-0.6888739146935746,1.0242258486310418,3163.1972789764404,0.0
2,waypoint_68,0.0,0.6032395638957753,-0.6888739146935746,1.0242258486310418,2782.2093963623047,0.0
3,waypoint_68,0.0,0.6032395638957753,-0.6888739146935746,1.0242258486310418,1097.2574949264526,0.0
4,waypoint_68,0.0,0.6032395638957753,-0.6888739146935746,1.0242258486310418,1042.2660112380981,0.0
5,waypoint_68,0.0,0.6032395638957753,-0.6888739146935746,1.0242258486310418,1582.7735662460327,0.0
6,waypoint_68,0.0,0.6032395638957753,-0.6888739146935746,1.0242258486310418,1216.9570922851562,0.0
7,waypoint_68,0.0,0.6032395638957753,-0.6888739146935746,1.0242258486310418,1236.029028892517,0.0
8,waypoint_68,0.0,0.6032395638957753,-0.6888739146935746,1.0242258486310418,627.4805665016174,0.0
9,waypoint_68,0.0,0.6032395638957753,-0.6888739146935746,1.0242258486310418,605.6451797485352,0.0
10,waypoint_68,0.0,0.6032395638957753,-0.6888739146935746,1.0242258486310418,457.03694224357605,0.0
11,waypoint_68,0.0,0.6032395638957753,-0.6888739146935746,1.0242258486310418,417.73146390914917,0.0
12,waypoint_68,0.0,0.6032395638957753,-0.6888739146935746,1.0242258486310418,562.4093413352966,0.0
13,waypoint_68,0.0,0.6032395638957753,-0.6888739146935746,1.0242258486310418,555.1806688308716,0.0
14,waypoint_68,0.0,0.6032395638957753,-0.6888739146935746,1.0242258486310418,471.3244438171387,0.0
0,waypoint_68,-15.0,0.6032395638957753,-0.6888739146935746,1.0242258486310418,4520.3537940979,0.0
1,waypoint_68,-15.0,0.6032395638957753,-0.6888739146935746,1.0242258486310418,3161.0946655273438,0.0
2,waypoint_68,-15.0,0.6032395638957753,-0.6888739146935746,1.0242258486310418,2683.699369430542,0.0
3,waypoint_68,-15.0,0.6032395638957753,-0.6888739146935746,1.0242258486310418,999.4298219680786,0.0
4,waypoint_68,-15.0,0.6032395638957753,-0.6888739146935746,1.0242258486310418,1042.0490503311157,0.0
5,waypoint_68,-15.0,0.6032395638957753,-0.6888739146935746,1.0242258486310418,2055.1278591156006,0.0
6,waypoint_68,-15.0,0.6032395638957753,-0.6888739146935746,1.0242258486310418,1191.5662288665771,0.0
7,waypoint_68,-15.0,0.6032395638957753,-0.6888739146935746,1.0242258486310418,1339.5119905471802,0.0
8,waypoint_68,-15.0,0.6032395638957753,-0.6888739146935746,1.0242258486310418,627.3137331008911,0.0
9,waypoint_68,-15.0,0.6032395638957753,-0.6888739146935746,1.0242258486310418,604.9420237541199,0.0
10,waypoint_68,-15.0,0.6032395638957753,-0.6888739146935746,1.0242258486310418,456.6698968410492,0.0
11,waypoint_68,-15.0,0.6032395638957753,-0.6888739146935746,1.0242258486310418,417.7264869213104,0.0
12,waypoint_68,-15.0,0.6032395638957753,-0.6888739146935746,1.0242258486310418,526.4112949371338,0.0
13,waypoint_68,-15.0,0.6032395638957753,-0.6888739146935746,1.0242258486310418,544.8407530784607,0.0
14,waypoint_68,-15.0,0.6032395638957753,-0.6888739146935746,1.0242258486310418,433.32377076148987,0.0
0,waypoint_68,-30.0,0.6032395638957753,-0.6888739146935746,1.0242258486310418,4520.171642303467,0.0
1,waypoint_68,-30.0,0.6032395638957753,-0.6888739146935746,1.0242258486310418,3161.515474319458,0.0
2,waypoint_68,-30.0,0.6032395638957753,-0.6888739146935746,1.0242258486310418,2700.880527496338,0.0
3,waypoint_68,-30.0,0.6032395638957753,-0.6888739146935746,1.0242258486310418,859.3707084655762,0.0
4,waypoint_68,-30.0,0.6032395638957753,-0.6888739146935746,1.0242258486310418,1041.9617891311646,0.0
5,waypoint_68,-30.0,0.6032395638957753,-0.6888739146935746,1.0242258486310418,2088.636636734009,0.0
6,waypoint_68,-30.0,0.6032395638957753,-0.6888739146935746,1.0242258486310418,1074.2213726043701,0.0
7,waypoint_68,-30.0,0.6032395638957753,-0.6888739146935746,1.0242258486310418,1147.434115409851,0.0
8,waypoint_68,-30.0,0.6032395638957753,-0.6888739146935746,1.0242258486310418,627.1534562110901,0.0
9,waypoint_68,-30.0,0.6032395638957753,-0.6888739146935746,1.0242258486310418,602.7287840843201,0.0
10,waypoint_68,-30.0,0.6032395638957753,-0.6888739146935746,1.0242258486310418,457.37817883491516,0.0
11,waypoint_68,-30.0,0.6032395638957753,-0.6888739146935746,1.0242258486310418,417.603075504303,0.0
12,waypoint_68,-30.0,0.6032395638957753,-0.6888739146935746,1.0242258486310418,495.7328736782074,0.0
13,waypoint_68,-30.0,0.6032395638957753,-0.6888739146935746,1.0242258486310418,549.4336485862732,0.0
14,waypoint_68,-30.0,0.6032395638957753,-0.6888739146935746,1.0242258486310418,434.2656433582306,0.0
0,waypoint_69,-30.0,0.6232395638957755,-0.6888739146935746,1.0242258486310418,4476.194381713867,0.0
1,waypoint_69,-30.0,0.6232395638957755,-0.6888739146935746,1.0242258486310418,3164.5052433013916,0.0
2,waypoint_69,-30.0,0.6232395638957755,-0.6888739146935746,1.0242258486310418,2654.845952987671,0.0
3,waypoint_69,-30.0,0.6232395638957755,-0.6888739146935746,1.0242258486310418,845.2659845352173,0.0
4,waypoint_69,-30.0,0.6232395638957755,-0.6888739146935746,1.0242258486310418,1022.5328207015991,0.0
5,waypoint_69,-30.0,0.6232395638957755,-0.6888739146935746,1.0242258486310418,2087.1057510375977,0.0
6,waypoint_69,-30.0,0.6232395638957755,-0.6888739146935746,1.0242258486310418,1368.9790964126587,0.0
7,waypoint_69,-30.0,0.6232395638957755,-0.6888739146935746,1.0242258486310418,1067.778468132019,0.0
8,waypoint_69,-30.0,0.6232395638957755,-0.6888739146935746,1.0242258486310418,646.6675996780396,0.0
9,waypoint_69,-30.0,0.6232395638957755,-0.6888739146935746,1.0242258486310418,621.1739778518677,0.0
10,waypoint_69,-30.0,0.6232395638957755,-0.6888739146935746,1.0242258486310418,390.9449279308319,0.0
11,waypoint_69,-30.0,0.6232395638957755,-0.6888739146935746,1.0242258486310418,361.383855342865,0.0
12,waypoint_69,-30.0,0.6232395638957755,-0.6888739146935746,1.0242258486310418,473.65960478782654,0.0
13,waypoint_69,-30.0,0.6232395638957755,-0.6888739146935746,1.0242258486310418,544.420599937439,0.0
14,waypoint_69,-30.0,0.6232395638957755,-0.6888739146935746,1.0242258486310418,444.2322254180908,0.0
0,waypoint_69,-15.0,0.6232395638957755,-0.6888739146935746,1.0242258486310418,4499.015808105469,0.0
1,waypoint_69,-15.0,0.6232395638957755,-0.6888739146935746,1.0242258486310418,3163.907766342163,0.0
2,waypoint_69,-15.0,0.6232395638957755,-0.6888739146935746,1.0242258486310418,2650.425910949707,0.0
3,waypoint_69,-15.0,0.6232395638957755,-0.6888739146935746,1.0242258486310418,1007.1345567703247,0.0
4,waypoint_69,-15.0,0.6232395638957755,-0.6888739146935746,1.0242258486310418,1022.608757019043,0.0
5,waypoint_69,-15.0,0.6232395638957755,-0.6888739146935746,1.0242258486310418,2049.611806869507,0.0
6,waypoint_69,-15.0,0.6232395638957755,-0.6888739146935746,1.0242258486310418,1351.6230583190918,0.0
7,waypoint_69,-15.0,0.6232395638957755,-0.6888739146935746,1.0242258486310418,1479.5669317245483,0.0
8,waypoint_69,-15.0,0.6232395638957755,-0.6888739146935746,1.0242258486310418,646.8058824539185,0.0
9,waypoint_69,-15.0,0.6232395638957755,-0.6888739146935746,1.0242258486310418,621.2698817253113,0.0
10,waypoint_69,-15.0,0.6232395638957755,-0.6888739146935746,1.0242258486310418,426.4959990978241,0.0
11,waypoint_69,-15.0,0.6232395638957755,-0.6888739146935746,1.0242258486310418,387.7350389957428,0.0
12,waypoint_69,-15.0,0.6232395638957755,-0.6888739146935746,1.0242258486310418,454.0972113609314,0.0
13,waypoint_69,-15.0,0.6232395638957755,-0.6888739146935746,1.0242258486310418,557.1725964546204,0.0
14,waypoint_69,-15.0,0.6232395638957755,-0.6888739146935746,1.0242258486310418,430.82377314567566,0.0
0,waypoint_69,0.0,0.6232395638957755,-0.6888739146935746,1.0242258486310418,4519.986152648926,0.0
1,waypoint_69,0.0,0.6232395638957755,-0.6888739146935746,1.0242258486310418,3165.865421295166,0.0
2,waypoint_69,0.0,0.6232395638957755,-0.6888739146935746,1.0242258486310418,2816.932439804077,0.0
3,waypoint_69,0.0,0.6232395638957755,-0.6888739146935746,1.0242258486310418,1030.4232835769653,0.0
4,waypoint_69,0.0,0.6232395638957755,-0.6888739146935746,1.0242258486310418,1022.8413343429565,0.0
5,waypoint_69,0.0,0.6232395638957755,-0.6888739146935746,1.0242258486310418,1623.7818002700806,0.0
6,waypoint_69,0.0,0.6232395638957755,-0.6888739146935746,1.0242258486310418,1212.411880493164,0.0
7,waypoint_69,0.0,0.6232395638957755,-0.6888739146935746,1.0242258486310418,1230.0323247909546,0.0
8,waypoint_69,0.0,0.6232395638957755,-0.6888739146935746,1.0242258486310418,646.6251611709595,0.0
9,waypoint_69,0.0,0.6232395638957755,-0.6888739146935746,1.0242258486310418,621.7098832130432,0.0
10,waypoint_69,0.0,0.6232395638957755,-0.6888739146935746,1.0242258486310418,455.79472184181213,0.0
11,waypoint_69,0.0,0.6232395638957755,-0.6888739146935746,1.0242258486310418,422.95897006988525,0.0
12,waypoint_69,0.0,0.6232395638957755,-0.6888739146935746,1.0242258486310418,453.6954164505005,0.0
13,waypoint_69,0.0,0.6232395638957755,-0.6888739146935746,1.0242258486310418,568.0204033851624,0.0
14,waypoint_69,0.0,0.6232395638957755,-0.6888739146935746,1.0242258486310418,435.75718998908997,0.0
0,waypoint_69,15.0,0.6232395638957755,-0.6888739146935746,1.0242258486310418,4523.728370666504,0.0
1,waypoint_69,15.0,0.6232395638957755,-0.6888739146935746,1.0242258486310418,3169.4560050964355,0.0
2,waypoint_69,15.0,0.6232395638957755,-0.6888739146935746,1.0242258486310418,2789.522171020508,0.0
3,waypoint_69,15.0,0.6232395638957755,-0.6888739146935746,1.0242258486310418,1052.8297424316406,0.0
4,waypoint_69,15.0,0.6232395638957755,-0.6888739146935746,1.0242258486310418,1022.9388475418091,0.0
5,waypoint_69,15.0,0.6232395638957755,-0.6888739146935746,1.0242258486310418,1424.6431589126587,0.0
6,waypoint_69,15.0,0.6232395638957755,-0.6888739146935746,1.0242258486310418,1217.8759574890137,0.0
7,waypoint_69,15.0,0.6232395638957755,-0.6888739146935746,1.0242258486310418,1187.7919435501099,0.0
8,waypoint_69,15.0,0.6232395638957755,-0.6888739146935746,1.0242258486310418,663.115382194519,0.0
9,waypoint_69,15.0,0.6232395638957755,-0.6888739146935746,1.0242258486310418,634.1915130615234,0.0
10,waypoint_69,15.0,0.6232395638957755,-0.6888739146935746,1.0242258486310418,483.41044783592224,0.0
11,waypoint_69,15.0,0.6232395638957755,-0.6888739146935746,1.0242258486310418,414.33802247047424,0.0
12,waypoint_69,15.0,0.6232395638957755,-0.6888739146935746,1.0242258486310418,451.523095369339,0.0
13,waypoint_69,15.0,0.6232395638957755,-0.6888739146935746,1.0242258486310418,626.9652247428894,0.0
14,waypoint_69,15.0,0.6232395638957755,-0.6888739146935746,1.0242258486310418,496.8303143978119,0.0
0,waypoint_69,30.0,0.6232395638957755,-0.6888739146935746,1.0242258486310418,4570.916175842285,0.0
1,waypoint_69,30.0,0.6232395638957755,-0.6888739146935746,1.0242258486310418,3173.602342605591,0.0
2,waypoint_69,30.0,0.6232395638957755,-0.6888739146935746,1.0242258486310418,2838.574171066284,0.0
3,waypoint_69,30.0,0.6232395638957755,-0.6888739146935746,1.0242258486310418,1025.9904861450195,0.0
4,waypoint_69,30.0,0.6232395638957755,-0.6888739146935746,1.0242258486310418,1022.9259729385376,0.0
5,waypoint_69,30.0,0.6232395638957755,-0.6888739146935746,1.0242258486310418,1511.723518371582,0.0
6,waypoint_69,30.0,0.6232395638957755,-0.6888739146935746,1.0242258486310418,1248.9686012268066,0.0
7,waypoint_69,30.0,0.6232395638957755,-0.6888739146935746,1.0242258486310418,1060.082197189331,0.0
8,waypoint_69,30.0,0.6232395638957755,-0.6888739146935746,1.0242258486310418,649.4038701057434,0.0
9,waypoint_69,30.0,0.6232395638957755,-0.6888739146935746,1.0242258486310418,621.1398243904114,0.0
10,waypoint_69,30.0,0.6232395638957755,-0.6888739146935746,1.0242258486310418,497.71326780319214,0.0
11,waypoint_69,30.0,0.6232395638957755,-0.6888739146935746,1.0242258486310418,406.77282214164734,0.0
12,waypoint_69,30.0,0.6232395638957755,-0.6888739146935746,1.0242258486310418,450.4631459712982,0.0
13,waypoint_69,30.0,0.6232395638957755,-0.6888739146935746,1.0242258486310418,662.4988317489624,0.0
14,waypoint_69,30.0,0.6232395638957755,-0.6888739146935746,1.0242258486310418,537.6602411270142,0.0
0,waypoint_70,30.0,0.6432395638957753,-0.6888739146935746,1.0242258486310418,4587.671756744385,0.0
1,waypoint_70,30.0,0.6432395638957753,-0.6888739146935746,1.0242258486310418,3176.2211322784424,0.0
2,waypoint_70,30.0,0.6432395638957753,-0.6888739146935746,1.0242258486310418,2733.527898788452,0.0
3,waypoint_70,30.0,0.6432395638957753,-0.6888739146935746,1.0242258486310418,1002.0041465759277,0.0
4,waypoint_70,30.0,0.6432395638957753,-0.6888739146935746,1.0242258486310418,1003.4395456314087,0.0
5,waypoint_70,30.0,0.6432395638957753,-0.6888739146935746,1.0242258486310418,1506.0762166976929,0.0
6,waypoint_70,30.0,0.6432395638957753,-0.6888739146935746,1.0242258486310418,1257.738471031189,0.0
7,waypoint_70,30.0,0.6432395638957753,-0.6888739146935746,1.0242258486310418,1048.2499599456787,0.0
8,waypoint_70,30.0,0.6432395638957753,-0.6888739146935746,1.0242258486310418,670.1757311820984,0.0
9,waypoint_70,30.0,0.6432395638957753,-0.6888739146935746,1.0242258486310418,641.6165828704834,0.0
10,waypoint_70,30.0,0.6432395638957753,-0.6888739146935746,1.0242258486310418,520.4763412475586,0.0
11,waypoint_70,30.0,0.6432395638957753,-0.6888739146935746,1.0242258486310418,413.7479066848755,0.0
12,waypoint_70,30.0,0.6432395638957753,-0.6888739146935746,1.0242258486310418,437.87822127342224,0.0
13,waypoint_70,30.0,0.6432395638957753,-0.6888739146935746,1.0242258486310418,681.9376945495605,0.0
14,waypoint_70,30.0,0.6432395638957753,-0.6888739146935746,1.0242258486310418,556.4519762992859,0.0
0,waypoint_70,15.0,0.6432395638957753,-0.6888739146935746,1.0242258486310418,4544.403553009033,0.0
1,waypoint_70,15.0,0.6432395638957753,-0.6888739146935746,1.0242258486310418,3172.1291542053223,0.0
2,waypoint_70,15.0,0.6432395638957753,-0.6888739146935746,1.0242258486310418,2798.0544567108154,0.0
3,waypoint_70,15.0,0.6432395638957753,-0.6888739146935746,1.0242258486310418,1036.4038944244385,0.0
4,waypoint_70,15.0,0.6432395638957753,-0.6888739146935746,1.0242258486310418,1003.4611225128174,0.0
5,waypoint_70,15.0,0.6432395638957753,-0.6888739146935746,1.0242258486310418,1419.1150665283203,0.0
6,waypoint_70,15.0,0.6432395638957753,-0.6888739146935746,1.0242258486310418,1185.9854459762573,0.0
7,waypoint_70,15.0,0.6432395638957753,-0.6888739146935746,1.0242258486310418,1169.3332195281982,0.0
8,waypoint_70,15.0,0.6432395638957753,-0.6888739146935746,1.0242258486310418,685.5219602584839,0.0
9,waypoint_70,15.0,0.6432395638957753,-0.6888739146935746,1.0242258486310418,651.6243815422058,0.0
10,waypoint_70,15.0,0.6432395638957753,-0.6888739146935746,1.0242258486310418,507.48521089553833,0.0
11,waypoint_70,15.0,0.6432395638957753,-0.6888739146935746,1.0242258486310418,412.88092732429504,0.0
12,waypoint_70,15.0,0.6432395638957753,-0.6888739146935746,1.0242258486310418,434.4542324542999,0.0
13,waypoint_70,15.0,0.6432395638957753,-0.6888739146935746,1.0242258486310418,654.3468236923218,0.0
14,waypoint_70,15.0,0.6432395638957753,-0.6888739146935746,1.0242258486310418,549.5635271072388,0.0
0,waypoint_70,0.0,0.6432395638957753,-0.6888739146935746,1.0242258486310418,4524.6405601501465,0.0
1,waypoint_70,0.0,0.6432395638957753,-0.6888739146935746,1.0242258486310418,3168.639659881592,0.0
2,waypoint_70,0.0,0.6432395638957753,-0.6888739146935746,1.0242258486310418,2769.3967819213867,0.0
3,waypoint_70,0.0,0.6432395638957753,-0.6888739146935746,1.0242258486310418,1017.38440990448,0.0
4,waypoint_70,0.0,0.6432395638957753,-0.6888739146935746,1.0242258486310418,1003.4047365188599,0.0
5,waypoint_70,0.0,0.6432395638957753,-0.6888739146935746,1.0242258486310418,1621.2416887283325,0.0
6,waypoint_70,0.0,0.6432395638957753,-0.6888739146935746,1.0242258486310418,1174.4706630706787,0.0
7,waypoint_70,0.0,0.6432395638957753,-0.6888739146935746,1.0242258486310418,1203.2607793807983,0.0
8,waypoint_70,0.0,0.6432395638957753,-0.6888739146935746,1.0242258486310418,670.8535552024841,0.0
9,waypoint_70,0.0,0.6432395638957753,-0.6888739146935746,1.0242258486310418,640.6823992729187,0.0
10,waypoint_70,0.0,0.6432395638957753,-0.6888739146935746,1.0242258486310418,506.1124563217163,0.0
11,waypoint_70,0.0,0.6432395638957753,-0.6888739146935746,1.0242258486310418,438.35628032684326,0.0
12,waypoint_70,0.0,0.6432395638957753,-0.6888739146935746,1.0242258486310418,424.79148507118225,0.0
13,waypoint_70,0.0,0.6432395638957753,-0.6888739146935746,1.0242258486310418,590.6069874763489,0.0
14,waypoint_70,0.0,0.6432395638957753,-0.6888739146935746,1.0242258486310418,495.01684308052063,0.0
0,waypoint_70,-15.0,0.6432395638957753,-0.6888739146935746,1.0242258486310418,4534.762859344482,0.0
1,waypoint_70,-15.0,0.6432395638957753,-0.6888739146935746,1.0242258486310418,3166.8336391448975,0.0
2,waypoint_70,-15.0,0.6432395638957753,-0.6888739146935746,1.0242258486310418,2638.8862133026123,0.0
3,waypoint_70,-15.0,0.6432395638957753,-0.6888739146935746,1.0242258486310418,1002.4757385253906,0.0
4,waypoint_70,-15.0,0.6432395638957753,-0.6888739146935746,1.0242258486310418,1003.180742263794,0.0
5,waypoint_70,-15.0,0.6432395638957753,-0.6888739146935746,1.0242258486310418,2053.16424369812,0.0
6,waypoint_70,-15.0,0.6432395638957753,-0.6888739146935746,1.0242258486310418,1193.6005353927612,0.0
7,waypoint_70,-15.0,0.6432395638957753,-0.6888739146935746,1.0242258486310418,1314.4657611846924,0.0
8,waypoint_70,-15.0,0.6432395638957753,-0.6888739146935746,1.0242258486310418,670.6841588020325,0.0
9,waypoint_70,-15.0,0.6432395638957753,-0.6888739146935746,1.0242258486310418,639.9528980255127,0.0
10,waypoint_70,-15.0,0.6432395638957753,-0.6888739146935746,1.0242258486310418,503.34399938583374,0.0
11,waypoint_70,-15.0,0.6432395638957753,-0.6888739146935746,1.0242258486310418,437.818706035614,0.0
12,waypoint_70,-15.0,0.6432395638957753,-0.6888739146935746,1.0242258486310418,424.3268668651581,0.0
13,waypoint_70,-15.0,0.6432395638957753,-0.6888739146935746,1.0242258486310418,577.3156881332397,0.0
14,waypoint_70,-15.0,0.6432395638957753,-0.6888739146935746,1.0242258486310418,471.3956415653229,0.0
0,waypoint_70,-30.0,0.6432395638957753,-0.6888739146935746,1.0242258486310418,4525.206565856934,0.0
1,waypoint_70,-30.0,0.6432395638957753,-0.6888739146935746,1.0242258486310418,3167.609691619873,0.0
2,waypoint_70,-30.0,0.6432395638957753,-0.6888739146935746,1.0242258486310418,2682.7192306518555,0.0
3,waypoint_70,-30.0,0.6432395638957753,-0.6888739146935746,1.0242258486310418,833.6788415908813,0.0
4,waypoint_70,-30.0,0.6432395638957753,-0.6888739146935746,1.0242258486310418,1003.0566453933716,0.0
5,waypoint_70,-30.0,0.6432395638957753,-0.6888739146935746,1.0242258486310418,2087.040424346924,0.0
6,waypoint_70,-30.0,0.6432395638957753,-0.6888739146935746,1.0242258486310418,1359.2766523361206,0.0
7,waypoint_70,-30.0,0.6432395638957753,-0.6888739146935746,1.0242258486310418,1082.1130275726318,0.0
8,waypoint_70,-30.0,0.6432395638957753,-0.6888739146935746,1.0242258486310418,670.5694198608398,0.0
9,waypoint_70,-30.0,0.6432395638957753,-0.6888739146935746,1.0242258486310418,639.4122838973999,0.0
10,waypoint_70,-30.0,0.6432395638957753,-0.6888739146935746,1.0242258486310418,500.79238414764404,0.0
11,waypoint_70,-30.0,0.6432395638957753,-0.6888739146935746,1.0242258486310418,432.6975345611572,0.0
12,waypoint_70,-30.0,0.6432395638957753,-0.6888739146935746,1.0242258486310418,423.54816198349,0.0
13,waypoint_70,-30.0,0.6432395638957753,-0.6888739146935746,1.0242258486310418,564.2508268356323,0.0
14,waypoint_70,-30.0,0.6432395638957753,-0.6888739146935746,1.0242258486310418,477.07599401474,0.0
